{"type":"FeatureCollection","features":[{"type":"Feature","geometry":{"type":"MultiPolygon","coordinates":[[[[10.467,46.54],[10.457,46.538],[10.444,46.538],[10.441,46.54],[10.445,46.543],[10.442,46.545],[10.448,46.549],[10.442,46.554],[10.443,46.558],[10.446,46.561],[10.443,46.565],[10.447,46.567],[10.445,46.574],[10.449,46.575],[10.453,46.574],[10.462,46.569],[10.469,46.57],[10.467,46.576],[10.47,46.58],[10.456,46.583],[10.45,46.586],[10.448,46.59],[10.454,46.591],[10.457,46.598],[10.467,46.595],[10.472,46.591],[10.48,46.591],[10.48,46.594],[10.473,46.596],[10.471,46.6],[10.477,46.603],[10.482,46.602],[10.482,46.605],[10.475,46.607],[10.474,46.609],[10.484,46.612],[10.487,46.609],[10.485,46.604],[10.486,46.584],[10.484,46.578],[10.478,46.571],[10.477,46.56],[10.48,46.557],[10.474,46.554],[10.474,46.551],[10.479,46.551],[10.477,46.55],[10.477,46.548],[10.471,46.547],[10.47,46.542],[10.467,46.54]]],[[[10.474,46.609],[10.471,46.608],[10.471,46.61],[10.474,46.609]]],[[[10.4,46.699],[10.394,46.696],[10.388,46.699],[10.385,46.703],[10.381,46.703],[10.367,46.709],[10.366,46.714],[10.362,46.716],[10.352,46.718],[10.357,46.723],[10.355,46.725],[10.356,46.727],[10.36,46.728],[10.366,46.726],[10.384,46.726],[10.384,46.729],[10.382,46.731],[10.376,46.732],[10.373,46.73],[10.365,46.736],[10.371,46.74],[10.37,46.741],[10.357,46.744],[10.349,46.743],[10.341,46.739],[10.334,46.738],[10.325,46.741],[10.318,46.741],[10.317,46.742],[10.321,46.743],[10.325,46.742],[10.323,46.748],[10.325,46.75],[10.328,46.749],[10.332,46.751],[10.332,46.753],[10.331,46.755],[10.321,46.76],[10.32,46.766],[10.314,46.773],[10.317,46.776],[10.326,46.772],[10.336,46.772],[10.336,46.775],[10.331,46.78],[10.337,46.783],[10.34,46.781],[10.353,46.779],[10.354,46.783],[10.351,46.786],[10.357,46.791],[10.36,46.788],[10.358,46.781],[10.366,46.772],[10.364,46.77],[10.364,46.767],[10.388,46.768],[10.389,46.771],[10.385,46.776],[10.389,46.778],[10.398,46.774],[10.402,46.774],[10.414,46.764],[10.404,46.755],[10.41,46.755],[10.413,46.757],[10.412,46.759],[10.414,46.761],[10.416,46.759],[10.415,46.757],[10.418,46.757],[10.418,46.766],[10.421,46.768],[10.427,46.768],[10.422,46.773],[10.425,46.775],[10.429,46.775],[10.43,46.777],[10.422,46.789],[10.416,46.793],[10.416,46.795],[10.406,46.8],[10.405,46.802],[10.406,46.805],[10.404,46.809],[10.414,46.815],[10.42,46.809],[10.423,46.81],[10.426,46.808],[10.433,46.814],[10.446,46.815],[10.449,46.819],[10.446,46.822],[10.44,46.824],[10.45,46.825],[10.452,46.826],[10.452,46.828],[10.451,46.831],[10.446,46.833],[10.446,46.844],[10.448,46.846],[10.451,46.843],[10.458,46.842],[10.464,46.853],[10.469,46.857],[10.471,46.855],[10.471,46.85],[10.467,46.848],[10.467,46.839],[10.46,46.835],[10.46,46.832],[10.457,46.831],[10.456,46.828],[10.456,46.812],[10.452,46.81],[10.452,46.808],[10.449,46.806],[10.449,46.803],[10.428,46.791],[10.432,46.788],[10.431,46.784],[10.438,46.781],[10.438,46.779],[10.441,46.777],[10.441,46.774],[10.444,46.772],[10.443,46.754],[10.44,46.752],[10.433,46.752],[10.416,46.742],[10.413,46.742],[10.403,46.735],[10.418,46.723],[10.418,46.717],[10.415,46.714],[10.414,46.71],[10.408,46.706],[10.401,46.706],[10.4,46.699]]],[[[9.837,46.591],[9.827,46.589],[9.814,46.589],[9.807,46.591],[9.801,46.59],[9.797,46.594],[9.815,46.596],[9.801,46.601],[9.778,46.601],[9.769,46.606],[9.772,46.61],[9.776,46.612],[9.776,46.61],[9.779,46.609],[9.797,46.61],[9.808,46.608],[9.811,46.61],[9.819,46.611],[9.818,46.614],[9.814,46.616],[9.805,46.617],[9.799,46.621],[9.789,46.623],[9.784,46.626],[9.784,46.628],[9.793,46.634],[9.799,46.631],[9.802,46.632],[9.802,46.636],[9.809,46.639],[9.818,46.638],[9.823,46.64],[9.827,46.631],[9.834,46.625],[9.835,46.622],[9.834,46.62],[9.837,46.618],[9.837,46.613],[9.839,46.613],[9.841,46.618],[9.844,46.616],[9.845,46.622],[9.849,46.624],[9.847,46.631],[9.843,46.633],[9.839,46.638],[9.848,46.64],[9.847,46.642],[9.849,46.643],[9.863,46.644],[9.866,46.646],[9.865,46.647],[9.862,46.645],[9.86,46.649],[9.843,46.652],[9.841,46.654],[9.841,46.66],[9.848,46.665],[9.85,46.671],[9.853,46.669],[9.85,46.674],[9.851,46.678],[9.85,46.679],[9.849,46.676],[9.844,46.672],[9.84,46.672],[9.839,46.669],[9.83,46.666],[9.823,46.659],[9.817,46.659],[9.814,46.661],[9.801,46.659],[9.781,46.653],[9.776,46.657],[9.777,46.659],[9.791,46.667],[9.8,46.67],[9.804,46.673],[9.805,46.677],[9.801,46.677],[9.798,46.675],[9.795,46.676],[9.781,46.671],[9.773,46.671],[9.768,46.669],[9.765,46.67],[9.762,46.668],[9.755,46.667],[9.753,46.669],[9.755,46.673],[9.753,46.676],[9.749,46.677],[9.742,46.675],[9.723,46.675],[9.719,46.676],[9.721,46.679],[9.723,46.68],[9.726,46.678],[9.728,46.681],[9.736,46.684],[9.746,46.682],[9.746,46.685],[9.749,46.687],[9.753,46.685],[9.759,46.685],[9.762,46.687],[9.763,46.692],[9.761,46.698],[9.766,46.7],[9.769,46.696],[9.768,46.693],[9.771,46.693],[9.773,46.695],[9.776,46.694],[9.779,46.689],[9.773,46.684],[9.779,46.683],[9.782,46.687],[9.798,46.685],[9.806,46.686],[9.806,46.688],[9.801,46.69],[9.796,46.695],[9.796,46.698],[9.794,46.7],[9.806,46.701],[9.808,46.706],[9.806,46.708],[9.803,46.707],[9.797,46.711],[9.801,46.713],[9.792,46.722],[9.791,46.727],[9.794,46.728],[9.802,46.724],[9.806,46.724],[9.808,46.726],[9.81,46.729],[9.802,46.733],[9.803,46.735],[9.814,46.735],[9.811,46.74],[9.803,46.747],[9.808,46.748],[9.814,46.745],[9.821,46.746],[9.821,46.744],[9.827,46.743],[9.829,46.739],[9.828,46.737],[9.833,46.735],[9.836,46.73],[9.832,46.726],[9.832,46.724],[9.839,46.722],[9.841,46.719],[9.838,46.714],[9.85,46.71],[9.851,46.707],[9.835,46.702],[9.831,46.697],[9.832,46.696],[9.835,46.696],[9.838,46.699],[9.849,46.703],[9.85,46.705],[9.855,46.707],[9.853,46.71],[9.855,46.711],[9.868,46.711],[9.884,46.702],[9.88,46.714],[9.875,46.716],[9.873,46.718],[9.874,46.72],[9.872,46.721],[9.865,46.721],[9.858,46.73],[9.866,46.731],[9.869,46.734],[9.867,46.736],[9.867,46.739],[9.858,46.743],[9.86,46.745],[9.855,46.75],[9.858,46.755],[9.858,46.759],[9.853,46.761],[9.854,46.766],[9.846,46.768],[9.846,46.771],[9.838,46.777],[9.847,46.78],[9.841,46.789],[9.842,46.793],[9.844,46.791],[9.852,46.789],[9.859,46.782],[9.855,46.777],[9.852,46.777],[9.851,46.774],[9.855,46.775],[9.861,46.78],[9.865,46.775],[9.877,46.768],[9.876,46.763],[9.87,46.759],[9.87,46.751],[9.875,46.759],[9.88,46.762],[9.882,46.761],[9.883,46.758],[9.89,46.755],[9.897,46.749],[9.898,46.745],[9.896,46.744],[9.892,46.745],[9.884,46.743],[9.881,46.738],[9.882,46.736],[9.886,46.736],[9.899,46.744],[9.906,46.74],[9.908,46.729],[9.915,46.727],[9.918,46.724],[9.921,46.724],[9.922,46.722],[9.921,46.719],[9.924,46.72],[9.931,46.715],[9.934,46.715],[9.936,46.717],[9.933,46.721],[9.932,46.726],[9.928,46.733],[9.923,46.737],[9.923,46.74],[9.917,46.749],[9.917,46.753],[9.92,46.755],[9.916,46.756],[9.911,46.765],[9.896,46.778],[9.895,46.781],[9.896,46.783],[9.892,46.788],[9.888,46.79],[9.882,46.797],[9.875,46.798],[9.869,46.802],[9.876,46.803],[9.879,46.805],[9.886,46.805],[9.892,46.798],[9.908,46.792],[9.917,46.785],[9.924,46.782],[9.927,46.783],[9.936,46.773],[9.94,46.771],[9.943,46.773],[9.934,46.789],[9.927,46.794],[9.925,46.798],[9.919,46.8],[9.905,46.81],[9.906,46.812],[9.902,46.815],[9.89,46.821],[9.875,46.819],[9.875,46.824],[9.879,46.826],[9.881,46.835],[9.884,46.836],[9.887,46.834],[9.895,46.833],[9.903,46.825],[9.913,46.824],[9.915,46.825],[9.914,46.828],[9.907,46.834],[9.906,46.837],[9.9,46.838],[9.895,46.842],[9.891,46.842],[9.888,46.844],[9.894,46.848],[9.904,46.847],[9.91,46.849],[9.92,46.847],[9.924,46.851],[9.927,46.849],[9.93,46.85],[9.933,46.849],[9.937,46.851],[9.943,46.851],[9.949,46.847],[9.95,46.843],[9.953,46.84],[9.957,46.838],[9.958,46.836],[9.954,46.833],[9.956,46.833],[9.962,46.828],[9.965,46.828],[9.968,46.826],[9.968,46.823],[9.972,46.822],[9.978,46.816],[9.981,46.815],[9.991,46.816],[9.994,46.819],[9.996,46.819],[9.987,46.821],[9.982,46.826],[9.979,46.835],[9.974,46.84],[9.974,46.842],[9.977,46.844],[9.968,46.851],[9.98,46.855],[9.996,46.855],[10.013,46.859],[10.018,46.857],[10.017,46.852],[10.022,46.848],[10.025,46.849],[10.032,46.847],[10.04,46.85],[10.032,46.85],[10.03,46.852],[10.029,46.854],[10.031,46.856],[10.03,46.859],[10.025,46.863],[10.028,46.87],[10.026,46.872],[10.02,46.871],[10.007,46.874],[10.004,46.875],[10.004,46.873],[10.0,46.87],[9.997,46.869],[9.993,46.871],[9.987,46.869],[9.98,46.871],[9.977,46.867],[9.974,46.867],[9.951,46.877],[9.941,46.878],[9.938,46.875],[9.932,46.881],[9.928,46.882],[9.925,46.879],[9.921,46.879],[9.916,46.889],[9.91,46.893],[9.906,46.893],[9.903,46.898],[9.907,46.902],[9.904,46.907],[9.905,46.909],[9.91,46.91],[9.917,46.906],[9.932,46.901],[9.956,46.901],[9.965,46.898],[9.972,46.898],[9.966,46.905],[9.96,46.908],[9.956,46.907],[9.949,46.908],[9.943,46.911],[9.936,46.911],[9.93,46.915],[9.933,46.917],[9.937,46.917],[9.94,46.914],[9.95,46.914],[9.953,46.916],[9.969,46.916],[9.988,46.905],[10.001,46.9],[10.005,46.9],[10.008,46.902],[10.021,46.902],[10.027,46.897],[10.027,46.895],[10.04,46.885],[10.043,46.883],[10.047,46.883],[10.053,46.878],[10.052,46.867],[10.055,46.865],[10.082,46.864],[10.088,46.862],[10.091,46.86],[10.091,46.857],[10.094,46.855],[10.097,46.848],[10.104,46.843],[10.107,46.843],[10.11,46.846],[10.12,46.85],[10.14,46.849],[10.147,46.854],[10.153,46.854],[10.156,46.851],[10.163,46.851],[10.173,46.858],[10.18,46.86],[10.194,46.868],[10.23,46.87],[10.23,46.877],[10.233,46.879],[10.237,46.879],[10.237,46.885],[10.228,46.89],[10.228,46.895],[10.225,46.897],[10.232,46.901],[10.232,46.904],[10.238,46.906],[10.24,46.93],[10.243,46.932],[10.262,46.932],[10.266,46.929],[10.272,46.929],[10.275,46.927],[10.282,46.927],[10.285,46.925],[10.292,46.924],[10.295,46.924],[10.298,46.927],[10.312,46.926],[10.312,46.929],[10.315,46.931],[10.318,46.93],[10.319,46.938],[10.309,46.938],[10.306,46.94],[10.306,46.949],[10.313,46.953],[10.32,46.953],[10.326,46.957],[10.333,46.957],[10.334,46.977],[10.338,46.98],[10.338,46.982],[10.341,46.984],[10.348,46.984],[10.348,46.988],[10.354,46.993],[10.374,46.992],[10.375,46.997],[10.381,47.001],[10.394,47.001],[10.403,46.994],[10.403,46.991],[10.406,46.989],[10.405,46.985],[10.414,46.98],[10.409,46.976],[10.393,46.984],[10.39,46.984],[10.389,46.981],[10.385,46.978],[10.385,46.972],[10.38,46.97],[10.365,46.97],[10.362,46.968],[10.36,46.964],[10.356,46.964],[10.356,46.955],[10.353,46.956],[10.347,46.952],[10.332,46.947],[10.326,46.948],[10.324,46.946],[10.325,46.939],[10.335,46.941],[10.338,46.939],[10.338,46.927],[10.341,46.937],[10.355,46.941],[10.357,46.939],[10.357,46.936],[10.354,46.932],[10.353,46.925],[10.361,46.924],[10.364,46.928],[10.367,46.927],[10.366,46.929],[10.368,46.933],[10.374,46.934],[10.369,46.938],[10.369,46.941],[10.371,46.942],[10.378,46.939],[10.376,46.945],[10.378,46.948],[10.385,46.945],[10.388,46.95],[10.395,46.952],[10.399,46.951],[10.388,46.94],[10.39,46.938],[10.388,46.936],[10.388,46.933],[10.39,46.931],[10.387,46.926],[10.39,46.925],[10.394,46.926],[10.394,46.929],[10.397,46.931],[10.4,46.928],[10.401,46.931],[10.399,46.933],[10.41,46.942],[10.414,46.936],[10.417,46.939],[10.421,46.94],[10.424,46.937],[10.427,46.937],[10.425,46.941],[10.426,46.944],[10.427,46.945],[10.434,46.943],[10.437,46.947],[10.44,46.943],[10.454,46.944],[10.455,46.943],[10.45,46.942],[10.446,46.936],[10.457,46.936],[10.46,46.933],[10.452,46.925],[10.446,46.923],[10.449,46.918],[10.446,46.916],[10.439,46.915],[10.438,46.912],[10.434,46.91],[10.433,46.907],[10.436,46.905],[10.432,46.901],[10.428,46.902],[10.418,46.9],[10.415,46.897],[10.405,46.894],[10.398,46.889],[10.395,46.884],[10.388,46.884],[10.385,46.887],[10.382,46.887],[10.382,46.879],[10.379,46.875],[10.382,46.873],[10.382,46.87],[10.377,46.865],[10.367,46.862],[10.354,46.863],[10.352,46.865],[10.354,46.868],[10.362,46.871],[10.363,46.873],[10.36,46.88],[10.349,46.884],[10.346,46.887],[10.347,46.889],[10.356,46.893],[10.356,46.896],[10.352,46.895],[10.349,46.899],[10.343,46.895],[10.339,46.897],[10.336,46.895],[10.332,46.899],[10.318,46.899],[10.32,46.902],[10.324,46.903],[10.324,46.906],[10.307,46.905],[10.305,46.902],[10.305,46.897],[10.312,46.893],[10.318,46.883],[10.306,46.882],[10.293,46.887],[10.286,46.885],[10.283,46.887],[10.283,46.885],[10.289,46.88],[10.288,46.877],[10.286,46.876],[10.279,46.878],[10.275,46.875],[10.282,46.872],[10.296,46.874],[10.302,46.872],[10.304,46.868],[10.308,46.865],[10.315,46.867],[10.318,46.864],[10.321,46.864],[10.321,46.862],[10.311,46.861],[10.306,46.854],[10.315,46.85],[10.317,46.847],[10.32,46.848],[10.322,46.845],[10.317,46.841],[10.313,46.841],[10.301,46.845],[10.297,46.844],[10.297,46.841],[10.299,46.839],[10.297,46.836],[10.287,46.833],[10.27,46.833],[10.269,46.831],[10.263,46.829],[10.261,46.826],[10.267,46.825],[10.268,46.822],[10.261,46.817],[10.253,46.82],[10.25,46.816],[10.236,46.816],[10.227,46.812],[10.223,46.813],[10.218,46.821],[10.218,46.827],[10.208,46.831],[10.205,46.834],[10.202,46.834],[10.198,46.832],[10.2,46.828],[10.194,46.826],[10.19,46.819],[10.189,46.808],[10.19,46.805],[10.198,46.799],[10.196,46.797],[10.177,46.802],[10.167,46.802],[10.165,46.799],[10.16,46.799],[10.155,46.802],[10.153,46.809],[10.138,46.813],[10.134,46.807],[10.137,46.802],[10.124,46.791],[10.121,46.792],[10.117,46.788],[10.111,46.787],[10.092,46.799],[10.092,46.801],[10.088,46.8],[10.085,46.806],[10.084,46.801],[10.087,46.797],[10.084,46.795],[10.084,46.792],[10.092,46.781],[10.091,46.779],[10.085,46.781],[10.078,46.78],[10.068,46.782],[10.066,46.784],[10.061,46.784],[10.058,46.781],[10.067,46.777],[10.073,46.772],[10.071,46.768],[10.067,46.766],[10.061,46.767],[10.057,46.766],[10.054,46.763],[10.034,46.765],[10.031,46.763],[10.025,46.769],[10.015,46.772],[10.009,46.776],[10.011,46.774],[10.011,46.771],[10.018,46.765],[10.018,46.762],[10.011,46.759],[10.008,46.761],[10.005,46.759],[10.001,46.759],[9.995,46.754],[9.987,46.752],[9.985,46.75],[9.969,46.748],[9.971,46.746],[9.978,46.747],[9.983,46.743],[9.981,46.738],[9.983,46.734],[9.979,46.727],[9.977,46.726],[9.977,46.723],[9.973,46.721],[9.971,46.718],[9.974,46.718],[9.98,46.722],[9.985,46.729],[9.985,46.736],[9.987,46.739],[9.991,46.738],[9.989,46.74],[9.991,46.742],[10.001,46.744],[10.002,46.747],[10.007,46.75],[10.021,46.75],[10.034,46.752],[10.039,46.748],[10.053,46.748],[10.062,46.746],[10.062,46.743],[10.052,46.739],[10.055,46.737],[10.056,46.734],[10.037,46.726],[10.038,46.717],[10.028,46.713],[10.03,46.71],[10.032,46.71],[10.052,46.72],[10.06,46.719],[10.057,46.714],[10.061,46.714],[10.064,46.712],[10.064,46.709],[10.06,46.705],[10.06,46.703],[10.063,46.701],[10.061,46.698],[10.057,46.695],[10.052,46.696],[10.05,46.692],[10.041,46.696],[10.034,46.693],[10.032,46.69],[10.038,46.685],[10.034,46.681],[10.027,46.68],[10.021,46.682],[10.017,46.68],[10.011,46.68],[10.007,46.682],[10.002,46.679],[10.02,46.67],[10.017,46.667],[10.01,46.665],[9.995,46.673],[9.982,46.673],[9.994,46.664],[10.0,46.657],[10.003,46.656],[10.004,46.652],[9.993,46.653],[9.973,46.66],[9.963,46.66],[9.961,46.663],[9.948,46.665],[9.941,46.67],[9.935,46.67],[9.93,46.674],[9.935,46.679],[9.919,46.678],[9.916,46.681],[9.916,46.679],[9.909,46.675],[9.891,46.671],[9.879,46.664],[9.9,46.668],[9.912,46.674],[9.919,46.675],[9.922,46.67],[9.921,46.665],[9.93,46.663],[9.925,46.659],[9.918,46.657],[9.918,46.654],[9.931,46.656],[9.933,46.652],[9.924,46.644],[9.915,46.641],[9.915,46.639],[9.917,46.638],[9.925,46.638],[9.94,46.646],[9.941,46.65],[9.944,46.65],[9.95,46.648],[9.953,46.643],[9.963,46.64],[9.969,46.633],[9.958,46.631],[9.949,46.627],[9.949,46.624],[9.943,46.623],[9.939,46.619],[9.933,46.619],[9.929,46.615],[9.923,46.616],[9.922,46.614],[9.925,46.609],[9.922,46.607],[9.918,46.612],[9.91,46.614],[9.903,46.61],[9.9,46.611],[9.889,46.608],[9.894,46.603],[9.909,46.6],[9.911,46.598],[9.905,46.594],[9.893,46.599],[9.883,46.6],[9.872,46.599],[9.856,46.593],[9.853,46.593],[9.85,46.596],[9.847,46.594],[9.843,46.595],[9.837,46.591]],[[10.004,46.875],[10.005,46.877],[10.004,46.879],[10.004,46.875]],[[10.198,46.832],[10.196,46.835],[10.2,46.841],[10.199,46.843],[10.198,46.841],[10.192,46.838],[10.182,46.835],[10.185,46.833],[10.198,46.832]],[[10.29,46.907],[10.304,46.907],[10.306,46.913],[10.309,46.915],[10.308,46.917],[10.306,46.917],[10.305,46.92],[10.304,46.916],[10.306,46.915],[10.301,46.913],[10.301,46.911],[10.294,46.91],[10.291,46.911],[10.29,46.907]]],[[[9.906,46.893],[9.903,46.892],[9.902,46.893],[9.906,46.893]]],[[[10.092,46.799],[10.093,46.797],[10.092,46.795],[10.09,46.797],[10.092,46.799]]],[[[10.268,46.595],[10.271,46.594],[10.27,46.59],[10.271,46.588],[10.281,46.593],[10.284,46.593],[10.297,46.588],[10.301,46.585],[10.301,46.578],[10.303,46.577],[10.306,46.58],[10.311,46.578],[10.312,46.575],[10.305,46.571],[10.305,46.568],[10.309,46.565],[10.31,46.569],[10.319,46.574],[10.322,46.574],[10.328,46.57],[10.328,46.567],[10.338,46.572],[10.341,46.569],[10.351,46.571],[10.364,46.57],[10.375,46.574],[10.391,46.572],[10.399,46.568],[10.404,46.568],[10.398,46.573],[10.396,46.578],[10.4,46.58],[10.409,46.579],[10.408,46.582],[10.417,46.583],[10.422,46.581],[10.421,46.579],[10.428,46.579],[10.429,46.577],[10.423,46.573],[10.415,46.573],[10.429,46.568],[10.419,46.564],[10.416,46.561],[10.426,46.561],[10.432,46.559],[10.438,46.554],[10.438,46.549],[10.386,46.549],[10.377,46.553],[10.377,46.558],[10.354,46.559],[10.354,46.556],[10.35,46.554],[10.35,46.552],[10.344,46.548],[10.343,46.545],[10.34,46.543],[10.337,46.543],[10.328,46.55],[10.321,46.55],[10.317,46.548],[10.298,46.549],[10.295,46.551],[10.295,46.556],[10.283,46.57],[10.277,46.574],[10.273,46.574],[10.267,46.577],[10.26,46.577],[10.258,46.579],[10.259,46.583],[10.265,46.585],[10.26,46.59],[10.268,46.595]]],[[[10.271,46.594],[10.269,46.597],[10.272,46.596],[10.271,46.594]]],[[[10.399,46.629],[10.387,46.633],[10.368,46.635],[10.365,46.637],[10.37,46.639],[10.375,46.644],[10.375,46.646],[10.371,46.65],[10.372,46.651],[10.38,46.652],[10.382,46.654],[10.376,46.656],[10.373,46.659],[10.373,46.661],[10.366,46.664],[10.357,46.671],[10.358,46.675],[10.361,46.678],[10.367,46.682],[10.374,46.682],[10.376,46.684],[10.366,46.693],[10.368,46.696],[10.387,46.694],[10.391,46.692],[10.392,46.69],[10.387,46.688],[10.386,46.679],[10.393,46.672],[10.392,46.665],[10.395,46.663],[10.395,46.654],[10.398,46.652],[10.397,46.647],[10.401,46.645],[10.401,46.64],[10.414,46.64],[10.418,46.638],[10.399,46.629]]],[[[10.357,46.581],[10.342,46.579],[10.336,46.581],[10.336,46.583],[10.334,46.584],[10.336,46.586],[10.323,46.589],[10.308,46.598],[10.316,46.6],[10.318,46.602],[10.314,46.605],[10.306,46.605],[10.304,46.603],[10.294,46.606],[10.288,46.61],[10.285,46.61],[10.279,46.614],[10.279,46.617],[10.276,46.622],[10.274,46.623],[10.273,46.626],[10.267,46.628],[10.267,46.63],[10.27,46.632],[10.283,46.633],[10.286,46.636],[10.29,46.636],[10.301,46.632],[10.301,46.627],[10.297,46.623],[10.305,46.622],[10.308,46.618],[10.318,46.617],[10.327,46.61],[10.346,46.601],[10.351,46.597],[10.348,46.595],[10.349,46.594],[10.353,46.594],[10.356,46.596],[10.362,46.59],[10.372,46.588],[10.365,46.581],[10.362,46.583],[10.358,46.583],[10.357,46.581]]],[[[10.283,46.675],[10.285,46.677],[10.286,46.675],[10.283,46.675]]],[[[10.285,46.677],[10.282,46.676],[10.279,46.671],[10.28,46.668],[10.275,46.663],[10.271,46.665],[10.268,46.662],[10.265,46.664],[10.266,46.669],[10.259,46.669],[10.254,46.671],[10.254,46.676],[10.256,46.677],[10.255,46.68],[10.243,46.68],[10.242,46.683],[10.245,46.685],[10.243,46.686],[10.233,46.686],[10.23,46.684],[10.215,46.681],[10.21,46.677],[10.204,46.679],[10.202,46.681],[10.203,46.684],[10.208,46.688],[10.208,46.69],[10.202,46.695],[10.199,46.695],[10.191,46.689],[10.188,46.691],[10.184,46.691],[10.182,46.693],[10.184,46.695],[10.183,46.698],[10.177,46.698],[10.175,46.696],[10.172,46.7],[10.169,46.701],[10.165,46.699],[10.159,46.699],[10.157,46.701],[10.161,46.709],[10.166,46.709],[10.175,46.714],[10.156,46.716],[10.14,46.71],[10.136,46.71],[10.13,46.714],[10.12,46.714],[10.119,46.715],[10.121,46.717],[10.117,46.721],[10.106,46.727],[10.101,46.728],[10.106,46.731],[10.109,46.735],[10.105,46.738],[10.111,46.74],[10.109,46.744],[10.103,46.747],[10.106,46.75],[10.109,46.749],[10.119,46.753],[10.122,46.752],[10.124,46.751],[10.121,46.749],[10.12,46.744],[10.123,46.742],[10.121,46.739],[10.125,46.74],[10.128,46.743],[10.135,46.742],[10.142,46.744],[10.142,46.746],[10.145,46.748],[10.143,46.755],[10.152,46.756],[10.154,46.752],[10.151,46.75],[10.15,46.741],[10.154,46.739],[10.161,46.748],[10.164,46.744],[10.165,46.748],[10.168,46.75],[10.171,46.751],[10.174,46.749],[10.184,46.754],[10.187,46.752],[10.186,46.747],[10.18,46.736],[10.184,46.736],[10.186,46.734],[10.18,46.727],[10.185,46.725],[10.186,46.723],[10.193,46.722],[10.199,46.717],[10.202,46.717],[10.197,46.72],[10.198,46.722],[10.196,46.729],[10.2,46.731],[10.203,46.73],[10.207,46.733],[10.203,46.735],[10.203,46.743],[10.21,46.742],[10.211,46.747],[10.214,46.749],[10.216,46.744],[10.22,46.741],[10.212,46.733],[10.219,46.732],[10.226,46.736],[10.228,46.733],[10.222,46.724],[10.228,46.721],[10.224,46.719],[10.227,46.717],[10.232,46.718],[10.234,46.717],[10.235,46.712],[10.231,46.709],[10.235,46.708],[10.23,46.706],[10.229,46.703],[10.231,46.701],[10.244,46.703],[10.251,46.698],[10.259,46.698],[10.259,46.7],[10.251,46.707],[10.254,46.709],[10.264,46.706],[10.277,46.706],[10.28,46.71],[10.284,46.708],[10.287,46.71],[10.291,46.709],[10.29,46.706],[10.283,46.702],[10.29,46.699],[10.3,46.703],[10.302,46.702],[10.303,46.697],[10.298,46.693],[10.3,46.69],[10.309,46.692],[10.318,46.687],[10.319,46.688],[10.318,46.69],[10.321,46.692],[10.317,46.699],[10.32,46.701],[10.322,46.706],[10.324,46.708],[10.329,46.707],[10.33,46.71],[10.333,46.712],[10.339,46.708],[10.343,46.7],[10.34,46.698],[10.345,46.698],[10.349,46.696],[10.353,46.689],[10.348,46.684],[10.342,46.682],[10.342,46.678],[10.337,46.672],[10.328,46.669],[10.337,46.665],[10.343,46.667],[10.347,46.664],[10.35,46.665],[10.35,46.662],[10.361,46.651],[10.359,46.649],[10.354,46.653],[10.346,46.656],[10.343,46.653],[10.339,46.644],[10.333,46.648],[10.329,46.648],[10.326,46.65],[10.322,46.649],[10.313,46.651],[10.294,46.65],[10.285,46.655],[10.294,46.656],[10.299,46.659],[10.29,46.661],[10.289,46.664],[10.29,46.668],[10.296,46.672],[10.295,46.673],[10.291,46.673],[10.285,46.677]]],[[[10.268,46.727],[10.258,46.719],[10.255,46.725],[10.249,46.729],[10.243,46.73],[10.249,46.731],[10.254,46.734],[10.25,46.737],[10.242,46.739],[10.245,46.741],[10.243,46.746],[10.246,46.751],[10.25,46.749],[10.256,46.75],[10.256,46.754],[10.259,46.757],[10.261,46.757],[10.263,46.753],[10.273,46.753],[10.275,46.756],[10.273,46.758],[10.274,46.763],[10.277,46.766],[10.282,46.763],[10.282,46.758],[10.286,46.759],[10.288,46.756],[10.286,46.754],[10.288,46.751],[10.284,46.749],[10.288,46.745],[10.285,46.743],[10.278,46.743],[10.279,46.74],[10.288,46.738],[10.285,46.735],[10.28,46.734],[10.277,46.731],[10.278,46.729],[10.275,46.727],[10.268,46.727]]],[[[10.251,46.626],[10.246,46.625],[10.238,46.629],[10.24,46.633],[10.243,46.63],[10.244,46.631],[10.244,46.638],[10.242,46.64],[10.244,46.642],[10.251,46.641],[10.255,46.637],[10.252,46.633],[10.253,46.631],[10.251,46.626]]],[[[10.244,46.647],[10.241,46.642],[10.235,46.645],[10.231,46.643],[10.226,46.645],[10.221,46.644],[10.218,46.646],[10.205,46.647],[10.203,46.648],[10.203,46.65],[10.209,46.654],[10.215,46.655],[10.219,46.654],[10.222,46.651],[10.238,46.648],[10.241,46.649],[10.244,46.647]]],[[[9.964,46.543],[9.972,46.547],[9.975,46.542],[9.977,46.538],[9.977,46.531],[9.97,46.525],[9.97,46.523],[9.964,46.52],[9.963,46.516],[9.967,46.514],[9.966,46.509],[9.962,46.505],[9.963,46.504],[9.97,46.503],[9.979,46.518],[9.99,46.523],[9.996,46.518],[9.996,46.513],[10.002,46.511],[9.999,46.509],[9.998,46.504],[9.995,46.502],[9.993,46.497],[9.996,46.497],[10.002,46.506],[10.009,46.508],[10.018,46.501],[10.022,46.5],[10.025,46.494],[10.031,46.495],[10.032,46.496],[10.029,46.501],[10.03,46.503],[10.026,46.506],[10.026,46.508],[10.019,46.517],[10.017,46.524],[10.009,46.528],[10.006,46.533],[9.998,46.538],[10.017,46.539],[10.027,46.53],[10.036,46.525],[10.039,46.525],[10.039,46.528],[10.033,46.535],[10.034,46.537],[10.028,46.539],[10.03,46.543],[10.027,46.543],[10.024,46.548],[10.018,46.551],[10.014,46.55],[10.008,46.552],[10.004,46.55],[10.001,46.555],[9.989,46.559],[9.981,46.565],[9.976,46.566],[9.974,46.568],[9.966,46.567],[9.96,46.569],[9.956,46.572],[9.955,46.575],[9.96,46.575],[9.963,46.578],[9.97,46.577],[9.973,46.581],[9.977,46.582],[9.98,46.581],[9.979,46.576],[9.981,46.576],[9.983,46.579],[9.986,46.575],[9.993,46.576],[9.996,46.579],[10.002,46.58],[10.0,46.586],[9.994,46.59],[9.997,46.592],[10.005,46.592],[10.001,46.596],[10.001,46.598],[10.005,46.601],[10.007,46.605],[10.01,46.605],[10.013,46.603],[10.008,46.6],[10.012,46.596],[10.008,46.592],[10.011,46.585],[10.007,46.58],[10.008,46.576],[10.004,46.569],[10.005,46.568],[10.009,46.569],[10.015,46.576],[10.022,46.577],[10.025,46.579],[10.028,46.571],[10.03,46.571],[10.031,46.564],[10.035,46.568],[10.039,46.568],[10.039,46.575],[10.045,46.579],[10.049,46.577],[10.057,46.568],[10.055,46.561],[10.057,46.56],[10.061,46.565],[10.064,46.565],[10.066,46.568],[10.071,46.569],[10.074,46.572],[10.066,46.579],[10.068,46.584],[10.062,46.585],[10.051,46.591],[10.039,46.594],[10.035,46.6],[10.043,46.601],[10.065,46.596],[10.069,46.597],[10.081,46.589],[10.086,46.587],[10.093,46.587],[10.095,46.593],[10.092,46.594],[10.094,46.596],[10.084,46.603],[10.091,46.605],[10.091,46.608],[10.087,46.61],[10.073,46.612],[10.071,46.615],[10.076,46.618],[10.085,46.619],[10.088,46.621],[10.086,46.623],[10.078,46.626],[10.07,46.624],[10.064,46.626],[10.056,46.624],[10.054,46.621],[10.05,46.62],[10.047,46.621],[10.04,46.62],[10.035,46.627],[10.041,46.628],[10.053,46.626],[10.043,46.636],[10.045,46.639],[10.055,46.635],[10.06,46.644],[10.059,46.647],[10.065,46.651],[10.072,46.649],[10.071,46.647],[10.068,46.646],[10.078,46.646],[10.084,46.642],[10.088,46.646],[10.086,46.648],[10.089,46.65],[10.089,46.653],[10.094,46.656],[10.096,46.655],[10.097,46.649],[10.101,46.647],[10.107,46.651],[10.111,46.651],[10.113,46.645],[10.106,46.641],[10.106,46.637],[10.103,46.635],[10.101,46.628],[10.103,46.626],[10.11,46.63],[10.11,46.632],[10.116,46.638],[10.12,46.638],[10.123,46.636],[10.118,46.629],[10.12,46.625],[10.118,46.623],[10.119,46.622],[10.129,46.632],[10.132,46.626],[10.138,46.636],[10.141,46.638],[10.141,46.645],[10.135,46.652],[10.132,46.663],[10.134,46.665],[10.141,46.664],[10.144,46.663],[10.143,46.653],[10.15,46.653],[10.152,46.649],[10.152,46.644],[10.144,46.64],[10.146,46.638],[10.149,46.639],[10.152,46.637],[10.156,46.638],[10.158,46.635],[10.145,46.629],[10.141,46.622],[10.142,46.621],[10.148,46.624],[10.152,46.624],[10.158,46.628],[10.168,46.63],[10.171,46.628],[10.168,46.624],[10.17,46.621],[10.167,46.619],[10.16,46.617],[10.158,46.615],[10.153,46.615],[10.141,46.609],[10.137,46.609],[10.135,46.607],[10.118,46.607],[10.112,46.61],[10.102,46.61],[10.101,46.601],[10.097,46.598],[10.101,46.596],[10.1,46.589],[10.104,46.587],[10.094,46.581],[10.09,46.581],[10.087,46.579],[10.084,46.576],[10.084,46.574],[10.08,46.572],[10.08,46.567],[10.077,46.565],[10.076,46.561],[10.07,46.557],[10.07,46.554],[10.049,46.543],[10.049,46.534],[10.052,46.532],[10.052,46.527],[10.055,46.525],[10.055,46.523],[10.052,46.521],[10.052,46.516],[10.048,46.514],[10.048,46.512],[10.045,46.51],[10.044,46.505],[10.044,46.503],[10.048,46.501],[10.046,46.478],[10.05,46.476],[10.049,46.474],[10.055,46.469],[10.048,46.465],[10.052,46.462],[10.049,46.46],[10.049,46.458],[10.045,46.456],[10.045,46.453],[10.042,46.451],[10.042,46.447],[10.048,46.442],[10.045,46.438],[10.048,46.429],[10.043,46.422],[10.045,46.42],[10.041,46.418],[10.034,46.418],[10.03,46.411],[10.034,46.411],[10.036,46.409],[10.036,46.406],[10.046,46.403],[10.05,46.405],[10.052,46.404],[10.053,46.401],[10.049,46.4],[10.049,46.398],[10.052,46.392],[10.049,46.389],[10.046,46.393],[10.048,46.395],[10.043,46.395],[10.04,46.397],[10.036,46.396],[10.025,46.407],[10.015,46.411],[10.018,46.414],[10.019,46.418],[10.013,46.425],[10.006,46.427],[10.006,46.43],[10.002,46.434],[10.011,46.441],[10.025,46.44],[10.024,46.443],[10.029,46.444],[10.032,46.442],[10.029,46.445],[10.016,46.448],[10.008,46.447],[10.006,46.449],[10.003,46.446],[10.0,46.449],[9.996,46.449],[9.991,46.455],[10.0,46.463],[10.011,46.465],[10.023,46.47],[10.036,46.469],[10.037,46.472],[10.033,46.47],[10.032,46.472],[10.007,46.473],[9.991,46.471],[9.988,46.468],[9.981,46.469],[9.978,46.466],[9.978,46.462],[9.975,46.459],[9.968,46.458],[9.966,46.46],[9.958,46.462],[9.956,46.467],[9.942,46.474],[9.935,46.481],[9.939,46.482],[9.943,46.48],[9.948,46.48],[9.95,46.483],[9.927,46.495],[9.924,46.497],[9.924,46.501],[9.91,46.508],[9.905,46.513],[9.904,46.515],[9.908,46.516],[9.921,46.51],[9.929,46.512],[9.913,46.522],[9.903,46.526],[9.9,46.529],[9.903,46.532],[9.909,46.528],[9.912,46.528],[9.928,46.52],[9.931,46.52],[9.935,46.523],[9.923,46.533],[9.914,46.537],[9.911,46.54],[9.914,46.542],[9.914,46.544],[9.919,46.546],[9.922,46.544],[9.927,46.544],[9.929,46.547],[9.933,46.547],[9.935,46.546],[9.936,46.54],[9.946,46.548],[9.952,46.547],[9.952,46.551],[9.959,46.553],[9.964,46.552],[9.957,46.545],[9.958,46.541],[9.954,46.539],[9.954,46.536],[9.958,46.532],[9.964,46.543]]],[[[10.134,46.665],[10.132,46.67],[10.126,46.674],[10.128,46.676],[10.131,46.676],[10.138,46.674],[10.139,46.669],[10.134,46.665]]],[[[10.134,46.665],[10.131,46.664],[10.131,46.666],[10.134,46.665]]],[[[9.972,46.547],[9.975,46.548],[9.976,46.547],[9.972,46.547]]],[[[10.105,46.333],[10.098,46.333],[10.09,46.342],[10.092,46.344],[10.099,46.344],[10.102,46.346],[10.102,46.349],[10.095,46.351],[10.102,46.353],[10.103,46.355],[10.095,46.36],[10.117,46.368],[10.113,46.371],[10.107,46.371],[10.103,46.374],[10.1,46.374],[10.098,46.376],[10.099,46.378],[10.1,46.379],[10.107,46.377],[10.117,46.386],[10.12,46.386],[10.129,46.391],[10.13,46.394],[10.137,46.398],[10.144,46.399],[10.145,46.402],[10.141,46.406],[10.147,46.41],[10.151,46.412],[10.161,46.412],[10.163,46.41],[10.163,46.394],[10.16,46.392],[10.15,46.393],[10.149,46.386],[10.146,46.384],[10.136,46.384],[10.132,46.377],[10.123,46.375],[10.121,46.368],[10.122,46.359],[10.119,46.357],[10.109,46.358],[10.108,46.344],[10.105,46.342],[10.105,46.339],[10.108,46.337],[10.105,46.333]]],[[[10.154,46.289],[10.148,46.287],[10.145,46.289],[10.138,46.29],[10.125,46.29],[10.124,46.292],[10.117,46.294],[10.119,46.297],[10.129,46.295],[10.137,46.296],[10.139,46.297],[10.139,46.3],[10.142,46.302],[10.145,46.3],[10.143,46.296],[10.152,46.295],[10.154,46.293],[10.154,46.289]]],[[[10.097,46.403],[10.095,46.401],[10.084,46.407],[10.083,46.41],[10.077,46.414],[10.076,46.417],[10.067,46.419],[10.067,46.422],[10.058,46.428],[10.061,46.43],[10.077,46.43],[10.083,46.426],[10.083,46.423],[10.096,46.423],[10.106,46.429],[10.136,46.431],[10.144,46.426],[10.142,46.422],[10.135,46.424],[10.132,46.427],[10.13,46.424],[10.131,46.422],[10.129,46.421],[10.125,46.423],[10.124,46.422],[10.128,46.418],[10.125,46.416],[10.12,46.416],[10.118,46.414],[10.114,46.416],[10.095,46.416],[10.105,46.407],[10.105,46.405],[10.102,46.403],[10.097,46.403]]],[[[10.074,46.225],[10.057,46.224],[10.048,46.231],[10.048,46.235],[10.052,46.237],[10.055,46.244],[10.059,46.248],[10.056,46.251],[10.059,46.253],[10.062,46.252],[10.065,46.255],[10.068,46.252],[10.075,46.254],[10.081,46.25],[10.064,46.24],[10.066,46.237],[10.061,46.235],[10.064,46.229],[10.067,46.23],[10.074,46.225]]],[[[10.061,46.271],[10.056,46.269],[10.043,46.269],[10.037,46.274],[10.037,46.276],[10.04,46.281],[10.044,46.281],[10.048,46.276],[10.056,46.274],[10.061,46.271]]],[[[9.562,46.316],[9.567,46.313],[9.565,46.31],[9.568,46.309],[9.579,46.31],[9.583,46.312],[9.584,46.316],[9.588,46.316],[9.589,46.314],[9.586,46.312],[9.587,46.309],[9.594,46.312],[9.6,46.31],[9.604,46.311],[9.612,46.316],[9.613,46.323],[9.611,46.326],[9.604,46.328],[9.602,46.33],[9.604,46.332],[9.608,46.331],[9.614,46.333],[9.624,46.331],[9.625,46.334],[9.634,46.338],[9.642,46.334],[9.64,46.331],[9.646,46.329],[9.646,46.327],[9.643,46.325],[9.643,46.317],[9.646,46.322],[9.65,46.323],[9.65,46.325],[9.656,46.329],[9.665,46.331],[9.656,46.332],[9.655,46.333],[9.656,46.335],[9.66,46.336],[9.651,46.338],[9.657,46.339],[9.657,46.342],[9.66,46.344],[9.667,46.344],[9.667,46.347],[9.67,46.349],[9.67,46.351],[9.667,46.353],[9.67,46.357],[9.68,46.355],[9.681,46.358],[9.678,46.362],[9.678,46.365],[9.683,46.367],[9.679,46.371],[9.686,46.373],[9.688,46.376],[9.687,46.378],[9.691,46.379],[9.694,46.375],[9.697,46.377],[9.702,46.373],[9.701,46.371],[9.706,46.368],[9.7,46.364],[9.699,46.36],[9.696,46.358],[9.696,46.346],[9.7,46.351],[9.7,46.355],[9.706,46.359],[9.713,46.359],[9.71,46.362],[9.713,46.364],[9.719,46.362],[9.723,46.363],[9.723,46.373],[9.72,46.375],[9.718,46.379],[9.721,46.382],[9.718,46.386],[9.718,46.391],[9.714,46.395],[9.715,46.398],[9.724,46.401],[9.727,46.4],[9.731,46.401],[9.734,46.405],[9.739,46.404],[9.741,46.402],[9.741,46.399],[9.746,46.395],[9.746,46.392],[9.749,46.39],[9.748,46.388],[9.749,46.383],[9.752,46.381],[9.752,46.379],[9.749,46.372],[9.752,46.368],[9.753,46.372],[9.758,46.376],[9.759,46.379],[9.763,46.381],[9.763,46.384],[9.761,46.385],[9.76,46.388],[9.76,46.394],[9.754,46.406],[9.757,46.409],[9.762,46.403],[9.763,46.399],[9.769,46.394],[9.769,46.392],[9.776,46.387],[9.782,46.385],[9.785,46.376],[9.791,46.372],[9.795,46.373],[9.798,46.376],[9.798,46.378],[9.795,46.38],[9.793,46.394],[9.787,46.396],[9.785,46.401],[9.788,46.403],[9.791,46.409],[9.784,46.414],[9.778,46.416],[9.775,46.419],[9.775,46.421],[9.78,46.421],[9.782,46.425],[9.788,46.428],[9.79,46.432],[9.8,46.434],[9.804,46.437],[9.815,46.44],[9.82,46.445],[9.827,46.444],[9.83,46.446],[9.834,46.449],[9.827,46.452],[9.825,46.454],[9.826,46.456],[9.825,46.458],[9.83,46.463],[9.83,46.467],[9.835,46.47],[9.841,46.468],[9.842,46.469],[9.839,46.474],[9.848,46.476],[9.848,46.478],[9.851,46.48],[9.861,46.483],[9.874,46.484],[9.877,46.482],[9.873,46.475],[9.87,46.473],[9.873,46.471],[9.873,46.468],[9.863,46.462],[9.863,46.457],[9.859,46.455],[9.856,46.449],[9.853,46.447],[9.853,46.444],[9.849,46.44],[9.849,46.435],[9.847,46.433],[9.85,46.431],[9.847,46.424],[9.839,46.418],[9.844,46.415],[9.847,46.411],[9.845,46.408],[9.841,46.406],[9.841,46.404],[9.838,46.401],[9.835,46.4],[9.838,46.395],[9.841,46.394],[9.858,46.408],[9.868,46.405],[9.881,46.405],[9.881,46.408],[9.878,46.412],[9.874,46.414],[9.869,46.424],[9.877,46.428],[9.875,46.43],[9.877,46.435],[9.882,46.443],[9.891,46.452],[9.89,46.457],[9.9,46.461],[9.898,46.463],[9.897,46.468],[9.9,46.47],[9.909,46.463],[9.912,46.464],[9.916,46.462],[9.926,46.454],[9.922,46.445],[9.917,46.443],[9.919,46.438],[9.913,46.434],[9.914,46.431],[9.922,46.427],[9.92,46.42],[9.917,46.418],[9.913,46.418],[9.921,46.416],[9.92,46.413],[9.922,46.411],[9.919,46.409],[9.919,46.402],[9.92,46.407],[9.926,46.411],[9.927,46.416],[9.93,46.418],[9.934,46.418],[9.937,46.413],[9.95,46.413],[9.941,46.415],[9.941,46.424],[9.945,46.426],[9.947,46.429],[9.944,46.431],[9.944,46.433],[9.947,46.436],[9.95,46.435],[9.951,46.438],[9.948,46.444],[9.949,46.447],[9.951,46.448],[9.952,46.446],[9.97,46.441],[9.982,46.435],[9.983,46.432],[9.981,46.428],[9.988,46.421],[9.985,46.42],[9.982,46.422],[9.985,46.419],[9.985,46.417],[9.989,46.421],[9.997,46.421],[10.001,46.412],[9.998,46.408],[9.994,46.408],[9.994,46.405],[10.004,46.409],[10.004,46.412],[10.008,46.411],[10.009,46.409],[10.023,46.401],[10.028,46.393],[10.02,46.387],[10.009,46.387],[10.009,46.384],[10.0,46.379],[9.996,46.379],[9.993,46.375],[9.99,46.378],[9.989,46.376],[9.992,46.374],[9.992,46.371],[10.003,46.374],[10.018,46.369],[10.018,46.364],[10.022,46.365],[10.024,46.364],[10.024,46.359],[10.026,46.357],[10.024,46.355],[10.021,46.356],[10.014,46.355],[10.008,46.35],[10.005,46.35],[10.001,46.347],[9.998,46.344],[9.998,46.342],[10.002,46.342],[10.002,46.346],[10.005,46.348],[10.014,46.345],[10.018,46.346],[10.02,46.344],[10.015,46.342],[10.011,46.338],[10.007,46.34],[9.998,46.334],[9.991,46.335],[9.988,46.338],[9.988,46.34],[9.992,46.342],[9.992,46.351],[9.985,46.351],[9.976,46.358],[9.976,46.361],[9.97,46.361],[9.963,46.365],[9.964,46.379],[9.948,46.379],[9.941,46.377],[9.928,46.368],[9.924,46.368],[9.921,46.371],[9.915,46.371],[9.912,46.373],[9.912,46.375],[9.906,46.38],[9.902,46.38],[9.886,46.372],[9.882,46.372],[9.872,46.363],[9.846,46.363],[9.843,46.361],[9.833,46.361],[9.83,46.359],[9.83,46.357],[9.816,46.35],[9.813,46.351],[9.806,46.346],[9.8,46.344],[9.793,46.344],[9.773,46.336],[9.767,46.336],[9.758,46.343],[9.751,46.345],[9.745,46.35],[9.738,46.35],[9.735,46.348],[9.719,46.348],[9.717,46.298],[9.713,46.294],[9.687,46.295],[9.681,46.299],[9.678,46.299],[9.675,46.302],[9.675,46.304],[9.665,46.304],[9.665,46.297],[9.661,46.295],[9.652,46.295],[9.651,46.291],[9.645,46.287],[9.625,46.287],[9.622,46.289],[9.623,46.296],[9.574,46.297],[9.571,46.299],[9.572,46.306],[9.548,46.307],[9.544,46.313],[9.549,46.315],[9.552,46.314],[9.562,46.316]]],[[[10.009,46.312],[10.006,46.311],[10.0,46.315],[9.997,46.315],[9.99,46.32],[9.988,46.324],[9.984,46.324],[9.981,46.327],[9.981,46.329],[9.985,46.331],[9.985,46.333],[9.988,46.335],[9.994,46.331],[9.994,46.326],[9.997,46.326],[10.003,46.321],[10.011,46.319],[10.009,46.312]]],[[[9.938,46.553],[9.936,46.547],[9.934,46.548],[9.933,46.551],[9.926,46.551],[9.923,46.554],[9.93,46.558],[9.933,46.558],[9.938,46.553]]],[[[9.882,46.914],[9.874,46.911],[9.864,46.915],[9.861,46.914],[9.858,46.92],[9.851,46.917],[9.849,46.919],[9.849,46.926],[9.845,46.929],[9.838,46.93],[9.829,46.935],[9.823,46.936],[9.82,46.938],[9.818,46.942],[9.821,46.944],[9.821,46.947],[9.823,46.948],[9.836,46.942],[9.843,46.944],[9.825,46.96],[9.824,46.962],[9.827,46.965],[9.846,46.96],[9.848,46.957],[9.853,46.956],[9.856,46.953],[9.863,46.95],[9.869,46.948],[9.871,46.95],[9.867,46.955],[9.871,46.959],[9.859,46.966],[9.86,46.969],[9.863,46.968],[9.866,46.97],[9.867,46.973],[9.86,46.976],[9.844,46.978],[9.851,46.985],[9.854,46.986],[9.853,46.989],[9.857,46.991],[9.862,46.991],[9.874,46.987],[9.877,46.988],[9.876,46.995],[9.879,46.997],[9.878,47.0],[9.875,46.998],[9.872,46.999],[9.872,47.003],[9.866,47.006],[9.868,47.007],[9.869,47.01],[9.865,47.008],[9.862,47.009],[9.866,47.013],[9.863,47.018],[9.866,47.02],[9.873,47.02],[9.875,47.017],[9.875,47.008],[9.881,47.003],[9.885,47.003],[9.89,46.999],[9.89,46.99],[9.886,46.986],[9.887,46.983],[9.883,46.975],[9.875,46.966],[9.876,46.963],[9.879,46.961],[9.878,46.95],[9.879,46.947],[9.882,46.945],[9.881,46.936],[9.895,46.934],[9.898,46.931],[9.901,46.931],[9.907,46.927],[9.904,46.925],[9.896,46.925],[9.891,46.923],[9.891,46.92],[9.881,46.916],[9.882,46.914]]],[[[9.636,46.632],[9.639,46.633],[9.637,46.635],[9.643,46.636],[9.646,46.639],[9.65,46.633],[9.648,46.631],[9.649,46.629],[9.653,46.628],[9.653,46.63],[9.656,46.632],[9.662,46.63],[9.668,46.632],[9.667,46.637],[9.664,46.641],[9.666,46.642],[9.672,46.639],[9.675,46.637],[9.671,46.635],[9.67,46.632],[9.675,46.63],[9.675,46.628],[9.671,46.621],[9.678,46.627],[9.682,46.628],[9.686,46.625],[9.684,46.623],[9.684,46.619],[9.674,46.615],[9.672,46.612],[9.675,46.612],[9.681,46.616],[9.684,46.616],[9.691,46.623],[9.698,46.622],[9.7,46.63],[9.699,46.632],[9.705,46.638],[9.71,46.634],[9.705,46.631],[9.703,46.627],[9.712,46.625],[9.713,46.623],[9.711,46.62],[9.721,46.622],[9.723,46.62],[9.717,46.616],[9.716,46.613],[9.72,46.613],[9.727,46.617],[9.741,46.615],[9.734,46.609],[9.733,46.606],[9.726,46.603],[9.724,46.6],[9.736,46.597],[9.742,46.598],[9.746,46.595],[9.742,46.592],[9.736,46.591],[9.733,46.593],[9.722,46.592],[9.723,46.589],[9.722,46.586],[9.726,46.587],[9.729,46.585],[9.735,46.585],[9.742,46.582],[9.744,46.577],[9.738,46.573],[9.74,46.57],[9.744,46.569],[9.753,46.574],[9.753,46.577],[9.751,46.579],[9.758,46.583],[9.761,46.587],[9.771,46.585],[9.774,46.582],[9.79,46.576],[9.794,46.578],[9.803,46.576],[9.817,46.579],[9.833,46.58],[9.843,46.585],[9.849,46.584],[9.863,46.587],[9.867,46.583],[9.871,46.583],[9.865,46.588],[9.889,46.586],[9.892,46.585],[9.897,46.578],[9.881,46.57],[9.868,46.57],[9.862,46.573],[9.824,46.573],[9.806,46.567],[9.789,46.565],[9.787,46.563],[9.784,46.563],[9.78,46.559],[9.77,46.557],[9.763,46.553],[9.757,46.553],[9.743,46.543],[9.743,46.536],[9.756,46.545],[9.773,46.547],[9.816,46.562],[9.826,46.559],[9.829,46.561],[9.841,46.555],[9.834,46.548],[9.835,46.547],[9.844,46.55],[9.846,46.555],[9.861,46.55],[9.858,46.548],[9.851,46.548],[9.848,46.55],[9.844,46.545],[9.844,46.537],[9.84,46.532],[9.835,46.53],[9.831,46.526],[9.82,46.524],[9.813,46.519],[9.82,46.517],[9.828,46.517],[9.83,46.514],[9.82,46.508],[9.817,46.508],[9.807,46.5],[9.8,46.498],[9.787,46.499],[9.782,46.497],[9.782,46.495],[9.784,46.495],[9.793,46.488],[9.789,46.484],[9.788,46.479],[9.783,46.478],[9.776,46.473],[9.77,46.478],[9.763,46.478],[9.757,46.481],[9.754,46.479],[9.75,46.481],[9.744,46.48],[9.735,46.485],[9.734,46.48],[9.731,46.479],[9.721,46.479],[9.711,46.484],[9.708,46.484],[9.698,46.477],[9.695,46.478],[9.692,46.477],[9.69,46.479],[9.692,46.484],[9.679,46.475],[9.672,46.474],[9.67,46.475],[9.669,46.479],[9.662,46.481],[9.659,46.484],[9.668,46.488],[9.668,46.491],[9.66,46.495],[9.659,46.498],[9.663,46.499],[9.679,46.498],[9.684,46.499],[9.683,46.502],[9.68,46.505],[9.66,46.507],[9.653,46.511],[9.657,46.513],[9.66,46.511],[9.67,46.511],[9.676,46.513],[9.676,46.515],[9.666,46.518],[9.673,46.524],[9.668,46.529],[9.668,46.531],[9.662,46.536],[9.665,46.539],[9.669,46.54],[9.662,46.547],[9.659,46.545],[9.649,46.546],[9.643,46.55],[9.652,46.553],[9.656,46.551],[9.665,46.551],[9.655,46.558],[9.654,46.561],[9.656,46.565],[9.659,46.566],[9.672,46.563],[9.676,46.565],[9.674,46.569],[9.676,46.571],[9.68,46.571],[9.686,46.575],[9.689,46.574],[9.695,46.567],[9.697,46.567],[9.695,46.564],[9.711,46.56],[9.712,46.564],[9.708,46.566],[9.703,46.573],[9.707,46.58],[9.703,46.583],[9.693,46.583],[9.688,46.585],[9.687,46.587],[9.7,46.589],[9.693,46.593],[9.691,46.596],[9.684,46.599],[9.68,46.597],[9.676,46.599],[9.673,46.599],[9.671,46.597],[9.661,46.598],[9.658,46.601],[9.657,46.606],[9.66,46.608],[9.639,46.615],[9.634,46.62],[9.624,46.624],[9.623,46.627],[9.618,46.629],[9.615,46.633],[9.617,46.635],[9.62,46.634],[9.624,46.636],[9.626,46.633],[9.636,46.632]],[[9.639,46.633],[9.643,46.632],[9.643,46.634],[9.639,46.633]],[[9.695,46.564],[9.692,46.563],[9.693,46.562],[9.695,46.564]]],[[[9.675,46.63],[9.673,46.632],[9.675,46.633],[9.677,46.632],[9.675,46.63]]],[[[9.6,46.706],[9.602,46.701],[9.601,46.699],[9.599,46.698],[9.591,46.701],[9.592,46.708],[9.586,46.71],[9.584,46.716],[9.581,46.717],[9.579,46.722],[9.581,46.724],[9.584,46.724],[9.587,46.722],[9.591,46.723],[9.602,46.721],[9.594,46.726],[9.593,46.728],[9.595,46.733],[9.594,46.734],[9.587,46.733],[9.583,46.738],[9.582,46.744],[9.578,46.746],[9.58,46.749],[9.587,46.753],[9.586,46.76],[9.59,46.764],[9.587,46.767],[9.587,46.776],[9.584,46.78],[9.585,46.785],[9.574,46.801],[9.587,46.804],[9.589,46.798],[9.585,46.796],[9.587,46.791],[9.6,46.802],[9.604,46.801],[9.613,46.795],[9.611,46.793],[9.61,46.787],[9.613,46.784],[9.616,46.787],[9.619,46.786],[9.628,46.793],[9.628,46.797],[9.633,46.8],[9.628,46.802],[9.628,46.804],[9.63,46.806],[9.634,46.806],[9.636,46.809],[9.64,46.808],[9.643,46.804],[9.646,46.806],[9.645,46.808],[9.653,46.811],[9.656,46.808],[9.663,46.807],[9.666,46.811],[9.669,46.809],[9.67,46.812],[9.673,46.813],[9.676,46.812],[9.679,46.808],[9.669,46.805],[9.668,46.803],[9.67,46.799],[9.662,46.797],[9.66,46.792],[9.652,46.791],[9.648,46.788],[9.653,46.783],[9.645,46.784],[9.636,46.782],[9.649,46.777],[9.645,46.775],[9.648,46.771],[9.651,46.77],[9.658,46.773],[9.668,46.77],[9.675,46.77],[9.678,46.767],[9.667,46.763],[9.66,46.756],[9.655,46.75],[9.655,46.747],[9.646,46.739],[9.645,46.736],[9.647,46.735],[9.657,46.74],[9.67,46.753],[9.68,46.758],[9.687,46.76],[9.699,46.76],[9.701,46.765],[9.696,46.769],[9.695,46.771],[9.697,46.773],[9.717,46.773],[9.714,46.776],[9.706,46.778],[9.714,46.784],[9.721,46.786],[9.718,46.791],[9.721,46.793],[9.741,46.791],[9.725,46.8],[9.725,46.803],[9.736,46.804],[9.738,46.81],[9.742,46.81],[9.745,46.806],[9.748,46.806],[9.745,46.809],[9.745,46.815],[9.755,46.815],[9.765,46.81],[9.768,46.815],[9.778,46.818],[9.791,46.819],[9.797,46.828],[9.793,46.828],[9.788,46.824],[9.781,46.823],[9.775,46.826],[9.772,46.824],[9.763,46.826],[9.756,46.831],[9.759,46.833],[9.752,46.83],[9.75,46.831],[9.749,46.833],[9.751,46.844],[9.77,46.855],[9.763,46.857],[9.745,46.856],[9.733,46.85],[9.732,46.847],[9.723,46.844],[9.717,46.847],[9.71,46.845],[9.711,46.852],[9.705,46.854],[9.705,46.857],[9.701,46.859],[9.698,46.858],[9.695,46.86],[9.688,46.859],[9.681,46.861],[9.678,46.852],[9.676,46.853],[9.672,46.862],[9.668,46.863],[9.662,46.861],[9.645,46.86],[9.639,46.864],[9.629,46.863],[9.613,46.87],[9.603,46.87],[9.593,46.866],[9.59,46.868],[9.597,46.879],[9.607,46.877],[9.612,46.881],[9.614,46.883],[9.614,46.886],[9.612,46.888],[9.614,46.89],[9.619,46.885],[9.618,46.881],[9.62,46.88],[9.621,46.883],[9.627,46.887],[9.628,46.885],[9.632,46.885],[9.63,46.887],[9.631,46.89],[9.635,46.892],[9.637,46.895],[9.643,46.893],[9.644,46.896],[9.648,46.898],[9.648,46.901],[9.646,46.903],[9.648,46.907],[9.644,46.912],[9.645,46.914],[9.642,46.919],[9.636,46.921],[9.641,46.924],[9.65,46.923],[9.648,46.921],[9.656,46.914],[9.653,46.912],[9.655,46.909],[9.655,46.903],[9.66,46.903],[9.663,46.9],[9.667,46.901],[9.671,46.896],[9.666,46.894],[9.664,46.889],[9.666,46.884],[9.659,46.883],[9.654,46.878],[9.656,46.876],[9.669,46.877],[9.672,46.875],[9.679,46.877],[9.682,46.881],[9.692,46.883],[9.695,46.882],[9.695,46.88],[9.699,46.877],[9.705,46.875],[9.703,46.877],[9.706,46.879],[9.706,46.884],[9.712,46.887],[9.713,46.89],[9.71,46.895],[9.713,46.899],[9.724,46.895],[9.727,46.885],[9.73,46.883],[9.723,46.877],[9.726,46.874],[9.724,46.87],[9.731,46.871],[9.732,46.874],[9.735,46.876],[9.739,46.876],[9.737,46.879],[9.738,46.88],[9.745,46.881],[9.748,46.883],[9.758,46.878],[9.763,46.878],[9.759,46.885],[9.761,46.889],[9.778,46.887],[9.78,46.884],[9.779,46.878],[9.781,46.876],[9.787,46.877],[9.789,46.875],[9.787,46.873],[9.793,46.87],[9.797,46.872],[9.807,46.868],[9.81,46.87],[9.81,46.873],[9.817,46.874],[9.823,46.87],[9.83,46.873],[9.834,46.872],[9.838,46.867],[9.846,46.868],[9.849,46.867],[9.852,46.863],[9.852,46.86],[9.86,46.856],[9.855,46.854],[9.849,46.856],[9.835,46.854],[9.832,46.857],[9.827,46.854],[9.831,46.847],[9.835,46.845],[9.831,46.841],[9.831,46.838],[9.826,46.834],[9.834,46.833],[9.837,46.831],[9.831,46.828],[9.814,46.824],[9.812,46.821],[9.813,46.816],[9.811,46.815],[9.801,46.817],[9.797,46.814],[9.795,46.81],[9.797,46.808],[9.797,46.804],[9.787,46.806],[9.784,46.803],[9.786,46.801],[9.784,46.797],[9.793,46.798],[9.796,46.796],[9.796,46.794],[9.788,46.79],[9.791,46.787],[9.79,46.786],[9.78,46.787],[9.777,46.785],[9.779,46.781],[9.776,46.78],[9.767,46.785],[9.765,46.783],[9.765,46.779],[9.762,46.777],[9.771,46.77],[9.766,46.768],[9.756,46.769],[9.742,46.766],[9.758,46.757],[9.756,46.755],[9.743,46.755],[9.739,46.757],[9.733,46.755],[9.726,46.755],[9.729,46.75],[9.745,46.744],[9.749,46.744],[9.754,46.739],[9.754,46.736],[9.751,46.735],[9.746,46.739],[9.742,46.739],[9.739,46.742],[9.732,46.742],[9.732,46.739],[9.734,46.737],[9.728,46.732],[9.712,46.74],[9.709,46.738],[9.703,46.738],[9.699,46.736],[9.693,46.724],[9.679,46.725],[9.676,46.722],[9.666,46.723],[9.665,46.72],[9.662,46.719],[9.656,46.723],[9.653,46.719],[9.646,46.719],[9.639,46.715],[9.627,46.72],[9.623,46.719],[9.624,46.712],[9.623,46.711],[9.613,46.712],[9.618,46.708],[9.619,46.705],[9.616,46.704],[9.61,46.707],[9.606,46.707],[9.603,46.71],[9.6,46.71],[9.602,46.708],[9.6,46.706]],[[9.636,46.782],[9.632,46.783],[9.632,46.781],[9.636,46.782]],[[9.77,46.855],[9.774,46.855],[9.773,46.856],[9.77,46.855]]],[[[9.6,46.706],[9.604,46.706],[9.603,46.705],[9.6,46.706]]],[[[9.614,46.89],[9.612,46.897],[9.608,46.899],[9.609,46.906],[9.603,46.91],[9.604,46.913],[9.609,46.913],[9.61,46.91],[9.614,46.908],[9.614,46.904],[9.618,46.899],[9.614,46.89]]],[[[9.825,46.989],[9.812,46.988],[9.809,46.99],[9.809,46.992],[9.815,46.994],[9.81,46.996],[9.813,46.998],[9.814,47.001],[9.799,47.004],[9.798,47.006],[9.819,47.012],[9.811,47.017],[9.816,47.022],[9.82,47.022],[9.822,47.021],[9.82,47.019],[9.823,47.02],[9.836,47.014],[9.836,47.016],[9.839,47.018],[9.848,47.016],[9.842,47.012],[9.834,47.012],[9.836,47.009],[9.852,47.009],[9.842,47.003],[9.835,47.006],[9.83,47.005],[9.829,47.0],[9.835,46.996],[9.835,46.994],[9.825,46.989]]],[[[9.783,46.959],[9.774,46.955],[9.771,46.959],[9.763,46.963],[9.767,46.966],[9.771,46.964],[9.775,46.967],[9.784,46.963],[9.783,46.959]]],[[[9.711,47.022],[9.701,47.02],[9.697,47.028],[9.693,47.03],[9.695,47.032],[9.698,47.03],[9.712,47.031],[9.718,47.034],[9.728,47.035],[9.739,47.04],[9.732,47.041],[9.729,47.043],[9.715,47.044],[9.712,47.046],[9.702,47.047],[9.7,47.048],[9.7,47.05],[9.703,47.052],[9.709,47.05],[9.722,47.05],[9.725,47.047],[9.739,47.047],[9.745,47.042],[9.751,47.04],[9.765,47.042],[9.771,47.04],[9.78,47.04],[9.778,47.038],[9.768,47.039],[9.755,47.035],[9.748,47.036],[9.757,47.029],[9.751,47.025],[9.744,47.025],[9.731,47.028],[9.725,47.028],[9.721,47.026],[9.718,47.028],[9.711,47.022]]],[[[9.486,46.555],[9.486,46.557],[9.48,46.56],[9.473,46.559],[9.47,46.56],[9.469,46.562],[9.47,46.563],[9.477,46.565],[9.474,46.569],[9.469,46.571],[9.468,46.575],[9.465,46.578],[9.474,46.579],[9.477,46.577],[9.484,46.576],[9.488,46.577],[9.489,46.58],[9.488,46.582],[9.481,46.582],[9.47,46.589],[9.461,46.589],[9.457,46.591],[9.456,46.594],[9.458,46.6],[9.471,46.598],[9.475,46.6],[9.482,46.595],[9.488,46.596],[9.489,46.598],[9.488,46.6],[9.482,46.607],[9.476,46.611],[9.475,46.614],[9.467,46.618],[9.464,46.623],[9.472,46.625],[9.479,46.623],[9.482,46.625],[9.487,46.62],[9.498,46.618],[9.499,46.62],[9.484,46.631],[9.483,46.634],[9.486,46.636],[9.492,46.631],[9.494,46.631],[9.492,46.635],[9.496,46.635],[9.498,46.638],[9.497,46.642],[9.492,46.647],[9.503,46.654],[9.502,46.647],[9.506,46.637],[9.502,46.635],[9.509,46.635],[9.512,46.64],[9.514,46.638],[9.513,46.633],[9.515,46.631],[9.511,46.626],[9.512,46.624],[9.515,46.623],[9.528,46.629],[9.535,46.628],[9.53,46.624],[9.528,46.619],[9.518,46.618],[9.515,46.615],[9.513,46.615],[9.511,46.613],[9.514,46.611],[9.514,46.608],[9.504,46.608],[9.501000000000003,46.606],[9.504,46.605],[9.507,46.602],[9.507,46.599],[9.512,46.597],[9.507,46.595],[9.507,46.581],[9.513,46.585],[9.517,46.584],[9.518,46.586],[9.516,46.588],[9.524,46.592],[9.527,46.596],[9.533,46.591],[9.544,46.588],[9.536,46.582],[9.536,46.579],[9.533,46.577],[9.529,46.577],[9.527,46.574],[9.528,46.572],[9.526,46.564],[9.519,46.564],[9.515,46.566],[9.512,46.563],[9.516,46.564],[9.519,46.561],[9.519,46.559],[9.518,46.554],[9.51,46.552],[9.509,46.55],[9.511,46.545],[9.51,46.541],[9.513,46.536],[9.511,46.534],[9.515,46.536],[9.522,46.545],[9.528,46.549],[9.541,46.549],[9.545,46.547],[9.543,46.545],[9.547,46.538],[9.537,46.532],[9.537,46.525],[9.535,46.522],[9.538,46.522],[9.55,46.532],[9.564,46.534],[9.565,46.54],[9.569,46.542],[9.569,46.544],[9.566,46.547],[9.567,46.549],[9.565,46.553],[9.571,46.563],[9.575,46.564],[9.577,46.567],[9.588,46.568],[9.59,46.569],[9.589,46.571],[9.591,46.572],[9.593,46.571],[9.592,46.564],[9.587,46.562],[9.582,46.553],[9.59,46.55],[9.594,46.552],[9.6,46.55],[9.602,46.548],[9.599,46.544],[9.601,46.539],[9.6,46.538],[9.596,46.539],[9.593,46.533],[9.587,46.533],[9.586,46.528],[9.583,46.526],[9.576,46.523],[9.572,46.524],[9.569,46.522],[9.573,46.518],[9.571,46.515],[9.566,46.512],[9.555,46.509],[9.544,46.502],[9.557,46.502],[9.569,46.505],[9.585,46.496],[9.586,46.495],[9.583,46.492],[9.585,46.489],[9.588,46.492],[9.595,46.494],[9.597,46.497],[9.596,46.501],[9.592,46.503],[9.595,46.506],[9.595,46.508],[9.602,46.509],[9.604,46.505],[9.601,46.503],[9.605,46.504],[9.62,46.501],[9.614,46.498],[9.619,46.494],[9.62,46.487],[9.618,46.48],[9.623,46.471],[9.626,46.475],[9.633,46.475],[9.638,46.473],[9.638,46.471],[9.629,46.467],[9.628,46.46],[9.618,46.451],[9.618,46.444],[9.631,46.451],[9.632,46.455],[9.635,46.458],[9.642,46.459],[9.649,46.455],[9.651,46.442],[9.652,46.444],[9.655,46.444],[9.661,46.441],[9.668,46.446],[9.666,46.455],[9.668,46.457],[9.675,46.459],[9.688,46.457],[9.687,46.454],[9.691,46.455],[9.694,46.456],[9.695,46.459],[9.701,46.463],[9.711,46.463],[9.714,46.47],[9.721,46.471],[9.724,46.473],[9.74,46.473],[9.743,46.471],[9.753,46.471],[9.766,46.464],[9.775,46.462],[9.778,46.459],[9.775,46.457],[9.769,46.457],[9.765,46.453],[9.76,46.453],[9.755,46.448],[9.746,46.444],[9.742,46.443],[9.739,46.444],[9.732,46.441],[9.726,46.442],[9.723,46.44],[9.719,46.44],[9.713,46.434],[9.706,46.434],[9.705,46.431],[9.702,46.429],[9.703,46.427],[9.695,46.427],[9.699,46.425],[9.699,46.423],[9.696,46.42],[9.683,46.416],[9.679,46.411],[9.674,46.41],[9.673,46.408],[9.671,46.41],[9.66,46.41],[9.656,46.408],[9.646,46.409],[9.647,46.406],[9.643,46.404],[9.637,46.407],[9.63,46.403],[9.623,46.404],[9.62,46.402],[9.607,46.402],[9.597,46.397],[9.59,46.398],[9.59,46.395],[9.61,46.389],[9.62,46.39],[9.623,46.392],[9.636,46.392],[9.639,46.394],[9.643,46.394],[9.646,46.392],[9.64,46.385],[9.623,46.384],[9.616,46.382],[9.613,46.378],[9.612,46.373],[9.607,46.37],[9.59,46.371],[9.59,46.37],[9.58,46.373],[9.573,46.369],[9.568,46.369],[9.564,46.367],[9.547,46.369],[9.544,46.363],[9.541,46.365],[9.524,46.365],[9.521,46.363],[9.511,46.364],[9.498,46.361],[9.496,46.363],[9.496,46.366],[9.492,46.366],[9.489,46.368],[9.479,46.368],[9.476,46.371],[9.466,46.373],[9.46,46.378],[9.46,46.38],[9.464,46.384],[9.464,46.387],[9.467,46.389],[9.464,46.391],[9.464,46.409],[9.461,46.411],[9.461,46.414],[9.452,46.42],[9.452,46.429],[9.456,46.432],[9.457,46.459],[9.461,46.463],[9.46,46.468],[9.466,46.47],[9.464,46.472],[9.467,46.481],[9.47,46.472],[9.467,46.47],[9.468,46.467],[9.465,46.461],[9.468,46.458],[9.465,46.454],[9.466,46.452],[9.462,46.447],[9.466,46.442],[9.468,46.436],[9.471,46.434],[9.472,46.431],[9.48,46.427],[9.484,46.422],[9.484,46.419],[9.488,46.42],[9.493,46.417],[9.497,46.406],[9.496,46.404],[9.499,46.399],[9.498,46.397],[9.503,46.397],[9.508,46.392],[9.515,46.395],[9.509,46.395],[9.506,46.399],[9.511,46.406],[9.51,46.411],[9.506,46.417],[9.514,46.422],[9.51,46.423],[9.502,46.429],[9.506,46.433],[9.498,46.433],[9.495,46.436],[9.491,46.436],[9.487,46.442],[9.495,46.444],[9.499,46.447],[9.49,46.451],[9.49,46.454],[9.494,46.456],[9.49,46.467],[9.492,46.469],[9.492,46.472],[9.506,46.466],[9.517,46.458],[9.519,46.455],[9.516,46.449],[9.518,46.448],[9.521,46.452],[9.525,46.452],[9.528,46.456],[9.531,46.453],[9.542,46.448],[9.544,46.444],[9.542,46.441],[9.53,46.439],[9.527,46.436],[9.537,46.437],[9.54,46.435],[9.542,46.423],[9.545,46.421],[9.546,46.417],[9.549,46.414],[9.553,46.416],[9.554,46.421],[9.56,46.423],[9.563,46.427],[9.559,46.426],[9.553,46.43],[9.56,46.44],[9.559,46.446],[9.56,46.447],[9.57,46.447],[9.583,46.442],[9.592,46.433],[9.599,46.434],[9.599,46.438],[9.596,46.44],[9.596,46.443],[9.591,46.447],[9.59,46.45],[9.58,46.457],[9.571,46.459],[9.567,46.459],[9.564,46.457],[9.561,46.458],[9.558,46.462],[9.551,46.464],[9.542,46.47],[9.535,46.471],[9.532,46.473],[9.539,46.476],[9.539,46.478],[9.532,46.478],[9.526,46.482],[9.519,46.483],[9.516,46.486],[9.51,46.487],[9.49,46.495],[9.482,46.501],[9.481,46.505],[9.482,46.508],[9.484,46.509],[9.501,46.508],[9.507,46.511],[9.518,46.512],[9.518,46.514],[9.515,46.516],[9.491,46.518],[9.489,46.519],[9.486,46.526],[9.478,46.522],[9.475,46.526],[9.469,46.524],[9.462,46.524],[9.46,46.528],[9.463,46.531],[9.459,46.531],[9.451,46.535],[9.45,46.54],[9.453,46.543],[9.457,46.544],[9.457,46.546],[9.454,46.549],[9.457,46.551],[9.466,46.547],[9.473,46.547],[9.476,46.55],[9.479,46.55],[9.486,46.546],[9.495,46.546],[9.495,46.548],[9.492,46.549],[9.486,46.555]]],[[[9.699,46.477],[9.705,46.48],[9.707,46.476],[9.704,46.473],[9.699,46.477]]],[[[9.584,47.039],[9.577,47.037],[9.573,47.039],[9.571,47.042],[9.567,47.042],[9.565,47.046],[9.561,47.049],[9.551,47.049],[9.555,47.058],[9.565,47.06],[9.568,47.059],[9.571,47.061],[9.578,47.062],[9.572,47.066],[9.572,47.072],[9.56,47.08],[9.562,47.082],[9.565,47.08],[9.572,47.079],[9.574,47.077],[9.579,47.077],[9.579,47.073],[9.584,47.07],[9.584,47.068],[9.581,47.066],[9.585,47.068],[9.6,47.07],[9.606,47.072],[9.601,47.074],[9.6,47.075],[9.601,47.077],[9.609,47.079],[9.609,47.081],[9.605,47.082],[9.598,47.09],[9.606,47.095],[9.609,47.092],[9.622,47.092],[9.624,47.09],[9.631,47.088],[9.628,47.086],[9.621,47.086],[9.618,47.084],[9.621,47.081],[9.615,47.076],[9.614,47.068],[9.607,47.063],[9.614,47.058],[9.634,47.054],[9.647,47.062],[9.67,47.062],[9.673,47.064],[9.68,47.064],[9.683,47.062],[9.687,47.062],[9.702,47.052],[9.689,47.052],[9.684,47.055],[9.676,47.056],[9.674,47.057],[9.677,47.059],[9.676,47.06],[9.673,47.058],[9.659,47.058],[9.653,47.055],[9.652,47.051],[9.643,47.047],[9.633,47.05],[9.627,47.05],[9.623,47.048],[9.619,47.05],[9.611,47.05],[9.6,47.045],[9.584,47.052],[9.581,47.048],[9.584,47.046],[9.588,47.046],[9.591,47.043],[9.587,47.042],[9.584,47.039]]],[[[9.683,46.576],[9.683,46.574],[9.679,46.575],[9.676,46.572],[9.668,46.576],[9.665,46.581],[9.673,46.582],[9.68,46.579],[9.683,46.576]]],[[[9.623,47.112],[9.616,47.111],[9.613,47.113],[9.611,47.117],[9.613,47.119],[9.618,47.119],[9.613,47.122],[9.617,47.124],[9.62,47.123],[9.623,47.126],[9.627,47.127],[9.63,47.126],[9.625,47.121],[9.626,47.119],[9.623,47.112]]],[[[9.6,47.033],[9.613,47.034],[9.615,47.032],[9.606,47.027],[9.624,47.027],[9.625,47.025],[9.616,47.02],[9.612,47.016],[9.616,47.016],[9.617,47.014],[9.609,47.01],[9.606,47.012],[9.602,47.012],[9.59,47.021],[9.595,47.023],[9.597,47.025],[9.596,47.026],[9.59,47.027],[9.59,47.03],[9.583,47.029],[9.581,47.032],[9.586,47.037],[9.594,47.037],[9.6,47.033]]],[[[9.613,47.034],[9.616,47.035],[9.617,47.034],[9.613,47.034]]],[[[9.532,46.772],[9.527,46.772],[9.53,46.773],[9.532,46.772]]],[[[9.5,46.741],[9.496,46.741],[9.5,46.742],[9.5,46.744],[9.497,46.746],[9.509,46.752],[9.51,46.755],[9.506,46.757],[9.508,46.761],[9.505,46.764],[9.495,46.768],[9.488,46.778],[9.483,46.78],[9.481,46.787],[9.492,46.79],[9.492,46.793],[9.502,46.795],[9.505,46.792],[9.508,46.794],[9.511,46.793],[9.511,46.791],[9.505,46.784],[9.5,46.782],[9.499,46.78],[9.506,46.777],[9.504,46.777],[9.5,46.773],[9.504,46.77],[9.521,46.774],[9.529,46.77],[9.529,46.766],[9.524,46.763],[9.528,46.757],[9.528,46.754],[9.52,46.748],[9.515,46.748],[9.513,46.746],[9.513,46.743],[9.506,46.738],[9.5,46.741]]],[[[9.453,46.88],[9.456,46.879],[9.452,46.876],[9.448,46.877],[9.453,46.88]]],[[[9.456,46.879],[9.45,46.886],[9.45,46.893],[9.453,46.894],[9.46,46.89],[9.463,46.891],[9.464,46.893],[9.462,46.895],[9.462,46.899],[9.456,46.904],[9.464,46.906],[9.473,46.912],[9.483,46.912],[9.485,46.91],[9.483,46.908],[9.473,46.904],[9.473,46.902],[9.476,46.903],[9.481,46.901],[9.47,46.9],[9.475,46.897],[9.473,46.895],[9.478,46.895],[9.477,46.89],[9.469,46.891],[9.469,46.888],[9.459,46.886],[9.468,46.879],[9.462,46.876],[9.456,46.879]]],[[[7.089,46.161],[7.086,46.157],[7.083,46.159],[7.076,46.166],[7.073,46.172],[7.067,46.175],[7.066,46.177],[7.073,46.179],[7.073,46.181],[7.076,46.183],[7.074,46.186],[7.076,46.188],[7.073,46.19],[7.072,46.193],[7.054,46.206],[7.06,46.208],[7.061,46.211],[7.06,46.215],[7.054,46.22],[7.063,46.222],[7.066,46.225],[7.069,46.223],[7.07,46.224],[7.068,46.226],[7.069,46.231],[7.067,46.233],[7.069,46.235],[7.076,46.236],[7.079,46.238],[7.079,46.241],[7.085,46.244],[7.092,46.245],[7.094,46.242],[7.089,46.235],[7.079,46.228],[7.085,46.228],[7.087,46.226],[7.086,46.222],[7.089,46.219],[7.095,46.22],[7.095,46.222],[7.101,46.224],[7.102,46.227],[7.107,46.226],[7.109,46.231],[7.108,46.233],[7.112,46.238],[7.112,46.242],[7.109,46.244],[7.109,46.247],[7.121,46.252],[7.124,46.251],[7.128,46.254],[7.128,46.256],[7.135,46.26],[7.133,46.265],[7.134,46.267],[7.144,46.273],[7.155,46.276],[7.14,46.276],[7.134,46.272],[7.131,46.272],[7.121,46.267],[7.114,46.27],[7.102,46.271],[7.101,46.274],[7.105,46.275],[7.108,46.273],[7.111,46.275],[7.121,46.276],[7.117,46.278],[7.118,46.279],[7.137,46.281],[7.14,46.284],[7.147,46.285],[7.147,46.29],[7.145,46.292],[7.16,46.295],[7.163,46.298],[7.163,46.3],[7.16,46.301],[7.147,46.303],[7.143,46.301],[7.136,46.301],[7.13,46.297],[7.114,46.294],[7.11,46.298],[7.114,46.304],[7.117,46.298],[7.121,46.301],[7.124,46.3],[7.125,46.301],[7.123,46.305],[7.124,46.306],[7.13,46.307],[7.134,46.306],[7.14,46.311],[7.14,46.314],[7.144,46.317],[7.153,46.319],[7.156,46.327],[7.161,46.321],[7.165,46.319],[7.179,46.319],[7.185,46.321],[7.186,46.328],[7.189,46.33],[7.179,46.334],[7.176,46.337],[7.182,46.344],[7.189,46.347],[7.205,46.348],[7.206,46.353],[7.208,46.354],[7.237,46.357],[7.247,46.354],[7.254,46.354],[7.252,46.359],[7.254,46.364],[7.259,46.366],[7.26,46.369],[7.263,46.367],[7.266,46.37],[7.273,46.372],[7.281,46.371],[7.279,46.37],[7.279,46.366],[7.284,46.366],[7.284,46.369],[7.286,46.37],[7.296,46.368],[7.3,46.373],[7.294,46.38],[7.303,46.384],[7.304,46.387],[7.315,46.386],[7.318,46.389],[7.322,46.39],[7.331,46.389],[7.331,46.387],[7.326,46.382],[7.332,46.38],[7.331,46.375],[7.338,46.377],[7.341,46.382],[7.348,46.386],[7.354,46.385],[7.359,46.389],[7.361,46.393],[7.354,46.395],[7.352,46.4],[7.361,46.406],[7.37,46.408],[7.374,46.407],[7.376,46.409],[7.374,46.411],[7.374,46.414],[7.377,46.418],[7.374,46.423],[7.366,46.425],[7.367,46.427],[7.362,46.434],[7.374,46.436],[7.377,46.44],[7.38,46.461],[7.374,46.468],[7.375,46.47],[7.377,46.471],[7.386,46.468],[7.387,46.459],[7.39,46.459],[7.39,46.461],[7.393,46.464],[7.4,46.467],[7.403,46.47],[7.406,46.471],[7.41,46.468],[7.408,46.465],[7.403,46.464],[7.398,46.456],[7.392,46.452],[7.386,46.445],[7.386,46.441],[7.384,46.438],[7.385,46.432],[7.379,46.427],[7.38,46.423],[7.39,46.424],[7.396,46.432],[7.403,46.433],[7.409,46.439],[7.415,46.436],[7.409,46.432],[7.409,46.427],[7.404,46.425],[7.4,46.421],[7.383,46.416],[7.383,46.413],[7.393,46.413],[7.395,46.411],[7.395,46.409],[7.389,46.407],[7.388,46.402],[7.383,46.398],[7.387,46.396],[7.4,46.401],[7.402,46.405],[7.4125,46.402750000000005],[7.411,46.405],[7.413,46.405],[7.413,46.40264285714286],[7.416,46.402],[7.418,46.405],[7.426,46.406],[7.429,46.405],[7.424,46.4],[7.409,46.394],[7.408,46.391],[7.416,46.392],[7.419,46.391],[7.434,46.396],[7.442,46.396],[7.455,46.4],[7.461,46.409],[7.465,46.409],[7.468,46.411],[7.473,46.409],[7.486,46.409],[7.499,46.416],[7.501,46.418],[7.502,46.423],[7.51,46.427],[7.517,46.427],[7.517,46.432],[7.508,46.434],[7.507,46.437],[7.502,46.438],[7.502,46.441],[7.495,46.441],[7.491,46.439],[7.489,46.441],[7.491,46.443],[7.48,46.445],[7.487,46.45],[7.491,46.451],[7.491,46.455],[7.488,46.456],[7.487,46.459],[7.484,46.461],[7.489,46.463],[7.488,46.468],[7.487,46.47],[7.478,46.474],[7.476,46.477],[7.471,46.477],[7.461,46.483],[7.474,46.485],[7.478,46.489],[7.472,46.492],[7.471,46.496],[7.468,46.495],[7.461,46.501],[7.466,46.506],[7.471,46.508],[7.468,46.51],[7.455,46.511],[7.45,46.513],[7.454,46.517],[7.461,46.519],[7.468,46.518],[7.478,46.512],[7.481,46.513],[7.479,46.515],[7.481,46.516],[7.497,46.514],[7.505,46.517],[7.491,46.52],[7.481,46.529],[7.468,46.532],[7.461,46.536],[7.455,46.534],[7.448,46.536],[7.441,46.535],[7.431,46.528],[7.427,46.528],[7.427,46.533],[7.436,46.537],[7.433,46.54],[7.425,46.542],[7.432,46.544],[7.435,46.542],[7.439,46.542],[7.441,46.544],[7.436,46.549],[7.439,46.551],[7.442,46.55],[7.443,46.553],[7.448,46.556],[7.452,46.552],[7.455,46.552],[7.457,46.549],[7.451,46.542],[7.452,46.541],[7.456,46.544],[7.458,46.548],[7.468,46.553],[7.47,46.549],[7.468,46.547],[7.468,46.544],[7.465,46.542],[7.468,46.542],[7.474,46.547],[7.485,46.546],[7.488,46.548],[7.492,46.546],[7.492,46.544],[7.487,46.542],[7.486,46.54],[7.488,46.538],[7.494,46.538],[7.5,46.535],[7.504,46.53],[7.507,46.534],[7.51,46.534],[7.514,46.53],[7.52,46.538],[7.533,46.542],[7.534,46.544],[7.53,46.545],[7.517,46.544],[7.515,46.546],[7.514,46.549],[7.527,46.553],[7.523,46.556],[7.517,46.556],[7.514,46.558],[7.514,46.56],[7.51,46.562],[7.51,46.565],[7.515,46.564],[7.516999999999998,46.562],[7.523,46.566],[7.527,46.565],[7.528,46.562],[7.534,46.562],[7.521,46.573],[7.523,46.575],[7.53,46.575],[7.536,46.58],[7.544,46.58],[7.549,46.578],[7.549,46.575],[7.546,46.571],[7.549,46.569],[7.546,46.562],[7.553,46.561],[7.557,46.562],[7.559,46.565],[7.564,46.564],[7.569,46.566],[7.57,46.569],[7.569,46.58],[7.566,46.586],[7.564,46.587],[7.572,46.595],[7.576,46.594],[7.578,46.593],[7.579,46.589],[7.582,46.587],[7.589,46.588],[7.591,46.584],[7.582,46.576],[7.578,46.569],[7.578,46.566],[7.573,46.564],[7.575,46.56],[7.567,46.553],[7.568,46.548],[7.565,46.546],[7.565,46.542],[7.546,46.533],[7.543,46.533],[7.544,46.528],[7.536,46.524],[7.533,46.516],[7.53,46.514],[7.527,46.515],[7.526,46.513],[7.532,46.508],[7.533,46.505],[7.536,46.504],[7.54,46.507],[7.553,46.509],[7.555,46.506],[7.551,46.504],[7.55,46.501],[7.54,46.497],[7.52,46.507],[7.518,46.504],[7.519,46.501],[7.51,46.495],[7.497,46.496],[7.496,46.495],[7.5,46.49],[7.499,46.486],[7.492,46.481],[7.494,46.474],[7.5,46.478],[7.504,46.474],[7.505,46.477],[7.512,46.481],[7.514,46.484],[7.52,46.48],[7.525,46.479],[7.514,46.47],[7.494,46.46],[7.497,46.46],[7.5,46.455],[7.511,46.456],[7.51,46.459],[7.52,46.463],[7.523,46.461],[7.523,46.456],[7.52,46.453],[7.52,46.451],[7.527,46.457],[7.54,46.457],[7.543,46.463],[7.549,46.453],[7.563,46.454],[7.572,46.458],[7.579,46.457],[7.58,46.458],[7.579,46.459],[7.575,46.459],[7.573,46.461],[7.577,46.463],[7.579,46.467],[7.579,46.474],[7.582,46.476],[7.592,46.476],[7.595,46.478],[7.601,46.478],[7.602,46.481],[7.601,46.483],[7.613,46.49],[7.603,46.497],[7.611,46.498],[7.613,46.501],[7.618,46.503],[7.62,46.512],[7.618,46.515],[7.621,46.517],[7.628,46.513],[7.636,46.517],[7.638,46.521],[7.635,46.528],[7.625,46.53],[7.626,46.533],[7.635,46.539],[7.634,46.542],[7.637,46.545],[7.641,46.542],[7.64,46.537],[7.643,46.535],[7.644,46.53],[7.646,46.528],[7.644,46.526],[7.647,46.528],[7.65,46.526],[7.649,46.521],[7.65,46.519],[7.646,46.517],[7.644,46.514],[7.647,46.512],[7.654,46.512],[7.656,46.51],[7.645,46.508],[7.647,46.506],[7.647,46.503],[7.637,46.497],[7.631,46.497],[7.632,46.494],[7.635,46.492],[7.634,46.49],[7.644,46.491],[7.647,46.488],[7.634,46.483],[7.631,46.48],[7.628,46.481],[7.627,46.484],[7.627,46.481],[7.623,46.479],[7.617,46.472],[7.621,46.474],[7.623,46.47],[7.617,46.465],[7.617,46.463],[7.611,46.461],[7.61725,46.459125],[7.616,46.461],[7.618,46.462],[7.618,46.4589],[7.621,46.458],[7.624,46.459],[7.627,46.464],[7.631,46.466],[7.634,46.464],[7.637,46.469],[7.644,46.473],[7.646,46.472],[7.647,46.467],[7.646,46.465],[7.639,46.458],[7.627,46.45],[7.626,46.44],[7.631,46.438],[7.634,46.44],[7.636,46.447],[7.633,46.449],[7.637,46.453],[7.64,46.449],[7.643,46.452],[7.647,46.453],[7.65,46.449],[7.651,46.452],[7.647,46.454],[7.653,46.457],[7.663,46.459],[7.679,46.454],[7.686,46.455],[7.702,46.451],[7.718,46.439],[7.725,46.442],[7.735,46.442],[7.748,46.448],[7.752,46.456],[7.765,46.465],[7.761,46.468],[7.754,46.469],[7.753,46.465],[7.75,46.463],[7.75,46.46],[7.745,46.458],[7.741,46.459],[7.738,46.456],[7.731,46.455],[7.725,46.459],[7.715,46.461],[7.713,46.463],[7.715,46.467],[7.709,46.465],[7.702,46.466],[7.699,46.469],[7.693,46.469],[7.686,46.466],[7.682,46.467],[7.685,46.47],[7.676,46.47],[7.671,46.474],[7.673,46.476],[7.673,46.479],[7.68,46.479],[7.68,46.483],[7.683,46.487],[7.692,46.485],[7.693,46.488],[7.696,46.49],[7.699,46.489],[7.706,46.494],[7.712,46.491],[7.715,46.493],[7.722,46.494],[7.745,46.494],[7.746,46.496],[7.736,46.501],[7.737,46.505],[7.735,46.508],[7.735,46.514],[7.729,46.514],[7.719,46.51],[7.709,46.513],[7.696,46.513],[7.693,46.515],[7.701,46.524],[7.706,46.527],[7.709,46.526],[7.713,46.53],[7.709,46.537],[7.7,46.539],[7.697,46.544],[7.697,46.548],[7.691,46.551],[7.691,46.553],[7.694,46.555],[7.699,46.564],[7.708,46.559],[7.709,46.555],[7.716,46.552],[7.717,46.55],[7.722,46.549],[7.725,46.551],[7.726,46.55],[7.727,46.548],[7.722,46.544],[7.716,46.544],[7.715,46.541],[7.719,46.538],[7.722,46.539],[7.725,46.536],[7.738,46.543],[7.745,46.543],[7.75,46.541],[7.748,46.54],[7.748,46.538],[7.752,46.541],[7.758,46.542],[7.761,46.54],[7.768,46.54],[7.78,46.535],[7.781,46.528],[7.794,46.523],[7.795,46.525],[7.791,46.528],[7.796,46.532],[7.795,46.534],[7.787,46.535],[7.785,46.539],[7.787,46.541],[7.792,46.541],[7.795,46.543],[7.792,46.546],[7.784,46.548],[7.782,46.553],[7.774,46.554],[7.773,46.557],[7.766,46.562],[7.768,46.563],[7.771,46.562],[7.774,46.564],[7.784,46.563],[7.798,46.566],[7.806,46.575],[7.804,46.578],[7.8,46.577],[7.796,46.582],[7.804,46.586],[7.801,46.587],[7.793,46.586],[7.795,46.584],[7.794,46.583],[7.778,46.58],[7.775,46.582],[7.779,46.589],[7.779,46.591],[7.774,46.595],[7.776,46.598],[7.758,46.591],[7.752,46.592],[7.749,46.593],[7.753,46.602],[7.762,46.605],[7.762,46.607],[7.768,46.61],[7.775,46.611],[7.782,46.609],[7.784,46.606],[7.781,46.603],[7.778,46.606],[7.775,46.605],[7.771,46.601],[7.775,46.602],[7.778,46.6],[7.781,46.602],[7.788,46.603],[7.788,46.6],[7.786,46.6],[7.804,46.598],[7.808,46.6],[7.804,46.606],[7.803,46.611],[7.799,46.613],[7.801,46.616],[7.806,46.615],[7.807,46.613],[7.806,46.611],[7.811,46.609],[7.814,46.605],[7.816,46.606],[7.816,46.609],[7.82,46.61],[7.837,46.61],[7.839,46.618],[7.841,46.622],[7.844,46.624],[7.844,46.627],[7.85,46.63],[7.853,46.626],[7.866,46.628],[7.87,46.627],[7.872,46.624],[7.866,46.622],[7.863,46.623],[7.856,46.619],[7.856,46.617],[7.853,46.615],[7.866,46.616],[7.868,46.615],[7.868,46.613],[7.862,46.608],[7.846,46.6],[7.85,46.595],[7.846,46.589],[7.843,46.588],[7.843,46.586],[7.863,46.599],[7.873,46.599],[7.876,46.601],[7.878,46.597],[7.873,46.592],[7.871,46.584],[7.872,46.582],[7.873,46.584],[7.878,46.584],[7.882,46.575],[7.879,46.572],[7.865,46.568],[7.866,46.561],[7.85,46.559],[7.853,46.555],[7.865,46.55],[7.862,46.548],[7.853,46.547],[7.843,46.549],[7.84,46.548],[7.838,46.541],[7.833,46.537],[7.829,46.537],[7.828,46.53],[7.83,46.528],[7.834,46.528],[7.832,46.525],[7.834,46.523],[7.837,46.525],[7.839,46.529],[7.843,46.528],[7.845,46.53],[7.852,46.532],[7.866,46.532],[7.865,46.529],[7.872,46.531],[7.875,46.536],[7.879,46.536],[7.887,46.53],[7.882,46.525],[7.875,46.521],[7.865,46.519],[7.865,46.516],[7.862,46.514],[7.862,46.508],[7.872,46.513],[7.885,46.51],[7.908,46.513],[7.911,46.516],[7.911,46.521],[7.914,46.523],[7.913,46.525],[7.918,46.527],[7.921,46.525],[7.924,46.526],[7.928,46.534],[7.921,46.538],[7.918,46.543],[7.919,46.548],[7.922,46.55],[7.921,46.552],[7.916,46.554],[7.915,46.559],[7.916,46.561],[7.921,46.563],[7.928,46.562],[7.938,46.565],[7.946,46.563],[7.954,46.564],[7.958,46.565],[7.959,46.57],[7.967,46.572],[7.967,46.574],[7.96,46.578],[7.957,46.586],[7.947,46.582],[7.941,46.583],[7.944,46.594],[7.948,46.597],[7.951,46.597],[7.97,46.587],[7.974,46.591],[7.981,46.59],[7.983,46.592],[7.987,46.592],[7.993,46.595],[8.003,46.596],[8.006,46.6],[8.01,46.599],[8.023,46.603],[8.028,46.603],[8.029,46.606],[8.043,46.608],[8.045,46.599],[8.048,46.596],[8.045,46.593],[8.045,46.591],[8.052,46.591],[8.057,46.587],[8.081,46.589],[8.085,46.592],[8.075,46.596],[8.072,46.594],[8.067,46.596],[8.069,46.601],[8.074,46.603],[8.066,46.605],[8.064,46.61],[8.059,46.611],[8.056,46.614],[8.059,46.617],[8.069,46.621],[8.078,46.627],[8.082,46.627],[8.084,46.625],[8.081,46.623],[8.085,46.625],[8.088,46.622],[8.102,46.623],[8.093,46.625],[8.092,46.63],[8.084,46.632],[8.091,46.643],[8.09,46.652],[8.098,46.655],[8.095,46.657],[8.089,46.657],[8.089,46.655],[8.087,46.657],[8.086,46.659],[8.09,46.664],[8.089,46.665],[8.085,46.664],[8.083,46.661],[8.075,46.664],[8.074,46.661],[8.071,46.661],[8.071,46.664],[8.069,46.665],[8.068,46.664],[8.069,46.661],[8.056,46.658],[8.049,46.663],[8.045,46.662],[8.043,46.657],[8.036,46.654],[8.02,46.66],[8.013,46.656],[8.007,46.66],[8.006,46.657],[8.004,46.656],[8.001,46.657],[7.997,46.662],[7.991,46.659],[7.987,46.66],[7.981,46.657],[7.966,46.66],[7.955,46.659],[7.953,46.66],[7.955,46.661],[7.956,46.664],[7.955,46.665],[7.951,46.665],[7.944,46.669],[7.932,46.667],[7.929,46.669],[7.93,46.671],[7.932,46.673],[7.942,46.673],[7.945,46.676],[7.946,46.68],[7.949,46.682],[7.948,46.685],[7.952,46.687],[7.962,46.689],[7.965,46.691],[7.972,46.689],[7.978,46.691],[7.982,46.689],[7.985,46.691],[7.982,46.693],[7.985,46.696],[7.984,46.698],[7.985,46.7],[7.991,46.704],[7.994,46.702],[8.001,46.703],[8.004,46.702],[8.007,46.704],[8.011,46.703],[8.012,46.702],[8.009,46.7],[8.009,46.698],[8.017,46.696],[8.007564516129035,46.69091935483871],[8.014,46.69],[8.024,46.693],[8.027,46.691],[8.03,46.692],[8.033,46.688],[8.043,46.688],[8.045,46.689],[8.038,46.693],[8.034,46.7],[8.039499999999997,46.7022],[8.035,46.704],[8.035,46.707],[8.037,46.709],[8.035,46.713],[8.037,46.715],[8.05,46.714],[8.052,46.716],[8.057,46.717],[8.066,46.717],[8.069,46.715],[8.073,46.715],[8.073,46.713],[8.079,46.711],[8.084,46.711],[8.093,46.713],[8.098,46.718],[8.109,46.719],[8.112,46.721],[8.116,46.721],[8.124,46.715],[8.129,46.715],[8.131,46.713],[8.133,46.713],[8.131,46.715],[8.135,46.719],[8.142,46.719],[8.145,46.717],[8.142,46.715],[8.143,46.713],[8.147,46.711],[8.146,46.706],[8.154,46.701],[8.151,46.699],[8.144,46.699],[8.144,46.697],[8.141,46.695],[8.137,46.695],[8.132,46.691],[8.118,46.691],[8.116,46.686],[8.119,46.684],[8.118,46.681],[8.103,46.677],[8.106,46.673],[8.103,46.668],[8.104,46.666],[8.102,46.664],[8.098,46.666],[8.098,46.664],[8.102,46.663],[8.108,46.665],[8.111,46.664],[8.112,46.66],[8.115,46.663],[8.123,46.666],[8.128,46.666],[8.129,46.663],[8.132,46.666],[8.132,46.668],[8.129,46.67],[8.131,46.672],[8.148,46.678],[8.154,46.674],[8.157,46.675],[8.161,46.672],[8.164,46.674],[8.17,46.671],[8.172,46.672],[8.172,46.674],[8.167,46.681],[8.167,46.684],[8.171,46.685],[8.172,46.688],[8.177,46.689],[8.187,46.695],[8.197,46.696],[8.199,46.694],[8.19,46.688],[8.19,46.686],[8.187,46.684],[8.187,46.672],[8.18,46.672],[8.18,46.665],[8.178,46.663],[8.178,46.661],[8.186,46.659],[8.193,46.654],[8.193,46.652],[8.189,46.65],[8.189,46.647],[8.206,46.64],[8.219,46.64],[8.222,46.642],[8.226,46.64],[8.231,46.636],[8.232,46.633],[8.236,46.633],[8.239,46.635],[8.242,46.634],[8.242,46.64],[8.237,46.642],[8.235,46.646],[8.23,46.647],[8.233,46.649],[8.232,46.65],[8.229,46.65],[8.227,46.652],[8.219,46.652],[8.217,46.654],[8.221,46.656],[8.22,46.658],[8.223,46.66],[8.221,46.663],[8.221,46.667],[8.229,46.676],[8.232,46.674],[8.232,46.668],[8.239,46.662],[8.25,46.663],[8.259,46.661],[8.261,46.658],[8.255,46.654],[8.254,46.649],[8.255,46.648],[8.275,46.65],[8.281,46.646],[8.284,46.647],[8.288,46.645],[8.29,46.642],[8.287,46.638],[8.287,46.635],[8.284,46.634],[8.284,46.63],[8.294,46.629],[8.293,46.626],[8.29,46.624],[8.296,46.622],[8.294,46.62],[8.284,46.62],[8.281,46.622],[8.277,46.622],[8.277,46.617],[8.28,46.615],[8.28,46.613],[8.277,46.61],[8.281,46.61],[8.287,46.613],[8.296,46.611],[8.299,46.608],[8.296,46.606],[8.297,46.604],[8.3,46.606],[8.303,46.605],[8.315,46.597],[8.313,46.592],[8.319,46.59],[8.318,46.588],[8.323,46.581],[8.329,46.583],[8.335,46.579],[8.331,46.577],[8.332,46.576],[8.339,46.579],[8.339,46.581],[8.336,46.583],[8.337,46.59],[8.333,46.592],[8.336,46.594],[8.336,46.597],[8.332,46.601],[8.333,46.605],[8.33,46.608],[8.326,46.608],[8.321,46.613],[8.339,46.619],[8.343,46.622],[8.339,46.624],[8.337,46.621],[8.332,46.621],[8.334,46.628],[8.33,46.629],[8.329,46.622],[8.326,46.62],[8.32,46.62],[8.317,46.622],[8.317,46.631],[8.319,46.635],[8.315,46.637],[8.317,46.638],[8.317,46.642],[8.314,46.644],[8.318,46.646],[8.314,46.651],[8.321,46.655],[8.321,46.662],[8.314,46.662],[8.308,46.667],[8.308,46.672],[8.301,46.673],[8.299,46.68],[8.295,46.681],[8.291,46.679],[8.285,46.679],[8.285,46.687],[8.282,46.69],[8.272,46.688],[8.269,46.689],[8.269,46.693],[8.26,46.699],[8.256,46.699],[8.254,46.701],[8.276,46.701],[8.279,46.703],[8.279,46.705],[8.282,46.706],[8.295,46.706],[8.299,46.711],[8.301,46.709],[8.305,46.709],[8.315,46.713],[8.324,46.709],[8.323,46.705],[8.334,46.699],[8.347,46.7],[8.354,46.696],[8.35,46.69],[8.356,46.687],[8.357,46.683],[8.359,46.689],[8.362,46.691],[8.36,46.693],[8.362,46.695],[8.363,46.7],[8.357,46.701],[8.352,46.705],[8.347,46.705],[8.344,46.711],[8.336,46.716],[8.336,46.718],[8.341,46.72],[8.341,46.723],[8.344,46.727],[8.348,46.728],[8.354,46.733],[8.368,46.735],[8.374,46.733],[8.384,46.733],[8.387,46.731],[8.405,46.731],[8.407,46.733],[8.409,46.731],[8.417,46.731],[8.423,46.733],[8.42,46.736],[8.417,46.734],[8.413,46.734],[8.411,46.736],[8.413,46.738],[8.407,46.738],[8.394,46.745],[8.387,46.745],[8.385,46.747],[8.391,46.751],[8.401,46.753],[8.407,46.76],[8.414,46.762],[8.414,46.765],[8.407,46.767],[8.409,46.765],[8.404,46.762],[8.391,46.762],[8.388,46.76],[8.389,46.758],[8.387,46.758],[8.387,46.76],[8.384,46.761],[8.381,46.759],[8.375,46.759],[8.368,46.755],[8.361,46.756],[8.351,46.754],[8.348,46.752],[8.333,46.75],[8.315,46.741],[8.302,46.737],[8.296,46.739],[8.3,46.741],[8.305,46.748],[8.309,46.75],[8.312,46.754],[8.319,46.756],[8.324,46.763],[8.332,46.765],[8.327,46.768],[8.339,46.774],[8.34,46.779],[8.345,46.781],[8.332,46.782],[8.318,46.772],[8.306,46.766],[8.304,46.763],[8.299,46.762],[8.293,46.757],[8.289,46.757],[8.286,46.753],[8.28,46.75],[8.276,46.751],[8.272,46.748],[8.274,46.746],[8.272,46.743],[8.27,46.742],[8.266,46.744],[8.263,46.743],[8.25,46.733],[8.247,46.733],[8.243,46.734],[8.241,46.737],[8.242,46.739],[8.234,46.744],[8.235,46.75],[8.239,46.753],[8.244,46.752],[8.241,46.755],[8.246,46.759],[8.24,46.76],[8.231,46.757],[8.227,46.753],[8.221,46.76],[8.209,46.766],[8.207,46.769],[8.188,46.769],[8.183,46.773],[8.183,46.776],[8.186,46.778],[8.186,46.78],[8.19,46.78],[8.193,46.775],[8.192,46.773],[8.198,46.773],[8.198,46.775],[8.201,46.777],[8.208,46.777],[8.214,46.768],[8.218,46.768],[8.221,46.77],[8.224,46.768],[8.229,46.771],[8.227,46.772],[8.227,46.777],[8.224,46.784],[8.221,46.785],[8.218,46.789],[8.225,46.797],[8.231,46.796],[8.239,46.798],[8.24,46.795],[8.245,46.795],[8.245,46.798],[8.242,46.8],[8.244,46.807],[8.247,46.802],[8.261,46.804],[8.263,46.802],[8.26,46.8],[8.26,46.797],[8.257,46.796],[8.252,46.786],[8.247,46.781],[8.254,46.782],[8.264,46.788],[8.277,46.79],[8.28,46.792],[8.297,46.792],[8.298,46.797],[8.31,46.803],[8.313,46.806],[8.318,46.806],[8.316,46.808],[8.31,46.808],[8.304,46.811],[8.307,46.812],[8.31,46.816],[8.313,46.815],[8.311,46.817],[8.312,46.82],[8.309,46.822],[8.311,46.824],[8.308,46.826],[8.31,46.828],[8.32,46.829],[8.322,46.831],[8.317,46.833],[8.32,46.835],[8.324,46.835],[8.325,46.84],[8.33,46.844],[8.337,46.839],[8.347,46.844],[8.353,46.844],[8.356,46.842],[8.353,46.84],[8.345,46.84],[8.346,46.837],[8.349,46.835],[8.351,46.835],[8.353,46.838],[8.354,46.837],[8.355,46.83],[8.35,46.828],[8.343,46.829],[8.34,46.827],[8.333,46.828],[8.323,46.822],[8.333,46.821],[8.339,46.815],[8.343,46.817],[8.347,46.815],[8.349,46.812],[8.356,46.812],[8.365,46.803],[8.369,46.805],[8.375,46.805],[8.379,46.808],[8.39,46.803],[8.394,46.799],[8.392,46.797],[8.388,46.798],[8.387,46.796],[8.392,46.793],[8.395,46.794],[8.393,46.796],[8.395,46.798],[8.401,46.798],[8.405,46.796],[8.415,46.802],[8.418,46.8],[8.424,46.802],[8.426,46.801],[8.424,46.8],[8.424,46.793],[8.428,46.796],[8.434,46.797],[8.444,46.795],[8.445,46.791],[8.443,46.787],[8.444,46.785],[8.463,46.789],[8.467,46.786],[8.473,46.786],[8.483,46.793],[8.489,46.793],[8.5,46.797],[8.503,46.795],[8.503,46.798],[8.507,46.8],[8.505,46.804],[8.505,46.809],[8.51,46.813],[8.51,46.816],[8.505,46.82],[8.508,46.822],[8.507,46.824],[8.503,46.823],[8.49,46.814],[8.489,46.811],[8.48,46.805],[8.47,46.803],[8.46,46.809],[8.459,46.812],[8.466,46.816],[8.465,46.823],[8.459,46.823],[8.454,46.819],[8.441,46.823],[8.445,46.826],[8.445,46.83],[8.449,46.832],[8.449,46.834],[8.443,46.836],[8.446,46.839],[8.445,46.846],[8.435,46.848],[8.432,46.851],[8.429,46.848],[8.422,46.846],[8.419,46.848],[8.418,46.843],[8.415,46.842],[8.409,46.847],[8.404,46.848],[8.404,46.85],[8.41,46.855],[8.409,46.857],[8.399,46.861],[8.399,46.864],[8.403,46.865],[8.41,46.864],[8.41,46.868],[8.407,46.871],[8.409,46.872],[8.419,46.872],[8.421,46.87],[8.419,46.868],[8.422,46.87],[8.425,46.868],[8.422428571428572,46.866285714285716],[8.423,46.866],[8.426,46.868],[8.429,46.867],[8.454,46.872],[8.445,46.873],[8.437,46.877],[8.439,46.879],[8.447,46.879],[8.449,46.881],[8.456,46.881],[8.46,46.884],[8.469,46.885],[8.473,46.888],[8.475,46.892],[8.478,46.889],[8.482,46.888],[8.505,46.894],[8.507,46.89],[8.501,46.886],[8.495,46.886],[8.492,46.884],[8.475,46.881],[8.481,46.877],[8.488,46.879],[8.491,46.876],[8.495,46.876],[8.501,46.872],[8.501,46.867],[8.506,46.867],[8.508,46.869],[8.509,46.867],[8.513,46.867],[8.519,46.876],[8.525,46.878],[8.534,46.886],[8.537,46.883],[8.537,46.878],[8.541,46.874],[8.554,46.875],[8.56,46.879],[8.566,46.88],[8.57,46.887],[8.577,46.887],[8.58,46.882],[8.577,46.878],[8.579,46.876],[8.56,46.867],[8.56,46.862],[8.558,46.858],[8.559,46.853],[8.556,46.851],[8.56,46.848],[8.579,46.85],[8.583,46.848],[8.579,46.846],[8.566,46.845],[8.56,46.841],[8.559,46.839],[8.563,46.838],[8.565,46.835],[8.561,46.833],[8.566,46.83],[8.569,46.833],[8.576,46.835],[8.602,46.837],[8.611,46.83],[8.608,46.827],[8.599,46.828],[8.589,46.826],[8.582,46.822],[8.568,46.82],[8.563,46.817],[8.561,46.817],[8.559,46.82],[8.557,46.817],[8.544,46.811],[8.548,46.809],[8.548,46.806],[8.545,46.804],[8.549,46.806],[8.553,46.802],[8.553,46.804],[8.559,46.808],[8.588,46.808],[8.597,46.801],[8.603,46.801],[8.611,46.804],[8.615,46.799],[8.627,46.796],[8.629,46.794],[8.627,46.793],[8.627,46.791],[8.63,46.787],[8.634,46.787],[8.637,46.785],[8.63,46.783],[8.626,46.785],[8.621,46.791],[8.606,46.792],[8.604,46.791],[8.603,46.785],[8.607,46.785],[8.612,46.781],[8.613,46.774],[8.61,46.772],[8.607,46.777],[8.597,46.773],[8.594,46.774],[8.594,46.772],[8.597,46.77],[8.59,46.765],[8.607,46.756],[8.608,46.754],[8.607,46.753],[8.6,46.75],[8.594,46.752],[8.591,46.754],[8.59,46.757],[8.584,46.759],[8.581,46.762],[8.574,46.764],[8.568,46.763],[8.558,46.757],[8.561,46.754],[8.574,46.751],[8.58,46.747],[8.583,46.743],[8.583,46.738],[8.589,46.734],[8.591,46.729],[8.59,46.728],[8.575,46.734],[8.572,46.736],[8.571,46.739],[8.562,46.741],[8.554,46.74],[8.541,46.744],[8.539,46.746],[8.528,46.747],[8.525,46.745],[8.523,46.748],[8.515,46.748],[8.513,46.75],[8.515,46.751],[8.516,46.755],[8.511,46.757],[8.509,46.76],[8.505,46.759],[8.502,46.762],[8.503,46.764],[8.499,46.766],[8.495,46.764],[8.496,46.762],[8.499,46.762],[8.502,46.757],[8.499,46.755],[8.501,46.748],[8.499,46.747],[8.492,46.75],[8.482,46.749],[8.473,46.752],[8.468,46.749],[8.468,46.746],[8.459,46.742],[8.456,46.739],[8.456,46.737],[8.469,46.745],[8.486,46.743],[8.494,46.739],[8.505,46.739],[8.508,46.736],[8.515,46.733],[8.517,46.73],[8.525,46.731],[8.534,46.727],[8.538,46.727],[8.54,46.723],[8.53,46.719],[8.535,46.714],[8.544,46.713],[8.547,46.714],[8.55,46.718],[8.553,46.716],[8.554,46.713],[8.56,46.716],[8.566,46.712],[8.566,46.709],[8.57,46.709],[8.573,46.705],[8.563,46.7],[8.56,46.701],[8.559,46.7],[8.562,46.698],[8.556,46.694],[8.556,46.691],[8.569,46.691],[8.572,46.689],[8.571,46.687],[8.563,46.683],[8.548,46.683],[8.546,46.681],[8.543,46.681],[8.538,46.678],[8.54,46.676],[8.536,46.672],[8.53,46.679],[8.527,46.677],[8.523,46.679],[8.52,46.677],[8.518,46.678],[8.518,46.681],[8.51,46.681],[8.507,46.683],[8.501,46.682],[8.5,46.679],[8.503,46.676],[8.502,46.674],[8.514,46.671],[8.515,46.669],[8.52,46.668],[8.522,46.665],[8.52,46.663],[8.505,46.663],[8.501,46.658],[8.495,46.654],[8.494,46.651],[8.49,46.651],[8.489,46.654],[8.484,46.657],[8.481,46.655],[8.465,46.661],[8.459,46.661],[8.454,46.659],[8.454,46.656],[8.458,46.656],[8.464,46.652],[8.467,46.645],[8.474,46.647],[8.477,46.645],[8.484,46.644],[8.497,46.644],[8.5,46.646],[8.51,46.647],[8.513,46.649],[8.53,46.649],[8.533,46.652],[8.543,46.651],[8.556,46.655],[8.565,46.656],[8.569,46.656],[8.572,46.653],[8.569,46.649],[8.561,46.644],[8.561,46.637],[8.555,46.631],[8.552,46.63],[8.545,46.632],[8.542,46.629],[8.536,46.628],[8.529,46.63],[8.523,46.629],[8.521,46.627],[8.526,46.625],[8.528,46.622],[8.526,46.62],[8.509,46.614],[8.503,46.614],[8.496,46.609],[8.49,46.614],[8.486,46.614],[8.483,46.616],[8.484,46.613],[8.492,46.609],[8.492,46.607],[8.479,46.598],[8.482,46.595],[8.482,46.591],[8.475,46.591],[8.47,46.594],[8.457,46.594],[8.45,46.592],[8.45,46.59],[8.456,46.591],[8.469,46.587],[8.473,46.584],[8.482,46.583],[8.486,46.584],[8.488,46.582],[8.484,46.575],[8.465,46.564],[8.467,46.564],[8.481,46.571],[8.489,46.57],[8.491,46.571],[8.489,46.573],[8.492,46.576],[8.498,46.573],[8.498,46.571],[8.502,46.574],[8.499,46.58],[8.502,46.581],[8.502,46.584],[8.505,46.589],[8.512,46.593],[8.515,46.597],[8.522,46.6],[8.535,46.602],[8.542,46.606],[8.545,46.605],[8.548,46.609],[8.551,46.61],[8.558,46.609],[8.557,46.602],[8.551,46.593],[8.554,46.59],[8.554,46.587],[8.559,46.586],[8.571,46.594],[8.573,46.592],[8.578,46.592],[8.58,46.594],[8.584,46.593],[8.585,46.594],[8.584,46.596],[8.577,46.597],[8.573,46.601],[8.578,46.606],[8.578,46.617],[8.584,46.619],[8.591,46.616],[8.593,46.617],[8.591,46.624],[8.598,46.629],[8.607,46.626],[8.611,46.627],[8.624,46.625],[8.639,46.612],[8.658,46.609],[8.659,46.612],[8.647,46.628],[8.634,46.634],[8.634,46.637],[8.622,46.639],[8.622,46.641],[8.634,46.653],[8.641,46.656],[8.647,46.661],[8.644,46.662],[8.641,46.66],[8.634,46.659],[8.628,46.655],[8.614,46.652],[8.601,46.654],[8.597,46.657],[8.615,46.668],[8.625,46.672],[8.628,46.675],[8.628,46.678],[8.622,46.68],[8.615,46.678],[8.613,46.682],[8.618,46.684],[8.619,46.686],[8.616,46.691],[8.617,46.695],[8.623,46.7],[8.623,46.702],[8.629,46.704],[8.63,46.709],[8.635,46.711],[8.631,46.715],[8.635,46.719],[8.637,46.718],[8.637,46.713],[8.643,46.711],[8.638,46.708],[8.645,46.706],[8.654,46.699],[8.654,46.692],[8.663,46.704],[8.668,46.706],[8.668,46.708],[8.665,46.708],[8.661,46.705],[8.659,46.706],[8.66,46.711],[8.663,46.713],[8.66,46.715],[8.663,46.72],[8.668,46.722],[8.671,46.721],[8.675,46.724],[8.665,46.723],[8.659,46.726],[8.665,46.728],[8.674,46.735],[8.665,46.737],[8.661,46.74],[8.672,46.746],[8.673,46.749],[8.67,46.751],[8.672,46.753],[8.676,46.755],[8.681,46.755],[8.685,46.76],[8.692,46.761],[8.693,46.758],[8.698,46.755],[8.696,46.751],[8.698,46.741],[8.703,46.739],[8.706,46.733],[8.716,46.73],[8.714,46.729],[8.714,46.726],[8.721,46.728],[8.724,46.725],[8.724,46.732],[8.727,46.735],[8.727,46.744],[8.725,46.746],[8.728,46.748],[8.734,46.746],[8.738,46.75],[8.747,46.752],[8.738,46.753],[8.735,46.755],[8.738,46.757],[8.746,46.757],[8.748,46.761],[8.755,46.761],[8.758,46.764],[8.761,46.764],[8.758,46.768],[8.761,46.769],[8.771,46.767],[8.772,46.768],[8.77,46.772],[8.777,46.774],[8.778,46.777],[8.797,46.778],[8.8,46.777],[8.8,46.775],[8.807,46.78],[8.804,46.783],[8.793,46.786],[8.804,46.796],[8.807,46.797],[8.805,46.799],[8.807,46.801],[8.805,46.803],[8.806,46.806],[8.811,46.81],[8.814,46.809],[8.818,46.81],[8.819,46.812],[8.818,46.813],[8.814,46.814],[8.808,46.812],[8.804,46.806],[8.801,46.804],[8.797,46.804],[8.791,46.8],[8.762,46.792],[8.758,46.793],[8.759,46.791],[8.758,46.79],[8.755,46.791],[8.752,46.788],[8.748,46.787],[8.726,46.792],[8.712,46.792],[8.709,46.79],[8.7,46.796],[8.703,46.799],[8.706,46.798],[8.703,46.8],[8.703,46.803],[8.7,46.803],[8.698,46.805],[8.706,46.809],[8.707,46.814],[8.7,46.818],[8.7,46.821],[8.697,46.819],[8.693,46.819],[8.692,46.827],[8.687,46.83],[8.677,46.831],[8.672,46.836],[8.674,46.838],[8.694,46.838],[8.703,46.841],[8.704,46.843],[8.71,46.841],[8.711,46.843],[8.709,46.847],[8.711,46.85],[8.717,46.853],[8.72,46.851],[8.73,46.852],[8.734,46.86],[8.737,46.86],[8.743,46.857],[8.747,46.857],[8.75,46.854],[8.749,46.851],[8.747,46.85],[8.74,46.851],[8.733,46.848],[8.732,46.843],[8.733,46.839],[8.748,46.831],[8.743,46.828],[8.739,46.829],[8.736,46.832],[8.733,46.83],[8.73,46.831],[8.723,46.83],[8.722,46.829],[8.723,46.827],[8.73,46.826],[8.733,46.824],[8.735,46.827],[8.747,46.827],[8.747,46.82],[8.749,46.819],[8.766,46.821],[8.767,46.824],[8.772,46.827],[8.776,46.827],[8.783,46.831],[8.78,46.838],[8.78,46.842],[8.783,46.844],[8.78,46.847],[8.782,46.853],[8.781,46.858],[8.801,46.86],[8.809,46.857],[8.816,46.861],[8.822,46.859],[8.829,46.859],[8.826,46.862],[8.829,46.864],[8.826,46.866],[8.829,46.868],[8.831,46.873],[8.826,46.878],[8.813,46.876],[8.81,46.878],[8.81,46.881],[8.806,46.88],[8.803,46.883],[8.79,46.883],[8.784,46.885],[8.774,46.892],[8.76,46.894],[8.757,46.892],[8.755,46.894],[8.744,46.895],[8.736,46.899],[8.728,46.9],[8.722,46.907],[8.719,46.908],[8.719,46.913],[8.708,46.913],[8.705,46.91],[8.704,46.913],[8.7,46.915],[8.692,46.914],[8.686,46.918],[8.673,46.918],[8.666,46.925],[8.653,46.929],[8.657,46.933],[8.66,46.932],[8.667,46.935],[8.67,46.933],[8.67,46.93],[8.676,46.934],[8.68,46.933],[8.683,46.935],[8.686,46.932],[8.686,46.935],[8.693,46.938],[8.696,46.941],[8.717,46.946],[8.728,46.951],[8.739,46.952],[8.746,46.955],[8.756,46.955],[8.762,46.952],[8.758,46.95],[8.758,46.946],[8.755,46.944],[8.755,46.941],[8.753,46.939],[8.735,46.929],[8.732,46.93],[8.722,46.924],[8.739,46.926],[8.752,46.931],[8.758,46.931],[8.764,46.928],[8.762,46.926],[8.758,46.926],[8.758,46.923],[8.754,46.919],[8.751,46.917],[8.741,46.917],[8.738,46.914],[8.731,46.912],[8.742,46.913],[8.756,46.91],[8.765,46.917],[8.768,46.921],[8.767,46.923],[8.768,46.924],[8.781,46.925],[8.776,46.93],[8.778,46.932],[8.785,46.933],[8.788,46.939],[8.782,46.939],[8.779,46.941],[8.776,46.948],[8.779,46.949],[8.782,46.953],[8.787,46.954],[8.787,46.957],[8.789,46.958],[8.795,46.956],[8.798,46.952],[8.802,46.953],[8.806,46.95],[8.807,46.947],[8.8,46.943],[8.8,46.941],[8.795,46.936],[8.802,46.936],[8.814,46.939],[8.816,46.938],[8.811,46.929],[8.807,46.927],[8.808,46.926],[8.814,46.931],[8.819,46.932],[8.82,46.934],[8.824,46.935],[8.827,46.931],[8.827,46.929],[8.824,46.927],[8.824,46.924],[8.83,46.916],[8.83,46.912],[8.832,46.911],[8.827,46.907],[8.812,46.905],[8.81,46.902],[8.81,46.898],[8.807,46.896],[8.807,46.893],[8.808,46.896],[8.817,46.9],[8.841,46.904],[8.843,46.906],[8.846,46.9],[8.861,46.897],[8.86,46.9],[8.852,46.902],[8.851,46.904],[8.853,46.905],[8.853,46.909],[8.867,46.913],[8.867,46.915],[8.87,46.918],[8.865,46.922],[8.853,46.925],[8.851,46.927],[8.86,46.931],[8.861,46.933],[8.854,46.94],[8.865,46.951],[8.854,46.952],[8.852,46.954],[8.858,46.955],[8.877,46.963],[8.891,46.966],[8.868,46.966],[8.861,46.969],[8.856,46.978],[8.856,46.981],[8.864,46.987],[8.861,46.989],[8.867,46.994],[8.865,46.996],[8.868,46.998],[8.866,47.003],[8.876,47.01],[8.889,47.011],[8.895,47.015],[8.905,47.017],[8.908,47.016],[8.908,47.013],[8.911,47.009],[8.93,46.998],[8.933,46.993],[8.944,46.99],[8.947,46.994],[8.951,46.994],[8.96,46.999],[8.962,47.004],[8.957,47.006],[8.944,47.005],[8.932,47.016],[8.938,47.017],[8.941,47.015],[8.945,47.015],[8.948,47.017],[8.952,47.015],[8.955,47.017],[8.958,47.014],[8.968,47.015],[8.978,47.013],[8.976,47.015],[8.981,47.019],[8.987,47.02],[8.991,47.019],[8.994,47.021],[8.997,47.019],[9.001,47.021],[9.011,47.02],[9.012,47.021],[9.011,47.024],[9.014,47.025],[9.021,47.021],[9.027,47.021],[9.033,47.016],[9.03,47.015],[9.029,47.012],[9.033,47.005],[9.03,47.003],[9.027,47.006],[9.017,47.003],[9.013,46.999],[9.006,46.999],[9.006,46.984],[9.008,46.981],[9.003,46.979],[8.986,46.98],[8.983,46.978],[8.98,46.98],[8.976,46.977],[8.97,46.977],[8.967,46.975],[8.966,46.972],[8.98,46.972],[8.982,46.97],[8.986,46.971],[8.996,46.967],[8.999,46.968],[9.006,46.967],[9.009,46.965],[9.002,46.961],[8.994,46.961],[8.989,46.959],[8.971,46.959],[8.975,46.957],[8.972,46.955],[8.972,46.952],[8.966,46.95],[8.962,46.952],[8.962,46.95],[8.956,46.943],[8.956,46.94],[8.958,46.939],[8.959,46.936],[8.962,46.939],[8.965,46.936],[8.969,46.936],[8.971,46.932],[8.974,46.93],[8.971,46.925],[8.968,46.924],[8.965,46.927],[8.949,46.924],[8.935,46.919],[8.929,46.915],[8.922,46.915],[8.919,46.912],[8.909,46.908],[8.905,46.908],[8.899,46.904],[8.889,46.902],[8.888,46.901],[8.894,46.897],[8.88,46.893],[8.878,46.886],[8.872,46.884],[8.869,46.881],[8.869,46.878],[8.862,46.879],[8.858,46.877],[8.859,46.874],[8.869,46.876],[8.872,46.866],[8.875,46.872],[8.882,46.874],[8.902,46.884],[8.905,46.885],[8.909,46.883],[8.931,46.891],[8.941,46.897],[8.944,46.901],[8.958,46.902],[8.964,46.9],[8.967,46.898],[8.967,46.896],[8.961,46.892],[8.944,46.889],[8.931,46.884],[8.934,46.879],[8.954,46.88],[8.961,46.882],[8.962,46.878],[8.95,46.872],[8.94,46.869],[8.957,46.868],[8.966,46.864],[8.957,46.863],[8.953,46.861],[8.949,46.853],[8.939,46.849],[8.94,46.847],[8.935,46.84],[8.944,46.835],[8.949,46.835],[8.952,46.833],[8.951,46.826],[8.958,46.824],[8.962,46.826],[8.965,46.824],[8.969,46.828],[8.969,46.831],[8.966,46.833],[8.969,46.837],[8.964,46.84],[8.97,46.844],[8.965,46.849],[8.971,46.851],[8.967,46.855],[8.983,46.863],[8.986,46.859],[8.998,46.853],[8.999,46.85],[9.008,46.846],[9.009,46.839],[9.006,46.832],[9.008,46.828],[9.015,46.83],[9.017,46.85],[9.015,46.852],[9.009,46.851],[9.006,46.856],[9.002,46.857],[9.003,46.859],[8.998,46.864],[9.0,46.866],[8.996,46.867],[8.994,46.871],[9.003,46.873],[8.998,46.88],[9.003,46.881],[9.006,46.879],[9.017,46.884],[9.013,46.885],[9.01,46.889],[9.023,46.892],[9.027,46.895],[9.04,46.892],[9.041,46.89],[9.048,46.89],[9.047,46.893],[9.056,46.895],[9.06,46.901],[9.053,46.902],[9.05,46.904],[9.056,46.91],[9.041,46.924],[9.035,46.926],[9.037,46.931],[9.05,46.927],[9.07,46.928],[9.062,46.935],[9.064,46.937],[9.074,46.937],[9.074,46.942],[9.077,46.944],[9.087,46.942],[9.088,46.946],[9.094,46.952],[9.1,46.946],[9.103,46.946],[9.1,46.945],[9.1,46.942],[9.104,46.945],[9.107,46.943],[9.107,46.946],[9.104,46.948],[9.107,46.949],[9.109,46.952],[9.107,46.955],[9.108,46.957],[9.114,46.959],[9.115,46.961],[9.109,46.964],[9.108,46.968],[9.106,46.968],[9.108,46.97],[9.106,46.973],[9.111,46.975],[9.112,46.977],[9.109,46.982],[9.111,46.985],[9.123,46.979],[9.125,46.977],[9.123,46.975],[9.124,46.974],[9.131,46.974],[9.134,46.971],[9.139,46.97],[9.14,46.965],[9.145,46.963],[9.13,46.961],[9.125,46.959],[9.124,46.956],[9.13,46.95],[9.133,46.951],[9.143,46.949],[9.145,46.947],[9.142,46.945],[9.145,46.943],[9.145,46.941],[9.14,46.938],[9.141,46.936],[9.139,46.934],[9.148,46.932],[9.148,46.929],[9.142,46.928],[9.131,46.932],[9.133,46.927],[9.129,46.922],[9.117,46.928],[9.108,46.925],[9.112,46.923],[9.116,46.916],[9.119,46.915],[9.121,46.912],[9.112,46.912],[9.111,46.905],[9.102,46.904],[9.099,46.9],[9.092,46.901],[9.089,46.897],[9.087,46.89],[9.092,46.885],[9.095,46.887],[9.115,46.886],[9.115,46.877],[9.12,46.876],[9.121,46.873],[9.132,46.873],[9.134,46.876],[9.131,46.878],[9.135,46.88],[9.138,46.885],[9.136,46.887],[9.136,46.891],[9.138,46.893],[9.153,46.893],[9.156,46.895],[9.155,46.9],[9.161,46.904],[9.181,46.911],[9.182,46.909],[9.18,46.904],[9.181,46.9],[9.198,46.905],[9.204,46.904],[9.207,46.906],[9.207,46.908],[9.2,46.913],[9.199,46.917],[9.201,46.919],[9.206,46.919],[9.218,46.924],[9.224,46.924],[9.222,46.926],[9.225,46.928],[9.238,46.932],[9.228,46.935],[9.225,46.933],[9.221,46.933],[9.215,46.935],[9.213,46.937],[9.213,46.94],[9.209,46.941],[9.205,46.941],[9.202,46.937],[9.195,46.938],[9.195,46.942],[9.192,46.944],[9.193,46.947],[9.187,46.951],[9.189,46.953],[9.194,46.953],[9.212,46.96],[9.222,46.962],[9.229,46.968],[9.233,46.969],[9.23,46.971],[9.23,46.975],[9.226,46.978],[9.234,46.98],[9.233,46.985],[9.23,46.985],[9.228,46.987],[9.233,46.988],[9.234,46.991],[9.222,46.993],[9.221,46.996],[9.224,46.999],[9.23,46.995],[9.231,46.996],[9.228,46.998],[9.228,47.0],[9.231,47.002],[9.227,47.005],[9.234,47.011],[9.231,47.012],[9.227,47.009],[9.217,47.009],[9.213,47.0],[9.214,46.995],[9.213,46.991],[9.21,46.989],[9.21,46.985],[9.213,46.985],[9.216,46.982],[9.213,46.98],[9.207,46.981],[9.203,46.976],[9.198,46.978],[9.2,46.98],[9.195,46.983],[9.184,46.985],[9.188,46.989],[9.184,46.99],[9.179,46.994],[9.176,46.999],[9.176,47.003],[9.188,47.007],[9.194,47.013],[9.202,47.014],[9.203,47.016],[9.199,47.021],[9.202,47.025],[9.202,47.028],[9.198,47.028],[9.197,47.019],[9.195,47.017],[9.191,47.017],[9.185,47.014],[9.168,47.017],[9.166,47.019],[9.166,47.024],[9.162,47.022],[9.159,47.026],[9.157,47.021],[9.157,47.012],[9.152,47.011],[9.148,47.007],[9.145,47.007],[9.137,47.015],[9.128,47.017],[9.123,47.02],[9.119,47.02],[9.117,47.022],[9.123,47.031],[9.118,47.033],[9.12,47.039],[9.117,47.042],[9.117,47.045],[9.102,47.047],[9.105,47.051],[9.105,47.056],[9.108,47.058],[9.105,47.06],[9.104,47.063],[9.107,47.064],[9.112,47.069],[9.111,47.07],[9.107,47.068],[9.102,47.072],[9.114,47.075],[9.116,47.074],[9.115,47.072],[9.117,47.067],[9.113,47.065],[9.114,47.064],[9.12,47.065],[9.118,47.067],[9.121,47.068],[9.133,47.069],[9.132,47.074],[9.137,47.075],[9.138,47.078],[9.143,47.08],[9.141,47.086],[9.139,47.087],[9.143,47.089],[9.142,47.091],[9.144,47.093],[9.147,47.091],[9.147,47.087],[9.15,47.085],[9.15,47.082],[9.148,47.08],[9.15,47.077],[9.161,47.082],[9.163,47.08],[9.167,47.08],[9.177,47.087],[9.182,47.086],[9.186,47.082],[9.186,47.079],[9.164,47.076],[9.157,47.074],[9.154,47.07],[9.137,47.069],[9.137,47.067],[9.144,47.066],[9.146,47.064],[9.14,47.061],[9.14,47.059],[9.147,47.064],[9.15,47.06],[9.17,47.07],[9.186,47.07],[9.189,47.068],[9.186,47.066],[9.186,47.061],[9.183,47.058],[9.179,47.057],[9.182,47.055],[9.176,47.051],[9.169,47.05],[9.161,47.044],[9.161,47.042],[9.163,47.041],[9.172,47.045],[9.179,47.045],[9.189,47.05],[9.206,47.049],[9.206,47.053],[9.202,47.055],[9.213,47.059],[9.213,47.062],[9.211,47.063],[9.213,47.066],[9.21,47.068],[9.21,47.072],[9.208,47.075],[9.209,47.077],[9.213,47.078],[9.216,47.076],[9.217,47.077],[9.215,47.079],[9.216,47.08],[9.221,47.079],[9.224,47.074],[9.229,47.077],[9.233,47.082],[9.246,47.079],[9.253,47.082],[9.255,47.081],[9.255,47.078],[9.257,47.078],[9.257,47.081],[9.267,47.08],[9.272,47.083],[9.283,47.08],[9.278,47.078],[9.279,47.076],[9.272,47.072],[9.267,47.071],[9.266,47.072],[9.263,47.069],[9.265,47.067],[9.248,47.061],[9.243,47.056],[9.245,47.054],[9.252,47.053],[9.255,47.051],[9.249,47.047],[9.251,47.042],[9.262,47.04],[9.261,47.038],[9.263,47.036],[9.263,47.033],[9.257,47.031],[9.257,47.028],[9.26,47.027],[9.257,47.025],[9.257,47.022],[9.263,47.022],[9.274,47.026],[9.277,47.025],[9.284,47.029],[9.288,47.028],[9.291,47.033],[9.294,47.033],[9.295,47.04],[9.298,47.042],[9.297,47.046],[9.298,47.048],[9.301,47.048],[9.302,47.051],[9.318,47.058],[9.326,47.055],[9.317,47.053],[9.31,47.048],[9.31,47.046],[9.314,47.044],[9.321,47.045],[9.324,47.044],[9.314,47.038],[9.307,47.036],[9.31,47.03],[9.309,47.028],[9.31,47.026],[9.32,47.033],[9.329,47.034],[9.337,47.037],[9.339,47.034],[9.345,47.032],[9.341,47.03],[9.342,47.027],[9.346,47.024],[9.349,47.025],[9.351,47.023],[9.343,47.021],[9.332,47.021],[9.331,47.019],[9.332,47.016],[9.336,47.014],[9.336,47.012],[9.33,47.007],[9.316,47.014],[9.314,47.012],[9.314,47.005],[9.306,47.004],[9.303,47.005],[9.302,47.003],[9.296,47.002],[9.295,46.999],[9.299,46.997],[9.297,46.994],[9.289,46.991],[9.286,46.988],[9.282,46.989],[9.279,46.986],[9.269,46.988],[9.266,46.99],[9.264,46.995],[9.267,46.999],[9.266,47.001],[9.262,46.995],[9.253,46.991],[9.253,46.988],[9.255,46.986],[9.253,46.984],[9.249,46.986],[9.249,46.984],[9.253,46.982],[9.261,46.986],[9.263,46.99],[9.265,46.988],[9.264,46.977],[9.259,46.973],[9.252,46.972],[9.252,46.97],[9.26,46.966],[9.261,46.961],[9.275,46.963],[9.273,46.966],[9.275,46.967],[9.285,46.968],[9.288,46.97],[9.294,46.97],[9.298,46.972],[9.301,46.97],[9.297,46.963],[9.298,46.96],[9.301,46.962],[9.311,46.962],[9.318,46.969],[9.314,46.974],[9.321,46.976],[9.324,46.974],[9.325,46.969],[9.326,46.972],[9.334,46.973],[9.338,46.976],[9.343,46.971],[9.34,46.969],[9.347,46.964],[9.344,46.962],[9.337,46.965],[9.335,46.962],[9.347,46.958],[9.36,46.96],[9.368,46.966],[9.369,46.969],[9.362,46.969],[9.365,46.973],[9.365,46.982],[9.362,46.984],[9.365,46.986],[9.377,46.98],[9.384,46.981],[9.387,46.984],[9.382,46.986],[9.382,46.991],[9.379,46.993],[9.381,46.995],[9.385,46.994],[9.388,46.997],[9.388,47.0],[9.386,47.002],[9.389,47.006],[9.389,47.009],[9.392,47.01],[9.397,47.009],[9.398,47.006],[9.401,47.008],[9.403,47.006],[9.404,46.999],[9.407,46.997],[9.407,46.988],[9.408,46.993],[9.411,46.996],[9.42,46.99],[9.428,46.99],[9.434,46.996],[9.44,46.996],[9.447,46.993],[9.457,46.992],[9.459,46.99],[9.457,46.987],[9.45,46.984],[9.447,46.981],[9.443,46.981],[9.44,46.979],[9.432,46.979],[9.43,46.977],[9.423,46.978],[9.42,46.977],[9.42,46.974],[9.422,46.972],[9.42,46.97],[9.413,46.97],[9.41,46.966],[9.407,46.966],[9.408,46.963],[9.42,46.963],[9.427,46.959],[9.425,46.956],[9.426,46.955],[9.429,46.958],[9.433,46.958],[9.442,46.953],[9.449,46.954],[9.45,46.951],[9.445,46.944],[9.439,46.947],[9.429,46.948],[9.425,46.945],[9.419,46.946],[9.416,46.943],[9.432,46.936],[9.434,46.934],[9.432,46.932],[9.425,46.93],[9.422,46.932],[9.418,46.931],[9.415,46.932],[9.408,46.928],[9.402,46.936],[9.396,46.935],[9.394,46.934],[9.394,46.925],[9.392,46.923],[9.388,46.922],[9.385,46.924],[9.382,46.922],[9.375,46.925],[9.363,46.936],[9.353,46.934],[9.349,46.937],[9.34,46.94],[9.33,46.937],[9.327,46.94],[9.317,46.934],[9.313,46.934],[9.31,46.936],[9.298,46.931],[9.293,46.927],[9.282,46.925],[9.336,46.923],[9.346,46.919],[9.348,46.917],[9.345,46.915],[9.352,46.918],[9.356,46.918],[9.364,46.915],[9.364,46.912],[9.372,46.912],[9.375,46.909],[9.392,46.91],[9.398,46.907],[9.408,46.907],[9.41,46.905],[9.404,46.902],[9.39,46.903],[9.384,46.901],[9.381,46.896],[9.377,46.894],[9.378,46.893],[9.387,46.893],[9.397,46.889],[9.377,46.886],[9.377,46.881],[9.374,46.875],[9.367,46.877],[9.37,46.874],[9.37,46.872],[9.367,46.869],[9.37,46.867],[9.366,46.865],[9.367,46.863],[9.363,46.862],[9.362,46.858],[9.36,46.857],[9.357,46.857],[9.351,46.863],[9.344,46.863],[9.338,46.868],[9.334,46.869],[9.33,46.875],[9.324,46.875],[9.321,46.881],[9.318,46.873],[9.315,46.877],[9.311,46.879],[9.308,46.884],[9.302,46.887],[9.297,46.884],[9.298,46.882],[9.295,46.881],[9.295,46.879],[9.301,46.875],[9.301,46.866],[9.304,46.864],[9.304,46.862],[9.308,46.861],[9.313,46.857],[9.311,46.856],[9.304,46.856],[9.301,46.858],[9.294,46.856],[9.279,46.862],[9.278,46.865],[9.269,46.87],[9.249,46.872],[9.251,46.869],[9.24,46.865],[9.241,46.86],[9.244,46.856],[9.242,46.854],[9.196,46.854],[9.199,46.852],[9.222,46.847],[9.225,46.844],[9.229,46.843],[9.227,46.84],[9.215,46.833],[9.212,46.835],[9.205,46.835],[9.199,46.838],[9.197,46.836],[9.2,46.832],[9.198,46.829],[9.191,46.83],[9.185,46.825],[9.176,46.828],[9.178,46.83],[9.175,46.832],[9.175,46.837],[9.172,46.839],[9.163,46.842],[9.159,46.84],[9.156,46.841],[9.154,46.844],[9.157,46.848],[9.156,46.849],[9.153,46.848],[9.153,46.846],[9.15,46.844],[9.148,46.844],[9.148,46.842],[9.153,46.839],[9.152,46.837],[9.159,46.832],[9.161,46.828],[9.158,46.823],[9.154,46.821],[9.152,46.815],[9.146,46.818],[9.132,46.819],[9.133,46.827],[9.125,46.833],[9.125,46.835],[9.129,46.837],[9.129,46.84],[9.127,46.842],[9.12,46.843],[9.117,46.84],[9.117,46.835],[9.112,46.835],[9.11,46.84],[9.104,46.844],[9.1,46.845],[9.097,46.843],[9.094,46.845],[9.091,46.843],[9.086,46.843],[9.086,46.838],[9.092,46.836],[9.096,46.831],[9.1,46.829],[9.1,46.827],[9.097,46.824],[9.087,46.821],[9.08,46.823],[9.073,46.819],[9.072,46.818],[9.073,46.815],[9.077,46.814],[9.078,46.811],[9.076,46.81],[9.076,46.808],[9.078,46.807],[9.07,46.8],[9.059,46.8],[9.051,46.807],[9.046,46.809],[9.048,46.812],[9.047,46.813],[9.041,46.814],[9.027,46.814],[9.017,46.812],[9.008,46.808],[8.991,46.806],[8.993,46.801],[8.997,46.801],[9.027,46.809],[9.031,46.807],[9.035,46.801],[9.04,46.8],[9.041,46.798],[9.039,46.796],[9.04,46.789],[9.027,46.785],[9.02,46.785],[9.021,46.783],[9.02,46.782],[9.013,46.781],[9.009,46.783],[9.005,46.778],[8.994,46.775],[8.981,46.778],[8.977,46.775],[8.974,46.777],[8.974,46.78],[8.964,46.782],[8.959,46.779],[8.954,46.772],[8.964,46.767],[8.966,46.765],[8.964,46.763],[8.954,46.762],[8.947,46.767],[8.944,46.766],[8.94,46.761],[8.931,46.758],[8.928,46.755],[8.924,46.755],[8.921,46.753],[8.921,46.75],[8.918,46.749],[8.909,46.75],[8.906,46.753],[8.906,46.757],[8.903,46.76],[8.902,46.764],[8.896,46.766],[8.896,46.769],[8.888,46.769],[8.887,46.773],[8.89,46.778],[8.894,46.78],[8.885,46.78],[8.883,46.778],[8.884,46.776],[8.882,46.773],[8.881,46.776],[8.876,46.778],[8.876,46.78],[8.875,46.778],[8.877,46.776],[8.876,46.774],[8.869,46.77],[8.856,46.775],[8.858,46.769],[8.855,46.767],[8.856,46.765],[8.862,46.766],[8.864,46.765],[8.865,46.762],[8.869,46.762],[8.872,46.759],[8.879,46.758],[8.882,46.755],[8.882,46.742],[8.88,46.737],[8.878,46.736],[8.872,46.74],[8.868,46.74],[8.865,46.738],[8.865,46.735],[8.869,46.731],[8.868,46.728],[8.863,46.731],[8.852,46.734],[8.85,46.731],[8.851,46.726],[8.842,46.721],[8.832,46.725],[8.825,46.718],[8.809,46.721],[8.808,46.718],[8.813,46.713],[8.809,46.71],[8.789,46.705],[8.788,46.702],[8.797,46.7],[8.792,46.698],[8.785,46.698],[8.782,46.701],[8.772,46.7],[8.768,46.703],[8.766,46.707],[8.759,46.708],[8.757,46.703],[8.758,46.701],[8.756,46.699],[8.756,46.694],[8.753,46.692],[8.743,46.69],[8.74,46.695],[8.73,46.698],[8.729,46.696],[8.732,46.687],[8.726,46.682],[8.72,46.681],[8.716,46.682],[8.713,46.686],[8.71,46.684],[8.707,46.686],[8.703,46.686],[8.703,46.684],[8.706,46.681],[8.706,46.677],[8.708,46.676],[8.706,46.675],[8.706,46.673],[8.711,46.672],[8.713,46.673],[8.716,46.67],[8.703,46.664],[8.696,46.664],[8.694,46.665],[8.695,46.668],[8.698,46.67],[8.693,46.673],[8.688,46.668],[8.692,46.659],[8.69,46.657],[8.677,46.658],[8.675,46.657],[8.676,46.654],[8.672,46.648],[8.673,46.645],[8.677,46.648],[8.686,46.642],[8.69,46.643],[8.699,46.649],[8.701,46.647],[8.701,46.643],[8.706,46.641],[8.708,46.638],[8.702,46.632],[8.697,46.632],[8.692,46.629],[8.692,46.625],[8.695,46.627],[8.705,46.627],[8.711,46.622],[8.712,46.618],[8.719,46.62],[8.721,46.627],[8.719,46.631],[8.72,46.636],[8.719,46.643],[8.716,46.645],[8.716,46.647],[8.722,46.651],[8.73,46.651],[8.729,46.654],[8.739,46.655],[8.742,46.658],[8.745,46.655],[8.748,46.66],[8.758,46.664],[8.761,46.662],[8.755,46.653],[8.754,46.649],[8.757,46.647],[8.755,46.645],[8.751,46.645],[8.748,46.64],[8.751,46.641],[8.754,46.638],[8.754,46.624],[8.751,46.622],[8.752,46.617],[8.75,46.615],[8.751,46.611],[8.752,46.615],[8.756,46.617],[8.755,46.62],[8.757,46.623],[8.764,46.623],[8.767,46.626],[8.771,46.633],[8.771,46.638],[8.766,46.64],[8.781,46.648],[8.781,46.653],[8.785,46.658],[8.786,46.662],[8.791,46.662],[8.79,46.66],[8.797,46.657],[8.797,46.65],[8.8,46.648],[8.807,46.648],[8.811,46.65],[8.81,46.657],[8.814,46.662],[8.816,46.659],[8.824,46.661],[8.826,46.653],[8.827,46.652],[8.83,46.654],[8.832,46.652],[8.83,46.645],[8.813,46.637],[8.812,46.635],[8.813,46.632],[8.817,46.63],[8.807,46.628],[8.81,46.623],[8.808,46.621],[8.81,46.619],[8.806,46.616],[8.808,46.615],[8.809,46.612],[8.805,46.608],[8.804,46.603],[8.792,46.603],[8.795,46.594],[8.792,46.588],[8.789,46.586],[8.784,46.586],[8.782,46.583],[8.788,46.579],[8.781,46.574],[8.776,46.565],[8.782,46.57],[8.792,46.57],[8.797,46.565],[8.795,46.561],[8.797,46.556],[8.795,46.554],[8.799,46.552],[8.8,46.547],[8.797,46.545],[8.797,46.543],[8.804,46.542],[8.807,46.538],[8.806,46.536],[8.812,46.534],[8.813,46.531],[8.824,46.53],[8.839,46.524],[8.842,46.517],[8.849,46.518],[8.851,46.517],[8.852,46.513],[8.859,46.514],[8.862,46.51],[8.867,46.508],[8.878,46.508],[8.882,46.51],[8.901,46.51],[8.904,46.508],[8.895,46.504],[8.885,46.503],[8.883,46.501],[8.884,46.499],[8.881,46.496],[8.875,46.498],[8.872,46.497],[8.874,46.494],[8.874,46.49],[8.861,46.488],[8.859,46.499],[8.855,46.501],[8.853,46.504],[8.849,46.504],[8.843,46.509],[8.839,46.509],[8.836,46.511],[8.81,46.512],[8.806,46.513],[8.799,46.518],[8.792,46.518],[8.784,46.514],[8.765,46.515],[8.743,46.523],[8.742,46.526],[8.737,46.53],[8.729,46.53],[8.726,46.532],[8.719,46.531],[8.713,46.533],[8.7,46.532],[8.694,46.535],[8.697,46.537],[8.693,46.537],[8.693,46.54],[8.7,46.541],[8.703,46.543],[8.71,46.543],[8.709,46.546],[8.703,46.548],[8.703,46.551],[8.707,46.552],[8.711,46.55],[8.715,46.555],[8.72,46.555],[8.717,46.559],[8.713,46.56],[8.71,46.558],[8.704,46.558],[8.696,46.553],[8.696,46.551],[8.693,46.548],[8.681,46.547],[8.673,46.544],[8.668,46.54],[8.67,46.535],[8.664,46.533],[8.661,46.535],[8.662,46.537],[8.661,46.539],[8.653,46.544],[8.653,46.547],[8.654,46.548],[8.658,46.547],[8.661,46.549],[8.656,46.553],[8.656,46.556],[8.672,46.564],[8.675,46.567],[8.664,46.569],[8.641,46.558],[8.641,46.556],[8.635,46.551],[8.63,46.551],[8.626,46.554],[8.628,46.556],[8.625,46.556],[8.625,46.554],[8.615,46.547],[8.612,46.548],[8.604,46.547],[8.602,46.544],[8.599,46.543],[8.589,46.544],[8.585,46.547],[8.587,46.549],[8.586,46.55],[8.583,46.548],[8.566,46.548],[8.563,46.551],[8.56,46.55],[8.566,46.547],[8.566,46.543],[8.57,46.542],[8.574,46.538],[8.566,46.537],[8.56,46.532],[8.546,46.532],[8.537,46.528],[8.534,46.529],[8.527,46.526],[8.517,46.526],[8.513,46.519],[8.51,46.517],[8.504,46.519],[8.5,46.517],[8.499,46.512],[8.495,46.51],[8.488,46.511],[8.484,46.51],[8.487,46.505],[8.484,46.503],[8.482,46.506],[8.478,46.506],[8.477,46.503],[8.471,46.5],[8.468,46.495],[8.464,46.497],[8.466,46.494],[8.461,46.492],[8.454,46.484],[8.451,46.484],[8.451,46.481],[8.443,46.477],[8.451,46.476],[8.471,46.482],[8.474,46.481],[8.487,46.489],[8.497,46.49],[8.501,46.487],[8.507,46.486],[8.51,46.488],[8.505,46.492],[8.51,46.496],[8.533,46.506],[8.539,46.5],[8.547,46.5],[8.549,46.503],[8.547,46.505],[8.553,46.509],[8.556,46.509],[8.559,46.507],[8.558,46.505],[8.56,46.505],[8.562,46.507],[8.569,46.507],[8.572,46.511],[8.576,46.513],[8.578,46.511],[8.583,46.511],[8.585,46.514],[8.605,46.512],[8.615,46.513],[8.619,46.511],[8.619,46.506],[8.621,46.505],[8.628,46.507],[8.629,46.504],[8.627,46.502],[8.641,46.505],[8.643,46.499],[8.65,46.5],[8.653,46.498],[8.66,46.501],[8.666,46.501],[8.679,46.495],[8.679,46.491],[8.689,46.494],[8.705,46.494],[8.714,46.487],[8.708,46.486],[8.705,46.481],[8.711,46.478],[8.718,46.478],[8.721,46.476],[8.725,46.477],[8.728,46.468],[8.734,46.464],[8.738,46.465],[8.74,46.463],[8.744,46.465],[8.749,46.46],[8.744,46.458],[8.732,46.458],[8.733,46.453],[8.74,46.449],[8.737,46.447],[8.737,46.444],[8.74,46.442],[8.743,46.442],[8.746,46.439],[8.756,46.443],[8.771,46.442],[8.786,46.446],[8.789,46.441],[8.799,46.441],[8.802,46.439],[8.795,46.435],[8.794,46.432],[8.791,46.43],[8.79,46.426],[8.788,46.425],[8.779,46.424],[8.769,46.418],[8.757,46.417],[8.765,46.413],[8.77,46.408],[8.775,46.407],[8.781,46.403],[8.791,46.405],[8.794,46.403],[8.791,46.397],[8.788,46.395],[8.784,46.395],[8.781,46.393],[8.778,46.396],[8.775,46.395],[8.771,46.397],[8.765,46.395],[8.762,46.398],[8.752,46.396],[8.743,46.399],[8.743,46.402],[8.741,46.402],[8.739,46.399],[8.735,46.397],[8.734,46.393],[8.736,46.391],[8.739,46.392],[8.745,46.384],[8.752,46.383],[8.758,46.377],[8.777,46.38],[8.783,46.379],[8.783,46.376],[8.779,46.372],[8.771,46.368],[8.764,46.368],[8.755,46.371],[8.742,46.37],[8.732,46.374],[8.72,46.364],[8.733,46.359],[8.725,46.355],[8.721,46.355],[8.722,46.351],[8.725,46.352],[8.732,46.35],[8.734,46.348],[8.734,46.345],[8.744,46.344],[8.747,46.346],[8.751,46.346],[8.753,46.343],[8.749,46.341],[8.75,46.336],[8.754,46.337],[8.76,46.335],[8.763,46.337],[8.767,46.337],[8.77,46.335],[8.771,46.334],[8.763,46.326],[8.76,46.328],[8.747,46.328],[8.741,46.333],[8.734,46.334],[8.728,46.334],[8.724,46.331],[8.718,46.331],[8.716,46.332],[8.722,46.334],[8.722,46.337],[8.714,46.346],[8.702,46.347],[8.692,46.346],[8.683,46.356],[8.68,46.357],[8.689,46.361],[8.692,46.359],[8.692,46.357],[8.696,46.359],[8.697,46.366],[8.702,46.371],[8.715,46.369],[8.72,46.37],[8.724,46.373],[8.723,46.375],[8.717,46.377],[8.71,46.382],[8.71,46.384],[8.713,46.386],[8.722,46.388],[8.721,46.391],[8.713,46.393],[8.71,46.395],[8.71,46.397],[8.713,46.401],[8.719,46.401],[8.723,46.399],[8.726,46.4],[8.727,46.402],[8.717,46.409],[8.723,46.41],[8.726,46.408],[8.731,46.411],[8.731,46.413],[8.727,46.415],[8.725,46.42],[8.727,46.423],[8.714,46.423],[8.71,46.425],[8.704,46.424],[8.703,46.42],[8.699,46.418],[8.7,46.416],[8.694,46.414],[8.687,46.414],[8.681,46.409],[8.671,46.414],[8.674,46.418],[8.678,46.418],[8.678,46.42],[8.681,46.422],[8.685,46.42],[8.688,46.422],[8.687,46.423],[8.684,46.421],[8.682,46.423],[8.682,46.425],[8.685,46.427],[8.686,46.438],[8.685,46.441],[8.679,46.447],[8.683,46.456],[8.688,46.461],[8.692,46.46],[8.69,46.465],[8.693,46.467],[8.692,46.468],[8.688,46.466],[8.685,46.468],[8.681,46.468],[8.677,46.465],[8.675,46.461],[8.671,46.463],[8.674,46.468],[8.673,46.47],[8.668,46.47],[8.666,46.468],[8.662,46.469],[8.659,46.472],[8.657,46.475],[8.661,46.477],[8.66,46.479],[8.656,46.475],[8.65,46.481],[8.644,46.484],[8.634,46.484],[8.617,46.494],[8.604,46.496],[8.598,46.492],[8.588,46.491],[8.588,46.489],[8.595,46.486],[8.594,46.484],[8.598,46.486],[8.608,46.486],[8.615,46.484],[8.615,46.482],[8.611,46.48],[8.61,46.477],[8.611,46.475],[8.611,46.477],[8.617,46.48],[8.63,46.475],[8.623,46.468],[8.623,46.465],[8.633,46.47],[8.639,46.466],[8.636,46.464],[8.643,46.463],[8.648,46.459],[8.641,46.454],[8.646,46.454],[8.648,46.452],[8.644,46.448],[8.639,46.446],[8.637,46.448],[8.634,46.448],[8.632,46.446],[8.632,46.441],[8.64,46.439],[8.632,46.434],[8.639,46.434],[8.642,46.432],[8.632,46.426],[8.626,46.426],[8.621,46.428],[8.619,46.433],[8.613,46.433],[8.606,46.436],[8.608,46.441],[8.604,46.444],[8.608,46.448],[8.604,46.452],[8.599,46.453],[8.604,46.455],[8.6,46.455],[8.589,46.46],[8.587,46.46],[8.584,46.456],[8.574,46.452],[8.574,46.449],[8.581,46.45],[8.584,46.452],[8.591,46.451],[8.59,46.448],[8.587,46.446],[8.587,46.439],[8.577,46.438],[8.569,46.435],[8.578,46.433],[8.58,46.428],[8.584,46.426],[8.583,46.419],[8.58,46.417],[8.576,46.417],[8.579,46.415],[8.58,46.412],[8.585,46.41],[8.586,46.408],[8.592,46.408],[8.592,46.405],[8.586,46.401],[8.589,46.399],[8.606,46.396],[8.607,46.399],[8.61,46.401],[8.619,46.403],[8.621,46.401],[8.615,46.394],[8.622,46.389],[8.628,46.389],[8.631,46.387],[8.631,46.385],[8.627,46.383],[8.627,46.38],[8.615,46.376],[8.609,46.383],[8.601,46.381],[8.599,46.379],[8.592,46.379],[8.581,46.385],[8.58,46.388],[8.573,46.388],[8.568,46.39],[8.567,46.394],[8.57,46.396],[8.571,46.401],[8.57,46.406],[8.567,46.408],[8.557,46.407],[8.549,46.41],[8.549,46.413],[8.552,46.415],[8.551,46.42],[8.548,46.422],[8.533,46.424],[8.532,46.426],[8.535,46.429],[8.535,46.433],[8.532,46.433],[8.528,46.436],[8.522,46.436],[8.512,46.443],[8.509,46.443],[8.509,46.439],[8.511,46.438],[8.512,46.434],[8.515,46.431],[8.505,46.425],[8.505,46.423],[8.507,46.422],[8.502,46.42],[8.501,46.418],[8.504,46.415],[8.499,46.411],[8.492,46.411],[8.492,46.408],[8.495,46.409],[8.498,46.406],[8.495,46.404],[8.495,46.402],[8.505,46.401],[8.511,46.403],[8.517,46.399],[8.511,46.394],[8.518,46.392],[8.52,46.39],[8.508,46.386],[8.511,46.381],[8.517,46.379],[8.513,46.375],[8.518,46.375],[8.521,46.372],[8.514,46.372],[8.51,46.37],[8.495,46.378],[8.493,46.377],[8.497,46.373],[8.495,46.371],[8.491,46.371],[8.488,46.369],[8.488,46.366],[8.485,46.364],[8.481,46.364],[8.479,46.362],[8.491,46.352],[8.501,46.349],[8.507,46.351],[8.51,46.349],[8.517,46.35],[8.523,46.349],[8.527,46.353],[8.536,46.351],[8.543,46.358],[8.546,46.359],[8.553,46.358],[8.557,46.356],[8.553,46.353],[8.547,46.352],[8.549,46.35],[8.549,46.346],[8.556,46.343],[8.565,46.344],[8.566,46.343],[8.565,46.339],[8.571,46.336],[8.576,46.336],[8.575,46.333],[8.568,46.332],[8.565,46.33],[8.559,46.33],[8.549,46.336],[8.539,46.337],[8.526,46.33],[8.507,46.333],[8.497,46.329],[8.484,46.333],[8.472,46.326],[8.469,46.323],[8.47,46.319],[8.464,46.316],[8.457,46.308],[8.461,46.305],[8.467,46.308],[8.48,46.31],[8.486,46.308],[8.484,46.306],[8.48,46.306],[8.474,46.302],[8.463,46.299],[8.461,46.297],[8.46,46.292],[8.457,46.29],[8.451,46.295],[8.448,46.295],[8.441,46.292],[8.438,46.287],[8.432,46.29],[8.432,46.292],[8.425,46.299],[8.432,46.303],[8.435,46.303],[8.435,46.306],[8.439,46.308],[8.445,46.319],[8.458,46.332],[8.458,46.337],[8.462,46.341],[8.462,46.353],[8.459,46.355],[8.465,46.362],[8.466,46.368],[8.462,46.371],[8.462,46.38],[8.459,46.382],[8.459,46.391],[8.466,46.395],[8.466,46.398],[8.463,46.4],[8.463,46.409],[8.466,46.411],[8.466,46.414],[8.46,46.418],[8.46,46.42],[8.457,46.423],[8.457,46.427],[8.454,46.429],[8.454,46.438],[8.457,46.44],[8.457,46.445],[8.46,46.447],[8.46,46.45],[8.454,46.454],[8.454,46.456],[8.451,46.459],[8.444,46.463],[8.434,46.463],[8.431,46.461],[8.405,46.459],[8.395,46.452],[8.389,46.45],[8.366,46.45],[8.353,46.442],[8.35,46.442],[8.33,46.428],[8.326,46.428],[8.317,46.424],[8.307,46.424],[8.304,46.422],[8.304,46.419],[8.297,46.415],[8.294,46.408],[8.303,46.408],[8.31,46.406],[8.313,46.403],[8.313,46.399],[8.316,46.397],[8.316,46.381],[8.306,46.374],[8.293,46.37],[8.283,46.363],[8.277,46.363],[8.274,46.366],[8.267,46.366],[8.26,46.361],[8.26,46.354],[8.263,46.352],[8.263,46.348],[8.26,46.345],[8.251,46.346],[8.25,46.343],[8.244,46.339],[8.231,46.339],[8.228,46.337],[8.228,46.334],[8.221,46.33],[8.221,46.325],[8.214,46.317],[8.214,46.31],[8.211,46.308],[8.178,46.297],[8.172,46.297],[8.169,46.294],[8.162,46.294],[8.159,46.297],[8.152,46.297],[8.149,46.299],[8.136,46.301],[8.126,46.295],[8.123,46.295],[8.123,46.292],[8.12,46.29],[8.12,46.288],[8.094,46.27],[8.087,46.266],[8.084,46.266],[8.081,46.263],[8.08,46.261],[8.087,46.257],[8.097,46.256],[8.103,46.252],[8.11,46.25],[8.11,46.247],[8.113,46.245],[8.113,46.241],[8.116,46.238],[8.129,46.229],[8.139,46.227],[8.142,46.225],[8.141,46.22],[8.145,46.218],[8.145,46.216],[8.144,46.211],[8.142,46.209],[8.136,46.214],[8.129,46.216],[8.122,46.215],[8.119,46.219],[8.116,46.22],[8.096,46.218],[8.093,46.22],[8.091,46.218],[8.093,46.213],[8.096,46.215],[8.099,46.214],[8.099,46.209],[8.093,46.203],[8.095,46.2],[8.093,46.198],[8.09,46.198],[8.07,46.207],[8.067,46.21],[8.059,46.212],[8.057,46.219],[8.053,46.223],[8.053,46.225],[8.048,46.226],[8.043,46.23],[8.038,46.232],[8.035,46.23],[8.028,46.231],[8.025,46.23],[8.019,46.232],[8.018,46.234],[8.024,46.241],[8.023,46.243],[8.025,46.246],[8.032,46.248],[8.032,46.25],[8.029,46.252],[8.042,46.254],[8.044,46.252],[8.049,46.252],[8.055,46.255],[8.055,46.257],[8.052,46.259],[8.055,46.262],[8.052,46.264],[8.048,46.264],[8.046,46.266],[8.046,46.273],[8.048,46.278],[8.055,46.277],[8.055,46.28],[8.061,46.279],[8.062,46.286],[8.065,46.289],[8.072,46.286],[8.081,46.291],[8.087,46.286],[8.091,46.292],[8.089,46.295],[8.085,46.297],[8.091,46.301],[8.092,46.304],[8.086,46.304],[8.084,46.302],[8.081,46.302],[8.075,46.306],[8.075,46.308],[8.073,46.308],[8.081,46.315],[8.068,46.315],[8.068,46.313],[8.065,46.31],[8.056,46.313],[8.059,46.315],[8.06,46.32],[8.053,46.324],[8.055,46.33],[8.062,46.329],[8.065,46.331],[8.068,46.33],[8.069,46.34],[8.072,46.342],[8.078,46.339],[8.082,46.339],[8.085,46.344],[8.082,46.347],[8.082,46.349],[8.085,46.351],[8.091,46.35],[8.098,46.355],[8.104,46.351],[8.108,46.352],[8.117,46.35],[8.118,46.355],[8.124,46.363],[8.131,46.363],[8.134,46.366],[8.144,46.366],[8.15,46.362],[8.146,46.36],[8.148,46.357],[8.151,46.357],[8.153,46.359],[8.156,46.357],[8.156,46.351],[8.153,46.349],[8.151,46.351],[8.148,46.351],[8.14,46.349],[8.138,46.344],[8.133,46.342],[8.136,46.339],[8.13,46.334],[8.137,46.335],[8.143,46.34],[8.15,46.343],[8.16,46.341],[8.161,46.339],[8.159,46.338],[8.159,46.335],[8.153,46.33],[8.159,46.332],[8.162,46.33],[8.166,46.331],[8.17,46.33],[8.17,46.333],[8.179,46.336],[8.189,46.328],[8.193,46.33],[8.196,46.332],[8.192,46.335],[8.192,46.338],[8.19,46.339],[8.197,46.341],[8.201,46.344],[8.189,46.348],[8.19,46.355],[8.195,46.356],[8.199,46.362],[8.202,46.361],[8.209,46.364],[8.211,46.362],[8.211,46.359],[8.215,46.358],[8.218,46.362],[8.224,46.361],[8.226,46.366],[8.231,46.37],[8.234,46.37],[8.241,46.374],[8.248,46.375],[8.251,46.378],[8.261,46.38],[8.241,46.381],[8.225,46.378],[8.219,46.382],[8.219,46.384],[8.222,46.387],[8.206,46.385],[8.202,46.382],[8.196,46.383],[8.186,46.38],[8.18,46.382],[8.177,46.384],[8.177,46.389],[8.18,46.391],[8.19,46.391],[8.218,46.404],[8.216,46.406],[8.193,46.4],[8.186,46.4],[8.18,46.407],[8.183,46.409],[8.186,46.408],[8.188,46.413],[8.19,46.414],[8.196,46.413],[8.197,46.416],[8.194,46.418],[8.196,46.42],[8.2,46.42],[8.203,46.418],[8.206,46.419],[8.207,46.425],[8.209,46.426],[8.212,46.424],[8.216,46.424],[8.217,46.427],[8.216,46.429],[8.218,46.433],[8.226,46.433],[8.229,46.441],[8.238,46.438],[8.246,46.44],[8.24,46.447],[8.252,46.453],[8.265,46.44],[8.266,46.435],[8.268,46.435],[8.271,46.432],[8.281,46.43],[8.29,46.435],[8.282,46.437],[8.284,46.439],[8.288,46.439],[8.288,46.441],[8.275,46.451],[8.267,46.462],[8.269,46.463],[8.275,46.46],[8.278,46.461],[8.278,46.466],[8.274,46.469],[8.282,46.473],[8.285,46.473],[8.298,46.463],[8.305,46.462],[8.305,46.467],[8.292,46.48],[8.293,46.482],[8.298,46.483],[8.301,46.488],[8.305,46.489],[8.308,46.486],[8.311,46.489],[8.311,46.493],[8.315,46.492],[8.317,46.496],[8.326,46.496],[8.332,46.493],[8.332,46.496],[8.334,46.497],[8.341,46.496],[8.353,46.489],[8.354,46.486],[8.357,46.484],[8.366,46.479],[8.37,46.481],[8.373,46.478],[8.373,46.481],[8.37,46.484],[8.372,46.488],[8.364,46.493],[8.367,46.495],[8.36,46.496],[8.358,46.498],[8.359,46.5],[8.354,46.501],[8.351,46.504],[8.344,46.505],[8.34,46.509],[8.344,46.513],[8.348,46.513],[8.349,46.518],[8.356,46.52],[8.357,46.524],[8.36,46.527],[8.367,46.526],[8.38,46.518],[8.387,46.517],[8.39,46.518],[8.386,46.522],[8.381,46.524],[8.379,46.527],[8.38,46.53],[8.388,46.527],[8.39,46.524],[8.403,46.521],[8.409,46.517],[8.415,46.517],[8.416,46.52],[8.419,46.518],[8.422,46.52],[8.42,46.522],[8.416,46.522],[8.413,46.528],[8.4,46.531],[8.393,46.535],[8.39,46.539],[8.375,46.542],[8.373,46.549],[8.381,46.556],[8.365,46.556],[8.356,46.561],[8.361,46.565],[8.378,46.569],[8.39,46.574],[8.389,46.576],[8.384,46.576],[8.378,46.579],[8.375,46.576],[8.371,46.578],[8.361,46.574],[8.358,46.57],[8.358,46.567],[8.348,46.563],[8.354,46.556],[8.354,46.554],[8.349,46.549],[8.33,46.541],[8.325,46.538],[8.322,46.534],[8.315,46.533],[8.309,46.538],[8.306,46.538],[8.305,46.536],[8.311,46.532],[8.311,46.527],[8.302,46.525],[8.299,46.527],[8.292,46.528],[8.289,46.525],[8.292,46.523],[8.292,46.518],[8.286,46.519],[8.279,46.525],[8.278,46.523],[8.281,46.518],[8.279,46.516],[8.281,46.514],[8.279,46.513],[8.273,46.514],[8.266,46.519],[8.261,46.519],[8.264,46.516],[8.262,46.514],[8.266,46.507],[8.263,46.505],[8.254,46.507],[8.247,46.515],[8.238,46.521],[8.227,46.521],[8.227,46.519],[8.23,46.517],[8.23,46.515],[8.237,46.508],[8.245,46.496],[8.244,46.494],[8.236,46.492],[8.227,46.486],[8.223,46.488],[8.22,46.492],[8.217,46.493],[8.214,46.489],[8.21,46.492],[8.21,46.487],[8.216,46.483],[8.216,46.478],[8.21,46.474],[8.205,46.476],[8.204,46.479],[8.201,46.481],[8.191,46.486],[8.187,46.486],[8.191,46.483],[8.191,46.481],[8.188,46.479],[8.193,46.474],[8.192,46.47],[8.195,46.465],[8.187,46.464],[8.187,46.461],[8.184,46.459],[8.177,46.459],[8.177,46.455],[8.18,46.452],[8.177,46.45],[8.171,46.45],[8.167,46.446],[8.161,46.446],[8.158,46.45],[8.154,46.451],[8.145,46.457],[8.142,46.463],[8.135,46.465],[8.133,46.468],[8.138,46.474],[8.137,46.477],[8.139,46.478],[8.139,46.481],[8.132,46.475],[8.129,46.474],[8.124,46.475],[8.122,46.473],[8.12,46.466],[8.124,46.459],[8.118,46.454],[8.118,46.452],[8.122,46.448],[8.122,46.445],[8.119,46.441],[8.115,46.439],[8.114,46.436],[8.118,46.434],[8.117,46.43],[8.109,46.427],[8.108,46.425],[8.11,46.423],[8.106,46.418],[8.102,46.416],[8.103,46.414],[8.1,46.412],[8.099,46.409],[8.085,46.405],[8.084,46.403],[8.085,46.401],[8.079,46.397],[8.073,46.398],[8.075,46.401],[8.073,46.406],[8.069,46.406],[8.043,46.392],[8.027,46.386],[8.024,46.387],[8.025,46.39],[8.037,46.395],[8.038,46.399],[8.041,46.401],[8.039,46.403],[8.04,46.404],[8.05,46.405],[8.051,46.407],[8.06,46.411],[8.063,46.41],[8.063,46.416],[8.065,46.421],[8.064,46.423],[8.067,46.428],[8.053,46.427],[8.053,46.438],[8.047,46.434],[8.045,46.43],[8.049,46.428],[8.05,46.423],[8.047,46.421],[8.04,46.42],[8.037,46.421],[8.037,46.423],[8.036,46.417],[8.034,46.415],[8.03,46.415],[8.03,46.412],[8.024,46.408],[8.017,46.408],[8.011,46.412],[7.988,46.421],[7.995,46.417],[8.005,46.408],[8.001,46.404],[7.991,46.404],[7.992,46.399],[7.991,46.394],[7.988,46.391],[7.988,46.387],[7.991,46.385],[7.991,46.383],[7.982,46.381],[7.972,46.374],[7.964,46.376],[7.962,46.379],[7.959,46.379],[7.958,46.376],[7.955,46.375],[7.954,46.363],[7.957,46.358],[7.958,46.348],[7.96,46.347],[7.958,46.346],[7.956,46.34],[7.954,46.34],[7.949,46.347],[7.949,46.352],[7.946,46.354],[7.946,46.361],[7.943,46.363],[7.943,46.368],[7.934,46.377],[7.931,46.377],[7.93,46.374],[7.926,46.375],[7.924,46.377],[7.924,46.383],[7.92,46.389],[7.919,46.386],[7.922,46.383],[7.922,46.377],[7.919,46.374],[7.922,46.372],[7.922,46.368],[7.927,46.361],[7.922,46.354],[7.926,46.352],[7.923,46.35],[7.919,46.35],[7.923,46.349],[7.925,46.345],[7.931,46.341],[7.927,46.338],[7.93,46.334],[7.926,46.332],[7.916,46.339],[7.909,46.337],[7.906,46.338],[7.903,46.336],[7.895,46.338],[7.901,46.35],[7.9,46.352],[7.897,46.35],[7.892,46.352],[7.897,46.357],[7.897,46.361],[7.89,46.359],[7.888,46.361],[7.89,46.363],[7.883,46.366],[7.885,46.368],[7.885,46.372],[7.888,46.374],[7.884,46.378],[7.877,46.377],[7.873,46.375],[7.871,46.372],[7.864,46.37],[7.867,46.366],[7.865,46.363],[7.861,46.361],[7.87,46.359],[7.864,46.353],[7.864,46.347],[7.868,46.345],[7.864,46.343],[7.861,46.337],[7.857,46.337],[7.854,46.343],[7.848,46.344],[7.842,46.348],[7.845,46.35],[7.842,46.352],[7.842,46.354],[7.848,46.357],[7.84,46.359],[7.841,46.362],[7.844,46.363],[7.835,46.372],[7.828,46.367],[7.828,46.363],[7.831,46.361],[7.825,46.36],[7.824,46.359],[7.825,46.357],[7.817,46.355],[7.812,46.35],[7.802,46.349],[7.801,46.355],[7.799,46.357],[7.799,46.352],[7.793,46.344],[7.786,46.348],[7.783,46.344],[7.776,46.342],[7.77,46.343],[7.774,46.346],[7.774,46.348],[7.779,46.35],[7.778,46.352],[7.78,46.357],[7.776,46.357],[7.773,46.359],[7.774,46.364],[7.78,46.367],[7.78,46.369],[7.777,46.369],[7.77,46.373],[7.771,46.384],[7.773,46.386],[7.781,46.386],[7.78,46.391],[7.783,46.393],[7.786,46.39],[7.79,46.39],[7.787,46.393],[7.79,46.395],[7.799,46.394],[7.8,46.395],[7.798,46.397],[7.799,46.399],[7.806,46.397],[7.807,46.4],[7.805,46.402],[7.806,46.403],[7.813,46.407],[7.819,46.406],[7.817,46.408],[7.818,46.411],[7.827,46.411],[7.824,46.413],[7.825,46.415],[7.835,46.421],[7.839,46.42],[7.852,46.428],[7.858,46.428],[7.871,46.436],[7.884,46.439],[7.885,46.442],[7.895,46.444],[7.893,46.446],[7.894,46.449],[7.888,46.449],[7.884,46.451],[7.878,46.448],[7.868,46.447],[7.858,46.45],[7.858,46.447],[7.852,46.442],[7.846,46.444],[7.845,46.447],[7.842,46.447],[7.838,46.444],[7.842,46.44],[7.839,46.438],[7.831,46.438],[7.829,46.436],[7.822,46.434],[7.816,46.44],[7.813,46.438],[7.809,46.439],[7.812,46.433],[7.803,46.427],[7.793,46.423],[7.787,46.424],[7.78,46.419],[7.776,46.42],[7.777,46.418],[7.774,46.415],[7.768,46.413],[7.757,46.412],[7.751,46.409],[7.748,46.41],[7.741,46.407],[7.74,46.4],[7.734,46.393],[7.738,46.393],[7.74,46.391],[7.74,46.388],[7.734,46.384],[7.734,46.381],[7.738,46.381],[7.741,46.379],[7.737,46.377],[7.737,46.366],[7.74,46.364],[7.737,46.362],[7.737,46.357],[7.734,46.355],[7.734,46.353],[7.728,46.346],[7.721,46.346],[7.718,46.344],[7.702,46.342],[7.698,46.346],[7.692,46.346],[7.685,46.351],[7.683,46.355],[7.686,46.358],[7.679,46.355],[7.679,46.348],[7.676,46.346],[7.666,46.344],[7.658,46.35],[7.657,46.353],[7.658,46.355],[7.656,46.357],[7.644,46.359],[7.647,46.362],[7.65,46.369],[7.647,46.367],[7.64,46.367],[7.636,46.371],[7.64,46.372],[7.641,46.375],[7.651,46.382],[7.653,46.386],[7.663,46.389],[7.663,46.394],[7.661,46.398],[7.669,46.404],[7.663,46.406],[7.656,46.403],[7.654,46.4],[7.64,46.401],[7.637,46.399],[7.63,46.399],[7.627,46.401],[7.611,46.395],[7.608,46.389],[7.61,46.386],[7.609,46.384],[7.61,46.382],[7.608,46.38],[7.604,46.382],[7.604,46.38],[7.599,46.378],[7.6,46.375],[7.598,46.373],[7.591,46.373],[7.591,46.371],[7.588,46.369],[7.594,46.362],[7.594,46.351],[7.598,46.346],[7.595,46.344],[7.585,46.347],[7.582,46.345],[7.575,46.344],[7.569,46.346],[7.56,46.353],[7.539,46.357],[7.532,46.355],[7.538,46.351],[7.53,46.345],[7.526,46.345],[7.523,46.347],[7.513,46.342],[7.504,46.347],[7.503,46.346],[7.506,46.344],[7.506,46.342],[7.503,46.339],[7.5,46.338],[7.497,46.34],[7.494,46.338],[7.487,46.338],[7.484,46.336],[7.483,46.33],[7.481,46.329],[7.474,46.33],[7.464,46.328],[7.46,46.33],[7.471,46.337],[7.472,46.342],[7.475,46.346],[7.475,46.348],[7.472,46.351],[7.478,46.353],[7.477,46.355],[7.468,46.354],[7.466,46.348],[7.461,46.345],[7.458,46.345],[7.455,46.348],[7.456,46.353],[7.453,46.355],[7.437,46.357],[7.434,46.36],[7.425,46.362],[7.413,46.36],[7.409,46.363],[7.409,46.36],[7.412,46.36],[7.412,46.357],[7.416,46.359],[7.419,46.358],[7.42,46.357],[7.418,46.355],[7.419,46.352],[7.426,46.35],[7.431,46.346],[7.425,46.342],[7.424,46.339],[7.424,46.337],[7.429,46.333],[7.428,46.33],[7.422,46.326],[7.416,46.326],[7.411,46.324],[7.411,46.321],[7.406,46.321],[7.405,46.317],[7.4,46.313],[7.387,46.309],[7.383,46.309],[7.377,46.313],[7.373,46.317],[7.375,46.319],[7.367,46.319],[7.368,46.317],[7.366,46.312],[7.369,46.306],[7.351,46.296],[7.348,46.296],[7.348,46.299],[7.339,46.303],[7.342,46.306],[7.344,46.315],[7.325,46.317],[7.319,46.313],[7.316,46.319],[7.312,46.322],[7.296,46.321],[7.292,46.317],[7.294,46.315],[7.292,46.312],[7.299,46.308],[7.299,46.306],[7.303,46.303],[7.306,46.303],[7.308,46.301],[7.306,46.299],[7.301,46.299],[7.3,46.297],[7.302,46.292],[7.299,46.292],[7.296,46.287],[7.289,46.286],[7.289,46.281],[7.283,46.279],[7.282,46.274],[7.274,46.272],[7.275,46.27],[7.273,46.268],[7.27,46.268],[7.264,46.261],[7.261,46.263],[7.262,46.267],[7.258,46.27],[7.26,46.274],[7.254,46.283],[7.25,46.285],[7.248,46.288],[7.251,46.29],[7.248,46.292],[7.248,46.294],[7.25,46.296],[7.257,46.296],[7.264,46.301],[7.25,46.304],[7.241,46.304],[7.234,46.302],[7.223,46.308],[7.212,46.301],[7.216,46.299],[7.217,46.296],[7.212,46.295],[7.205,46.297],[7.204,46.296],[7.205,46.293],[7.208,46.29],[7.205,46.288],[7.195,46.288],[7.195,46.285],[7.205,46.285],[7.208,46.283],[7.205,46.28],[7.204,46.276],[7.208,46.272],[7.206,46.274],[7.208,46.275],[7.225,46.28],[7.227,46.278],[7.224,46.276],[7.224,46.269],[7.226,46.265],[7.221,46.261],[7.22,46.256],[7.225,46.256],[7.227,46.254],[7.224,46.251],[7.224,46.249],[7.231,46.245],[7.228,46.243],[7.227,46.24],[7.22,46.238],[7.223,46.236],[7.224,46.233],[7.218,46.232],[7.215,46.234],[7.199,46.234],[7.189,46.238],[7.183,46.234],[7.176,46.234],[7.173,46.232],[7.163,46.231],[7.165,46.227],[7.161,46.222],[7.16,46.217],[7.157,46.218],[7.154,46.216],[7.15,46.216],[7.143,46.218],[7.139,46.215],[7.143,46.211],[7.145,46.206],[7.142,46.202],[7.144,46.2],[7.149,46.2],[7.15,46.197],[7.149,46.191],[7.15,46.182],[7.147,46.18],[7.141,46.188],[7.141,46.194],[7.137,46.193],[7.134,46.191],[7.133,46.188],[7.127,46.184],[7.129,46.182],[7.129,46.179],[7.121,46.176],[7.115,46.176],[7.112,46.171],[7.108,46.17],[7.101,46.17],[7.102,46.173],[7.096,46.17],[7.101,46.168],[7.092,46.161],[7.089,46.161]],[[8.232,46.633],[8.225,46.63],[8.224,46.627],[8.229,46.629],[8.232,46.633]],[[8.332,46.765],[8.339,46.765],[8.335,46.768],[8.332,46.765]],[[8.365,46.803],[8.362,46.801],[8.359,46.802],[8.359,46.8],[8.365,46.796],[8.366,46.797],[8.363,46.801],[8.365,46.803]],[[8.966,46.972],[8.966,46.975],[8.963,46.975],[8.959,46.972],[8.966,46.972]],[[7.786,46.348],[7.787,46.35],[7.786,46.351],[7.786,46.348]],[[8.283,46.561],[8.303,46.566],[8.311,46.57],[8.311,46.572],[8.313,46.573],[8.316,46.571],[8.33,46.572],[8.316,46.574],[8.319,46.577],[8.309,46.577],[8.306,46.575],[8.302,46.575],[8.3,46.573],[8.296,46.575],[8.293,46.573],[8.283,46.572],[8.28,46.57],[8.27,46.574],[8.267,46.577],[8.264,46.575],[8.244,46.575],[8.238,46.578],[8.234,46.576],[8.233,46.573],[8.237,46.57],[8.251,46.569],[8.264,46.566],[8.272,46.561],[8.283,46.561]],[[8.26,46.543],[8.273,46.548],[8.256,46.546],[8.249,46.543],[8.26,46.543]],[[8.04066666666667,46.702666666666666],[8.044,46.704],[8.043,46.705],[8.04066666666667,46.702666666666666]]],[[[7.439,46.551],[7.435,46.551],[7.433,46.553],[7.437,46.555],[7.437,46.56],[7.432,46.561],[7.429,46.564],[7.423,46.564],[7.426,46.567],[7.423,46.569],[7.426,46.571],[7.432,46.568],[7.439,46.569],[7.444,46.571],[7.445,46.573],[7.451,46.573],[7.452,46.576],[7.449,46.578],[7.452,46.58],[7.458,46.578],[7.461,46.576],[7.461,46.574],[7.465,46.573],[7.465,46.571],[7.461,46.567],[7.458,46.567],[7.445,46.56],[7.44,46.555],[7.439,46.551]]],[[[7.523,46.461],[7.521,46.463],[7.525,46.463],[7.523,46.461]]],[[[7.749,46.593],[7.745,46.592],[7.743,46.593],[7.749,46.593]]],[[[7.951,46.597],[7.946,46.601],[7.945,46.606],[7.942,46.608],[7.943,46.613],[7.939,46.617],[7.941,46.619],[7.945,46.615],[7.948,46.616],[7.953,46.613],[7.954,46.61],[7.95,46.606],[7.951,46.604],[7.961,46.604],[7.967,46.601],[7.968,46.599],[7.964,46.597],[7.951,46.597]]],[[[8.738,46.757],[8.729,46.757],[8.731,46.759],[8.738,46.757]]],[[[9.324,47.044],[9.322,47.046],[9.33,47.046],[9.324,47.044]]],[[[9.097,46.824],[9.1,46.826],[9.102,46.824],[9.097,46.824]]],[[[8.737,46.447],[8.747,46.447],[8.746,46.444],[8.743,46.443],[8.737,46.447]]],[[[8.615,46.376],[8.61,46.376],[8.612,46.378],[8.615,46.376]]],[[[8.062,46.329],[8.06,46.331],[8.064,46.331],[8.062,46.329]]],[[[8.024,46.387],[8.025,46.385],[8.022,46.385],[8.024,46.387]]],[[[7.435,46.551],[7.429,46.55],[7.426,46.551],[7.435,46.551]]],[[[9.24,46.514],[9.243,46.514],[9.246,46.512],[9.241,46.507],[9.25,46.503],[9.253,46.5],[9.253,46.498],[9.242,46.491],[9.246,46.49],[9.245,46.487],[9.243,46.485],[9.239,46.488],[9.239,46.485],[9.242,46.483],[9.249,46.485],[9.255,46.476],[9.259,46.479],[9.262,46.479],[9.262,46.481],[9.255,46.484],[9.255,46.487],[9.259,46.487],[9.262,46.492],[9.269,46.493],[9.266,46.502],[9.267,46.505],[9.274,46.511],[9.268,46.523],[9.264,46.525],[9.26,46.532],[9.27,46.533],[9.273,46.532],[9.283,46.536],[9.287,46.535],[9.293,46.537],[9.296,46.536],[9.294,46.531],[9.299,46.529],[9.292,46.524],[9.286,46.523],[9.283,46.52],[9.296,46.519],[9.304,46.52],[9.309,46.524],[9.316,46.525],[9.323,46.522],[9.324,46.519],[9.32,46.515],[9.328,46.512],[9.338,46.512],[9.341,46.514],[9.341,46.517],[9.339,46.519],[9.343,46.521],[9.344,46.524],[9.342,46.526],[9.345,46.528],[9.345,46.531],[9.342,46.533],[9.342,46.535],[9.345,46.537],[9.355,46.535],[9.358,46.536],[9.359,46.537],[9.356,46.539],[9.354,46.544],[9.365,46.55],[9.369,46.549],[9.369,46.551],[9.367,46.552],[9.369,46.554],[9.375,46.556],[9.378,46.555],[9.375,46.552],[9.375,46.547],[9.377,46.546],[9.369,46.541],[9.375,46.541],[9.377,46.539],[9.371,46.535],[9.371,46.532],[9.366,46.53],[9.368,46.524],[9.385,46.527],[9.389,46.534],[9.397,46.536],[9.396,46.538],[9.398,46.543],[9.395,46.545],[9.395,46.547],[9.401,46.554],[9.405,46.554],[9.405,46.556],[9.408,46.558],[9.411,46.558],[9.414,46.556],[9.407,46.547],[9.417,46.549],[9.42,46.547],[9.42,46.543],[9.416,46.534],[9.413,46.531],[9.413,46.528],[9.416,46.527],[9.415,46.525],[9.412,46.52],[9.401,46.511],[9.402,46.507],[9.399,46.502],[9.392,46.496],[9.393,46.495],[9.4,46.496],[9.399,46.491],[9.395,46.489],[9.395,46.487],[9.396,46.486],[9.401,46.489],[9.404,46.493],[9.416,46.5],[9.423,46.506],[9.423,46.509],[9.432,46.513],[9.442,46.51],[9.445,46.506],[9.435,46.497],[9.428,46.493],[9.428,46.491],[9.425,46.489],[9.425,46.479],[9.421,46.477],[9.418,46.471],[9.411,46.466],[9.408,46.469],[9.401,46.469],[9.389,46.474],[9.386,46.476],[9.382,46.483],[9.379,46.483],[9.37,46.489],[9.37,46.492],[9.367,46.494],[9.367,46.498],[9.37,46.5],[9.37,46.505],[9.367,46.505],[9.364,46.508],[9.344,46.506],[9.341,46.503],[9.335,46.506],[9.321,46.506],[9.318,46.504],[9.308,46.504],[9.302,46.5],[9.282,46.498],[9.282,46.493],[9.278,46.491],[9.278,46.489],[9.275,46.487],[9.275,46.48],[9.278,46.477],[9.278,46.475],[9.274,46.471],[9.274,46.466],[9.277,46.464],[9.277,46.459],[9.261,46.449],[9.251,46.449],[9.248,46.447],[9.247,46.442],[9.244,46.44],[9.238,46.44],[9.232,46.444],[9.229,46.449],[9.223,46.451],[9.226,46.454],[9.226,46.464],[9.219,46.466],[9.216,46.472],[9.21,46.473],[9.206,46.476],[9.202,46.485],[9.204,46.488],[9.204,46.492],[9.197,46.492],[9.198,46.494],[9.188,46.501],[9.184,46.502],[9.181,46.5],[9.178,46.501],[9.178,46.504],[9.185,46.509],[9.198,46.509],[9.198,46.513],[9.194,46.511],[9.188,46.515],[9.19,46.519],[9.192,46.52],[9.198,46.519],[9.199,46.524],[9.205,46.526],[9.208,46.522],[9.212,46.521],[9.212,46.519],[9.217,46.516],[9.221,46.516],[9.225,46.519],[9.225,46.528],[9.222,46.53],[9.231,46.532],[9.234,46.531],[9.234,46.526],[9.237,46.526],[9.24,46.521],[9.247,46.52],[9.249,46.518],[9.24,46.514]]],[[[9.439,47.102],[9.421,47.101],[9.41,47.105],[9.412,47.107],[9.412,47.11],[9.407,47.11],[9.405,47.108],[9.399,47.109],[9.399,47.113],[9.406,47.114],[9.4,47.121],[9.409,47.129],[9.412,47.128],[9.412,47.123],[9.416,47.122],[9.429,47.123],[9.432,47.127],[9.438,47.123],[9.432,47.118],[9.429,47.119],[9.428,47.114],[9.434,47.109],[9.434,47.107],[9.439,47.102]]],[[[9.356,47.227],[9.343,47.227],[9.341,47.23],[9.344,47.232],[9.341,47.234],[9.351,47.24],[9.351,47.242],[9.341,47.242],[9.338,47.245],[9.331,47.241],[9.328,47.242],[9.326,47.239],[9.311,47.233],[9.304,47.233],[9.301,47.235],[9.306,47.237],[9.308,47.24],[9.306,47.244],[9.311,47.246],[9.312,47.251],[9.321,47.256],[9.329,47.255],[9.335,47.257],[9.338,47.262],[9.345,47.263],[9.358,47.272],[9.372,47.272],[9.374,47.27],[9.359,47.257],[9.361,47.256],[9.368,47.258],[9.374,47.263],[9.381,47.26],[9.388,47.26],[9.39,47.258],[9.394,47.258],[9.398,47.262],[9.403,47.258],[9.408,47.258],[9.409,47.256],[9.396,47.252],[9.39,47.248],[9.389,47.245],[9.39,47.244],[9.397,47.243],[9.404,47.248],[9.417,47.251],[9.422,47.249],[9.414,47.245],[9.411,47.245],[9.416,47.242],[9.41,47.238],[9.403,47.236],[9.402,47.233],[9.396,47.23],[9.39,47.228],[9.387,47.229],[9.39,47.233],[9.393,47.232],[9.394,47.234],[9.397,47.235],[9.393,47.236],[9.375,47.229],[9.37,47.229],[9.367,47.233],[9.36,47.228],[9.356,47.23],[9.356,47.227]],[[9.364,47.25],[9.386,47.256],[9.378,47.258],[9.374,47.257],[9.368,47.252],[9.364,47.252],[9.364,47.25]]],[[[9.407,47.263],[9.401,47.26],[9.398,47.263],[9.404,47.267],[9.418,47.269],[9.421,47.268],[9.421,47.266],[9.407,47.263]]],[[[9.402,47.123],[9.397,47.123],[9.393,47.131],[9.387,47.132],[9.38,47.136],[9.37,47.135],[9.367,47.136],[9.36,47.133],[9.354,47.135],[9.351,47.138],[9.352,47.142],[9.357,47.142],[9.36,47.144],[9.363,47.142],[9.37,47.143],[9.371,47.144],[9.368,47.146],[9.37,47.148],[9.38,47.15],[9.394,47.156],[9.396,47.15],[9.416,47.148],[9.41,47.137],[9.405,47.137],[9.409,47.134],[9.409,47.132],[9.403,47.127],[9.402,47.123]]],[[[8.931807692307691,46.647461538461535],[8.961,46.651],[8.964,46.648],[8.97,46.647],[8.983,46.648],[8.987,46.647],[8.993,46.643],[8.996,46.643],[8.999,46.641],[8.999,46.639],[9.009,46.636],[9.016,46.636],[9.015,46.639],[9.009,46.641],[9.007,46.646],[9.008,46.648],[9.015,46.652],[9.012,46.655],[9.005,46.657],[9.007,46.658],[9.007,46.661],[9.005,46.661],[9.012,46.666],[9.006,46.668],[9.01,46.672],[9.008,46.675],[9.008,46.679],[9.004,46.68],[9.002,46.682],[9.003,46.684],[8.998,46.689],[8.994,46.688],[8.988,46.691],[8.995,46.695],[8.995,46.7],[8.989,46.704],[8.987,46.709],[8.992,46.709],[8.991,46.711],[8.992,46.712],[8.998,46.712],[9.002,46.714],[9.005,46.713],[9.007,46.709],[9.002,46.706],[9.011,46.705],[9.018,46.702],[9.021,46.706],[9.028,46.71],[9.025,46.713],[9.026,46.715],[9.023,46.72],[9.031,46.723],[9.035,46.722],[9.038,46.725],[9.043,46.724],[9.042,46.722],[9.044,46.72],[9.051,46.721],[9.054,46.719],[9.047,46.716],[9.047,46.714],[9.052,46.713],[9.053,46.71],[9.041,46.706],[9.047,46.703],[9.054,46.704],[9.059,46.697],[9.055,46.695],[9.047,46.686],[9.05,46.685],[9.063,46.689],[9.068,46.685],[9.068,46.683],[9.051,46.677],[9.045,46.672],[9.043,46.667],[9.032,46.663],[9.044,46.663],[9.051,46.665],[9.053,46.667],[9.063,46.667],[9.066,46.669],[9.072,46.669],[9.075,46.667],[9.065,46.664],[9.065,46.661],[9.067,46.661],[9.065,46.659],[9.056,46.66],[9.039,46.654],[9.035,46.648],[9.036,46.645],[9.045,46.645],[9.053,46.641],[9.042,46.637],[9.039,46.639],[9.035,46.639],[9.035,46.633],[9.038,46.629],[9.042,46.627],[9.056,46.627],[9.061,46.629],[9.065,46.633],[9.075,46.633],[9.061,46.623],[9.041,46.62],[9.041,46.618],[9.044,46.615],[9.054,46.614],[9.056,46.609],[9.047,46.607],[9.054,46.601],[9.064,46.602],[9.07,46.6],[9.07,46.592],[9.073,46.597],[9.081,46.597],[9.081,46.6],[9.076,46.602],[9.084,46.609],[9.1,46.61],[9.1,46.613],[9.097,46.615],[9.098,46.62],[9.097,46.622],[9.1,46.624],[9.11,46.623],[9.111,46.624],[9.107,46.629],[9.102,46.631],[9.114,46.632],[9.117,46.634],[9.117,46.638],[9.111,46.642],[9.114,46.644],[9.125,46.642],[9.127,46.64],[9.133,46.64],[9.141,46.642],[9.137,46.648],[9.14,46.651],[9.137,46.649],[9.135,46.653],[9.132,46.655],[9.134,46.657],[9.144,46.653],[9.147,46.655],[9.152,46.653],[9.15,46.65],[9.16,46.65],[9.163,46.653],[9.165,46.652],[9.167,46.65],[9.166,46.648],[9.163,46.646],[9.159,46.646],[9.162,46.641],[9.153,46.635],[9.148,46.635],[9.145,46.63],[9.137,46.626],[9.14,46.624],[9.14,46.621],[9.133,46.618],[9.129,46.619],[9.129,46.617],[9.125,46.615],[9.129,46.614],[9.133,46.615],[9.135,46.612],[9.123,46.61],[9.12,46.608],[9.13,46.606],[9.129,46.603],[9.112,46.592],[9.109,46.593],[9.11,46.59],[9.099,46.586],[9.1,46.584],[9.096,46.579],[9.089,46.576],[9.082,46.578],[9.056,46.578],[9.053,46.576],[9.043,46.576],[9.04,46.578],[9.043,46.575],[9.043,46.571],[9.046,46.569],[9.038,46.56],[9.029,46.555],[9.033,46.555],[9.038,46.551],[9.038,46.546],[9.035,46.544],[9.032,46.538],[9.032,46.532],[9.035,46.531],[9.035,46.529],[9.041,46.544],[9.05,46.546],[9.051,46.548],[9.048,46.557],[9.05,46.56],[9.063,46.568],[9.069,46.568],[9.083,46.564],[9.085,46.562],[9.089,46.562],[9.093,46.557],[9.094,46.552],[9.091,46.548],[9.094,46.543],[9.081,46.535],[9.071,46.536],[9.071,46.533],[9.075,46.534],[9.078,46.532],[9.079,46.528],[9.077,46.525],[9.078,46.523],[9.097,46.535],[9.106,46.536],[9.109,46.539],[9.111,46.539],[9.111,46.541],[9.107,46.542],[9.107,46.545],[9.115,46.547],[9.115,46.552],[9.111,46.554],[9.109,46.559],[9.105,46.561],[9.105,46.563],[9.111,46.565],[9.109,46.568],[9.112,46.572],[9.117,46.572],[9.118,46.574],[9.125,46.577],[9.129,46.574],[9.131,46.57],[9.138,46.569],[9.14,46.572],[9.135,46.579],[9.138,46.583],[9.145,46.587],[9.154,46.585],[9.152,46.587],[9.153,46.59],[9.158,46.591],[9.162,46.594],[9.168,46.594],[9.174,46.597],[9.181,46.596],[9.18,46.594],[9.186,46.587],[9.18,46.582],[9.185,46.58],[9.176,46.574],[9.173,46.569],[9.167,46.565],[9.16,46.565],[9.155,46.563],[9.16,46.56],[9.154,46.556],[9.157,46.553],[9.16,46.555],[9.174,46.558],[9.183,46.564],[9.187,46.564],[9.187,46.567],[9.207,46.58],[9.21,46.576],[9.221,46.577],[9.22,46.582],[9.214,46.589],[9.214,46.595],[9.211,46.598],[9.212,46.602],[9.201,46.614],[9.204,46.617],[9.206,46.616],[9.22,46.607],[9.222,46.604],[9.22,46.602],[9.224,46.602],[9.226,46.604],[9.226,46.609],[9.234,46.613],[9.237,46.613],[9.238,46.615],[9.233,46.618],[9.224,46.619],[9.223,46.622],[9.215,46.627],[9.211,46.627],[9.206,46.634],[9.199,46.638],[9.201,46.641],[9.205,46.642],[9.208,46.639],[9.212,46.64],[9.219,46.638],[9.231,46.639],[9.236,46.642],[9.232,46.648],[9.228,46.649],[9.228,46.651],[9.225,46.654],[9.219,46.652],[9.213,46.656],[9.216,46.658],[9.22,46.658],[9.22,46.661],[9.218,46.663],[9.219,46.664],[9.226,46.663],[9.229,46.664],[9.23,46.667],[9.226,46.674],[9.223,46.676],[9.21,46.678],[9.208,46.681],[9.21,46.683],[9.213,46.682],[9.22,46.685],[9.226,46.682],[9.233,46.682],[9.237,46.678],[9.237,46.674],[9.235,46.672],[9.237,46.669],[9.242,46.668],[9.246,46.669],[9.246,46.671],[9.249,46.673],[9.251,46.671],[9.256,46.671],[9.256,46.673],[9.253,46.676],[9.262,46.676],[9.261,46.68],[9.262,46.681],[9.269,46.682],[9.268,46.685],[9.273,46.689],[9.268,46.691],[9.273,46.696],[9.26,46.7],[9.26,46.702],[9.258,46.703],[9.263,46.705],[9.273,46.705],[9.279,46.708],[9.283,46.714],[9.28,46.717],[9.276,46.716],[9.261,46.718],[9.263,46.72],[9.267,46.719],[9.273,46.722],[9.277,46.722],[9.268,46.73],[9.274,46.731],[9.277,46.73],[9.279,46.732],[9.273,46.736],[9.274,46.737],[9.284,46.735],[9.287,46.736],[9.289,46.74],[9.287,46.742],[9.282,46.743],[9.286,46.745],[9.284,46.748],[9.272,46.754],[9.267,46.759],[9.268,46.76],[9.278,46.758],[9.281,46.755],[9.284,46.757],[9.287,46.753],[9.291,46.755],[9.3,46.754],[9.299,46.749],[9.304,46.751],[9.31,46.749],[9.31,46.747],[9.307,46.744],[9.303,46.745],[9.306,46.742],[9.315,46.74],[9.315,46.738],[9.31,46.734],[9.299,46.734],[9.293,46.729],[9.301,46.727],[9.3,46.725],[9.296,46.725],[9.29,46.722],[9.292,46.72],[9.287,46.718],[9.297,46.713],[9.292,46.709],[9.291,46.704],[9.295,46.7],[9.285,46.693],[9.282,46.689],[9.282,46.684],[9.274,46.675],[9.264,46.667],[9.26,46.66],[9.256,46.658],[9.256,46.655],[9.261,46.654],[9.265,46.651],[9.261,46.649],[9.26,46.646],[9.257,46.644],[9.253,46.629],[9.254,46.626],[9.26,46.622],[9.26,46.619],[9.25,46.615],[9.25,46.608],[9.253,46.61],[9.263,46.61],[9.268,46.608],[9.269,46.606],[9.273,46.606],[9.245,46.588],[9.269,46.59],[9.27,46.592],[9.279,46.594],[9.282,46.597],[9.285,46.596],[9.289,46.598],[9.292,46.597],[9.294,46.599],[9.293,46.601],[9.295,46.604],[9.299,46.603],[9.299,46.605],[9.302,46.607],[9.302,46.61],[9.299,46.614],[9.299,46.618],[9.296,46.617],[9.292,46.621],[9.3,46.626],[9.295,46.628],[9.3,46.632],[9.298,46.635],[9.301,46.639],[9.295,46.644],[9.294,46.648],[9.297,46.65],[9.303,46.645],[9.307,46.645],[9.307,46.648],[9.304,46.65],[9.307,46.652],[9.317,46.651],[9.317,46.653],[9.31,46.659],[9.318,46.663],[9.316,46.668],[9.317,46.673],[9.321,46.672],[9.323,46.668],[9.327,46.666],[9.328,46.663],[9.333,46.66],[9.336,46.655],[9.34,46.652],[9.341,46.654],[9.347,46.656],[9.347,46.659],[9.35,46.66],[9.35,46.662],[9.348,46.663],[9.35,46.667],[9.359,46.665],[9.356,46.663],[9.369,46.665],[9.373,46.662],[9.386,46.662],[9.394,46.66],[9.392,46.657],[9.387,46.656],[9.384,46.651],[9.374,46.649],[9.373,46.647],[9.375,46.645],[9.382,46.643],[9.382,46.641],[9.378,46.641],[9.375,46.639],[9.369,46.642],[9.362,46.641],[9.36,46.638],[9.365,46.633],[9.382,46.626],[9.358,46.625],[9.356,46.627],[9.348,46.627],[9.343,46.625],[9.345,46.623],[9.348,46.623],[9.349,46.62],[9.355,46.62],[9.357,46.618],[9.355,46.616],[9.348,46.614],[9.343,46.614],[9.345,46.611],[9.353,46.609],[9.367,46.61],[9.37,46.609],[9.37,46.604],[9.377,46.61],[9.387,46.61],[9.39,46.608],[9.379,46.602],[9.379,46.599],[9.374,46.597],[9.354,46.596],[9.347,46.597],[9.341,46.593],[9.335,46.596],[9.331,46.595],[9.321,46.597],[9.319,46.594],[9.321,46.592],[9.324,46.594],[9.327,46.591],[9.327,46.589],[9.331,46.587],[9.333,46.582],[9.342,46.582],[9.343,46.58],[9.337,46.576],[9.33,46.576],[9.324,46.572],[9.32,46.573],[9.318,46.576],[9.311,46.575],[9.304,46.576],[9.301,46.579],[9.285,46.579],[9.275,46.581],[9.272,46.579],[9.272,46.576],[9.285,46.576],[9.294,46.573],[9.3,46.569],[9.299,46.565],[9.297,46.563],[9.294,46.563],[9.284,46.566],[9.278,46.561],[9.274,46.56],[9.255,46.568],[9.249,46.568],[9.252,46.563],[9.235,46.565],[9.226,46.564],[9.228,46.561],[9.226,46.559],[9.219,46.56],[9.22,46.557],[9.219,46.555],[9.212,46.551],[9.199,46.552],[9.188,46.549],[9.183,46.544],[9.182,46.54],[9.175,46.535],[9.166,46.532],[9.158,46.533],[9.153,46.53],[9.15,46.532],[9.148,46.531],[9.152,46.529],[9.146,46.525],[9.143,46.529],[9.14,46.525],[9.136,46.525],[9.134,46.527],[9.126,46.527],[9.117,46.518],[9.113,46.518],[9.11,46.516],[9.12,46.518],[9.126,46.522],[9.13,46.522],[9.132,46.52],[9.116,46.509],[9.11,46.507],[9.072,46.508],[9.067,46.504],[9.064,46.506],[9.063,46.503],[9.083,46.503],[9.089,46.501],[9.09,46.498],[9.093,46.5],[9.106,46.497],[9.116,46.497],[9.119,46.499],[9.128,46.5],[9.136,46.505],[9.142,46.506],[9.143,46.509],[9.162,46.516],[9.175,46.513],[9.172,46.504],[9.167,46.502],[9.165,46.494],[9.15,46.491],[9.147,46.482],[9.138,46.477],[9.143,46.477],[9.154,46.483],[9.164,46.478],[9.169,46.468],[9.152,46.466],[9.15,46.464],[9.154,46.462],[9.157,46.463],[9.16,46.461],[9.167,46.46],[9.169,46.457],[9.167,46.455],[9.163,46.457],[9.162,46.454],[9.163,46.452],[9.167,46.452],[9.171,46.448],[9.153,46.444],[9.149,46.446],[9.136,46.448],[9.13,46.444],[9.127,46.444],[9.12,46.451],[9.12,46.453],[9.128,46.459],[9.124,46.46],[9.126,46.466],[9.125,46.47],[9.123,46.471],[9.122,46.474],[9.118,46.473],[9.112,46.476],[9.109,46.473],[9.111,46.471],[9.111,46.467],[9.112,46.465],[9.115,46.465],[9.118,46.462],[9.108,46.451],[9.109,46.446],[9.104,46.444],[9.105,46.442],[9.104,46.437],[9.101,46.433],[9.105,46.431],[9.104,46.428],[9.107,46.43],[9.115,46.426],[9.112,46.422],[9.115,46.417],[9.107,46.413],[9.103,46.413],[9.095,46.408],[9.115,46.408],[9.11,46.402],[9.096,46.399],[9.093,46.397],[9.09,46.393],[9.09,46.39],[9.086,46.388],[9.07,46.39],[9.068,46.393],[9.058,46.398],[9.077,46.401],[9.079,46.406],[9.075,46.409],[9.061,46.411],[9.053,46.416],[9.065,46.417],[9.068,46.416],[9.074,46.419],[9.078,46.416],[9.094,46.419],[9.094,46.422],[9.089,46.426],[9.088,46.431],[9.078,46.431],[9.074,46.433],[9.07,46.438],[9.075,46.44],[9.075,46.442],[9.067,46.447],[9.066,46.452],[9.064,46.454],[9.076,46.461],[9.077,46.465],[9.08,46.467],[9.079,46.469],[9.076,46.468],[9.073,46.47],[9.066,46.47],[9.064,46.472],[9.06,46.47],[9.047,46.47],[9.041,46.474],[9.041,46.479],[9.031,46.48],[9.027,46.477],[9.025,46.479],[9.029,46.483],[9.028,46.487],[9.018,46.488],[9.012,46.493],[9.008,46.493],[9.005,46.495],[9.004,46.497],[9.005,46.502],[9.003,46.504],[9.005,46.509],[9.009,46.511],[9.003,46.515],[9.003,46.518],[9.0,46.522],[9.008,46.526],[9.004,46.529],[8.996,46.531],[8.998,46.533],[8.997,46.538],[8.989,46.538],[8.981,46.55],[8.973,46.556],[8.98,46.558],[8.987,46.564],[8.991,46.563],[8.995,46.556],[8.997,46.555],[9.009,46.556],[9.004,46.567],[9.005,46.569],[9.001,46.57],[8.996,46.574],[9.0,46.576],[8.998,46.581],[9.004,46.584],[9.014,46.584],[9.024,46.588],[9.027,46.586],[9.028,46.587],[9.025,46.589],[9.026,46.591],[9.011,46.591],[9.005,46.594],[8.995,46.593],[8.991,46.594],[8.986,46.601],[8.98,46.601],[8.981,46.594],[8.978,46.589],[8.975,46.59],[8.972,46.594],[8.969,46.594],[8.97,46.597],[8.969,46.598],[8.965,46.597],[8.964,46.592],[8.959,46.588],[8.96,46.586],[8.959,46.584],[8.957,46.586],[8.958,46.588],[8.953,46.59],[8.957,46.592],[8.953,46.595],[8.949,46.595],[8.945,46.599],[8.945,46.602],[8.943,46.604],[8.936,46.603],[8.933,46.605],[8.932,46.597],[8.928,46.595],[8.928,46.593],[8.919,46.586],[8.926,46.584],[8.915,46.577],[8.918,46.575],[8.909,46.573],[8.903,46.576],[8.896,46.576],[8.89,46.571],[8.883,46.572],[8.879,46.569],[8.88,46.566],[8.884,46.564],[8.883,46.563],[8.873,46.563],[8.863,46.56],[8.857,46.563],[8.852,46.562],[8.876,46.557],[8.872,46.555],[8.873,46.554],[8.893,46.553],[8.893,46.55],[8.868,46.549],[8.863,46.547],[8.847,46.547],[8.848,46.544],[8.847,46.543],[8.834,46.548],[8.831,46.554],[8.827,46.554],[8.824,46.558],[8.817,46.56],[8.816,46.563],[8.812,46.565],[8.812,46.568],[8.802,46.574],[8.801,46.581],[8.804,46.583],[8.806,46.59],[8.815,46.594],[8.819,46.594],[8.83,46.614],[8.829,46.619],[8.832,46.622],[8.834,46.621],[8.836,46.614],[8.844,46.603],[8.841,46.598],[8.848,46.6],[8.85,46.598],[8.852,46.594],[8.849,46.587],[8.851,46.586],[8.861,46.593],[8.885,46.596],[8.886,46.598],[8.881,46.598],[8.878,46.6],[8.868,46.599],[8.864,46.6],[8.872,46.607],[8.865,46.609],[8.862,46.612],[8.863,46.614],[8.857,46.618],[8.856,46.623],[8.85,46.628],[8.859,46.631],[8.865,46.637],[8.869,46.638],[8.879,46.636],[8.88,46.641],[8.882,46.642],[8.885,46.64],[8.892,46.642],[8.898,46.641],[8.905,46.642],[8.905,46.645],[8.902,46.649],[8.898,46.649],[8.9,46.652],[8.894,46.656],[8.9,46.658],[8.899,46.661],[8.896,46.663],[8.889,46.664],[8.884,46.668],[8.886,46.669],[8.89,46.667],[8.898,46.667],[8.901,46.67],[8.893,46.676],[8.895,46.679],[8.895,46.683],[8.902,46.685],[8.902,46.688],[8.893,46.692],[8.878,46.692],[8.883,46.696],[8.9,46.697],[8.906,46.696],[8.929,46.7],[8.931,46.698],[8.926,46.698],[8.926,46.696],[8.919,46.693],[8.909,46.691],[8.91,46.687],[8.916,46.687],[8.919,46.683],[8.929,46.684],[8.934,46.68],[8.925,46.671],[8.937,46.671],[8.938,46.675],[8.944,46.671],[8.945,46.667],[8.955,46.675],[8.96,46.673],[8.962,46.669],[8.968,46.666],[8.964,46.665],[8.967,46.66],[8.964,46.658],[8.958,46.66],[8.946,46.658],[8.944,46.657],[8.944,46.655],[8.946,46.653],[8.938,46.651],[8.931807692307691,46.647461538461535]]],[[[9.027,46.477],[9.024,46.476],[9.024,46.478],[9.027,46.477]]],[[[9.31,46.749],[9.314,46.751],[9.316,46.749],[9.313,46.748],[9.31,46.749]]],[[[9.009,46.641],[9.003,46.641],[9.006,46.642],[9.009,46.641]]],[[[9.235,47.149],[9.228,47.145],[9.225,47.147],[9.212,47.149],[9.207,47.153],[9.209,47.155],[9.216,47.154],[9.242,47.169],[9.246,47.167],[9.251,47.168],[9.247,47.171],[9.253,47.174],[9.256,47.17],[9.257,47.173],[9.259,47.174],[9.266,47.174],[9.268,47.17],[9.267,47.168],[9.269,47.166],[9.279,47.171],[9.289,47.168],[9.295,47.168],[9.299,47.173],[9.301,47.172],[9.3,47.168],[9.302,47.167],[9.315,47.177],[9.319,47.176],[9.322,47.173],[9.325,47.174],[9.328,47.172],[9.338,47.178],[9.344,47.169],[9.344,47.165],[9.34,47.158],[9.331,47.155],[9.339,47.151],[9.347,47.152],[9.354,47.151],[9.357,47.149],[9.356,47.146],[9.35,47.144],[9.34,47.147],[9.321,47.148],[9.312,47.154],[9.295,47.155],[9.292,47.157],[9.287,47.157],[9.285,47.155],[9.265,47.153],[9.262,47.151],[9.259,47.153],[9.25,47.153],[9.235,47.149]]],[[[9.277,47.226],[9.281,47.226],[9.284,47.224],[9.281,47.222],[9.277,47.222],[9.274,47.224],[9.277,47.226]]],[[[9.281,47.226],[9.282,47.231],[9.284,47.232],[9.287,47.231],[9.301,47.233],[9.305,47.231],[9.306,47.228],[9.301,47.227],[9.297,47.224],[9.281,47.226]]],[[[9.296,46.327],[9.292,46.331],[9.293,46.336],[9.294,46.335],[9.293,46.333],[9.299,46.331],[9.296,46.327]]],[[[9.249,46.266],[9.242,46.267],[9.236,46.271],[9.236,46.276],[9.252,46.279],[9.258,46.275],[9.258,46.273],[9.254,46.269],[9.249,46.266]]],[[[9.258,46.275],[9.252,46.28],[9.253,46.282],[9.249,46.284],[9.25,46.287],[9.269,46.294],[9.27,46.298],[9.28,46.304],[9.279,46.309],[9.276,46.311],[9.277,46.318],[9.273,46.322],[9.273,46.325],[9.27,46.327],[9.271,46.329],[9.273,46.332],[9.279,46.329],[9.286,46.331],[9.289,46.329],[9.293,46.329],[9.298,46.324],[9.298,46.322],[9.288,46.315],[9.288,46.313],[9.285,46.311],[9.285,46.306],[9.283,46.304],[9.285,46.302],[9.282,46.297],[9.27,46.291],[9.271,46.286],[9.261,46.28],[9.261,46.277],[9.258,46.275]]],[[[9.296,46.34],[9.293,46.338],[9.286,46.338],[9.284,46.34],[9.285,46.345],[9.29,46.346],[9.29,46.349],[9.287,46.348],[9.28,46.35],[9.279,46.351],[9.282,46.354],[9.282,46.356],[9.28,46.356],[9.277,46.359],[9.271,46.359],[9.269,46.361],[9.268,46.366],[9.264,46.37],[9.266,46.372],[9.266,46.376],[9.269,46.379],[9.264,46.383],[9.269,46.385],[9.269,46.39],[9.266,46.394],[9.266,46.397],[9.262,46.397],[9.257,46.404],[9.269,46.405],[9.274,46.41],[9.279,46.412],[9.282,46.41],[9.282,46.403],[9.278,46.401],[9.278,46.39],[9.282,46.39],[9.285,46.387],[9.285,46.385],[9.281,46.383],[9.281,46.381],[9.278,46.379],[9.277,46.367],[9.281,46.365],[9.28,46.363],[9.287,46.358],[9.294,46.358],[9.296,46.356],[9.296,46.34]]],[[[9.22,46.215],[9.201,46.207],[9.198,46.209],[9.198,46.211],[9.191,46.214],[9.185,46.22],[9.188,46.222],[9.19,46.22],[9.195,46.221],[9.201,46.219],[9.208,46.219],[9.208,46.222],[9.213,46.227],[9.213,46.229],[9.212,46.233],[9.208,46.234],[9.203,46.238],[9.205,46.242],[9.212,46.244],[9.215,46.249],[9.218,46.247],[9.218,46.242],[9.225,46.24],[9.234,46.239],[9.238,46.24],[9.241,46.238],[9.247,46.244],[9.25,46.242],[9.25,46.239],[9.247,46.238],[9.247,46.235],[9.244,46.233],[9.234,46.233],[9.231,46.231],[9.224,46.231],[9.221,46.229],[9.22,46.215]]],[[[9.191,46.409],[9.181,46.408],[9.175,46.412],[9.171,46.412],[9.162,46.408],[9.16,46.41],[9.155,46.41],[9.153,46.412],[9.155,46.416],[9.152,46.417],[9.144,46.426],[9.145,46.428],[9.158,46.43],[9.156,46.432],[9.146,46.433],[9.144,46.435],[9.153,46.438],[9.16,46.438],[9.166,46.443],[9.17,46.444],[9.173,46.44],[9.169,46.437],[9.168,46.434],[9.172,46.435],[9.176,46.434],[9.177,46.432],[9.167,46.43],[9.162,46.425],[9.169,46.428],[9.172,46.421],[9.188,46.423],[9.191,46.42],[9.191,46.418],[9.188,46.416],[9.188,46.414],[9.191,46.417],[9.195,46.415],[9.198,46.417],[9.201,46.416],[9.2,46.413],[9.191,46.409]]],[[[9.166,46.355],[9.16,46.354],[9.158,46.356],[9.161,46.358],[9.163,46.362],[9.159,46.367],[9.164,46.369],[9.157,46.369],[9.152,46.371],[9.151,46.373],[9.152,46.378],[9.154,46.38],[9.158,46.379],[9.162,46.38],[9.162,46.385],[9.157,46.387],[9.145,46.387],[9.142,46.39],[9.143,46.392],[9.152,46.396],[9.162,46.396],[9.171,46.401],[9.181,46.402],[9.185,46.4],[9.188,46.402],[9.191,46.401],[9.193,46.398],[9.187,46.394],[9.187,46.392],[9.199,46.391],[9.194,46.388],[9.18,46.387],[9.177,46.385],[9.186,46.382],[9.188,46.38],[9.187,46.377],[9.171,46.373],[9.169,46.371],[9.174,46.373],[9.182,46.369],[9.183,46.364],[9.182,46.362],[9.177,46.36],[9.168,46.36],[9.166,46.358],[9.166,46.355]]],[[[9.182,46.171],[9.18,46.17],[9.177,46.172],[9.171,46.169],[9.164,46.172],[9.158,46.17],[9.151,46.172],[9.149,46.174],[9.161,46.179],[9.168,46.18],[9.177,46.177],[9.184,46.178],[9.186,46.175],[9.182,46.173],[9.182,46.171]]],[[[9.154,46.353],[9.157,46.355],[9.159,46.353],[9.157,46.351],[9.154,46.353]]],[[[9.154,46.353],[9.16,46.348],[9.17,46.343],[9.178,46.342],[9.176,46.339],[9.173,46.338],[9.162,46.338],[9.161,46.333],[9.162,46.32],[9.167,46.319],[9.149,46.318],[9.142,46.324],[9.153,46.33],[9.154,46.333],[9.152,46.335],[9.157,46.338],[9.157,46.34],[9.15,46.344],[9.151,46.351],[9.154,46.353]]],[[[9.135,47.181],[9.131,47.177],[9.127,47.177],[9.122,47.182],[9.124,47.184],[9.114,47.184],[9.121,47.191],[9.117,47.193],[9.118,47.196],[9.128,47.191],[9.129,47.186],[9.125,47.184],[9.134,47.182],[9.135,47.181]]],[[[9.108,46.712],[9.103,46.708],[9.093,46.711],[9.088,46.714],[9.088,46.717],[9.09,46.718],[9.093,46.716],[9.106,46.717],[9.108,46.716],[9.108,46.712]]],[[[9.062,46.285],[9.059,46.285],[9.054,46.289],[9.053,46.292],[9.055,46.294],[9.048,46.292],[9.045,46.294],[9.044,46.297],[9.046,46.301],[9.044,46.308],[9.045,46.31],[9.048,46.311],[9.052,46.309],[9.058,46.311],[9.067,46.319],[9.065,46.323],[9.059,46.324],[9.052,46.328],[9.053,46.332],[9.056,46.335],[9.06,46.335],[9.068,46.332],[9.072,46.332],[9.082,46.332],[9.084,46.33],[9.084,46.327],[9.093,46.323],[9.087,46.318],[9.077,46.314],[9.076,46.303],[9.08,46.296],[9.067,46.296],[9.061,46.299],[9.061,46.296],[9.064,46.294],[9.06,46.29],[9.063,46.287],[9.062,46.285]]],[[[9.072,46.332],[9.07,46.334],[9.062,46.336],[9.06,46.339],[9.063,46.341],[9.062,46.344],[9.049,46.346],[9.046,46.344],[9.027,46.344],[9.017,46.347],[9.01,46.343],[9.006,46.349],[9.014,46.353],[9.037,46.352],[9.046,46.354],[9.05,46.353],[9.063,46.357],[9.066,46.356],[9.073,46.359],[9.073,46.362],[9.07,46.366],[9.073,46.369],[9.079,46.366],[9.081,46.363],[9.091,46.363],[9.086,46.372],[9.089,46.374],[9.093,46.374],[9.098,46.37],[9.096,46.366],[9.094,46.366],[9.094,46.361],[9.095,46.36],[9.099,46.363],[9.101,46.361],[9.101,46.356],[9.092,46.348],[9.079,46.348],[9.077,46.346],[9.083,46.343],[9.084,46.336],[9.074,46.334],[9.072,46.332]]],[[[9.095,46.687],[9.073,46.685],[9.068,46.69],[9.07,46.692],[9.075,46.692],[9.073,46.694],[9.073,46.697],[9.075,46.699],[9.071,46.703],[9.071,46.71],[9.074,46.714],[9.087,46.703],[9.083,46.701],[9.084,46.699],[9.08,46.694],[9.081,46.692],[9.086,46.693],[9.089,46.696],[9.092,46.694],[9.091,46.689],[9.095,46.687]]],[[[9.082,46.124],[9.078,46.121],[9.073,46.125],[9.079,46.128],[9.088,46.127],[9.085,46.123],[9.082,46.124]]],[[[9.088,46.127],[9.092,46.129],[9.094,46.127],[9.092,46.126],[9.088,46.127]]],[[[9.039,47.021],[9.033,47.017],[9.031,47.019],[9.032,47.023],[9.028,47.026],[9.042,47.028],[9.044,47.026],[9.047,47.027],[9.049,47.025],[9.043,47.021],[9.039,47.021]]],[[[8.906,47.039],[8.899,47.034],[8.896,47.036],[8.888,47.036],[8.89,47.039],[8.887,47.043],[8.898,47.05],[8.919,47.053],[8.925,47.056],[8.925,47.058],[8.934,47.065],[8.94,47.067],[8.94,47.072],[8.943,47.075],[8.953,47.075],[8.955,47.076],[8.953,47.078],[8.96,47.082],[8.963,47.087],[8.95,47.091],[8.947,47.096],[8.95,47.098],[8.954,47.098],[8.954,47.094],[8.963,47.091],[8.97,47.091],[8.979,47.087],[8.963,47.08],[8.959,47.072],[8.959,47.069],[8.952,47.065],[8.952,47.051],[8.953,47.056],[8.962,47.062],[8.969,47.062],[8.986,47.068],[8.995,47.066],[8.994,47.069],[8.987,47.071],[8.992,47.075],[9.006,47.074],[9.012,47.077],[9.015,47.075],[9.025,47.079],[9.032,47.079],[9.034,47.077],[9.031,47.075],[9.031,47.07],[9.028,47.069],[9.03,47.066],[9.014,47.062],[9.002,47.056],[8.998,47.056],[8.995,47.054],[8.989,47.057],[8.985,47.056],[8.98,47.051],[8.972,47.047],[8.961,47.047],[8.959,47.045],[8.952,47.046],[8.946,47.05],[8.936,47.045],[8.926,47.043],[8.919,47.039],[8.915,47.041],[8.909,47.038],[8.906,47.039]]],[[[9.014,46.457],[9.018,46.457],[9.023,46.454],[9.025,46.452],[9.02,46.45],[9.023,46.448],[9.017,46.446],[9.012,46.448],[9.0,46.448],[8.994,46.452],[8.995,46.455],[8.989,46.459],[8.988,46.463],[8.981,46.466],[8.975,46.463],[8.971,46.464],[8.969,46.466],[8.977,46.471],[8.973,46.473],[8.973,46.475],[8.977,46.482],[8.99,46.484],[8.998,46.487],[9.012,46.488],[9.015,46.49],[9.017,46.486],[9.014,46.484],[9.014,46.482],[9.018,46.481],[9.019,46.479],[9.012,46.475],[9.012,46.47],[9.018,46.468],[9.018,46.466],[9.021,46.463],[9.014,46.457]]],[[[8.975,46.52],[8.98,46.524],[8.985,46.518],[8.984,46.516],[8.988,46.513],[8.983,46.508],[8.979,46.513],[8.98,46.516],[8.976,46.517],[8.975,46.52]]],[[[8.973,46.524],[8.977,46.522],[8.973,46.521],[8.972,46.522],[8.973,46.524]]],[[[8.941,46.226],[8.939,46.224],[8.933,46.231],[8.917,46.238],[8.91,46.233],[8.907,46.235],[8.9,46.235],[8.891,46.238],[8.884,46.245],[8.881,46.246],[8.878,46.244],[8.873,46.247],[8.884,46.248],[8.891,46.252],[8.896,46.249],[8.904,46.248],[8.907,46.246],[8.91,46.248],[8.914,46.246],[8.921,46.253],[8.911,46.258],[8.912,46.26],[8.924,46.263],[8.929,46.258],[8.926,46.255],[8.926,46.251],[8.922,46.249],[8.923,46.246],[8.92,46.242],[8.939,46.241],[8.942,46.239],[8.94,46.235],[8.942,46.233],[8.946,46.234],[8.954,46.23],[8.952,46.226],[8.941,46.226]]],[[[8.85,46.337],[8.851,46.34],[8.854,46.335],[8.853,46.331],[8.857,46.326],[8.874,46.327],[8.876,46.326],[8.874,46.321],[8.877,46.32],[8.883,46.323],[8.886,46.319],[8.883,46.316],[8.888,46.314],[8.898,46.314],[8.898,46.319],[8.903,46.321],[8.905,46.319],[8.9,46.316],[8.902,46.311],[8.906,46.311],[8.909,46.309],[8.913,46.31],[8.915,46.306],[8.925,46.305],[8.928,46.303],[8.925,46.301],[8.918,46.301],[8.915,46.299],[8.899,46.307],[8.886,46.305],[8.883,46.306],[8.879,46.304],[8.876,46.299],[8.87,46.298],[8.868,46.299],[8.873,46.303],[8.872,46.306],[8.877,46.312],[8.873,46.318],[8.864,46.32],[8.854,46.32],[8.845,46.31],[8.837,46.309],[8.833,46.315],[8.838,46.32],[8.838,46.322],[8.833,46.329],[8.828,46.33],[8.827,46.333],[8.828,46.334],[8.832,46.333],[8.834,46.338],[8.836,46.338],[8.838,46.335],[8.841,46.337],[8.845,46.336],[8.85,46.337]]],[[[8.851,46.34],[8.856,46.344],[8.855,46.349],[8.842,46.359],[8.829,46.361],[8.826,46.363],[8.823,46.361],[8.819,46.363],[8.818,46.365],[8.823,46.367],[8.826,46.37],[8.826,46.372],[8.817,46.376],[8.817,46.385],[8.814,46.387],[8.817,46.389],[8.822,46.387],[8.83,46.389],[8.837,46.387],[8.84,46.39],[8.843,46.388],[8.846,46.39],[8.848,46.389],[8.848,46.387],[8.843,46.383],[8.839,46.383],[8.832,46.378],[8.832,46.376],[8.835,46.374],[8.835,46.371],[8.839,46.372],[8.849,46.37],[8.855,46.372],[8.861,46.369],[8.858,46.366],[8.852,46.364],[8.854,46.36],[8.851,46.358],[8.854,46.355],[8.865,46.359],[8.873,46.357],[8.864,46.351],[8.864,46.348],[8.86,46.344],[8.858,46.339],[8.854,46.338],[8.851,46.34]]],[[[8.913,46.265],[8.911,46.263],[8.906,46.267],[8.91,46.271],[8.906,46.274],[8.899,46.274],[8.895,46.272],[8.892,46.273],[8.888,46.27],[8.882,46.274],[8.888,46.275],[8.892,46.281],[8.898,46.284],[8.902,46.284],[8.905,46.281],[8.918,46.278],[8.92,46.273],[8.914,46.271],[8.913,46.265]]],[[[8.898,46.438],[8.896,46.436],[8.878,46.449],[8.876,46.452],[8.877,46.453],[8.881,46.452],[8.895,46.443],[8.898,46.438]]],[[[8.871,47.064],[8.876400000000002,47.064],[8.874,47.066],[8.88,47.066],[8.878,47.068],[8.884,47.07],[8.887,47.067],[8.894,47.066],[8.887,47.058],[8.88,47.061],[8.876666666666669,47.06377777777778],[8.874,47.062],[8.871,47.064]]],[[[8.792,46.999],[8.78,46.998],[8.777,47.0],[8.79,47.006],[8.793,47.009],[8.796,47.007],[8.806,47.007],[8.81,47.008],[8.813,47.011],[8.82,47.012],[8.835,47.024],[8.831,47.026],[8.836,47.028],[8.841,47.026],[8.842,47.021],[8.841,47.017],[8.839,47.016],[8.839,47.013],[8.844,47.017],[8.844,47.019],[8.854,47.023],[8.863,47.03],[8.868,47.032],[8.867,47.037],[8.874,47.039],[8.88,47.043],[8.882,47.041],[8.879,47.037],[8.871,47.032],[8.872,47.03],[8.869,47.021],[8.865,47.019],[8.861,47.007],[8.856,47.003],[8.842,47.003],[8.838,47.006],[8.832,47.002],[8.829,47.003],[8.823,47.001],[8.816,47.002],[8.809,47.001],[8.803,47.002],[8.792,46.999]]],[[[8.837,47.037],[8.833,47.034],[8.83,47.036],[8.823,47.037],[8.833,47.039],[8.84,47.043],[8.842,47.041],[8.842,47.037],[8.837,47.037]]],[[[8.829,46.297],[8.824,46.296],[8.821,46.299],[8.824,46.306],[8.822,46.308],[8.824,46.31],[8.828,46.31],[8.833,46.306],[8.826,46.304],[8.83,46.302],[8.827,46.299],[8.829,46.297]]],[[[8.795,46.392],[8.801,46.396],[8.806,46.396],[8.806,46.399],[8.802,46.403],[8.804,46.404],[8.811,46.402],[8.814,46.405],[8.821,46.403],[8.82,46.398],[8.817,46.396],[8.816,46.392],[8.81,46.388],[8.807,46.39],[8.797,46.39],[8.795,46.392]]],[[[8.794,46.395],[8.797,46.394],[8.791,46.394],[8.794,46.395]]],[[[8.793,46.248],[8.784,46.244],[8.776,46.248],[8.778,46.25],[8.787,46.25],[8.794,46.256],[8.797,46.255],[8.793,46.248]]],[[[8.769,46.279],[8.759,46.278],[8.756,46.281],[8.752,46.282],[8.749,46.284],[8.75,46.287],[8.745,46.291],[8.749,46.293],[8.756,46.293],[8.759,46.295],[8.762,46.293],[8.756,46.287],[8.758,46.284],[8.769,46.284],[8.771,46.282],[8.769,46.279]]],[[[8.734,46.465],[8.731,46.467],[8.734,46.468],[8.736,46.467],[8.734,46.465]]],[[[8.727,46.307],[8.724,46.305],[8.708,46.312],[8.7,46.31],[8.698,46.308],[8.692,46.31],[8.692,46.314],[8.694,46.317],[8.701,46.318],[8.709,46.314],[8.721,46.312],[8.727,46.307]]],[[[8.699,46.96],[8.697,46.958],[8.674,46.959],[8.67,46.958],[8.661,46.96],[8.667,46.966],[8.69,46.966],[8.692,46.964],[8.691,46.962],[8.693,46.961],[8.697,46.962],[8.699,46.96]]],[[[8.694,46.321],[8.688,46.317],[8.682,46.322],[8.678,46.321],[8.674,46.324],[8.669,46.324],[8.669,46.321],[8.666,46.32],[8.656,46.321],[8.654,46.322],[8.656,46.326],[8.654,46.328],[8.658,46.331],[8.664,46.331],[8.669,46.329],[8.672,46.33],[8.673,46.335],[8.671,46.337],[8.673,46.339],[8.679,46.337],[8.689,46.34],[8.693,46.337],[8.689,46.333],[8.685,46.333],[8.685,46.33],[8.689,46.331],[8.69,46.33],[8.694,46.321]]],[[[8.659,46.121],[8.655,46.117],[8.649,46.122],[8.642,46.124],[8.639,46.122],[8.632,46.122],[8.629,46.125],[8.626,46.123],[8.622,46.123],[8.619,46.126],[8.622,46.128],[8.648,46.128],[8.655,46.125],[8.659,46.121]]],[[[8.629,46.254],[8.625,46.258],[8.624,46.254],[8.622,46.253],[8.616,46.257],[8.603,46.257],[8.599,46.253],[8.596,46.26],[8.593,46.26],[8.59,46.263],[8.583,46.262],[8.581,46.264],[8.583,46.266],[8.587,46.265],[8.59,46.267],[8.601,46.266],[8.603,46.267],[8.606,46.264],[8.609,46.265],[8.612,46.263],[8.625,46.264],[8.628,46.261],[8.632,46.261],[8.635,46.257],[8.629,46.254]]],[[[8.551,46.226],[8.55,46.218],[8.544,46.221],[8.53,46.217],[8.521,46.221],[8.518,46.22],[8.508,46.222],[8.505,46.225],[8.501,46.225],[8.486,46.231],[8.469,46.231],[8.463,46.238],[8.463,46.245],[8.444,46.247],[8.441,46.249],[8.441,46.256],[8.444,46.258],[8.444,46.261],[8.451,46.265],[8.451,46.267],[8.454,46.27],[8.46,46.27],[8.458,46.272],[8.46,46.273],[8.473,46.272],[8.473,46.269],[8.468,46.267],[8.467,46.263],[8.459,46.258],[8.463,46.254],[8.473,46.258],[8.484,46.256],[8.485,46.258],[8.493,46.26],[8.49,46.263],[8.49,46.265],[8.493,46.267],[8.496,46.264],[8.499,46.264],[8.499,46.267],[8.495,46.274],[8.499,46.276],[8.502,46.274],[8.502,46.271],[8.506,46.27],[8.519,46.27],[8.525,46.273],[8.528,46.271],[8.535,46.27],[8.538,46.272],[8.548,46.271],[8.554,46.275],[8.561,46.275],[8.564,46.273],[8.569,46.275],[8.561,46.279],[8.558,46.278],[8.554,46.282],[8.558,46.283],[8.561,46.286],[8.567,46.283],[8.574,46.284],[8.577,46.281],[8.587,46.281],[8.587,46.279],[8.58,46.275],[8.571,46.273],[8.577,46.266],[8.574,46.264],[8.57,46.267],[8.566,46.264],[8.565,46.262],[8.568,46.255],[8.572,46.253],[8.567,46.251],[8.56,46.251],[8.547,46.254],[8.534,46.254],[8.529,46.258],[8.523,46.258],[8.524,46.255],[8.521,46.253],[8.518,46.255],[8.511,46.256],[8.509,46.254],[8.505,46.254],[8.506,46.251],[8.502,46.25],[8.489,46.253],[8.488,46.251],[8.477,46.247],[8.485,46.238],[8.496,46.238],[8.513,46.231],[8.521,46.23],[8.525,46.231],[8.526,46.228],[8.543,46.226],[8.544,46.226],[8.542,46.228],[8.547,46.23],[8.551,46.226]]],[[[8.537,46.926],[8.535,46.924],[8.532,46.924],[8.529,46.926],[8.53,46.928],[8.535,46.929],[8.538,46.932],[8.542,46.932],[8.545,46.929],[8.552,46.931],[8.554,46.93],[8.554,46.928],[8.551,46.926],[8.537,46.926]]],[[[8.465,46.897],[8.462,46.895],[8.457,46.897],[8.452,46.896],[8.436,46.905],[8.424,46.906],[8.426,46.908],[8.436,46.91],[8.446,46.91],[8.449,46.913],[8.463,46.916],[8.471,46.924],[8.486,46.928],[8.489,46.926],[8.496,46.925],[8.499,46.922],[8.502,46.925],[8.519,46.927],[8.528,46.925],[8.53,46.923],[8.519,46.922],[8.505,46.915],[8.492,46.914],[8.489,46.908],[8.47,46.906],[8.468,46.904],[8.471,46.901],[8.471,46.899],[8.469,46.897],[8.465,46.897]]],[[[8.509,46.307],[8.497,46.303],[8.485,46.31],[8.497,46.313],[8.512,46.312],[8.509,46.307]]],[[[8.248,46.81],[8.241,46.805],[8.236,46.807],[8.244,46.813],[8.244,46.816],[8.241,46.816],[8.239,46.818],[8.244,46.822],[8.239,46.825],[8.23,46.827],[8.232,46.83],[8.238,46.828],[8.241,46.831],[8.245,46.829],[8.255,46.833],[8.257,46.831],[8.248,46.823],[8.245,46.822],[8.247,46.818],[8.251,46.814],[8.254,46.817],[8.261,46.817],[8.267,46.821],[8.27,46.818],[8.257,46.809],[8.248,46.81]]],[[[7.194,45.86],[7.188,45.858],[7.185,45.86],[7.175,45.862],[7.162,45.871],[7.162,45.874],[7.152,45.878],[7.149,45.876],[7.139,45.876],[7.136,45.874],[7.136,45.871],[7.126,45.865],[7.123,45.865],[7.123,45.862],[7.114,45.858],[7.104,45.858],[7.094,45.864],[7.094,45.869],[7.091,45.871],[7.091,45.876],[7.081,45.882],[7.081,45.885],[7.075,45.889],[7.075,45.894],[7.072,45.896],[7.068,45.896],[7.062,45.9],[7.062,45.912],[7.058,45.911],[7.046,45.92],[7.046,45.923],[7.042,45.925],[7.042,45.927],[7.039,45.929],[7.039,45.932],[7.033,45.938],[7.033,45.95],[7.036,45.952],[7.036,45.954],[7.023,45.956],[7.02,45.959],[7.016,45.959],[7.007,45.967],[7.007,45.972],[7.013,45.976],[7.013,45.979],[7.016,45.981],[7.016,45.983],[7.01,45.988],[7.01,45.999],[6.993,45.999],[6.98,46.006],[6.98,46.017],[6.974,46.021],[6.971,46.024],[6.971,46.026],[6.955,46.037],[6.954,46.042],[6.967,46.044],[6.967,46.048],[6.975,46.051],[6.98,46.044],[6.978,46.039],[6.979,46.037],[6.977,46.035],[6.98,46.035],[6.987,46.039],[7.004,46.033],[7.009,46.028],[7.008,46.026],[7.012,46.028],[7.016,46.025],[7.022,46.024],[7.03,46.026],[7.025,46.029],[7.024,46.031],[7.025,46.033],[7.022,46.038],[7.019,46.038],[7.009,46.044],[7.013,46.046],[7.01,46.048],[7.007,46.055],[7.019,46.056],[7.022,46.054],[7.035,46.054],[7.037,46.055],[7.036,46.058],[7.037,46.06],[7.041,46.061],[7.045,46.059],[7.054,46.058],[7.053,46.055],[7.044,46.049],[7.048,46.042],[7.048,46.039],[7.054,46.043],[7.067,46.045],[7.072,46.04],[7.08,46.04],[7.082,46.037],[7.071,46.031],[7.063,46.031],[7.061,46.029],[7.06,46.024],[7.061,46.023],[7.087,46.025],[7.093,46.029],[7.1,46.028],[7.102,46.026],[7.101,46.022],[7.087,46.013],[7.093,46.006],[7.105,46.006],[7.102,46.004],[7.103,46.002],[7.097,45.998],[7.08,46.0],[7.078,45.999],[7.079,45.997],[7.077,45.995],[7.073,45.995],[7.071,45.989],[7.067,45.988],[7.068,45.985],[7.077,45.989],[7.081,45.989],[7.082,45.986],[7.087,45.984],[7.088,45.981],[7.097,45.979],[7.098,45.977],[7.094,45.973],[7.09,45.973],[7.085,45.97],[7.09,45.966],[7.09,45.959],[7.087,45.957],[7.084,45.95],[7.085,45.948],[7.081,45.946],[7.074,45.946],[7.071,45.948],[7.069,45.943],[7.071,45.936],[7.078,45.934],[7.083,45.93],[7.08,45.927],[7.08,45.923],[7.078,45.92],[7.087,45.922],[7.092,45.921],[7.087,45.914],[7.089,45.909],[7.091,45.908],[7.092,45.912],[7.097,45.913],[7.11,45.904],[7.115,45.903],[7.116,45.9],[7.113,45.898],[7.11,45.9],[7.103,45.898],[7.1,45.896],[7.1,45.894],[7.107,45.895],[7.11,45.897],[7.12,45.891],[7.126,45.891],[7.13,45.889],[7.132,45.891],[7.13,45.894],[7.123,45.894],[7.121,45.896],[7.123,45.901],[7.127,45.9],[7.126,45.903],[7.129,45.912],[7.121,45.918],[7.123,45.92],[7.122,45.923],[7.112,45.927],[7.111,45.93],[7.113,45.932],[7.122,45.934],[7.122,45.936],[7.119,45.939],[7.123,45.944],[7.13,45.945],[7.13,45.948],[7.126,45.952],[7.14,45.959],[7.139,45.962],[7.137,45.963],[7.136,45.968],[7.142,45.974],[7.152,45.977],[7.154,45.975],[7.154,45.972],[7.152,45.97],[7.145,45.966],[7.151,45.963],[7.15,45.961],[7.143,45.957],[7.145,45.955],[7.152,45.954],[7.155,45.95],[7.161,45.957],[7.16,45.959],[7.163,45.963],[7.171,45.97],[7.177,45.972],[7.184,45.972],[7.186,45.97],[7.186,45.961],[7.188,45.959],[7.19,45.949],[7.192,45.948],[7.196,45.941],[7.185,45.925],[7.181,45.923],[7.183,45.921],[7.19,45.919],[7.192,45.916],[7.19,45.912],[7.19,45.907],[7.184,45.905],[7.179,45.898],[7.183,45.898],[7.184,45.901],[7.194,45.898],[7.199,45.901],[7.197,45.903],[7.2,45.903],[7.202,45.91],[7.205,45.914],[7.204,45.925],[7.21,45.93],[7.213,45.938],[7.232,45.933],[7.242,45.933],[7.246,45.937],[7.245,45.942],[7.229,45.947],[7.222,45.952],[7.221,45.957],[7.232,45.959],[7.232,45.961],[7.227,45.964],[7.226,45.968],[7.223,45.97],[7.221,45.975],[7.226,45.975],[7.231,45.979],[7.232,45.982],[7.223,45.985],[7.213,45.986],[7.215,45.991],[7.222,45.993],[7.223,45.995],[7.206,45.997],[7.201,46.0],[7.206,46.004],[7.212,46.006],[7.214,46.009],[7.207,46.013],[7.203,46.013],[7.197,46.019],[7.193,46.02],[7.195,46.027],[7.197,46.028],[7.197,46.031],[7.193,46.036],[7.19,46.036],[7.188,46.038],[7.184,46.037],[7.178,46.042],[7.18,46.044],[7.184,46.044],[7.187,46.048],[7.193,46.046],[7.203,46.046],[7.206,46.038],[7.21,46.036],[7.209,46.033],[7.213,46.033],[7.219,46.028],[7.226,46.028],[7.229,46.031],[7.23,46.036],[7.232,46.037],[7.242,46.035],[7.244,46.036],[7.242,46.038],[7.245,46.041],[7.264,46.035],[7.274,46.037],[7.277,46.036],[7.276,46.027],[7.277,46.026],[7.28,46.028],[7.284,46.028],[7.286,46.024],[7.29,46.022],[7.29,46.025],[7.287,46.029],[7.29,46.031],[7.293,46.03],[7.297,46.032],[7.3,46.03],[7.306,46.03],[7.31,46.026],[7.313,46.026],[7.316,46.02],[7.319,46.022],[7.324,46.02],[7.325,46.015],[7.329,46.014],[7.33,46.011],[7.327,46.006],[7.329,46.004],[7.342,46.002],[7.347,45.998],[7.348,45.988],[7.35,45.986],[7.348,45.985],[7.348,45.966],[7.345,45.964],[7.345,45.961],[7.352,45.957],[7.355,45.957],[7.357,45.973],[7.358,45.975],[7.361,45.974],[7.362,45.975],[7.356,45.98],[7.356,45.989],[7.353,45.993],[7.355,45.998],[7.358,45.999],[7.358,46.002],[7.35,46.004],[7.346,46.007],[7.349,46.011],[7.348,46.013],[7.349,46.016],[7.348,46.02],[7.342,46.022],[7.345,46.024],[7.344,46.027],[7.329,46.033],[7.33,46.036],[7.329,46.037],[7.326,46.036],[7.316,46.039],[7.315,46.04],[7.317,46.045],[7.321,46.049],[7.319,46.05],[7.313,46.045],[7.306,46.045],[7.3,46.051],[7.293,46.053],[7.292,46.054],[7.293,46.056],[7.284,46.06],[7.285,46.063],[7.287,46.064],[7.287,46.067],[7.284,46.07],[7.271,46.073],[7.27,46.074],[7.271,46.076],[7.255,46.083],[7.253,46.085],[7.255,46.087],[7.248,46.091],[7.246,46.094],[7.248,46.096],[7.252,46.096],[7.255,46.099],[7.253,46.101],[7.252,46.11],[7.246,46.114],[7.245,46.118],[7.228,46.122],[7.216,46.118],[7.203,46.12],[7.199,46.116],[7.196,46.121],[7.199,46.124],[7.206,46.124],[7.209,46.13],[7.215,46.13],[7.219,46.133],[7.227,46.132],[7.232,46.133],[7.232,46.13],[7.246,46.128],[7.25,46.126],[7.248,46.12],[7.254,46.121],[7.261,46.118],[7.264,46.119],[7.266,46.123],[7.259,46.135],[7.264,46.136],[7.28,46.133],[7.287,46.134],[7.283,46.139],[7.283,46.144],[7.291,46.148],[7.289,46.153],[7.293,46.155],[7.297,46.153],[7.299,46.148],[7.308,46.146],[7.303,46.141],[7.306,46.139],[7.302,46.135],[7.305,46.13],[7.302,46.128],[7.304,46.126],[7.297,46.119],[7.303,46.12],[7.309,46.126],[7.312,46.121],[7.323,46.117],[7.326,46.119],[7.319,46.126],[7.324,46.128],[7.328,46.132],[7.325,46.134],[7.325,46.137],[7.328,46.139],[7.327,46.141],[7.331,46.148],[7.336,46.15],[7.337,46.153],[7.333,46.157],[7.333,46.159],[7.335,46.161],[7.338,46.161],[7.339,46.164],[7.345,46.165],[7.348,46.169],[7.358,46.166],[7.365,46.173],[7.365,46.177],[7.367,46.179],[7.371,46.173],[7.37,46.159],[7.375,46.153],[7.372,46.15],[7.376,46.144],[7.376,46.141],[7.372,46.139],[7.372,46.132],[7.38,46.128],[7.379,46.126],[7.38,46.122],[7.385,46.119],[7.384,46.116],[7.381,46.114],[7.387,46.108],[7.387,46.103],[7.394,46.099],[7.395,46.097],[7.393,46.094],[7.397,46.087],[7.4,46.09],[7.416,46.089],[7.418,46.09],[7.413,46.092],[7.415,46.097],[7.414,46.101],[7.416,46.105],[7.421,46.108],[7.41,46.117],[7.414,46.119],[7.411,46.123],[7.411,46.126],[7.418,46.135],[7.418,46.139],[7.415,46.141],[7.416,46.147],[7.415,46.148],[7.419,46.15],[7.426,46.147],[7.432,46.147],[7.438,46.141],[7.44,46.132],[7.448,46.132],[7.453,46.13],[7.453,46.126],[7.449,46.121],[7.45,46.119],[7.448,46.117],[7.448,46.114],[7.444,46.112],[7.45,46.11],[7.445,46.107],[7.442,46.108],[7.444,46.106],[7.441,46.101],[7.442,46.099],[7.449,46.106],[7.461,46.113],[7.468,46.112],[7.47,46.108],[7.481,46.105],[7.483,46.103],[7.484,46.099],[7.481,46.097],[7.484,46.088],[7.478,46.088],[7.478,46.083],[7.476,46.081],[7.483,46.074],[7.479,46.07],[7.482,46.067],[7.481,46.065],[7.477,46.065],[7.475,46.061],[7.476,46.058],[7.475,46.056],[7.464,46.057],[7.462,46.056],[7.464,46.05],[7.468,46.051],[7.476,46.047],[7.477,46.044],[7.48,46.043],[7.477,46.04],[7.474,46.04],[7.472,46.036],[7.469,46.034],[7.469,46.031],[7.466,46.029],[7.468,46.023],[7.473,46.02],[7.477,46.013],[7.484,46.006],[7.49,46.008],[7.496,46.007],[7.496,46.004],[7.497073170731707,46.002658536585365],[7.498,46.011],[7.488,46.02],[7.491,46.022],[7.492,46.027],[7.494,46.028],[7.495,46.031],[7.494,46.034],[7.5,46.04],[7.499,46.045],[7.503,46.049],[7.503,46.052],[7.507,46.054],[7.503,46.054],[7.498,46.058],[7.499,46.063],[7.507,46.07],[7.505,46.072],[7.507,46.074],[7.513,46.072],[7.526,46.073],[7.536,46.066],[7.536,46.063],[7.543,46.058],[7.545,46.053],[7.548,46.051],[7.547,46.042],[7.544,46.04],[7.545,46.038],[7.552,46.048],[7.556,46.049],[7.556,46.054],[7.56,46.056],[7.565,46.063],[7.562,46.065],[7.555,46.066],[7.554,46.069],[7.558,46.072],[7.547,46.076],[7.546,46.078],[7.551,46.083],[7.546,46.085],[7.545,46.09],[7.534,46.092],[7.541,46.099],[7.539,46.101],[7.536,46.1],[7.532,46.103],[7.535,46.105],[7.536,46.108],[7.531,46.11],[7.527,46.119],[7.523,46.122],[7.514,46.123],[7.509,46.13],[7.505,46.132],[7.504,46.135],[7.507,46.136],[7.507,46.138],[7.503,46.14],[7.489,46.141],[7.487,46.144],[7.483,46.146],[7.49,46.15],[7.494,46.15],[7.495,46.153],[7.494,46.155],[7.481,46.162],[7.475,46.168],[7.471,46.177],[7.465,46.18],[7.465,46.189],[7.468,46.192],[7.473,46.193],[7.475,46.202],[7.474,46.204],[7.462,46.209],[7.459,46.213],[7.459,46.216],[7.471,46.218],[7.477,46.225],[7.476,46.227],[7.481,46.229],[7.491,46.227],[7.492,46.222],[7.494,46.222],[7.497,46.218],[7.497,46.215],[7.503,46.212],[7.51,46.212],[7.516,46.215],[7.52,46.215],[7.52,46.217],[7.517,46.218],[7.521,46.22],[7.521,46.222],[7.523,46.223],[7.526,46.222],[7.528,46.225],[7.522,46.234],[7.525,46.236],[7.53,46.236],[7.539,46.231],[7.542,46.226],[7.546,46.225],[7.549,46.218],[7.548,46.213],[7.555,46.213],[7.558,46.211],[7.556,46.207],[7.561,46.204],[7.561,46.195],[7.563,46.191],[7.556,46.186],[7.558,46.18],[7.557,46.177],[7.554,46.175],[7.555,46.172],[7.559,46.171],[7.555,46.169],[7.557,46.162],[7.568,46.161],[7.571,46.163],[7.575,46.163],[7.579,46.166],[7.578,46.168],[7.584,46.172],[7.587,46.171],[7.588,46.168],[7.591,46.166],[7.594,46.167],[7.599,46.159],[7.612,46.153],[7.609,46.148],[7.616,46.135],[7.614,46.132],[7.61,46.13],[7.613,46.129],[7.621,46.121],[7.623,46.111],[7.631,46.105],[7.633,46.099],[7.629,46.095],[7.629,46.092],[7.625,46.087],[7.63,46.085],[7.63,46.087],[7.633,46.089],[7.633,46.092],[7.649,46.1],[7.665,46.101],[7.667,46.103],[7.657,46.108],[7.652,46.108],[7.65,46.112],[7.644,46.114],[7.641,46.119],[7.642,46.123],[7.649,46.124],[7.65,46.126],[7.648,46.128],[7.653,46.132],[7.653,46.135],[7.649,46.139],[7.648,46.146],[7.641,46.148],[7.643,46.15],[7.642,46.155],[7.636,46.157],[7.631,46.162],[7.631,46.164],[7.636,46.168],[7.643,46.169],[7.645,46.171],[7.63,46.171],[7.624,46.175],[7.635,46.182],[7.619,46.191],[7.618,46.195],[7.615,46.198],[7.617,46.207],[7.611,46.211],[7.617,46.215],[7.63,46.214],[7.631,46.216],[7.627,46.222],[7.622,46.225],[7.62,46.23],[7.611,46.231],[7.599,46.24],[7.604,46.246],[7.609,46.247],[7.61,46.249],[7.608,46.254],[7.598,46.258],[7.598,46.264],[7.595,46.265],[7.598,46.267],[7.598,46.27],[7.607,46.273],[7.62,46.274],[7.625,46.272],[7.63,46.267],[7.633,46.269],[7.636,46.268],[7.637,46.274],[7.643,46.278],[7.645,46.276],[7.653,46.275],[7.655,46.269],[7.662,46.271],[7.666,46.274],[7.682,46.274],[7.686,46.272],[7.688,46.267],[7.696,46.263],[7.694,46.26],[7.697,46.256],[7.693,46.254],[7.691,46.251],[7.698,46.251],[7.704,46.247],[7.704,46.236],[7.701,46.233],[7.703,46.231],[7.7,46.227],[7.703,46.222],[7.698,46.215],[7.693,46.211],[7.69,46.204],[7.691,46.2],[7.689,46.184],[7.691,46.182],[7.694,46.186],[7.701,46.188],[7.701,46.191],[7.704,46.192],[7.705,46.195],[7.704,46.197],[7.706,46.2],[7.701,46.204],[7.7,46.209],[7.711,46.213],[7.717,46.211],[7.716,46.215],[7.713,46.218],[7.714,46.22],[7.713,46.222],[7.722,46.224],[7.721,46.229],[7.722,46.233],[7.725,46.236],[7.723,46.24],[7.725,46.242],[7.722,46.247],[7.725,46.249],[7.724,46.251],[7.718,46.254],[7.73,46.257],[7.734,46.256],[7.734,46.258],[7.729,46.26],[7.728,46.265],[7.731,46.269],[7.731,46.272],[7.724,46.275],[7.723,46.276],[7.724,46.277],[7.744,46.282],[7.747,46.281],[7.749,46.278],[7.756,46.276],[7.755,46.271],[7.756,46.269],[7.766,46.271],[7.768,46.267],[7.766,46.265],[7.766,46.262],[7.769,46.26],[7.767,46.253],[7.769,46.252],[7.773,46.252],[7.776,46.257],[7.782,46.255],[7.786,46.258],[7.786,46.261],[7.792,46.264],[7.795,46.26],[7.799,46.261],[7.802,46.26],[7.805,46.262],[7.808,46.261],[7.811,46.257],[7.818,46.255],[7.822,46.251],[7.821,46.248],[7.823,46.247],[7.822,46.242],[7.826,46.238],[7.824,46.236],[7.811,46.233],[7.808,46.227],[7.798,46.229],[7.793,46.222],[7.795,46.22],[7.785,46.216],[7.791,46.213],[7.798,46.213],[7.804,46.211],[7.795,46.204],[7.785,46.204],[7.782,46.2],[7.779,46.199],[7.782,46.195],[7.787,46.193],[7.775,46.186],[7.779,46.184],[7.78,46.181],[7.772,46.18],[7.769,46.176],[7.765,46.175],[7.768,46.172],[7.772,46.172],[7.774,46.17],[7.774,46.168],[7.772,46.167],[7.764,46.166],[7.766,46.165],[7.766,46.163],[7.765,46.159],[7.762,46.157],[7.762,46.155],[7.772,46.156],[7.775,46.154],[7.775,46.152],[7.772,46.149],[7.768,46.148],[7.765,46.145],[7.765,46.138],[7.77,46.137],[7.768,46.132],[7.771,46.13],[7.769,46.128],[7.765,46.128],[7.761,46.123],[7.761,46.119],[7.75,46.112],[7.758,46.107],[7.755,46.105],[7.755,46.103],[7.76,46.103],[7.76,46.098],[7.764,46.096],[7.762,46.094],[7.757,46.094],[7.753,46.092],[7.754,46.089],[7.746,46.085],[7.742,46.085],[7.735,46.08],[7.742,46.077],[7.752,46.079],[7.761,46.076],[7.759,46.072],[7.751,46.065],[7.755,46.06],[7.748,46.053],[7.75,46.051],[7.749,46.047],[7.745,46.048],[7.736,46.045],[7.736,46.041],[7.74,46.04],[7.736,46.035],[7.732,46.036],[7.729,46.034],[7.723,46.036],[7.72,46.035],[7.719,46.031],[7.73,46.024],[7.721,46.02],[7.72,46.017],[7.707,46.016],[7.703,46.018],[7.69,46.018],[7.681,46.014],[7.665,46.013],[7.661,46.02],[7.66,46.013],[7.655,46.012],[7.652,46.014],[7.648,46.012],[7.645,46.013],[7.645,46.011],[7.636,46.004],[7.644,46.004],[7.643,46.006],[7.644,46.009],[7.648,46.011],[7.652,46.011],[7.653,46.009],[7.648,46.004],[7.662,46.004],[7.665,46.006],[7.674,46.003],[7.681,46.005],[7.684,46.003],[7.69,46.006],[7.7,46.007],[7.707,46.005],[7.71,46.001],[7.716,46.002],[7.718,45.999],[7.718,45.995],[7.706,45.99],[7.716,45.99],[7.719,45.992],[7.723,45.992],[7.726,45.986],[7.735,45.985],[7.739,45.983],[7.74,45.981],[7.738,45.979],[7.744,45.975],[7.741,45.97],[7.742,45.969],[7.745,45.97],[7.743,45.972],[7.748,45.975],[7.753,45.975],[7.754,45.972],[7.758,45.974],[7.764,45.972],[7.768,45.975],[7.774,45.976],[7.8,45.976],[7.803,45.977],[7.801,45.979],[7.807,45.983],[7.806,45.984],[7.8,45.981],[7.793,45.981],[7.791,45.984],[7.771,45.982],[7.763,45.984],[7.752,45.984],[7.737,45.995],[7.745,45.998],[7.751,45.997],[7.755,45.999],[7.762,45.999],[7.759,46.004],[7.761,46.006],[7.771,46.002],[7.768,46.004],[7.79,46.008],[7.806,46.008],[7.798,46.013],[7.799,46.015],[7.797,46.017],[7.787,46.018],[7.782,46.02],[7.781,46.022],[7.784,46.029],[7.782,46.033],[7.779,46.035],[7.78,46.038],[7.777,46.042],[7.782,46.044],[7.783,46.047],[7.797,46.053],[7.793,46.06],[7.794,46.062],[7.8,46.06],[7.8,46.057],[7.807,46.059],[7.812,46.055],[7.81,46.054],[7.807,46.047],[7.813,46.053],[7.82,46.05],[7.823,46.045],[7.836,46.043],[7.837,46.044],[7.829,46.054],[7.826,46.055],[7.826,46.058],[7.823,46.058],[7.819,46.062],[7.826,46.067],[7.827,46.069],[7.826,46.071],[7.823,46.072],[7.817,46.07],[7.815,46.071],[7.814,46.073],[7.807,46.075],[7.804,46.078],[7.804,46.08],[7.798,46.085],[7.81,46.085],[7.82,46.091],[7.821,46.094],[7.81,46.092],[7.807,46.093],[7.805,46.096],[7.807,46.098],[7.81,46.097],[7.815,46.1],[7.815,46.105],[7.811,46.107],[7.817,46.111],[7.821,46.116],[7.82,46.12],[7.817,46.119],[7.815,46.121],[7.815,46.123],[7.822,46.127],[7.815,46.13],[7.817,46.136],[7.815,46.139],[7.819,46.141],[7.812,46.148],[7.812,46.15],[7.821,46.15],[7.823,46.154],[7.827,46.156],[7.833,46.152],[7.837,46.154],[7.843,46.153],[7.848,46.154],[7.844,46.159],[7.85,46.163],[7.847,46.168],[7.847,46.173],[7.838,46.177],[7.847,46.179],[7.845,46.181],[7.853,46.183],[7.853,46.188],[7.857,46.19],[7.857,46.192],[7.86,46.194],[7.866,46.196],[7.869,46.2],[7.873,46.201],[7.875,46.199],[7.872,46.192],[7.872,46.186],[7.876,46.185],[7.882,46.187],[7.884,46.186],[7.885,46.183],[7.879,46.177],[7.872,46.177],[7.875,46.174],[7.875,46.17],[7.873,46.168],[7.876,46.166],[7.882,46.169],[7.898,46.172],[7.901,46.17],[7.901,46.166],[7.904,46.165],[7.902,46.161],[7.908,46.156],[7.914,46.154],[7.911,46.15],[7.908,46.151],[7.904,46.15],[7.904,46.147],[7.902,46.145],[7.915,46.134],[7.91,46.127],[7.914,46.127],[7.917,46.125],[7.917,46.12],[7.914,46.118],[7.908,46.118],[7.904,46.12],[7.901,46.118],[7.901,46.112],[7.904,46.109],[7.898,46.103],[7.894,46.103],[7.891,46.097],[7.904,46.099],[7.906,46.098],[7.907,46.094],[7.911,46.093],[7.917,46.097],[7.924,46.097],[7.93,46.101],[7.937,46.102],[7.949,46.091],[7.945,46.089],[7.949,46.08],[7.949,46.072],[7.951,46.071],[7.95,46.064],[7.953,46.059],[7.957,46.057],[7.962,46.058],[7.965,46.071],[7.963,46.073],[7.963,46.077],[7.965,46.081],[7.976,46.077],[7.985,46.078],[7.988,46.077],[7.985,46.082],[7.975,46.082],[7.969,46.086],[7.971,46.089],[7.979,46.091],[7.968,46.098],[7.969,46.1],[7.975,46.102],[7.988,46.104],[7.989,46.106],[7.982,46.107],[7.977,46.111],[7.969,46.111],[7.966,46.109],[7.955,46.113],[7.956,46.116],[7.954,46.12],[7.958,46.125],[7.951,46.129],[7.953,46.132],[7.96,46.134],[7.959,46.136],[7.96,46.139],[7.958,46.14],[7.96,46.143],[7.965,46.145],[7.962,46.145],[7.953,46.139],[7.951,46.14],[7.951,46.143],[7.956,46.147],[7.956,46.149],[7.95,46.157],[7.945,46.158],[7.952,46.167],[7.95,46.17],[7.951,46.172],[7.95,46.173],[7.944,46.169],[7.94,46.174],[7.928,46.179],[7.937,46.183],[7.937,46.185],[7.928,46.192],[7.93,46.197],[7.927,46.199],[7.93,46.203],[7.928,46.206],[7.929,46.212],[7.928,46.215],[7.921,46.217],[7.914,46.224],[7.915,46.227],[7.923,46.228],[7.924,46.233],[7.929,46.233],[7.936,46.237],[7.935,46.242],[7.931,46.243],[7.933,46.248],[7.932,46.255],[7.938,46.258],[7.942,46.253],[7.942,46.248],[7.944,46.244],[7.948,46.241],[7.95,46.235],[7.954,46.231],[7.957,46.224],[7.964,46.221],[7.967,46.225],[7.967,46.228],[7.961,46.239],[7.966,46.244],[7.964,46.25],[7.967,46.253],[7.964,46.264],[7.973,46.275],[7.971,46.277],[7.971,46.28],[7.973,46.282],[7.972,46.284],[7.981,46.286],[7.978,46.289],[7.98,46.29],[7.99,46.29],[7.996,46.286],[7.995,46.275],[7.99,46.275],[7.995,46.268],[8.003,46.27],[8.005,46.268],[8.009,46.268],[8.013,46.271],[8.019,46.272],[8.024,46.27],[8.025,46.268],[8.025,46.261],[8.02,46.257],[8.019,46.254],[8.009,46.251],[8.005,46.248],[8.002,46.241],[8.002,46.223],[8.012,46.223],[8.021,46.219],[8.03,46.212],[8.031,46.203],[8.024,46.196],[8.038,46.196],[8.041,46.19],[8.051,46.188],[8.059,46.183],[8.059,46.18],[8.055,46.178],[8.057,46.174],[8.053,46.167],[8.047,46.165],[8.047,46.16],[8.042,46.153],[8.056,46.153],[8.06,46.155],[8.066,46.155],[8.07,46.158],[8.069,46.16],[8.073,46.166],[8.08,46.164],[8.08,46.169],[8.084,46.171],[8.084,46.176],[8.086,46.177],[8.092,46.176],[8.092,46.173],[8.095,46.171],[8.095,46.167],[8.092,46.165],[8.092,46.163],[8.097,46.158],[8.092,46.153],[8.092,46.149],[8.089,46.147],[8.092,46.142],[8.092,46.14],[8.089,46.138],[8.091,46.133],[8.086,46.129],[8.082,46.128],[8.078,46.124],[8.078,46.119],[8.082,46.124],[8.092,46.128],[8.098,46.128],[8.099,46.136],[8.097,46.137],[8.099,46.139],[8.105,46.139],[8.106,46.142],[8.112,46.144],[8.112,46.146],[8.115,46.148],[8.118,46.148],[8.119,46.153],[8.121,46.155],[8.124,46.155],[8.126,46.16],[8.131,46.164],[8.138,46.162],[8.14,46.16],[8.136,46.157],[8.138,46.156],[8.144,46.161],[8.145,46.166],[8.148,46.169],[8.136,46.173],[8.138,46.175],[8.145,46.175],[8.142,46.178],[8.144,46.18],[8.148,46.18],[8.148,46.182],[8.151,46.184],[8.164,46.182],[8.167,46.18],[8.157,46.171],[8.157,46.168],[8.154,46.166],[8.154,46.159],[8.15,46.157],[8.15,46.153],[8.154,46.15],[8.153,46.146],[8.141,46.137],[8.124,46.135],[8.118,46.131],[8.114,46.128],[8.114,46.117],[8.108,46.113],[8.105,46.113],[8.098,46.108],[8.069,46.106],[8.066,46.104],[8.05,46.102],[8.046,46.099],[8.04,46.099],[8.033,46.095],[8.033,46.09],[8.03,46.088],[8.03,46.084],[8.027,46.082],[8.027,46.079],[8.023,46.077],[8.023,46.075],[8.027,46.072],[8.027,46.061],[8.03,46.059],[8.03,46.054],[8.033,46.052],[8.033,46.045],[8.02,46.037],[8.02,46.034],[8.016,46.032],[8.016,46.023],[8.013,46.021],[8.013,46.014],[8.01,46.012],[8.0,46.01],[8.0,46.007],[7.987,45.996],[7.981,45.996],[7.978,45.999],[7.968,45.999],[7.965,45.996],[7.939,45.997],[7.936,45.994],[7.906,45.994],[7.906,45.992],[7.9,45.985],[7.884,45.974],[7.88,45.974],[7.88,45.961],[7.877,45.959],[7.877,45.952],[7.874,45.95],[7.874,45.945],[7.871,45.943],[7.87,45.938],[7.87,45.936],[7.874,45.934],[7.874,45.931],[7.877,45.929],[7.877,45.927],[7.864,45.918],[7.858,45.92],[7.845,45.92],[7.842,45.923],[7.832,45.923],[7.829,45.925],[7.819,45.927],[7.819,45.925],[7.812,45.921],[7.806,45.921],[7.803,45.918],[7.793,45.918],[7.79,45.921],[7.79,45.923],[7.784,45.927],[7.78,45.927],[7.771,45.934],[7.767,45.934],[7.764,45.936],[7.764,45.939],[7.748,45.939],[7.742,45.934],[7.742,45.932],[7.735,45.93],[7.735,45.925],[7.732,45.923],[7.719,45.923],[7.713,45.928],[7.713,45.93],[7.706,45.934],[7.706,45.95],[7.703,45.95],[7.697,45.955],[7.684,45.955],[7.68,45.957],[7.674,45.961],[7.674,45.966],[7.661,45.975],[7.648,45.975],[7.642,45.97],[7.626,45.97],[7.616,45.973],[7.61,45.968],[7.6,45.968],[7.597,45.971],[7.587,45.971],[7.577,45.977],[7.577,45.982],[7.571,45.986],[7.568,45.986],[7.564,45.984],[7.548,45.984],[7.548,45.982],[7.545,45.98],[7.545,45.977],[7.542,45.975],[7.545,45.973],[7.545,45.966],[7.548,45.964],[7.542,45.957],[7.535,45.955],[7.532,45.957],[7.522,45.957],[7.516,45.962],[7.506,45.962],[7.503,45.959],[7.497,45.957],[7.477,45.953],[7.471,45.948],[7.471,45.946],[7.474,45.944],[7.474,45.939],[7.468,45.935],[7.458,45.935],[7.455,45.932],[7.445,45.93],[7.438,45.926],[7.435,45.923],[7.435,45.921],[7.426,45.914],[7.416,45.912],[7.41,45.908],[7.4,45.91],[7.397,45.908],[7.397,45.905],[7.387,45.899],[7.377,45.899],[7.365,45.903],[7.358,45.908],[7.352,45.91],[7.352,45.912],[7.348,45.912],[7.345,45.914],[7.323,45.91],[7.313,45.917],[7.303,45.917],[7.294,45.921],[7.29,45.921],[7.29,45.919],[7.287,45.917],[7.287,45.914],[7.281,45.91],[7.281,45.907],[7.255,45.89],[7.252,45.89],[7.245,45.894],[7.239,45.89],[7.226,45.892],[7.22,45.887],[7.216,45.887],[7.2,45.876],[7.2,45.865],[7.194,45.86]],[[7.569,46.123],[7.572,46.123],[7.569,46.126],[7.573,46.132],[7.573,46.137],[7.57,46.137],[7.57,46.135],[7.567,46.132],[7.568,46.125],[7.569,46.123]],[[7.4979999999999976,46.0015],[7.5,45.999],[7.501,46.0],[7.4979999999999976,46.0015]],[[7.406,46.036],[7.408,46.04],[7.405,46.045],[7.404,46.054],[7.401,46.056],[7.401,46.061],[7.397,46.067],[7.401,46.074],[7.404,46.076],[7.404,46.079],[7.399,46.079],[7.396,46.076],[7.393,46.079],[7.393,46.074],[7.396,46.07],[7.393,46.068],[7.393,46.057],[7.395,46.056],[7.396,46.052],[7.402,46.043],[7.403,46.037],[7.406,46.036]]],[[[7.199,46.116],[7.194,46.116],[7.196,46.118],[7.199,46.116]]],[[[7.293,46.155],[7.29,46.155],[7.281,46.159],[7.281,46.162],[7.278,46.164],[7.287,46.168],[7.299,46.164],[7.299,46.157],[7.296,46.155],[7.293,46.155]]],[[[7.964,46.765],[7.96,46.765],[7.957,46.77],[7.966,46.772],[7.968,46.774],[7.968,46.777],[7.976,46.781],[7.983,46.781],[7.989,46.783],[7.989,46.786],[7.992,46.79],[8.008,46.791],[8.018,46.798],[8.031,46.798],[8.041,46.8],[8.044,46.798],[8.051,46.8],[8.054,46.803],[8.061,46.8],[8.067,46.8],[8.081,46.803],[8.086,46.801],[8.083,46.799],[8.084,46.798],[8.087,46.801],[8.093,46.803],[8.095,46.805],[8.094,46.808],[8.104,46.808],[8.11,46.81],[8.112,46.805],[8.107,46.803],[8.114,46.803],[8.12,46.805],[8.126,46.803],[8.13,46.805],[8.134,46.803],[8.13,46.801],[8.128,46.798],[8.108,46.796],[8.108,46.794],[8.119,46.789],[8.11,46.788],[8.107,46.789],[8.109,46.785],[8.106,46.783],[8.106,46.78],[8.11,46.78],[8.116,46.776],[8.113,46.774],[8.1,46.775],[8.097,46.778],[8.097,46.781],[8.087,46.786],[8.077,46.785],[8.067,46.788],[8.057,46.786],[8.054,46.788],[8.05,46.788],[8.047,46.785],[8.041,46.784],[8.035,46.788],[8.028,46.789],[8.017,46.788],[8.015,46.786],[8.012,46.786],[8.007,46.783],[8.008,46.781],[8.005,46.779],[7.998,46.782],[7.994,46.781],[7.985,46.775],[7.979,46.774],[7.969,46.769],[7.964,46.765]]],[[[8.115,46.18],[8.109,46.178],[8.099,46.182],[8.098,46.185],[8.119,46.191],[8.122,46.19],[8.123,46.189],[8.115,46.18]]],[[[8.081,46.898],[8.068,46.89],[8.068,46.893],[8.061,46.9],[8.065,46.905],[8.069,46.905],[8.072,46.902],[8.078,46.9],[8.081,46.902],[8.079,46.904],[8.079,46.907],[8.088,46.913],[8.092,46.911],[8.088,46.909],[8.091,46.907],[8.088,46.905],[8.088,46.901],[8.092,46.899],[8.094,46.895],[8.088,46.894],[8.081,46.898]]],[[[7.957,46.819],[7.953,46.818],[7.947,46.824],[7.952,46.826],[7.95,46.831],[7.952,46.835],[7.949,46.838],[7.96,46.84],[7.964,46.842],[7.966,46.846],[7.972,46.842],[7.964,46.826],[7.956,46.824],[7.957,46.819]]],[[[7.947,46.262],[7.941,46.26],[7.936,46.264],[7.936,46.269],[7.929,46.273],[7.935,46.275],[7.941,46.271],[7.941,46.268],[7.947,46.264],[7.947,46.262]]],[[[7.923,46.739],[7.918,46.739],[7.917,46.745],[7.919,46.748],[7.923,46.748],[7.926,46.751],[7.931,46.75],[7.932,46.745],[7.923,46.739]]],[[[7.897,46.786],[7.894,46.782],[7.884,46.782],[7.88,46.786],[7.872,46.786],[7.873,46.784],[7.871,46.782],[7.867,46.782],[7.863,46.784],[7.862,46.788],[7.864,46.79],[7.874,46.79],[7.877,46.792],[7.894,46.791],[7.9,46.793],[7.913,46.793],[7.916,46.79],[7.907,46.787],[7.904,46.789],[7.9,46.786],[7.897,46.786]]],[[[7.81,46.111],[7.814,46.109],[7.81,46.108],[7.807,46.109],[7.81,46.111]]],[[[7.656,46.647],[7.644,46.643],[7.633,46.647],[7.635,46.649],[7.648,46.653],[7.651,46.652],[7.656,46.647]]],[[[7.601,46.598],[7.589,46.589],[7.584,46.591],[7.58,46.598],[7.587,46.6],[7.582,46.607],[7.585,46.609],[7.592,46.607],[7.595,46.611],[7.603,46.611],[7.6,46.614],[7.6,46.616],[7.606,46.62],[7.604,46.625],[7.612,46.627],[7.613,46.629],[7.607,46.634],[7.608,46.635],[7.612,46.636],[7.618,46.635],[7.621,46.639],[7.635,46.638],[7.637,46.636],[7.632,46.632],[7.631,46.629],[7.63,46.632],[7.624,46.632],[7.624,46.625],[7.618,46.623],[7.617,46.62],[7.612,46.618],[7.608,46.614],[7.608,46.612],[7.611,46.609],[7.605,46.605],[7.601,46.598]]],[[[7.527,46.579],[7.52,46.576],[7.517,46.578],[7.52,46.582],[7.515,46.584],[7.52,46.586],[7.523,46.59],[7.53,46.589],[7.533,46.584],[7.527,46.579]]],[[[7.5,46.708],[7.478,46.704],[7.473,46.708],[7.484,46.709],[7.488,46.708],[7.491,46.713],[7.493,46.71],[7.497,46.71],[7.5,46.708]]],[[[7.453,46.699],[7.458,46.697],[7.455,46.695],[7.442,46.698],[7.439,46.7],[7.432,46.7],[7.426,46.697],[7.419,46.697],[7.416,46.693],[7.411,46.695],[7.415,46.697],[7.407,46.701],[7.408,46.704],[7.416,46.708],[7.418,46.706],[7.418,46.701],[7.421,46.701],[7.429,46.704],[7.427,46.706],[7.429,46.71],[7.432,46.708],[7.435,46.71],[7.439,46.707],[7.445,46.711],[7.452,46.709],[7.455,46.712],[7.459,46.71],[7.459,46.708],[7.456,46.706],[7.459,46.704],[7.455,46.702],[7.453,46.704],[7.448,46.705],[7.448,46.701],[7.452,46.703],[7.455,46.701],[7.453,46.699]]],[[[7.458,46.697],[7.462,46.697],[7.462,46.694],[7.458,46.693],[7.456,46.695],[7.458,46.697]]],[[[7.427,46.591],[7.422,46.588],[7.42,46.591],[7.423,46.594],[7.423,46.598],[7.426,46.602],[7.426,46.607],[7.429,46.61],[7.432,46.605],[7.432,46.6],[7.431,46.596],[7.427,46.594],[7.427,46.591]]],[[[7.396,46.672],[7.393,46.67],[7.383,46.671],[7.381,46.672],[7.38,46.675],[7.373,46.675],[7.371,46.679],[7.373,46.68],[7.386,46.678],[7.393,46.681],[7.399,46.678],[7.403,46.681],[7.409,46.687],[7.412,46.685],[7.416,46.687],[7.425,46.686],[7.425,46.681],[7.422,46.68],[7.412,46.683],[7.406,46.679],[7.403,46.674],[7.399,46.673],[7.396,46.675],[7.395,46.674],[7.396,46.672]]],[[[7.346,46.643],[7.35,46.652],[7.354,46.653],[7.357,46.656],[7.358,46.659],[7.364,46.662],[7.373,46.659],[7.373,46.656],[7.367,46.654],[7.36,46.654],[7.354,46.641],[7.351,46.643],[7.346,46.643]]],[[[7.373,46.659],[7.371,46.661],[7.373,46.664],[7.378,46.661],[7.373,46.659]]],[[[7.374,46.447],[7.377,46.445],[7.374,46.442],[7.372,46.445],[7.374,46.447]]],[[[7.367,46.438],[7.361,46.435],[7.351,46.439],[7.341,46.44],[7.33,46.445],[7.331,46.448],[7.336,46.447],[7.338,46.45],[7.344,46.452],[7.345,46.459],[7.342,46.461],[7.342,46.463],[7.344,46.465],[7.351,46.466],[7.36,46.463],[7.358,46.456],[7.36,46.452],[7.363,46.45],[7.357,46.443],[7.364,46.445],[7.367,46.438]]],[[[7.344,46.491],[7.341,46.495],[7.347,46.499],[7.351,46.498],[7.354,46.503],[7.356,46.501],[7.356,46.497],[7.354,46.495],[7.347,46.494],[7.344,46.491]]],[[[7.319,46.629],[7.321,46.632],[7.323,46.629],[7.319,46.629]]],[[[7.321,46.632],[7.322,46.636],[7.318,46.637],[7.311,46.636],[7.308,46.634],[7.305,46.635],[7.302,46.638],[7.302,46.641],[7.297,46.645],[7.298,46.649],[7.305,46.649],[7.309,46.647],[7.309,46.656],[7.311,46.659],[7.315,46.66],[7.321,46.661],[7.324,46.658],[7.328,46.66],[7.341,46.658],[7.344,46.661],[7.347,46.659],[7.352,46.659],[7.35,46.658],[7.35,46.656],[7.353,46.654],[7.344,46.649],[7.34,46.65],[7.339,46.652],[7.343,46.654],[7.341,46.655],[7.321,46.655],[7.314,46.65],[7.315,46.648],[7.318,46.649],[7.321,46.647],[7.328,46.648],[7.33,46.645],[7.332,46.645],[7.334,46.648],[7.336,46.645],[7.337,46.638],[7.34,46.636],[7.337,46.634],[7.334,46.636],[7.328,46.631],[7.324,46.63],[7.321,46.632]]],[[[7.289,46.543],[7.285,46.541],[7.282,46.545],[7.279,46.545],[7.269,46.541],[7.266,46.543],[7.263,46.541],[7.262,46.544],[7.279,46.548],[7.288,46.546],[7.289,46.543]]],[[[7.259,46.626],[7.249,46.624],[7.244,46.627],[7.246,46.629],[7.253,46.629],[7.262,46.636],[7.27,46.634],[7.259,46.626]]],[[[7.213,46.409],[7.208,46.405],[7.205,46.408],[7.201,46.409],[7.203,46.411],[7.203,46.418],[7.196,46.429],[7.198,46.433],[7.206,46.431],[7.217,46.436],[7.22,46.431],[7.231,46.431],[7.237,46.434],[7.25,46.433],[7.252,46.429],[7.244,46.423],[7.241,46.425],[7.233,46.425],[7.231,46.423],[7.227,46.423],[7.214,46.413],[7.208,46.414],[7.207,46.413],[7.212,46.411],[7.213,46.409]]],[[[7.227,46.549],[7.22,46.547],[7.218,46.548],[7.217,46.551],[7.22,46.554],[7.227,46.555],[7.229,46.551],[7.227,46.549]]],[[[7.227,46.555],[7.233,46.559],[7.243,46.559],[7.245,46.562],[7.25,46.562],[7.252,46.56],[7.249,46.557],[7.243,46.556],[7.24,46.553],[7.227,46.555]]],[[[7.205,46.366],[7.185,46.364],[7.18,46.366],[7.182,46.369],[7.189,46.371],[7.188,46.374],[7.185,46.375],[7.172,46.375],[7.169,46.373],[7.162,46.375],[7.159,46.374],[7.15,46.377],[7.146,46.38],[7.136,46.38],[7.127,46.377],[7.117,46.378],[7.114,46.376],[7.103,46.377],[7.107,46.382],[7.105,46.384],[7.11,46.39],[7.117,46.391],[7.12,46.394],[7.125,46.393],[7.123,46.391],[7.127,46.392],[7.13,46.391],[7.131,46.395],[7.136,46.399],[7.146,46.401],[7.149,46.401],[7.153,46.398],[7.166,46.4],[7.172,46.393],[7.179,46.393],[7.182,46.395],[7.193,46.395],[7.193,46.398],[7.198,46.405],[7.205,46.405],[7.207,46.404],[7.207,46.402],[7.205,46.4],[7.2,46.4],[7.204,46.398],[7.204,46.395],[7.199,46.393],[7.207,46.389],[7.202,46.382],[7.205,46.379],[7.211,46.383],[7.221,46.384],[7.221,46.386],[7.227,46.39],[7.231,46.392],[7.232,46.391],[7.234,46.386],[7.224,46.378],[7.218,46.371],[7.205,46.366]]],[[[7.204,46.456],[7.198,46.454],[7.191,46.457],[7.19,46.461],[7.211,46.469],[7.214,46.467],[7.207,46.463],[7.204,46.456]]],[[[7.174,46.436],[7.172,46.434],[7.162,46.434],[7.156,46.438],[7.156,46.44],[7.159,46.442],[7.165,46.442],[7.168,46.44],[7.165,46.439],[7.165,46.437],[7.175,46.444],[7.192,46.445],[7.191,46.449],[7.195,46.453],[7.198,46.446],[7.204,46.447],[7.207,46.445],[7.207,46.443],[7.204,46.441],[7.195,46.439],[7.191,46.436],[7.19,46.438],[7.187,46.438],[7.182,46.436],[7.174,46.436]]],[[[7.17,46.548],[7.165,46.546],[7.16,46.55],[7.162,46.552],[7.168,46.552],[7.171,46.55],[7.17,46.548]]],[[[7.171,46.55],[7.168,46.555],[7.171,46.557],[7.175,46.557],[7.18,46.555],[7.175,46.551],[7.171,46.55]]],[[[7.141,46.521],[7.136,46.513],[7.133,46.514],[7.128,46.519],[7.133,46.521],[7.134,46.523],[7.132,46.53],[7.146,46.53],[7.147,46.532],[7.14,46.537],[7.145,46.541],[7.152,46.545],[7.155,46.544],[7.158,46.546],[7.162,46.541],[7.155,46.535],[7.175,46.541],[7.178,46.539],[7.178,46.537],[7.175,46.535],[7.158,46.526],[7.152,46.529],[7.15,46.528],[7.141,46.521]]],[[[7.116,46.496],[7.106,46.494],[7.103,46.496],[7.106,46.501],[7.11,46.5],[7.112,46.501],[7.111,46.503],[7.116,46.505],[7.123,46.503],[7.125,46.501],[7.123,46.499],[7.119,46.499],[7.116,46.496]]],[[[7.123,46.503],[7.12,46.508],[7.126,46.511],[7.132,46.508],[7.132,46.505],[7.123,46.503]]],[[[7.114,46.33],[7.111,46.326],[7.107,46.328],[7.104,46.326],[7.098,46.326],[7.096,46.328],[7.104,46.333],[7.115,46.334],[7.115,46.337],[7.112,46.339],[7.112,46.341],[7.118,46.341],[7.12,46.343],[7.123,46.339],[7.122,46.337],[7.123,46.334],[7.12,46.333],[7.119,46.33],[7.114,46.33]]],[[[7.061,46.39],[7.058,46.388],[7.05,46.39],[7.052,46.392],[7.051,46.395],[7.059,46.397],[7.06,46.399],[7.068,46.403],[7.077,46.397],[7.064,46.395],[7.061,46.393],[7.061,46.39]]],[[[7.006,46.37],[7.003,46.368],[6.993,46.372],[6.991,46.374],[6.992,46.377],[6.991,46.381],[6.993,46.383],[6.999,46.381],[7.006,46.384],[7.007,46.388],[7.01,46.39],[7.014,46.39],[7.014,46.393],[7.016,46.394],[7.023,46.394],[7.026,46.391],[7.027,46.395],[7.025,46.397],[7.026,46.398],[7.029,46.397],[7.032,46.399],[7.04,46.397],[7.041,46.395],[7.032,46.392],[7.032,46.388],[7.028,46.384],[7.028,46.381],[7.019,46.38],[7.018,46.375],[7.016,46.373],[7.01,46.374],[7.003,46.373],[7.006,46.37]]],[[[6.893,46.046],[6.89,46.043],[6.88,46.043],[6.877,46.046],[6.873,46.046],[6.867,46.05],[6.867,46.052],[6.87,46.055],[6.87,46.059],[6.873,46.061],[6.873,46.066],[6.883,46.073],[6.886,46.073],[6.886,46.084],[6.883,46.086],[6.883,46.097],[6.892,46.109],[6.892,46.124],[6.856,46.124],[6.853,46.127],[6.843,46.129],[6.84,46.131],[6.814,46.131],[6.808,46.135],[6.798,46.135],[6.792,46.142],[6.792,46.147],[6.789,46.149],[6.789,46.153],[6.801,46.161],[6.804,46.158],[6.804,46.155],[6.811,46.159],[6.814,46.157],[6.826,46.156],[6.815,46.151],[6.814,46.146],[6.817,46.148],[6.824,46.148],[6.827,46.15],[6.83,46.147],[6.84,46.151],[6.854,46.151],[6.856,46.153],[6.859,46.148],[6.863,46.147],[6.866,46.144],[6.869,46.145],[6.879,46.144],[6.889,46.158],[6.884,46.16],[6.888,46.163],[6.889,46.167],[6.892,46.169],[6.903,46.169],[6.899,46.176],[6.911,46.176],[6.917,46.179],[6.921,46.185],[6.925,46.183],[6.929,46.185],[6.93,46.188],[6.934,46.185],[6.938,46.185],[6.94,46.188],[6.937,46.192],[6.938,46.194],[6.934,46.197],[6.934,46.199],[6.937,46.2],[6.942,46.197],[6.943,46.192],[6.947,46.19],[6.946,46.187],[6.953,46.187],[6.957,46.185],[6.959,46.187],[6.969,46.187],[6.972,46.181],[6.969,46.179],[6.965,46.179],[6.961,46.176],[6.962,46.174],[6.957,46.17],[6.969,46.163],[6.976,46.163],[6.979,46.161],[6.982,46.162],[6.986,46.16],[6.989,46.161],[6.992,46.158],[6.995,46.16],[6.999,46.159],[7.001,46.152],[6.999,46.15],[6.99,46.152],[6.982,46.15],[6.973,46.15],[6.97,46.152],[6.966,46.152],[6.961,46.147],[6.953,46.143],[6.953,46.139],[6.962,46.14],[6.973,46.145],[6.978,46.143],[6.979,46.14],[6.983,46.138],[6.986,46.139],[6.989,46.136],[6.999,46.136],[7.007,46.134],[7.0,46.132],[6.996,46.129],[6.992,46.13],[6.986,46.127],[6.985,46.123],[6.981,46.12],[6.982,46.118],[6.979,46.116],[6.973,46.118],[6.963,46.118],[6.96,46.116],[6.955,46.116],[6.97,46.111],[6.979,46.102],[6.972,46.1],[6.97,46.098],[6.965,46.098],[6.966,46.096],[6.963,46.094],[6.96,46.095],[6.96,46.093],[6.953,46.089],[6.953,46.086],[6.956,46.084],[6.947,46.078],[6.945,46.075],[6.941,46.074],[6.941,46.071],[6.944,46.068],[6.941,46.066],[6.936,46.068],[6.931,46.075],[6.928,46.073],[6.918,46.077],[6.915,46.075],[6.915,46.073],[6.918,46.07],[6.922,46.07],[6.93,46.066],[6.925,46.062],[6.918,46.062],[6.915,46.059],[6.915,46.057],[6.906,46.05],[6.902,46.05],[6.893,46.046]],[[6.915,46.082],[6.916,46.084],[6.908,46.098],[6.908,46.091],[6.905,46.089],[6.905,46.086],[6.912,46.086],[6.915,46.082]]],[[[6.995,46.44],[6.99,46.437],[6.988,46.44],[6.993,46.441],[6.995,46.44]]],[[[6.98,46.441],[6.992,46.435],[6.987,46.434],[6.98,46.436],[6.977,46.434],[6.975,46.435],[6.98,46.441]]],[[[6.828,46.171],[6.807,46.165],[6.802,46.167],[6.803,46.169],[6.798,46.171],[6.798,46.173],[6.805,46.178],[6.804,46.18],[6.807,46.182],[6.807,46.192],[6.804,46.194],[6.804,46.198],[6.801,46.2],[6.801,46.205],[6.81,46.209],[6.82,46.203],[6.819,46.207],[6.823,46.21],[6.827,46.207],[6.827,46.21],[6.83,46.212],[6.839,46.213],[6.843,46.209],[6.846,46.215],[6.846,46.212],[6.852,46.207],[6.845,46.203],[6.854,46.196],[6.843,46.195],[6.834,46.192],[6.833,46.19],[6.825,46.189],[6.83,46.185],[6.836,46.185],[6.843,46.182],[6.85,46.183],[6.849,46.18],[6.846,46.179],[6.843,46.174],[6.84,46.176],[6.823,46.178],[6.822,46.176],[6.824,46.172],[6.827,46.173],[6.828,46.171]]],[[[6.799,46.333],[6.796,46.331],[6.786,46.331],[6.78,46.337],[6.78,46.34],[6.784,46.342],[6.777,46.344],[6.771,46.349],[6.779,46.353],[6.782,46.351],[6.789,46.352],[6.792,46.349],[6.794,46.349],[6.789,46.347],[6.792,46.346],[6.802,46.346],[6.809,46.342],[6.818,46.345],[6.825,46.344],[6.827,46.342],[6.809,46.336],[6.799,46.335],[6.799,46.333]]]]},"properties":{"value":5,"fill":"#CDFFCD","zIndex":1},"id":"0"},{"type":"Feature","geometry":{"type":"MultiPolygon","coordinates":[[[[10.481,46.578],[10.475,46.567],[10.472,46.567],[10.47,46.569],[10.471,46.576],[10.476,46.58],[10.466,46.581],[10.452,46.587],[10.455,46.59],[10.464,46.593],[10.472,46.589],[10.483,46.589],[10.485,46.586],[10.485,46.582],[10.481,46.578]]],[[[10.459,46.54],[10.443,46.54],[10.454,46.542],[10.451,46.544],[10.444,46.544],[10.45,46.549],[10.444,46.554],[10.448,46.558],[10.446,46.565],[10.45,46.567],[10.447,46.572],[10.449,46.573],[10.456,46.572],[10.46,46.569],[10.46,46.567],[10.456,46.567],[10.449,46.56],[10.455,46.558],[10.458,46.561],[10.462,46.56],[10.465,46.562],[10.468,46.559],[10.475,46.562],[10.479,46.557],[10.473,46.555],[10.473,46.551],[10.475,46.548],[10.471,46.547],[10.467,46.542],[10.459,46.54]]],[[[10.459,46.832],[10.454,46.829],[10.449,46.833],[10.449,46.835],[10.446,46.837],[10.447,46.84],[10.451,46.838],[10.458,46.839],[10.463,46.837],[10.459,46.835],[10.459,46.832]]],[[[9.783,46.657],[9.787,46.659],[9.788,46.657],[9.784,46.656],[9.783,46.657]]],[[[9.787,46.659],[9.791,46.664],[9.798,46.666],[9.799,46.668],[9.807,46.672],[9.814,46.68],[9.817,46.681],[9.815,46.682],[9.811,46.68],[9.808,46.681],[9.798,46.677],[9.795,46.678],[9.782,46.673],[9.775,46.672],[9.765,46.673],[9.75,46.678],[9.756,46.681],[9.766,46.681],[9.769,46.678],[9.772,46.678],[9.774,46.68],[9.784,46.682],[9.788,46.681],[9.789,46.684],[9.802,46.683],[9.811,46.686],[9.812,46.688],[9.804,46.69],[9.799,46.695],[9.802,46.697],[9.809,46.698],[9.815,46.697],[9.819,46.703],[9.817,46.704],[9.812,46.701],[9.81,46.704],[9.813,46.708],[9.812,46.711],[9.806,46.711],[9.802,46.715],[9.803,46.717],[9.81,46.718],[9.811,46.72],[9.809,46.724],[9.81,46.725],[9.817,46.726],[9.811,46.731],[9.815,46.733],[9.817,46.738],[9.823,46.733],[9.824,46.728],[9.826,46.727],[9.83,46.73],[9.831,46.728],[9.83,46.725],[9.823,46.724],[9.821,46.722],[9.822,46.719],[9.833,46.719],[9.835,46.715],[9.832,46.712],[9.835,46.71],[9.842,46.711],[9.848,46.707],[9.835,46.704],[9.832,46.701],[9.829,46.702],[9.827,46.699],[9.823,46.697],[9.823,46.695],[9.828,46.69],[9.831,46.693],[9.835,46.693],[9.842,46.699],[9.851,46.703],[9.858,46.702],[9.861,46.703],[9.858,46.707],[9.858,46.71],[9.865,46.71],[9.868,46.706],[9.871,46.705],[9.874,46.706],[9.884,46.697],[9.889,46.698],[9.888,46.7],[9.891,46.704],[9.888,46.704],[9.886,46.707],[9.889,46.711],[9.878,46.716],[9.875,46.723],[9.872,46.722],[9.862,46.727],[9.869,46.728],[9.871,46.732],[9.874,46.734],[9.863,46.743],[9.864,46.748],[9.863,46.752],[9.867,46.754],[9.87,46.749],[9.876,46.747],[9.88,46.75],[9.874,46.754],[9.88,46.758],[9.881,46.756],[9.886,46.754],[9.886,46.752],[9.888,46.752],[9.886,46.751],[9.887,46.747],[9.886,46.745],[9.882,46.743],[9.877,46.736],[9.877,46.734],[9.88,46.732],[9.877,46.729],[9.883,46.729],[9.889,46.737],[9.896,46.739],[9.902,46.735],[9.903,46.729],[9.908,46.724],[9.918,46.719],[9.919,46.717],[9.917,46.714],[9.921,46.711],[9.927,46.713],[9.937,46.71],[9.947,46.714],[9.948,46.717],[9.939,46.719],[9.939,46.724],[9.937,46.724],[9.935,46.728],[9.931,46.73],[9.933,46.733],[9.927,46.737],[9.932,46.742],[9.925,46.742],[9.92,46.749],[9.922,46.755],[9.915,46.76],[9.917,46.762],[9.916,46.765],[9.91,46.768],[9.899,46.778],[9.901,46.781],[9.898,46.785],[9.888,46.792],[9.892,46.794],[9.895,46.791],[9.898,46.793],[9.903,46.792],[9.898,46.79],[9.901,46.788],[9.906,46.79],[9.91,46.787],[9.911,46.784],[9.914,46.785],[9.917,46.78],[9.924,46.78],[9.924,46.778],[9.927,46.777],[9.93,46.773],[9.933,46.773],[9.936,46.77],[9.94,46.769],[9.941,46.766],[9.949,46.761],[9.95,46.764],[9.947,46.768],[9.947,46.773],[9.939,46.784],[9.942,46.791],[9.929,46.796],[9.931,46.798],[9.928,46.801],[9.922,46.803],[9.916,46.81],[9.904,46.817],[9.883,46.824],[9.882,46.833],[9.884,46.834],[9.887,46.831],[9.895,46.83],[9.898,46.826],[9.908,46.821],[9.912,46.82],[9.918,46.823],[9.915,46.832],[9.911,46.834],[9.909,46.837],[9.892,46.844],[9.896,46.846],[9.907,46.844],[9.909,46.846],[9.915,46.846],[9.92,46.843],[9.926,46.848],[9.937,46.846],[9.94,46.85],[9.944,46.847],[9.943,46.845],[9.946,46.84],[9.946,46.838],[9.942,46.836],[9.943,46.835],[9.959,46.83],[9.968,46.822],[9.973,46.82],[9.973,46.817],[9.977,46.813],[9.974,46.811],[9.968,46.815],[9.967,46.813],[9.972,46.808],[9.974,46.802],[9.977,46.802],[9.981,46.806],[9.997,46.806],[10.014,46.803],[10.016,46.805],[10.004,46.813],[9.997,46.811],[9.987,46.812],[9.988,46.814],[9.994,46.815],[9.994,46.817],[10.008,46.822],[10.012,46.825],[10.007,46.826],[10.004,46.824],[9.991,46.822],[9.985,46.828],[9.986,46.831],[9.978,46.84],[9.984,46.842],[9.977,46.846],[9.976,46.849],[9.973,46.851],[9.983,46.854],[9.996,46.852],[10.006,46.856],[10.014,46.857],[10.016,46.854],[10.014,46.852],[10.023,46.845],[10.042,46.848],[10.047,46.852],[10.032,46.852],[10.031,46.854],[10.036,46.856],[10.036,46.858],[10.03,46.861],[10.029,46.866],[10.032,46.87],[10.03,46.875],[10.024,46.872],[10.02,46.872],[10.017,46.875],[10.008,46.877],[10.011,46.884],[10.014,46.882],[10.024,46.885],[10.025,46.886],[10.024,46.887],[10.014,46.886],[10.011,46.888],[10.009,46.884],[10.004,46.884],[10.001,46.88],[10.002,46.877],[10.001,46.875],[9.997,46.872],[9.994,46.873],[9.987,46.871],[9.984,46.873],[9.977,46.872],[9.974,46.869],[9.97,46.871],[9.968,46.878],[9.964,46.876],[9.961,46.879],[9.958,46.877],[9.955,46.878],[9.955,46.881],[9.945,46.884],[9.935,46.881],[9.932,46.883],[9.922,46.884],[9.917,46.888],[9.916,46.891],[9.908,46.897],[9.908,46.9],[9.915,46.902],[9.909,46.904],[9.908,46.906],[9.91,46.908],[9.926,46.9],[9.959,46.899],[9.973,46.894],[9.976,46.891],[9.981,46.891],[9.976,46.896],[9.974,46.901],[9.964,46.908],[9.966,46.91],[9.959,46.911],[9.956,46.909],[9.949,46.909],[9.947,46.91],[9.947,46.912],[9.956,46.916],[9.963,46.916],[9.969,46.915],[9.982,46.909],[9.989,46.904],[9.998,46.902],[10.001,46.899],[10.005,46.899],[10.008,46.901],[10.021,46.901],[10.043,46.882],[10.047,46.882],[10.052,46.879],[10.051,46.867],[10.056,46.864],[10.082,46.864],[10.084,46.862],[10.088,46.862],[10.091,46.86],[10.091,46.857],[10.094,46.855],[10.097,46.848],[10.104,46.843],[10.108,46.843],[10.111,46.846],[10.12,46.849],[10.141,46.849],[10.147,46.853],[10.164,46.851],[10.177,46.86],[10.18,46.859],[10.194,46.868],[10.23,46.87],[10.231,46.877],[10.237,46.878],[10.238,46.885],[10.228,46.89],[10.228,46.895],[10.225,46.897],[10.232,46.901],[10.232,46.904],[10.239,46.906],[10.241,46.93],[10.246,46.932],[10.256,46.93],[10.262,46.931],[10.266,46.928],[10.272,46.929],[10.274,46.927],[10.282,46.927],[10.285,46.924],[10.296,46.924],[10.298,46.926],[10.311,46.925],[10.312,46.929],[10.319,46.931],[10.319,46.935],[10.321,46.937],[10.309,46.938],[10.306,46.94],[10.307,46.949],[10.313,46.952],[10.319,46.952],[10.326,46.957],[10.334,46.957],[10.334,46.977],[10.338,46.98],[10.338,46.982],[10.341,46.984],[10.347,46.983],[10.349,46.988],[10.354,46.992],[10.375,46.992],[10.375,46.997],[10.381,47.001],[10.394,47.0],[10.398,46.998],[10.402,46.994],[10.402,46.991],[10.404,46.99],[10.404,46.988],[10.401,46.985],[10.408,46.98],[10.403,46.98],[10.399,46.983],[10.39,46.986],[10.388,46.985],[10.387,46.981],[10.377,46.983],[10.374,46.982],[10.372,46.981],[10.383,46.978],[10.385,46.976],[10.384,46.974],[10.376,46.971],[10.357,46.97],[10.36,46.968],[10.36,46.965],[10.356,46.966],[10.351,46.964],[10.354,46.961],[10.352,46.957],[10.346,46.953],[10.332,46.949],[10.326,46.949],[10.32,46.946],[10.325,46.942],[10.325,46.938],[10.329,46.937],[10.335,46.939],[10.337,46.937],[10.335,46.935],[10.336,46.932],[10.334,46.925],[10.338,46.923],[10.341,46.932],[10.348,46.932],[10.346,46.934],[10.348,46.936],[10.353,46.937],[10.353,46.928],[10.35,46.923],[10.349,46.916],[10.347,46.914],[10.37,46.922],[10.374,46.926],[10.372,46.929],[10.375,46.931],[10.376,46.934],[10.373,46.938],[10.375,46.939],[10.381,46.937],[10.381,46.944],[10.387,46.94],[10.385,46.936],[10.388,46.931],[10.379,46.916],[10.386,46.912],[10.389,46.918],[10.397,46.927],[10.4,46.927],[10.404,46.924],[10.407,46.93],[10.406,46.935],[10.41,46.94],[10.414,46.931],[10.42,46.931],[10.421,46.935],[10.424,46.936],[10.43,46.934],[10.432,46.937],[10.43,46.939],[10.437,46.944],[10.44,46.939],[10.444,46.942],[10.447,46.941],[10.444,46.936],[10.457,46.934],[10.457,46.932],[10.453,46.929],[10.443,46.927],[10.441,46.925],[10.445,46.923],[10.443,46.92],[10.439,46.919],[10.434,46.921],[10.436,46.917],[10.436,46.913],[10.432,46.915],[10.427,46.912],[10.424,46.912],[10.419,46.915],[10.424,46.91],[10.421,46.908],[10.422,46.907],[10.425,46.909],[10.428,46.908],[10.43,46.905],[10.415,46.901],[10.412,46.898],[10.409,46.901],[10.402,46.895],[10.398,46.895],[10.395,46.897],[10.395,46.89],[10.392,46.888],[10.385,46.89],[10.382,46.889],[10.379,46.891],[10.377,46.884],[10.379,46.88],[10.375,46.879],[10.373,46.875],[10.378,46.873],[10.377,46.868],[10.364,46.864],[10.359,46.867],[10.366,46.871],[10.365,46.881],[10.35,46.887],[10.352,46.89],[10.36,46.894],[10.359,46.896],[10.356,46.898],[10.353,46.897],[10.349,46.901],[10.346,46.901],[10.344,46.898],[10.34,46.9],[10.336,46.898],[10.334,46.901],[10.326,46.899],[10.323,46.901],[10.326,46.903],[10.327,46.906],[10.31,46.907],[10.307,46.911],[10.311,46.914],[10.32,46.917],[10.318,46.919],[10.307,46.922],[10.302,46.92],[10.301,46.915],[10.298,46.912],[10.291,46.913],[10.288,46.911],[10.287,46.909],[10.289,46.907],[10.287,46.904],[10.299,46.904],[10.302,46.9],[10.303,46.895],[10.306,46.892],[10.31,46.892],[10.314,46.886],[10.312,46.884],[10.306,46.884],[10.293,46.889],[10.289,46.889],[10.286,46.887],[10.283,46.889],[10.283,46.88],[10.279,46.88],[10.276,46.878],[10.272,46.872],[10.28,46.871],[10.278,46.866],[10.275,46.864],[10.279,46.863],[10.285,46.868],[10.289,46.867],[10.299,46.869],[10.308,46.862],[10.308,46.86],[10.303,46.855],[10.304,46.852],[10.307,46.85],[10.311,46.85],[10.314,46.846],[10.317,46.845],[10.314,46.842],[10.297,46.849],[10.291,46.846],[10.294,46.842],[10.294,46.839],[10.284,46.838],[10.28,46.835],[10.274,46.836],[10.267,46.832],[10.261,46.833],[10.258,46.831],[10.257,46.825],[10.249,46.824],[10.251,46.82],[10.25,46.819],[10.237,46.819],[10.23,46.815],[10.227,46.816],[10.22,46.827],[10.214,46.83],[10.213,46.832],[10.215,46.834],[10.211,46.833],[10.208,46.834],[10.206,46.837],[10.208,46.839],[10.205,46.837],[10.202,46.839],[10.209,46.849],[10.219,46.851],[10.226,46.856],[10.222,46.855],[10.219,46.852],[10.212,46.853],[10.209,46.852],[10.206,46.849],[10.203,46.852],[10.199,46.853],[10.201,46.848],[10.199,46.845],[10.195,46.844],[10.195,46.841],[10.185,46.837],[10.177,46.837],[10.179,46.833],[10.192,46.831],[10.195,46.828],[10.188,46.824],[10.187,46.819],[10.188,46.816],[10.186,46.815],[10.188,46.812],[10.184,46.811],[10.184,46.809],[10.192,46.801],[10.19,46.8],[10.186,46.801],[10.181,46.806],[10.177,46.807],[10.167,46.806],[10.161,46.802],[10.158,46.804],[10.159,46.806],[10.157,46.811],[10.152,46.813],[10.151,46.815],[10.152,46.82],[10.139,46.82],[10.142,46.822],[10.135,46.819],[10.131,46.827],[10.127,46.83],[10.127,46.832],[10.125,46.832],[10.128,46.827],[10.128,46.818],[10.131,46.816],[10.134,46.809],[10.132,46.802],[10.127,46.8],[10.124,46.793],[10.118,46.794],[10.114,46.791],[10.106,46.794],[10.1,46.799],[10.099,46.806],[10.089,46.817],[10.083,46.814],[10.08,46.81],[10.082,46.804],[10.081,46.801],[10.083,46.799],[10.081,46.795],[10.085,46.786],[10.089,46.783],[10.088,46.782],[10.078,46.783],[10.075,46.782],[10.058,46.787],[10.055,46.786],[10.054,46.784],[10.058,46.779],[10.068,46.775],[10.07,46.772],[10.069,46.768],[10.067,46.767],[10.057,46.768],[10.051,46.765],[10.047,46.765],[10.041,46.767],[10.038,46.766],[10.031,46.767],[10.025,46.772],[10.018,46.773],[10.006,46.78],[10.002,46.779],[10.001,46.778],[10.002,46.776],[10.014,46.767],[10.016,46.765],[10.016,46.762],[10.008,46.762],[10.002,46.76],[9.998,46.761],[9.997,46.758],[9.985,46.751],[9.978,46.751],[9.975,46.756],[9.971,46.757],[9.973,46.752],[9.969,46.75],[9.952,46.75],[9.965,46.744],[9.978,46.745],[9.981,46.741],[9.981,46.734],[9.979,46.729],[9.965,46.716],[9.966,46.713],[9.98,46.719],[9.983,46.723],[9.986,46.72],[9.989,46.722],[9.991,46.727],[9.998,46.733],[9.995,46.738],[9.996,46.74],[10.004,46.74],[10.006,46.742],[10.004,46.745],[10.007,46.748],[10.014,46.748],[10.017,46.745],[10.02,46.746],[10.023,46.743],[10.026,46.744],[10.025,46.746],[10.029,46.749],[10.037,46.748],[10.04,46.745],[10.056,46.744],[10.058,46.743],[10.046,46.739],[10.049,46.736],[10.053,46.736],[10.054,46.734],[10.039,46.729],[10.029,46.729],[10.026,46.726],[10.036,46.719],[10.036,46.717],[10.026,46.713],[10.024,46.71],[10.032,46.708],[10.035,46.711],[10.042,46.713],[10.045,46.712],[10.048,46.714],[10.053,46.712],[10.051,46.709],[10.062,46.712],[10.061,46.709],[10.054,46.698],[10.046,46.696],[10.038,46.7],[10.034,46.699],[10.036,46.697],[10.031,46.692],[10.03,46.688],[10.036,46.685],[10.034,46.683],[10.029,46.683],[10.027,46.685],[10.025,46.683],[10.017,46.682],[9.997,46.682],[9.997,46.68],[10.001,46.677],[10.017,46.67],[10.013,46.667],[10.01,46.666],[9.994,46.674],[9.984,46.676],[9.979,46.675],[9.978,46.673],[9.986,46.669],[9.991,46.664],[9.993,46.659],[9.996,46.657],[9.993,46.655],[9.987,46.658],[9.98,46.658],[9.964,46.663],[9.961,46.666],[9.958,46.665],[9.954,46.667],[9.948,46.667],[9.933,46.674],[9.935,46.676],[9.939,46.676],[9.942,46.678],[9.943,46.681],[9.929,46.679],[9.922,46.68],[9.919,46.681],[9.916,46.685],[9.914,46.679],[9.912,46.678],[9.892,46.673],[9.889,46.671],[9.879,46.671],[9.882,46.669],[9.875,46.662],[9.875,46.654],[9.885,46.664],[9.899,46.666],[9.919,46.673],[9.92,46.672],[9.919,46.665],[9.922,46.661],[9.921,46.661],[9.918,46.657],[9.916,46.657],[9.915,46.654],[9.93,46.652],[9.923,46.645],[9.912,46.641],[9.91,46.639],[9.911,46.638],[9.924,46.636],[9.93,46.639],[9.937,46.64],[9.943,46.639],[9.945,46.633],[9.947,46.633],[9.949,46.636],[9.957,46.64],[9.963,46.635],[9.961,46.633],[9.944,46.627],[9.94,46.622],[9.926,46.618],[9.923,46.619],[9.919,46.613],[9.916,46.613],[9.91,46.619],[9.906,46.619],[9.903,46.612],[9.897,46.615],[9.892,46.614],[9.89,46.611],[9.881,46.608],[9.893,46.601],[9.873,46.601],[9.866,46.599],[9.863,46.6],[9.861,46.597],[9.856,46.595],[9.853,46.599],[9.847,46.596],[9.837,46.596],[9.824,46.59],[9.814,46.59],[9.811,46.591],[9.821,46.596],[9.808,46.599],[9.805,46.602],[9.778,46.603],[9.776,46.606],[9.779,46.607],[9.792,46.608],[9.795,46.606],[9.805,46.607],[9.808,46.605],[9.812,46.605],[9.817,46.607],[9.815,46.609],[9.823,46.611],[9.822,46.614],[9.818,46.616],[9.819,46.618],[9.822,46.62],[9.825,46.62],[9.822,46.623],[9.828,46.625],[9.83,46.622],[9.828,46.62],[9.831,46.617],[9.835,46.616],[9.833,46.611],[9.834,46.609],[9.841,46.611],[9.844,46.609],[9.85,46.617],[9.847,46.62],[9.848,46.622],[9.857,46.624],[9.856,46.626],[9.86,46.628],[9.851,46.628],[9.854,46.631],[9.852,46.633],[9.845,46.634],[9.843,46.636],[9.855,46.641],[9.868,46.644],[9.871,46.649],[9.869,46.651],[9.865,46.649],[9.862,46.653],[9.859,46.651],[9.849,46.652],[9.845,46.654],[9.846,46.659],[9.85,46.66],[9.856,46.662],[9.853,46.664],[9.858,46.669],[9.858,46.674],[9.853,46.676],[9.855,46.683],[9.846,46.681],[9.844,46.679],[9.84,46.681],[9.834,46.676],[9.827,46.675],[9.817,46.666],[9.814,46.666],[9.805,46.661],[9.791,46.658],[9.787,46.659]]],[[[9.822,46.623],[9.81975,46.62375],[9.822,46.62],[9.815,46.617],[9.807,46.618],[9.801,46.621],[9.802,46.623],[9.8167826087,46.6247391304],[9.81,46.627],[9.806,46.632],[9.809,46.634],[9.819,46.636],[9.821,46.634],[9.821,46.629],[9.824,46.625],[9.822,46.623]]],[[[9.893,46.601],[9.896,46.602],[9.9,46.601],[9.899,46.6],[9.896,46.599],[9.893,46.601]]],[[[9.964,46.876],[9.96,46.876],[9.961,46.877],[9.964,46.876]]],[[[10.431,46.788],[10.428,46.782],[10.426,46.786],[10.418,46.793],[10.418,46.795],[10.409,46.802],[10.406,46.807],[10.407,46.809],[10.414,46.812],[10.418,46.804],[10.42,46.803],[10.423,46.804],[10.423,46.807],[10.426,46.805],[10.43,46.805],[10.433,46.811],[10.435,46.808],[10.437,46.808],[10.438,46.811],[10.446,46.813],[10.453,46.817],[10.455,46.812],[10.451,46.81],[10.448,46.804],[10.428,46.791],[10.431,46.788]]],[[[10.433,46.753],[10.425,46.75],[10.423,46.753],[10.423,46.757],[10.421,46.759],[10.419,46.766],[10.424,46.767],[10.427,46.766],[10.43,46.768],[10.423,46.773],[10.432,46.775],[10.433,46.777],[10.429,46.782],[10.435,46.783],[10.437,46.779],[10.44,46.777],[10.439,46.774],[10.443,46.772],[10.443,46.756],[10.44,46.752],[10.433,46.753]]],[[[10.261,46.579],[10.262,46.58],[10.26,46.579],[10.261,46.582],[10.26325,46.58125],[10.267,46.585],[10.263,46.59],[10.264,46.591],[10.268,46.592],[10.268,46.585],[10.27,46.584],[10.274,46.587],[10.277,46.585],[10.282,46.587],[10.281,46.59],[10.284,46.592],[10.287,46.591],[10.29,46.586],[10.293,46.587],[10.297,46.585],[10.298,46.582],[10.294,46.576],[10.299,46.575],[10.303,46.576],[10.306,46.579],[10.308,46.578],[10.309,46.575],[10.303,46.569],[10.305,46.561],[10.31,46.564],[10.315,46.571],[10.319,46.572],[10.325,46.57],[10.328,46.564],[10.332,46.568],[10.338,46.57],[10.341,46.568],[10.364,46.568],[10.381,46.573],[10.383,46.571],[10.381,46.569],[10.395,46.569],[10.4,46.565],[10.407,46.567],[10.407,46.569],[10.4,46.573],[10.399,46.575],[10.401,46.577],[10.41,46.577],[10.414,46.581],[10.419,46.579],[10.42,46.577],[10.413,46.574],[10.413,46.572],[10.417,46.572],[10.419,46.57],[10.426,46.568],[10.42,46.566],[10.415,46.561],[10.416,46.559],[10.423,46.56],[10.427,46.559],[10.429,46.556],[10.435,46.554],[10.436,46.55],[10.428,46.548],[10.422,46.548],[10.419,46.551],[10.409,46.551],[10.406,46.549],[10.386,46.549],[10.383,46.552],[10.377,46.553],[10.377,46.559],[10.367,46.56],[10.354,46.559],[10.353,46.556],[10.35,46.555],[10.349,46.552],[10.343,46.547],[10.343,46.545],[10.34,46.544],[10.334,46.545],[10.327,46.551],[10.321,46.551],[10.318,46.549],[10.298,46.549],[10.293,46.56],[10.287,46.565],[10.286,46.569],[10.276,46.575],[10.261,46.579]]],[[[10.398,46.699],[10.394,46.698],[10.388,46.705],[10.381,46.705],[10.371,46.709],[10.367,46.716],[10.358,46.718],[10.358,46.725],[10.363,46.726],[10.366,46.724],[10.386,46.725],[10.393,46.724],[10.399,46.728],[10.389,46.73],[10.383,46.734],[10.372,46.733],[10.369,46.736],[10.372,46.74],[10.37,46.743],[10.361,46.746],[10.351,46.745],[10.338,46.739],[10.328,46.741],[10.328,46.746],[10.335,46.748],[10.336,46.752],[10.334,46.755],[10.322,46.762],[10.321,46.769],[10.323,46.77],[10.325,46.768],[10.329,46.769],[10.332,46.767],[10.343,46.768],[10.34,46.77],[10.34,46.773],[10.335,46.777],[10.336,46.78],[10.358,46.777],[10.362,46.774],[10.361,46.77],[10.358,46.768],[10.365,46.766],[10.385,46.766],[10.392,46.769],[10.389,46.774],[10.392,46.775],[10.394,46.773],[10.407,46.769],[10.41,46.764],[10.409,46.762],[10.407,46.76],[10.399,46.758],[10.404,46.753],[10.407,46.755],[10.41,46.752],[10.414,46.752],[10.415,46.75],[10.42,46.749],[10.421,46.746],[10.402,46.735],[10.415,46.726],[10.418,46.723],[10.418,46.721],[10.417,46.717],[10.414,46.714],[10.414,46.71],[10.408,46.706],[10.4,46.706],[10.398,46.699]]],[[[10.407,46.634],[10.394,46.632],[10.387,46.635],[10.381,46.634],[10.372,46.637],[10.377,46.643],[10.375,46.65],[10.385,46.651],[10.386,46.654],[10.374,46.659],[10.377,46.664],[10.373,46.663],[10.363,46.668],[10.361,46.671],[10.362,46.675],[10.365,46.677],[10.366,46.68],[10.378,46.679],[10.38,46.682],[10.372,46.688],[10.369,46.691],[10.369,46.693],[10.374,46.694],[10.382,46.693],[10.387,46.692],[10.389,46.69],[10.386,46.688],[10.384,46.679],[10.387,46.678],[10.392,46.672],[10.392,46.665],[10.395,46.663],[10.393,46.656],[10.397,46.652],[10.396,46.647],[10.4,46.645],[10.4,46.64],[10.415,46.638],[10.407,46.634]]],[[[10.359,46.584],[10.345,46.58],[10.341,46.581],[10.336,46.587],[10.323,46.59],[10.313,46.595],[10.312,46.598],[10.32,46.6],[10.32,46.602],[10.317,46.604],[10.301,46.605],[10.291,46.61],[10.285,46.611],[10.282,46.619],[10.271,46.628],[10.276,46.631],[10.286,46.63],[10.288,46.632],[10.287,46.634],[10.289,46.635],[10.297,46.63],[10.298,46.627],[10.294,46.623],[10.295,46.62],[10.302,46.621],[10.303,46.618],[10.302,46.616],[10.308,46.616],[10.314,46.613],[10.318,46.613],[10.324,46.607],[10.334,46.605],[10.343,46.6],[10.345,46.597],[10.343,46.595],[10.346,46.593],[10.356,46.592],[10.367,46.585],[10.365,46.583],[10.359,46.584]]],[[[10.17,46.727],[10.173,46.725],[10.173,46.722],[10.176,46.724],[10.183,46.723],[10.184,46.72],[10.187,46.718],[10.186,46.716],[10.19,46.716],[10.192,46.714],[10.199,46.712],[10.202,46.713],[10.205,46.717],[10.199,46.726],[10.199,46.729],[10.209,46.728],[10.215,46.731],[10.226,46.733],[10.224,46.728],[10.219,46.724],[10.225,46.721],[10.219,46.719],[10.219,46.717],[10.228,46.715],[10.232,46.716],[10.232,46.712],[10.227,46.708],[10.227,46.701],[10.244,46.701],[10.25,46.696],[10.257,46.696],[10.263,46.698],[10.257,46.703],[10.26,46.705],[10.269,46.702],[10.273,46.704],[10.278,46.704],[10.28,46.708],[10.287,46.707],[10.282,46.702],[10.277,46.7],[10.28,46.696],[10.283,46.695],[10.289,46.697],[10.293,46.696],[10.296,46.694],[10.297,46.69],[10.302,46.688],[10.309,46.689],[10.315,46.685],[10.315,46.683],[10.325,46.687],[10.323,46.694],[10.32,46.697],[10.323,46.699],[10.324,46.705],[10.326,46.707],[10.329,46.704],[10.332,46.708],[10.336,46.708],[10.339,46.705],[10.34,46.701],[10.334,46.696],[10.345,46.695],[10.349,46.691],[10.349,46.689],[10.344,46.685],[10.338,46.684],[10.334,46.685],[10.334,46.682],[10.337,46.68],[10.331,46.678],[10.338,46.676],[10.334,46.673],[10.327,46.672],[10.324,46.67],[10.327,46.666],[10.334,46.666],[10.335,46.662],[10.327,46.656],[10.324,46.656],[10.326,46.654],[10.324,46.651],[10.316,46.652],[10.313,46.654],[10.307,46.651],[10.294,46.651],[10.288,46.655],[10.303,46.656],[10.304,46.659],[10.293,46.663],[10.292,46.666],[10.298,46.67],[10.298,46.673],[10.296,46.675],[10.299,46.677],[10.295,46.676],[10.289,46.679],[10.284,46.679],[10.282,46.682],[10.276,46.677],[10.278,46.673],[10.275,46.668],[10.271,46.666],[10.269,46.669],[10.265,46.671],[10.259,46.671],[10.258,46.676],[10.259,46.678],[10.256,46.683],[10.249,46.682],[10.247,46.683],[10.247,46.687],[10.243,46.688],[10.231,46.688],[10.227,46.685],[10.213,46.682],[10.21,46.679],[10.205,46.681],[10.207,46.683],[10.207,46.686],[10.213,46.69],[10.207,46.692],[10.201,46.697],[10.198,46.697],[10.194,46.693],[10.188,46.692],[10.185,46.693],[10.186,46.698],[10.175,46.699],[10.172,46.701],[10.164,46.7],[10.162,46.707],[10.176,46.71],[10.178,46.711],[10.178,46.714],[10.156,46.718],[10.146,46.714],[10.143,46.715],[10.14,46.712],[10.136,46.712],[10.13,46.717],[10.124,46.717],[10.119,46.722],[10.106,46.729],[10.111,46.731],[10.114,46.73],[10.125,46.737],[10.128,46.741],[10.138,46.738],[10.147,46.748],[10.146,46.753],[10.148,46.754],[10.151,46.752],[10.149,46.748],[10.15,46.746],[10.148,46.741],[10.149,46.739],[10.148,46.737],[10.145,46.737],[10.148,46.736],[10.157,46.739],[10.161,46.743],[10.164,46.742],[10.167,46.743],[10.171,46.747],[10.181,46.747],[10.182,46.743],[10.179,46.738],[10.179,46.734],[10.17,46.727]],[[10.186,46.716],[10.183,46.717],[10.182,46.715],[10.186,46.716]]],[[[10.173,46.725],[10.172,46.727],[10.173,46.728],[10.173,46.725]]],[[[10.268,46.729],[10.261,46.724],[10.252,46.727],[10.251,46.73],[10.259,46.732],[10.26,46.734],[10.247,46.739],[10.248,46.743],[10.252,46.748],[10.256,46.746],[10.26,46.752],[10.262,46.75],[10.263,46.745],[10.264,46.75],[10.273,46.75],[10.28,46.757],[10.282,46.754],[10.281,46.749],[10.283,46.747],[10.276,46.743],[10.277,46.74],[10.284,46.738],[10.278,46.736],[10.275,46.737],[10.268,46.734],[10.268,46.733],[10.272,46.734],[10.276,46.729],[10.268,46.729]]],[[[10.064,46.633],[10.06,46.635],[10.06,46.638],[10.064,46.638],[10.065,46.64],[10.063,46.647],[10.072,46.642],[10.064,46.633]]],[[[10.064,46.633],[10.067,46.631],[10.081,46.639],[10.087,46.634],[10.084,46.637],[10.087,46.641],[10.093,46.639],[10.093,46.635],[10.097,46.638],[10.102,46.646],[10.108,46.648],[10.111,46.645],[10.105,46.641],[10.098,46.628],[10.099,46.625],[10.102,46.623],[10.109,46.627],[10.113,46.632],[10.116,46.63],[10.117,46.627],[10.115,46.621],[10.119,46.619],[10.126,46.624],[10.129,46.621],[10.136,46.628],[10.139,46.628],[10.141,46.624],[10.138,46.622],[10.138,46.62],[10.152,46.622],[10.162,46.626],[10.165,46.626],[10.167,46.622],[10.159,46.617],[10.151,46.616],[10.141,46.609],[10.138,46.61],[10.131,46.608],[10.118,46.608],[10.112,46.611],[10.101,46.61],[10.1,46.605],[10.101,46.603],[10.095,46.599],[10.091,46.601],[10.091,46.603],[10.095,46.605],[10.094,46.608],[10.079,46.613],[10.076,46.612],[10.075,46.615],[10.093,46.617],[10.096,46.619],[10.093,46.622],[10.08,46.627],[10.056,46.626],[10.051,46.631],[10.064,46.633]]],[[[10.123,46.376],[10.119,46.369],[10.113,46.372],[10.107,46.372],[10.102,46.376],[10.111,46.375],[10.113,46.377],[10.119,46.377],[10.115,46.38],[10.127,46.388],[10.131,46.388],[10.135,46.391],[10.132,46.393],[10.149,46.399],[10.144,46.406],[10.151,46.41],[10.161,46.412],[10.162,46.394],[10.15,46.393],[10.148,46.386],[10.143,46.384],[10.136,46.385],[10.132,46.382],[10.129,46.377],[10.123,46.376]]],[[[10.101,46.405],[10.095,46.403],[10.087,46.407],[10.079,46.414],[10.078,46.417],[10.068,46.421],[10.059,46.428],[10.064,46.43],[10.077,46.43],[10.083,46.426],[10.083,46.422],[10.096,46.422],[10.106,46.429],[10.119,46.428],[10.122,46.43],[10.135,46.43],[10.143,46.426],[10.142,46.423],[10.135,46.425],[10.132,46.428],[10.129,46.425],[10.122,46.423],[10.121,46.422],[10.127,46.418],[10.125,46.417],[10.119,46.419],[10.115,46.417],[10.091,46.416],[10.092,46.414],[10.097,46.412],[10.101,46.405]]],[[[10.107,46.344],[10.103,46.344],[10.104,46.349],[10.099,46.351],[10.104,46.353],[10.104,46.355],[10.099,46.36],[10.106,46.361],[10.119,46.367],[10.121,46.364],[10.121,46.359],[10.108,46.357],[10.107,46.344]]],[[[10.094,46.639],[10.09,46.641],[10.091,46.644],[10.089,46.646],[10.091,46.649],[10.098,46.646],[10.095,46.644],[10.094,46.639]]],[[[10.082,46.574],[10.073,46.574],[10.073,46.577],[10.068,46.586],[10.06,46.588],[10.062,46.59],[10.065,46.59],[10.069,46.595],[10.072,46.593],[10.072,46.589],[10.077,46.588],[10.077,46.585],[10.094,46.585],[10.096,46.583],[10.089,46.581],[10.082,46.574]]],[[[10.069,46.226],[10.067,46.224],[10.06,46.224],[10.049,46.231],[10.049,46.235],[10.053,46.237],[10.057,46.244],[10.06,46.246],[10.06,46.248],[10.056,46.251],[10.059,46.252],[10.062,46.251],[10.065,46.254],[10.068,46.251],[10.079,46.25],[10.075,46.249],[10.073,46.246],[10.063,46.241],[10.06,46.235],[10.062,46.228],[10.064,46.227],[10.068,46.228],[10.069,46.226]]],[[[9.976,46.462],[9.971,46.46],[9.964,46.461],[9.958,46.467],[9.942,46.476],[9.942,46.479],[9.949,46.478],[9.952,46.48],[9.952,46.483],[9.941,46.489],[9.94,46.491],[9.93,46.496],[9.927,46.496],[9.926,46.501],[9.909,46.51],[9.907,46.513],[9.908,46.514],[9.921,46.509],[9.931,46.509],[9.933,46.51],[9.931,46.513],[9.915,46.522],[9.918,46.523],[9.925,46.521],[9.928,46.518],[9.934,46.518],[9.942,46.523],[9.935,46.525],[9.925,46.533],[9.917,46.537],[9.915,46.54],[9.929,46.54],[9.931,46.541],[9.931,46.544],[9.933,46.544],[9.935,46.538],[9.952,46.544],[9.955,46.543],[9.955,46.541],[9.951,46.537],[9.952,46.535],[9.955,46.534],[9.953,46.532],[9.958,46.53],[9.961,46.532],[9.968,46.533],[9.967,46.536],[9.971,46.537],[9.975,46.534],[9.976,46.531],[9.968,46.525],[9.967,46.522],[9.963,46.521],[9.961,46.514],[9.964,46.512],[9.964,46.509],[9.958,46.505],[9.966,46.5],[9.972,46.492],[9.977,46.495],[9.978,46.498],[9.975,46.5],[9.975,46.502],[9.978,46.509],[9.98,46.511],[9.983,46.511],[9.982,46.516],[9.986,46.52],[9.991,46.52],[9.993,46.516],[9.992,46.513],[9.999,46.511],[9.993,46.502],[9.99,46.5],[9.992,46.495],[9.995,46.495],[9.998,46.492],[9.999,46.494],[9.996,46.495],[10.001,46.499],[10.002,46.504],[10.005,46.506],[10.01,46.506],[10.022,46.497],[10.024,46.487],[10.026,46.485],[10.034,46.484],[10.034,46.486],[10.026,46.488],[10.027,46.49],[10.033,46.492],[10.033,46.503],[10.03,46.51],[10.022,46.517],[10.021,46.521],[10.012,46.528],[10.011,46.531],[10.0,46.538],[10.017,46.537],[10.023,46.533],[10.027,46.528],[10.036,46.523],[10.042,46.523],[10.047,46.525],[10.039,46.529],[10.037,46.537],[10.033,46.539],[10.033,46.542],[10.037,46.544],[10.037,46.546],[10.034,46.548],[10.03,46.546],[10.027,46.549],[10.018,46.553],[10.008,46.553],[10.006,46.556],[9.992,46.559],[9.986,46.564],[9.976,46.569],[9.969,46.568],[9.963,46.57],[9.96,46.573],[9.963,46.576],[9.975,46.574],[9.983,46.575],[9.986,46.571],[9.989,46.572],[9.992,46.571],[9.996,46.573],[9.996,46.576],[10.006,46.577],[10.003,46.571],[10.0,46.569],[10.002,46.565],[10.008,46.567],[10.015,46.567],[10.018,46.565],[10.02,46.569],[10.018,46.571],[10.022,46.574],[10.022,46.571],[10.028,46.566],[10.025,46.564],[10.024,46.56],[10.028,46.559],[10.034,46.563],[10.037,46.559],[10.039,46.559],[10.039,46.564],[10.043,46.568],[10.041,46.573],[10.045,46.577],[10.049,46.575],[10.047,46.573],[10.048,46.568],[10.055,46.566],[10.05,46.561],[10.05,46.556],[10.054,46.556],[10.063,46.559],[10.064,46.561],[10.067,46.561],[10.069,46.563],[10.068,46.565],[10.071,46.568],[10.077,46.57],[10.079,46.567],[10.076,46.565],[10.075,46.561],[10.07,46.558],[10.069,46.554],[10.056,46.546],[10.053,46.546],[10.048,46.541],[10.048,46.534],[10.051,46.532],[10.05,46.528],[10.054,46.525],[10.054,46.523],[10.051,46.521],[10.051,46.516],[10.048,46.515],[10.047,46.512],[10.044,46.51],[10.043,46.503],[10.047,46.501],[10.045,46.485],[10.046,46.478],[10.049,46.476],[10.048,46.474],[10.054,46.469],[10.046,46.468],[10.042,46.471],[10.041,46.474],[10.037,46.473],[10.017,46.475],[10.011,46.473],[9.995,46.473],[9.991,46.472],[9.988,46.469],[9.981,46.47],[9.978,46.468],[9.976,46.462]]],[[[10.058,46.271],[10.043,46.27],[10.038,46.274],[10.038,46.276],[10.044,46.279],[10.048,46.273],[10.058,46.271]]],[[[10.046,46.442],[10.042,46.439],[10.029,46.446],[10.022,46.448],[10.013,46.448],[10.006,46.451],[10.003,46.448],[9.996,46.452],[9.996,46.455],[10.002,46.461],[10.016,46.465],[10.02,46.468],[10.033,46.468],[10.036,46.466],[10.04,46.466],[10.05,46.462],[10.048,46.458],[10.045,46.456],[10.045,46.453],[10.041,46.451],[10.041,46.447],[10.046,46.442]]],[[[10.044,46.397],[10.036,46.398],[10.032,46.404],[10.021,46.411],[10.027,46.412],[10.034,46.409],[10.035,46.406],[10.038,46.404],[10.046,46.402],[10.047,46.399],[10.044,46.397]]],[[[10.021,46.413],[10.02,46.416],[10.023,46.418],[10.02,46.422],[10.025,46.426],[10.025,46.428],[10.021,46.428],[10.018,46.426],[10.009,46.427],[10.007,46.432],[10.005,46.433],[10.007,46.436],[10.012,46.439],[10.022,46.44],[10.029,46.439],[10.035,46.435],[10.041,46.437],[10.045,46.434],[10.046,46.429],[10.043,46.426],[10.041,46.419],[10.034,46.419],[10.032,46.418],[10.031,46.415],[10.027,46.416],[10.021,46.413]]],[[[9.651,46.291],[9.645,46.287],[9.625,46.287],[9.623,46.289],[9.623,46.296],[9.574,46.297],[9.571,46.299],[9.574,46.306],[9.57,46.308],[9.581,46.309],[9.584,46.311],[9.587,46.306],[9.603,46.307],[9.605,46.31],[9.615,46.316],[9.615,46.323],[9.611,46.33],[9.627,46.331],[9.628,46.334],[9.634,46.336],[9.64,46.334],[9.636,46.329],[9.643,46.33],[9.645,46.327],[9.642,46.325],[9.643,46.315],[9.646,46.32],[9.651,46.322],[9.652,46.325],[9.655,46.327],[9.663,46.328],[9.668,46.331],[9.659,46.333],[9.661,46.338],[9.659,46.342],[9.669,46.344],[9.669,46.347],[9.672,46.349],[9.672,46.351],[9.669,46.353],[9.672,46.356],[9.682,46.355],[9.682,46.358],[9.679,46.362],[9.68,46.365],[9.688,46.367],[9.682,46.371],[9.689,46.373],[9.689,46.376],[9.691,46.377],[9.694,46.374],[9.697,46.375],[9.7,46.369],[9.703,46.369],[9.702,46.366],[9.696,46.36],[9.694,46.355],[9.695,46.336],[9.698,46.337],[9.7,46.339],[9.698,46.342],[9.698,46.346],[9.7,46.348],[9.701,46.353],[9.706,46.357],[9.713,46.359],[9.712,46.362],[9.716,46.363],[9.718,46.361],[9.723,46.36],[9.725,46.364],[9.725,46.373],[9.722,46.375],[9.72,46.379],[9.723,46.382],[9.719,46.388],[9.72,46.391],[9.716,46.395],[9.724,46.399],[9.731,46.398],[9.734,46.396],[9.735,46.397],[9.733,46.399],[9.737,46.403],[9.739,46.402],[9.739,46.395],[9.745,46.392],[9.748,46.383],[9.751,46.381],[9.748,46.372],[9.751,46.365],[9.753,46.365],[9.758,46.374],[9.762,46.374],[9.763,46.376],[9.764,46.385],[9.761,46.388],[9.761,46.39],[9.763,46.398],[9.767,46.394],[9.769,46.389],[9.774,46.387],[9.775,46.385],[9.772,46.384],[9.772,46.382],[9.779,46.385],[9.783,46.376],[9.787,46.374],[9.791,46.366],[9.797,46.371],[9.801,46.371],[9.799,46.378],[9.796,46.382],[9.795,46.392],[9.788,46.398],[9.789,46.401],[9.793,46.403],[9.793,46.41],[9.78,46.416],[9.779,46.419],[9.79,46.425],[9.79,46.43],[9.797,46.431],[9.81,46.437],[9.817,46.436],[9.82,46.443],[9.827,46.443],[9.83,46.439],[9.837,46.435],[9.838,46.438],[9.832,46.445],[9.837,46.45],[9.841,46.451],[9.831,46.452],[9.828,46.454],[9.828,46.458],[9.835,46.463],[9.833,46.467],[9.834,46.468],[9.844,46.467],[9.842,46.471],[9.844,46.474],[9.849,46.473],[9.849,46.476],[9.851,46.478],[9.858,46.481],[9.873,46.48],[9.869,46.473],[9.872,46.471],[9.867,46.465],[9.862,46.462],[9.861,46.457],[9.857,46.455],[9.854,46.451],[9.851,46.444],[9.847,46.44],[9.847,46.435],[9.844,46.433],[9.847,46.429],[9.847,46.426],[9.842,46.423],[9.838,46.417],[9.845,46.411],[9.84,46.406],[9.84,46.404],[9.833,46.4],[9.835,46.398],[9.835,46.395],[9.839,46.393],[9.84,46.388],[9.844,46.392],[9.847,46.391],[9.849,46.392],[9.846,46.395],[9.847,46.397],[9.86,46.406],[9.867,46.404],[9.885,46.405],[9.871,46.424],[9.884,46.425],[9.877,46.43],[9.885,46.443],[9.887,46.443],[9.888,46.446],[9.894,46.452],[9.893,46.457],[9.899,46.458],[9.901,46.463],[9.903,46.464],[9.906,46.461],[9.909,46.462],[9.913,46.461],[9.915,46.458],[9.922,46.456],[9.924,46.454],[9.922,46.451],[9.91,46.443],[9.911,46.439],[9.913,46.441],[9.916,46.441],[9.915,46.438],[9.911,46.438],[9.91,46.434],[9.919,46.425],[9.918,46.42],[9.914,46.42],[9.913,46.416],[9.919,46.411],[9.917,46.405],[9.919,46.401],[9.925,46.409],[9.929,46.411],[9.93,46.415],[9.933,46.412],[9.939,46.411],[9.949,46.411],[9.955,46.413],[9.945,46.417],[9.945,46.424],[9.951,46.426],[9.946,46.433],[9.952,46.435],[9.951,46.444],[9.954,46.445],[9.966,46.439],[9.963,46.439],[9.962,46.437],[9.965,46.437],[9.967,46.439],[9.98,46.432],[9.977,46.426],[9.978,46.423],[9.981,46.421],[9.98,46.414],[9.982,46.413],[9.991,46.419],[9.994,46.419],[9.995,46.416],[9.998,46.414],[9.997,46.409],[9.992,46.405],[9.998,46.403],[10.001,46.406],[10.011,46.408],[10.014,46.404],[10.024,46.398],[10.023,46.393],[10.02,46.389],[10.016,46.388],[10.011,46.389],[10.006,46.384],[10.003,46.384],[10.0,46.381],[9.99,46.379],[9.988,46.376],[9.99,46.371],[9.993,46.37],[9.999,46.372],[10.006,46.372],[10.015,46.369],[10.018,46.362],[10.021,46.359],[10.018,46.356],[10.012,46.356],[10.008,46.353],[10.005,46.356],[10.004,46.355],[10.005,46.353],[10.003,46.349],[9.997,46.344],[9.998,46.34],[10.003,46.34],[10.0,46.337],[9.991,46.336],[9.989,46.338],[9.992,46.342],[9.992,46.352],[9.985,46.352],[9.976,46.358],[9.976,46.361],[9.97,46.361],[9.964,46.365],[9.965,46.379],[9.947,46.379],[9.937,46.375],[9.928,46.368],[9.922,46.371],[9.915,46.371],[9.912,46.373],[9.912,46.376],[9.906,46.38],[9.902,46.38],[9.886,46.372],[9.882,46.372],[9.872,46.363],[9.846,46.364],[9.843,46.361],[9.833,46.362],[9.829,46.359],[9.829,46.357],[9.823,46.353],[9.813,46.351],[9.806,46.346],[9.803,46.347],[9.8,46.344],[9.786,46.342],[9.78,46.338],[9.776,46.338],[9.773,46.336],[9.767,46.336],[9.755,46.345],[9.751,46.345],[9.745,46.35],[9.738,46.35],[9.735,46.348],[9.718,46.348],[9.716,46.296],[9.713,46.294],[9.687,46.295],[9.681,46.3],[9.675,46.302],[9.675,46.304],[9.665,46.304],[9.664,46.297],[9.652,46.296],[9.651,46.291]]],[[[9.992,46.326],[9.994,46.324],[9.99,46.321],[9.989,46.324],[9.984,46.325],[9.982,46.327],[9.982,46.329],[9.987,46.331],[9.988,46.334],[9.989,46.331],[9.993,46.329],[9.992,46.326]]],[[[9.994,46.324],[9.997,46.325],[10.005,46.319],[10.007,46.315],[10.003,46.313],[10.0,46.316],[9.995,46.317],[9.992,46.32],[9.995,46.322],[9.994,46.324]]],[[[9.881,46.922],[9.871,46.917],[9.858,46.924],[9.854,46.923],[9.85,46.928],[9.845,46.931],[9.823,46.938],[9.823,46.94],[9.826,46.942],[9.839,46.938],[9.846,46.942],[9.847,46.944],[9.836,46.952],[9.836,46.954],[9.84,46.956],[9.849,46.955],[9.846,46.949],[9.853,46.953],[9.856,46.949],[9.873,46.945],[9.874,46.95],[9.87,46.955],[9.874,46.957],[9.873,46.96],[9.866,46.963],[9.863,46.966],[9.868,46.968],[9.869,46.973],[9.862,46.977],[9.861,46.98],[9.858,46.982],[9.857,46.986],[9.858,46.987],[9.864,46.986],[9.868,46.987],[9.877,46.984],[9.881,46.988],[9.881,46.986],[9.884,46.985],[9.885,46.983],[9.88,46.979],[9.881,46.975],[9.877,46.974],[9.876,46.972],[9.877,46.97],[9.872,46.966],[9.878,46.961],[9.878,46.954],[9.876,46.952],[9.877,46.948],[9.881,46.945],[9.881,46.936],[9.888,46.933],[9.895,46.933],[9.897,46.931],[9.891,46.928],[9.884,46.927],[9.884,46.922],[9.881,46.922]]],[[[9.881,46.988],[9.881,46.99],[9.886,46.995],[9.885,46.999],[9.888,47.0],[9.888,46.99],[9.884,46.987],[9.881,46.988]]],[[[9.859,46.578],[9.862,46.577],[9.875,46.582],[9.878,46.581],[9.879,46.578],[9.885,46.582],[9.888,46.579],[9.892,46.58],[9.893,46.578],[9.888,46.577],[9.882,46.571],[9.878,46.571],[9.875,46.575],[9.868,46.572],[9.862,46.574],[9.852,46.573],[9.843,46.576],[9.839,46.574],[9.823,46.575],[9.816,46.572],[9.813,46.575],[9.82,46.577],[9.823,46.576],[9.826,46.578],[9.849,46.579],[9.856,46.577],[9.859,46.578]]],[[[9.862,46.577],[9.862,46.579],[9.864,46.579],[9.862,46.577]]],[[[9.878,47.002],[9.875,47.001],[9.87,47.006],[9.87,47.011],[9.867,47.018],[9.873,47.017],[9.874,47.013],[9.873,47.008],[9.879,47.004],[9.878,47.002]]],[[[9.788,46.826],[9.785,46.828],[9.787,46.833],[9.785,46.833],[9.784,46.835],[9.779,46.835],[9.776,46.837],[9.772,46.834],[9.766,46.833],[9.763,46.838],[9.756,46.843],[9.761,46.847],[9.766,46.846],[9.769,46.843],[9.771,46.844],[9.768,46.851],[9.773,46.853],[9.783,46.854],[9.789,46.851],[9.793,46.852],[9.801,46.85],[9.802,46.852],[9.797,46.855],[9.797,46.857],[9.806,46.865],[9.813,46.866],[9.815,46.868],[9.826,46.866],[9.829,46.869],[9.839,46.864],[9.842,46.865],[9.85,46.863],[9.85,46.86],[9.852,46.858],[9.845,46.857],[9.826,46.86],[9.821,46.859],[9.819,46.857],[9.812,46.859],[9.818,46.852],[9.817,46.85],[9.819,46.849],[9.824,46.85],[9.831,46.845],[9.826,46.838],[9.821,46.839],[9.816,46.836],[9.818,46.832],[9.824,46.829],[9.821,46.827],[9.811,46.829],[9.805,46.826],[9.795,46.831],[9.788,46.826]]],[[[9.678,46.477],[9.673,46.477],[9.674,46.482],[9.672,46.483],[9.669,46.481],[9.665,46.482],[9.671,46.488],[9.668,46.493],[9.662,46.495],[9.686,46.497],[9.687,46.499],[9.685,46.504],[9.677,46.508],[9.673,46.506],[9.66,46.509],[9.68,46.513],[9.681,46.515],[9.677,46.518],[9.67,46.517],[9.67,46.52],[9.676,46.522],[9.687,46.531],[9.681,46.532],[9.675,46.529],[9.674,46.527],[9.671,46.529],[9.665,46.536],[9.678,46.542],[9.675,46.541],[9.671,46.542],[9.666,46.547],[9.668,46.548],[9.672,46.547],[9.678,46.553],[9.674,46.554],[9.672,46.552],[9.665,46.553],[9.657,46.558],[9.659,46.56],[9.666,46.559],[9.669,46.562],[9.672,46.561],[9.679,46.565],[9.677,46.567],[9.679,46.569],[9.683,46.569],[9.686,46.571],[9.689,46.571],[9.694,46.567],[9.692,46.565],[9.689,46.565],[9.69,46.562],[9.698,46.559],[9.705,46.56],[9.711,46.558],[9.715,46.559],[9.714,46.562],[9.716,46.564],[9.707,46.571],[9.709,46.573],[9.709,46.576],[9.712,46.578],[9.711,46.58],[9.703,46.584],[9.691,46.585],[9.699,46.585],[9.701,46.589],[9.692,46.596],[9.687,46.598],[9.685,46.601],[9.68,46.599],[9.674,46.601],[9.671,46.599],[9.667,46.6],[9.664,46.599],[9.661,46.602],[9.672,46.61],[9.688,46.614],[9.7,46.608],[9.701,46.609],[9.698,46.612],[9.698,46.618],[9.701,46.621],[9.7,46.625],[9.701,46.626],[9.705,46.625],[9.702,46.623],[9.702,46.621],[9.706,46.618],[9.702,46.616],[9.702,46.614],[9.704,46.613],[9.717,46.621],[9.719,46.62],[9.714,46.614],[9.72,46.61],[9.733,46.615],[9.738,46.613],[9.731,46.609],[9.73,46.606],[9.721,46.6],[9.729,46.596],[9.743,46.595],[9.723,46.595],[9.719,46.593],[9.72,46.591],[9.719,46.589],[9.72,46.586],[9.726,46.584],[9.725,46.581],[9.729,46.583],[9.738,46.583],[9.74,46.581],[9.74,46.577],[9.733,46.575],[9.732,46.573],[9.738,46.569],[9.744,46.567],[9.75,46.57],[9.761,46.571],[9.762,46.572],[9.76,46.574],[9.759,46.579],[9.761,46.581],[9.764,46.577],[9.767,46.579],[9.763,46.583],[9.768,46.584],[9.777,46.578],[9.781,46.578],[9.783,46.576],[9.779,46.574],[9.78,46.573],[9.799,46.574],[9.802,46.571],[9.806,46.571],[9.808,46.569],[9.803,46.567],[9.8,46.568],[9.796,46.566],[9.79,46.566],[9.787,46.564],[9.783,46.565],[9.78,46.56],[9.775,46.561],[9.766,46.556],[9.757,46.555],[9.743,46.545],[9.74,46.539],[9.735,46.534],[9.734,46.53],[9.736,46.528],[9.748,46.536],[9.749,46.539],[9.756,46.543],[9.776,46.545],[9.779,46.548],[9.789,46.551],[9.793,46.551],[9.793,46.554],[9.801,46.555],[9.815,46.56],[9.82,46.56],[9.82,46.557],[9.822,46.556],[9.829,46.559],[9.838,46.555],[9.831,46.546],[9.842,46.546],[9.842,46.539],[9.838,46.532],[9.831,46.531],[9.827,46.527],[9.82,46.528],[9.82,46.526],[9.817,46.524],[9.809,46.522],[9.809,46.519],[9.813,46.517],[9.82,46.515],[9.824,46.516],[9.827,46.514],[9.813,46.508],[9.807,46.501],[9.79,46.5],[9.785,46.502],[9.789,46.504],[9.787,46.505],[9.784,46.504],[9.778,46.506],[9.773,46.504],[9.777,46.495],[9.791,46.488],[9.791,46.486],[9.787,46.484],[9.787,46.482],[9.784,46.479],[9.78,46.481],[9.776,46.481],[9.773,46.478],[9.769,46.48],[9.763,46.48],[9.759,46.482],[9.762,46.484],[9.76,46.485],[9.757,46.485],[9.756,46.482],[9.754,46.481],[9.751,46.483],[9.743,46.482],[9.741,46.484],[9.737,46.484],[9.734,46.487],[9.731,46.481],[9.721,46.48],[9.72,46.483],[9.715,46.484],[9.712,46.489],[9.708,46.489],[9.706,46.488],[9.706,46.485],[9.702,46.481],[9.698,46.481],[9.695,46.483],[9.695,46.486],[9.688,46.486],[9.689,46.483],[9.678,46.477]],[[9.716,46.586],[9.714,46.584],[9.717,46.584],[9.716,46.586]]],[[[9.794,46.857],[9.786,46.857],[9.784,46.86],[9.786,46.863],[9.79,46.864],[9.793,46.867],[9.797,46.868],[9.802,46.866],[9.798,46.862],[9.799,46.859],[9.794,46.857]]],[[[9.794,46.812],[9.774,46.807],[9.77,46.81],[9.773,46.813],[9.782,46.815],[9.791,46.815],[9.794,46.812]]],[[[9.759,46.86],[9.75,46.859],[9.744,46.864],[9.738,46.865],[9.737,46.867],[9.741,46.869],[9.747,46.869],[9.748,46.872],[9.753,46.874],[9.761,46.871],[9.76,46.874],[9.766,46.876],[9.764,46.884],[9.773,46.882],[9.771,46.882],[9.77,46.88],[9.771,46.877],[9.789,46.871],[9.791,46.868],[9.787,46.865],[9.783,46.867],[9.777,46.865],[9.77,46.865],[9.766,46.867],[9.764,46.865],[9.761,46.865],[9.759,46.86]]],[[[9.586,46.715],[9.59,46.718],[9.6,46.718],[9.604,46.719],[9.605,46.721],[9.604,46.723],[9.598,46.726],[9.599,46.737],[9.598,46.738],[9.594,46.736],[9.591,46.74],[9.588,46.739],[9.588,46.742],[9.586,46.744],[9.589,46.746],[9.588,46.749],[9.595,46.751],[9.595,46.755],[9.591,46.762],[9.594,46.764],[9.595,46.767],[9.59,46.773],[9.59,46.776],[9.586,46.78],[9.59,46.785],[9.593,46.786],[9.596,46.783],[9.603,46.782],[9.605,46.778],[9.609,46.776],[9.613,46.779],[9.625,46.782],[9.623,46.784],[9.629,46.786],[9.629,46.788],[9.63,46.782],[9.621,46.775],[9.625,46.772],[9.632,46.772],[9.637,46.77],[9.635,46.766],[9.63,46.764],[9.631,46.761],[9.635,46.76],[9.635,46.758],[9.622,46.758],[9.611,46.76],[9.602,46.757],[9.601,46.755],[9.605,46.755],[9.608,46.757],[9.618,46.757],[9.621,46.753],[9.634,46.753],[9.638,46.754],[9.638,46.757],[9.641,46.759],[9.644,46.757],[9.651,46.758],[9.651,46.761],[9.651,46.766],[9.654,46.768],[9.658,46.767],[9.661,46.769],[9.665,46.769],[9.669,46.767],[9.669,46.765],[9.662,46.761],[9.661,46.759],[9.659,46.759],[9.657,46.756],[9.65,46.754],[9.653,46.752],[9.651,46.748],[9.647,46.748],[9.644,46.746],[9.643,46.745],[9.645,46.741],[9.642,46.739],[9.641,46.736],[9.635,46.734],[9.636,46.732],[9.643,46.731],[9.657,46.739],[9.66,46.738],[9.668,46.74],[9.667,46.742],[9.663,46.742],[9.664,46.745],[9.667,46.743],[9.683,46.756],[9.695,46.756],[9.703,46.751],[9.705,46.753],[9.699,46.756],[9.707,46.758],[9.709,46.76],[9.698,46.769],[9.701,46.771],[9.724,46.771],[9.726,46.775],[9.717,46.776],[9.712,46.78],[9.717,46.783],[9.724,46.783],[9.725,46.784],[9.722,46.789],[9.724,46.79],[9.748,46.788],[9.749,46.791],[9.738,46.794],[9.733,46.798],[9.735,46.8],[9.742,46.797],[9.74,46.8],[9.748,46.803],[9.751,46.802],[9.753,46.804],[9.748,46.81],[9.748,46.812],[9.755,46.812],[9.756,46.811],[9.752,46.808],[9.757,46.806],[9.758,46.803],[9.761,46.802],[9.764,46.803],[9.766,46.801],[9.769,46.801],[9.777,46.805],[9.779,46.801],[9.776,46.799],[9.777,46.796],[9.791,46.794],[9.783,46.789],[9.772,46.79],[9.772,46.788],[9.77,46.787],[9.76,46.786],[9.764,46.781],[9.757,46.781],[9.755,46.779],[9.756,46.775],[9.753,46.772],[9.747,46.773],[9.743,46.776],[9.741,46.775],[9.74,46.773],[9.742,46.77],[9.741,46.768],[9.737,46.768],[9.738,46.766],[9.75,46.759],[9.743,46.756],[9.739,46.758],[9.732,46.757],[9.73,46.759],[9.726,46.759],[9.724,46.757],[9.727,46.75],[9.737,46.746],[9.735,46.744],[9.732,46.744],[9.722,46.746],[9.727,46.742],[9.729,46.737],[9.722,46.738],[9.719,46.741],[9.713,46.743],[9.706,46.74],[9.699,46.74],[9.693,46.738],[9.693,46.731],[9.689,46.728],[9.686,46.73],[9.682,46.727],[9.676,46.728],[9.673,46.725],[9.666,46.725],[9.663,46.729],[9.659,46.724],[9.656,46.725],[9.653,46.722],[9.646,46.721],[9.633,46.721],[9.627,46.724],[9.619,46.723],[9.617,46.725],[9.616,46.723],[9.619,46.719],[9.617,46.717],[9.613,46.72],[9.615,46.714],[9.61,46.716],[9.603,46.714],[9.597,46.709],[9.589,46.71],[9.586,46.713],[9.586,46.715]]],[[[9.74,46.773],[9.745,46.773],[9.743,46.771],[9.74,46.773]]],[[[9.651,46.761],[9.648,46.76],[9.645,46.761],[9.651,46.761]]],[[[9.512,46.366],[9.498,46.362],[9.496,46.366],[9.482,46.368],[9.47,46.373],[9.466,46.373],[9.46,46.378],[9.46,46.38],[9.464,46.382],[9.464,46.387],[9.467,46.389],[9.464,46.391],[9.465,46.409],[9.462,46.411],[9.462,46.414],[9.453,46.42],[9.453,46.429],[9.456,46.432],[9.459,46.447],[9.464,46.443],[9.47,46.431],[9.475,46.427],[9.478,46.427],[9.478,46.423],[9.482,46.42],[9.481,46.417],[9.487,46.419],[9.491,46.418],[9.496,46.399],[9.493,46.394],[9.489,46.393],[9.483,46.388],[9.499,46.395],[9.503,46.395],[9.506,46.392],[9.514,46.392],[9.518,46.395],[9.509,46.397],[9.507,46.399],[9.513,46.406],[9.511,46.413],[9.508,46.417],[9.514,46.419],[9.516,46.422],[9.504,46.428],[9.508,46.432],[9.508,46.434],[9.504,46.436],[9.495,46.436],[9.49,46.44],[9.49,46.442],[9.492,46.443],[9.499,46.444],[9.5,46.447],[9.498,46.447],[9.492,46.453],[9.496,46.456],[9.493,46.462],[9.494,46.465],[9.492,46.467],[9.503,46.465],[9.514,46.458],[9.516,46.453],[9.513,46.449],[9.514,46.446],[9.517,46.446],[9.521,46.449],[9.532,46.451],[9.54,46.446],[9.541,46.444],[9.538,46.441],[9.527,46.438],[9.526,46.435],[9.527,46.434],[9.534,46.436],[9.539,46.435],[9.539,46.423],[9.543,46.421],[9.545,46.414],[9.548,46.412],[9.561,46.414],[9.555,46.416],[9.558,46.421],[9.564,46.425],[9.564,46.427],[9.559,46.427],[9.555,46.43],[9.561,46.434],[9.559,46.437],[9.562,46.439],[9.561,46.443],[9.563,46.445],[9.57,46.445],[9.583,46.44],[9.595,46.428],[9.601,46.433],[9.601,46.436],[9.595,46.445],[9.593,46.451],[9.59,46.453],[9.586,46.453],[9.583,46.456],[9.57,46.461],[9.564,46.458],[9.56,46.461],[9.559,46.464],[9.551,46.465],[9.543,46.471],[9.535,46.473],[9.542,46.476],[9.539,46.479],[9.529,46.481],[9.526,46.485],[9.523,46.483],[9.521,46.484],[9.521,46.489],[9.519,46.49],[9.516,46.488],[9.51,46.488],[9.507,46.491],[9.503,46.491],[9.497,46.495],[9.487,46.498],[9.483,46.503],[9.484,46.507],[9.504,46.505],[9.505,46.51],[9.507,46.511],[9.52,46.509],[9.522,46.511],[9.518,46.516],[9.504,46.517],[9.5,46.519],[9.491,46.52],[9.488,46.526],[9.485,46.527],[9.478,46.525],[9.475,46.527],[9.465,46.525],[9.462,46.526],[9.465,46.53],[9.464,46.533],[9.459,46.532],[9.453,46.535],[9.452,46.537],[9.452,46.54],[9.459,46.544],[9.46,46.546],[9.469,46.543],[9.475,46.546],[9.476,46.549],[9.486,46.544],[9.495,46.542],[9.499,46.546],[9.502,46.544],[9.505,46.545],[9.507,46.541],[9.505,46.537],[9.507,46.532],[9.503,46.53],[9.505,46.529],[9.508,46.531],[9.511,46.53],[9.521,46.536],[9.524,46.543],[9.528,46.546],[9.532,46.548],[9.538,46.547],[9.542,46.54],[9.545,46.538],[9.532,46.532],[9.531,46.529],[9.534,46.528],[9.534,46.526],[9.531,46.525],[9.531,46.52],[9.534,46.519],[9.54,46.522],[9.548,46.522],[9.55,46.528],[9.553,46.526],[9.56,46.531],[9.564,46.532],[9.572,46.542],[9.571,46.544],[9.577,46.548],[9.587,46.549],[9.588,46.548],[9.585,46.546],[9.587,46.545],[9.59,46.546],[9.591,46.548],[9.597,46.549],[9.598,46.546],[9.595,46.544],[9.596,46.542],[9.594,46.537],[9.584,46.535],[9.585,46.531],[9.58,46.525],[9.576,46.525],[9.573,46.527],[9.57,46.524],[9.564,46.524],[9.564,46.522],[9.57,46.517],[9.553,46.509],[9.549,46.509],[9.55,46.506],[9.546,46.506],[9.543,46.503],[9.54,46.504],[9.538,46.502],[9.543,46.5],[9.556,46.5],[9.562,46.503],[9.566,46.503],[9.569,46.5],[9.573,46.502],[9.573,46.499],[9.584,46.495],[9.574,46.49],[9.575,46.489],[9.581,46.492],[9.583,46.488],[9.575,46.483],[9.572,46.479],[9.578,46.48],[9.591,46.491],[9.601,46.494],[9.604,46.492],[9.6,46.497],[9.601,46.502],[9.614,46.501],[9.608,46.5],[9.607,46.496],[9.616,46.494],[9.613,46.49],[9.615,46.487],[9.61,46.484],[9.609,46.481],[9.617,46.478],[9.619,46.474],[9.615,46.471],[9.623,46.469],[9.626,46.474],[9.633,46.473],[9.634,46.471],[9.627,46.467],[9.623,46.46],[9.624,46.458],[9.623,46.456],[9.618,46.453],[9.618,46.449],[9.616,46.447],[9.617,46.444],[9.619,46.443],[9.632,46.449],[9.638,46.453],[9.639,46.457],[9.647,46.448],[9.646,46.439],[9.641,46.435],[9.639,46.431],[9.641,46.429],[9.645,46.43],[9.647,46.433],[9.651,46.433],[9.657,46.438],[9.667,46.438],[9.67,46.443],[9.671,46.448],[9.669,46.452],[9.671,46.455],[9.674,46.454],[9.681,46.456],[9.687,46.453],[9.694,46.453],[9.697,46.46],[9.711,46.462],[9.714,46.459],[9.716,46.46],[9.715,46.465],[9.717,46.468],[9.721,46.468],[9.727,46.471],[9.74,46.471],[9.747,46.469],[9.75,46.47],[9.776,46.46],[9.766,46.458],[9.766,46.455],[9.757,46.453],[9.756,46.45],[9.748,46.449],[9.746,46.445],[9.719,46.442],[9.713,46.436],[9.706,46.435],[9.7,46.429],[9.696,46.43],[9.693,46.428],[9.691,46.425],[9.696,46.426],[9.698,46.423],[9.686,46.417],[9.679,46.417],[9.681,46.414],[9.676,46.41],[9.663,46.411],[9.653,46.409],[9.647,46.411],[9.643,46.406],[9.637,46.41],[9.634,46.41],[9.633,46.406],[9.63,46.404],[9.624,46.405],[9.617,46.402],[9.607,46.403],[9.601,46.399],[9.597,46.401],[9.589,46.398],[9.59,46.395],[9.593,46.393],[9.61,46.387],[9.62,46.389],[9.623,46.391],[9.633,46.39],[9.639,46.393],[9.643,46.393],[9.644,46.39],[9.636,46.385],[9.623,46.385],[9.619,46.382],[9.612,46.382],[9.612,46.375],[9.609,46.371],[9.596,46.371],[9.59,46.373],[9.586,46.372],[9.58,46.374],[9.573,46.37],[9.564,46.37],[9.56,46.368],[9.547,46.37],[9.544,46.366],[9.528,46.367],[9.518,46.364],[9.512,46.366]],[[9.531,46.525],[9.527,46.525],[9.527,46.523],[9.531,46.525]]],[[[9.721,46.865],[9.724,46.863],[9.719,46.863],[9.721,46.865]]],[[[9.724,46.863],[9.731,46.865],[9.734,46.861],[9.744,46.862],[9.746,46.858],[9.73,46.854],[9.727,46.852],[9.72,46.852],[9.709,46.859],[9.711,46.861],[9.718,46.862],[9.727,46.861],[9.724,46.863]]],[[[9.743,47.029],[9.741,47.028],[9.738,47.03],[9.724,47.03],[9.721,47.028],[9.718,47.029],[9.715,47.028],[9.713,47.03],[9.718,47.032],[9.738,47.033],[9.741,47.035],[9.743,47.034],[9.743,47.029]]],[[[9.657,46.896],[9.66,46.897],[9.664,46.896],[9.664,46.893],[9.656,46.887],[9.65,46.887],[9.647,46.885],[9.65,46.884],[9.653,46.88],[9.646,46.879],[9.645,46.876],[9.646,46.874],[9.667,46.873],[9.669,46.874],[9.675,46.871],[9.674,46.873],[9.675,46.874],[9.679,46.874],[9.682,46.878],[9.689,46.879],[9.692,46.873],[9.695,46.874],[9.705,46.869],[9.705,46.866],[9.71,46.863],[9.704,46.861],[9.695,46.863],[9.688,46.865],[9.685,46.869],[9.672,46.865],[9.669,46.866],[9.649,46.864],[9.63,46.869],[9.629,46.872],[9.619,46.868],[9.613,46.872],[9.618,46.874],[9.62,46.877],[9.63,46.875],[9.63,46.881],[9.634,46.883],[9.636,46.89],[9.64,46.89],[9.643,46.887],[9.651,46.891],[9.649,46.896],[9.657,46.901],[9.659,46.9],[9.657,46.896]],[[9.657,46.896],[9.656,46.894],[9.657,46.893],[9.657,46.896]]],[[[9.7,46.875],[9.698,46.873],[9.696,46.875],[9.7,46.875]]],[[[9.608,47.05],[9.6,47.047],[9.597,47.05],[9.587,47.053],[9.572,47.053],[9.564,47.049],[9.553,47.051],[9.558,47.058],[9.578,47.058],[9.581,47.059],[9.579,47.062],[9.581,47.064],[9.585,47.063],[9.588,47.066],[9.595,47.066],[9.595,47.068],[9.598,47.069],[9.605,47.069],[9.608,47.068],[9.61,47.065],[9.606,47.063],[9.614,47.057],[9.617,47.058],[9.619,47.056],[9.617,47.054],[9.607,47.052],[9.608,47.05]]],[[[9.617,47.054],[9.627,47.056],[9.63,47.053],[9.634,47.053],[9.637,47.055],[9.64,47.053],[9.645,47.056],[9.642,47.058],[9.647,47.061],[9.663,47.06],[9.65,47.057],[9.649,47.056],[9.65,47.053],[9.647,47.049],[9.63,47.05],[9.617,47.054]]],[[[9.663,47.06],[9.67,47.061],[9.673,47.064],[9.687,47.061],[9.693,47.056],[9.696,47.057],[9.699,47.055],[9.696,47.053],[9.686,47.055],[9.68,47.057],[9.677,47.061],[9.673,47.059],[9.663,47.06]]],[[[9.668,46.614],[9.658,46.611],[9.65,46.615],[9.652,46.615],[9.655,46.619],[9.656,46.621],[9.655,46.622],[9.645,46.615],[9.638,46.617],[9.636,46.62],[9.628,46.624],[9.63,46.626],[9.63,46.629],[9.633,46.63],[9.634,46.626],[9.637,46.626],[9.639,46.631],[9.642,46.629],[9.646,46.631],[9.646,46.626],[9.659,46.626],[9.668,46.619],[9.675,46.622],[9.678,46.625],[9.68,46.623],[9.681,46.619],[9.674,46.614],[9.668,46.614]]],[[[9.642,46.793],[9.636,46.789],[9.632,46.795],[9.636,46.8],[9.633,46.802],[9.637,46.805],[9.638,46.799],[9.642,46.799],[9.646,46.803],[9.649,46.801],[9.653,46.802],[9.658,46.799],[9.656,46.797],[9.642,46.793]]],[[[9.612,47.089],[9.618,47.086],[9.615,47.083],[9.62,47.081],[9.615,47.078],[9.605,47.085],[9.608,47.088],[9.612,47.089]]],[[[9.616,47.022],[9.606,47.014],[9.602,47.014],[9.599,47.016],[9.597,47.018],[9.599,47.024],[9.603,47.024],[9.606,47.022],[9.612,47.025],[9.616,47.025],[9.617,47.023],[9.616,47.022]]],[[[9.584,46.721],[9.587,46.717],[9.584,46.717],[9.582,46.72],[9.584,46.721]]],[[[9.579,46.553],[9.574,46.547],[9.571,46.547],[9.569,46.549],[9.57,46.553],[9.573,46.556],[9.572,46.558],[9.578,46.563],[9.584,46.563],[9.585,46.562],[9.58,46.558],[9.579,46.553]]],[[[9.504,46.548],[9.502,46.546],[9.502,46.548],[9.495,46.55],[9.493,46.554],[9.488,46.555],[9.493,46.56],[9.49,46.561],[9.486,46.559],[9.477,46.562],[9.479,46.564],[9.478,46.566],[9.471,46.573],[9.471,46.575],[9.48,46.576],[9.487,46.571],[9.491,46.573],[9.493,46.57],[9.497,46.57],[9.49,46.583],[9.481,46.584],[9.471,46.59],[9.46,46.591],[9.459,46.594],[9.468,46.597],[9.473,46.596],[9.475,46.594],[9.478,46.596],[9.484,46.593],[9.494,46.592],[9.497,46.593],[9.495,46.595],[9.494,46.601],[9.47,46.618],[9.472,46.622],[9.475,46.62],[9.479,46.62],[9.479,46.618],[9.482,46.615],[9.488,46.617],[9.498,46.616],[9.504,46.613],[9.505,46.61],[9.496,46.604],[9.505,46.602],[9.506,46.599],[9.503,46.597],[9.5,46.586],[9.504,46.586],[9.507,46.58],[9.51,46.581],[9.513,46.58],[9.523,46.583],[9.53,46.589],[9.533,46.586],[9.537,46.588],[9.532,46.581],[9.526,46.577],[9.522,46.577],[9.522,46.574],[9.519,46.572],[9.519,46.568],[9.512,46.566],[9.511,46.563],[9.512,46.561],[9.516,46.562],[9.517,46.559],[9.512,46.554],[9.503,46.555],[9.505,46.552],[9.503,46.55],[9.504,46.548]]],[[[9.52,46.768],[9.507,46.763],[9.498,46.768],[9.501,46.77],[9.514,46.769],[9.518,46.77],[9.52,46.768]]],[[[9.512,46.617],[9.504,46.615],[9.504,46.618],[9.493,46.627],[9.499,46.633],[9.51,46.631],[9.509,46.629],[9.505,46.629],[9.505,46.627],[9.508,46.621],[9.513,46.62],[9.512,46.617]]],[[[9.499,46.775],[9.494,46.773],[9.486,46.78],[9.488,46.783],[9.497,46.786],[9.497,46.789],[9.502,46.789],[9.504,46.786],[9.493,46.78],[9.5,46.777],[9.499,46.775]]],[[[9.474,46.893],[9.469,46.892],[9.464,46.897],[9.464,46.899],[9.459,46.902],[9.463,46.905],[9.47,46.907],[9.472,46.906],[9.468,46.899],[9.472,46.897],[9.471,46.895],[9.474,46.893]]],[[[9.463,46.881],[9.456,46.881],[9.452,46.886],[9.452,46.891],[9.46,46.888],[9.458,46.886],[9.463,46.881]]],[[[7.086,46.166],[7.083,46.164],[7.079,46.165],[7.073,46.173],[7.069,46.175],[7.068,46.177],[7.07,46.178],[7.08,46.177],[7.08,46.181],[7.078,46.184],[7.08,46.188],[7.058,46.206],[7.063,46.208],[7.065,46.211],[7.059,46.217],[7.064,46.22],[7.069,46.22],[7.071,46.224],[7.07,46.231],[7.072,46.233],[7.08,46.235],[7.085,46.242],[7.089,46.242],[7.09,46.238],[7.089,46.236],[7.079,46.231],[7.078,46.226],[7.075,46.224],[7.082,46.227],[7.084,46.224],[7.08,46.222],[7.079,46.219],[7.085,46.217],[7.089,46.218],[7.097,46.217],[7.098,46.219],[7.102,46.219],[7.107,46.222],[7.106,46.224],[7.111,46.229],[7.111,46.234],[7.115,46.237],[7.115,46.243],[7.113,46.244],[7.114,46.246],[7.118,46.247],[7.121,46.25],[7.127,46.251],[7.13,46.254],[7.129,46.256],[7.136,46.26],[7.136,46.263],[7.14,46.268],[7.158,46.276],[7.15,46.277],[7.147,46.279],[7.144,46.277],[7.138,46.278],[7.141,46.281],[7.147,46.283],[7.149,46.287],[7.147,46.292],[7.156,46.293],[7.16,46.291],[7.165,46.294],[7.163,46.296],[7.166,46.3],[7.169,46.298],[7.167,46.301],[7.15,46.304],[7.134,46.301],[7.131,46.303],[7.137,46.305],[7.143,46.314],[7.147,46.316],[7.153,46.316],[7.159,46.32],[7.166,46.317],[7.182,46.318],[7.188,46.323],[7.187,46.326],[7.192,46.332],[7.182,46.333],[7.178,46.337],[7.191,46.344],[7.199,46.344],[7.205,46.341],[7.202,46.344],[7.208,46.347],[7.211,46.351],[7.218,46.352],[7.221,46.35],[7.224,46.353],[7.234,46.353],[7.233,46.355],[7.238,46.355],[7.241,46.353],[7.241,46.35],[7.237,46.346],[7.237,46.343],[7.244,46.344],[7.25,46.349],[7.254,46.35],[7.256,46.355],[7.254,46.359],[7.257,46.364],[7.267,46.366],[7.27,46.369],[7.273,46.367],[7.276,46.368],[7.277,46.366],[7.283,46.364],[7.289,46.364],[7.289,46.367],[7.302,46.368],[7.3,46.371],[7.303,46.373],[7.297,46.378],[7.298,46.38],[7.302,46.38],[7.305,46.382],[7.309,46.386],[7.313,46.384],[7.317,46.387],[7.327,46.387],[7.327,46.384],[7.321,46.382],[7.325,46.38],[7.33,46.38],[7.329,46.378],[7.33,46.375],[7.337,46.375],[7.341,46.377],[7.344,46.382],[7.348,46.385],[7.354,46.381],[7.361,46.382],[7.363,46.384],[7.362,46.387],[7.364,46.389],[7.363,46.391],[7.374,46.396],[7.364,46.399],[7.361,46.397],[7.357,46.397],[7.354,46.399],[7.354,46.401],[7.36,46.402],[7.361,46.405],[7.364,46.406],[7.38,46.407],[7.377,46.411],[7.38,46.413],[7.383,46.411],[7.392,46.411],[7.381,46.405],[7.377,46.4],[7.383,46.395],[7.393,46.395],[7.399,46.398],[7.404,46.398],[7.419,46.403],[7.421,46.4],[7.409,46.394],[7.406,46.394],[7.404,46.391],[7.413,46.39],[7.416,46.388],[7.433,46.391],[7.435,46.393],[7.455,46.398],[7.459,46.402],[7.461,46.408],[7.465,46.407],[7.471,46.409],[7.478,46.407],[7.489,46.409],[7.502,46.416],[7.504,46.418],[7.503,46.42],[7.51,46.425],[7.513,46.424],[7.523,46.429],[7.527,46.429],[7.524,46.432],[7.513,46.433],[7.505,46.441],[7.494,46.443],[7.487,46.447],[7.494,46.449],[7.495,46.454],[7.497,46.455],[7.5,46.45],[7.504,46.453],[7.508,46.452],[7.51,46.449],[7.513,46.451],[7.517,46.447],[7.529,46.454],[7.54,46.456],[7.543,46.46],[7.549,46.452],[7.548,46.45],[7.549,46.449],[7.552,46.45],[7.55,46.452],[7.553,46.453],[7.562,46.452],[7.575,46.455],[7.582,46.455],[7.59,46.461],[7.588,46.462],[7.585,46.461],[7.58,46.465],[7.583,46.47],[7.581,46.472],[7.582,46.474],[7.596,46.474],[7.604,46.479],[7.605,46.484],[7.611,46.484],[7.618,46.487],[7.617,46.49],[7.609,46.494],[7.62,46.497],[7.619,46.499],[7.621,46.503],[7.625,46.506],[7.637,46.508],[7.634,46.509],[7.634,46.512],[7.641,46.518],[7.644,46.517],[7.643,46.515],[7.644,46.512],[7.651,46.51],[7.642,46.508],[7.645,46.506],[7.644,46.503],[7.637,46.504],[7.634,46.5],[7.622,46.497],[7.622,46.494],[7.623,46.492],[7.631,46.489],[7.641,46.49],[7.644,46.489],[7.644,46.486],[7.637,46.486],[7.634,46.484],[7.627,46.486],[7.626,46.483],[7.62,46.479],[7.611,46.47],[7.61,46.467],[7.608,46.467],[7.607,46.465],[7.6080810811,46.4631081081],[7.611,46.467],[7.616,46.47],[7.62,46.47],[7.619,46.467],[7.611,46.462],[7.6081764706,46.4629411765],[7.611,46.458],[7.604,46.454],[7.606,46.452],[7.606,46.449],[7.603,46.447],[7.608,46.445],[7.614,46.449],[7.624,46.451],[7.626,46.449],[7.626,46.445],[7.624,46.443],[7.624,46.44],[7.627,46.438],[7.631,46.437],[7.637,46.441],[7.642,46.438],[7.645,46.438],[7.645,46.447],[7.647,46.449],[7.654,46.449],[7.654,46.452],[7.651,46.454],[7.653,46.456],[7.663,46.458],[7.675,46.454],[7.679,46.448],[7.681,46.449],[7.68,46.452],[7.683,46.453],[7.697,46.452],[7.71,46.443],[7.712,46.438],[7.722,46.438],[7.725,46.44],[7.735,46.441],[7.738,46.44],[7.748,46.446],[7.751,46.446],[7.761,46.454],[7.763,46.458],[7.762,46.46],[7.767,46.465],[7.763,46.467],[7.761,46.471],[7.754,46.471],[7.744,46.465],[7.744,46.463],[7.741,46.461],[7.732,46.458],[7.717,46.463],[7.717,46.467],[7.715,46.468],[7.707,46.467],[7.699,46.471],[7.696,46.469],[7.683,46.47],[7.676,46.472],[7.674,46.474],[7.676,46.478],[7.68,46.478],[7.686,46.485],[7.693,46.482],[7.696,46.483],[7.699,46.488],[7.706,46.489],[7.709,46.491],[7.716,46.49],[7.722,46.492],[7.738,46.492],[7.745,46.493],[7.749,46.496],[7.739,46.501],[7.74,46.503],[7.738,46.508],[7.744,46.512],[7.73,46.517],[7.732,46.519],[7.725,46.518],[7.719,46.512],[7.716,46.512],[7.712,46.515],[7.703,46.515],[7.699,46.517],[7.698,46.519],[7.706,46.525],[7.719,46.526],[7.72,46.528],[7.714,46.532],[7.715,46.535],[7.722,46.536],[7.722,46.532],[7.735,46.539],[7.745,46.541],[7.747,46.539],[7.742,46.535],[7.745,46.532],[7.751,46.538],[7.758,46.538],[7.766,46.535],[7.767,46.532],[7.764,46.531],[7.765,46.528],[7.775,46.532],[7.774,46.534],[7.771,46.535],[7.778,46.535],[7.779,46.528],[7.781,46.526],[7.79,46.521],[7.793,46.521],[7.79,46.519],[7.797,46.522],[7.795,46.528],[7.8,46.532],[7.791,46.537],[7.803,46.541],[7.792,46.548],[7.787,46.549],[7.786,46.553],[7.778,46.555],[7.772,46.559],[7.774,46.561],[7.784,46.561],[7.794,46.565],[7.801,46.565],[7.804,46.568],[7.803,46.57],[7.804,46.571],[7.807,46.57],[7.81,46.574],[7.814,46.575],[7.81,46.575],[7.81,46.577],[7.802,46.579],[7.808,46.586],[7.804,46.588],[7.797,46.588],[7.781,46.581],[7.779,46.582],[7.778,46.584],[7.783,46.588],[7.782,46.591],[7.779,46.593],[7.781,46.596],[7.784,46.597],[7.792,46.595],[7.789,46.597],[7.791,46.598],[7.807,46.595],[7.81,46.6],[7.808,46.604],[7.811,46.606],[7.813,46.604],[7.834,46.604],[7.842,46.613],[7.842,46.618],[7.847,46.625],[7.85,46.626],[7.859,46.622],[7.853,46.618],[7.85,46.613],[7.864,46.613],[7.86,46.609],[7.856,46.609],[7.846,46.602],[7.845,46.597],[7.846,46.593],[7.843,46.591],[7.839,46.584],[7.84,46.581],[7.841,46.584],[7.853,46.591],[7.869,46.597],[7.873,46.597],[7.876,46.6],[7.876,46.597],[7.871,46.593],[7.871,46.59],[7.865,46.586],[7.875,46.579],[7.876,46.576],[7.879,46.575],[7.876,46.572],[7.872,46.572],[7.863,46.568],[7.862,46.563],[7.849,46.56],[7.845,46.557],[7.846,46.555],[7.851,46.555],[7.861,46.55],[7.859,46.549],[7.849,46.549],[7.843,46.553],[7.835,46.555],[7.833,46.55],[7.835,46.546],[7.834,46.543],[7.835,46.541],[7.833,46.538],[7.829,46.537],[7.827,46.532],[7.823,46.529],[7.823,46.527],[7.825,46.525],[7.83,46.526],[7.829,46.521],[7.836,46.521],[7.839,46.526],[7.842,46.523],[7.846,46.524],[7.847,46.528],[7.852,46.531],[7.854,46.53],[7.853,46.528],[7.856,46.526],[7.858,46.53],[7.862,46.53],[7.865,46.528],[7.865,46.526],[7.869,46.528],[7.879,46.528],[7.879,46.525],[7.875,46.524],[7.872,46.521],[7.864,46.519],[7.863,46.516],[7.86,46.514],[7.862,46.505],[7.875,46.511],[7.882,46.511],[7.884,46.509],[7.899,46.509],[7.901,46.511],[7.908,46.511],[7.913,46.514],[7.915,46.523],[7.918,46.525],[7.926,46.525],[7.927,46.53],[7.931,46.534],[7.921,46.541],[7.92,46.543],[7.924,46.55],[7.919,46.554],[7.918,46.559],[7.922,46.561],[7.934,46.558],[7.936,46.559],[7.937,46.562],[7.941,46.563],[7.947,46.561],[7.958,46.561],[7.958,46.563],[7.961,46.565],[7.961,46.568],[7.969,46.572],[7.969,46.574],[7.965,46.577],[7.962,46.583],[7.964,46.586],[7.974,46.585],[7.98,46.587],[7.983,46.59],[8.004,46.594],[8.018,46.599],[8.023,46.598],[8.029,46.6],[8.036,46.605],[8.042,46.603],[8.043,46.599],[8.047,46.596],[8.041,46.59],[8.042,46.589],[8.049,46.589],[8.051,46.587],[8.055,46.587],[8.058,46.585],[8.087,46.589],[8.088,46.592],[8.078,46.599],[8.071,46.596],[8.072,46.601],[8.076,46.603],[8.075,46.605],[8.068,46.605],[8.066,46.608],[8.066,46.612],[8.062,46.611],[8.059,46.614],[8.061,46.617],[8.069,46.62],[8.075,46.625],[8.091,46.619],[8.103,46.623],[8.095,46.625],[8.093,46.628],[8.094,46.63],[8.088,46.634],[8.093,46.641],[8.098,46.645],[8.098,46.648],[8.096,46.65],[8.102,46.655],[8.092,46.661],[8.093,46.666],[8.087,46.668],[8.086,46.671],[8.076,46.671],[8.063,46.666],[8.056,46.667],[8.057,46.664],[8.056,46.663],[8.043,46.665],[8.04,46.661],[8.036,46.66],[8.04,46.657],[8.033,46.656],[8.02,46.661],[8.014,46.659],[8.009,46.662],[8.006,46.662],[8.004,46.659],[8.0,46.664],[7.997,46.665],[7.994,46.662],[7.987,46.662],[7.978,46.659],[7.97,46.662],[7.972,46.664],[7.971,46.666],[7.966,46.662],[7.958,46.661],[7.957,46.662],[7.959,46.667],[7.955,46.666],[7.952,46.667],[7.948,46.671],[7.954,46.676],[7.98,46.682],[7.981,46.684],[7.978,46.685],[7.975,46.689],[7.984,46.689],[7.987,46.691],[7.984,46.693],[7.988,46.695],[8.001,46.695],[8.004,46.697],[8.011,46.693],[7.994,46.691],[7.996,46.689],[7.994,46.686],[8.007,46.687],[8.024,46.691],[8.03,46.689],[8.033,46.686],[8.047,46.686],[8.048,46.691],[8.038,46.695],[8.04,46.699],[8.044,46.7],[8.048,46.704],[8.039,46.711],[8.04,46.712],[8.05,46.712],[8.056,46.716],[8.06,46.716],[8.066,46.711],[8.056,46.709],[8.056,46.707],[8.064,46.706],[8.076,46.71],[8.096,46.712],[8.102,46.715],[8.106,46.712],[8.11,46.715],[8.112,46.719],[8.115,46.717],[8.114,46.715],[8.125,46.713],[8.115,46.71],[8.111,46.711],[8.105,46.706],[8.106,46.703],[8.109,46.708],[8.115,46.706],[8.13,46.711],[8.135,46.71],[8.138,46.714],[8.142,46.711],[8.14,46.708],[8.151,46.701],[8.148,46.7],[8.138,46.702],[8.14,46.697],[8.128,46.692],[8.12,46.693],[8.122,46.695],[8.114,46.695],[8.112,46.693],[8.115,46.69],[8.112,46.686],[8.118,46.684],[8.112,46.68],[8.09,46.682],[8.098,46.677],[8.101,46.673],[8.097,46.666],[8.098,46.662],[8.105,46.663],[8.109,46.661],[8.108,46.658],[8.115,46.658],[8.118,46.656],[8.121,46.659],[8.132,46.663],[8.135,46.666],[8.135,46.668],[8.132,46.67],[8.135,46.672],[8.141,46.669],[8.145,46.675],[8.148,46.676],[8.153,46.672],[8.153,46.668],[8.149,46.666],[8.149,46.663],[8.151,46.662],[8.157,46.673],[8.168,46.67],[8.17,46.668],[8.175,46.672],[8.174,46.676],[8.171,46.679],[8.177,46.681],[8.174,46.683],[8.175,46.686],[8.18,46.689],[8.186,46.69],[8.186,46.692],[8.19,46.694],[8.194,46.692],[8.187,46.686],[8.183,46.674],[8.178,46.672],[8.178,46.665],[8.174,46.663],[8.177,46.659],[8.18,46.659],[8.189,46.654],[8.19,46.652],[8.186,46.65],[8.188,46.647],[8.201,46.64],[8.216,46.638],[8.222,46.641],[8.226,46.639],[8.23,46.636],[8.23,46.633],[8.222,46.631],[8.223,46.629],[8.219,46.625],[8.222,46.623],[8.225,46.626],[8.241,46.631],[8.244,46.633],[8.244,46.636],[8.248,46.638],[8.239,46.644],[8.238,46.647],[8.232,46.651],[8.222,46.654],[8.225,46.656],[8.224,46.667],[8.23,46.674],[8.23,46.669],[8.232,46.665],[8.237,46.663],[8.237,46.66],[8.255,46.66],[8.259,46.658],[8.254,46.654],[8.25,46.647],[8.252,46.646],[8.258,46.648],[8.271,46.647],[8.275,46.648],[8.288,46.643],[8.282,46.631],[8.284,46.629],[8.291,46.63],[8.291,46.626],[8.284,46.622],[8.276,46.622],[8.276,46.617],[8.28,46.615],[8.273,46.608],[8.273,46.606],[8.274,46.605],[8.277,46.608],[8.284,46.611],[8.294,46.61],[8.297,46.608],[8.293,46.606],[8.293,46.604],[8.297,46.603],[8.3,46.605],[8.303,46.601],[8.307,46.601],[8.31,46.599],[8.312,46.597],[8.312,46.59],[8.319,46.586],[8.323,46.579],[8.328,46.577],[8.327,46.574],[8.325,46.574],[8.321,46.577],[8.309,46.578],[8.306,46.576],[8.296,46.576],[8.293,46.574],[8.283,46.573],[8.28,46.571],[8.27,46.575],[8.267,46.578],[8.264,46.576],[8.244,46.576],[8.238,46.579],[8.234,46.578],[8.228,46.572],[8.202,46.579],[8.186,46.578],[8.202,46.577],[8.212,46.574],[8.221,46.569],[8.234,46.57],[8.26,46.565],[8.277,46.558],[8.305,46.565],[8.316,46.57],[8.329,46.569],[8.338,46.572],[8.342,46.578],[8.342,46.581],[8.337,46.585],[8.336,46.588],[8.34,46.59],[8.335,46.592],[8.338,46.597],[8.334,46.601],[8.335,46.603],[8.334,46.606],[8.33,46.609],[8.325,46.61],[8.329,46.613],[8.328,46.615],[8.336,46.616],[8.339,46.614],[8.34,46.615],[8.337,46.617],[8.346,46.621],[8.34,46.625],[8.336,46.623],[8.335,46.628],[8.331,46.631],[8.326,46.626],[8.328,46.622],[8.326,46.62],[8.321,46.622],[8.322,46.624],[8.319,46.626],[8.321,46.628],[8.321,46.635],[8.318,46.637],[8.319,46.642],[8.316,46.644],[8.32,46.646],[8.318,46.651],[8.322,46.653],[8.324,46.662],[8.321,46.664],[8.317,46.663],[8.314,46.666],[8.311,46.666],[8.311,46.671],[8.308,46.673],[8.303,46.673],[8.301,46.679],[8.303,46.68],[8.298,46.681],[8.295,46.684],[8.291,46.681],[8.288,46.681],[8.288,46.687],[8.285,46.69],[8.275,46.691],[8.272,46.69],[8.27,46.694],[8.261,46.698],[8.262,46.7],[8.269,46.698],[8.275,46.699],[8.282,46.703],[8.292,46.705],[8.295,46.704],[8.298,46.707],[8.302,46.708],[8.305,46.706],[8.308,46.71],[8.321,46.71],[8.321,46.704],[8.324,46.703],[8.323,46.7],[8.331,46.7],[8.334,46.698],[8.344,46.699],[8.351,46.697],[8.351,46.694],[8.347,46.691],[8.353,46.687],[8.357,46.68],[8.36,46.681],[8.363,46.684],[8.365,46.684],[8.365,46.686],[8.369,46.689],[8.365,46.693],[8.365,46.7],[8.36,46.701],[8.357,46.705],[8.349,46.707],[8.339,46.716],[8.343,46.72],[8.343,46.723],[8.348,46.726],[8.352,46.725],[8.352,46.729],[8.354,46.731],[8.365,46.729],[8.368,46.731],[8.381,46.732],[8.387,46.73],[8.403,46.729],[8.417,46.73],[8.42,46.732],[8.428,46.733],[8.42,46.737],[8.417,46.736],[8.415,46.738],[8.407,46.739],[8.404,46.743],[8.388,46.747],[8.391,46.75],[8.394,46.749],[8.397,46.751],[8.401,46.751],[8.407,46.757],[8.418,46.762],[8.414,46.766],[8.407,46.768],[8.401,46.764],[8.398,46.765],[8.394,46.763],[8.387,46.763],[8.381,46.76],[8.375,46.76],[8.368,46.756],[8.361,46.757],[8.33,46.75],[8.309,46.74],[8.303,46.741],[8.313,46.752],[8.322,46.757],[8.325,46.762],[8.344,46.765],[8.34,46.768],[8.342,46.771],[8.345,46.772],[8.344,46.777],[8.349,46.778],[8.351,46.777],[8.346,46.774],[8.36,46.772],[8.367,46.776],[8.369,46.779],[8.352,46.781],[8.342,46.784],[8.332,46.783],[8.326,46.779],[8.319,46.777],[8.316,46.772],[8.307,46.768],[8.303,46.764],[8.299,46.764],[8.293,46.758],[8.283,46.753],[8.273,46.751],[8.27,46.747],[8.263,46.744],[8.253,46.735],[8.247,46.734],[8.244,46.737],[8.245,46.739],[8.243,46.741],[8.236,46.744],[8.239,46.746],[8.237,46.749],[8.243,46.75],[8.247,46.747],[8.249,46.753],[8.253,46.755],[8.248,46.762],[8.229,46.759],[8.221,46.76],[8.216,46.764],[8.218,46.766],[8.231,46.766],[8.234,46.768],[8.227,46.784],[8.228,46.786],[8.234,46.787],[8.235,46.789],[8.232,46.791],[8.234,46.792],[8.245,46.793],[8.248,46.795],[8.246,46.8],[8.251,46.8],[8.254,46.803],[8.262,46.802],[8.259,46.8],[8.259,46.797],[8.253,46.793],[8.251,46.787],[8.248,46.786],[8.248,46.784],[8.245,46.782],[8.247,46.778],[8.257,46.783],[8.271,46.786],[8.284,46.791],[8.288,46.791],[8.29,46.787],[8.3,46.788],[8.297,46.79],[8.3,46.792],[8.299,46.795],[8.3,46.796],[8.307,46.797],[8.31,46.799],[8.31,46.802],[8.312,46.804],[8.325,46.808],[8.313,46.809],[8.31,46.811],[8.31,46.813],[8.316,46.815],[8.314,46.817],[8.317,46.82],[8.317,46.822],[8.312,46.824],[8.317,46.826],[8.323,46.824],[8.322,46.822],[8.326,46.819],[8.33,46.821],[8.339,46.814],[8.344,46.815],[8.348,46.813],[8.349,46.805],[8.356,46.81],[8.36,46.806],[8.356,46.803],[8.356,46.801],[8.367,46.794],[8.372,46.794],[8.371,46.797],[8.374,46.797],[8.382,46.792],[8.388,46.792],[8.391,46.789],[8.405,46.787],[8.399,46.794],[8.401,46.796],[8.409,46.796],[8.415,46.8],[8.419,46.798],[8.421,46.8],[8.423,46.794],[8.421,46.791],[8.424,46.791],[8.427,46.794],[8.431,46.795],[8.442,46.794],[8.443,46.789],[8.442,46.785],[8.44,46.784],[8.44,46.78],[8.443,46.783],[8.454,46.784],[8.462,46.787],[8.464,46.787],[8.467,46.784],[8.476,46.784],[8.48,46.786],[8.479,46.789],[8.48,46.79],[8.49,46.791],[8.496,46.795],[8.505,46.795],[8.504,46.798],[8.509,46.8],[8.51,46.805],[8.51,46.807],[8.507,46.809],[8.511,46.811],[8.514,46.818],[8.512,46.82],[8.514,46.822],[8.513,46.825],[8.511,46.827],[8.515,46.831],[8.515,46.834],[8.511,46.834],[8.507,46.831],[8.5,46.83],[8.497,46.832],[8.497,46.827],[8.501,46.825],[8.501,46.822],[8.499,46.82],[8.49,46.816],[8.487,46.812],[8.481,46.809],[8.477,46.81],[8.474,46.807],[8.47,46.807],[8.463,46.809],[8.462,46.812],[8.467,46.814],[8.471,46.818],[8.467,46.821],[8.467,46.823],[8.464,46.825],[8.457,46.825],[8.451,46.823],[8.448,46.825],[8.447,46.827],[8.448,46.83],[8.452,46.834],[8.445,46.836],[8.448,46.838],[8.448,46.845],[8.437,46.85],[8.437,46.852],[8.435,46.853],[8.429,46.85],[8.425,46.85],[8.422,46.853],[8.419,46.853],[8.415,46.849],[8.411,46.85],[8.414,46.852],[8.414,46.855],[8.401,46.862],[8.409,46.862],[8.415,46.864],[8.413,46.866],[8.416,46.868],[8.422,46.864],[8.425,46.866],[8.445,46.866],[8.446,46.868],[8.458,46.872],[8.459,46.875],[8.455,46.873],[8.449,46.874],[8.445,46.877],[8.442,46.876],[8.44,46.877],[8.455,46.879],[8.459,46.882],[8.469,46.884],[8.475,46.887],[8.49,46.888],[8.492,46.885],[8.478,46.884],[8.472,46.878],[8.475,46.879],[8.478,46.876],[8.491,46.875],[8.5,46.872],[8.501,46.87],[8.498,46.865],[8.5,46.863],[8.508,46.866],[8.511,46.865],[8.514,46.867],[8.521,46.868],[8.522,46.87],[8.519,46.872],[8.52,46.874],[8.532,46.878],[8.532,46.881],[8.534,46.883],[8.535,46.878],[8.538,46.874],[8.547,46.871],[8.552,46.874],[8.56,46.875],[8.563,46.878],[8.569,46.88],[8.571,46.883],[8.57,46.885],[8.574,46.886],[8.578,46.885],[8.576,46.876],[8.559,46.867],[8.559,46.862],[8.556,46.858],[8.557,46.853],[8.555,46.851],[8.558,46.847],[8.556,46.846],[8.553,46.849],[8.55,46.845],[8.546,46.845],[8.544,46.842],[8.546,46.841],[8.55,46.843],[8.556,46.842],[8.559,46.836],[8.561,46.835],[8.559,46.835],[8.557,46.831],[8.559,46.829],[8.566,46.829],[8.569,46.832],[8.572,46.831],[8.579,46.834],[8.589,46.833],[8.595,46.835],[8.598,46.833],[8.598,46.831],[8.579,46.822],[8.569,46.821],[8.566,46.819],[8.558,46.82],[8.555,46.817],[8.547,46.815],[8.546,46.813],[8.542,46.813],[8.542,46.81],[8.545,46.809],[8.545,46.806],[8.542,46.802],[8.548,46.802],[8.548,46.8],[8.551,46.799],[8.555,46.801],[8.556,46.804],[8.559,46.806],[8.565,46.801],[8.575,46.797],[8.579,46.797],[8.578,46.804],[8.588,46.806],[8.589,46.804],[8.586,46.801],[8.588,46.8],[8.591,46.801],[8.601,46.799],[8.604,46.797],[8.608,46.801],[8.611,46.801],[8.614,46.798],[8.624,46.795],[8.626,46.79],[8.624,46.789],[8.621,46.793],[8.604,46.793],[8.599,46.79],[8.603,46.788],[8.601,46.786],[8.607,46.783],[8.61,46.779],[8.601,46.775],[8.597,46.777],[8.591,46.775],[8.594,46.77],[8.59,46.768],[8.588,46.765],[8.589,46.763],[8.591,46.763],[8.594,46.759],[8.599,46.759],[8.594,46.756],[8.584,46.761],[8.581,46.765],[8.57,46.766],[8.568,46.764],[8.565,46.766],[8.565,46.768],[8.555,46.768],[8.554,46.763],[8.557,46.761],[8.555,46.758],[8.551,46.76],[8.554,46.756],[8.558,46.756],[8.563,46.752],[8.577,46.749],[8.579,46.747],[8.58,46.741],[8.574,46.738],[8.571,46.741],[8.561,46.743],[8.551,46.742],[8.548,46.744],[8.544,46.744],[8.541,46.748],[8.543,46.75],[8.541,46.751],[8.535,46.747],[8.528,46.749],[8.526,46.75],[8.528,46.755],[8.525,46.756],[8.523,46.753],[8.524,46.75],[8.518,46.75],[8.518,46.755],[8.511,46.759],[8.508,46.764],[8.51,46.766],[8.506,46.767],[8.499,46.767],[8.494,46.764],[8.494,46.762],[8.501,46.757],[8.498,46.755],[8.499,46.75],[8.482,46.75],[8.472,46.753],[8.466,46.749],[8.463,46.75],[8.458,46.742],[8.455,46.74],[8.456,46.736],[8.469,46.743],[8.479,46.743],[8.498,46.737],[8.505,46.737],[8.518,46.728],[8.528,46.729],[8.531,46.726],[8.536,46.725],[8.537,46.723],[8.529,46.719],[8.53,46.716],[8.537,46.712],[8.544,46.71],[8.547,46.712],[8.557,46.711],[8.56,46.713],[8.564,46.709],[8.57,46.707],[8.571,46.705],[8.563,46.702],[8.56,46.703],[8.557,46.7],[8.559,46.698],[8.558,46.696],[8.551,46.692],[8.553,46.69],[8.563,46.691],[8.569,46.689],[8.569,46.687],[8.566,46.685],[8.545,46.683],[8.54,46.68],[8.539,46.683],[8.534,46.683],[8.536,46.68],[8.533,46.678],[8.53,46.681],[8.527,46.679],[8.524,46.681],[8.517,46.682],[8.514,46.681],[8.494,46.687],[8.494,46.685],[8.499,46.679],[8.499,46.674],[8.519,46.665],[8.517,46.664],[8.502,46.663],[8.494,46.658],[8.477,46.657],[8.475,46.659],[8.458,46.663],[8.451,46.668],[8.453,46.665],[8.448,46.664],[8.444,46.661],[8.451,46.66],[8.454,46.655],[8.458,46.654],[8.463,46.65],[8.465,46.647],[8.46,46.643],[8.464,46.645],[8.467,46.643],[8.474,46.645],[8.484,46.642],[8.493,46.642],[8.5,46.645],[8.51,46.645],[8.516,46.648],[8.526,46.647],[8.533,46.65],[8.546,46.65],[8.562,46.654],[8.569,46.652],[8.569,46.65],[8.559,46.643],[8.552,46.642],[8.543,46.631],[8.536,46.629],[8.53,46.631],[8.529,46.634],[8.528,46.631],[8.52,46.629],[8.518,46.627],[8.519,46.625],[8.522,46.625],[8.526,46.622],[8.519,46.619],[8.516,46.618],[8.513,46.622],[8.509,46.621],[8.506,46.623],[8.502,46.62],[8.504,46.618],[8.503,46.616],[8.496,46.611],[8.49,46.615],[8.483,46.617],[8.481,46.616],[8.48,46.613],[8.491,46.607],[8.486,46.605],[8.478,46.598],[8.477,46.593],[8.47,46.595],[8.457,46.595],[8.442,46.589],[8.46,46.589],[8.467,46.587],[8.472,46.582],[8.486,46.582],[8.487,46.58],[8.482,46.575],[8.463,46.564],[8.466,46.562],[8.482,46.57],[8.489,46.57],[8.493,46.568],[8.495,46.572],[8.498,46.569],[8.502,46.568],[8.502,46.58],[8.507,46.589],[8.509,46.589],[8.519,46.597],[8.542,46.604],[8.546,46.604],[8.548,46.607],[8.551,46.608],[8.555,46.608],[8.556,46.606],[8.555,46.601],[8.55,46.595],[8.554,46.585],[8.564,46.583],[8.565,46.588],[8.571,46.593],[8.574,46.591],[8.587,46.591],[8.588,46.592],[8.585,46.597],[8.576,46.599],[8.575,46.601],[8.577,46.604],[8.581,46.606],[8.579,46.613],[8.581,46.617],[8.591,46.614],[8.594,46.615],[8.595,46.619],[8.593,46.621],[8.593,46.624],[8.597,46.626],[8.617,46.625],[8.624,46.623],[8.636,46.614],[8.636,46.611],[8.642,46.61],[8.649,46.604],[8.653,46.605],[8.666,46.602],[8.66,46.609],[8.661,46.612],[8.658,46.616],[8.657,46.621],[8.644,46.632],[8.637,46.634],[8.634,46.639],[8.628,46.641],[8.633,46.643],[8.633,46.648],[8.642,46.655],[8.657,46.661],[8.667,46.66],[8.67,46.661],[8.674,46.654],[8.668,46.645],[8.673,46.64],[8.676,46.646],[8.679,46.642],[8.683,46.642],[8.686,46.64],[8.693,46.642],[8.696,46.645],[8.705,46.638],[8.702,46.633],[8.692,46.631],[8.69,46.625],[8.707,46.625],[8.711,46.61],[8.714,46.609],[8.715,46.607],[8.715,46.609],[8.718,46.611],[8.721,46.61],[8.725,46.615],[8.723,46.625],[8.727,46.629],[8.722,46.634],[8.723,46.638],[8.718,46.647],[8.722,46.647],[8.725,46.65],[8.736,46.649],[8.738,46.652],[8.742,46.651],[8.741,46.656],[8.75,46.653],[8.75,46.658],[8.756,46.66],[8.756,46.658],[8.753,46.656],[8.752,46.649],[8.744,46.64],[8.753,46.633],[8.751,46.631],[8.748,46.631],[8.753,46.626],[8.749,46.62],[8.75,46.617],[8.747,46.615],[8.748,46.611],[8.751,46.609],[8.753,46.613],[8.759,46.617],[8.759,46.62],[8.766,46.622],[8.77,46.626],[8.775,46.635],[8.774,46.637],[8.775,46.64],[8.773,46.642],[8.782,46.646],[8.785,46.649],[8.785,46.653],[8.788,46.657],[8.794,46.658],[8.796,46.655],[8.794,46.651],[8.797,46.648],[8.804,46.647],[8.807,46.645],[8.813,46.65],[8.812,46.655],[8.814,46.658],[8.817,46.653],[8.82,46.654],[8.827,46.65],[8.819,46.646],[8.819,46.641],[8.813,46.639],[8.81,46.636],[8.809,46.635],[8.81,46.632],[8.802,46.63],[8.807,46.624],[8.805,46.621],[8.807,46.619],[8.803,46.617],[8.808,46.612],[8.801,46.606],[8.793,46.605],[8.791,46.603],[8.79,46.601],[8.794,46.597],[8.791,46.59],[8.786,46.587],[8.779,46.586],[8.776,46.588],[8.772,46.588],[8.77,46.586],[8.775,46.583],[8.779,46.583],[8.785,46.579],[8.779,46.575],[8.776,46.57],[8.773,46.57],[8.774,46.565],[8.772,46.563],[8.782,46.567],[8.789,46.568],[8.791,46.548],[8.795,46.549],[8.796,46.547],[8.795,46.544],[8.792,46.543],[8.794,46.54],[8.798,46.541],[8.804,46.538],[8.797,46.536],[8.804,46.534],[8.805,46.531],[8.807,46.53],[8.82,46.53],[8.823,46.527],[8.825,46.527],[8.823,46.524],[8.827,46.523],[8.83,46.525],[8.835,46.522],[8.839,46.517],[8.843,46.515],[8.846,46.516],[8.849,46.512],[8.856,46.511],[8.865,46.506],[8.889,46.506],[8.872,46.5],[8.871,46.495],[8.868,46.492],[8.864,46.492],[8.863,46.497],[8.859,46.502],[8.852,46.506],[8.849,46.506],[8.83,46.514],[8.814,46.513],[8.813,46.515],[8.81,46.514],[8.804,46.518],[8.797,46.52],[8.791,46.52],[8.784,46.515],[8.774,46.519],[8.765,46.517],[8.759,46.518],[8.755,46.522],[8.752,46.521],[8.745,46.524],[8.743,46.528],[8.74,46.53],[8.726,46.533],[8.719,46.532],[8.71,46.535],[8.706,46.534],[8.696,46.539],[8.707,46.542],[8.714,46.541],[8.712,46.546],[8.708,46.548],[8.717,46.551],[8.723,46.547],[8.736,46.545],[8.746,46.545],[8.754,46.548],[8.755,46.55],[8.752,46.552],[8.746,46.552],[8.739,46.55],[8.734,46.552],[8.733,46.554],[8.723,46.556],[8.717,46.56],[8.704,46.559],[8.69,46.549],[8.684,46.549],[8.671,46.544],[8.667,46.542],[8.664,46.538],[8.656,46.544],[8.664,46.546],[8.664,46.549],[8.659,46.553],[8.662,46.555],[8.662,46.558],[8.674,46.564],[8.676,46.567],[8.675,46.573],[8.671,46.569],[8.66,46.569],[8.652,46.564],[8.643,46.565],[8.642,46.56],[8.638,46.561],[8.638,46.558],[8.625,46.557],[8.622,46.553],[8.609,46.548],[8.606,46.549],[8.599,46.547],[8.6,46.545],[8.589,46.546],[8.588,46.547],[8.589,46.549],[8.586,46.551],[8.583,46.548],[8.576,46.548],[8.567,46.549],[8.567,46.553],[8.561,46.552],[8.559,46.55],[8.56,46.547],[8.569,46.541],[8.571,46.538],[8.566,46.538],[8.56,46.533],[8.547,46.533],[8.537,46.529],[8.534,46.531],[8.53,46.531],[8.527,46.527],[8.524,46.526],[8.514,46.527],[8.51,46.519],[8.504,46.52],[8.501,46.519],[8.497,46.517],[8.498,46.514],[8.496,46.512],[8.491,46.511],[8.488,46.513],[8.471,46.502],[8.468,46.498],[8.465,46.5],[8.459,46.497],[8.463,46.494],[8.461,46.494],[8.454,46.486],[8.45,46.486],[8.449,46.481],[8.441,46.477],[8.435,46.478],[8.431,46.477],[8.438,46.474],[8.441,46.475],[8.453,46.474],[8.461,46.478],[8.467,46.478],[8.471,46.48],[8.477,46.479],[8.48,46.484],[8.49,46.488],[8.494,46.486],[8.497,46.489],[8.507,46.484],[8.51,46.485],[8.511,46.487],[8.508,46.492],[8.517,46.497],[8.52,46.495],[8.523,46.496],[8.523,46.498],[8.526,46.5],[8.53,46.5],[8.533,46.502],[8.539,46.498],[8.539,46.496],[8.543,46.495],[8.546,46.497],[8.551,46.496],[8.55,46.505],[8.553,46.507],[8.559,46.504],[8.572,46.504],[8.573,46.505],[8.572,46.507],[8.575,46.511],[8.578,46.509],[8.585,46.508],[8.589,46.512],[8.598,46.512],[8.601,46.509],[8.605,46.508],[8.615,46.512],[8.617,46.506],[8.621,46.503],[8.624,46.503],[8.627,46.499],[8.634,46.499],[8.637,46.502],[8.644,46.497],[8.647,46.498],[8.653,46.494],[8.657,46.498],[8.663,46.494],[8.664,46.497],[8.667,46.499],[8.676,46.496],[8.679,46.489],[8.689,46.492],[8.696,46.491],[8.699,46.493],[8.706,46.492],[8.708,46.49],[8.708,46.487],[8.702,46.483],[8.703,46.481],[8.714,46.476],[8.724,46.475],[8.727,46.469],[8.726,46.467],[8.731,46.466],[8.732,46.462],[8.737,46.46],[8.731,46.459],[8.727,46.461],[8.731,46.456],[8.727,46.454],[8.721,46.454],[8.725,46.449],[8.727,46.449],[8.733,46.444],[8.743,46.441],[8.746,46.438],[8.753,46.438],[8.759,46.442],[8.769,46.44],[8.782,46.442],[8.786,46.444],[8.789,46.439],[8.795,46.439],[8.797,46.437],[8.788,46.427],[8.772,46.425],[8.769,46.42],[8.759,46.42],[8.755,46.417],[8.756,46.414],[8.764,46.413],[8.765,46.408],[8.778,46.404],[8.779,46.403],[8.776,46.401],[8.778,46.4],[8.781,46.402],[8.788,46.402],[8.791,46.404],[8.792,46.403],[8.788,46.395],[8.781,46.395],[8.778,46.398],[8.775,46.396],[8.771,46.398],[8.768,46.395],[8.765,46.396],[8.762,46.4],[8.749,46.398],[8.744,46.402],[8.739,46.403],[8.738,46.399],[8.734,46.397],[8.732,46.394],[8.732,46.39],[8.735,46.385],[8.737,46.386],[8.736,46.388],[8.739,46.39],[8.74,46.384],[8.752,46.381],[8.761,46.373],[8.764,46.375],[8.768,46.373],[8.771,46.374],[8.767,46.377],[8.773,46.377],[8.777,46.374],[8.771,46.369],[8.764,46.369],[8.755,46.372],[8.748,46.371],[8.745,46.373],[8.742,46.371],[8.733,46.375],[8.73,46.375],[8.729,46.373],[8.712,46.382],[8.724,46.388],[8.724,46.391],[8.713,46.395],[8.713,46.399],[8.715,46.397],[8.726,46.398],[8.73,46.402],[8.726,46.405],[8.721,46.406],[8.723,46.408],[8.734,46.406],[8.732,46.408],[8.737,46.411],[8.729,46.415],[8.727,46.425],[8.723,46.424],[8.72,46.426],[8.714,46.425],[8.706,46.427],[8.702,46.425],[8.701,46.42],[8.697,46.419],[8.694,46.416],[8.687,46.415],[8.681,46.418],[8.689,46.42],[8.69,46.422],[8.686,46.429],[8.688,46.431],[8.698,46.434],[8.689,46.436],[8.687,46.44],[8.688,46.443],[8.685,46.443],[8.682,46.447],[8.682,46.45],[8.688,46.457],[8.702,46.456],[8.698,46.461],[8.694,46.463],[8.7,46.467],[8.701,46.47],[8.695,46.469],[8.689,46.471],[8.679,46.468],[8.672,46.472],[8.669,46.472],[8.666,46.47],[8.662,46.472],[8.664,46.477],[8.663,46.479],[8.659,46.48],[8.656,46.476],[8.653,46.48],[8.646,46.484],[8.64,46.486],[8.633,46.486],[8.628,46.488],[8.621,46.494],[8.608,46.496],[8.604,46.498],[8.603,46.495],[8.601,46.494],[8.591,46.492],[8.588,46.493],[8.586,46.489],[8.591,46.488],[8.594,46.483],[8.598,46.485],[8.604,46.485],[8.613,46.482],[8.609,46.48],[8.609,46.475],[8.611,46.474],[8.617,46.479],[8.62,46.477],[8.627,46.476],[8.627,46.473],[8.625,46.473],[8.624,46.47],[8.621,46.468],[8.623,46.463],[8.633,46.468],[8.636,46.466],[8.636,46.462],[8.644,46.461],[8.643,46.458],[8.639,46.455],[8.643,46.452],[8.642,46.45],[8.639,46.448],[8.629,46.448],[8.631,46.446],[8.629,46.443],[8.633,46.439],[8.631,46.434],[8.637,46.432],[8.636,46.429],[8.632,46.427],[8.626,46.428],[8.619,46.435],[8.613,46.435],[8.608,46.437],[8.611,46.441],[8.607,46.444],[8.611,46.448],[8.611,46.45],[8.607,46.452],[8.604,46.456],[8.6,46.456],[8.591,46.461],[8.581,46.459],[8.578,46.454],[8.572,46.451],[8.572,46.448],[8.587,46.45],[8.589,46.448],[8.586,46.446],[8.584,46.44],[8.567,46.436],[8.567,46.434],[8.577,46.431],[8.577,46.428],[8.582,46.426],[8.58,46.423],[8.58,46.419],[8.575,46.417],[8.576,46.41],[8.581,46.41],[8.583,46.408],[8.59,46.406],[8.588,46.403],[8.584,46.401],[8.586,46.399],[8.596,46.395],[8.602,46.396],[8.606,46.394],[8.61,46.399],[8.615,46.399],[8.617,46.396],[8.612,46.394],[8.619,46.389],[8.618,46.387],[8.625,46.387],[8.628,46.385],[8.625,46.383],[8.624,46.38],[8.618,46.379],[8.605,46.385],[8.603,46.383],[8.598,46.383],[8.597,46.381],[8.592,46.38],[8.583,46.385],[8.581,46.388],[8.571,46.39],[8.569,46.392],[8.571,46.394],[8.572,46.399],[8.58,46.401],[8.573,46.403],[8.567,46.409],[8.557,46.408],[8.552,46.413],[8.555,46.417],[8.55,46.422],[8.545,46.424],[8.541,46.423],[8.534,46.426],[8.537,46.431],[8.535,46.434],[8.519,46.439],[8.512,46.444],[8.509,46.444],[8.508,46.438],[8.511,46.436],[8.51,46.433],[8.514,46.431],[8.505,46.425],[8.504,46.422],[8.501,46.42],[8.499,46.413],[8.492,46.412],[8.49,46.409],[8.494,46.406],[8.492,46.404],[8.495,46.398],[8.502,46.4],[8.514,46.4],[8.51,46.393],[8.517,46.39],[8.505,46.386],[8.507,46.382],[8.503,46.379],[8.513,46.377],[8.51,46.375],[8.511,46.372],[8.508,46.371],[8.504,46.375],[8.495,46.38],[8.491,46.379],[8.487,46.377],[8.494,46.373],[8.488,46.37],[8.487,46.366],[8.481,46.365],[8.478,46.362],[8.476,46.362],[8.478,46.36],[8.481,46.36],[8.485,46.354],[8.488,46.354],[8.493,46.35],[8.501,46.347],[8.507,46.349],[8.51,46.346],[8.52,46.347],[8.527,46.344],[8.528,46.345],[8.524,46.348],[8.527,46.35],[8.533,46.348],[8.539,46.35],[8.538,46.352],[8.54,46.353],[8.546,46.351],[8.549,46.342],[8.552,46.343],[8.562,46.342],[8.565,46.336],[8.57,46.334],[8.565,46.331],[8.562,46.33],[8.559,46.331],[8.559,46.334],[8.556,46.336],[8.543,46.339],[8.533,46.336],[8.527,46.332],[8.507,46.335],[8.494,46.331],[8.482,46.335],[8.474,46.329],[8.468,46.327],[8.461,46.328],[8.466,46.321],[8.461,46.317],[8.458,46.31],[8.455,46.308],[8.461,46.304],[8.471,46.307],[8.477,46.305],[8.461,46.299],[8.457,46.293],[8.454,46.295],[8.454,46.297],[8.448,46.298],[8.443,46.297],[8.443,46.294],[8.435,46.29],[8.431,46.293],[8.429,46.297],[8.426,46.299],[8.432,46.303],[8.435,46.303],[8.436,46.306],[8.44,46.308],[8.442,46.315],[8.446,46.317],[8.446,46.319],[8.449,46.321],[8.451,46.325],[8.457,46.328],[8.456,46.33],[8.459,46.333],[8.46,46.339],[8.462,46.34],[8.463,46.353],[8.46,46.355],[8.466,46.362],[8.466,46.368],[8.463,46.371],[8.463,46.38],[8.46,46.382],[8.46,46.391],[8.467,46.395],[8.467,46.398],[8.463,46.4],[8.463,46.409],[8.467,46.411],[8.467,46.413],[8.46,46.418],[8.46,46.421],[8.457,46.423],[8.457,46.428],[8.454,46.429],[8.454,46.438],[8.458,46.441],[8.458,46.445],[8.461,46.447],[8.461,46.449],[8.455,46.454],[8.454,46.457],[8.445,46.463],[8.441,46.464],[8.435,46.464],[8.431,46.461],[8.405,46.459],[8.395,46.453],[8.392,46.453],[8.389,46.45],[8.366,46.451],[8.353,46.442],[8.346,46.44],[8.33,46.428],[8.326,46.428],[8.317,46.424],[8.307,46.424],[8.303,46.422],[8.303,46.419],[8.296,46.415],[8.297,46.413],[8.293,46.41],[8.293,46.408],[8.303,46.408],[8.313,46.403],[8.313,46.399],[8.316,46.397],[8.315,46.381],[8.306,46.375],[8.303,46.375],[8.296,46.37],[8.293,46.37],[8.283,46.364],[8.267,46.366],[8.264,46.364],[8.26,46.361],[8.26,46.354],[8.263,46.352],[8.263,46.348],[8.26,46.346],[8.251,46.346],[8.25,46.343],[8.244,46.339],[8.231,46.339],[8.227,46.337],[8.227,46.334],[8.221,46.33],[8.221,46.325],[8.217,46.323],[8.217,46.319],[8.214,46.317],[8.213,46.314],[8.214,46.31],[8.211,46.308],[8.207,46.308],[8.178,46.297],[8.171,46.297],[8.169,46.295],[8.152,46.297],[8.149,46.299],[8.143,46.299],[8.14,46.302],[8.136,46.302],[8.13,46.297],[8.123,46.295],[8.123,46.292],[8.113,46.283],[8.094,46.27],[8.087,46.266],[8.083,46.266],[8.08,46.263],[8.08,46.261],[8.087,46.256],[8.097,46.256],[8.103,46.252],[8.106,46.252],[8.109,46.25],[8.109,46.247],[8.113,46.245],[8.113,46.24],[8.128,46.229],[8.139,46.227],[8.141,46.225],[8.14,46.22],[8.135,46.216],[8.122,46.217],[8.116,46.222],[8.113,46.22],[8.106,46.219],[8.103,46.221],[8.096,46.22],[8.094,46.223],[8.092,46.223],[8.09,46.221],[8.089,46.216],[8.093,46.212],[8.098,46.212],[8.096,46.209],[8.092,46.203],[8.092,46.2],[8.09,46.199],[8.06,46.214],[8.061,46.217],[8.055,46.223],[8.056,46.228],[8.059,46.23],[8.056,46.23],[8.051,46.227],[8.041,46.233],[8.025,46.232],[8.022,46.234],[8.029,46.244],[8.032,46.244],[8.037,46.248],[8.036,46.25],[8.038,46.252],[8.048,46.25],[8.057,46.254],[8.057,46.257],[8.054,46.259],[8.057,46.261],[8.048,46.266],[8.047,46.268],[8.051,46.275],[8.065,46.278],[8.065,46.284],[8.063,46.286],[8.068,46.287],[8.071,46.284],[8.081,46.289],[8.087,46.284],[8.091,46.288],[8.092,46.293],[8.087,46.297],[8.098,46.306],[8.097,46.307],[8.081,46.303],[8.075,46.308],[8.081,46.314],[8.084,46.315],[8.081,46.316],[8.068,46.317],[8.065,46.312],[8.058,46.313],[8.063,46.317],[8.062,46.32],[8.055,46.324],[8.055,46.328],[8.062,46.327],[8.065,46.33],[8.068,46.328],[8.071,46.331],[8.072,46.341],[8.078,46.338],[8.084,46.338],[8.087,46.342],[8.084,46.349],[8.088,46.35],[8.091,46.348],[8.095,46.348],[8.098,46.354],[8.104,46.35],[8.117,46.348],[8.122,46.36],[8.131,46.361],[8.137,46.364],[8.144,46.364],[8.148,46.362],[8.145,46.36],[8.145,46.357],[8.153,46.357],[8.155,46.355],[8.153,46.351],[8.14,46.35],[8.132,46.342],[8.13,46.337],[8.124,46.333],[8.13,46.332],[8.14,46.335],[8.147,46.34],[8.153,46.341],[8.158,46.339],[8.159,46.337],[8.151,46.328],[8.159,46.33],[8.169,46.329],[8.172,46.33],[8.173,46.333],[8.179,46.335],[8.184,46.332],[8.185,46.328],[8.195,46.327],[8.197,46.332],[8.194,46.335],[8.193,46.339],[8.206,46.344],[8.19,46.348],[8.199,46.359],[8.202,46.358],[8.209,46.361],[8.213,46.357],[8.218,46.356],[8.219,46.359],[8.227,46.361],[8.228,46.366],[8.235,46.37],[8.238,46.37],[8.24,46.373],[8.248,46.374],[8.263,46.379],[8.262,46.381],[8.254,46.383],[8.222,46.38],[8.22,46.382],[8.229,46.391],[8.228,46.392],[8.225,46.389],[8.222,46.39],[8.219,46.388],[8.206,46.387],[8.189,46.382],[8.18,46.384],[8.178,46.389],[8.189,46.389],[8.193,46.392],[8.209,46.397],[8.226,46.406],[8.228,46.409],[8.225,46.41],[8.216,46.408],[8.193,46.401],[8.186,46.402],[8.182,46.407],[8.19,46.409],[8.19,46.412],[8.196,46.412],[8.2,46.418],[8.206,46.417],[8.209,46.42],[8.209,46.425],[8.213,46.423],[8.219,46.424],[8.219,46.431],[8.226,46.431],[8.229,46.433],[8.229,46.436],[8.232,46.439],[8.236,46.437],[8.245,46.438],[8.248,46.44],[8.243,46.444],[8.249,46.449],[8.252,46.449],[8.262,46.441],[8.264,46.435],[8.268,46.432],[8.278,46.428],[8.284,46.429],[8.288,46.427],[8.288,46.433],[8.293,46.435],[8.286,46.437],[8.288,46.438],[8.289,46.442],[8.278,46.45],[8.273,46.456],[8.275,46.458],[8.282,46.46],[8.282,46.463],[8.277,46.469],[8.285,46.471],[8.295,46.462],[8.304,46.46],[8.306,46.462],[8.306,46.467],[8.297,46.476],[8.295,46.48],[8.3,46.482],[8.301,46.485],[8.309,46.484],[8.313,46.489],[8.321,46.494],[8.324,46.495],[8.331,46.491],[8.335,46.493],[8.337,46.496],[8.344,46.494],[8.35,46.489],[8.35,46.486],[8.354,46.486],[8.36,46.481],[8.364,46.48],[8.366,46.476],[8.373,46.476],[8.374,46.482],[8.372,46.486],[8.374,46.488],[8.367,46.493],[8.369,46.495],[8.367,46.497],[8.362,46.498],[8.362,46.5],[8.354,46.502],[8.351,46.505],[8.344,46.507],[8.342,46.509],[8.344,46.511],[8.351,46.513],[8.352,46.518],[8.357,46.518],[8.361,46.524],[8.388,46.515],[8.392,46.515],[8.392,46.518],[8.388,46.522],[8.393,46.523],[8.412,46.515],[8.425,46.515],[8.424,46.52],[8.419,46.524],[8.416,46.524],[8.416,46.53],[8.406,46.53],[8.397,46.534],[8.394,46.54],[8.39,46.542],[8.387,46.541],[8.377,46.544],[8.376,46.551],[8.382,46.556],[8.381,46.558],[8.371,46.556],[8.358,46.56],[8.387,46.572],[8.398,46.574],[8.404,46.572],[8.406,46.574],[8.381,46.579],[8.371,46.579],[8.357,46.572],[8.355,46.567],[8.348,46.565],[8.347,46.563],[8.348,46.559],[8.351,46.556],[8.351,46.554],[8.345,46.548],[8.335,46.546],[8.332,46.543],[8.328,46.543],[8.322,46.536],[8.319,46.535],[8.315,46.535],[8.309,46.539],[8.299,46.539],[8.299,46.535],[8.302,46.536],[8.309,46.532],[8.31,46.529],[8.309,46.527],[8.302,46.526],[8.299,46.528],[8.287,46.53],[8.285,46.527],[8.286,46.525],[8.283,46.524],[8.279,46.526],[8.276,46.523],[8.278,46.521],[8.278,46.516],[8.276,46.514],[8.267,46.519],[8.26,46.52],[8.26,46.514],[8.263,46.51],[8.263,46.506],[8.258,46.507],[8.25,46.512],[8.247,46.516],[8.242,46.519],[8.242,46.521],[8.237,46.523],[8.227,46.522],[8.226,46.519],[8.229,46.517],[8.23,46.512],[8.238,46.505],[8.242,46.496],[8.227,46.488],[8.214,46.498],[8.213,46.496],[8.214,46.492],[8.207,46.494],[8.209,46.492],[8.208,46.487],[8.214,46.481],[8.214,46.478],[8.211,46.476],[8.207,46.476],[8.204,46.48],[8.187,46.488],[8.185,46.485],[8.185,46.481],[8.191,46.474],[8.191,46.471],[8.189,46.47],[8.192,46.467],[8.185,46.465],[8.186,46.461],[8.184,46.459],[8.181,46.461],[8.174,46.462],[8.173,46.458],[8.177,46.454],[8.167,46.448],[8.161,46.449],[8.156,46.452],[8.155,46.456],[8.15,46.456],[8.147,46.459],[8.147,46.461],[8.135,46.468],[8.142,46.474],[8.14,46.477],[8.14,46.481],[8.143,46.483],[8.143,46.486],[8.142,46.487],[8.138,46.486],[8.139,46.483],[8.137,46.479],[8.121,46.475],[8.118,46.466],[8.122,46.459],[8.116,46.452],[8.121,46.448],[8.121,46.445],[8.111,46.436],[8.115,46.435],[8.117,46.432],[8.107,46.427],[8.106,46.421],[8.095,46.415],[8.092,46.409],[8.089,46.407],[8.082,46.41],[8.081,46.414],[8.083,46.416],[8.082,46.418],[8.082,46.416],[8.073,46.408],[8.066,46.406],[8.063,46.407],[8.066,46.41],[8.065,46.416],[8.068,46.421],[8.069,46.428],[8.055,46.434],[8.058,46.439],[8.066,46.443],[8.06,46.447],[8.047,46.451],[8.046,46.45],[8.047,46.448],[8.051,46.446],[8.05,46.443],[8.053,46.441],[8.053,46.439],[8.042,46.43],[8.044,46.427],[8.047,46.428],[8.049,46.423],[8.044,46.422],[8.037,46.424],[8.034,46.416],[8.03,46.415],[8.028,46.412],[8.024,46.41],[8.014,46.411],[8.008,46.415],[8.004,46.415],[8.001,46.418],[7.991,46.422],[7.985,46.422],[7.984,46.424],[7.979,46.425],[7.978,46.423],[7.995,46.416],[7.999,46.408],[7.998,46.405],[7.99,46.406],[7.988,46.404],[7.99,46.397],[7.987,46.392],[7.987,46.388],[7.989,46.385],[7.975,46.381],[7.972,46.377],[7.968,46.378],[7.957,46.385],[7.955,46.39],[7.955,46.383],[7.957,46.381],[7.951,46.372],[7.952,46.368],[7.951,46.363],[7.956,46.347],[7.955,46.345],[7.95,46.347],[7.951,46.349],[7.948,46.354],[7.947,46.361],[7.944,46.363],[7.944,46.368],[7.941,46.37],[7.937,46.377],[7.933,46.379],[7.937,46.381],[7.937,46.383],[7.926,46.392],[7.925,46.39],[7.927,46.388],[7.926,46.385],[7.916,46.394],[7.915,46.39],[7.921,46.379],[7.92,46.376],[7.916,46.378],[7.914,46.377],[7.916,46.374],[7.92,46.372],[7.916,46.368],[7.924,46.363],[7.921,46.361],[7.923,46.358],[7.918,46.354],[7.919,46.352],[7.918,46.35],[7.919,46.348],[7.922,46.347],[7.918,46.345],[7.924,46.343],[7.919,46.34],[7.906,46.343],[7.903,46.345],[7.906,46.347],[7.905,46.35],[7.907,46.352],[7.906,46.354],[7.9,46.356],[7.9,46.361],[7.888,46.365],[7.889,46.368],[7.886,46.37],[7.891,46.377],[7.887,46.377],[7.887,46.382],[7.884,46.379],[7.88,46.379],[7.877,46.382],[7.874,46.376],[7.862,46.37],[7.864,46.366],[7.857,46.363],[7.857,46.361],[7.865,46.357],[7.864,46.355],[7.861,46.354],[7.863,46.352],[7.862,46.348],[7.865,46.345],[7.861,46.338],[7.857,46.343],[7.846,46.348],[7.848,46.35],[7.845,46.352],[7.845,46.354],[7.851,46.357],[7.843,46.359],[7.847,46.363],[7.846,46.366],[7.841,46.367],[7.838,46.37],[7.838,46.372],[7.835,46.373],[7.832,46.373],[7.83,46.37],[7.825,46.368],[7.826,46.363],[7.822,46.36],[7.819,46.36],[7.812,46.356],[7.805,46.359],[7.807,46.357],[7.806,46.353],[7.798,46.359],[7.796,46.366],[7.794,46.361],[7.797,46.352],[7.793,46.346],[7.786,46.354],[7.783,46.353],[7.783,46.357],[7.776,46.359],[7.776,46.363],[7.781,46.366],[7.783,46.37],[7.772,46.373],[7.773,46.383],[7.783,46.384],[7.784,46.386],[7.782,46.388],[7.783,46.39],[7.79,46.388],[7.793,46.393],[7.796,46.391],[7.801,46.393],[7.801,46.395],[7.803,46.396],[7.809,46.397],[7.809,46.4],[7.807,46.402],[7.812,46.404],[7.816,46.403],[7.82,46.406],[7.822,46.41],[7.829,46.409],[7.83,46.411],[7.827,46.413],[7.829,46.416],[7.839,46.418],[7.845,46.423],[7.852,46.426],[7.858,46.426],[7.871,46.434],[7.897,46.444],[7.897,46.447],[7.901,46.448],[7.898,46.451],[7.892,46.451],[7.891,46.454],[7.881,46.452],[7.878,46.45],[7.871,46.45],[7.868,46.448],[7.858,46.453],[7.856,46.447],[7.852,46.443],[7.845,46.448],[7.836,46.447],[7.831,46.449],[7.834,46.447],[7.835,46.444],[7.841,46.44],[7.832,46.44],[7.822,46.436],[7.816,46.442],[7.81,46.445],[7.806,46.445],[7.805,46.442],[7.81,46.433],[7.806,46.43],[7.793,46.425],[7.79,46.427],[7.78,46.422],[7.777,46.423],[7.774,46.422],[7.773,46.418],[7.767,46.415],[7.765,46.418],[7.763,46.418],[7.763,46.415],[7.754,46.414],[7.751,46.41],[7.748,46.412],[7.738,46.409],[7.733,46.404],[7.738,46.404],[7.74,46.402],[7.738,46.399],[7.734,46.398],[7.731,46.393],[7.739,46.391],[7.738,46.388],[7.732,46.384],[7.733,46.379],[7.736,46.377],[7.735,46.37],[7.738,46.364],[7.728,46.347],[7.724,46.349],[7.715,46.345],[7.705,46.343],[7.702,46.346],[7.692,46.347],[7.69,46.348],[7.688,46.353],[7.685,46.354],[7.688,46.359],[7.687,46.362],[7.685,46.362],[7.684,46.359],[7.675,46.353],[7.678,46.35],[7.676,46.347],[7.669,46.347],[7.661,46.35],[7.66,46.358],[7.649,46.362],[7.652,46.368],[7.65,46.37],[7.642,46.368],[7.642,46.373],[7.65,46.38],[7.656,46.384],[7.663,46.386],[7.666,46.389],[7.664,46.398],[7.665,46.4],[7.673,46.404],[7.675,46.407],[7.663,46.408],[7.653,46.406],[7.647,46.402],[7.637,46.403],[7.617,46.4],[7.609,46.395],[7.607,46.389],[7.609,46.386],[7.604,46.383],[7.603,46.38],[7.597,46.378],[7.598,46.375],[7.591,46.373],[7.587,46.369],[7.59,46.364],[7.594,46.362],[7.591,46.36],[7.591,46.357],[7.593,46.355],[7.592,46.353],[7.594,46.348],[7.591,46.347],[7.585,46.349],[7.578,46.345],[7.575,46.345],[7.57,46.348],[7.569,46.351],[7.565,46.352],[7.563,46.355],[7.533,46.358],[7.531,46.355],[7.535,46.351],[7.53,46.347],[7.526,46.349],[7.513,46.344],[7.501,46.351],[7.5,46.353],[7.499,46.348],[7.503,46.344],[7.5,46.342],[7.484,46.341],[7.48,46.337],[7.483,46.335],[7.481,46.33],[7.478,46.332],[7.474,46.332],[7.47,46.33],[7.465,46.33],[7.474,46.339],[7.474,46.342],[7.478,46.345],[7.479,46.348],[7.478,46.351],[7.48,46.353],[7.478,46.356],[7.468,46.356],[7.461,46.348],[7.46,46.353],[7.452,46.357],[7.442,46.358],[7.429,46.363],[7.419,46.362],[7.414,46.364],[7.408,46.364],[7.407,46.362],[7.409,46.357],[7.419,46.35],[7.422,46.35],[7.428,46.346],[7.426,46.343],[7.422,46.342],[7.413,46.347],[7.407,46.346],[7.401,46.342],[7.399,46.339],[7.403,46.338],[7.409,46.342],[7.414,46.342],[7.419,46.34],[7.421,46.337],[7.419,46.335],[7.42,46.333],[7.418,46.328],[7.406,46.324],[7.403,46.318],[7.396,46.317],[7.383,46.311],[7.374,46.321],[7.364,46.319],[7.365,46.315],[7.358,46.31],[7.362,46.306],[7.361,46.303],[7.354,46.305],[7.352,46.303],[7.353,46.299],[7.351,46.298],[7.35,46.301],[7.342,46.303],[7.346,46.306],[7.345,46.308],[7.349,46.31],[7.346,46.312],[7.345,46.318],[7.338,46.316],[7.325,46.321],[7.319,46.319],[7.315,46.321],[7.313,46.324],[7.308,46.324],[7.306,46.322],[7.296,46.322],[7.292,46.319],[7.288,46.312],[7.295,46.308],[7.302,46.301],[7.304,46.301],[7.297,46.299],[7.297,46.294],[7.293,46.288],[7.286,46.287],[7.283,46.281],[7.277,46.281],[7.276,46.277],[7.28,46.276],[7.273,46.275],[7.267,46.279],[7.266,46.276],[7.27,46.272],[7.264,46.269],[7.262,46.27],[7.263,46.274],[7.256,46.283],[7.252,46.285],[7.251,46.292],[7.266,46.299],[7.267,46.301],[7.254,46.305],[7.236,46.305],[7.228,46.308],[7.214,46.308],[7.213,46.305],[7.214,46.303],[7.208,46.299],[7.204,46.299],[7.201,46.296],[7.205,46.29],[7.188,46.285],[7.199,46.285],[7.205,46.283],[7.204,46.278],[7.201,46.276],[7.204,46.272],[7.202,46.268],[7.205,46.267],[7.221,46.278],[7.223,46.276],[7.224,46.267],[7.222,46.265],[7.223,46.263],[7.218,46.259],[7.218,46.256],[7.221,46.254],[7.225,46.255],[7.226,46.254],[7.222,46.249],[7.229,46.245],[7.227,46.242],[7.214,46.238],[7.219,46.236],[7.215,46.234],[7.193,46.238],[7.187,46.238],[7.183,46.234],[7.17,46.234],[7.166,46.236],[7.161,46.231],[7.163,46.227],[7.16,46.225],[7.159,46.22],[7.154,46.217],[7.137,46.221],[7.134,46.218],[7.131,46.22],[7.139,46.213],[7.14,46.211],[7.137,46.208],[7.142,46.206],[7.14,46.202],[7.136,46.2],[7.148,46.197],[7.144,46.191],[7.141,46.196],[7.137,46.196],[7.136,46.193],[7.126,46.184],[7.125,46.18],[7.112,46.177],[7.112,46.172],[7.105,46.172],[7.102,46.174],[7.092,46.173],[7.089,46.169],[7.086,46.17],[7.086,46.166]],[[8.688,46.443],[8.697,46.445],[8.691,46.447],[8.688,46.443]],[[8.241,46.541],[8.262,46.543],[8.27,46.545],[8.274,46.548],[8.267,46.549],[8.25,46.544],[8.241,46.546],[8.247,46.543],[8.241,46.541]]],[[[8.68,46.668],[8.647,46.664],[8.639,46.661],[8.634,46.661],[8.628,46.657],[8.614,46.654],[8.607,46.655],[8.604,46.657],[8.608,46.661],[8.615,46.662],[8.615,46.667],[8.625,46.669],[8.626,46.673],[8.63,46.675],[8.628,46.679],[8.622,46.681],[8.618,46.68],[8.617,46.682],[8.622,46.685],[8.625,46.684],[8.622,46.686],[8.62,46.693],[8.626,46.7],[8.629,46.702],[8.642,46.704],[8.652,46.7],[8.65,46.697],[8.653,46.695],[8.654,46.688],[8.657,46.69],[8.657,46.693],[8.661,46.693],[8.665,46.699],[8.664,46.702],[8.673,46.708],[8.673,46.711],[8.663,46.715],[8.666,46.72],[8.675,46.721],[8.68,46.724],[8.661,46.726],[8.671,46.729],[8.672,46.731],[8.679,46.735],[8.67,46.738],[8.669,46.74],[8.669,46.742],[8.674,46.744],[8.675,46.749],[8.673,46.751],[8.675,46.753],[8.681,46.753],[8.686,46.755],[8.688,46.758],[8.69,46.755],[8.695,46.756],[8.697,46.753],[8.694,46.751],[8.695,46.745],[8.688,46.744],[8.69,46.742],[8.687,46.74],[8.688,46.739],[8.695,46.744],[8.695,46.742],[8.698,46.739],[8.703,46.737],[8.702,46.735],[8.704,46.731],[8.713,46.73],[8.712,46.726],[8.714,46.724],[8.717,46.726],[8.724,46.724],[8.727,46.728],[8.726,46.732],[8.729,46.735],[8.73,46.739],[8.729,46.744],[8.734,46.744],[8.741,46.749],[8.751,46.75],[8.752,46.752],[8.751,46.753],[8.745,46.755],[8.754,46.758],[8.758,46.762],[8.761,46.762],[8.763,46.764],[8.762,46.766],[8.764,46.767],[8.767,46.765],[8.773,46.766],[8.774,46.772],[8.777,46.771],[8.781,46.776],[8.797,46.776],[8.8,46.771],[8.803,46.772],[8.804,46.774],[8.807,46.774],[8.808,46.779],[8.81,46.781],[8.807,46.784],[8.798,46.786],[8.801,46.787],[8.799,46.79],[8.81,46.797],[8.808,46.799],[8.811,46.808],[8.821,46.81],[8.826,46.814],[8.811,46.814],[8.808,46.816],[8.806,46.81],[8.801,46.805],[8.797,46.806],[8.795,46.803],[8.788,46.8],[8.777,46.802],[8.775,46.799],[8.762,46.795],[8.757,46.795],[8.748,46.792],[8.745,46.789],[8.729,46.792],[8.723,46.798],[8.716,46.794],[8.706,46.794],[8.703,46.796],[8.708,46.798],[8.704,46.802],[8.707,46.805],[8.707,46.807],[8.711,46.809],[8.71,46.814],[8.72,46.816],[8.721,46.818],[8.713,46.82],[8.71,46.817],[8.706,46.817],[8.703,46.818],[8.703,46.821],[8.705,46.823],[8.699,46.823],[8.697,46.819],[8.695,46.821],[8.695,46.825],[8.7,46.829],[8.69,46.83],[8.685,46.832],[8.684,46.834],[8.68,46.832],[8.677,46.836],[8.687,46.837],[8.696,46.836],[8.704,46.839],[8.711,46.838],[8.715,46.843],[8.712,46.847],[8.712,46.85],[8.717,46.851],[8.722,46.849],[8.729,46.849],[8.733,46.85],[8.734,46.849],[8.73,46.845],[8.73,46.842],[8.732,46.838],[8.739,46.833],[8.733,46.832],[8.73,46.835],[8.727,46.835],[8.725,46.834],[8.724,46.831],[8.72,46.829],[8.718,46.829],[8.717,46.832],[8.713,46.831],[8.711,46.829],[8.713,46.827],[8.717,46.829],[8.717,46.827],[8.723,46.825],[8.733,46.823],[8.736,46.824],[8.749,46.817],[8.77,46.817],[8.775,46.818],[8.778,46.822],[8.775,46.823],[8.775,46.825],[8.787,46.831],[8.788,46.835],[8.785,46.837],[8.785,46.846],[8.783,46.849],[8.788,46.851],[8.789,46.854],[8.793,46.852],[8.796,46.856],[8.799,46.857],[8.802,46.853],[8.806,46.855],[8.809,46.854],[8.812,46.856],[8.816,46.855],[8.816,46.857],[8.819,46.858],[8.822,46.856],[8.83,46.857],[8.83,46.864],[8.828,46.866],[8.836,46.872],[8.845,46.868],[8.851,46.87],[8.85,46.873],[8.843,46.875],[8.843,46.877],[8.836,46.881],[8.826,46.882],[8.823,46.88],[8.816,46.88],[8.806,46.884],[8.793,46.885],[8.787,46.889],[8.777,46.89],[8.775,46.892],[8.767,46.894],[8.761,46.895],[8.757,46.893],[8.748,46.897],[8.744,46.897],[8.742,46.899],[8.731,46.9],[8.719,46.914],[8.689,46.917],[8.686,46.922],[8.689,46.924],[8.695,46.924],[8.694,46.931],[8.696,46.933],[8.7,46.933],[8.7,46.94],[8.709,46.942],[8.713,46.945],[8.726,46.947],[8.733,46.95],[8.736,46.949],[8.741,46.95],[8.742,46.952],[8.746,46.953],[8.759,46.953],[8.754,46.941],[8.738,46.932],[8.732,46.931],[8.725,46.927],[8.722,46.924],[8.722,46.921],[8.725,46.923],[8.735,46.925],[8.748,46.924],[8.751,46.928],[8.755,46.928],[8.756,46.923],[8.752,46.919],[8.742,46.918],[8.728,46.912],[8.731,46.91],[8.748,46.911],[8.751,46.909],[8.768,46.905],[8.766,46.907],[8.769,46.91],[8.764,46.912],[8.768,46.918],[8.781,46.923],[8.788,46.924],[8.788,46.926],[8.78,46.93],[8.788,46.931],[8.791,46.929],[8.798,46.934],[8.811,46.937],[8.813,46.936],[8.811,46.931],[8.804,46.929],[8.804,46.923],[8.811,46.925],[8.817,46.93],[8.821,46.929],[8.819,46.927],[8.822,46.925],[8.824,46.92],[8.829,46.916],[8.827,46.914],[8.824,46.914],[8.827,46.913],[8.827,46.909],[8.814,46.906],[8.812,46.907],[8.814,46.908],[8.814,46.912],[8.81,46.909],[8.807,46.91],[8.801,46.907],[8.803,46.902],[8.807,46.902],[8.809,46.9],[8.809,46.898],[8.806,46.896],[8.807,46.891],[8.816,46.898],[8.823,46.9],[8.833,46.899],[8.838,46.902],[8.841,46.902],[8.843,46.9],[8.845,46.897],[8.843,46.895],[8.846,46.897],[8.863,46.897],[8.863,46.9],[8.857,46.904],[8.855,46.909],[8.86,46.908],[8.866,46.912],[8.872,46.913],[8.873,46.917],[8.87,46.921],[8.854,46.927],[8.863,46.931],[8.863,46.933],[8.856,46.94],[8.862,46.947],[8.868,46.951],[8.855,46.954],[8.871,46.958],[8.874,46.961],[8.885,46.962],[8.894,46.966],[8.894,46.968],[8.887,46.967],[8.884,46.969],[8.874,46.969],[8.869,46.971],[8.868,46.973],[8.861,46.975],[8.862,46.98],[8.867,46.983],[8.867,46.987],[8.865,46.99],[8.872,46.996],[8.875,47.007],[8.879,47.01],[8.889,47.01],[8.905,47.016],[8.908,47.011],[8.918,47.002],[8.921,47.002],[8.928,46.998],[8.934,46.991],[8.948,46.988],[8.95,46.99],[8.954,46.99],[8.951,46.993],[8.961,46.998],[8.964,46.995],[8.967,46.997],[8.962,46.999],[8.967,47.006],[8.944,47.007],[8.939,47.013],[8.945,47.015],[8.954,47.014],[8.958,47.012],[8.968,47.014],[8.977,47.011],[8.98,47.013],[8.979,47.015],[8.984,47.018],[8.997,47.017],[9.001,47.019],[9.003,47.017],[9.014,47.016],[9.015,47.021],[9.017,47.023],[9.02,47.02],[9.024,47.02],[9.03,47.017],[9.026,47.012],[9.029,47.01],[9.029,47.008],[9.027,47.006],[9.02,47.006],[9.014,47.001],[9.007,47.0],[9.002,46.997],[9.006,46.994],[9.004,46.99],[9.005,46.981],[8.999,46.98],[8.986,46.981],[8.983,46.979],[8.98,46.982],[8.976,46.978],[8.956,46.973],[8.96,46.971],[8.969,46.97],[8.986,46.97],[8.996,46.966],[9.006,46.965],[8.999,46.962],[8.992,46.963],[8.986,46.959],[8.973,46.96],[8.966,46.957],[8.97,46.952],[8.966,46.951],[8.963,46.953],[8.962,46.95],[8.955,46.943],[8.955,46.939],[8.958,46.937],[8.959,46.934],[8.969,46.935],[8.968,46.93],[8.963,46.927],[8.949,46.926],[8.925,46.915],[8.92,46.915],[8.909,46.909],[8.902,46.908],[8.892,46.903],[8.886,46.902],[8.885,46.901],[8.889,46.899],[8.89,46.897],[8.889,46.896],[8.886,46.898],[8.875,46.895],[8.875,46.89],[8.877,46.886],[8.875,46.885],[8.872,46.886],[8.868,46.881],[8.862,46.88],[8.854,46.875],[8.855,46.873],[8.859,46.872],[8.868,46.874],[8.871,46.87],[8.87,46.866],[8.872,46.865],[8.877,46.868],[8.878,46.871],[8.881,46.869],[8.882,46.871],[8.88,46.872],[8.887,46.874],[8.895,46.88],[8.905,46.879],[8.928,46.887],[8.929,46.883],[8.922,46.876],[8.924,46.873],[8.928,46.876],[8.931,46.875],[8.937,46.878],[8.957,46.879],[8.959,46.878],[8.954,46.875],[8.951,46.877],[8.94,46.872],[8.939,46.869],[8.935,46.867],[8.96,46.866],[8.965,46.864],[8.957,46.864],[8.945,46.86],[8.946,46.853],[8.938,46.849],[8.937,46.845],[8.933,46.843],[8.927,46.844],[8.925,46.845],[8.927,46.847],[8.917,46.843],[8.913,46.843],[8.909,46.836],[8.91,46.835],[8.917,46.84],[8.933,46.839],[8.94,46.835],[8.95,46.833],[8.951,46.831],[8.948,46.829],[8.947,46.826],[8.952,46.825],[8.956,46.822],[8.965,46.821],[8.969,46.824],[8.969,46.826],[8.976,46.828],[8.974,46.831],[8.97,46.833],[8.974,46.835],[8.971,46.837],[8.974,46.84],[8.974,46.842],[8.97,46.846],[8.975,46.849],[8.975,46.851],[8.972,46.853],[8.976,46.857],[8.98,46.857],[8.979,46.86],[8.983,46.862],[8.986,46.856],[8.994,46.853],[8.986,46.851],[8.996,46.85],[8.998,46.848],[9.002,46.848],[9.007,46.844],[9.005,46.841],[9.008,46.839],[9.001,46.832],[9.003,46.828],[9.001,46.826],[9.003,46.823],[9.006,46.823],[9.015,46.828],[9.018,46.827],[9.019,46.828],[9.02,46.837],[9.022,46.838],[9.023,46.843],[9.02,46.846],[9.02,46.848],[9.022,46.852],[9.025,46.853],[9.012,46.855],[9.001,46.862],[9.003,46.866],[8.998,46.868],[8.999,46.871],[9.003,46.871],[9.005,46.873],[9.002,46.877],[9.003,46.879],[9.01,46.877],[9.015,46.88],[9.02,46.884],[9.017,46.886],[9.017,46.888],[9.027,46.894],[9.037,46.89],[9.033,46.888],[9.029,46.883],[9.029,46.88],[9.033,46.88],[9.035,46.884],[9.038,46.886],[9.049,46.887],[9.053,46.883],[9.053,46.891],[9.05,46.893],[9.061,46.895],[9.061,46.899],[9.064,46.901],[9.056,46.902],[9.053,46.904],[9.058,46.908],[9.057,46.912],[9.048,46.92],[9.041,46.924],[9.047,46.926],[9.058,46.924],[9.057,46.926],[9.06,46.927],[9.07,46.925],[9.074,46.931],[9.07,46.929],[9.069,46.93],[9.068,46.933],[9.07,46.935],[9.077,46.935],[9.077,46.938],[9.087,46.938],[9.092,46.941],[9.091,46.944],[9.094,46.945],[9.096,46.944],[9.096,46.941],[9.1,46.94],[9.103,46.942],[9.107,46.94],[9.109,46.941],[9.111,46.943],[9.108,46.948],[9.112,46.952],[9.11,46.955],[9.118,46.959],[9.117,46.962],[9.111,46.966],[9.114,46.968],[9.117,46.967],[9.121,46.968],[9.124,46.973],[9.129,46.972],[9.134,46.967],[9.137,46.968],[9.14,46.963],[9.13,46.962],[9.122,46.959],[9.123,46.952],[9.127,46.952],[9.129,46.95],[9.126,46.948],[9.124,46.943],[9.128,46.943],[9.133,46.948],[9.137,46.949],[9.143,46.947],[9.139,46.945],[9.142,46.941],[9.132,46.939],[9.133,46.937],[9.136,46.937],[9.137,46.934],[9.136,46.932],[9.133,46.935],[9.126,46.935],[9.119,46.928],[9.112,46.928],[9.106,46.926],[9.105,46.925],[9.113,46.919],[9.115,46.914],[9.11,46.912],[9.11,46.907],[9.105,46.907],[9.103,46.91],[9.093,46.91],[9.093,46.907],[9.1,46.903],[9.096,46.901],[9.09,46.901],[9.087,46.899],[9.086,46.893],[9.081,46.892],[9.082,46.89],[9.092,46.884],[9.098,46.886],[9.105,46.886],[9.108,46.884],[9.112,46.884],[9.113,46.88],[9.11,46.874],[9.111,46.872],[9.118,46.871],[9.121,46.868],[9.124,46.871],[9.131,46.871],[9.137,46.875],[9.138,46.876],[9.135,46.878],[9.138,46.88],[9.14,46.884],[9.138,46.887],[9.14,46.891],[9.148,46.891],[9.151,46.889],[9.152,46.891],[9.158,46.894],[9.158,46.901],[9.165,46.902],[9.169,46.9],[9.171,46.903],[9.175,46.904],[9.18,46.897],[9.191,46.898],[9.194,46.897],[9.194,46.899],[9.197,46.902],[9.207,46.903],[9.209,46.906],[9.209,46.908],[9.205,46.91],[9.201,46.915],[9.208,46.918],[9.22,46.917],[9.221,46.919],[9.215,46.922],[9.218,46.923],[9.2268363636,46.9210363636],[9.224,46.926],[9.238,46.928],[9.243,46.932],[9.242,46.935],[9.231,46.936],[9.222,46.942],[9.22,46.939],[9.221,46.937],[9.218,46.936],[9.216,46.94],[9.209,46.944],[9.209,46.946],[9.202,46.947],[9.202,46.944],[9.199,46.943],[9.195,46.944],[9.193,46.949],[9.189,46.951],[9.196,46.951],[9.202,46.954],[9.209,46.955],[9.216,46.96],[9.222,46.959],[9.23,46.964],[9.228,46.966],[9.234,46.969],[9.239,46.979],[9.243,46.978],[9.243,46.983],[9.236,46.983],[9.233,46.987],[9.236,46.989],[9.236,46.991],[9.233,46.993],[9.233,46.996],[9.231,46.998],[9.235,47.004],[9.234,47.006],[9.231,47.007],[9.234,47.008],[9.235,47.011],[9.232,47.014],[9.229,47.014],[9.227,47.012],[9.221,47.014],[9.219,47.011],[9.215,47.009],[9.209,46.994],[9.21,46.991],[9.209,46.985],[9.203,46.979],[9.199,46.983],[9.201,46.985],[9.2,46.986],[9.189,46.987],[9.193,46.989],[9.194,46.992],[9.187,46.991],[9.179,46.996],[9.184,47.003],[9.194,47.004],[9.195,47.01],[9.201,47.009],[9.205,47.014],[9.205,47.019],[9.2,47.021],[9.205,47.022],[9.205,47.025],[9.202,47.03],[9.197,47.028],[9.194,47.019],[9.185,47.015],[9.168,47.019],[9.169,47.024],[9.167,47.026],[9.165,47.027],[9.162,47.024],[9.156,47.029],[9.155,47.027],[9.157,47.026],[9.157,47.024],[9.155,47.02],[9.157,47.015],[9.155,47.013],[9.152,47.014],[9.148,47.013],[9.149,47.01],[9.145,47.01],[9.14,47.013],[9.139,47.016],[9.133,47.017],[9.129,47.021],[9.122,47.023],[9.124,47.026],[9.124,47.031],[9.122,47.035],[9.124,47.038],[9.12,47.042],[9.121,47.047],[9.12,47.048],[9.11,47.045],[9.105,47.049],[9.109,47.051],[9.111,47.058],[9.11,47.061],[9.134,47.066],[9.136,47.064],[9.132,47.062],[9.133,47.059],[9.137,47.055],[9.144,47.055],[9.151,47.057],[9.157,47.062],[9.167,47.065],[9.173,47.069],[9.177,47.07],[9.187,47.068],[9.182,47.059],[9.178,47.057],[9.176,47.052],[9.169,47.051],[9.166,47.048],[9.163,47.049],[9.153,47.045],[9.149,47.045],[9.146,47.042],[9.149,47.038],[9.153,47.037],[9.159,47.041],[9.166,47.041],[9.175,47.044],[9.179,47.043],[9.192,47.049],[9.201,47.048],[9.199,47.045],[9.205,47.047],[9.209,47.05],[9.208,47.054],[9.216,47.058],[9.216,47.06],[9.213,47.063],[9.213,47.068],[9.211,47.07],[9.211,47.075],[9.213,47.076],[9.215,47.075],[9.216,47.072],[9.22,47.072],[9.229,47.074],[9.233,47.077],[9.232,47.079],[9.233,47.08],[9.236,47.079],[9.233,47.076],[9.236,47.074],[9.232,47.072],[9.234,47.072],[9.239,47.076],[9.243,47.077],[9.253,47.077],[9.262,47.075],[9.269,47.077],[9.269,47.073],[9.261,47.072],[9.259,47.068],[9.242,47.065],[9.244,47.061],[9.231,47.05],[9.234,47.049],[9.241,47.054],[9.25,47.051],[9.251,47.049],[9.248,47.048],[9.246,47.045],[9.247,47.043],[9.251,47.038],[9.255,47.039],[9.26,47.036],[9.254,47.028],[9.257,47.021],[9.264,47.021],[9.267,47.023],[9.274,47.024],[9.277,47.023],[9.284,47.027],[9.293,47.028],[9.297,47.035],[9.296,47.039],[9.297,47.04],[9.301,47.039],[9.305,47.035],[9.3,47.032],[9.299,47.03],[9.3,47.026],[9.304,47.03],[9.307,47.028],[9.307,47.026],[9.317,47.025],[9.321,47.028],[9.323,47.032],[9.333,47.033],[9.34,47.032],[9.335,47.03],[9.335,47.028],[9.336,47.026],[9.34,47.025],[9.333,47.024],[9.33,47.026],[9.325,47.023],[9.326,47.021],[9.322,47.019],[9.323,47.018],[9.326,47.02],[9.328,47.016],[9.333,47.015],[9.333,47.012],[9.329,47.009],[9.323,47.013],[9.316,47.015],[9.313,47.014],[9.312,47.012],[9.313,47.01],[9.306,47.006],[9.293,47.01],[9.291,47.008],[9.292,47.006],[9.297,47.006],[9.298,47.003],[9.292,47.001],[9.297,46.997],[9.292,46.993],[9.289,46.993],[9.286,46.989],[9.283,46.991],[9.28,46.988],[9.269,46.989],[9.268,46.99],[9.272,46.995],[9.267,47.002],[9.265,47.002],[9.26,46.995],[9.254,46.993],[9.251,46.988],[9.247,46.986],[9.246,46.984],[9.253,46.981],[9.259,46.983],[9.264,46.982],[9.265,46.979],[9.259,46.974],[9.246,46.975],[9.244,46.973],[9.246,46.971],[9.249,46.972],[9.257,46.966],[9.26,46.959],[9.258,46.959],[9.257,46.957],[9.257,46.952],[9.261,46.948],[9.269,46.95],[9.271,46.957],[9.266,46.959],[9.268,46.961],[9.277,46.963],[9.276,46.966],[9.295,46.969],[9.297,46.968],[9.293,46.963],[9.295,46.959],[9.305,46.958],[9.308,46.96],[9.315,46.96],[9.321,46.973],[9.324,46.965],[9.328,46.969],[9.334,46.97],[9.337,46.974],[9.339,46.974],[9.339,46.969],[9.329,46.96],[9.333,46.958],[9.341,46.958],[9.341,46.956],[9.344,46.954],[9.35,46.957],[9.36,46.958],[9.376,46.968],[9.368,46.973],[9.368,46.982],[9.374,46.979],[9.384,46.979],[9.389,46.982],[9.39,46.984],[9.385,46.986],[9.385,46.991],[9.388,46.995],[9.391,46.995],[9.39,47.0],[9.395,47.006],[9.4,47.004],[9.401,47.0],[9.404,46.997],[9.404,46.985],[9.408,46.986],[9.412,46.993],[9.415,46.993],[9.42,46.988],[9.434,46.986],[9.436,46.988],[9.434,46.99],[9.437,46.993],[9.44,46.993],[9.444,46.992],[9.443,46.99],[9.451,46.99],[9.453,46.987],[9.447,46.983],[9.43,46.979],[9.413,46.979],[9.413,46.977],[9.417,46.977],[9.42,46.972],[9.413,46.971],[9.41,46.968],[9.4,46.968],[9.4,46.965],[9.402,46.963],[9.413,46.963],[9.419,46.961],[9.418,46.959],[9.419,46.956],[9.423,46.956],[9.425,46.954],[9.432,46.952],[9.425,46.95],[9.426,46.947],[9.419,46.947],[9.413,46.943],[9.413,46.941],[9.418,46.938],[9.422,46.939],[9.428,46.937],[9.43,46.934],[9.428,46.933],[9.412,46.932],[9.409,46.934],[9.409,46.936],[9.403,46.939],[9.399,46.939],[9.396,46.941],[9.392,46.939],[9.389,46.94],[9.387,46.935],[9.391,46.932],[9.389,46.93],[9.392,46.925],[9.389,46.923],[9.376,46.932],[9.374,46.935],[9.369,46.935],[9.366,46.94],[9.359,46.939],[9.353,46.943],[9.35,46.941],[9.338,46.942],[9.334,46.94],[9.33,46.94],[9.327,46.942],[9.317,46.936],[9.31,46.939],[9.304,46.934],[9.294,46.932],[9.295,46.929],[9.29,46.928],[9.287,46.929],[9.288,46.927],[9.28,46.926],[9.277,46.923],[9.273,46.923],[9.276,46.921],[9.276,46.918],[9.278,46.918],[9.278,46.921],[9.28,46.922],[9.293,46.922],[9.303,46.92],[9.316,46.923],[9.319,46.922],[9.319,46.92],[9.315,46.918],[9.316,46.916],[9.323,46.921],[9.329,46.918],[9.339,46.92],[9.345,46.917],[9.344,46.915],[9.345,46.913],[9.349,46.916],[9.352,46.916],[9.362,46.912],[9.359,46.911],[9.358,46.909],[9.372,46.91],[9.375,46.908],[9.391,46.909],[9.398,46.906],[9.407,46.905],[9.388,46.904],[9.384,46.902],[9.374,46.892],[9.377,46.89],[9.377,46.887],[9.374,46.881],[9.367,46.878],[9.363,46.879],[9.369,46.874],[9.365,46.87],[9.368,46.867],[9.367,46.866],[9.363,46.865],[9.358,46.87],[9.359,46.872],[9.357,46.873],[9.357,46.87],[9.354,46.865],[9.348,46.865],[9.344,46.869],[9.34,46.868],[9.337,46.87],[9.335,46.875],[9.327,46.879],[9.326,46.882],[9.321,46.883],[9.318,46.88],[9.312,46.881],[9.312,46.884],[9.308,46.886],[9.296,46.889],[9.298,46.891],[9.296,46.893],[9.286,46.891],[9.286,46.889],[9.294,46.882],[9.295,46.878],[9.299,46.875],[9.296,46.873],[9.299,46.871],[9.3,46.868],[9.298,46.864],[9.281,46.863],[9.277,46.867],[9.275,46.867],[9.265,46.874],[9.246,46.875],[9.243,46.872],[9.246,46.869],[9.239,46.868],[9.237,46.863],[9.232,46.86],[9.216,46.859],[9.218,46.856],[9.189,46.855],[9.192,46.852],[9.215,46.848],[9.222,46.843],[9.222,46.841],[9.218,46.84],[9.215,46.836],[9.191,46.841],[9.189,46.839],[9.195,46.834],[9.184,46.832],[9.18,46.834],[9.178,46.839],[9.173,46.843],[9.166,46.845],[9.163,46.843],[9.157,46.844],[9.16,46.845],[9.161,46.848],[9.156,46.851],[9.153,46.85],[9.15,46.845],[9.145,46.844],[9.147,46.837],[9.154,46.833],[9.155,46.828],[9.145,46.821],[9.139,46.82],[9.136,46.822],[9.138,46.828],[9.136,46.834],[9.131,46.835],[9.133,46.84],[9.127,46.844],[9.117,46.846],[9.114,46.842],[9.11,46.842],[9.108,46.847],[9.104,46.849],[9.097,46.845],[9.094,46.846],[9.091,46.843],[9.087,46.843],[9.084,46.845],[9.081,46.842],[9.078,46.846],[9.077,46.842],[9.089,46.836],[9.099,46.827],[9.097,46.825],[9.087,46.823],[9.083,46.825],[9.063,46.825],[9.06,46.823],[9.069,46.823],[9.066,46.818],[9.07,46.816],[9.074,46.811],[9.073,46.808],[9.066,46.807],[9.063,46.802],[9.06,46.803],[9.057,46.807],[9.05,46.809],[9.05,46.812],[9.047,46.815],[9.034,46.816],[9.027,46.816],[9.011,46.81],[8.991,46.807],[8.988,46.803],[8.994,46.799],[9.004,46.8],[9.027,46.807],[9.032,46.801],[9.03,46.798],[9.038,46.794],[9.036,46.791],[9.038,46.789],[9.03,46.788],[9.02,46.79],[9.01,46.785],[9.007,46.787],[9.004,46.785],[9.0,46.786],[8.998,46.785],[9.003,46.783],[9.003,46.781],[9.0,46.779],[8.997,46.783],[8.994,46.784],[8.992,46.783],[8.996,46.781],[8.994,46.779],[8.984,46.779],[8.981,46.783],[8.977,46.778],[8.974,46.783],[8.963,46.784],[8.954,46.776],[8.95,46.775],[8.951,46.772],[8.959,46.768],[8.96,46.766],[8.957,46.764],[8.951,46.766],[8.948,46.769],[8.944,46.769],[8.938,46.761],[8.931,46.76],[8.924,46.761],[8.921,46.757],[8.911,46.76],[8.908,46.758],[8.906,46.76],[8.905,46.766],[8.9,46.766],[8.899,46.769],[8.89,46.771],[8.892,46.776],[8.896,46.778],[8.897,46.782],[8.887,46.784],[8.883,46.787],[8.884,46.789],[8.883,46.791],[8.876,46.793],[8.875,46.789],[8.873,46.788],[8.869,46.789],[8.876,46.785],[8.875,46.78],[8.873,46.778],[8.873,46.773],[8.866,46.772],[8.846,46.781],[8.848,46.778],[8.853,46.776],[8.855,46.771],[8.853,46.77],[8.843,46.776],[8.853,46.768],[8.854,46.76],[8.857,46.76],[8.862,46.763],[8.872,46.757],[8.88,46.755],[8.881,46.753],[8.877,46.749],[8.88,46.746],[8.878,46.738],[8.872,46.742],[8.865,46.74],[8.864,46.733],[8.861,46.732],[8.852,46.736],[8.848,46.734],[8.847,46.731],[8.849,46.726],[8.845,46.724],[8.829,46.726],[8.822,46.721],[8.809,46.722],[8.806,46.72],[8.807,46.718],[8.806,46.716],[8.809,46.714],[8.807,46.711],[8.795,46.709],[8.787,46.705],[8.787,46.702],[8.794,46.7],[8.792,46.699],[8.772,46.702],[8.769,46.71],[8.763,46.713],[8.76,46.71],[8.756,46.712],[8.755,46.698],[8.753,46.693],[8.743,46.692],[8.74,46.696],[8.74,46.699],[8.736,46.701],[8.733,46.699],[8.727,46.703],[8.726,46.699],[8.731,46.687],[8.726,46.686],[8.724,46.683],[8.72,46.682],[8.716,46.684],[8.711,46.69],[8.709,46.69],[8.707,46.687],[8.703,46.689],[8.701,46.685],[8.703,46.681],[8.703,46.676],[8.7,46.673],[8.693,46.674],[8.691,46.677],[8.683,46.677],[8.685,46.672],[8.68,46.668]],[[8.804,46.929],[8.798,46.93],[8.801,46.928],[8.804,46.929]],[[9.2268837209,46.9209534884],[9.222,46.919],[9.224,46.918],[9.228,46.919],[9.2268837209,46.9209534884]]],[[[8.67,46.661],[8.68,46.668],[8.687,46.665],[8.691,46.661],[8.69,46.658],[8.686,46.658],[8.67,46.661]]],[[[8.821,46.929],[8.824,46.933],[8.826,46.931],[8.824,46.929],[8.821,46.929]]],[[[9.118,46.871],[9.123,46.871],[9.121,46.87],[9.118,46.871]]],[[[9.432,46.952],[9.437,46.952],[9.435,46.95],[9.432,46.952]]],[[[9.354,46.865],[9.357,46.866],[9.358,46.861],[9.357,46.86],[9.354,46.865]]],[[[8.868,46.492],[8.872,46.494],[8.873,46.492],[8.868,46.492]]],[[[8.063,46.407],[8.065,46.405],[8.044,46.394],[8.039,46.394],[8.041,46.399],[8.044,46.401],[8.05,46.402],[8.053,46.405],[8.063,46.407]]],[[[7.461,46.348],[7.456,46.348],[7.458,46.35],[7.461,46.348]]],[[[9.191,46.518],[9.195,46.517],[9.191,46.516],[9.191,46.518]]],[[[9.195,46.517],[9.2,46.519],[9.199,46.521],[9.201,46.523],[9.205,46.524],[9.209,46.517],[9.221,46.514],[9.225,46.517],[9.226,46.521],[9.23,46.523],[9.227,46.525],[9.227,46.528],[9.23,46.528],[9.231,46.525],[9.237,46.52],[9.247,46.519],[9.248,46.518],[9.244,46.518],[9.24,46.515],[9.23,46.516],[9.229,46.514],[9.234,46.512],[9.244,46.512],[9.239,46.507],[9.25,46.501],[9.252,46.498],[9.241,46.492],[9.235,46.485],[9.242,46.482],[9.25,46.482],[9.251,46.48],[9.248,46.478],[9.25,46.476],[9.25,46.473],[9.247,46.469],[9.248,46.467],[9.257,46.473],[9.258,46.476],[9.263,46.478],[9.264,46.482],[9.26,46.484],[9.26,46.487],[9.265,46.491],[9.269,46.491],[9.271,46.493],[9.27,46.498],[9.268,46.5],[9.269,46.505],[9.277,46.511],[9.274,46.516],[9.275,46.518],[9.271,46.52],[9.271,46.523],[9.265,46.527],[9.27,46.531],[9.29,46.535],[9.292,46.533],[9.29,46.533],[9.29,46.529],[9.297,46.529],[9.277,46.518],[9.279,46.516],[9.286,46.519],[9.305,46.518],[9.309,46.522],[9.315,46.523],[9.322,46.52],[9.317,46.515],[9.318,46.514],[9.324,46.513],[9.327,46.51],[9.335,46.51],[9.341,46.512],[9.343,46.515],[9.342,46.519],[9.346,46.521],[9.346,46.524],[9.344,46.526],[9.349,46.528],[9.344,46.533],[9.344,46.535],[9.352,46.535],[9.355,46.533],[9.363,46.534],[9.358,46.539],[9.36,46.541],[9.358,46.544],[9.362,46.545],[9.365,46.548],[9.368,46.547],[9.372,46.552],[9.374,46.546],[9.367,46.541],[9.37,46.537],[9.37,46.534],[9.369,46.532],[9.363,46.53],[9.363,46.528],[9.366,46.525],[9.365,46.523],[9.367,46.519],[9.371,46.523],[9.387,46.527],[9.391,46.529],[9.392,46.532],[9.398,46.534],[9.4,46.543],[9.397,46.545],[9.397,46.547],[9.403,46.552],[9.408,46.552],[9.406,46.55],[9.406,46.547],[9.408,46.546],[9.418,46.545],[9.414,46.536],[9.415,46.534],[9.41,46.529],[9.412,46.527],[9.411,46.522],[9.407,46.517],[9.399,46.516],[9.396,46.514],[9.399,46.511],[9.396,46.509],[9.4,46.507],[9.396,46.502],[9.388,46.5],[9.39,46.499],[9.39,46.496],[9.396,46.493],[9.397,46.491],[9.392,46.487],[9.392,46.483],[9.402,46.487],[9.405,46.489],[9.405,46.491],[9.409,46.491],[9.414,46.495],[9.415,46.498],[9.422,46.503],[9.426,46.504],[9.426,46.506],[9.432,46.511],[9.439,46.51],[9.443,46.506],[9.44,46.504],[9.44,46.502],[9.434,46.5],[9.434,46.497],[9.427,46.493],[9.428,46.491],[9.424,46.488],[9.424,46.479],[9.421,46.478],[9.417,46.471],[9.411,46.467],[9.408,46.469],[9.401,46.469],[9.392,46.474],[9.389,46.474],[9.382,46.483],[9.379,46.483],[9.371,46.489],[9.37,46.492],[9.367,46.494],[9.368,46.498],[9.371,46.501],[9.371,46.505],[9.364,46.508],[9.353,46.508],[9.351,46.506],[9.344,46.506],[9.341,46.504],[9.338,46.504],[9.334,46.507],[9.321,46.507],[9.318,46.504],[9.308,46.504],[9.302,46.5],[9.295,46.5],[9.292,46.498],[9.281,46.498],[9.281,46.493],[9.277,46.491],[9.277,46.489],[9.274,46.486],[9.274,46.48],[9.278,46.477],[9.278,46.475],[9.274,46.473],[9.274,46.466],[9.277,46.464],[9.277,46.459],[9.261,46.449],[9.25,46.449],[9.247,46.446],[9.246,46.442],[9.244,46.441],[9.238,46.441],[9.233,46.444],[9.232,46.449],[9.226,46.451],[9.228,46.46],[9.226,46.465],[9.222,46.467],[9.217,46.474],[9.212,46.474],[9.206,46.478],[9.206,46.481],[9.21,46.482],[9.213,46.48],[9.214,46.483],[9.21,46.485],[9.209,46.488],[9.206,46.49],[9.223,46.497],[9.236,46.5],[9.238,46.501],[9.238,46.503],[9.23,46.506],[9.22,46.502],[9.217,46.499],[9.21,46.497],[9.207,46.494],[9.204,46.495],[9.2,46.493],[9.199,46.497],[9.195,46.499],[9.192,46.504],[9.192,46.506],[9.198,46.507],[9.2,46.51],[9.2,46.512],[9.195,46.517]]],[[[9.4,46.507],[9.398,46.509],[9.4,46.509],[9.4,46.507]]],[[[9.434,47.102],[9.428,47.101],[9.425,47.103],[9.421,47.102],[9.419,47.105],[9.415,47.107],[9.415,47.11],[9.409,47.112],[9.406,47.118],[9.404,47.119],[9.403,47.121],[9.405,47.125],[9.409,47.126],[9.41,47.123],[9.415,47.119],[9.425,47.12],[9.427,47.118],[9.424,47.116],[9.424,47.114],[9.428,47.112],[9.431,47.105],[9.434,47.102]]],[[[9.406,47.132],[9.399,47.124],[9.393,47.132],[9.386,47.133],[9.38,47.138],[9.373,47.136],[9.363,47.137],[9.36,47.134],[9.357,47.135],[9.355,47.138],[9.36,47.141],[9.363,47.138],[9.377,47.146],[9.383,47.144],[9.39,47.145],[9.393,47.143],[9.397,47.143],[9.403,47.147],[9.412,47.146],[9.411,47.141],[9.403,47.137],[9.406,47.135],[9.406,47.132]]],[[[9.354,47.227],[9.347,47.23],[9.347,47.232],[9.353,47.234],[9.35,47.235],[9.349,47.237],[9.357,47.243],[9.347,47.244],[9.345,47.246],[9.341,47.245],[9.336,47.246],[9.334,47.244],[9.329,47.244],[9.317,47.238],[9.315,47.239],[9.313,47.246],[9.319,47.251],[9.325,47.254],[9.331,47.254],[9.339,47.259],[9.341,47.262],[9.348,47.263],[9.358,47.27],[9.362,47.269],[9.371,47.271],[9.373,47.27],[9.366,47.266],[9.363,47.261],[9.354,47.255],[9.355,47.254],[9.358,47.256],[9.361,47.254],[9.364,47.256],[9.368,47.256],[9.368,47.253],[9.364,47.253],[9.361,47.25],[9.359,47.25],[9.361,47.248],[9.364,47.247],[9.374,47.251],[9.377,47.25],[9.377,47.248],[9.38,47.252],[9.384,47.253],[9.386,47.252],[9.383,47.25],[9.387,47.247],[9.384,47.246],[9.383,47.245],[9.384,47.244],[9.4,47.242],[9.407,47.247],[9.409,47.245],[9.405,47.238],[9.4,47.235],[9.397,47.237],[9.39,47.236],[9.377,47.231],[9.373,47.231],[9.367,47.235],[9.364,47.233],[9.356,47.232],[9.354,47.227]]],[[[9.394,47.252],[9.391,47.25],[9.386,47.254],[9.394,47.258],[9.397,47.257],[9.401,47.259],[9.403,47.256],[9.393,47.254],[9.394,47.252]]],[[[8.864,46.555],[8.857,46.549],[8.84,46.547],[8.834,46.551],[8.834,46.553],[8.827,46.556],[8.82,46.563],[8.815,46.565],[8.815,46.567],[8.812,46.57],[8.805,46.574],[8.805,46.58],[8.809,46.581],[8.807,46.588],[8.809,46.59],[8.821,46.594],[8.822,46.597],[8.825,46.599],[8.825,46.602],[8.832,46.603],[8.83,46.61],[8.832,46.614],[8.832,46.619],[8.833,46.614],[8.837,46.61],[8.837,46.607],[8.839,46.607],[8.84,46.598],[8.842,46.597],[8.845,46.599],[8.85,46.596],[8.845,46.585],[8.848,46.582],[8.854,46.587],[8.862,46.589],[8.864,46.592],[8.886,46.593],[8.891,46.595],[8.892,46.598],[8.871,46.601],[8.869,46.603],[8.871,46.603],[8.875,46.607],[8.868,46.61],[8.859,46.618],[8.858,46.621],[8.859,46.625],[8.869,46.627],[8.87,46.632],[8.872,46.634],[8.878,46.634],[8.885,46.637],[8.888,46.636],[8.889,46.634],[8.89,46.638],[8.892,46.639],[8.895,46.638],[8.904,46.64],[8.908,46.641],[8.909,46.643],[8.905,46.647],[8.905,46.65],[8.908,46.651],[8.908,46.653],[8.902,46.652],[8.898,46.654],[8.903,46.658],[8.902,46.661],[8.897,46.665],[8.906,46.668],[8.907,46.67],[8.906,46.672],[8.895,46.676],[8.903,46.683],[8.905,46.688],[8.896,46.693],[8.89,46.693],[8.887,46.695],[8.896,46.696],[8.906,46.694],[8.909,46.692],[8.906,46.69],[8.909,46.683],[8.908,46.681],[8.915,46.678],[8.929,46.682],[8.931,46.68],[8.925,46.677],[8.924,46.674],[8.917,46.672],[8.919,46.67],[8.922,46.671],[8.925,46.668],[8.938,46.669],[8.941,46.666],[8.948,46.667],[8.956,46.662],[8.941,46.658],[8.94,46.656],[8.942,46.653],[8.928,46.65],[8.923,46.645],[8.924,46.643],[8.934,46.646],[8.941,46.646],[8.944,46.648],[8.961,46.65],[8.97,46.644],[8.974,46.647],[8.983,46.647],[8.992,46.641],[8.996,46.641],[8.997,46.639],[8.995,46.637],[8.999,46.635],[8.999,46.632],[8.996,46.63],[8.999,46.631],[9.0,46.635],[9.003,46.636],[9.014,46.634],[9.019,46.637],[9.018,46.639],[9.011,46.643],[9.01,46.646],[9.016,46.649],[9.018,46.652],[9.018,46.655],[9.009,46.659],[9.01,46.662],[9.016,46.666],[9.01,46.668],[9.014,46.675],[9.011,46.677],[9.009,46.682],[9.004,46.687],[9.001,46.687],[8.999,46.689],[8.996,46.7],[9.005,46.702],[9.008,46.7],[9.004,46.698],[9.004,46.696],[9.008,46.699],[9.014,46.7],[9.021,46.696],[9.021,46.7],[9.025,46.706],[9.031,46.708],[9.034,46.704],[9.054,46.699],[9.05,46.696],[9.043,46.695],[9.046,46.692],[9.046,46.69],[9.04,46.688],[9.041,46.686],[9.039,46.683],[9.043,46.684],[9.05,46.681],[9.056,46.683],[9.059,46.681],[9.044,46.677],[9.04,46.674],[9.04,46.669],[9.023,46.666],[9.023,46.663],[9.04,46.661],[9.049,46.663],[9.052,46.661],[9.033,46.654],[9.031,46.645],[9.042,46.644],[9.049,46.641],[9.042,46.639],[9.032,46.639],[9.032,46.629],[9.042,46.626],[9.06,46.625],[9.039,46.621],[9.037,46.618],[9.048,46.612],[9.051,46.613],[9.053,46.609],[9.047,46.608],[9.043,46.605],[9.05,46.602],[9.05,46.6],[9.054,46.599],[9.064,46.6],[9.067,46.599],[9.068,46.598],[9.065,46.595],[9.065,46.593],[9.067,46.593],[9.07,46.59],[9.076,46.592],[9.08,46.59],[9.08,46.593],[9.084,46.597],[9.082,46.602],[9.083,46.606],[9.093,46.602],[9.096,46.608],[9.109,46.604],[9.124,46.604],[9.112,46.595],[9.099,46.59],[9.099,46.588],[9.093,46.586],[9.089,46.587],[9.086,46.585],[9.086,46.583],[9.093,46.584],[9.096,46.582],[9.089,46.578],[9.083,46.58],[9.06,46.58],[9.053,46.577],[9.047,46.579],[9.043,46.577],[9.04,46.579],[9.039,46.578],[9.041,46.573],[9.039,46.571],[9.044,46.569],[9.033,46.558],[9.023,46.553],[9.03,46.554],[9.036,46.551],[9.035,46.546],[9.029,46.535],[9.032,46.531],[9.032,46.528],[9.035,46.525],[9.038,46.528],[9.039,46.533],[9.042,46.531],[9.044,46.537],[9.047,46.539],[9.047,46.542],[9.049,46.544],[9.052,46.546],[9.059,46.546],[9.069,46.551],[9.075,46.556],[9.079,46.557],[9.082,46.557],[9.089,46.552],[9.083,46.548],[9.089,46.546],[9.09,46.541],[9.081,46.536],[9.067,46.537],[9.061,46.535],[9.065,46.534],[9.068,46.536],[9.071,46.532],[9.075,46.532],[9.077,46.528],[9.075,46.523],[9.078,46.522],[9.084,46.526],[9.094,46.528],[9.098,46.532],[9.107,46.534],[9.111,46.537],[9.112,46.534],[9.114,46.533],[9.115,46.536],[9.111,46.543],[9.119,46.547],[9.117,46.549],[9.118,46.552],[9.111,46.558],[9.113,46.565],[9.118,46.569],[9.125,46.571],[9.131,46.568],[9.141,46.568],[9.142,46.572],[9.139,46.576],[9.142,46.579],[9.14,46.581],[9.152,46.583],[9.154,46.581],[9.157,46.583],[9.156,46.587],[9.171,46.593],[9.175,46.592],[9.177,46.589],[9.182,46.587],[9.178,46.582],[9.18,46.578],[9.171,46.571],[9.17,46.568],[9.16,46.565],[9.154,46.565],[9.147,46.56],[9.147,46.557],[9.15,46.557],[9.153,46.554],[9.157,46.553],[9.163,46.554],[9.167,46.553],[9.17,46.556],[9.176,46.557],[9.183,46.562],[9.189,46.564],[9.196,46.572],[9.206,46.575],[9.213,46.572],[9.216,46.574],[9.226,46.576],[9.217,46.586],[9.215,46.591],[9.216,46.595],[9.213,46.598],[9.213,46.6],[9.227,46.599],[9.232,46.602],[9.23,46.609],[9.242,46.613],[9.237,46.618],[9.231,46.62],[9.228,46.623],[9.224,46.623],[9.218,46.627],[9.211,46.629],[9.21,46.631],[9.212,46.633],[9.218,46.634],[9.219,46.636],[9.225,46.637],[9.231,46.635],[9.238,46.64],[9.239,46.642],[9.238,46.645],[9.233,46.649],[9.232,46.654],[9.238,46.655],[9.243,46.653],[9.245,46.656],[9.251,46.656],[9.258,46.65],[9.258,46.647],[9.254,46.645],[9.252,46.642],[9.252,46.638],[9.248,46.638],[9.25,46.631],[9.249,46.624],[9.255,46.62],[9.25,46.619],[9.247,46.615],[9.247,46.608],[9.25,46.606],[9.256,46.608],[9.263,46.606],[9.265,46.604],[9.256,46.599],[9.253,46.6],[9.25,46.599],[9.247,46.597],[9.249,46.595],[9.24,46.588],[9.252,46.586],[9.275,46.591],[9.279,46.59],[9.282,46.594],[9.296,46.596],[9.295,46.601],[9.299,46.602],[9.304,46.607],[9.304,46.61],[9.3,46.614],[9.301,46.619],[9.296,46.619],[9.295,46.621],[9.303,46.625],[9.3,46.628],[9.303,46.632],[9.301,46.635],[9.302,46.639],[9.3,46.641],[9.303,46.643],[9.309,46.643],[9.31,46.648],[9.318,46.65],[9.317,46.654],[9.32,46.661],[9.324,46.662],[9.324,46.659],[9.33,46.654],[9.336,46.653],[9.342,46.65],[9.343,46.648],[9.347,46.649],[9.348,46.654],[9.353,46.663],[9.356,46.661],[9.366,46.662],[9.369,46.66],[9.382,46.66],[9.39,46.658],[9.381,46.656],[9.379,46.653],[9.371,46.654],[9.371,46.647],[9.376,46.642],[9.371,46.642],[9.369,46.644],[9.362,46.645],[9.359,46.643],[9.359,46.64],[9.353,46.636],[9.355,46.634],[9.36,46.634],[9.37,46.629],[9.365,46.626],[9.345,46.628],[9.33,46.625],[9.327,46.623],[9.338,46.621],[9.349,46.616],[9.338,46.614],[9.338,46.611],[9.348,46.608],[9.358,46.608],[9.361,46.605],[9.364,46.608],[9.367,46.606],[9.365,46.604],[9.377,46.6],[9.37,46.598],[9.361,46.599],[9.357,46.597],[9.344,46.6],[9.34,46.598],[9.342,46.596],[9.341,46.595],[9.334,46.597],[9.331,46.596],[9.325,46.599],[9.312,46.598],[9.316,46.596],[9.318,46.591],[9.324,46.59],[9.332,46.585],[9.329,46.58],[9.334,46.578],[9.327,46.575],[9.324,46.577],[9.321,46.576],[9.311,46.578],[9.308,46.582],[9.301,46.58],[9.295,46.582],[9.272,46.582],[9.268,46.577],[9.266,46.577],[9.268,46.575],[9.275,46.574],[9.281,46.575],[9.291,46.573],[9.297,46.569],[9.297,46.567],[9.294,46.564],[9.284,46.568],[9.279,46.565],[9.271,46.564],[9.264,46.565],[9.255,46.569],[9.245,46.57],[9.245,46.568],[9.249,46.566],[9.245,46.564],[9.229,46.567],[9.226,46.566],[9.222,46.561],[9.219,46.563],[9.217,46.562],[9.215,46.557],[9.216,46.555],[9.212,46.552],[9.205,46.553],[9.204,46.555],[9.211,46.559],[9.208,46.56],[9.197,46.553],[9.187,46.551],[9.18,46.544],[9.176,46.537],[9.173,46.539],[9.171,46.538],[9.171,46.535],[9.153,46.534],[9.137,46.529],[9.138,46.527],[9.136,46.526],[9.133,46.529],[9.125,46.527],[9.119,46.523],[9.118,46.52],[9.113,46.519],[9.109,46.516],[9.11,46.514],[9.116,46.517],[9.12,46.517],[9.126,46.521],[9.13,46.521],[9.125,46.516],[9.119,46.514],[9.116,46.51],[9.11,46.508],[9.093,46.508],[9.091,46.51],[9.086,46.51],[9.08,46.508],[9.07,46.508],[9.062,46.505],[9.061,46.503],[9.067,46.501],[9.083,46.502],[9.087,46.501],[9.09,46.497],[9.093,46.498],[9.103,46.496],[9.116,46.496],[9.129,46.498],[9.132,46.501],[9.136,46.501],[9.142,46.504],[9.148,46.509],[9.159,46.513],[9.162,46.511],[9.165,46.513],[9.169,46.508],[9.169,46.506],[9.165,46.506],[9.163,46.504],[9.163,46.499],[9.161,46.496],[9.158,46.497],[9.155,46.495],[9.148,46.496],[9.145,46.493],[9.147,46.491],[9.147,46.488],[9.144,46.486],[9.145,46.481],[9.138,46.479],[9.136,46.477],[9.145,46.476],[9.154,46.481],[9.161,46.478],[9.163,46.475],[9.161,46.472],[9.154,46.473],[9.158,46.468],[9.143,46.464],[9.154,46.46],[9.157,46.461],[9.159,46.459],[9.158,46.455],[9.163,46.45],[9.167,46.45],[9.168,46.448],[9.153,46.445],[9.15,46.447],[9.134,46.449],[9.131,46.445],[9.127,46.445],[9.126,46.448],[9.122,46.451],[9.123,46.455],[9.124,46.456],[9.131,46.455],[9.135,46.457],[9.13,46.459],[9.13,46.464],[9.125,46.474],[9.112,46.477],[9.11,46.476],[9.107,46.473],[9.111,46.469],[9.111,46.464],[9.116,46.462],[9.113,46.457],[9.108,46.456],[9.094,46.449],[9.095,46.448],[9.101,46.452],[9.105,46.449],[9.101,46.447],[9.091,46.437],[9.098,46.442],[9.101,46.44],[9.099,46.433],[9.096,46.431],[9.098,46.43],[9.101,46.432],[9.102,46.431],[9.102,46.426],[9.099,46.422],[9.101,46.421],[9.104,46.415],[9.108,46.415],[9.093,46.408],[9.1,46.406],[9.111,46.406],[9.11,46.404],[9.093,46.398],[9.09,46.395],[9.089,46.39],[9.087,46.389],[9.074,46.39],[9.064,46.397],[9.062,46.397],[9.077,46.399],[9.08,46.405],[9.082,46.406],[9.078,46.409],[9.061,46.413],[9.061,46.415],[9.071,46.413],[9.074,46.416],[9.078,46.414],[9.081,46.416],[9.091,46.416],[9.096,46.419],[9.096,46.422],[9.092,46.424],[9.088,46.432],[9.078,46.432],[9.073,46.436],[9.072,46.438],[9.076,46.44],[9.076,46.442],[9.067,46.449],[9.069,46.456],[9.076,46.458],[9.08,46.462],[9.08,46.465],[9.083,46.469],[9.075,46.472],[9.063,46.473],[9.06,46.471],[9.053,46.47],[9.047,46.471],[9.042,46.479],[9.035,46.481],[9.03,46.486],[9.035,46.488],[9.024,46.49],[9.018,46.489],[9.012,46.494],[9.008,46.493],[9.006,46.495],[9.006,46.506],[9.009,46.509],[9.01,46.513],[9.005,46.515],[9.004,46.52],[9.008,46.522],[9.014,46.529],[9.001,46.531],[9.001,46.536],[8.999,46.538],[8.99,46.54],[8.982,46.549],[8.985,46.554],[8.984,46.556],[8.991,46.562],[8.992,46.556],[8.997,46.553],[9.003,46.554],[9.01,46.551],[9.016,46.556],[9.015,46.562],[9.01,46.563],[9.006,46.567],[9.008,46.569],[9.003,46.574],[9.001,46.581],[9.007,46.583],[9.011,46.582],[9.02,46.585],[9.027,46.584],[9.032,46.589],[9.031,46.592],[9.018,46.593],[9.013,46.594],[9.011,46.596],[9.008,46.595],[9.005,46.597],[8.998,46.595],[8.995,46.596],[8.995,46.598],[8.994,46.596],[8.991,46.596],[8.989,46.601],[8.982,46.603],[8.978,46.601],[8.976,46.597],[8.979,46.594],[8.976,46.592],[8.974,46.592],[8.975,46.597],[8.969,46.6],[8.959,46.593],[8.957,46.595],[8.949,46.597],[8.947,46.599],[8.947,46.602],[8.943,46.606],[8.941,46.606],[8.939,46.611],[8.933,46.612],[8.93,46.609],[8.931,46.608],[8.933,46.606],[8.93,46.602],[8.93,46.597],[8.921,46.593],[8.92,46.588],[8.914,46.588],[8.919,46.591],[8.919,46.593],[8.913,46.591],[8.913,46.588],[8.92,46.582],[8.913,46.58],[8.91,46.575],[8.9,46.578],[8.893,46.576],[8.89,46.573],[8.883,46.574],[8.878,46.571],[8.872,46.564],[8.864,46.565],[8.842,46.562],[8.847,46.56],[8.863,46.558],[8.864,46.555]],[[9.145,46.493],[9.139,46.494],[9.134,46.489],[9.135,46.488],[9.145,46.493]]],[[[9.109,46.604],[9.106,46.606],[9.099,46.615],[9.1,46.621],[9.11,46.62],[9.118,46.622],[9.111,46.628],[9.113,46.631],[9.12,46.632],[9.118,46.637],[9.12,46.639],[9.127,46.639],[9.136,46.635],[9.14,46.638],[9.145,46.635],[9.145,46.632],[9.142,46.63],[9.133,46.625],[9.13,46.626],[9.13,46.624],[9.137,46.621],[9.133,46.62],[9.126,46.623],[9.122,46.622],[9.126,46.617],[9.11,46.611],[9.111,46.606],[9.109,46.604]]],[[[9.059,46.546],[9.055,46.547],[9.052,46.55],[9.051,46.557],[9.056,46.561],[9.059,46.56],[9.069,46.562],[9.071,46.559],[9.062,46.553],[9.062,46.548],[9.059,46.546]]],[[[9.232,46.654],[9.225,46.655],[9.223,46.656],[9.222,46.661],[9.229,46.662],[9.232,46.666],[9.236,46.667],[9.245,46.664],[9.252,46.669],[9.258,46.67],[9.262,46.669],[9.258,46.666],[9.255,46.66],[9.248,46.657],[9.244,46.658],[9.242,46.656],[9.235,46.656],[9.232,46.654]]],[[[9.262,46.669],[9.258,46.673],[9.259,46.675],[9.265,46.673],[9.262,46.669]]],[[[8.931,46.608],[8.933,46.61],[8.937,46.61],[8.94,46.608],[8.931,46.608]]],[[[9.231,47.149],[9.229,47.147],[9.225,47.147],[9.222,47.149],[9.219,47.148],[9.21,47.151],[9.212,47.153],[9.216,47.152],[9.231,47.16],[9.236,47.161],[9.237,47.162],[9.235,47.164],[9.236,47.165],[9.239,47.165],[9.242,47.161],[9.246,47.163],[9.249,47.161],[9.252,47.164],[9.255,47.162],[9.259,47.167],[9.262,47.167],[9.265,47.165],[9.274,47.164],[9.279,47.161],[9.279,47.163],[9.282,47.165],[9.286,47.163],[9.289,47.165],[9.292,47.164],[9.292,47.166],[9.295,47.167],[9.306,47.165],[9.308,47.167],[9.315,47.168],[9.316,47.172],[9.315,47.174],[9.319,47.176],[9.321,47.172],[9.321,47.163],[9.328,47.169],[9.334,47.169],[9.338,47.173],[9.341,47.167],[9.34,47.16],[9.334,47.158],[9.331,47.159],[9.328,47.153],[9.324,47.152],[9.321,47.149],[9.311,47.155],[9.298,47.157],[9.294,47.156],[9.288,47.158],[9.268,47.153],[9.249,47.154],[9.239,47.15],[9.231,47.149]]],[[[9.285,46.72],[9.283,46.718],[9.277,46.72],[9.28,46.721],[9.281,46.723],[9.274,46.727],[9.283,46.729],[9.287,46.727],[9.285,46.725],[9.285,46.72]]],[[[9.287,46.727],[9.282,46.732],[9.29,46.735],[9.291,46.738],[9.288,46.745],[9.281,46.752],[9.284,46.753],[9.287,46.751],[9.291,46.752],[9.294,46.751],[9.297,46.748],[9.306,46.747],[9.3,46.745],[9.294,46.746],[9.293,46.745],[9.297,46.745],[9.303,46.739],[9.307,46.741],[9.312,46.74],[9.31,46.736],[9.303,46.736],[9.297,46.734],[9.287,46.727]]],[[[9.283,46.306],[9.281,46.306],[9.281,46.309],[9.278,46.311],[9.279,46.318],[9.273,46.326],[9.276,46.329],[9.279,46.327],[9.283,46.33],[9.292,46.328],[9.296,46.325],[9.297,46.322],[9.287,46.315],[9.287,46.313],[9.283,46.309],[9.283,46.306]]],[[[9.293,46.347],[9.29,46.35],[9.282,46.351],[9.285,46.354],[9.285,46.356],[9.296,46.356],[9.296,46.351],[9.293,46.347]]],[[[9.293,46.347],[9.295,46.344],[9.295,46.34],[9.29,46.338],[9.285,46.34],[9.287,46.344],[9.29,46.344],[9.293,46.347]]],[[[9.275,46.36],[9.271,46.361],[9.266,46.37],[9.268,46.371],[9.267,46.374],[9.27,46.379],[9.266,46.383],[9.27,46.385],[9.27,46.388],[9.267,46.397],[9.262,46.399],[9.261,46.401],[9.263,46.403],[9.274,46.406],[9.279,46.411],[9.281,46.41],[9.281,46.403],[9.278,46.401],[9.278,46.389],[9.282,46.389],[9.284,46.385],[9.277,46.378],[9.277,46.367],[9.28,46.365],[9.275,46.36]]],[[[9.269,46.286],[9.258,46.277],[9.255,46.279],[9.254,46.282],[9.251,46.284],[9.268,46.29],[9.269,46.286]]],[[[9.253,46.269],[9.242,46.268],[9.237,46.271],[9.239,46.276],[9.24,46.273],[9.245,46.271],[9.249,46.275],[9.255,46.276],[9.256,46.273],[9.253,46.269]]],[[[9.219,46.215],[9.201,46.208],[9.198,46.213],[9.191,46.215],[9.191,46.217],[9.195,46.219],[9.201,46.217],[9.208,46.218],[9.215,46.226],[9.215,46.231],[9.212,46.235],[9.208,46.234],[9.206,46.236],[9.206,46.24],[9.215,46.243],[9.221,46.237],[9.234,46.238],[9.237,46.236],[9.241,46.236],[9.244,46.239],[9.244,46.234],[9.234,46.234],[9.231,46.232],[9.224,46.232],[9.219,46.229],[9.22,46.22],[9.219,46.215]]],[[[9.166,46.371],[9.157,46.37],[9.153,46.371],[9.152,46.374],[9.154,46.377],[9.16,46.378],[9.165,46.382],[9.163,46.385],[9.158,46.388],[9.145,46.388],[9.143,46.39],[9.145,46.392],[9.155,46.393],[9.165,46.397],[9.171,46.398],[9.175,46.397],[9.181,46.401],[9.188,46.4],[9.191,46.398],[9.187,46.396],[9.186,46.391],[9.191,46.39],[9.191,46.388],[9.179,46.387],[9.176,46.385],[9.177,46.383],[9.185,46.38],[9.177,46.374],[9.171,46.374],[9.166,46.371]]],[[[9.184,46.411],[9.181,46.409],[9.172,46.413],[9.155,46.412],[9.157,46.416],[9.162,46.418],[9.174,46.418],[9.185,46.421],[9.188,46.42],[9.188,46.418],[9.184,46.411]]],[[[9.179,46.362],[9.167,46.361],[9.162,46.367],[9.164,46.367],[9.167,46.37],[9.174,46.371],[9.179,46.369],[9.181,46.364],[9.179,46.362]]],[[[9.16,46.32],[9.153,46.319],[9.147,46.322],[9.151,46.324],[9.151,46.326],[9.156,46.331],[9.155,46.335],[9.158,46.338],[9.158,46.34],[9.152,46.344],[9.152,46.349],[9.154,46.351],[9.163,46.345],[9.166,46.341],[9.174,46.34],[9.161,46.338],[9.158,46.333],[9.161,46.331],[9.16,46.32]]],[[[9.167,46.423],[9.152,46.418],[9.145,46.426],[9.159,46.428],[9.16,46.43],[9.154,46.434],[9.156,46.437],[9.16,46.437],[9.166,46.442],[9.17,46.441],[9.171,46.439],[9.165,46.434],[9.167,46.432],[9.161,46.425],[9.167,46.423]]],[[[9.146,46.635],[9.143,46.637],[9.146,46.641],[9.16,46.642],[9.156,46.638],[9.15,46.635],[9.146,46.635]]],[[[9.152,47.071],[9.144,47.071],[9.141,47.078],[9.148,47.078],[9.147,47.075],[9.154,47.077],[9.159,47.075],[9.152,47.071]]],[[[9.081,46.336],[9.069,46.335],[9.063,46.339],[9.065,46.341],[9.064,46.343],[9.053,46.347],[9.046,46.345],[9.027,46.345],[9.018,46.349],[9.018,46.351],[9.02,46.352],[9.03,46.349],[9.04,46.349],[9.041,46.351],[9.051,46.35],[9.054,46.353],[9.073,46.356],[9.075,46.364],[9.072,46.366],[9.077,46.366],[9.079,46.362],[9.09,46.361],[9.092,46.355],[9.095,46.358],[9.099,46.356],[9.095,46.351],[9.078,46.348],[9.069,46.344],[9.067,46.341],[9.079,46.343],[9.081,46.336]]],[[[9.099,46.356],[9.097,46.359],[9.099,46.361],[9.099,46.356]]],[[[9.053,46.294],[9.047,46.294],[9.048,46.301],[9.046,46.305],[9.047,46.308],[9.052,46.307],[9.058,46.309],[9.063,46.312],[9.063,46.314],[9.067,46.316],[9.069,46.319],[9.067,46.323],[9.059,46.324],[9.056,46.326],[9.054,46.33],[9.059,46.334],[9.069,46.331],[9.072,46.332],[9.078,46.33],[9.078,46.328],[9.082,46.33],[9.082,46.327],[9.087,46.323],[9.087,46.321],[9.085,46.318],[9.076,46.314],[9.073,46.31],[9.075,46.307],[9.073,46.305],[9.073,46.298],[9.06,46.299],[9.053,46.294]]],[[[8.978,47.051],[8.959,47.047],[8.955,47.049],[8.954,47.054],[8.956,47.056],[8.959,47.056],[8.963,47.06],[8.969,47.062],[8.976,47.062],[8.982,47.065],[9.002,47.065],[9.005,47.067],[9.014,47.068],[8.993,47.071],[8.999,47.073],[9.005,47.072],[9.012,47.075],[9.022,47.074],[9.029,47.076],[9.031,47.073],[9.028,47.071],[9.027,47.068],[9.028,47.066],[8.995,47.056],[8.992,47.058],[8.987,47.058],[8.978,47.051]]],[[[9.021,46.448],[9.017,46.447],[9.01,46.449],[9.0,46.449],[8.997,46.451],[8.996,46.455],[8.99,46.461],[8.99,46.464],[8.976,46.473],[8.977,46.48],[8.979,46.481],[8.982,46.48],[8.995,46.485],[9.015,46.487],[9.015,46.485],[9.009,46.481],[9.015,46.479],[9.009,46.475],[9.009,46.47],[9.018,46.463],[9.017,46.461],[9.007,46.456],[9.014,46.453],[9.017,46.455],[9.02,46.454],[9.018,46.45],[9.021,46.448]]],[[[8.935,46.887],[8.931,46.887],[8.933,46.89],[8.935,46.89],[8.941,46.895],[8.949,46.896],[8.954,46.9],[8.956,46.898],[8.964,46.897],[8.961,46.893],[8.938,46.889],[8.935,46.887]]],[[[8.904,47.038],[8.896,47.038],[8.889,47.043],[8.9,47.043],[8.897,47.045],[8.902,47.047],[8.903,47.049],[8.916,47.051],[8.919,47.05],[8.92,47.052],[8.926,47.055],[8.929,47.053],[8.929,47.058],[8.939,47.065],[8.945,47.067],[8.943,47.069],[8.946,47.073],[8.956,47.074],[8.959,47.071],[8.951,47.065],[8.952,47.063],[8.949,47.059],[8.95,47.054],[8.948,47.051],[8.939,47.048],[8.936,47.045],[8.924,47.043],[8.919,47.04],[8.918,47.043],[8.915,47.043],[8.909,47.039],[8.907,47.041],[8.904,47.041],[8.904,47.038]]],[[[8.939,46.226],[8.936,46.231],[8.926,46.235],[8.926,46.239],[8.93,46.237],[8.933,46.24],[8.939,46.239],[8.94,46.237],[8.938,46.235],[8.942,46.231],[8.946,46.232],[8.948,46.23],[8.947,46.228],[8.942,46.228],[8.939,46.226]]],[[[8.891,46.245],[8.8938888889,46.2452222222],[8.893,46.247],[8.897,46.247],[8.8943913043,46.2452608696],[8.904,46.246],[8.907,46.245],[8.91,46.247],[8.914,46.245],[8.917,46.246],[8.92,46.24],[8.91,46.236],[8.9,46.237],[8.894,46.24],[8.89,46.24],[8.885,46.247],[8.888,46.249],[8.891,46.245]]],[[[8.92,46.24],[8.926,46.24],[8.923,46.238],[8.92,46.24]]],[[[8.92,46.24],[8.921,46.237],[8.919,46.237],[8.92,46.24]]],[[[8.876,46.303],[8.876,46.309],[8.879,46.312],[8.876,46.317],[8.883,46.321],[8.884,46.319],[8.882,46.317],[8.886,46.312],[8.889,46.311],[8.899,46.314],[8.903,46.31],[8.896,46.307],[8.883,46.306],[8.876,46.303]]],[[[8.848,46.334],[8.851,46.333],[8.85,46.326],[8.851,46.325],[8.854,46.327],[8.857,46.324],[8.87,46.325],[8.873,46.324],[8.872,46.321],[8.867,46.32],[8.846,46.322],[8.841,46.319],[8.836,46.329],[8.83,46.331],[8.835,46.335],[8.84,46.333],[8.848,46.334]]],[[[8.851,46.333],[8.849,46.335],[8.852,46.335],[8.851,46.333]]],[[[8.867,46.552],[8.863,46.553],[8.867,46.554],[8.867,46.552]]],[[[8.833,47.004],[8.823,47.002],[8.815,47.004],[8.813,47.002],[8.796,47.002],[8.794,47.004],[8.81,47.005],[8.816,47.009],[8.821,47.008],[8.821,47.01],[8.826,47.012],[8.833,47.011],[8.834,47.012],[8.829,47.015],[8.833,47.017],[8.836,47.017],[8.839,47.011],[8.849,47.017],[8.852,47.012],[8.859,47.014],[8.861,47.012],[8.856,47.004],[8.842,47.004],[8.839,47.006],[8.835,47.006],[8.833,47.004]]],[[[8.85,46.358],[8.848,46.356],[8.843,46.36],[8.832,46.362],[8.83,46.365],[8.826,46.367],[8.828,46.371],[8.823,46.376],[8.823,46.379],[8.82,46.38],[8.818,46.383],[8.819,46.385],[8.82,46.386],[8.826,46.384],[8.83,46.387],[8.836,46.384],[8.837,46.382],[8.833,46.381],[8.831,46.378],[8.834,46.369],[8.836,46.368],[8.849,46.368],[8.855,46.37],[8.858,46.369],[8.855,46.366],[8.852,46.366],[8.85,46.358]]],[[[8.819,46.398],[8.81,46.389],[8.807,46.391],[8.798,46.392],[8.81,46.396],[8.808,46.399],[8.817,46.402],[8.819,46.401],[8.819,46.398]]],[[[8.796,46.941],[8.788,46.939],[8.782,46.941],[8.778,46.946],[8.785,46.952],[8.792,46.95],[8.795,46.947],[8.798,46.95],[8.802,46.95],[8.804,46.947],[8.803,46.945],[8.798,46.944],[8.796,46.941]]],[[[8.767,46.33],[8.75,46.329],[8.748,46.33],[8.752,46.332],[8.747,46.334],[8.744,46.333],[8.728,46.335],[8.719,46.341],[8.716,46.346],[8.712,46.349],[8.705,46.349],[8.702,46.351],[8.699,46.348],[8.692,46.347],[8.685,46.357],[8.689,46.358],[8.696,46.355],[8.7,46.362],[8.698,46.364],[8.699,46.366],[8.709,46.368],[8.718,46.366],[8.716,46.364],[8.724,46.357],[8.719,46.355],[8.721,46.349],[8.725,46.35],[8.734,46.344],[8.745,46.341],[8.748,46.339],[8.747,46.335],[8.75,46.334],[8.754,46.335],[8.76,46.333],[8.767,46.334],[8.768,46.332],[8.767,46.33]]],[[[8.683,46.324],[8.675,46.324],[8.671,46.326],[8.674,46.328],[8.675,46.333],[8.674,46.335],[8.682,46.335],[8.684,46.333],[8.684,46.33],[8.681,46.328],[8.685,46.326],[8.683,46.324]]],[[[8.624,46.259],[8.622,46.255],[8.616,46.258],[8.612,46.257],[8.603,46.26],[8.599,46.257],[8.593,46.264],[8.603,46.265],[8.606,46.262],[8.609,46.263],[8.612,46.261],[8.622,46.26],[8.624,46.259]]],[[[8.577,46.279],[8.58,46.28],[8.581,46.277],[8.574,46.275],[8.565,46.28],[8.567,46.282],[8.571,46.281],[8.574,46.283],[8.577,46.279]]],[[[8.567,46.253],[8.56,46.253],[8.547,46.256],[8.539,46.255],[8.528,46.259],[8.518,46.258],[8.515,46.256],[8.509,46.258],[8.505,46.257],[8.503,46.256],[8.502,46.252],[8.492,46.253],[8.488,46.256],[8.499,46.262],[8.5,46.267],[8.502,46.269],[8.519,46.268],[8.528,46.27],[8.531,46.268],[8.538,46.268],[8.545,46.27],[8.548,46.269],[8.554,46.274],[8.558,46.274],[8.57,46.269],[8.565,46.266],[8.562,46.262],[8.563,46.257],[8.561,46.255],[8.567,46.253]]],[[[8.537,46.221],[8.53,46.218],[8.527,46.221],[8.523,46.222],[8.527,46.226],[8.53,46.224],[8.54,46.225],[8.544,46.224],[8.547,46.227],[8.548,46.226],[8.547,46.223],[8.537,46.221]]],[[[8.469,46.899],[8.462,46.897],[8.452,46.898],[8.445,46.902],[8.453,46.908],[8.456,46.908],[8.454,46.911],[8.456,46.912],[8.463,46.914],[8.466,46.912],[8.472,46.912],[8.473,46.913],[8.47,46.915],[8.472,46.917],[8.476,46.916],[8.478,46.917],[8.482,46.924],[8.496,46.924],[8.499,46.92],[8.502,46.92],[8.505,46.924],[8.525,46.924],[8.522,46.922],[8.515,46.922],[8.509,46.918],[8.502,46.916],[8.495,46.918],[8.489,46.917],[8.49,46.91],[8.468,46.906],[8.467,46.904],[8.469,46.899]]],[[[8.523,46.224],[8.518,46.221],[8.505,46.226],[8.5,46.226],[8.498,46.228],[8.495,46.227],[8.492,46.23],[8.489,46.229],[8.485,46.232],[8.469,46.232],[8.467,46.236],[8.464,46.238],[8.464,46.245],[8.456,46.245],[8.453,46.248],[8.441,46.249],[8.442,46.256],[8.445,46.258],[8.445,46.261],[8.452,46.265],[8.454,46.269],[8.46,46.268],[8.463,46.271],[8.47,46.27],[8.459,46.261],[8.457,46.254],[8.455,46.254],[8.463,46.252],[8.47,46.254],[8.473,46.257],[8.479,46.256],[8.485,46.251],[8.475,46.247],[8.482,46.237],[8.495,46.235],[8.502,46.23],[8.505,46.231],[8.511,46.228],[8.521,46.228],[8.523,46.224]]],[[[8.321,46.826],[8.323,46.828],[8.325,46.826],[8.321,46.826]]],[[[8.323,46.828],[8.33,46.833],[8.319,46.833],[8.325,46.835],[8.329,46.842],[8.337,46.838],[8.343,46.839],[8.353,46.83],[8.343,46.83],[8.338,46.828],[8.333,46.83],[8.327,46.827],[8.323,46.828]]],[[[8.189,46.773],[8.201,46.771],[8.188,46.77],[8.186,46.771],[8.187,46.773],[8.185,46.775],[8.188,46.778],[8.189,46.773]]],[[[8.201,46.771],[8.208,46.773],[8.21,46.771],[8.208,46.769],[8.201,46.771]]],[[[8.153,46.159],[8.151,46.158],[8.148,46.16],[8.146,46.166],[8.15,46.168],[8.145,46.173],[8.148,46.175],[8.145,46.178],[8.154,46.182],[8.166,46.18],[8.156,46.171],[8.156,46.168],[8.153,46.166],[8.153,46.159]]],[[[7.18,45.937],[7.186,45.932],[7.185,45.928],[7.169,45.919],[7.164,45.914],[7.178,45.918],[7.188,45.919],[7.189,45.912],[7.187,45.908],[7.182,45.905],[7.176,45.898],[7.179,45.896],[7.181,45.891],[7.184,45.891],[7.187,45.896],[7.191,45.898],[7.204,45.9],[7.212,45.903],[7.213,45.905],[7.217,45.905],[7.207,45.907],[7.206,45.91],[7.211,45.914],[7.206,45.923],[7.213,45.93],[7.216,45.936],[7.236,45.931],[7.24,45.932],[7.252,45.929],[7.255,45.931],[7.255,45.934],[7.247,45.941],[7.248,45.943],[7.25,45.943],[7.249,45.946],[7.239,45.945],[7.225,45.952],[7.225,45.955],[7.232,45.955],[7.235,45.957],[7.234,45.961],[7.225,45.973],[7.234,45.975],[7.234,45.977],[7.239,45.981],[7.24,45.984],[7.231,45.984],[7.223,45.986],[7.22,45.988],[7.226,45.995],[7.219,45.998],[7.206,45.999],[7.207,46.002],[7.213,46.001],[7.221,46.004],[7.222,46.006],[7.226,46.006],[7.219,46.008],[7.217,46.011],[7.202,46.015],[7.201,46.018],[7.204,46.02],[7.204,46.022],[7.203,46.023],[7.2,46.019],[7.198,46.022],[7.198,46.027],[7.2,46.029],[7.203,46.026],[7.206,46.03],[7.209,46.03],[7.211,46.029],[7.211,46.024],[7.213,46.023],[7.223,46.024],[7.235,46.035],[7.238,46.032],[7.245,46.031],[7.247,46.036],[7.245,46.038],[7.248,46.039],[7.255,46.033],[7.274,46.033],[7.275,46.029],[7.27,46.024],[7.276,46.024],[7.28,46.026],[7.287,46.023],[7.288,46.022],[7.287,46.015],[7.29,46.018],[7.303,46.018],[7.291,46.024],[7.291,46.027],[7.293,46.028],[7.306,46.028],[7.313,46.024],[7.314,46.02],[7.312,46.018],[7.313,46.017],[7.319,46.02],[7.322,46.018],[7.322,46.015],[7.328,46.011],[7.322,46.004],[7.326,46.006],[7.329,46.002],[7.339,46.002],[7.345,45.998],[7.346,45.995],[7.339,45.994],[7.336,45.989],[7.339,45.985],[7.34,45.989],[7.345,45.991],[7.346,45.989],[7.345,45.982],[7.347,45.98],[7.346,45.973],[7.347,45.971],[7.343,45.962],[7.352,45.952],[7.359,45.948],[7.361,45.945],[7.367,45.944],[7.367,45.939],[7.371,45.935],[7.377,45.933],[7.378,45.935],[7.371,45.941],[7.374,45.944],[7.371,45.942],[7.368,45.946],[7.38,45.95],[7.377,45.953],[7.363,45.955],[7.364,45.958],[7.367,45.959],[7.367,45.962],[7.361,45.968],[7.363,45.975],[7.358,45.984],[7.361,45.989],[7.361,45.991],[7.357,45.993],[7.36,45.995],[7.358,45.998],[7.36,46.002],[7.353,46.007],[7.355,46.011],[7.351,46.013],[7.353,46.018],[7.347,46.022],[7.347,46.027],[7.342,46.031],[7.333,46.033],[7.333,46.036],[7.339,46.04],[7.325,46.038],[7.319,46.04],[7.318,46.042],[7.319,46.045],[7.326,46.051],[7.326,46.054],[7.319,46.051],[7.313,46.046],[7.309,46.048],[7.306,46.046],[7.302,46.051],[7.303,46.053],[7.306,46.051],[7.307,46.054],[7.303,46.06],[7.297,46.057],[7.287,46.06],[7.29,46.065],[7.285,46.072],[7.278,46.074],[7.271,46.081],[7.267,46.08],[7.261,46.084],[7.256,46.085],[7.257,46.087],[7.255,46.09],[7.25,46.092],[7.258,46.097],[7.261,46.094],[7.265,46.099],[7.264,46.102],[7.261,46.097],[7.259,46.101],[7.261,46.106],[7.248,46.114],[7.247,46.117],[7.258,46.118],[7.261,46.116],[7.267,46.118],[7.27,46.116],[7.272,46.119],[7.27,46.123],[7.266,46.126],[7.264,46.132],[7.267,46.133],[7.277,46.132],[7.281,46.13],[7.283,46.132],[7.287,46.13],[7.29,46.126],[7.292,46.128],[7.296,46.128],[7.299,46.126],[7.297,46.121],[7.294,46.119],[7.299,46.114],[7.299,46.11],[7.304,46.119],[7.309,46.12],[7.322,46.114],[7.319,46.11],[7.324,46.105],[7.336,46.105],[7.335,46.108],[7.332,46.109],[7.325,46.108],[7.323,46.114],[7.328,46.117],[7.328,46.119],[7.324,46.126],[7.33,46.128],[7.331,46.132],[7.329,46.135],[7.333,46.139],[7.333,46.144],[7.338,46.146],[7.338,46.149],[7.341,46.15],[7.336,46.157],[7.34,46.159],[7.341,46.162],[7.348,46.162],[7.351,46.166],[7.358,46.165],[7.364,46.169],[7.369,46.164],[7.368,46.159],[7.373,46.155],[7.367,46.148],[7.371,46.149],[7.374,46.144],[7.369,46.141],[7.367,46.137],[7.364,46.137],[7.368,46.135],[7.368,46.132],[7.37,46.13],[7.376,46.128],[7.374,46.126],[7.377,46.123],[7.377,46.121],[7.382,46.117],[7.377,46.112],[7.381,46.112],[7.384,46.108],[7.383,46.101],[7.391,46.099],[7.392,46.096],[7.39,46.094],[7.397,46.086],[7.398,46.088],[7.402,46.088],[7.403,46.086],[7.409,46.088],[7.417,46.088],[7.426,46.086],[7.426,46.095],[7.421,46.099],[7.426,46.104],[7.432,46.096],[7.439,46.09],[7.443,46.092],[7.442,46.094],[7.439,46.093],[7.437,46.097],[7.439,46.098],[7.442,46.095],[7.445,46.095],[7.448,46.102],[7.452,46.106],[7.461,46.111],[7.466,46.11],[7.465,46.108],[7.468,46.104],[7.474,46.105],[7.482,46.103],[7.479,46.101],[7.479,46.099],[7.471,46.094],[7.474,46.092],[7.472,46.09],[7.465,46.088],[7.471,46.083],[7.468,46.081],[7.461,46.081],[7.464,46.078],[7.477,46.076],[7.477,46.072],[7.474,46.072],[7.476,46.067],[7.468,46.06],[7.464,46.061],[7.458,46.055],[7.455,46.054],[7.458,46.048],[7.465,46.047],[7.468,46.048],[7.474,46.045],[7.475,46.043],[7.467,46.043],[7.467,46.04],[7.464,46.038],[7.459,46.038],[7.458,46.036],[7.461,46.036],[7.465,46.034],[7.464,46.031],[7.45,46.025],[7.451,46.022],[7.457,46.018],[7.471,46.018],[7.476,46.013],[7.476,46.009],[7.484,46.004],[7.487,45.995],[7.491,45.995],[7.493,45.998],[7.492,46.002],[7.494,46.003],[7.497,45.998],[7.5,45.998],[7.502,46.0],[7.5,46.004],[7.501,46.009],[7.5,46.013],[7.494,46.019],[7.49,46.02],[7.498,46.025],[7.5,46.029],[7.498,46.031],[7.504,46.034],[7.505,46.038],[7.502,46.043],[7.513,46.056],[7.506,46.057],[7.503,46.056],[7.502,46.058],[7.502,46.061],[7.507,46.065],[7.508,46.07],[7.51,46.072],[7.53,46.067],[7.536,46.058],[7.539,46.057],[7.537,46.054],[7.538,46.051],[7.541,46.054],[7.543,46.054],[7.545,46.051],[7.544,46.045],[7.536,46.036],[7.536,46.033],[7.542,46.032],[7.552,46.045],[7.559,46.045],[7.562,46.042],[7.564,46.038],[7.561,46.036],[7.565,46.036],[7.565,46.038],[7.568,46.04],[7.574,46.04],[7.565,46.049],[7.569,46.051],[7.567,46.054],[7.567,46.058],[7.569,46.06],[7.569,46.063],[7.565,46.066],[7.56,46.067],[7.561,46.069],[7.56,46.074],[7.549,46.078],[7.559,46.083],[7.56,46.085],[7.555,46.09],[7.559,46.092],[7.558,46.094],[7.555,46.092],[7.542,46.093],[7.542,46.096],[7.547,46.099],[7.545,46.101],[7.546,46.103],[7.545,46.104],[7.541,46.103],[7.543,46.108],[7.54,46.11],[7.539,46.116],[7.526,46.124],[7.514,46.126],[7.514,46.13],[7.508,46.132],[7.509,46.139],[7.507,46.141],[7.5,46.142],[7.493,46.141],[7.49,46.143],[7.492,46.148],[7.496,46.15],[7.5,46.157],[7.497,46.16],[7.494,46.158],[7.484,46.164],[7.481,46.169],[7.477,46.17],[7.472,46.18],[7.468,46.18],[7.467,46.184],[7.468,46.186],[7.476,46.191],[7.477,46.204],[7.464,46.209],[7.464,46.211],[7.472,46.213],[7.481,46.224],[7.484,46.225],[7.487,46.224],[7.49,46.22],[7.494,46.219],[7.494,46.215],[7.505,46.209],[7.505,46.207],[7.507,46.206],[7.51,46.208],[7.513,46.207],[7.517,46.209],[7.515,46.211],[7.516,46.214],[7.52,46.214],[7.529,46.222],[7.53,46.227],[7.528,46.229],[7.529,46.231],[7.536,46.231],[7.538,46.227],[7.545,46.222],[7.544,46.22],[7.546,46.219],[7.547,46.216],[7.546,46.212],[7.544,46.211],[7.552,46.212],[7.554,46.211],[7.551,46.202],[7.555,46.204],[7.558,46.202],[7.559,46.198],[7.558,46.194],[7.56,46.191],[7.558,46.188],[7.545,46.188],[7.545,46.185],[7.549,46.185],[7.556,46.182],[7.551,46.173],[7.555,46.171],[7.552,46.166],[7.554,46.164],[7.552,46.162],[7.549,46.165],[7.547,46.164],[7.549,46.16],[7.555,46.161],[7.558,46.158],[7.565,46.155],[7.563,46.153],[7.565,46.148],[7.563,46.146],[7.566,46.141],[7.569,46.141],[7.571,46.145],[7.572,46.144],[7.572,46.139],[7.564,46.137],[7.563,46.135],[7.565,46.132],[7.566,46.121],[7.568,46.118],[7.571,46.118],[7.574,46.113],[7.581,46.108],[7.587,46.108],[7.59,46.114],[7.581,46.115],[7.575,46.121],[7.578,46.123],[7.58,46.128],[7.579,46.132],[7.584,46.137],[7.583,46.148],[7.581,46.15],[7.58,46.155],[7.577,46.157],[7.578,46.159],[7.585,46.159],[7.586,46.162],[7.591,46.164],[7.594,46.162],[7.595,46.159],[7.6,46.158],[7.604,46.154],[7.609,46.153],[7.604,46.15],[7.6,46.152],[7.594,46.148],[7.586,46.148],[7.589,46.146],[7.597,46.146],[7.6,46.144],[7.601,46.141],[7.593,46.139],[7.61,46.137],[7.606,46.13],[7.614,46.123],[7.611,46.119],[7.612,46.117],[7.617,46.116],[7.621,46.112],[7.62,46.11],[7.613,46.11],[7.612,46.108],[7.616,46.103],[7.613,46.101],[7.62,46.101],[7.618,46.103],[7.623,46.104],[7.626,46.107],[7.628,46.105],[7.627,46.103],[7.629,46.101],[7.628,46.096],[7.623,46.088],[7.619,46.087],[7.629,46.078],[7.63,46.081],[7.629,46.083],[7.634,46.09],[7.639,46.094],[7.642,46.091],[7.646,46.097],[7.649,46.097],[7.651,46.099],[7.668,46.098],[7.671,46.1],[7.672,46.103],[7.667,46.105],[7.666,46.11],[7.659,46.109],[7.645,46.119],[7.662,46.123],[7.653,46.126],[7.656,46.135],[7.652,46.139],[7.652,46.148],[7.6496,46.1504],[7.652,46.152],[7.651,46.153],[7.6494,46.1506],[7.645,46.155],[7.646,46.157],[7.643,46.157],[7.634,46.164],[7.639,46.167],[7.646,46.168],[7.649,46.166],[7.65,46.168],[7.649,46.171],[7.646,46.173],[7.633,46.172],[7.628,46.175],[7.64,46.18],[7.638,46.184],[7.632,46.186],[7.625,46.191],[7.62,46.198],[7.618,46.2],[7.619,46.207],[7.615,46.211],[7.617,46.213],[7.63,46.212],[7.633,46.213],[7.634,46.216],[7.63,46.222],[7.624,46.227],[7.625,46.229],[7.623,46.231],[7.615,46.234],[7.615,46.236],[7.61,46.236],[7.606,46.238],[7.605,46.24],[7.607,46.243],[7.612,46.247],[7.612,46.252],[7.61,46.256],[7.599,46.263],[7.602,46.267],[7.601,46.27],[7.617,46.271],[7.62,46.273],[7.627,46.267],[7.63,46.266],[7.633,46.267],[7.636,46.265],[7.639,46.267],[7.638,46.269],[7.64,46.271],[7.64,46.274],[7.643,46.276],[7.653,46.272],[7.651,46.269],[7.653,46.268],[7.666,46.267],[7.667,46.272],[7.672,46.271],[7.675,46.273],[7.679,46.272],[7.681,46.269],[7.69,46.263],[7.694,46.256],[7.688,46.249],[7.698,46.25],[7.702,46.247],[7.702,46.245],[7.699,46.24],[7.701,46.236],[7.697,46.224],[7.699,46.22],[7.696,46.218],[7.695,46.215],[7.691,46.213],[7.691,46.209],[7.687,46.202],[7.689,46.2],[7.686,46.191],[7.687,46.188],[7.685,46.179],[7.688,46.173],[7.694,46.177],[7.697,46.175],[7.698,46.168],[7.701,46.167],[7.703,46.168],[7.703,46.17],[7.7,46.173],[7.701,46.177],[7.694,46.178],[7.693,46.182],[7.694,46.184],[7.703,46.184],[7.702,46.186],[7.706,46.191],[7.713,46.195],[7.708,46.197],[7.708,46.202],[7.703,46.206],[7.714,46.21],[7.717,46.209],[7.72,46.211],[7.719,46.215],[7.723,46.222],[7.73,46.225],[7.734,46.225],[7.736,46.227],[7.727,46.229],[7.726,46.231],[7.728,46.236],[7.726,46.238],[7.728,46.242],[7.726,46.247],[7.727,46.249],[7.722,46.254],[7.727,46.255],[7.737,46.254],[7.739,46.256],[7.739,46.258],[7.732,46.26],[7.732,46.263],[7.73,46.265],[7.733,46.267],[7.733,46.272],[7.73,46.274],[7.732,46.278],[7.737,46.279],[7.739,46.278],[7.741,46.276],[7.739,46.274],[7.751,46.276],[7.754,46.274],[7.753,46.269],[7.748,46.267],[7.75,46.266],[7.764,46.267],[7.765,46.258],[7.761,46.253],[7.768,46.251],[7.769,46.248],[7.777,46.249],[7.779,46.248],[7.783,46.251],[7.789,46.26],[7.792,46.26],[7.795,46.257],[7.799,46.258],[7.808,46.257],[7.81,46.256],[7.811,46.253],[7.815,46.253],[7.818,46.251],[7.818,46.247],[7.814,46.244],[7.814,46.242],[7.818,46.243],[7.821,46.24],[7.818,46.236],[7.809,46.233],[7.808,46.23],[7.796,46.229],[7.789,46.22],[7.783,46.217],[7.782,46.215],[7.801,46.211],[7.799,46.208],[7.795,46.205],[7.784,46.204],[7.782,46.202],[7.779,46.202],[7.768,46.197],[7.772,46.196],[7.775,46.197],[7.784,46.193],[7.772,46.184],[7.771,46.179],[7.763,46.175],[7.771,46.168],[7.758,46.166],[7.762,46.164],[7.763,46.161],[7.758,46.155],[7.759,46.154],[7.762,46.153],[7.772,46.154],[7.773,46.152],[7.765,46.146],[7.763,46.146],[7.764,46.141],[7.762,46.136],[7.765,46.136],[7.766,46.134],[7.765,46.131],[7.768,46.13],[7.761,46.128],[7.761,46.125],[7.758,46.123],[7.76,46.121],[7.759,46.119],[7.756,46.119],[7.745,46.11],[7.751,46.11],[7.754,46.107],[7.753,46.103],[7.755,46.098],[7.758,46.096],[7.75,46.092],[7.751,46.089],[7.746,46.087],[7.736,46.087],[7.726,46.084],[7.723,46.085],[7.723,46.083],[7.73,46.08],[7.724,46.078],[7.726,46.076],[7.733,46.079],[7.736,46.076],[7.742,46.075],[7.749,46.075],[7.752,46.077],[7.756,46.076],[7.757,46.074],[7.75,46.065],[7.75,46.062],[7.754,46.06],[7.748,46.056],[7.744,46.049],[7.739,46.049],[7.736,46.047],[7.735,46.038],[7.732,46.036],[7.726,46.036],[7.716,46.041],[7.713,46.038],[7.713,46.035],[7.715,46.033],[7.713,46.032],[7.713,46.03],[7.716,46.032],[7.725,46.024],[7.716,46.019],[7.71,46.017],[7.7,46.02],[7.69,46.019],[7.681,46.02],[7.678,46.018],[7.671,46.017],[7.661,46.022],[7.658,46.016],[7.645,46.014],[7.639,46.008],[7.632,46.007],[7.633,46.004],[7.631,46.002],[7.635,46.001],[7.645,46.003],[7.658,46.0],[7.668,46.002],[7.697,45.998],[7.703,45.999],[7.706,45.997],[7.71,45.997],[7.713,45.995],[7.706,45.993],[7.702,45.988],[7.719,45.991],[7.726,45.984],[7.737,45.981],[7.738,45.977],[7.742,45.975],[7.741,45.972],[7.736,45.968],[7.739,45.967],[7.745,45.968],[7.751,45.972],[7.761,45.965],[7.768,45.966],[7.777,45.963],[7.786,45.966],[7.793,45.96],[7.794,45.961],[7.79,45.963],[7.789,45.966],[7.797,45.973],[7.805,45.97],[7.806,45.966],[7.81,45.965],[7.813,45.968],[7.81,45.97],[7.809,45.974],[7.804,45.979],[7.812,45.986],[7.8,45.982],[7.787,45.986],[7.784,45.984],[7.755,45.985],[7.753,45.986],[7.752,45.989],[7.749,45.99],[7.755,45.993],[7.748,45.993],[7.742,45.995],[7.745,45.996],[7.752,45.995],[7.768,46.001],[7.777,45.998],[7.779,45.999],[7.778,46.002],[7.784,46.004],[7.803,46.006],[7.809,46.008],[7.807,46.012],[7.804,46.013],[7.804,46.015],[7.807,46.017],[7.791,46.024],[7.784,46.033],[7.784,46.035],[7.787,46.037],[7.791,46.037],[7.784,46.04],[7.785,46.042],[7.79,46.044],[7.791,46.047],[7.797,46.048],[7.8,46.055],[7.804,46.054],[7.806,46.051],[7.803,46.04],[7.804,46.039],[7.807,46.041],[7.813,46.05],[7.82,46.046],[7.826,46.04],[7.823,46.037],[7.826,46.039],[7.829,46.039],[7.833,46.036],[7.836,46.039],[7.839,46.038],[7.842,46.044],[7.833,46.051],[7.836,46.056],[7.83,46.056],[7.822,46.062],[7.829,46.067],[7.833,46.076],[7.826,46.072],[7.81,46.074],[7.806,46.078],[7.81,46.083],[7.817,46.085],[7.822,46.089],[7.823,46.094],[7.809,46.094],[7.818,46.1],[7.818,46.105],[7.813,46.107],[7.822,46.112],[7.824,46.116],[7.823,46.121],[7.821,46.123],[7.824,46.124],[7.826,46.13],[7.82,46.131],[7.821,46.134],[7.819,46.139],[7.824,46.141],[7.82,46.143],[7.817,46.148],[7.824,46.149],[7.827,46.154],[7.827,46.152],[7.83,46.151],[7.833,46.146],[7.84,46.152],[7.843,46.148],[7.846,46.147],[7.845,46.15],[7.852,46.154],[7.847,46.159],[7.852,46.161],[7.853,46.163],[7.851,46.165],[7.852,46.168],[7.848,46.174],[7.851,46.177],[7.848,46.179],[7.85,46.181],[7.853,46.18],[7.858,46.183],[7.855,46.186],[7.856,46.188],[7.86,46.19],[7.86,46.192],[7.866,46.193],[7.869,46.196],[7.871,46.192],[7.87,46.186],[7.872,46.182],[7.879,46.185],[7.883,46.183],[7.879,46.178],[7.868,46.179],[7.863,46.177],[7.866,46.173],[7.872,46.175],[7.874,46.172],[7.869,46.166],[7.863,46.166],[7.86,46.163],[7.863,46.161],[7.866,46.164],[7.876,46.164],[7.889,46.169],[7.897,46.168],[7.898,46.161],[7.901,46.157],[7.904,46.156],[7.904,46.152],[7.899,46.145],[7.902,46.143],[7.899,46.141],[7.913,46.134],[7.907,46.125],[7.915,46.125],[7.914,46.12],[7.908,46.119],[7.904,46.121],[7.899,46.118],[7.898,46.116],[7.9,46.114],[7.899,46.111],[7.898,46.11],[7.895,46.112],[7.894,46.111],[7.899,46.107],[7.891,46.102],[7.888,46.097],[7.885,46.096],[7.888,46.092],[7.891,46.095],[7.901,46.097],[7.904,46.093],[7.911,46.091],[7.92,46.095],[7.925,46.095],[7.937,46.101],[7.946,46.091],[7.944,46.089],[7.945,46.084],[7.944,46.082],[7.947,46.077],[7.945,46.075],[7.948,46.071],[7.948,46.064],[7.944,46.062],[7.949,46.061],[7.955,46.055],[7.964,46.057],[7.964,46.062],[7.969,46.069],[7.969,46.071],[7.966,46.073],[7.966,46.077],[7.969,46.078],[7.975,46.077],[7.985,46.072],[7.986,46.073],[7.984,46.075],[7.989,46.075],[7.991,46.073],[7.993,46.075],[7.985,46.084],[7.972,46.086],[7.975,46.088],[7.98,46.088],[7.98,46.091],[7.97,46.098],[7.975,46.101],[7.979,46.1],[7.991,46.103],[7.993,46.104],[7.992,46.106],[7.982,46.109],[7.981,46.111],[7.975,46.113],[7.966,46.111],[7.962,46.113],[7.956,46.12],[7.963,46.123],[7.961,46.125],[7.956,46.126],[7.953,46.129],[7.963,46.133],[7.964,46.136],[7.962,46.14],[7.963,46.143],[7.971,46.147],[7.966,46.148],[7.96,46.146],[7.953,46.156],[7.952,46.161],[7.955,46.163],[7.955,46.17],[7.958,46.174],[7.944,46.174],[7.936,46.176],[7.938,46.181],[7.947,46.185],[7.944,46.188],[7.937,46.189],[7.931,46.192],[7.933,46.194],[7.931,46.208],[7.933,46.212],[7.931,46.215],[7.928,46.215],[7.925,46.218],[7.918,46.221],[7.917,46.224],[7.918,46.225],[7.925,46.222],[7.931,46.222],[7.935,46.224],[7.927,46.23],[7.928,46.231],[7.938,46.229],[7.939,46.23],[7.937,46.235],[7.939,46.239],[7.935,46.244],[7.937,46.251],[7.936,46.253],[7.938,46.254],[7.94,46.246],[7.944,46.242],[7.944,46.239],[7.946,46.237],[7.946,46.235],[7.943,46.233],[7.944,46.231],[7.951,46.232],[7.952,46.23],[7.951,46.226],[7.947,46.227],[7.947,46.223],[7.954,46.226],[7.954,46.224],[7.959,46.219],[7.956,46.217],[7.957,46.215],[7.96,46.218],[7.967,46.216],[7.969,46.217],[7.968,46.226],[7.969,46.228],[7.963,46.239],[7.968,46.241],[7.966,46.25],[7.969,46.253],[7.969,46.255],[7.967,46.257],[7.966,46.262],[7.971,46.271],[7.975,46.275],[7.973,46.277],[7.976,46.282],[7.975,46.284],[7.977,46.285],[7.98,46.285],[7.987,46.289],[7.994,46.286],[7.995,46.282],[7.993,46.276],[7.989,46.277],[7.988,46.28],[7.986,46.28],[7.986,46.277],[7.988,46.275],[7.987,46.273],[7.993,46.266],[8.003,46.268],[8.009,46.265],[8.013,46.269],[8.022,46.27],[8.025,46.266],[8.022,46.26],[8.009,46.253],[8.003,46.248],[8.0,46.235],[8.0,46.223],[8.019,46.219],[8.021,46.216],[8.028,46.212],[8.03,46.207],[8.029,46.203],[8.025,46.199],[8.021,46.198],[8.022,46.195],[8.028,46.193],[8.038,46.194],[8.04,46.189],[8.05,46.187],[8.056,46.183],[8.056,46.18],[8.053,46.178],[8.056,46.176],[8.056,46.174],[8.05,46.167],[8.046,46.165],[8.045,46.16],[8.04,46.156],[8.04,46.153],[8.055,46.151],[8.06,46.154],[8.071,46.155],[8.073,46.157],[8.071,46.16],[8.073,46.164],[8.079,46.163],[8.082,46.164],[8.082,46.169],[8.087,46.171],[8.085,46.173],[8.086,46.175],[8.089,46.175],[8.093,46.171],[8.091,46.169],[8.092,46.167],[8.088,46.162],[8.089,46.16],[8.095,46.158],[8.087,46.146],[8.089,46.142],[8.087,46.137],[8.089,46.132],[8.082,46.129],[8.08,46.131],[8.075,46.131],[8.075,46.128],[8.078,46.126],[8.075,46.122],[8.079,46.116],[8.081,46.117],[8.082,46.121],[8.085,46.121],[8.092,46.126],[8.102,46.128],[8.102,46.135],[8.1,46.137],[8.108,46.139],[8.108,46.142],[8.121,46.148],[8.121,46.153],[8.126,46.155],[8.13,46.162],[8.134,46.162],[8.134,46.155],[8.138,46.154],[8.147,46.158],[8.153,46.15],[8.153,46.146],[8.143,46.139],[8.134,46.138],[8.131,46.135],[8.124,46.135],[8.115,46.129],[8.114,46.119],[8.108,46.113],[8.104,46.113],[8.098,46.109],[8.085,46.109],[8.079,46.106],[8.068,46.106],[8.066,46.104],[8.059,46.104],[8.056,46.102],[8.04,46.1],[8.033,46.095],[8.033,46.09],[8.03,46.089],[8.03,46.084],[8.026,46.081],[8.023,46.075],[8.026,46.072],[8.026,46.061],[8.029,46.059],[8.029,46.054],[8.033,46.052],[8.033,46.045],[8.019,46.037],[8.019,46.034],[8.016,46.032],[8.016,46.023],[8.013,46.021],[8.013,46.014],[8.01,46.012],[8.0,46.01],[8.0,46.007],[7.993,46.003],[7.993,46.001],[7.987,45.996],[7.981,45.996],[7.978,45.999],[7.967,45.999],[7.965,45.997],[7.939,45.997],[7.936,45.995],[7.923,45.994],[7.907,45.995],[7.9,45.985],[7.886,45.976],[7.88,45.974],[7.88,45.961],[7.877,45.959],[7.877,45.952],[7.874,45.95],[7.873,45.945],[7.87,45.943],[7.87,45.936],[7.877,45.929],[7.877,45.927],[7.864,45.918],[7.858,45.92],[7.845,45.921],[7.842,45.923],[7.832,45.923],[7.829,45.925],[7.819,45.927],[7.819,45.925],[7.812,45.921],[7.806,45.921],[7.803,45.918],[7.796,45.918],[7.79,45.921],[7.79,45.923],[7.783,45.928],[7.78,45.928],[7.771,45.934],[7.767,45.934],[7.764,45.936],[7.765,45.939],[7.748,45.939],[7.741,45.934],[7.741,45.932],[7.735,45.93],[7.735,45.925],[7.732,45.923],[7.719,45.923],[7.713,45.928],[7.713,45.93],[7.706,45.934],[7.707,45.95],[7.703,45.95],[7.697,45.955],[7.684,45.955],[7.68,45.957],[7.674,45.961],[7.675,45.966],[7.662,45.975],[7.648,45.975],[7.642,45.971],[7.622,45.971],[7.62,45.973],[7.616,45.973],[7.61,45.968],[7.6,45.968],[7.597,45.971],[7.587,45.971],[7.578,45.977],[7.578,45.982],[7.568,45.987],[7.564,45.984],[7.548,45.984],[7.548,45.982],[7.544,45.98],[7.544,45.977],[7.541,45.975],[7.545,45.973],[7.545,45.966],[7.548,45.964],[7.542,45.957],[7.538,45.957],[7.535,45.955],[7.532,45.957],[7.522,45.957],[7.516,45.962],[7.506,45.962],[7.497,45.957],[7.477,45.953],[7.47,45.948],[7.47,45.946],[7.474,45.944],[7.474,45.939],[7.468,45.935],[7.458,45.935],[7.455,45.933],[7.445,45.931],[7.435,45.924],[7.435,45.921],[7.426,45.915],[7.416,45.912],[7.41,45.908],[7.4,45.91],[7.396,45.908],[7.396,45.905],[7.394,45.903],[7.387,45.899],[7.377,45.899],[7.375,45.901],[7.365,45.903],[7.359,45.908],[7.355,45.908],[7.352,45.91],[7.352,45.912],[7.348,45.912],[7.345,45.915],[7.323,45.91],[7.313,45.917],[7.303,45.917],[7.294,45.921],[7.29,45.921],[7.286,45.914],[7.28,45.91],[7.28,45.907],[7.255,45.89],[7.252,45.89],[7.246,45.894],[7.239,45.89],[7.225,45.892],[7.222,45.889],[7.212,45.885],[7.2,45.876],[7.2,45.865],[7.197,45.862],[7.19,45.86],[7.188,45.858],[7.184,45.861],[7.171,45.865],[7.163,45.871],[7.163,45.874],[7.152,45.878],[7.149,45.876],[7.139,45.876],[7.136,45.874],[7.136,45.871],[7.126,45.865],[7.123,45.865],[7.123,45.862],[7.12,45.86],[7.116,45.86],[7.114,45.858],[7.104,45.858],[7.095,45.864],[7.095,45.869],[7.091,45.871],[7.091,45.876],[7.082,45.882],[7.082,45.885],[7.075,45.889],[7.075,45.894],[7.072,45.896],[7.068,45.896],[7.063,45.9],[7.062,45.912],[7.058,45.912],[7.046,45.92],[7.046,45.923],[7.043,45.925],[7.043,45.927],[7.039,45.929],[7.039,45.932],[7.033,45.938],[7.033,45.95],[7.036,45.952],[7.036,45.954],[7.032,45.954],[7.029,45.957],[7.016,45.959],[7.007,45.967],[7.007,45.972],[7.013,45.976],[7.013,45.979],[7.016,45.981],[7.016,45.983],[7.01,45.988],[7.01,45.999],[6.993,45.999],[6.987,46.004],[6.981,46.006],[6.981,46.017],[6.974,46.021],[6.971,46.024],[6.971,46.026],[6.955,46.037],[6.959,46.042],[6.964,46.041],[6.967,46.042],[6.969,46.046],[6.974,46.05],[6.978,46.044],[6.975,46.035],[6.977,46.034],[6.987,46.037],[6.993,46.036],[7.003,46.032],[7.008,46.028],[7.005,46.026],[7.006,46.023],[7.012,46.026],[7.019,46.023],[7.032,46.025],[7.033,46.026],[7.032,46.028],[7.022,46.039],[7.014,46.044],[7.013,46.048],[7.009,46.053],[7.016,46.054],[7.019,46.047],[7.023,46.051],[7.03,46.053],[7.038,46.053],[7.044,46.046],[7.043,46.044],[7.047,46.042],[7.046,46.037],[7.054,46.041],[7.064,46.042],[7.069,46.04],[7.069,46.037],[7.074,46.037],[7.076,46.035],[7.071,46.033],[7.067,46.035],[7.066,46.033],[7.06,46.031],[7.058,46.022],[7.055,46.024],[7.056,46.028],[7.054,46.029],[7.051,46.026],[7.054,46.024],[7.051,46.022],[7.061,46.021],[7.064,46.023],[7.071,46.021],[7.074,46.023],[7.08,46.023],[7.086,46.022],[7.084,46.021],[7.084,46.019],[7.087,46.022],[7.092,46.017],[7.083,46.013],[7.082,46.01],[7.087,46.01],[7.091,46.006],[7.09,46.004],[7.1,46.005],[7.101,46.004],[7.1,46.001],[7.093,45.999],[7.09,46.001],[7.08,46.002],[7.074,45.999],[7.068,45.993],[7.069,45.99],[7.065,45.988],[7.063,45.983],[7.077,45.988],[7.081,45.985],[7.084,45.985],[7.088,45.979],[7.094,45.979],[7.096,45.977],[7.085,45.972],[7.081,45.973],[7.077,45.971],[7.081,45.971],[7.085,45.968],[7.089,45.961],[7.082,45.957],[7.083,45.954],[7.079,45.952],[7.082,45.95],[7.081,45.947],[7.071,45.949],[7.064,45.941],[7.068,45.939],[7.071,45.935],[7.078,45.933],[7.081,45.93],[7.077,45.925],[7.077,45.918],[7.081,45.918],[7.084,45.92],[7.087,45.918],[7.084,45.912],[7.087,45.909],[7.084,45.905],[7.088,45.904],[7.097,45.91],[7.104,45.906],[7.107,45.906],[7.11,45.903],[7.107,45.9],[7.1,45.898],[7.097,45.893],[7.11,45.895],[7.114,45.894],[7.119,45.889],[7.125,45.887],[7.126,45.885],[7.135,45.889],[7.134,45.896],[7.129,45.898],[7.13,45.912],[7.129,45.914],[7.124,45.923],[7.12,45.926],[7.115,45.927],[7.114,45.93],[7.126,45.934],[7.123,45.938],[7.124,45.941],[7.126,45.943],[7.13,45.943],[7.133,45.945],[7.128,45.952],[7.129,45.953],[7.139,45.956],[7.146,45.95],[7.142,45.945],[7.149,45.941],[7.145,45.937],[7.142,45.938],[7.139,45.935],[7.141,45.934],[7.152,45.939],[7.155,45.943],[7.155,45.946],[7.158,45.946],[7.163,45.95],[7.162,45.952],[7.166,45.957],[7.165,45.959],[7.169,45.966],[7.177,45.969],[7.183,45.966],[7.183,45.959],[7.176,45.955],[7.184,45.95],[7.187,45.95],[7.191,45.943],[7.19,45.94],[7.187,45.941],[7.18,45.937]],[[7.458,46.036],[7.455,46.036],[7.454,46.034],[7.455,46.032],[7.458,46.036]],[[7.487,45.995],[7.48,45.993],[7.481,45.991],[7.487,45.995]],[[7.5,46.157],[7.503,46.156],[7.503,46.158],[7.5,46.157]],[[7.962,46.053],[7.96,46.05],[7.952,46.047],[7.952,46.045],[7.955,46.044],[7.958,46.035],[7.962,46.031],[7.964,46.032],[7.963,46.039],[7.965,46.042],[7.963,46.044],[7.964,46.048],[7.962,46.053]],[[7.416,46.031],[7.42,46.034],[7.413,46.045],[7.406,46.049],[7.413,46.056],[7.413,46.059],[7.41,46.056],[7.404,46.061],[7.404,46.063],[7.4,46.067],[7.407,46.079],[7.403,46.082],[7.395,46.081],[7.386,46.072],[7.384,46.067],[7.391,46.067],[7.39,46.061],[7.392,46.056],[7.399,46.047],[7.402,46.036],[7.414,46.034],[7.416,46.031]],[[7.389,46.085],[7.393,46.09],[7.384,46.086],[7.38,46.086],[7.379,46.085],[7.38,46.08],[7.389,46.085]]],[[[7.287,46.13],[7.289,46.135],[7.286,46.137],[7.286,46.139],[7.289,46.141],[7.29,46.144],[7.296,46.147],[7.299,46.146],[7.302,46.144],[7.296,46.142],[7.293,46.139],[7.296,46.14],[7.296,46.137],[7.299,46.135],[7.29,46.128],[7.287,46.13]]],[[[7.565,46.148],[7.568,46.15],[7.571,46.148],[7.57,46.146],[7.567,46.146],[7.565,46.148]]],[[[8.113,46.18],[8.108,46.18],[8.102,46.183],[8.101,46.185],[8.12,46.189],[8.117,46.182],[8.113,46.18]]],[[[8.071,46.799],[8.077,46.796],[8.09,46.796],[8.097,46.801],[8.096,46.803],[8.103,46.804],[8.106,46.801],[8.106,46.798],[8.103,46.797],[8.103,46.794],[8.11,46.791],[8.107,46.791],[8.101,46.787],[8.093,46.786],[8.087,46.788],[8.084,46.786],[8.08,46.786],[8.067,46.789],[8.061,46.786],[8.051,46.789],[8.047,46.788],[8.044,46.785],[8.028,46.791],[8.021,46.789],[8.015,46.79],[8.018,46.791],[8.021,46.795],[8.027,46.797],[8.031,46.796],[8.035,46.798],[8.041,46.798],[8.044,46.796],[8.048,46.798],[8.054,46.797],[8.056,46.799],[8.064,46.797],[8.071,46.799]]],[[[8.077,46.796],[8.074,46.799],[8.077,46.801],[8.081,46.801],[8.077,46.796]]],[[[7.952,46.676],[7.948,46.675],[7.948,46.679],[7.951,46.682],[7.95,46.685],[7.958,46.686],[7.964,46.689],[7.975,46.686],[7.977,46.684],[7.965,46.681],[7.961,46.682],[7.952,46.676]]],[[[7.959,46.828],[7.956,46.827],[7.953,46.83],[7.956,46.833],[7.954,46.835],[7.964,46.84],[7.966,46.835],[7.96,46.831],[7.959,46.828]]],[[[7.895,46.784],[7.887,46.784],[7.884,46.787],[7.865,46.788],[7.874,46.79],[7.898,46.79],[7.91,46.792],[7.913,46.792],[7.915,46.79],[7.904,46.79],[7.897,46.787],[7.895,46.784]]],[[[7.759,46.593],[7.754,46.595],[7.754,46.598],[7.769,46.607],[7.774,46.607],[7.77,46.602],[7.77,46.598],[7.764,46.598],[7.763,46.595],[7.759,46.593]]],[[[7.715,46.544],[7.712,46.535],[7.711,46.539],[7.705,46.539],[7.701,46.544],[7.7,46.548],[7.695,46.553],[7.706,46.557],[7.71,46.553],[7.708,46.55],[7.712,46.552],[7.716,46.55],[7.72,46.546],[7.715,46.544]]],[[[7.618,46.625],[7.612,46.632],[7.621,46.633],[7.623,46.632],[7.62,46.629],[7.618,46.625]]],[[[7.618,46.625],[7.612,46.621],[7.61,46.623],[7.611,46.625],[7.618,46.625]]],[[[7.599,46.597],[7.585,46.604],[7.584,46.605],[7.585,46.607],[7.599,46.602],[7.599,46.597]]],[[[7.592,46.593],[7.591,46.596],[7.595,46.598],[7.595,46.596],[7.592,46.593]]],[[[7.592,46.593],[7.589,46.591],[7.586,46.593],[7.589,46.595],[7.592,46.593]]],[[[7.58,46.575],[7.577,46.575],[7.574,46.578],[7.575,46.58],[7.571,46.582],[7.568,46.587],[7.569,46.589],[7.576,46.59],[7.579,46.586],[7.589,46.585],[7.58,46.575]]],[[[7.5,46.472],[7.504,46.471],[7.513,46.477],[7.518,46.477],[7.517,46.473],[7.504,46.466],[7.494,46.463],[7.491,46.465],[7.491,46.469],[7.487,46.473],[7.481,46.474],[7.481,46.477],[7.472,46.479],[7.478,46.483],[7.481,46.49],[7.476,46.492],[7.475,46.497],[7.465,46.499],[7.469,46.501],[7.469,46.504],[7.474,46.508],[7.468,46.511],[7.458,46.511],[7.455,46.513],[7.461,46.517],[7.468,46.516],[7.471,46.513],[7.478,46.51],[7.491,46.51],[7.494,46.512],[7.497,46.511],[7.507,46.514],[7.508,46.517],[7.494,46.522],[7.496,46.524],[7.482,46.531],[7.471,46.532],[7.466,46.535],[7.467,46.54],[7.474,46.543],[7.483,46.54],[7.484,46.537],[7.491,46.536],[7.494,46.534],[7.497,46.535],[7.499,46.531],[7.503,46.528],[7.51,46.526],[7.514,46.529],[7.517,46.527],[7.524,46.526],[7.529,46.528],[7.53,46.531],[7.523,46.533],[7.531,46.54],[7.537,46.542],[7.533,46.548],[7.528,46.546],[7.519,46.546],[7.515,46.549],[7.53,46.551],[7.53,46.553],[7.527,46.555],[7.53,46.559],[7.543,46.561],[7.551,46.557],[7.555,46.56],[7.566,46.559],[7.569,46.561],[7.571,46.56],[7.571,46.557],[7.565,46.553],[7.566,46.548],[7.563,46.542],[7.562,46.541],[7.559,46.542],[7.559,46.545],[7.552,46.544],[7.55,46.542],[7.551,46.537],[7.547,46.537],[7.549,46.539],[7.546,46.541],[7.542,46.537],[7.543,46.535],[7.539,46.533],[7.54,46.53],[7.539,46.528],[7.533,46.522],[7.531,46.517],[7.525,46.515],[7.514,46.504],[7.516,46.501],[7.512,46.499],[7.51,46.496],[7.503,46.499],[7.501,46.497],[7.495,46.497],[7.493,46.495],[7.493,46.486],[7.49,46.483],[7.489,46.479],[7.492,46.477],[7.494,46.473],[7.497,46.475],[7.499,46.474],[7.5,46.472]]],[[[7.545,46.564],[7.543,46.562],[7.533,46.565],[7.526,46.571],[7.527,46.573],[7.53,46.572],[7.536,46.575],[7.538,46.578],[7.542,46.578],[7.546,46.575],[7.545,46.564]]],[[[7.448,46.538],[7.436,46.535],[7.438,46.537],[7.435,46.54],[7.442,46.541],[7.446,46.546],[7.444,46.549],[7.448,46.551],[7.448,46.553],[7.449,46.551],[7.454,46.549],[7.454,46.546],[7.45,46.542],[7.452,46.54],[7.463,46.549],[7.466,46.549],[7.467,46.544],[7.461,46.537],[7.452,46.536],[7.448,46.538]]],[[[7.46,46.569],[7.442,46.558],[7.435,46.562],[7.434,46.564],[7.442,46.565],[7.445,46.567],[7.445,46.569],[7.454,46.573],[7.456,46.576],[7.46,46.576],[7.461,46.571],[7.46,46.569]]],[[[7.435,46.108],[7.43,46.108],[7.429,46.111],[7.426,46.108],[7.423,46.11],[7.422,46.115],[7.415,46.117],[7.417,46.119],[7.415,46.121],[7.419,46.123],[7.42,46.126],[7.418,46.128],[7.423,46.135],[7.42,46.141],[7.426,46.145],[7.433,46.144],[7.436,46.141],[7.432,46.137],[7.431,46.13],[7.428,46.128],[7.428,46.123],[7.431,46.123],[7.438,46.128],[7.445,46.13],[7.448,46.128],[7.448,46.126],[7.442,46.123],[7.439,46.119],[7.433,46.119],[7.441,46.115],[7.439,46.112],[7.433,46.112],[7.435,46.108]]],[[[7.375,46.429],[7.37,46.428],[7.367,46.432],[7.377,46.436],[7.38,46.442],[7.382,46.441],[7.382,46.436],[7.375,46.429]]],[[[7.354,46.442],[7.348,46.44],[7.343,46.443],[7.344,46.447],[7.351,46.449],[7.351,46.451],[7.347,46.452],[7.346,46.456],[7.349,46.461],[7.354,46.463],[7.358,46.461],[7.356,46.459],[7.356,46.454],[7.36,46.45],[7.354,46.442]]],[[[7.324,46.638],[7.332,46.641],[7.334,46.644],[7.335,46.643],[7.334,46.637],[7.328,46.633],[7.325,46.634],[7.324,46.638]]],[[[7.324,46.638],[7.311,46.638],[7.308,46.635],[7.304,46.638],[7.304,46.641],[7.3,46.643],[7.301,46.645],[7.305,46.646],[7.31,46.645],[7.308,46.643],[7.315,46.646],[7.318,46.644],[7.328,46.645],[7.33,46.643],[7.326,46.641],[7.324,46.638]]],[[[7.247,46.123],[7.245,46.12],[7.234,46.123],[7.232,46.125],[7.225,46.125],[7.212,46.122],[7.21,46.126],[7.221,46.13],[7.225,46.128],[7.228,46.131],[7.238,46.125],[7.245,46.125],[7.247,46.123]]],[[[7.231,46.424],[7.214,46.416],[7.208,46.416],[7.2,46.425],[7.201,46.428],[7.205,46.427],[7.211,46.431],[7.213,46.427],[7.221,46.43],[7.229,46.429],[7.231,46.424]]],[[[7.218,46.373],[7.205,46.367],[7.198,46.369],[7.192,46.367],[7.19,46.368],[7.192,46.373],[7.19,46.375],[7.172,46.376],[7.169,46.374],[7.166,46.376],[7.152,46.377],[7.151,46.382],[7.127,46.378],[7.11,46.378],[7.108,46.379],[7.109,46.382],[7.112,46.384],[7.109,46.388],[7.11,46.389],[7.114,46.387],[7.12,46.391],[7.12,46.388],[7.118,46.386],[7.12,46.384],[7.123,46.386],[7.127,46.386],[7.13,46.384],[7.13,46.386],[7.134,46.388],[7.132,46.391],[7.136,46.397],[7.143,46.396],[7.146,46.398],[7.149,46.397],[7.149,46.394],[7.153,46.396],[7.158,46.395],[7.156,46.39],[7.165,46.393],[7.162,46.396],[7.169,46.396],[7.172,46.391],[7.175,46.392],[7.179,46.391],[7.182,46.393],[7.188,46.39],[7.195,46.394],[7.197,46.393],[7.198,46.388],[7.204,46.389],[7.2,46.382],[7.205,46.374],[7.208,46.379],[7.214,46.381],[7.218,46.382],[7.224,46.38],[7.223,46.377],[7.218,46.373]]],[[[7.201,46.441],[7.178,46.437],[7.175,46.44],[7.178,46.442],[7.182,46.441],[7.193,46.445],[7.195,46.45],[7.195,46.447],[7.198,46.444],[7.204,46.445],[7.204,46.443],[7.201,46.441]]],[[[7.2,46.033],[7.196,46.034],[7.193,46.038],[7.188,46.04],[7.2,46.045],[7.198,46.038],[7.202,46.036],[7.2,46.033]]],[[[7.184,45.938],[7.184,45.934],[7.183,45.937],[7.184,45.938]]],[[[7.127,46.272],[7.121,46.268],[7.118,46.269],[7.118,46.271],[7.116,46.271],[7.121,46.274],[7.124,46.278],[7.137,46.278],[7.139,46.276],[7.131,46.272],[7.127,46.272]]],[[[7.003,46.376],[7.0,46.371],[6.994,46.374],[6.997,46.379],[7.0,46.378],[7.003,46.381],[7.006,46.381],[7.011,46.388],[7.018,46.39],[7.019,46.392],[7.023,46.392],[7.024,46.388],[7.019,46.381],[7.009,46.377],[7.007,46.374],[7.003,46.376]]],[[[6.895,46.048],[6.89,46.044],[6.88,46.044],[6.877,46.046],[6.873,46.046],[6.867,46.05],[6.867,46.052],[6.87,46.054],[6.871,46.059],[6.874,46.061],[6.874,46.066],[6.883,46.072],[6.887,46.073],[6.886,46.084],[6.883,46.086],[6.883,46.097],[6.886,46.099],[6.886,46.102],[6.89,46.104],[6.889,46.106],[6.893,46.109],[6.892,46.125],[6.856,46.124],[6.853,46.127],[6.843,46.129],[6.841,46.131],[6.814,46.131],[6.808,46.135],[6.801,46.136],[6.798,46.135],[6.795,46.137],[6.796,46.14],[6.793,46.142],[6.795,46.146],[6.801,46.144],[6.814,46.144],[6.817,46.146],[6.837,46.145],[6.839,46.149],[6.853,46.15],[6.863,46.144],[6.876,46.144],[6.882,46.141],[6.883,46.147],[6.891,46.156],[6.889,46.16],[6.891,46.167],[6.902,46.167],[6.905,46.169],[6.905,46.171],[6.9,46.174],[6.901,46.175],[6.912,46.174],[6.914,46.177],[6.917,46.177],[6.921,46.182],[6.928,46.181],[6.93,46.183],[6.934,46.182],[6.94,46.185],[6.941,46.19],[6.943,46.191],[6.945,46.19],[6.946,46.185],[6.953,46.186],[6.956,46.184],[6.959,46.186],[6.969,46.184],[6.969,46.181],[6.959,46.179],[6.96,46.174],[6.956,46.171],[6.956,46.168],[6.96,46.169],[6.969,46.161],[6.979,46.156],[6.986,46.156],[6.989,46.158],[6.991,46.156],[6.999,46.155],[6.999,46.153],[6.995,46.151],[6.992,46.153],[6.986,46.153],[6.982,46.151],[6.968,46.154],[6.96,46.152],[6.953,46.148],[6.953,46.145],[6.948,46.143],[6.953,46.138],[6.958,46.138],[6.966,46.14],[6.973,46.144],[6.983,46.137],[7.001,46.134],[6.996,46.13],[6.983,46.131],[6.976,46.128],[6.977,46.125],[6.973,46.122],[6.976,46.122],[6.98,46.118],[6.979,46.117],[6.97,46.12],[6.959,46.12],[6.957,46.118],[6.953,46.118],[6.952,46.116],[6.953,46.113],[6.967,46.111],[6.977,46.102],[6.96,46.097],[6.956,46.098],[6.958,46.093],[6.952,46.093],[6.951,46.088],[6.949,46.086],[6.955,46.084],[6.947,46.079],[6.944,46.08],[6.928,46.074],[6.919,46.077],[6.919,46.082],[6.913,46.089],[6.913,46.093],[6.908,46.1],[6.907,46.095],[6.908,46.091],[6.904,46.088],[6.905,46.086],[6.912,46.084],[6.917,46.08],[6.917,46.077],[6.914,46.075],[6.914,46.073],[6.918,46.069],[6.922,46.07],[6.927,46.066],[6.925,46.063],[6.918,46.062],[6.915,46.06],[6.915,46.057],[6.906,46.051],[6.899,46.048],[6.895,46.048]]],[[[6.822,46.171],[6.807,46.169],[6.804,46.172],[6.801,46.17],[6.798,46.173],[6.804,46.178],[6.811,46.177],[6.813,46.18],[6.808,46.182],[6.808,46.191],[6.805,46.194],[6.805,46.198],[6.802,46.2],[6.803,46.205],[6.807,46.204],[6.81,46.207],[6.817,46.204],[6.82,46.2],[6.823,46.203],[6.827,46.2],[6.831,46.205],[6.83,46.207],[6.833,46.209],[6.836,46.209],[6.839,46.206],[6.846,46.207],[6.847,46.205],[6.843,46.203],[6.84,46.198],[6.83,46.195],[6.821,46.187],[6.825,46.185],[6.827,46.182],[6.833,46.184],[6.846,46.18],[6.843,46.176],[6.84,46.178],[6.824,46.18],[6.815,46.178],[6.817,46.175],[6.822,46.174],[6.822,46.171]]],[[[6.814,46.152],[6.792,46.147],[6.789,46.151],[6.791,46.154],[6.801,46.158],[6.804,46.153],[6.816,46.156],[6.814,46.152]]],[[[6.797,46.333],[6.786,46.332],[6.785,46.335],[6.781,46.337],[6.782,46.34],[6.786,46.34],[6.789,46.344],[6.801,46.342],[6.798,46.34],[6.809,46.34],[6.805,46.339],[6.802,46.336],[6.795,46.335],[6.797,46.333]]]]},"properties":{"value":20,"fill":"#99F0B2","zIndex":2},"id":"1"},{"type":"Feature","geometry":{"type":"MultiPolygon","coordinates":[[[[10.483,46.587],[10.482,46.58],[10.466,46.583],[10.458,46.587],[10.46,46.589],[10.463,46.587],[10.467,46.588],[10.48,46.584],[10.481,46.587],[10.483,46.587]]],[[[10.467,46.544],[10.457,46.543],[10.452,46.547],[10.453,46.549],[10.451,46.551],[10.446,46.554],[10.455,46.555],[10.457,46.549],[10.461,46.551],[10.468,46.546],[10.467,46.544]]],[[[10.43,46.752],[10.426,46.755],[10.424,46.764],[10.421,46.766],[10.424,46.766],[10.427,46.763],[10.434,46.762],[10.44,46.764],[10.441,46.763],[10.441,46.754],[10.433,46.754],[10.43,46.752]]],[[[10.425,46.921],[10.42,46.921],[10.42,46.924],[10.423,46.928],[10.427,46.928],[10.423,46.932],[10.427,46.933],[10.433,46.93],[10.434,46.928],[10.425,46.921]]],[[[10.407,46.55],[10.386,46.55],[10.378,46.553],[10.38,46.558],[10.383,46.559],[10.392,46.555],[10.396,46.555],[10.4,46.557],[10.4,46.56],[10.398,46.562],[10.406,46.565],[10.413,46.564],[10.414,46.559],[10.419,46.556],[10.424,46.557],[10.422,46.552],[10.416,46.553],[10.407,46.55]]],[[[10.374,46.882],[10.371,46.881],[10.368,46.884],[10.362,46.885],[10.359,46.889],[10.371,46.896],[10.367,46.898],[10.356,46.902],[10.353,46.901],[10.346,46.905],[10.333,46.905],[10.327,46.909],[10.316,46.908],[10.313,46.911],[10.314,46.912],[10.324,46.912],[10.323,46.917],[10.325,46.921],[10.312,46.924],[10.313,46.929],[10.318,46.929],[10.322,46.937],[10.328,46.931],[10.332,46.934],[10.333,46.923],[10.337,46.918],[10.342,46.921],[10.345,46.921],[10.345,46.914],[10.347,46.912],[10.353,46.912],[10.354,46.909],[10.356,46.908],[10.36,46.91],[10.374,46.911],[10.374,46.913],[10.371,46.916],[10.376,46.92],[10.377,46.923],[10.378,46.913],[10.383,46.912],[10.386,46.908],[10.393,46.912],[10.399,46.911],[10.401,46.913],[10.4,46.917],[10.406,46.915],[10.411,46.917],[10.411,46.924],[10.414,46.924],[10.42,46.92],[10.413,46.908],[10.417,46.906],[10.412,46.905],[10.406,46.907],[10.404,46.906],[10.405,46.904],[10.402,46.902],[10.399,46.901],[10.396,46.903],[10.392,46.897],[10.393,46.895],[10.392,46.894],[10.389,46.897],[10.385,46.896],[10.381,46.898],[10.387,46.893],[10.379,46.893],[10.371,46.887],[10.374,46.882]]],[[[10.41,46.708],[10.398,46.706],[10.388,46.707],[10.379,46.714],[10.375,46.713],[10.366,46.719],[10.362,46.72],[10.363,46.724],[10.369,46.721],[10.376,46.721],[10.379,46.723],[10.399,46.723],[10.406,46.721],[10.407,46.726],[10.398,46.733],[10.377,46.735],[10.376,46.742],[10.361,46.747],[10.351,46.747],[10.349,46.745],[10.344,46.744],[10.34,46.748],[10.34,46.752],[10.33,46.759],[10.332,46.761],[10.337,46.761],[10.339,46.763],[10.346,46.763],[10.347,46.766],[10.344,46.77],[10.346,46.772],[10.35,46.772],[10.352,46.775],[10.358,46.772],[10.358,46.77],[10.355,46.768],[10.361,46.765],[10.372,46.765],[10.378,46.763],[10.388,46.764],[10.391,46.761],[10.394,46.762],[10.395,46.765],[10.391,46.763],[10.389,46.765],[10.395,46.771],[10.404,46.769],[10.405,46.766],[10.403,46.764],[10.406,46.762],[10.392,46.758],[10.393,46.753],[10.392,46.751],[10.393,46.749],[10.401,46.746],[10.407,46.753],[10.414,46.744],[10.41,46.74],[10.406,46.739],[10.401,46.735],[10.417,46.723],[10.416,46.717],[10.413,46.714],[10.413,46.71],[10.41,46.708]]],[[[10.309,46.939],[10.309,46.949],[10.312,46.944],[10.316,46.945],[10.323,46.942],[10.322,46.94],[10.319,46.939],[10.309,46.939]]],[[[10.309,46.949],[10.316,46.951],[10.313,46.948],[10.309,46.949]]],[[[10.316,46.951],[10.319,46.951],[10.326,46.956],[10.335,46.957],[10.335,46.977],[10.339,46.98],[10.339,46.982],[10.349,46.984],[10.35,46.988],[10.354,46.991],[10.374,46.991],[10.377,46.994],[10.376,46.997],[10.381,47.0],[10.391,47.0],[10.398,46.996],[10.396,46.992],[10.402,46.989],[10.398,46.985],[10.396,46.985],[10.393,46.987],[10.391,46.991],[10.387,46.992],[10.377,46.989],[10.374,46.986],[10.367,46.984],[10.363,46.977],[10.353,46.973],[10.353,46.967],[10.348,46.966],[10.342,46.962],[10.343,46.96],[10.346,46.962],[10.35,46.962],[10.351,46.959],[10.349,46.956],[10.336,46.952],[10.334,46.95],[10.326,46.952],[10.323,46.95],[10.316,46.951]]],[[[10.392,46.661],[10.38,46.659],[10.379,46.661],[10.383,46.665],[10.383,46.667],[10.376,46.666],[10.373,46.668],[10.376,46.67],[10.38,46.67],[10.377,46.673],[10.387,46.677],[10.387,46.675],[10.391,46.672],[10.39,46.665],[10.394,46.663],[10.392,46.661]]],[[[10.336,46.563],[10.341,46.563],[10.338,46.561],[10.336,46.563]]],[[[10.338,46.561],[10.344,46.564],[10.351,46.562],[10.357,46.564],[10.362,46.56],[10.354,46.56],[10.341,46.545],[10.337,46.544],[10.331,46.549],[10.324,46.552],[10.314,46.549],[10.298,46.55],[10.295,46.56],[10.291,46.562],[10.288,46.565],[10.288,46.567],[10.289,46.569],[10.299,46.572],[10.302,46.571],[10.299,46.564],[10.3,46.562],[10.298,46.56],[10.302,46.558],[10.318,46.558],[10.319,46.562],[10.322,46.564],[10.334,46.555],[10.344,46.556],[10.343,46.559],[10.338,46.561]]],[[[10.357,46.585],[10.349,46.584],[10.346,46.587],[10.333,46.589],[10.32,46.593],[10.318,46.595],[10.327,46.602],[10.328,46.597],[10.335,46.595],[10.339,46.591],[10.356,46.588],[10.357,46.585]]],[[[10.303,46.663],[10.298,46.663],[10.304,46.674],[10.303,46.677],[10.295,46.678],[10.289,46.683],[10.285,46.682],[10.282,46.686],[10.279,46.683],[10.275,46.682],[10.273,46.684],[10.276,46.686],[10.276,46.691],[10.273,46.692],[10.267,46.689],[10.268,46.687],[10.262,46.68],[10.262,46.682],[10.251,46.687],[10.25,46.689],[10.243,46.69],[10.246,46.692],[10.25,46.69],[10.256,46.69],[10.263,46.692],[10.27,46.696],[10.265,46.698],[10.273,46.699],[10.277,46.698],[10.278,46.693],[10.283,46.69],[10.289,46.693],[10.293,46.693],[10.294,46.69],[10.291,46.686],[10.299,46.686],[10.303,46.683],[10.301,46.681],[10.318,46.682],[10.325,46.684],[10.331,46.687],[10.327,46.69],[10.328,46.691],[10.341,46.689],[10.342,46.687],[10.335,46.687],[10.332,46.685],[10.333,46.683],[10.329,46.681],[10.326,46.676],[10.321,46.673],[10.318,46.674],[10.311,46.665],[10.307,46.667],[10.303,46.663]]],[[[9.949,46.755],[9.956,46.762],[9.959,46.762],[9.956,46.765],[9.952,46.765],[9.951,46.768],[9.957,46.77],[9.956,46.773],[9.957,46.775],[9.956,46.776],[9.953,46.775],[9.95,46.777],[9.948,46.782],[9.951,46.784],[9.947,46.786],[9.951,46.796],[9.941,46.796],[9.938,46.798],[9.934,46.798],[9.939,46.8],[9.934,46.802],[9.932,46.805],[9.932,46.809],[9.925,46.808],[9.912,46.814],[9.924,46.816],[9.925,46.821],[9.922,46.824],[9.926,46.825],[9.924,46.827],[9.925,46.83],[9.923,46.833],[9.916,46.834],[9.907,46.839],[9.913,46.84],[9.917,46.838],[9.93,46.838],[9.936,46.834],[9.932,46.832],[9.932,46.829],[9.936,46.831],[9.946,46.832],[9.949,46.83],[9.956,46.83],[9.957,46.829],[9.954,46.827],[9.955,46.826],[9.959,46.826],[9.96,46.824],[9.97,46.82],[9.969,46.817],[9.965,46.819],[9.962,46.818],[9.964,46.815],[9.963,46.813],[9.958,46.813],[9.958,46.81],[9.955,46.809],[9.951,46.804],[9.959,46.804],[9.96,46.806],[9.968,46.808],[9.971,46.806],[9.971,46.802],[9.963,46.8],[9.968,46.795],[9.967,46.794],[9.96,46.796],[9.956,46.793],[9.957,46.789],[9.96,46.794],[9.966,46.79],[9.968,46.786],[9.97,46.786],[9.973,46.79],[9.98,46.79],[9.988,46.794],[9.985,46.797],[9.986,46.799],[9.997,46.803],[10.008,46.801],[10.009,46.798],[10.021,46.798],[10.02,46.805],[10.013,46.81],[10.015,46.812],[10.014,46.813],[10.002,46.814],[10.004,46.816],[10.014,46.818],[10.021,46.823],[10.032,46.825],[10.037,46.829],[10.028,46.83],[10.021,46.827],[10.005,46.827],[10.003,46.828],[10.003,46.83],[10.01,46.834],[10.008,46.836],[10.005,46.833],[10.002,46.833],[10.001,46.83],[9.995,46.829],[9.992,46.83],[9.992,46.834],[9.986,46.835],[9.986,46.837],[9.982,46.84],[9.986,46.84],[9.989,46.843],[9.992,46.841],[9.992,46.844],[9.996,46.845],[10.005,46.845],[10.009,46.843],[10.012,46.845],[10.019,46.845],[10.022,46.842],[10.025,46.844],[10.041,46.843],[10.048,46.846],[10.048,46.849],[10.052,46.854],[10.041,46.854],[10.042,46.856],[10.039,46.859],[10.041,46.863],[10.038,46.865],[10.04,46.868],[10.038,46.872],[10.034,46.874],[10.034,46.877],[10.039,46.879],[10.04,46.881],[10.043,46.88],[10.047,46.882],[10.051,46.879],[10.049,46.865],[10.052,46.866],[10.056,46.864],[10.082,46.863],[10.088,46.861],[10.09,46.86],[10.09,46.857],[10.093,46.855],[10.093,46.853],[10.097,46.85],[10.097,46.848],[10.107,46.842],[10.11,46.845],[10.12,46.849],[10.14,46.848],[10.147,46.853],[10.153,46.853],[10.157,46.85],[10.163,46.85],[10.174,46.858],[10.18,46.859],[10.187,46.863],[10.193,46.868],[10.21,46.867],[10.213,46.869],[10.23,46.869],[10.231,46.877],[10.238,46.879],[10.239,46.885],[10.234,46.886],[10.229,46.89],[10.229,46.895],[10.226,46.897],[10.233,46.901],[10.235,46.905],[10.24,46.906],[10.242,46.925],[10.246,46.925],[10.248,46.923],[10.245,46.92],[10.248,46.917],[10.248,46.914],[10.251,46.912],[10.255,46.918],[10.258,46.916],[10.26,46.912],[10.26,46.907],[10.264,46.903],[10.268,46.904],[10.266,46.909],[10.269,46.914],[10.269,46.927],[10.272,46.928],[10.275,46.926],[10.282,46.926],[10.285,46.924],[10.301,46.924],[10.299,46.922],[10.297,46.915],[10.291,46.915],[10.288,46.913],[10.285,46.914],[10.284,46.913],[10.286,46.911],[10.286,46.907],[10.276,46.9],[10.28,46.899],[10.284,46.901],[10.287,46.9],[10.291,46.903],[10.295,46.902],[10.298,46.9],[10.298,46.893],[10.296,46.891],[10.289,46.891],[10.287,46.889],[10.28,46.89],[10.28,46.884],[10.273,46.878],[10.269,46.878],[10.267,46.876],[10.27,46.873],[10.268,46.871],[10.276,46.868],[10.276,46.866],[10.266,46.862],[10.272,46.858],[10.276,46.86],[10.285,46.859],[10.288,46.861],[10.291,46.858],[10.298,46.857],[10.301,46.853],[10.302,46.85],[10.283,46.85],[10.283,46.846],[10.285,46.844],[10.284,46.841],[10.281,46.843],[10.277,46.842],[10.274,46.843],[10.264,46.839],[10.256,46.842],[10.255,46.845],[10.248,46.84],[10.244,46.835],[10.242,46.829],[10.238,46.83],[10.231,46.825],[10.228,46.828],[10.221,46.828],[10.218,46.83],[10.221,46.834],[10.217,46.836],[10.216,46.839],[10.217,46.841],[10.213,46.845],[10.215,46.847],[10.222,46.848],[10.226,46.852],[10.242,46.854],[10.243,46.856],[10.236,46.858],[10.233,46.862],[10.229,46.863],[10.223,46.859],[10.219,46.859],[10.216,46.861],[10.22,46.857],[10.209,46.854],[10.206,46.855],[10.203,46.859],[10.207,46.861],[10.206,46.862],[10.197,46.855],[10.198,46.848],[10.189,46.839],[10.173,46.842],[10.167,46.84],[10.169,46.833],[10.175,46.831],[10.172,46.828],[10.175,46.83],[10.188,46.83],[10.193,46.828],[10.188,46.826],[10.185,46.821],[10.181,46.821],[10.177,46.817],[10.18,46.813],[10.177,46.811],[10.176,46.813],[10.168,46.813],[10.168,46.811],[10.165,46.815],[10.16,46.817],[10.153,46.829],[10.142,46.828],[10.136,46.832],[10.133,46.84],[10.127,46.842],[10.125,46.841],[10.123,46.835],[10.122,46.832],[10.124,46.83],[10.122,46.827],[10.126,46.827],[10.127,46.825],[10.124,46.821],[10.127,46.816],[10.125,46.813],[10.131,46.809],[10.121,46.803],[10.118,46.803],[10.115,46.807],[10.114,46.805],[10.122,46.796],[10.114,46.793],[10.111,46.796],[10.112,46.801],[10.106,46.803],[10.104,46.808],[10.098,46.81],[10.1,46.821],[10.103,46.824],[10.099,46.821],[10.097,46.823],[10.097,46.826],[10.095,46.826],[10.095,46.824],[10.09,46.822],[10.087,46.824],[10.087,46.826],[10.091,46.83],[10.09,46.832],[10.087,46.832],[10.084,46.828],[10.079,46.826],[10.077,46.822],[10.078,46.817],[10.08,46.815],[10.079,46.813],[10.076,46.813],[10.076,46.81],[10.078,46.808],[10.078,46.799],[10.08,46.797],[10.079,46.792],[10.083,46.788],[10.081,46.786],[10.071,46.786],[10.061,46.788],[10.059,46.793],[10.055,46.793],[10.051,46.791],[10.051,46.786],[10.048,46.784],[10.045,46.787],[10.042,46.784],[10.045,46.784],[10.048,46.779],[10.052,46.783],[10.06,46.777],[10.058,46.775],[10.059,46.773],[10.064,46.77],[10.046,46.768],[10.039,46.771],[10.045,46.773],[10.039,46.773],[10.035,46.77],[10.025,46.777],[10.018,46.778],[10.015,46.781],[10.009,46.782],[10.005,46.785],[10.005,46.787],[10.012,46.794],[10.01,46.795],[10.006,46.794],[9.999,46.789],[9.996,46.791],[9.994,46.788],[9.994,46.783],[9.992,46.781],[9.996,46.779],[9.993,46.774],[10.005,46.771],[10.011,46.767],[10.011,46.765],[10.008,46.763],[9.996,46.763],[9.989,46.761],[9.987,46.758],[9.989,46.756],[9.985,46.755],[9.978,46.757],[9.973,46.761],[9.976,46.763],[9.975,46.764],[9.969,46.76],[9.965,46.761],[9.97,46.757],[9.968,46.755],[9.962,46.757],[9.952,46.753],[9.949,46.755]]],[[[9.949,46.755],[9.942,46.751],[9.939,46.755],[9.942,46.757],[9.949,46.755]]],[[[9.962,46.757],[9.963,46.755],[9.962,46.754],[9.96,46.755],[9.962,46.757]]],[[[10.04,46.881],[10.037,46.883],[10.041,46.883],[10.04,46.881]]],[[[10.04,46.881],[10.033,46.88],[10.03,46.876],[10.02,46.874],[10.018,46.877],[10.028,46.884],[10.034,46.885],[10.04,46.881]]],[[[10.009,46.843],[10.007,46.846],[10.009,46.851],[10.013,46.85],[10.009,46.843]]],[[[9.992,46.83],[9.993,46.828],[9.991,46.827],[9.989,46.828],[9.992,46.83]]],[[[10.287,46.571],[10.268,46.579],[10.274,46.582],[10.277,46.58],[10.283,46.581],[10.287,46.58],[10.291,46.576],[10.291,46.573],[10.287,46.571]]],[[[10.217,46.686],[10.216,46.688],[10.219,46.692],[10.218,46.695],[10.211,46.695],[10.208,46.698],[10.204,46.697],[10.201,46.699],[10.191,46.696],[10.189,46.7],[10.175,46.702],[10.176,46.705],[10.173,46.707],[10.179,46.707],[10.18,46.709],[10.186,46.712],[10.19,46.709],[10.191,46.706],[10.198,46.708],[10.209,46.708],[10.214,46.713],[10.208,46.715],[10.204,46.724],[10.213,46.727],[10.215,46.726],[10.214,46.722],[10.21,46.72],[10.21,46.717],[10.215,46.717],[10.218,46.714],[10.226,46.712],[10.225,46.709],[10.217,46.708],[10.217,46.706],[10.222,46.701],[10.22,46.699],[10.231,46.698],[10.24,46.694],[10.237,46.691],[10.234,46.693],[10.23,46.692],[10.227,46.687],[10.217,46.686]]],[[[10.179,46.721],[10.179,46.716],[10.166,46.717],[10.161,46.721],[10.161,46.723],[10.166,46.723],[10.173,46.719],[10.179,46.721]]],[[[10.141,46.717],[10.133,46.716],[10.13,46.719],[10.127,46.718],[10.121,46.724],[10.116,46.726],[10.12,46.731],[10.124,46.73],[10.126,46.731],[10.124,46.731],[10.123,46.735],[10.131,46.737],[10.134,46.731],[10.141,46.73],[10.144,46.732],[10.149,46.73],[10.146,46.732],[10.151,46.735],[10.157,46.735],[10.16,46.732],[10.169,46.732],[10.167,46.73],[10.157,46.728],[10.153,46.723],[10.148,46.721],[10.147,46.718],[10.143,46.719],[10.141,46.717]]],[[[10.16,46.394],[10.153,46.395],[10.157,46.395],[10.159,46.397],[10.153,46.398],[10.152,46.401],[10.159,46.403],[10.158,46.406],[10.16,46.407],[10.16,46.394]]],[[[10.116,46.423],[10.109,46.419],[10.098,46.423],[10.106,46.428],[10.118,46.427],[10.116,46.423]]],[[[10.102,46.611],[10.096,46.614],[10.109,46.623],[10.113,46.616],[10.112,46.614],[10.102,46.611]]],[[[10.093,46.612],[10.099,46.612],[10.1,46.61],[10.099,46.606],[10.093,46.612]]],[[[10.08,46.419],[10.07,46.422],[10.067,46.426],[10.07,46.428],[10.077,46.429],[10.081,46.426],[10.081,46.423],[10.083,46.421],[10.085,46.421],[10.08,46.419]]],[[[10.047,46.543],[10.043,46.538],[10.041,46.541],[10.041,46.544],[10.043,46.546],[10.04,46.551],[10.044,46.552],[10.047,46.549],[10.053,46.551],[10.06,46.551],[10.057,46.547],[10.053,46.547],[10.047,46.543]]],[[[9.933,46.501],[9.937,46.508],[9.941,46.507],[9.941,46.505],[9.946,46.503],[9.95,46.497],[9.953,46.498],[9.953,46.501],[9.96,46.498],[9.963,46.499],[9.965,46.493],[9.968,46.491],[9.964,46.487],[9.966,46.484],[9.969,46.484],[9.972,46.488],[9.977,46.486],[9.982,46.487],[9.983,46.489],[9.982,46.494],[9.986,46.494],[9.989,46.491],[9.992,46.491],[9.994,46.488],[9.99,46.484],[9.995,46.481],[9.995,46.484],[10.001,46.484],[10.008,46.489],[10.024,46.483],[10.034,46.481],[10.039,46.483],[10.039,46.487],[10.036,46.49],[10.038,46.492],[10.036,46.496],[10.041,46.503],[10.046,46.501],[10.045,46.487],[10.042,46.485],[10.045,46.478],[10.043,46.476],[10.04,46.478],[10.038,46.476],[10.03,46.476],[10.011,46.479],[10.001,46.475],[9.991,46.478],[9.981,46.477],[9.978,46.478],[9.981,46.475],[9.988,46.477],[9.991,46.475],[9.988,46.471],[9.981,46.472],[9.979,46.471],[9.971,46.463],[9.961,46.466],[9.952,46.471],[9.95,46.474],[9.957,46.476],[9.959,46.479],[9.962,46.478],[9.963,46.48],[9.96,46.482],[9.956,46.489],[9.953,46.489],[9.948,46.492],[9.947,46.496],[9.937,46.498],[9.933,46.501]],[[9.956,46.489],[9.961,46.491],[9.961,46.494],[9.958,46.494],[9.956,46.489]]],[[[10.041,46.503],[10.041,46.507],[10.039,46.51],[10.028,46.515],[10.027,46.517],[10.029,46.52],[10.032,46.522],[10.042,46.519],[10.042,46.521],[10.049,46.521],[10.05,46.516],[10.048,46.516],[10.046,46.512],[10.043,46.51],[10.041,46.503]]],[[[10.042,46.442],[10.038,46.443],[10.03,46.449],[10.024,46.449],[10.023,46.452],[10.01,46.455],[10.008,46.457],[10.013,46.461],[10.023,46.463],[10.024,46.465],[10.027,46.466],[10.033,46.466],[10.036,46.463],[10.046,46.461],[10.047,46.458],[10.044,46.456],[10.044,46.453],[10.04,46.451],[10.04,46.447],[10.043,46.444],[10.042,46.442]]],[[[9.974,46.662],[9.955,46.67],[9.948,46.668],[9.945,46.671],[9.94,46.672],[9.941,46.674],[9.95,46.676],[9.951,46.681],[9.946,46.683],[9.928,46.681],[9.926,46.687],[9.916,46.689],[9.913,46.684],[9.913,46.681],[9.906,46.682],[9.899,46.68],[9.899,46.677],[9.893,46.677],[9.892,46.675],[9.886,46.674],[9.883,46.676],[9.88,46.682],[9.867,46.687],[9.861,46.687],[9.86,46.689],[9.867,46.698],[9.871,46.7],[9.874,46.698],[9.872,46.693],[9.874,46.692],[9.877,46.695],[9.884,46.694],[9.884,46.691],[9.894,46.691],[9.898,46.693],[9.893,46.698],[9.904,46.706],[9.898,46.712],[9.888,46.715],[9.888,46.718],[9.881,46.72],[9.882,46.725],[9.885,46.72],[9.895,46.724],[9.896,46.722],[9.901,46.72],[9.901,46.716],[9.905,46.72],[9.91,46.715],[9.916,46.713],[9.914,46.71],[9.911,46.709],[9.908,46.711],[9.908,46.713],[9.906,46.709],[9.911,46.708],[9.912,46.706],[9.907,46.704],[9.913,46.702],[9.91,46.7],[9.911,46.699],[9.915,46.702],[9.921,46.701],[9.923,46.706],[9.927,46.707],[9.937,46.705],[9.943,46.707],[9.945,46.705],[9.95,46.704],[9.951,46.705],[9.95,46.706],[9.944,46.708],[9.943,46.71],[9.947,46.711],[9.95,46.714],[9.953,46.714],[9.957,46.711],[9.96,46.712],[9.969,46.708],[9.982,46.706],[9.983,46.707],[9.981,46.709],[9.973,46.712],[9.974,46.714],[9.983,46.712],[9.986,46.714],[9.993,46.711],[9.99,46.713],[9.998,46.72],[9.996,46.723],[10.007,46.724],[10.009,46.729],[10.003,46.73],[10.0,46.734],[10.01,46.734],[10.013,46.736],[10.016,46.733],[10.02,46.735],[10.03,46.733],[10.036,46.734],[10.043,46.738],[10.044,46.735],[10.043,46.732],[10.032,46.73],[10.029,46.732],[10.023,46.727],[10.019,46.727],[10.02,46.724],[10.031,46.717],[10.015,46.71],[10.025,46.707],[10.029,46.704],[10.032,46.701],[10.029,46.699],[10.031,46.694],[10.028,46.691],[10.025,46.692],[10.024,46.694],[10.019,46.688],[10.021,46.685],[10.014,46.684],[10.008,46.687],[9.995,46.687],[9.991,46.685],[9.99,46.682],[9.997,46.677],[9.994,46.675],[9.99,46.675],[9.978,46.677],[9.974,46.673],[9.98,46.666],[9.974,46.662]]],[[[10.032,46.89],[10.015,46.888],[10.011,46.891],[10.004,46.893],[10.003,46.895],[10.011,46.9],[10.021,46.9],[10.026,46.897],[10.026,46.895],[10.03,46.893],[10.032,46.89]]],[[[10.03,46.431],[10.015,46.428],[10.013,46.429],[10.014,46.432],[10.011,46.434],[10.012,46.436],[10.015,46.438],[10.022,46.438],[10.03,46.436],[10.031,46.433],[10.03,46.431]]],[[[9.629,46.329],[9.634,46.334],[9.636,46.332],[9.635,46.329],[9.64,46.327],[9.641,46.325],[9.641,46.316],[9.635,46.311],[9.636,46.31],[9.639,46.313],[9.644,46.313],[9.646,46.316],[9.649,46.317],[9.653,46.315],[9.656,46.325],[9.668,46.326],[9.673,46.329],[9.673,46.331],[9.665,46.333],[9.664,46.34],[9.67,46.341],[9.673,46.344],[9.675,46.349],[9.673,46.354],[9.681,46.353],[9.685,46.355],[9.683,46.359],[9.684,46.362],[9.69,46.364],[9.692,46.362],[9.69,46.358],[9.691,46.353],[9.688,46.351],[9.693,46.35],[9.693,46.347],[9.689,46.345],[9.687,46.342],[9.693,46.342],[9.694,46.339],[9.692,46.337],[9.694,46.333],[9.693,46.328],[9.695,46.327],[9.697,46.328],[9.698,46.333],[9.707,46.339],[9.706,46.344],[9.703,46.346],[9.706,46.348],[9.705,46.35],[9.709,46.352],[9.71,46.353],[9.709,46.355],[9.713,46.357],[9.716,46.361],[9.729,46.354],[9.732,46.356],[9.727,46.361],[9.728,46.364],[9.726,46.368],[9.73,46.37],[9.725,46.375],[9.725,46.377],[9.73,46.381],[9.727,46.385],[9.724,46.386],[9.724,46.393],[9.721,46.394],[9.721,46.396],[9.736,46.393],[9.739,46.39],[9.735,46.386],[9.74,46.387],[9.746,46.383],[9.748,46.379],[9.747,46.365],[9.749,46.365],[9.755,46.36],[9.762,46.361],[9.762,46.365],[9.766,46.372],[9.765,46.376],[9.769,46.38],[9.782,46.375],[9.791,46.363],[9.798,46.364],[9.801,46.366],[9.804,46.373],[9.801,46.38],[9.798,46.382],[9.797,46.385],[9.799,46.387],[9.799,46.39],[9.794,46.398],[9.8,46.4],[9.794,46.412],[9.788,46.414],[9.786,46.416],[9.786,46.419],[9.796,46.423],[9.814,46.422],[9.808,46.427],[9.808,46.429],[9.812,46.432],[9.821,46.431],[9.821,46.436],[9.823,46.439],[9.826,46.438],[9.826,46.432],[9.836,46.432],[9.84,46.435],[9.841,46.433],[9.842,46.429],[9.841,46.426],[9.837,46.417],[9.834,46.415],[9.835,46.413],[9.84,46.411],[9.836,46.406],[9.83,46.404],[9.826,46.397],[9.832,46.395],[9.831,46.39],[9.838,46.39],[9.84,46.386],[9.844,46.389],[9.854,46.39],[9.852,46.395],[9.854,46.4],[9.858,46.401],[9.861,46.404],[9.871,46.399],[9.877,46.399],[9.88,46.402],[9.897,46.4],[9.888,46.405],[9.884,46.415],[9.881,46.415],[9.876,46.419],[9.878,46.422],[9.886,46.423],[9.888,46.425],[9.883,46.428],[9.887,46.43],[9.884,46.432],[9.885,46.433],[9.891,46.434],[9.892,46.441],[9.902,46.444],[9.907,46.441],[9.905,46.439],[9.898,46.438],[9.897,46.436],[9.901,46.432],[9.901,46.43],[9.904,46.43],[9.908,46.427],[9.905,46.421],[9.907,46.419],[9.911,46.422],[9.912,46.42],[9.911,46.418],[9.908,46.416],[9.91,46.412],[9.913,46.413],[9.916,46.411],[9.916,46.409],[9.91,46.405],[9.914,46.402],[9.909,46.397],[9.919,46.398],[9.926,46.403],[9.932,46.401],[9.942,46.408],[9.949,46.407],[9.952,46.409],[9.959,46.409],[9.965,46.405],[9.968,46.405],[9.972,46.408],[9.965,46.41],[9.957,46.417],[9.959,46.419],[9.963,46.419],[9.961,46.424],[9.962,46.426],[9.956,46.428],[9.953,46.426],[9.952,46.428],[9.953,46.431],[9.96,46.432],[9.964,46.428],[9.963,46.426],[9.967,46.424],[9.967,46.421],[9.976,46.422],[9.976,46.419],[9.973,46.415],[9.978,46.408],[9.981,46.41],[9.988,46.411],[9.989,46.414],[9.992,46.415],[9.996,46.412],[9.986,46.401],[9.988,46.4],[9.994,46.403],[9.997,46.401],[10.0,46.403],[10.007,46.403],[10.01,46.399],[10.017,46.4],[10.021,46.393],[10.02,46.391],[10.013,46.391],[10.007,46.388],[10.0,46.39],[9.993,46.386],[9.991,46.38],[9.983,46.375],[9.983,46.372],[9.993,46.368],[9.996,46.367],[10.0,46.369],[10.002,46.36],[10.005,46.365],[10.015,46.367],[10.019,46.359],[10.01,46.357],[10.005,46.358],[9.998,46.353],[10.001,46.349],[9.998,46.347],[9.995,46.34],[9.993,46.344],[9.994,46.351],[9.992,46.353],[9.982,46.354],[9.977,46.358],[9.976,46.361],[9.97,46.361],[9.964,46.365],[9.966,46.379],[9.964,46.38],[9.948,46.38],[9.941,46.378],[9.928,46.369],[9.924,46.369],[9.922,46.371],[9.913,46.373],[9.912,46.376],[9.907,46.38],[9.902,46.381],[9.896,46.377],[9.892,46.377],[9.886,46.372],[9.881,46.372],[9.872,46.363],[9.846,46.364],[9.843,46.362],[9.833,46.362],[9.829,46.359],[9.829,46.357],[9.823,46.353],[9.812,46.351],[9.809,46.348],[9.8,46.345],[9.793,46.345],[9.787,46.343],[9.78,46.338],[9.776,46.338],[9.773,46.336],[9.765,46.338],[9.745,46.351],[9.738,46.351],[9.735,46.349],[9.719,46.349],[9.717,46.343],[9.716,46.296],[9.713,46.295],[9.687,46.295],[9.681,46.3],[9.678,46.3],[9.676,46.304],[9.665,46.305],[9.663,46.297],[9.652,46.296],[9.648,46.289],[9.642,46.287],[9.625,46.287],[9.623,46.289],[9.624,46.296],[9.622,46.297],[9.616,46.296],[9.577,46.298],[9.574,46.297],[9.571,46.299],[9.577,46.304],[9.581,46.305],[9.583,46.308],[9.587,46.302],[9.59,46.304],[9.604,46.303],[9.613,46.307],[9.614,46.312],[9.624,46.316],[9.619,46.318],[9.62,46.321],[9.618,46.325],[9.614,46.328],[9.629,46.329]]],[[[9.634,46.334],[9.638,46.334],[9.637,46.333],[9.634,46.334]]],[[[10.02,46.557],[10.015,46.556],[10.008,46.559],[10.004,46.558],[9.998,46.561],[10.008,46.563],[10.02,46.56],[10.02,46.557]]],[[[9.996,46.875],[9.977,46.874],[9.971,46.878],[9.973,46.885],[9.975,46.887],[9.978,46.884],[9.98,46.885],[9.979,46.887],[9.984,46.887],[9.987,46.889],[9.988,46.896],[9.985,46.898],[9.982,46.897],[9.979,46.898],[9.98,46.9],[9.979,46.903],[9.986,46.905],[9.988,46.903],[9.998,46.901],[10.001,46.898],[10.003,46.898],[9.994,46.889],[9.99,46.889],[9.999,46.882],[9.995,46.878],[9.996,46.875]]],[[[9.945,46.736999999999995],[9.941,46.735],[9.938,46.738],[9.933,46.737],[9.937,46.742],[9.931,46.746],[9.932,46.748],[9.935,46.75],[9.938,46.748],[9.949,46.748],[9.958,46.745],[9.963,46.741],[9.952,46.737],[9.954,46.735],[9.967,46.741],[9.973,46.741],[9.977,46.738],[9.97,46.734],[9.97,46.732],[9.976,46.732],[9.97,46.725],[9.967,46.727],[9.969,46.725],[9.959,46.723],[9.957,46.721],[9.954,46.723],[9.95,46.722],[9.941,46.725],[9.938,46.728],[9.945,46.734],[9.945,46.736999999999995]]],[[[9.969,46.883],[9.964,46.881],[9.958,46.884],[9.955,46.882],[9.942,46.888],[9.936,46.883],[9.924,46.886],[9.925,46.888],[9.929,46.887],[9.932,46.889],[9.935,46.887],[9.945,46.892],[9.948,46.889],[9.955,46.891],[9.959,46.895],[9.961,46.887],[9.968,46.887],[9.97,46.885],[9.969,46.883]]],[[[9.934,46.622],[9.914,46.623],[9.918,46.625],[9.918,46.627],[9.923,46.629],[9.93,46.628],[9.934,46.622]]],[[[9.93,46.505],[9.934,46.503],[9.93,46.501],[9.93,46.505]]],[[[9.81,46.603],[9.821,46.6],[9.821,46.598],[9.817,46.597],[9.809,46.6],[9.81,46.603]]],[[[9.821,46.6],[9.819,46.602],[9.824,46.603],[9.827,46.602],[9.834,46.607],[9.837,46.604],[9.844,46.606],[9.847,46.602],[9.849,46.606],[9.853,46.608],[9.853,46.611],[9.857,46.61],[9.864,46.612],[9.861,46.614],[9.857,46.614],[9.855,46.617],[9.858,46.619],[9.862,46.619],[9.862,46.624],[9.864,46.628],[9.86,46.633],[9.852,46.635],[9.854,46.638],[9.858,46.637],[9.861,46.64],[9.865,46.641],[9.876,46.639],[9.875,46.642],[9.877,46.644],[9.875,46.646],[9.875,46.649],[9.882,46.646],[9.885,46.646],[9.887,46.648],[9.884,46.653],[9.887,46.657],[9.887,46.662],[9.892,46.663],[9.898,46.659],[9.903,46.659],[9.9,46.661],[9.901,46.664],[9.912,46.664],[9.914,46.668],[9.916,46.668],[9.917,46.661],[9.912,46.66],[9.908,46.656],[9.903,46.655],[9.9,46.652],[9.905,46.652],[9.908,46.647],[9.911,46.651],[9.914,46.65],[9.921,46.652],[9.923,46.65],[9.921,46.648],[9.918,46.648],[9.919,46.645],[9.914,46.645],[9.906,46.637],[9.911,46.637],[9.919,46.634],[9.918,46.63],[9.915,46.627],[9.916,46.625],[9.913,46.623],[9.91,46.626],[9.907,46.623],[9.9,46.627],[9.896,46.625],[9.896,46.623],[9.899,46.621],[9.897,46.618],[9.89,46.616],[9.877,46.616],[9.871,46.613],[9.87,46.61],[9.877,46.607],[9.879,46.603],[9.873,46.602],[9.863,46.604],[9.86,46.602],[9.85,46.602],[9.849,46.599],[9.847,46.598],[9.837,46.597],[9.831,46.599],[9.827,46.596],[9.824,46.6],[9.821,46.6]],[[9.88,46.617],[9.881,46.619],[9.886,46.621],[9.881,46.622],[9.877,46.62],[9.866,46.624],[9.88,46.617]]],[[[9.87,46.928],[9.865,46.928],[9.859,46.933],[9.854,46.932],[9.849,46.935],[9.847,46.937],[9.85,46.939],[9.851,46.944],[9.849,46.946],[9.853,46.947],[9.866,46.944],[9.875,46.944],[9.879,46.946],[9.88,46.936],[9.885,46.934],[9.886,46.932],[9.881,46.93],[9.876,46.932],[9.875,46.935],[9.873,46.93],[9.87,46.928]]],[[[9.873,46.667],[9.873,46.663],[9.867,46.667],[9.868,46.669],[9.863,46.673],[9.859,46.68],[9.86,46.681],[9.864,46.682],[9.867,46.68],[9.87,46.681],[9.878,46.678],[9.876,46.669],[9.873,46.67],[9.871,46.669],[9.873,46.667]]],[[[9.854,46.693],[9.848,46.688],[9.845,46.69],[9.847,46.692],[9.848,46.697],[9.851,46.698],[9.854,46.695],[9.858,46.696],[9.861,46.694],[9.858,46.692],[9.854,46.693]]],[[[9.861,46.694],[9.855,46.698],[9.861,46.7],[9.863,46.698],[9.861,46.694]]],[[[9.853,46.455],[9.843,46.449],[9.839,46.456],[9.841,46.459],[9.844,46.457],[9.845,46.458],[9.84,46.465],[9.847,46.464],[9.848,46.467],[9.851,46.468],[9.853,46.467],[9.852,46.464],[9.854,46.463],[9.857,46.464],[9.854,46.467],[9.857,46.469],[9.863,46.466],[9.858,46.464],[9.857,46.459],[9.853,46.46],[9.851,46.458],[9.853,46.455]]],[[[9.835,46.679],[9.827,46.677],[9.821,46.679],[9.82,46.683],[9.822,46.686],[9.828,46.689],[9.835,46.689],[9.843,46.685],[9.835,46.679]]],[[[9.69,46.508],[9.686,46.511],[9.686,46.513],[9.693,46.513],[9.695,46.517],[9.694,46.525],[9.69,46.528],[9.694,46.533],[9.681,46.533],[9.675,46.536],[9.681,46.54],[9.688,46.54],[9.69,46.542],[9.688,46.545],[9.682,46.547],[9.685,46.551],[9.681,46.556],[9.676,46.558],[9.685,46.563],[9.685,46.557],[9.696,46.558],[9.705,46.556],[9.721,46.556],[9.723,46.557],[9.723,46.559],[9.72,46.562],[9.72,46.568],[9.714,46.569],[9.714,46.571],[9.718,46.574],[9.725,46.572],[9.726,46.571],[9.724,46.568],[9.725,46.567],[9.738,46.565],[9.741,46.563],[9.745,46.563],[9.744,46.566],[9.751,46.566],[9.757,46.564],[9.759,46.565],[9.757,46.568],[9.761,46.569],[9.767,46.567],[9.77,46.564],[9.772,46.565],[9.772,46.567],[9.767,46.568],[9.766,46.57],[9.774,46.573],[9.779,46.572],[9.774,46.57],[9.78,46.567],[9.773,46.562],[9.764,46.564],[9.762,46.563],[9.763,46.561],[9.76,46.558],[9.757,46.56],[9.754,46.557],[9.747,46.554],[9.743,46.55],[9.743,46.547],[9.739,46.546],[9.736,46.543],[9.738,46.539],[9.737,46.538],[9.733,46.538],[9.73,46.535],[9.723,46.535],[9.717,46.538],[9.714,46.537],[9.716,46.535],[9.716,46.528],[9.712,46.526],[9.713,46.523],[9.72,46.53],[9.723,46.527],[9.736,46.526],[9.739,46.522],[9.746,46.519],[9.748,46.521],[9.744,46.525],[9.751,46.532],[9.758,46.534],[9.757,46.538],[9.759,46.54],[9.769,46.54],[9.771,46.538],[9.766,46.529],[9.762,46.529],[9.762,46.526],[9.765,46.525],[9.764,46.52],[9.767818181818182,46.51809090909091],[9.77,46.52],[9.771,46.525],[9.775,46.529],[9.778,46.528],[9.781,46.529],[9.783,46.533],[9.788,46.536],[9.789,46.538],[9.784,46.542],[9.792,46.547],[9.8,46.547],[9.802,46.541],[9.816,46.539],[9.818,46.541],[9.825,46.537],[9.837,46.537],[9.829,46.532],[9.824,46.531],[9.811,46.531],[9.81,46.535],[9.808,46.536],[9.804,46.533],[9.796,46.531],[9.795,46.529],[9.79,46.529],[9.801,46.524],[9.8,46.522],[9.802,46.519],[9.798,46.516],[9.794,46.516],[9.791,46.513],[9.801,46.514],[9.811,46.51],[9.787,46.507],[9.771,46.507],[9.768,46.504],[9.772,46.5],[9.77,46.498],[9.771,46.493],[9.78,46.49],[9.783,46.488],[9.783,46.486],[9.77,46.482],[9.767,46.484],[9.769,46.489],[9.757,46.491],[9.754,46.488],[9.751,46.489],[9.745,46.494],[9.748,46.495],[9.748,46.497],[9.746,46.498],[9.741,46.497],[9.737,46.494],[9.738,46.491],[9.733,46.487],[9.727,46.485],[9.725,46.488],[9.721,46.487],[9.72,46.49],[9.722,46.494],[9.718,46.497],[9.718,46.494],[9.715,46.494],[9.703,46.501],[9.703,46.503],[9.7,46.506],[9.701,46.508],[9.7,46.511],[9.697,46.508],[9.699,46.505],[9.702,46.504],[9.7,46.501],[9.693,46.502],[9.692,46.504],[9.687,46.506],[9.69,46.508]],[[9.767176470588232,46.517529411764706],[9.761,46.514],[9.762,46.513],[9.767176470588232,46.517529411764706]]],[[[9.823,46.544],[9.815,46.54],[9.808,46.543],[9.805,46.547],[9.802,46.547],[9.8,46.551],[9.806,46.555],[9.809,46.552],[9.813,46.551],[9.815,46.548],[9.821,46.553],[9.825,46.554],[9.826,46.55],[9.821,46.548],[9.824,46.546],[9.823,46.544]]],[[[9.813,46.832],[9.811,46.831],[9.802,46.833],[9.798,46.836],[9.795,46.833],[9.794,46.837],[9.792,46.838],[9.782,46.838],[9.775,46.842],[9.776,46.844],[9.779,46.845],[9.782,46.842],[9.786,46.842],[9.792,46.847],[9.799,46.846],[9.809,46.85],[9.811,46.843],[9.808,46.84],[9.808,46.835],[9.813,46.832]]],[[[9.522,46.365],[9.515,46.367],[9.508,46.365],[9.492,46.366],[9.489,46.369],[9.479,46.369],[9.477,46.371],[9.473,46.371],[9.47,46.374],[9.464,46.375],[9.461,46.378],[9.461,46.38],[9.464,46.382],[9.464,46.387],[9.468,46.389],[9.465,46.391],[9.466,46.409],[9.462,46.411],[9.462,46.414],[9.454,46.42],[9.454,46.427],[9.455,46.43],[9.458,46.432],[9.459,46.441],[9.462,46.44],[9.463,46.436],[9.466,46.434],[9.468,46.429],[9.479,46.42],[9.479,46.418],[9.474,46.414],[9.474,46.412],[9.478,46.412],[9.487,46.416],[9.491,46.414],[9.489,46.409],[9.493,46.4],[9.492,46.397],[9.48,46.388],[9.478,46.384],[9.48,46.383],[9.496,46.392],[9.516,46.39],[9.519,46.392],[9.522,46.391],[9.523,46.392],[9.509,46.399],[9.516,46.406],[9.516,46.41],[9.511,46.417],[9.517,46.419],[9.518,46.422],[9.515,46.424],[9.514,46.427],[9.511,46.428],[9.511,46.433],[9.508,46.436],[9.504,46.438],[9.498,46.437],[9.493,46.44],[9.503,46.444],[9.502,46.447],[9.496,46.451],[9.498,46.46],[9.502,46.461],[9.505,46.455],[9.512,46.456],[9.513,46.453],[9.508,46.446],[9.511,46.447],[9.514,46.443],[9.518,46.445],[9.528,46.446],[9.531,46.448],[9.537,46.444],[9.53,46.442],[9.528,46.439],[9.524,46.437],[9.522,46.433],[9.524,46.432],[9.534,46.434],[9.537,46.427],[9.536,46.423],[9.541,46.419],[9.538,46.414],[9.541,46.412],[9.542,46.408],[9.546,46.407],[9.549,46.409],[9.552,46.408],[9.554,46.412],[9.559,46.411],[9.565,46.414],[9.559,46.416],[9.557,46.419],[9.564,46.421],[9.564,46.423],[9.567,46.425],[9.566,46.429],[9.559,46.43],[9.564,46.432],[9.565,46.434],[9.562,46.436],[9.567,46.443],[9.572,46.441],[9.572,46.436],[9.569,46.435],[9.568,46.434],[9.569,46.433],[9.579,46.438],[9.582,46.436],[9.581,46.432],[9.582,46.431],[9.589,46.431],[9.591,46.429],[9.592,46.419],[9.598,46.424],[9.602,46.422],[9.604,46.427],[9.604,46.436],[9.601,46.438],[9.596,46.448],[9.599,46.451],[9.603,46.451],[9.609,46.455],[9.613,46.455],[9.614,46.453],[9.613,46.451],[9.616,46.449],[9.61,46.445],[9.605,46.439],[9.612,46.44],[9.609,46.438],[9.612,46.437],[9.619,46.441],[9.628,46.442],[9.632,46.445],[9.638,46.446],[9.643,46.439],[9.638,46.438],[9.636,46.433],[9.631,46.431],[9.629,46.428],[9.634,46.425],[9.644,46.425],[9.657,46.433],[9.661,46.432],[9.674,46.437],[9.681,46.445],[9.687,46.448],[9.687,46.451],[9.691,46.452],[9.694,46.45],[9.697,46.455],[9.707,46.456],[9.71,46.453],[9.717,46.453],[9.723,46.454],[9.723,46.456],[9.731,46.458],[9.73,46.46],[9.721,46.463],[9.721,46.465],[9.734,46.468],[9.738,46.465],[9.739,46.462],[9.746,46.465],[9.751,46.464],[9.753,46.466],[9.755,46.464],[9.755,46.462],[9.748,46.46],[9.748,46.458],[9.749,46.455],[9.753,46.459],[9.755,46.455],[9.743,46.446],[9.739,46.448],[9.736,46.447],[9.736,46.444],[9.723,46.444],[9.72,46.445],[9.719,46.447],[9.718,46.442],[9.713,46.438],[9.702,46.436],[9.702,46.438],[9.7,46.439],[9.696,46.436],[9.687,46.433],[9.686,46.43],[9.69,46.432],[9.693,46.429],[9.677,46.419],[9.673,46.414],[9.676,46.412],[9.663,46.412],[9.656,46.41],[9.647,46.413],[9.643,46.411],[9.638,46.415],[9.639,46.417],[9.637,46.419],[9.627,46.41],[9.627,46.408],[9.62,46.405],[9.617,46.406],[9.619,46.404],[9.617,46.403],[9.606,46.404],[9.601,46.401],[9.597,46.403],[9.594,46.4],[9.587,46.398],[9.588,46.395],[9.595,46.391],[9.602,46.388],[9.607,46.388],[9.609,46.386],[9.599,46.38],[9.6,46.378],[9.608,46.382],[9.607,46.384],[9.613,46.386],[9.616,46.384],[9.61,46.382],[9.611,46.375],[9.609,46.373],[9.606,46.372],[9.596,46.376],[9.58,46.375],[9.57,46.371],[9.554,46.37],[9.547,46.371],[9.541,46.367],[9.528,46.368],[9.522,46.365]]],[[[9.753,46.466],[9.756,46.467],[9.756,46.465],[9.753,46.466]]],[[[9.741,46.779],[9.731,46.781],[9.727,46.784],[9.748,46.784],[9.741,46.779]]],[[[9.728,46.764],[9.72,46.76],[9.713,46.761],[9.71,46.763],[9.717,46.767],[9.726,46.766],[9.727,46.767],[9.728,46.764]]],[[[9.704,46.589],[9.7,46.591],[9.697,46.594],[9.697,46.596],[9.7,46.598],[9.713,46.595],[9.716,46.596],[9.717,46.593],[9.716,46.592],[9.704,46.589]]],[[[9.702,46.5],[9.706,46.499],[9.702,46.498],[9.702,46.5]]],[[[9.702,46.488],[9.698,46.488],[9.695,46.491],[9.686,46.487],[9.679,46.49],[9.678,46.493],[9.681,46.495],[9.696,46.498],[9.699,46.494],[9.703,46.492],[9.704,46.49],[9.702,46.488]]],[[[9.698,46.742],[9.686,46.737],[9.679,46.74],[9.68,46.743],[9.677,46.745],[9.68,46.747],[9.69,46.746],[9.698,46.742]]],[[[9.617,46.734],[9.614,46.731],[9.611,46.733],[9.614,46.737],[9.609,46.739],[9.605,46.743],[9.597,46.744],[9.596,46.746],[9.6,46.753],[9.611,46.753],[9.614,46.75],[9.61,46.748],[9.609,46.746],[9.611,46.745],[9.614,46.748],[9.618,46.748],[9.624,46.751],[9.631,46.749],[9.638,46.751],[9.641,46.75],[9.638,46.749],[9.637,46.747],[9.641,46.747],[9.641,46.745],[9.627,46.742],[9.624,46.739],[9.621,46.739],[9.618,46.737],[9.621,46.735],[9.617,46.734]]],[[[9.612,46.761],[9.605,46.759],[9.597,46.762],[9.599,46.765],[9.602,46.765],[9.606,46.768],[9.615,46.77],[9.618,46.768],[9.616333333333326,46.76666666666666],[9.619,46.768],[9.618,46.763],[9.61522222222222,46.76577777777778],[9.613,46.764],[9.612,46.761]]],[[[9.603,46.454],[9.599,46.452],[9.593,46.453],[9.587,46.457],[9.58,46.458],[9.576,46.461],[9.577,46.463],[9.561,46.469],[9.558,46.466],[9.554,46.466],[9.541,46.473],[9.545,46.474],[9.548,46.479],[9.552,46.48],[9.552,46.482],[9.548,46.482],[9.545,46.48],[9.532,46.482],[9.529,46.486],[9.526,46.487],[9.527,46.489],[9.523,46.492],[9.52,46.492],[9.518,46.494],[9.515,46.494],[9.513,46.492],[9.507,46.493],[9.487,46.501],[9.494,46.503],[9.497,46.5],[9.5,46.503],[9.504,46.502],[9.506,46.503],[9.507,46.508],[9.517,46.507],[9.527,46.503],[9.529,46.507],[9.523,46.514],[9.534,46.516],[9.54,46.515],[9.543,46.518],[9.547,46.518],[9.55,46.52],[9.552,46.513],[9.538,46.507],[9.528,46.498],[9.529,46.495],[9.532,46.498],[9.536,46.499],[9.543,46.497],[9.546,46.498],[9.547,46.495],[9.553,46.495],[9.556,46.498],[9.569,46.496],[9.574,46.492],[9.57,46.488],[9.571,46.485],[9.573,46.484],[9.571,46.48],[9.564,46.479],[9.563,46.477],[9.565,46.476],[9.568,46.478],[9.571,46.476],[9.581,46.481],[9.588,46.48],[9.589,46.485],[9.594,46.487],[9.599,46.485],[9.595,46.483],[9.597,46.48],[9.601,46.485],[9.604,46.483],[9.602,46.481],[9.607,46.48],[9.613,46.476],[9.61,46.473],[9.611,46.469],[9.616,46.468],[9.619,46.465],[9.619,46.462],[9.616,46.461],[9.606,46.461],[9.606,46.458],[9.603,46.454]]],[[[9.595,47.052],[9.59,47.052],[9.584,47.055],[9.586,47.057],[9.583,47.059],[9.584,47.061],[9.591,47.06],[9.594,47.062],[9.596,47.059],[9.592,47.055],[9.595,47.052]]],[[[9.521,46.518],[9.504,46.518],[9.497,46.521],[9.505,46.526],[9.514,46.524],[9.524,46.525],[9.525,46.523],[9.521,46.518]]],[[[9.509,46.563],[9.503,46.562],[9.501,46.564],[9.502,46.566],[9.499,46.57],[9.5,46.574],[9.506,46.573],[9.515,46.575],[9.516,46.574],[9.516,46.571],[9.509,46.569],[9.509,46.563]]],[[[9.497,46.528],[9.495,46.526],[9.485,46.529],[9.479,46.528],[9.475,46.531],[9.479,46.533],[9.482,46.537],[9.489,46.536],[9.492,46.538],[9.5,46.532],[9.498,46.529],[9.495,46.53],[9.497,46.528]]],[[[9.473,46.533],[9.469,46.532],[9.461,46.535],[9.462,46.54],[9.473,46.543],[9.476,46.542],[9.479,46.545],[9.481,46.544],[9.481,46.541],[9.473,46.535],[9.473,46.533]]],[[[9.44,46.983],[9.427,46.98],[9.417,46.981],[9.41,46.979],[9.408,46.981],[9.411,46.986],[9.415,46.986],[9.413,46.988],[9.417,46.989],[9.43,46.984],[9.44,46.983]]],[[[9.416,46.473],[9.411,46.467],[9.408,46.47],[9.402,46.47],[9.392,46.475],[9.392,46.477],[9.407,46.482],[9.409,46.487],[9.419,46.49],[9.418,46.493],[9.42,46.495],[9.432,46.499],[9.432,46.497],[9.426,46.493],[9.426,46.491],[9.423,46.488],[9.423,46.479],[9.416,46.473]]],[[[9.38,46.973],[9.387,46.975],[9.391,46.979],[9.394,46.976],[9.397,46.977],[9.4,46.974],[9.406,46.977],[9.407,46.979],[9.408,46.975],[9.413,46.972],[9.4,46.971],[9.396,46.961],[9.4,46.962],[9.414,46.961],[9.406,46.957],[9.405,46.952],[9.407,46.952],[9.407,46.954],[9.409,46.955],[9.416,46.956],[9.419,46.955],[9.423,46.95],[9.412,46.946],[9.409,46.949],[9.406,46.947],[9.401,46.948],[9.399,46.943],[9.398,46.946],[9.394,46.948],[9.393,46.953],[9.39,46.954],[9.386,46.948],[9.383,46.952],[9.383,46.955],[9.385,46.957],[9.383,46.958],[9.377,46.955],[9.379,46.946],[9.373,46.942],[9.37,46.945],[9.363,46.943],[9.355,46.946],[9.355,46.949],[9.357,46.949],[9.36,46.954],[9.367,46.952],[9.373,46.953],[9.375,46.955],[9.371,46.957],[9.371,46.96],[9.387,46.969],[9.387,46.971],[9.38,46.973]]],[[[9.38,46.973],[9.372,46.973],[9.369,46.975],[9.371,46.977],[9.374,46.977],[9.38,46.973]]],[[[9.397,46.977],[9.394,46.98],[9.394,46.987],[9.391,46.985],[9.388,46.986],[9.387,46.991],[9.394,46.991],[9.398,46.995],[9.401,46.995],[9.402,46.986],[9.405,46.981],[9.398,46.979],[9.397,46.977]]],[[[9.352,46.529],[9.355,46.528],[9.351,46.527],[9.352,46.529]]],[[[9.355,46.528],[9.358,46.529],[9.36,46.528],[9.367,46.517],[9.373,46.521],[9.381,46.521],[9.391,46.526],[9.397,46.527],[9.4,46.525],[9.404,46.527],[9.406,46.525],[9.401,46.518],[9.389,46.512],[9.388,46.509],[9.395,46.505],[9.39,46.502],[9.379,46.5],[9.379,46.496],[9.383,46.498],[9.386,46.497],[9.389,46.493],[9.395,46.491],[9.388,46.487],[9.386,46.481],[9.372,46.489],[9.369,46.494],[9.369,46.498],[9.373,46.501],[9.372,46.505],[9.365,46.507],[9.364,46.509],[9.354,46.509],[9.351,46.506],[9.344,46.507],[9.341,46.504],[9.336,46.508],[9.345,46.512],[9.344,46.517],[9.348,46.519],[9.348,46.521],[9.355,46.521],[9.353,46.523],[9.355,46.528]]],[[[9.355,46.528],[9.352,46.53],[9.357,46.53],[9.355,46.528]]],[[[9.403,47.132],[9.399,47.127],[9.396,47.132],[9.39,47.136],[9.386,47.135],[9.384,47.137],[9.385,47.142],[9.39,47.142],[9.396,47.135],[9.4,47.137],[9.403,47.132]]],[[[9.397,47.238],[9.38,47.233],[9.376,47.234],[9.374,47.236],[9.376,47.238],[9.375,47.241],[9.372,47.241],[9.367,47.237],[9.358,47.245],[9.364,47.247],[9.369,47.245],[9.377,47.246],[9.379,47.245],[9.38,47.241],[9.387,47.24],[9.39,47.242],[9.392,47.24],[9.4,47.24],[9.397,47.238]]],[[[8.628,46.684],[8.632,46.686],[8.626,46.689],[8.628,46.696],[8.632,46.696],[8.638,46.693],[8.636,46.697],[8.645,46.699],[8.65,46.695],[8.649,46.688],[8.654,46.682],[8.658,46.686],[8.661,46.682],[8.663,46.688],[8.668,46.69],[8.667,46.702],[8.671,46.702],[8.674,46.705],[8.681,46.707],[8.686,46.706],[8.687,46.704],[8.688,46.707],[8.686,46.708],[8.686,46.715],[8.701,46.719],[8.704,46.716],[8.714,46.716],[8.717,46.718],[8.72,46.716],[8.73,46.721],[8.74,46.722],[8.744,46.725],[8.732,46.726],[8.734,46.728],[8.732,46.73],[8.733,46.739],[8.732,46.741],[8.737,46.743],[8.741,46.742],[8.744,46.745],[8.747,46.745],[8.748,46.748],[8.754,46.75],[8.754,46.753],[8.75,46.755],[8.759,46.757],[8.757,46.759],[8.766,46.761],[8.767,46.763],[8.773,46.763],[8.776,46.766],[8.776,46.768],[8.784,46.774],[8.79,46.771],[8.794,46.773],[8.798,46.77],[8.797,46.768],[8.793,46.768],[8.794,46.764],[8.797,46.765],[8.8,46.763],[8.804,46.768],[8.807,46.769],[8.81,46.763],[8.812,46.765],[8.811,46.77],[8.814,46.772],[8.81,46.776],[8.812,46.783],[8.807,46.785],[8.806,46.788],[8.808,46.79],[8.804,46.792],[8.811,46.794],[8.815,46.797],[8.81,46.799],[8.813,46.803],[8.813,46.806],[8.831,46.811],[8.835,46.814],[8.834,46.815],[8.825,46.817],[8.824,46.82],[8.822,46.817],[8.811,46.815],[8.808,46.818],[8.805,46.812],[8.801,46.815],[8.799,46.813],[8.802,46.81],[8.802,46.808],[8.784,46.806],[8.775,46.811],[8.765,46.81],[8.762,46.807],[8.755,46.807],[8.749,46.804],[8.745,46.802],[8.745,46.8],[8.739,46.802],[8.738,46.804],[8.74,46.809],[8.736,46.81],[8.729,46.807],[8.723,46.809],[8.731,46.813],[8.727,46.816],[8.733,46.819],[8.738,46.818],[8.743,46.813],[8.755,46.811],[8.762,46.812],[8.765,46.815],[8.769,46.816],[8.782,46.817],[8.785,46.819],[8.786,46.822],[8.782,46.824],[8.782,46.826],[8.795,46.834],[8.799,46.834],[8.795,46.835],[8.793,46.84],[8.787,46.844],[8.789,46.846],[8.792,46.844],[8.806,46.848],[8.813,46.846],[8.825,46.855],[8.835,46.857],[8.832,46.864],[8.833,46.866],[8.839,46.868],[8.852,46.867],[8.855,46.869],[8.868,46.871],[8.868,46.866],[8.875,46.864],[8.891,46.872],[8.895,46.87],[8.911,46.871],[8.911,46.874],[8.916,46.876],[8.916,46.879],[8.923,46.881],[8.919,46.876],[8.921,46.871],[8.924,46.87],[8.931,46.873],[8.938,46.872],[8.934,46.869],[8.932,46.865],[8.947,46.864],[8.951,46.862],[8.943,46.86],[8.945,46.853],[8.943,46.852],[8.937,46.851],[8.933,46.848],[8.927,46.85],[8.924,46.847],[8.92,46.846],[8.917,46.847],[8.914,46.846],[8.91,46.841],[8.907,46.844],[8.905,46.84],[8.908,46.838],[8.903,46.834],[8.903,46.832],[8.907,46.831],[8.917,46.837],[8.923,46.837],[8.926,46.835],[8.935,46.836],[8.943,46.834],[8.948,46.831],[8.946,46.829],[8.941,46.829],[8.939,46.827],[8.94,46.824],[8.945,46.822],[8.944,46.815],[8.942,46.813],[8.952,46.818],[8.957,46.817],[8.962,46.819],[8.966,46.817],[8.975,46.826],[8.98,46.828],[8.979,46.831],[8.976,46.833],[8.975,46.837],[8.977,46.842],[8.975,46.846],[8.981,46.851],[8.98,46.855],[8.983,46.857],[8.984,46.851],[8.987,46.848],[8.987,46.846],[8.996,46.847],[9.002,46.846],[9.002,46.842],[8.997,46.839],[9.002,46.837],[9.003,46.835],[8.998,46.833],[9.0,46.828],[9.0,46.821],[9.006,46.821],[9.011,46.819],[9.022,46.828],[9.022,46.832],[9.026,46.839],[9.025,46.848],[9.027,46.852],[9.026,46.855],[9.008,46.859],[9.004,46.862],[9.004,46.864],[9.014,46.866],[9.015,46.868],[9.008,46.873],[9.02,46.879],[9.02,46.882],[9.023,46.884],[9.02,46.886],[9.023,46.889],[9.026,46.89],[9.028,46.888],[9.029,46.886],[9.027,46.882],[9.029,46.878],[9.033,46.876],[9.039,46.876],[9.041,46.877],[9.036,46.879],[9.039,46.882],[9.042,46.884],[9.049,46.881],[9.055,46.883],[9.057,46.888],[9.056,46.89],[9.063,46.893],[9.066,46.897],[9.07,46.899],[9.07,46.901],[9.074,46.903],[9.074,46.906],[9.083,46.91],[9.087,46.908],[9.089,46.903],[9.083,46.899],[9.083,46.894],[9.077,46.892],[9.076,46.89],[9.072,46.893],[9.066,46.888],[9.072,46.891],[9.076,46.887],[9.08,46.888],[9.082,46.886],[9.085,46.886],[9.088,46.88],[9.105,46.881],[9.109,46.883],[9.109,46.88],[9.104,46.878],[9.108,46.876],[9.111,46.87],[9.118,46.868],[9.121,46.865],[9.127,46.866],[9.128,46.867],[9.126,46.869],[9.134,46.871],[9.141,46.875],[9.143,46.878],[9.14,46.882],[9.143,46.884],[9.143,46.887],[9.161,46.888],[9.163,46.891],[9.161,46.896],[9.171,46.898],[9.174,46.902],[9.177,46.897],[9.174,46.897],[9.174,46.892],[9.184,46.89],[9.185,46.891],[9.184,46.892],[9.178,46.895],[9.181,46.896],[9.187,46.894],[9.194,46.894],[9.197,46.9],[9.207,46.899],[9.212,46.906],[9.211,46.909],[9.209,46.91],[9.211,46.912],[9.214,46.911],[9.216,46.913],[9.211,46.915],[9.218,46.916],[9.222,46.915],[9.218,46.913],[9.224,46.912],[9.227,46.915],[9.227,46.918],[9.235,46.919],[9.228,46.923],[9.228,46.925],[9.241,46.926],[9.247,46.93],[9.246,46.932],[9.253,46.937],[9.252,46.939],[9.256,46.941],[9.251,46.941],[9.248,46.935],[9.232,46.939],[9.235,46.942],[9.232,46.944],[9.232,46.949],[9.239,46.95],[9.242,46.953],[9.252,46.957],[9.254,46.955],[9.254,46.952],[9.246,46.948],[9.247,46.946],[9.264,46.944],[9.266,46.943],[9.264,46.94],[9.27,46.943],[9.269,46.948],[9.275,46.951],[9.274,46.957],[9.269,46.959],[9.275,46.961],[9.285,46.96],[9.294,46.955],[9.298,46.957],[9.318,46.959],[9.319,46.958],[9.316,46.956],[9.317,46.953],[9.324,46.958],[9.33,46.956],[9.323,46.951],[9.327,46.95],[9.347,46.95],[9.35,46.953],[9.353,46.951],[9.351,46.949],[9.352,46.944],[9.35,46.943],[9.337,46.944],[9.333,46.943],[9.323,46.945],[9.32,46.943],[9.318,46.945],[9.317,46.95],[9.316,46.945],[9.32,46.942],[9.317,46.938],[9.304,46.947],[9.303,46.945],[9.306,46.938],[9.304,46.937],[9.294,46.936],[9.29,46.934],[9.286,46.934],[9.281,46.937],[9.279,46.936],[9.283,46.934],[9.277,46.928],[9.27,46.927],[9.268,46.925],[9.272,46.921],[9.273,46.917],[9.29,46.913],[9.296,46.915],[9.3,46.914],[9.303,46.916],[9.313,46.912],[9.319,46.912],[9.326,46.915],[9.334,46.915],[9.339,46.918],[9.34,46.915],[9.338,46.911],[9.339,46.909],[9.345,46.91],[9.348,46.904],[9.352,46.904],[9.355,46.906],[9.367,46.906],[9.365,46.904],[9.359,46.904],[9.366,46.903],[9.368,46.904],[9.381,46.901],[9.378,46.897],[9.373,46.897],[9.371,46.89],[9.368,46.889],[9.364,46.892],[9.361,46.89],[9.364,46.885],[9.361,46.884],[9.354,46.888],[9.356,46.886],[9.357,46.881],[9.364,46.877],[9.366,46.874],[9.364,46.872],[9.357,46.876],[9.354,46.872],[9.347,46.872],[9.341,46.875],[9.343,46.879],[9.341,46.881],[9.338,46.876],[9.334,46.879],[9.331,46.878],[9.33,46.881],[9.324,46.884],[9.322,46.888],[9.319,46.884],[9.317,46.884],[9.314,46.889],[9.316,46.893],[9.315,46.898],[9.314,46.895],[9.305,46.889],[9.299,46.895],[9.291,46.893],[9.288,46.896],[9.283,46.897],[9.282,46.894],[9.284,46.891],[9.273,46.889],[9.275,46.887],[9.289,46.885],[9.29,46.884],[9.288,46.882],[9.295,46.878],[9.297,46.875],[9.293,46.873],[9.294,46.871],[9.291,46.869],[9.282,46.87],[9.278,46.868],[9.265,46.877],[9.243,46.877],[9.24,46.874],[9.236,46.865],[9.219,46.864],[9.216,46.862],[9.212,46.862],[9.206,46.858],[9.189,46.857],[9.184,46.855],[9.184,46.852],[9.186,46.851],[9.197,46.85],[9.199,46.847],[9.203,46.848],[9.205,46.843],[9.202,46.841],[9.195,46.843],[9.182,46.841],[9.179,46.842],[9.174,46.846],[9.174,46.848],[9.163,46.856],[9.15,46.853],[9.148,46.851],[9.149,46.848],[9.14,46.849],[9.137,46.845],[9.128,46.849],[9.116,46.849],[9.114,46.846],[9.111,46.849],[9.097,46.854],[9.098,46.851],[9.097,46.849],[9.091,46.844],[9.081,46.847],[9.074,46.847],[9.079,46.838],[9.09,46.834],[9.091,46.831],[9.096,46.829],[9.093,46.827],[9.088,46.829],[9.089,46.831],[9.087,46.832],[9.085,46.831],[9.086,46.829],[9.084,46.827],[9.074,46.83],[9.07,46.828],[9.06,46.827],[9.057,46.821],[9.054,46.819],[9.051,46.821],[9.053,46.818],[9.05,46.817],[9.041302325581395,46.81739534883721],[9.042,46.816],[9.04,46.816],[9.040711111111111,46.81742222222222],[9.028,46.818],[9.024,46.815],[9.018,46.815],[9.008,46.811],[8.998,46.81],[8.995,46.808],[8.985,46.809],[8.981,46.806],[8.981,46.803],[8.984,46.799],[8.988,46.8],[8.991,46.798],[9.001,46.798],[9.021,46.803],[9.024,46.798],[9.021,46.794],[9.023,46.792],[9.014,46.79],[9.001,46.79],[8.991,46.785],[8.984,46.787],[8.982,46.785],[8.977,46.784],[8.964,46.788],[8.958,46.784],[8.955,46.779],[8.948,46.779],[8.945,46.775],[8.948,46.772],[8.934,46.773],[8.933,46.766],[8.931,46.764],[8.925,46.765],[8.918,46.761],[8.915,46.762],[8.916,46.768],[8.915,46.77],[8.912,46.766],[8.91,46.766],[8.905,46.767],[8.902,46.77],[8.895,46.771],[8.895,46.773],[8.899,46.774],[8.9,46.778],[8.902,46.778],[8.906,46.784],[8.899,46.783],[8.887,46.787],[8.886,46.789],[8.888,46.791],[8.888,46.798],[8.883,46.798],[8.879,46.794],[8.87,46.798],[8.869,46.796],[8.873,46.791],[8.868,46.791],[8.866,46.793],[8.865,46.792],[8.873,46.785],[8.874,46.782],[8.869,46.773],[8.866,46.773],[8.85,46.783],[8.845,46.783],[8.845,46.778],[8.836,46.781],[8.851,46.767],[8.852,46.765],[8.849,46.763],[8.849,46.761],[8.852,46.758],[8.859,46.758],[8.862,46.761],[8.866,46.758],[8.865,46.755],[8.879,46.753],[8.873,46.751],[8.872,46.748],[8.868,46.747],[8.869,46.744],[8.862,46.74],[8.862,46.734],[8.848,46.736],[8.845,46.732],[8.841,46.731],[8.846,46.729],[8.845,46.726],[8.835,46.726],[8.829,46.729],[8.821,46.729],[8.819,46.731],[8.812,46.726],[8.809,46.727],[8.806,46.723],[8.796,46.724],[8.795,46.723],[8.798,46.72],[8.798,46.718],[8.803,46.714],[8.802,46.713],[8.792,46.714],[8.789,46.711],[8.789,46.708],[8.786,46.71],[8.779,46.705],[8.776,46.705],[8.772,46.709],[8.773,46.711],[8.776,46.71],[8.778,46.712],[8.766,46.718],[8.761,46.723],[8.762,46.728],[8.761,46.73],[8.76,46.731],[8.757,46.729],[8.754,46.736],[8.75,46.737],[8.748,46.734],[8.752,46.732],[8.752,46.73],[8.749,46.719],[8.754,46.705],[8.753,46.698],[8.749,46.695],[8.744,46.696],[8.74,46.702],[8.733,46.703],[8.727,46.706],[8.724,46.703],[8.724,46.699],[8.727,46.694],[8.723,46.692],[8.718,46.692],[8.723,46.69],[8.72,46.688],[8.71,46.692],[8.707,46.697],[8.698,46.686],[8.697,46.675],[8.693,46.678],[8.69,46.683],[8.687,46.683],[8.688,46.681],[8.687,46.68],[8.682,46.679],[8.682,46.674],[8.68,46.671],[8.674,46.67],[8.667,46.673],[8.661,46.668],[8.657,46.667],[8.644,46.668],[8.641,46.674],[8.638,46.673],[8.639,46.67],[8.631,46.669],[8.628,46.671],[8.631,46.674],[8.639,46.677],[8.635,46.679],[8.635,46.683],[8.631,46.682],[8.628,46.684]],[[8.8,46.763],[8.796,46.759],[8.797,46.757],[8.801,46.761],[8.8,46.763]]],[[[8.626,46.682],[8.628,46.684],[8.63,46.682],[8.628,46.681],[8.626,46.682]]],[[[8.729,46.807],[8.737,46.8],[8.737,46.798],[8.732,46.795],[8.726,46.799],[8.712,46.796],[8.71,46.8],[8.717,46.805],[8.726,46.804],[8.729,46.807]]],[[[9.361,47.252],[9.351,47.245],[9.347,47.246],[9.341,47.249],[9.324,47.245],[9.319,47.248],[9.321,47.25],[9.326,47.25],[9.328,47.253],[9.331,47.252],[9.339,47.255],[9.339,47.257],[9.358,47.268],[9.362,47.266],[9.363,47.263],[9.35,47.255],[9.349,47.252],[9.361,47.252]]],[[[9.323,46.633],[9.306,46.63],[9.304,46.632],[9.305,46.639],[9.32,46.643],[9.326,46.64],[9.333,46.644],[9.339,46.644],[9.342,46.642],[9.346,46.646],[9.355,46.64],[9.339,46.635],[9.336,46.632],[9.323,46.633]]],[[[9.322,46.614],[9.312,46.61],[9.303,46.614],[9.312,46.619],[9.313,46.621],[9.302,46.62],[9.3,46.621],[9.304,46.623],[9.306,46.627],[9.309,46.627],[9.316,46.625],[9.319,46.621],[9.329,46.619],[9.331,46.616],[9.321,46.616],[9.322,46.614]]],[[[9.326,46.6],[9.312,46.6],[9.304,46.603],[9.312,46.608],[9.315,46.606],[9.327,46.605],[9.326,46.6]]],[[[9.275,46.491],[9.273,46.493],[9.272,46.5],[9.279,46.509],[9.279,46.513],[9.285,46.516],[9.289,46.514],[9.292,46.516],[9.299,46.516],[9.302,46.514],[9.309,46.515],[9.325,46.508],[9.318,46.505],[9.308,46.505],[9.302,46.5],[9.295,46.501],[9.292,46.498],[9.282,46.499],[9.28,46.498],[9.28,46.493],[9.275,46.491]],[[9.279,46.509],[9.286,46.506],[9.293,46.511],[9.289,46.513],[9.279,46.509]]],[[[9.25,46.449],[9.244,46.443],[9.235,46.446],[9.234,46.449],[9.229,46.451],[9.231,46.453],[9.23,46.462],[9.222,46.469],[9.22,46.474],[9.214,46.476],[9.216,46.478],[9.216,46.483],[9.214,46.487],[9.223,46.491],[9.233,46.498],[9.24,46.498],[9.243,46.501],[9.249,46.499],[9.25,46.498],[9.243,46.493],[9.239,46.492],[9.232,46.485],[9.236,46.482],[9.247,46.48],[9.247,46.473],[9.242,46.467],[9.242,46.464],[9.248,46.462],[9.258,46.464],[9.259,46.469],[9.262,46.471],[9.263,46.475],[9.268,46.48],[9.264,46.484],[9.265,46.489],[9.269,46.488],[9.275,46.491],[9.276,46.489],[9.273,46.486],[9.273,46.48],[9.277,46.477],[9.277,46.475],[9.273,46.471],[9.273,46.466],[9.276,46.464],[9.276,46.459],[9.261,46.449],[9.254,46.45],[9.25,46.449]]],[[[9.237,47.009],[9.234,47.014],[9.229,47.016],[9.221,47.017],[9.219,47.014],[9.213,47.012],[9.211,47.002],[9.207,46.995],[9.2,46.995],[9.195,46.998],[9.2,47.005],[9.205,47.009],[9.208,47.021],[9.206,47.03],[9.208,47.033],[9.212,47.032],[9.208,47.035],[9.195,47.033],[9.194,47.023],[9.191,47.019],[9.188,47.018],[9.182,47.019],[9.185,47.02],[9.189,47.025],[9.188,47.027],[9.185,47.025],[9.181,47.026],[9.178,47.024],[9.172,47.028],[9.169,47.027],[9.156,47.031],[9.153,47.03],[9.155,47.024],[9.153,47.021],[9.154,47.017],[9.152,47.016],[9.146,47.019],[9.146,47.022],[9.149,47.024],[9.145,47.022],[9.142,47.018],[9.137,47.019],[9.129,47.026],[9.129,47.029],[9.127,47.031],[9.128,47.038],[9.124,47.044],[9.125,47.047],[9.127,47.048],[9.13,47.045],[9.139,47.046],[9.133,47.049],[9.143,47.049],[9.147,47.044],[9.145,47.04],[9.148,47.037],[9.149,47.032],[9.156,47.038],[9.162,47.04],[9.182,47.04],[9.186,47.044],[9.189,47.044],[9.191,47.046],[9.194,47.046],[9.202,47.041],[9.205,47.045],[9.212,47.044],[9.214,47.045],[9.211,47.054],[9.217,47.056],[9.22,47.061],[9.216,47.063],[9.215,47.068],[9.219,47.069],[9.226,47.067],[9.228,47.068],[9.229,47.073],[9.235,47.067],[9.234,47.065],[9.229,47.064],[9.226,47.061],[9.23,47.059],[9.23,47.056],[9.221,47.05],[9.223,47.047],[9.217,47.045],[9.216,47.043],[9.218,47.041],[9.225,47.046],[9.229,47.045],[9.238,47.047],[9.245,47.051],[9.248,47.049],[9.243,47.045],[9.244,47.043],[9.249,47.038],[9.258,47.036],[9.253,47.029],[9.254,47.021],[9.271,47.02],[9.28,47.021],[9.283,47.022],[9.283,47.024],[9.285,47.024],[9.3,47.017],[9.31,47.024],[9.316,47.022],[9.32,47.023],[9.322,47.021],[9.318,47.019],[9.318,47.017],[9.316,47.016],[9.31,47.015],[9.309,47.01],[9.306,47.008],[9.293,47.012],[9.289,47.008],[9.291,47.004],[9.29,47.001],[9.293,46.997],[9.292,46.994],[9.285,46.995],[9.28,46.993],[9.28,46.99],[9.278,46.99],[9.276,46.994],[9.277,47.002],[9.266,47.004],[9.262,47.002],[9.257,46.995],[9.251,46.993],[9.248,46.989],[9.245,46.989],[9.246,46.993],[9.243,46.995],[9.24,46.996],[9.237,46.995],[9.233,46.998],[9.237,46.998],[9.239,47.0],[9.238,47.002],[9.241,47.004],[9.24,47.006],[9.236,47.007],[9.237,47.009]]],[[[9.317,46.585],[9.311,46.585],[9.308,46.59],[9.305,46.588],[9.298,46.591],[9.298,46.593],[9.301,46.594],[9.298,46.597],[9.298,46.601],[9.315,46.594],[9.317,46.585]]],[[[9.285,46.583],[9.272,46.583],[9.281,46.588],[9.282,46.591],[9.288,46.592],[9.292,46.589],[9.301,46.589],[9.303,46.587],[9.298,46.583],[9.295,46.586],[9.285,46.583]]],[[[9.289,46.318],[9.282,46.318],[9.278,46.322],[9.278,46.324],[9.279,46.325],[9.283,46.323],[9.286,46.326],[9.292,46.326],[9.294,46.324],[9.294,46.32],[9.289,46.318]]],[[[9.278,46.567],[9.262,46.567],[9.247,46.572],[9.243,46.575],[9.237,46.575],[9.236,46.573],[9.234,46.573],[9.236,46.572],[9.237,46.568],[9.229,46.569],[9.225,46.571],[9.231,46.575],[9.225,46.579],[9.219,46.586],[9.223,46.59],[9.23,46.586],[9.243,46.584],[9.263,46.586],[9.267,46.583],[9.267,46.579],[9.255,46.577],[9.254,46.575],[9.258,46.572],[9.262,46.573],[9.265,46.571],[9.275,46.573],[9.288,46.572],[9.278,46.567]]],[[[9.279,46.365],[9.274,46.362],[9.268,46.37],[9.273,46.379],[9.271,46.383],[9.273,46.385],[9.27,46.39],[9.271,46.392],[9.269,46.397],[9.265,46.401],[9.269,46.402],[9.276,46.401],[9.277,46.39],[9.282,46.389],[9.284,46.387],[9.275,46.376],[9.275,46.367],[9.279,46.365]]],[[[9.262,47.155],[9.259,47.157],[9.253,47.157],[9.255,47.16],[9.259,47.158],[9.262,47.162],[9.265,47.16],[9.269,47.162],[9.279,47.157],[9.272,47.156],[9.268,47.158],[9.262,47.155]]],[[[9.245,47.067],[9.239,47.066],[9.233,47.07],[9.242,47.07],[9.246,47.073],[9.256,47.072],[9.245,47.067]]],[[[9.239,46.957],[9.235,46.953],[9.224,46.957],[9.232,46.965],[9.239,46.968],[9.242,46.968],[9.245,46.965],[9.249,46.966],[9.256,46.964],[9.255,46.958],[9.254,46.961],[9.249,46.963],[9.248,46.959],[9.245,46.957],[9.239,46.957]]],[[[9.241,46.593],[9.236,46.591],[9.233,46.595],[9.237,46.602],[9.235,46.604],[9.237,46.606],[9.243,46.603],[9.246,46.605],[9.252,46.604],[9.253,46.601],[9.246,46.6],[9.241,46.593]]],[[[9.222,46.566],[9.204,46.562],[9.208,46.569],[9.206,46.571],[9.21,46.572],[9.222,46.568],[9.222,46.566]]],[[[9.211,46.504],[9.198,46.503],[9.202,46.506],[9.204,46.512],[9.211,46.513],[9.214,46.509],[9.217,46.508],[9.211,46.504]]],[[[9.168,46.373],[9.161,46.372],[9.155,46.374],[9.157,46.376],[9.166,46.378],[9.168,46.383],[9.168,46.385],[9.159,46.389],[9.168,46.391],[9.167,46.394],[9.174,46.395],[9.178,46.394],[9.181,46.396],[9.181,46.398],[9.188,46.399],[9.188,46.397],[9.182,46.393],[9.184,46.389],[9.177,46.387],[9.17,46.38],[9.181,46.38],[9.168,46.373]]],[[[9.163,47.051],[9.15,47.047],[9.147,47.049],[9.151,47.051],[9.148,47.053],[9.17,47.062],[9.173,47.064],[9.171,47.066],[9.173,47.067],[9.182,47.066],[9.18,47.06],[9.173,47.053],[9.169,47.053],[9.166,47.05],[9.163,47.051]]],[[[9.133,46.53],[9.12,46.525],[9.118,46.527],[9.12,46.529],[9.116,46.543],[9.123,46.545],[9.121,46.554],[9.115,46.556],[9.121,46.563],[9.124,46.558],[9.128,46.56],[9.131,46.559],[9.144,46.562],[9.145,46.56],[9.14,46.553],[9.144,46.552],[9.147,46.554],[9.151,46.551],[9.163,46.55],[9.176,46.553],[9.18,46.552],[9.177,46.549],[9.166,46.547],[9.164,46.544],[9.174,46.542],[9.166,46.537],[9.146,46.534],[9.143,46.531],[9.133,46.53]]],[[[9.055,46.537],[9.052,46.539],[9.051,46.542],[9.055,46.544],[9.059,46.543],[9.062,46.547],[9.065,46.548],[9.075,46.549],[9.076,46.548],[9.072,46.544],[9.075,46.542],[9.083,46.541],[9.083,46.539],[9.081,46.538],[9.078,46.54],[9.075,46.538],[9.058,46.535],[9.055,46.537]]],[[[9.055,46.537],[9.058,46.532],[9.068,46.533],[9.075,46.528],[9.072,46.523],[9.067,46.519],[9.068,46.518],[9.071,46.521],[9.081,46.521],[9.084,46.524],[9.091,46.525],[9.106,46.516],[9.104,46.514],[9.106,46.512],[9.099,46.509],[9.095,46.509],[9.09,46.512],[9.08,46.509],[9.067,46.511],[9.061,46.507],[9.054,46.508],[9.051,46.506],[9.053,46.503],[9.051,46.502],[9.05,46.499],[9.051,46.496],[9.057,46.499],[9.084,46.501],[9.087,46.499],[9.085,46.496],[9.086,46.493],[9.09,46.495],[9.119,46.494],[9.125,46.496],[9.132,46.495],[9.132,46.49],[9.129,46.491],[9.129,46.489],[9.126,46.487],[9.128,46.484],[9.135,46.485],[9.139,46.482],[9.136,46.48],[9.134,46.475],[9.148,46.474],[9.149,46.473],[9.147,46.468],[9.141,46.467],[9.138,46.468],[9.136,46.466],[9.133,46.466],[9.129,46.468],[9.128,46.473],[9.125,46.475],[9.118,46.476],[9.112,46.479],[9.101,46.476],[9.101,46.473],[9.109,46.471],[9.109,46.46],[9.104,46.455],[9.091,46.449],[9.088,46.445],[9.092,46.444],[9.09,46.438],[9.091,46.434],[9.094,46.435],[9.096,46.433],[9.091,46.431],[9.088,46.433],[9.078,46.434],[9.075,46.436],[9.075,46.438],[9.079,46.442],[9.071,46.447],[9.072,46.45],[9.079,46.451],[9.079,46.453],[9.077,46.454],[9.079,46.454],[9.083,46.462],[9.085,46.469],[9.083,46.471],[9.065,46.474],[9.064,46.476],[9.05,46.474],[9.044,46.481],[9.034,46.483],[9.035,46.486],[9.04,46.49],[9.031,46.493],[9.021,46.493],[9.018,46.491],[9.013,46.495],[9.015,46.497],[9.022,46.499],[9.015,46.5],[9.01,46.506],[9.014,46.513],[9.007,46.517],[9.009,46.52],[9.019,46.521],[9.019,46.524],[9.017,46.526],[9.018,46.529],[9.009,46.532],[9.0,46.54],[8.996,46.54],[8.995,46.545],[8.997,46.545],[9.0,46.541],[9.003,46.545],[9.01,46.544],[9.016,46.545],[9.02,46.551],[9.033,46.551],[9.034,46.549],[9.033,46.546],[9.029,46.542],[9.028,46.537],[9.021,46.531],[9.022,46.529],[9.026,46.532],[9.03,46.531],[9.029,46.526],[9.031,46.524],[9.03,46.522],[9.023,46.517],[9.025,46.515],[9.032,46.521],[9.034,46.519],[9.034,46.515],[9.031,46.513],[9.032,46.511],[9.037,46.515],[9.038,46.52],[9.042,46.519],[9.048,46.521],[9.048,46.526],[9.045,46.53],[9.049,46.532],[9.05,46.535],[9.055,46.537]]],[[[9.136,46.459],[9.138,46.462],[9.141,46.463],[9.148,46.459],[9.145,46.455],[9.146,46.45],[9.142,46.45],[9.143,46.455],[9.140368421052631,46.45868421052632],[9.137,46.457],[9.136,46.459]]],[[[9.113,47.047],[9.109,47.047],[9.113,47.051],[9.117,47.06],[9.128,47.062],[9.131,47.06],[9.126,47.056],[9.132,47.056],[9.13,47.05],[9.12,47.05],[9.113,47.047]]],[[[9.074,46.912],[9.066,46.903],[9.063,46.904],[9.062,46.906],[9.066,46.908],[9.063,46.909],[9.062,46.913],[9.056,46.917],[9.055,46.922],[9.067,46.923],[9.074,46.921],[9.075,46.924],[9.079,46.926],[9.077,46.928],[9.081,46.93],[9.079,46.933],[9.087,46.933],[9.093,46.928],[9.094,46.93],[9.097,46.931],[9.103,46.93],[9.107,46.934],[9.108,46.937],[9.107,46.939],[9.113,46.941],[9.113,46.943],[9.12,46.944],[9.123,46.941],[9.13,46.941],[9.13,46.937],[9.126,46.937],[9.121,46.934],[9.12,46.931],[9.11,46.929],[9.103,46.926],[9.1,46.923],[9.1,46.92],[9.106,46.921],[9.11,46.919],[9.106,46.916],[9.112,46.914],[9.103,46.912],[9.097,46.914],[9.097,46.917],[9.089,46.913],[9.086,46.916],[9.079,46.915],[9.074,46.912]]],[[[9.094,46.588],[9.085,46.588],[9.084,46.593],[9.087,46.595],[9.089,46.6],[9.096,46.597],[9.1,46.602],[9.104,46.602],[9.111,46.599],[9.106,46.594],[9.093,46.594],[9.092,46.593],[9.096,46.59],[9.094,46.588]]],[[[9.086,46.39],[9.08,46.39],[9.08,46.393],[9.078,46.395],[9.081,46.397],[9.083,46.404],[9.086,46.406],[9.083,46.408],[9.085,46.411],[9.097,46.416],[9.1,46.419],[9.102,46.415],[9.09,46.408],[9.089,46.406],[9.097,46.404],[9.097,46.401],[9.09,46.397],[9.086,46.39]]],[[[9.076,46.348],[9.071,46.348],[9.077,46.357],[9.089,46.359],[9.088,46.354],[9.09,46.352],[9.085,46.35],[9.079,46.35],[9.076,46.348]]],[[[9.061,46.301],[9.055,46.297],[9.051,46.298],[9.051,46.301],[9.048,46.304],[9.055,46.304],[9.065,46.311],[9.07,46.316],[9.071,46.322],[9.078,46.323],[9.083,46.321],[9.082,46.318],[9.075,46.316],[9.074,46.312],[9.071,46.309],[9.068,46.309],[9.061,46.301]]],[[[9.033,46.56],[9.026,46.556],[9.014,46.565],[9.01,46.566],[9.01,46.568],[9.014,46.569],[9.014,46.572],[9.007,46.575],[9.007,46.577],[9.01,46.578],[9.009,46.58],[9.011,46.581],[9.015,46.578],[9.011,46.576],[9.017,46.575],[9.024,46.577],[9.027,46.582],[9.034,46.584],[9.034,46.587],[9.037,46.587],[9.038,46.589],[9.033,46.594],[9.034,46.597],[9.041,46.599],[9.05,46.597],[9.063,46.598],[9.055,46.593],[9.057,46.591],[9.073,46.587],[9.079,46.584],[9.073,46.581],[9.06,46.581],[9.053,46.579],[9.047,46.582],[9.043,46.582],[9.033,46.578],[9.033,46.573],[9.037,46.574],[9.037,46.571],[9.04,46.568],[9.033,46.56]]],[[[9.075,46.327],[9.068,46.324],[9.059,46.326],[9.057,46.33],[9.059,46.332],[9.062,46.332],[9.065,46.33],[9.072,46.331],[9.076,46.33],[9.075,46.327]]],[[[8.857,46.565],[8.831,46.564],[8.818,46.572],[8.812,46.572],[8.808,46.574],[8.808,46.579],[8.812,46.579],[8.815,46.581],[8.811,46.585],[8.814,46.59],[8.819,46.592],[8.832,46.592],[8.835,46.596],[8.848,46.596],[8.848,46.593],[8.841,46.59],[8.84,46.587],[8.847,46.58],[8.848,46.577],[8.851,46.582],[8.855,46.582],[8.864,46.589],[8.871,46.591],[8.874,46.586],[8.877,46.589],[8.881,46.588],[8.881,46.591],[8.9,46.596],[8.903,46.598],[8.9,46.6],[8.882,46.602],[8.879,46.605],[8.878,46.61],[8.872,46.611],[8.865,46.617],[8.861,46.618],[8.863,46.623],[8.872,46.625],[8.874,46.627],[8.879,46.627],[8.885,46.634],[8.888,46.632],[8.892,46.633],[8.895,46.636],[8.913,46.64],[8.915,46.642],[8.928,46.64],[8.931,46.643],[8.938,46.642],[8.936,46.644],[8.944,46.645],[8.947,46.647],[8.949,46.644],[8.954,46.642],[8.953,46.644],[8.964,46.646],[8.971,46.639],[8.976,46.642],[8.98,46.641],[8.983,46.645],[8.988,46.641],[8.986,46.64],[8.985,46.637],[8.986,46.636],[8.99,46.637],[8.995,46.635],[8.993,46.63],[8.996,46.628],[8.983,46.622],[8.969,46.624],[8.966,46.622],[8.966,46.619],[8.973,46.618],[8.976,46.616],[8.979,46.617],[8.982,46.615],[9.002,46.62],[9.005,46.623],[9.012,46.625],[9.019,46.624],[9.021,46.625],[9.021,46.63],[9.023,46.63],[9.023,46.627],[9.025,46.625],[9.028,46.626],[9.034,46.623],[9.032,46.619],[9.029,46.618],[9.035,46.612],[9.044,46.611],[9.046,46.609],[9.038,46.605],[9.033,46.598],[9.028,46.596],[9.024,46.6],[9.018,46.602],[9.015,46.6],[9.011,46.602],[9.013,46.605],[9.009,46.607],[9.009,46.61],[9.005,46.613],[8.997,46.61],[8.994,46.605],[8.99,46.603],[8.979,46.604],[8.972,46.601],[8.966,46.602],[8.962,46.599],[8.953,46.597],[8.949,46.6],[8.942,46.611],[8.948,46.614000000000004],[8.943,46.613],[8.94,46.618],[8.933,46.616],[8.93,46.619],[8.924,46.62],[8.92,46.618],[8.919,46.615],[8.924,46.613],[8.924,46.61],[8.922,46.609],[8.927,46.608],[8.929,46.604],[8.928,46.6],[8.922,46.595],[8.912,46.591],[8.911,46.588],[8.913,46.583],[8.915,46.582],[8.91,46.58],[8.91,46.578],[8.906,46.577],[8.897,46.58],[8.89,46.575],[8.877,46.574],[8.872,46.569],[8.867,46.567],[8.857,46.565]]],[[[9.024,46.657],[9.023,46.65],[9.02,46.656],[9.014,46.659],[9.016,46.663],[9.029,46.66],[9.043,46.659],[9.036,46.657],[9.026,46.658],[9.024,46.657]]],[[[8.869,46.883],[8.852,46.877],[8.829,46.885],[8.816,46.882],[8.806,46.886],[8.8,46.885],[8.793,46.887],[8.794,46.889],[8.793,46.89],[8.79,46.889],[8.78,46.891],[8.771,46.895],[8.762,46.896],[8.76,46.898],[8.772,46.905],[8.773,46.91],[8.769,46.912],[8.774,46.919],[8.778,46.92],[8.781,46.917],[8.791,46.918],[8.794,46.916],[8.8,46.916],[8.804,46.921],[8.807,46.921],[8.817,46.926],[8.821,46.924],[8.822,46.92],[8.825,46.918],[8.824,46.917],[8.82,46.917],[8.814,46.914],[8.806,46.916],[8.809,46.914],[8.808,46.911],[8.794,46.911],[8.789,46.909],[8.794,46.905],[8.783,46.905],[8.78,46.903],[8.787,46.901],[8.79,46.898],[8.797,46.899],[8.8,46.901],[8.807,46.901],[8.808,46.9],[8.804,46.896],[8.804,46.893],[8.807,46.889],[8.81,46.888],[8.813,46.892],[8.82,46.894],[8.846,46.889],[8.856,46.891],[8.866,46.897],[8.858,46.904],[8.859,46.906],[8.865,46.906],[8.866,46.909],[8.868,46.908],[8.868,46.906],[8.873,46.908],[8.876,46.907],[8.881,46.908],[8.887,46.91],[8.882,46.913],[8.886,46.915],[8.912,46.923],[8.919,46.928],[8.932,46.93],[8.934,46.932],[8.932,46.933],[8.918,46.933],[8.916,46.931],[8.909,46.931],[8.907,46.928],[8.896,46.923],[8.883,46.926],[8.876,46.924],[8.863,46.924],[8.861,46.927],[8.863,46.929],[8.867,46.928],[8.87,46.931],[8.88,46.935],[8.874,46.938],[8.87,46.937],[8.867,46.939],[8.86,46.939],[8.86,46.941],[8.864,46.943],[8.87,46.941],[8.874,46.944],[8.88,46.943],[8.886,46.949],[8.88,46.949],[8.872,46.953],[8.874,46.956],[8.873,46.958],[8.894,46.964],[8.899,46.969],[8.891,46.972],[8.874,46.97],[8.87,46.976],[8.872,46.978],[8.871,46.984],[8.875,46.985],[8.871,46.992],[8.875,46.997],[8.878,46.998],[8.88,47.001],[8.878,47.003],[8.882,47.006],[8.892,47.006],[8.893,47.007],[8.891,47.009],[8.895,47.011],[8.902,47.008],[8.905,47.011],[8.911,47.007],[8.911,47.004],[8.915,47.004],[8.918,47.001],[8.927,46.998],[8.931,46.992],[8.936,46.989],[8.925,46.98],[8.924,46.976],[8.921,46.978],[8.92,46.977],[8.92,46.975],[8.924,46.975],[8.928,46.977],[8.93,46.981],[8.936,46.984],[8.937,46.987],[8.947,46.986],[8.948,46.984],[8.947,46.982],[8.95,46.98],[8.954,46.985],[8.96,46.982],[8.972,46.986],[8.964,46.987],[8.957,46.985],[8.955,46.993],[8.957,46.994],[8.96,46.992],[8.974,46.996],[8.975,46.997],[8.965,46.999],[8.967,47.002],[8.972,47.004],[8.967,47.008],[8.954,47.007],[8.944,47.009],[8.942,47.011],[8.945,47.014],[8.961,47.009],[8.964,47.009],[8.965,47.011],[8.968,47.012],[8.981,47.008],[8.984,47.01],[8.984,47.016],[9.001,47.016],[9.007,47.013],[9.012,47.015],[9.017,47.014],[9.017,47.017],[9.02,47.018],[9.026,47.014],[9.021,47.012],[9.027,47.01],[9.023,47.006],[9.017,47.006],[9.015,47.003],[9.011,47.001],[9.007,47.002],[8.997,46.995],[8.991,46.995],[8.989,46.992],[8.979,46.986],[8.977,46.983],[8.978,46.981],[8.963,46.977],[8.96,46.974],[8.95,46.971],[8.953,46.968],[8.96,46.965],[8.963,46.966],[8.958,46.968],[8.96,46.969],[8.979,46.969],[8.983,46.968],[8.985,46.965],[8.985,46.963],[8.973,46.962],[8.967,46.959],[8.954,46.943],[8.954,46.939],[8.957,46.934],[8.964,46.932],[8.966,46.93],[8.965,46.929],[8.962,46.928],[8.959,46.929],[8.935,46.922],[8.929,46.918],[8.912,46.913],[8.906,46.909],[8.886,46.904],[8.884,46.899],[8.872,46.895],[8.874,46.888],[8.872,46.888],[8.869,46.883]]],[[[8.983,46.968],[8.988,46.968],[8.986,46.967],[8.983,46.968]]],[[[9.017,46.677],[9.007,46.686],[9.009,46.691],[9.014,46.693],[9.017,46.693],[9.019,46.691],[9.019,46.688],[9.016,46.686],[9.017,46.685],[9.02,46.687],[9.025,46.686],[9.023,46.679],[9.017,46.677]]],[[[9.011,46.461],[8.997,46.457],[8.995,46.459],[8.994,46.464],[8.99,46.466],[8.99,46.47],[8.98,46.475],[8.982,46.477],[8.985,46.477],[8.985,46.48],[8.988,46.481],[8.992,46.479],[8.996,46.482],[9.005,46.482],[9.006,46.477],[9.001,46.47],[8.998,46.47],[8.997,46.466],[9.001,46.465],[9.004,46.462],[9.011,46.461]]],[[[9.01,47.062],[8.985,47.058],[8.98,47.062],[8.982,47.063],[8.995,47.06],[8.996,47.062],[9.002,47.064],[9.01,47.062]]],[[[9.0,46.982],[8.982,46.981],[8.981,46.986],[8.993,46.992],[9.003,46.995],[9.005,46.994],[9.0,46.988],[9.0,46.982]]],[[[8.974,47.051],[8.965,47.05],[8.961,47.051],[8.964,47.053],[8.964,47.056],[8.969,47.056],[8.971,47.058],[8.969,47.06],[8.972,47.061],[8.976,47.061],[8.983,47.058],[8.982,47.055],[8.975,47.052],[8.972,47.055],[8.97,47.053],[8.974,47.051]]],[[[8.948,47.054],[8.937,47.049],[8.937,47.051],[8.939,47.054],[8.936,47.056],[8.944,47.063],[8.949,47.065],[8.95,47.063],[8.947,47.06],[8.948,47.054]]],[[[8.949,46.662],[8.918,46.655],[8.915,46.656],[8.912,46.66],[8.922,46.665],[8.928,46.662],[8.932,46.664],[8.936,46.662],[8.935,46.665],[8.938,46.665],[8.941,46.663],[8.949,46.662]]],[[[8.916,47.045],[8.909,47.042],[8.906,47.044],[8.905,47.045],[8.906,47.047],[8.91,47.047],[8.913,47.049],[8.919,47.048],[8.923,47.05],[8.932,47.048],[8.936,47.049],[8.936,47.046],[8.922,47.043],[8.916,47.045]]],[[[8.794,46.523],[8.784,46.517],[8.771,46.522],[8.761,46.52],[8.758,46.521],[8.766,46.525],[8.758,46.526],[8.752,46.524],[8.749,46.528],[8.736,46.533],[8.719,46.534],[8.718,46.537],[8.722,46.539],[8.719,46.541],[8.723,46.542],[8.723,46.544],[8.726,46.544],[8.739,46.538],[8.749,46.54],[8.752,46.537],[8.758,46.539],[8.752,46.541],[8.75,46.543],[8.752,46.544],[8.762,46.544],[8.765,46.541],[8.768,46.543],[8.767,46.545],[8.763,46.548],[8.759,46.548],[8.758,46.55],[8.761,46.554],[8.766,46.558],[8.78,46.563],[8.782,46.566],[8.785,46.565],[8.788,46.563],[8.785,46.559],[8.789,46.552],[8.788,46.549],[8.782,46.544],[8.772,46.543],[8.775,46.541],[8.773,46.538],[8.776,46.536],[8.772,46.534],[8.773,46.532],[8.77,46.529],[8.774,46.529],[8.778,46.533],[8.788,46.533],[8.79,46.532],[8.789,46.529],[8.791,46.528],[8.794,46.53],[8.798,46.53],[8.807,46.525],[8.81,46.528],[8.814,46.525],[8.817,46.526],[8.82,46.522],[8.81,46.518],[8.807,46.522],[8.804,46.523],[8.794,46.523]]],[[[7.092,46.179],[7.092,46.188],[7.094,46.19],[7.092,46.192],[7.089,46.188],[7.083,46.19],[7.076,46.197],[7.062,46.206],[7.069,46.208],[7.069,46.211],[7.063,46.215],[7.063,46.217],[7.069,46.218],[7.074,46.222],[7.077,46.222],[7.079,46.216],[7.102,46.216],[7.11,46.22],[7.109,46.222],[7.111,46.224],[7.114,46.224],[7.111,46.227],[7.115,46.227],[7.117,46.229],[7.115,46.233],[7.118,46.235],[7.119,46.238],[7.116,46.244],[7.124,46.25],[7.127,46.249],[7.134,46.254],[7.137,46.253],[7.141,46.26],[7.148,46.265],[7.148,46.269],[7.161,46.276],[7.156,46.279],[7.147,46.279],[7.144,46.281],[7.152,46.283],[7.151,46.292],[7.154,46.292],[7.156,46.288],[7.16,46.286],[7.169,46.29],[7.175,46.299],[7.173,46.302],[7.15,46.305],[7.143,46.308],[7.143,46.311],[7.15,46.309],[7.153,46.31],[7.16,46.318],[7.166,46.316],[7.179,46.315],[7.19,46.323],[7.19,46.326],[7.199,46.328],[7.192,46.334],[7.189,46.333],[7.183,46.335],[7.185,46.34],[7.189,46.339],[7.192,46.341],[7.209,46.341],[7.211,46.346],[7.228,46.352],[7.234,46.351],[7.234,46.348],[7.238,46.341],[7.247,46.341],[7.247,46.344],[7.25,46.345],[7.254,46.343],[7.255,46.344],[7.253,46.346],[7.259,46.35],[7.258,46.355],[7.259,46.357],[7.257,46.359],[7.257,46.362],[7.263,46.364],[7.266,46.363],[7.276,46.365],[7.279,46.363],[7.29,46.362],[7.285,46.357],[7.278,46.355],[7.279,46.352],[7.289,46.354],[7.292,46.353],[7.299,46.359],[7.302,46.358],[7.304,46.36],[7.302,46.362],[7.305,46.366],[7.305,46.369],[7.303,46.371],[7.306,46.373],[7.3,46.378],[7.302,46.379],[7.315,46.381],[7.317,46.38],[7.315,46.379],[7.314,46.375],[7.325,46.376],[7.335,46.373],[7.325,46.367],[7.328,46.365],[7.331,46.367],[7.341,46.368],[7.343,46.371],[7.34,46.373],[7.346,46.375],[7.348,46.378],[7.361,46.379],[7.365,46.382],[7.365,46.387],[7.367,46.389],[7.377,46.393],[7.391,46.393],[7.406,46.397],[7.409,46.396],[7.396,46.391],[7.4,46.387],[7.409,46.385],[7.422,46.386],[7.448,46.395],[7.455,46.396],[7.458,46.4],[7.462,46.402],[7.463,46.405],[7.471,46.407],[7.482,46.407],[7.484,46.403],[7.489,46.405],[7.494,46.404],[7.493,46.409],[7.5,46.414],[7.51,46.416],[7.507,46.418],[7.507,46.421],[7.53,46.428],[7.528,46.432],[7.514,46.436],[7.512,46.438],[7.513,46.443],[7.52,46.444],[7.521,46.443],[7.52,46.441],[7.523,46.44],[7.526,46.442],[7.53,46.445],[7.523,46.445],[7.529,46.45],[7.536,46.449],[7.546,46.453],[7.547,46.452],[7.543,46.445],[7.539,46.446],[7.531,46.438],[7.533,46.438],[7.536,46.435],[7.546,46.437],[7.549,46.435],[7.556,46.438],[7.562,46.437],[7.567,46.438],[7.579,46.443],[7.581,46.445],[7.576,46.447],[7.574,46.45],[7.582,46.45],[7.586,46.454],[7.595,46.458],[7.6,46.454],[7.603,46.449],[7.601,46.447],[7.608,46.442],[7.614,46.446],[7.624,46.449],[7.625,46.447],[7.621,46.441],[7.612,46.431],[7.614,46.427],[7.632,46.434],[7.631,46.436],[7.629,46.436],[7.637,46.437],[7.647,46.435],[7.65,46.437],[7.661,46.431],[7.648,46.44],[7.647,46.445],[7.653,46.446],[7.657,46.449],[7.656,46.452],[7.657,46.453],[7.663,46.456],[7.666,46.452],[7.67,46.451],[7.673,46.453],[7.675,46.452],[7.683,46.441],[7.686,46.448],[7.689,46.446],[7.696,46.445],[7.699,46.449],[7.704,46.445],[7.705,46.441],[7.708,46.44],[7.705,46.435],[7.712,46.433],[7.727,46.438],[7.741,46.438],[7.748,46.443],[7.753,46.442],[7.755,46.447],[7.76,46.449],[7.76,46.451],[7.764,46.453],[7.77,46.46],[7.768,46.467],[7.763,46.469],[7.777,46.483],[7.774,46.481],[7.77,46.481],[7.767,46.476],[7.754,46.473],[7.748,46.47],[7.741,46.464],[7.738,46.467],[7.728,46.461],[7.724,46.463],[7.723,46.465],[7.725,46.467],[7.715,46.469],[7.709,46.468],[7.706,46.472],[7.702,46.472],[7.69,46.479],[7.701,46.481],[7.706,46.485],[7.704,46.488],[7.716,46.487],[7.728,46.49],[7.745,46.487],[7.744,46.49],[7.745,46.492],[7.748,46.491],[7.753,46.496],[7.742,46.503],[7.741,46.508],[7.749,46.512],[7.735,46.52],[7.725,46.52],[7.722,46.517],[7.716,46.515],[7.712,46.518],[7.702,46.519],[7.712,46.523],[7.716,46.522],[7.722,46.525],[7.725,46.533],[7.732,46.536],[7.735,46.535],[7.731,46.53],[7.727,46.528],[7.727,46.526],[7.729,46.525],[7.735,46.527],[7.742,46.526],[7.748,46.53],[7.752,46.53],[7.755,46.534],[7.758,46.531],[7.761,46.532],[7.764,46.525],[7.774,46.528],[7.775,46.523],[7.774,46.521],[7.781,46.521],[7.78,46.523],[7.784,46.524],[7.786,46.521],[7.786,46.514],[7.781,46.507],[7.79,46.514],[7.793,46.514],[7.794,46.517],[7.804,46.516],[7.813,46.519],[7.807,46.521],[7.8,46.521],[7.8,46.528],[7.804,46.53],[7.804,46.532],[7.793,46.537],[7.797,46.538],[7.807,46.536],[7.815,46.541],[7.813,46.543],[7.81,46.54],[7.8,46.544],[7.797,46.549],[7.79,46.55],[7.786,46.557],[7.782,46.559],[7.794,46.561],[7.796,46.564],[7.801,46.563],[7.807,46.565],[7.814,46.57],[7.817,46.57],[7.821,46.575],[7.814,46.583],[7.81,46.581],[7.808,46.582],[7.816,46.588],[7.809,46.593],[7.81,46.595],[7.814,46.595],[7.814,46.598],[7.81,46.602],[7.811,46.604],[7.814,46.602],[7.83,46.601],[7.837,46.603],[7.839,46.602],[7.84,46.597],[7.845,46.595],[7.839,46.588],[7.839,46.586],[7.833,46.582],[7.833,46.58],[7.834,46.582],[7.837,46.583],[7.84,46.578],[7.843,46.583],[7.846,46.581],[7.85,46.582],[7.853,46.585],[7.857,46.584],[7.863,46.587],[7.864,46.586],[7.864,46.581],[7.867,46.579],[7.861,46.577],[7.859,46.573],[7.853,46.573],[7.852,46.57],[7.861,46.57],[7.859,46.565],[7.853,46.562],[7.849,46.562],[7.84,46.556],[7.829,46.557],[7.823,46.554],[7.821,46.55],[7.823,46.547],[7.83,46.545],[7.833,46.542],[7.83,46.539],[7.828,46.539],[7.825,46.532],[7.822,46.53],[7.823,46.523],[7.826,46.524],[7.828,46.521],[7.833,46.519],[7.846,46.52],[7.869,46.526],[7.872,46.524],[7.862,46.519],[7.856,46.512],[7.844,46.512],[7.844,46.51],[7.846,46.509],[7.849,46.511],[7.859,46.511],[7.86,46.51],[7.858,46.507],[7.862,46.503],[7.865,46.506],[7.869,46.507],[7.872,46.507],[7.875,46.504],[7.878,46.507],[7.886,46.507],[7.891,46.506],[7.895,46.503],[7.898,46.507],[7.904,46.51],[7.911,46.51],[7.917,46.514],[7.916,46.516],[7.918,46.518],[7.921,46.518],[7.918,46.523],[7.924,46.522],[7.928,46.523],[7.933,46.532],[7.938,46.532],[7.937,46.534],[7.94,46.536],[7.94,46.538],[7.939,46.541],[7.934,46.543],[7.931,46.541],[7.932,46.538],[7.927,46.539],[7.926,46.541],[7.929,46.543],[7.926,46.545],[7.928,46.547],[7.931,46.547],[7.931,46.55],[7.926,46.552],[7.922,46.557],[7.93,46.556],[7.937,46.557],[7.941,46.561],[7.951,46.559],[7.964,46.56],[7.963,46.568],[7.98,46.574],[7.97,46.576],[7.97,46.579],[7.98,46.578],[7.981,46.579],[7.976,46.581],[7.983,46.586],[8.0,46.589],[8.01,46.593],[8.016,46.591],[8.019,46.595],[8.023,46.594],[8.032,46.599],[8.034,46.596],[8.032,46.591],[8.039,46.595],[8.042,46.594],[8.04,46.59],[8.045,46.585],[8.049,46.584],[8.055,46.586],[8.055,46.581],[8.058,46.58],[8.062,46.58],[8.071,46.584],[8.084,46.586],[8.092,46.589],[8.091,46.593],[8.087,46.594],[8.088,46.596],[8.085,46.601],[8.081,46.601],[8.078,46.606],[8.072,46.608],[8.07,46.612],[8.063,46.614],[8.066,46.617],[8.069,46.617],[8.075,46.624],[8.082,46.62],[8.088,46.62],[8.095,46.617],[8.098,46.617],[8.101,46.62],[8.108,46.619],[8.105,46.625],[8.096,46.625],[8.096,46.632],[8.093,46.634],[8.1,46.639],[8.096,46.641],[8.102,46.644],[8.103,46.648],[8.106,46.65],[8.104,46.652],[8.104,46.655],[8.109,46.655],[8.111,46.653],[8.123,46.654],[8.122,46.657],[8.128,46.66],[8.13,46.659],[8.131,46.654],[8.133,46.654],[8.131,46.657],[8.132,46.661],[8.135,46.663],[8.138,46.669],[8.141,46.666],[8.145,46.666],[8.147,46.66],[8.151,46.661],[8.154,46.665],[8.156,46.665],[8.157,46.668],[8.159,46.668],[8.161,46.667],[8.16,46.663],[8.167,46.664],[8.171,46.661],[8.169,46.659],[8.173,46.656],[8.177,46.657],[8.182,46.654],[8.181,46.652],[8.184,46.647],[8.19,46.645],[8.19,46.643],[8.196,46.64],[8.192,46.638],[8.199,46.639],[8.206,46.636],[8.216,46.636],[8.219,46.634],[8.215,46.631],[8.215,46.627],[8.211,46.625],[8.214,46.62],[8.209,46.617],[8.199,46.618],[8.196,46.616],[8.206,46.609],[8.212,46.609],[8.215,46.611],[8.214,46.618],[8.219,46.621],[8.222,46.62],[8.232,46.622],[8.231,46.624],[8.234,46.627],[8.25,46.631],[8.251,46.638],[8.246,46.642],[8.248,46.644],[8.265,46.646],[8.267,46.644],[8.274,46.642],[8.278,46.644],[8.285,46.64],[8.281,46.637],[8.279,46.629],[8.288,46.626],[8.273,46.624],[8.273,46.617],[8.278,46.615],[8.271,46.611],[8.27,46.604],[8.274,46.603],[8.277,46.606],[8.28,46.604],[8.28,46.602],[8.29,46.604],[8.3,46.599],[8.307,46.6],[8.309,46.597],[8.309,46.59],[8.317,46.586],[8.32,46.581],[8.319,46.579],[8.313,46.579],[8.309,46.581],[8.303,46.577],[8.3,46.578],[8.287,46.575],[8.277,46.575],[8.267,46.579],[8.261,46.577],[8.251,46.578],[8.245,46.577],[8.238,46.58],[8.228,46.576],[8.218,46.576],[8.21,46.58],[8.186,46.579],[8.182,46.581],[8.182,46.579],[8.185,46.576],[8.199,46.576],[8.21,46.573],[8.219,46.568],[8.232,46.566],[8.232,46.564],[8.237,46.562],[8.241,46.564],[8.243,46.561],[8.247,46.563],[8.257,46.563],[8.264,46.562],[8.272,46.557],[8.267,46.553],[8.256,46.555],[8.243,46.548],[8.228,46.544],[8.237,46.543],[8.24,46.54],[8.247,46.54],[8.27,46.544],[8.276,46.548],[8.273,46.551],[8.276,46.557],[8.283,46.557],[8.299,46.563],[8.303,46.563],[8.316,46.569],[8.322,46.567],[8.329,46.567],[8.335,46.57],[8.342,46.571],[8.346,46.574],[8.346,46.579],[8.343,46.585],[8.339,46.586],[8.338,46.588],[8.343,46.59],[8.342,46.593],[8.339,46.594],[8.343,46.599],[8.339,46.601],[8.338,46.606],[8.336,46.608],[8.328,46.61],[8.336,46.614],[8.339,46.612],[8.35,46.619],[8.343,46.627],[8.337,46.63],[8.338,46.633],[8.333,46.638],[8.327,46.63],[8.323,46.633],[8.324,46.635],[8.322,46.637],[8.322,46.642],[8.324,46.644],[8.323,46.646],[8.327,46.66],[8.328,46.662],[8.333,46.664],[8.324,46.667],[8.317,46.665],[8.316,46.669],[8.318,46.671],[8.316,46.673],[8.306,46.676],[8.311,46.68],[8.311,46.683],[8.301,46.684],[8.295,46.689],[8.285,46.691],[8.285,46.694],[8.282,46.696],[8.281,46.694],[8.275,46.692],[8.267,46.696],[8.282,46.699],[8.292,46.699],[8.298,46.703],[8.305,46.704],[8.308,46.706],[8.315,46.704],[8.318,46.706],[8.321,46.703],[8.318,46.7],[8.321,46.699],[8.35,46.696],[8.347,46.694],[8.346,46.691],[8.357,46.678],[8.367,46.679],[8.372,46.682],[8.369,46.686],[8.371,46.689],[8.368,46.693],[8.368,46.7],[8.367,46.702],[8.362,46.702],[8.361,46.71],[8.357,46.707],[8.351,46.709],[8.346,46.716],[8.348,46.718],[8.346,46.72],[8.346,46.723],[8.354,46.724],[8.358,46.728],[8.367,46.727],[8.374,46.729],[8.387,46.729],[8.397,46.728],[8.4,46.726],[8.408,46.729],[8.417,46.728],[8.423,46.73],[8.43,46.73],[8.437,46.733],[8.431,46.735],[8.43,46.737],[8.426,46.736],[8.423,46.74],[8.42,46.741],[8.417,46.739],[8.413,46.739],[8.406,46.745],[8.392,46.747],[8.404,46.75],[8.406,46.754],[8.42,46.76],[8.422,46.762],[8.421,46.767],[8.428,46.769],[8.427,46.77],[8.421,46.77],[8.417,46.766],[8.411,46.769],[8.41,46.772],[8.398,46.766],[8.374,46.761],[8.365,46.757],[8.361,46.758],[8.355,46.757],[8.329,46.75],[8.326,46.752],[8.326,46.754],[8.329,46.756],[8.328,46.759],[8.329,46.76],[8.352,46.765],[8.347,46.77],[8.358,46.77],[8.372,46.774],[8.375,46.776],[8.376,46.781],[8.365,46.782],[8.359,46.785],[8.342,46.784],[8.336,46.786],[8.345,46.79],[8.349,46.795],[8.336,46.789],[8.329,46.788],[8.323,46.793],[8.319,46.793],[8.316,46.802],[8.317,46.804],[8.332,46.808],[8.33,46.811],[8.326,46.813],[8.323,46.812],[8.321,46.813],[8.326,46.817],[8.33,46.817],[8.333,46.814],[8.336,46.815],[8.342,46.81],[8.342,46.808],[8.346,46.81],[8.348,46.808],[8.347,46.806],[8.35,46.801],[8.38,46.788],[8.381,46.785],[8.385,46.79],[8.398,46.786],[8.401,46.783],[8.408,46.784],[8.409,46.787],[8.404,46.792],[8.418,46.797],[8.421,46.794],[8.42,46.789],[8.431,46.793],[8.437,46.791],[8.441,46.793],[8.442,46.792],[8.437,46.777],[8.441,46.778],[8.447,46.783],[8.458,46.782],[8.463,46.784],[8.47,46.78],[8.473,46.783],[8.483,46.784],[8.482,46.789],[8.494,46.789],[8.496,46.791],[8.5,46.791],[8.5,46.793],[8.506,46.794],[8.507,46.798],[8.519,46.802],[8.512,46.802],[8.512,46.807],[8.515,46.816],[8.519,46.818],[8.515,46.82],[8.517,46.822],[8.516,46.825],[8.52,46.826],[8.528,46.822],[8.53,46.826],[8.537,46.829],[8.537,46.831],[8.533,46.832],[8.531,46.836],[8.543,46.839],[8.556,46.839],[8.557,46.838],[8.554,46.833],[8.549,46.829],[8.549,46.825],[8.552,46.826],[8.553,46.828],[8.556,46.827],[8.574,46.829],[8.58,46.828],[8.582,46.83],[8.585,46.828],[8.579,46.823],[8.568,46.822],[8.566,46.82],[8.559,46.821],[8.543,46.816],[8.539,46.813],[8.535,46.806],[8.531,46.804],[8.542,46.807],[8.544,46.806],[8.54,46.802],[8.546,46.801],[8.547,46.8],[8.545,46.797],[8.557,46.797],[8.562,46.799],[8.565,46.795],[8.572,46.792],[8.582,46.796],[8.585,46.794],[8.591,46.798],[8.6,46.797],[8.607,46.794],[8.601,46.793],[8.594,46.795],[8.596,46.79],[8.594,46.788],[8.591,46.79],[8.584,46.786],[8.582,46.783],[8.584,46.782],[8.601,46.782],[8.605,46.781],[8.606,46.779],[8.601,46.777],[8.591,46.777],[8.586,46.772],[8.584,46.766],[8.584,46.768],[8.581,46.77],[8.578,46.767],[8.574,46.767],[8.571,46.769],[8.568,46.767],[8.565,46.77],[8.558,46.772],[8.558,46.774],[8.554,46.772],[8.548,46.776],[8.545,46.773],[8.545,46.771],[8.548,46.775],[8.553,46.77],[8.552,46.766],[8.553,46.763],[8.549,46.761],[8.547,46.757],[8.558,46.754],[8.563,46.75],[8.562,46.748],[8.564,46.747],[8.567,46.749],[8.57,46.748],[8.57,46.745],[8.567,46.744],[8.548,46.746],[8.545,46.748],[8.548,46.752],[8.545,46.754],[8.54,46.752],[8.535,46.757],[8.528,46.757],[8.526,46.762],[8.522,46.757],[8.516,46.759],[8.512,46.762],[8.518,46.768],[8.515,46.769],[8.512,46.767],[8.499,46.768],[8.496,46.766],[8.493,46.767],[8.491,46.766],[8.492,46.762],[8.491,46.76],[8.497,46.757],[8.495,46.751],[8.473,46.754],[8.469,46.753],[8.466,46.75],[8.459,46.751],[8.458,46.744],[8.454,46.742],[8.454,46.735],[8.456,46.731],[8.456,46.733],[8.459,46.736],[8.472,46.743],[8.488,46.739],[8.488,46.737],[8.505,46.734],[8.518,46.727],[8.528,46.727],[8.528,46.723],[8.524,46.719],[8.527,46.717],[8.524,46.712],[8.527,46.714],[8.531,46.714],[8.537,46.71],[8.547,46.707],[8.549181818181816,46.70554545454546],[8.553,46.71],[8.557,46.708],[8.563,46.708],[8.569,46.705],[8.563,46.704],[8.56,46.706],[8.552,46.701],[8.554,46.696],[8.55,46.696],[8.546,46.692],[8.547,46.689],[8.566,46.689],[8.566,46.686],[8.556,46.686],[8.55,46.684],[8.536,46.685],[8.53,46.683],[8.52,46.685],[8.514,46.682],[8.501,46.691],[8.491,46.693],[8.492,46.69],[8.491,46.688],[8.499,46.676],[8.497,46.672],[8.507,46.67],[8.512,46.667],[8.507,46.664],[8.499,46.665],[8.49,46.66],[8.477,46.658],[8.445,46.672],[8.441,46.67],[8.445,46.667],[8.439,46.663],[8.445,46.658],[8.448,46.659],[8.45,46.656],[8.458,46.653],[8.461,46.649],[8.461,46.646],[8.456,46.645],[8.457,46.641],[8.474,46.644],[8.483,46.64],[8.493,46.642],[8.497,46.641],[8.506,46.644],[8.513,46.644],[8.516,46.646],[8.536,46.646],[8.539,46.649],[8.557,46.647],[8.553,46.644],[8.549,46.644],[8.546,46.64],[8.542,46.638],[8.543,46.635],[8.539,46.631],[8.532,46.632],[8.529,46.635],[8.526,46.632],[8.523,46.632],[8.519,46.635],[8.509,46.631],[8.507,46.629],[8.512,46.627],[8.503,46.622],[8.5,46.626],[8.497,46.625],[8.498,46.622],[8.496,46.62],[8.493,46.617],[8.486,46.617],[8.483,46.619],[8.473,46.621],[8.473,46.618],[8.487,46.607],[8.486,46.606],[8.473,46.598],[8.463,46.596],[8.453,46.597],[8.45,46.594],[8.445,46.594],[8.444,46.591],[8.44,46.59],[8.437,46.587],[8.44,46.585],[8.45,46.587],[8.464,46.587],[8.469,46.582],[8.478,46.58],[8.482,46.577],[8.466,46.567],[8.453,46.562],[8.453,46.56],[8.463,46.56],[8.485,46.569],[8.489,46.568],[8.492,46.563],[8.494,46.564],[8.493,46.566],[8.495,46.569],[8.496,46.566],[8.505,46.56],[8.506,46.562],[8.503,46.566],[8.505,46.568],[8.504,46.58],[8.507,46.584],[8.518,46.595],[8.535,46.598],[8.541,46.602],[8.548,46.603],[8.551,46.602],[8.55,46.597],[8.547,46.595],[8.55,46.59],[8.55,46.581],[8.552,46.577],[8.551,46.574],[8.547,46.573],[8.544,46.575],[8.544,46.574],[8.547,46.572],[8.547,46.569],[8.551,46.571],[8.554,46.57],[8.564,46.572],[8.566,46.579],[8.568,46.581],[8.567,46.586],[8.571,46.592],[8.577,46.588],[8.587,46.588],[8.591,46.59],[8.592,46.594],[8.587,46.598],[8.579,46.601],[8.58,46.604],[8.584,46.604],[8.585,46.606],[8.582,46.61],[8.582,46.613],[8.585,46.615],[8.594,46.61],[8.598,46.61],[8.597,46.615],[8.607,46.617],[8.608,46.619],[8.605,46.621],[8.611,46.624],[8.624,46.621],[8.627,46.619],[8.625,46.617],[8.627,46.615],[8.633,46.614],[8.636,46.609],[8.64,46.609],[8.649,46.603],[8.651,46.601],[8.65,46.596],[8.645,46.594],[8.646,46.592],[8.652,46.593],[8.656,46.596],[8.666,46.596],[8.667,46.598],[8.672,46.6],[8.668,46.603],[8.668,46.605],[8.662,46.609],[8.665,46.614],[8.677,46.618],[8.666,46.618],[8.657,46.625],[8.657,46.627],[8.653,46.63],[8.653,46.634],[8.646,46.634],[8.641,46.641],[8.644,46.643],[8.64,46.641],[8.638,46.643],[8.641,46.648],[8.651,46.652],[8.652,46.655],[8.657,46.657],[8.656,46.659],[8.664,46.66],[8.669,46.657],[8.67,46.652],[8.664,46.645],[8.67,46.639],[8.67,46.637],[8.666,46.634],[8.673,46.637],[8.675,46.636],[8.673,46.632],[8.681,46.625],[8.678,46.623],[8.682,46.619],[8.685,46.617],[8.701,46.625],[8.705,46.624],[8.708,46.611],[8.71,46.609],[8.708,46.604],[8.714,46.599],[8.721,46.602],[8.724,46.599],[8.726,46.604],[8.724,46.609],[8.732,46.613],[8.727,46.618],[8.728,46.627],[8.738,46.625],[8.748,46.626],[8.749,46.624],[8.748,46.622],[8.737,46.613],[8.746,46.611],[8.745,46.604],[8.747,46.601],[8.75,46.606],[8.754,46.609],[8.757,46.609],[8.764,46.615],[8.764,46.617],[8.77,46.624],[8.78,46.631],[8.783612903225809,46.631516129032256],[8.781,46.635],[8.784,46.637],[8.787,46.635],[8.78448,46.63164],[8.787,46.632],[8.788,46.637],[8.79,46.639],[8.795,46.639],[8.795,46.642],[8.797,46.643],[8.8,46.641],[8.804,46.643],[8.807,46.64],[8.811,46.639],[8.807,46.639],[8.805,46.637],[8.806,46.635],[8.803,46.632],[8.793,46.625],[8.793,46.623],[8.799,46.626],[8.804,46.626],[8.803,46.621],[8.799,46.617],[8.804,46.612],[8.799,46.608],[8.789,46.604],[8.788,46.601],[8.791,46.597],[8.789,46.59],[8.783,46.592],[8.779,46.592],[8.776,46.59],[8.766,46.591],[8.764,46.588],[8.766,46.584],[8.769,46.584],[8.772,46.581],[8.776,46.582],[8.782,46.579],[8.779,46.577],[8.775,46.577],[8.769,46.57],[8.742,46.57],[8.743,46.568],[8.75,46.568],[8.759,46.565],[8.766,46.567],[8.769,46.565],[8.769,46.562],[8.762,46.56],[8.754,46.554],[8.743,46.553],[8.736,46.556],[8.726,46.556],[8.717,46.561],[8.697,46.56],[8.691,46.563],[8.684,46.56],[8.681,46.555],[8.677,46.553],[8.674,46.555],[8.677,46.549],[8.679,46.549],[8.671,46.548],[8.664,46.551],[8.664,46.556],[8.669,46.56],[8.675,46.562],[8.678,46.566],[8.681,46.566],[8.682,46.573],[8.678,46.575],[8.675,46.575],[8.672,46.571],[8.662,46.571],[8.648,46.566],[8.635,46.565],[8.636,46.56],[8.632,46.559],[8.629,46.561],[8.625,46.56],[8.617,46.556],[8.616,46.554],[8.596,46.547],[8.592,46.547],[8.592,46.549],[8.595,46.552],[8.593,46.554],[8.585,46.554],[8.59,46.559],[8.586,46.561],[8.58,46.56],[8.567,46.564],[8.566,46.559],[8.569,46.556],[8.56,46.553],[8.556,46.548],[8.563,46.544],[8.564,46.541],[8.559,46.541],[8.559,46.539],[8.553,46.534],[8.547,46.536],[8.543,46.534],[8.543,46.536],[8.537,46.538],[8.534,46.535],[8.53,46.535],[8.529,46.532],[8.524,46.527],[8.514,46.531],[8.51,46.528],[8.51,46.521],[8.507,46.52],[8.504,46.522],[8.494,46.519],[8.496,46.514],[8.494,46.513],[8.491,46.512],[8.488,46.514],[8.48,46.51],[8.472,46.503],[8.465,46.502],[8.461,46.499],[8.451,46.499],[8.449,46.495],[8.451,46.492],[8.455,46.493],[8.455,46.49],[8.447,46.488],[8.444,46.483],[8.438,46.481],[8.415,46.482],[8.405,46.479],[8.406,46.477],[8.418,46.474],[8.422,46.475],[8.425,46.473],[8.435,46.472],[8.453,46.472],[8.464,46.476],[8.467,46.475],[8.471,46.478],[8.477,46.475],[8.485,46.483],[8.49,46.484],[8.495,46.483],[8.495,46.485],[8.497,46.486],[8.51,46.48],[8.515,46.483],[8.511,46.492],[8.517,46.495],[8.52,46.493],[8.526,46.493],[8.528,46.494],[8.526,46.495],[8.526,46.498],[8.536,46.499],[8.539,46.491],[8.542,46.49],[8.546,46.493],[8.549,46.493],[8.555,46.487],[8.556,46.492],[8.554,46.494],[8.554,46.498],[8.562,46.501],[8.576,46.5],[8.576,46.505],[8.579,46.506],[8.585,46.504],[8.592,46.508],[8.599,46.504],[8.611,46.508],[8.616,46.504],[8.615,46.502],[8.623,46.5],[8.623,46.497],[8.621,46.496],[8.614,46.499],[8.611,46.498],[8.601,46.499],[8.597,46.498],[8.599,46.495],[8.581,46.493],[8.578,46.496],[8.577,46.493],[8.58,46.491],[8.574,46.487],[8.575,46.486],[8.578,46.488],[8.585,46.488],[8.594,46.482],[8.609,46.482],[8.606,46.48],[8.606,46.475],[8.611,46.473],[8.617,46.475],[8.62,46.471],[8.618,46.468],[8.623,46.46],[8.63,46.462],[8.633,46.459],[8.64,46.46],[8.635,46.455],[8.635,46.452],[8.63,46.45],[8.626,46.451],[8.621,46.448],[8.623,46.446],[8.627,46.446],[8.627,46.441],[8.629,46.439],[8.626,46.437],[8.626,46.434],[8.623,46.434],[8.621,46.437],[8.615,46.437],[8.612,46.444],[8.614,46.446],[8.612,46.453],[8.604,46.459],[8.599,46.459],[8.6,46.462],[8.594,46.466],[8.578,46.467],[8.576,46.469],[8.569,46.469],[8.583,46.462],[8.581,46.46],[8.577,46.46],[8.576,46.455],[8.574,46.455],[8.57,46.451],[8.57,46.448],[8.574,46.446],[8.577,46.448],[8.584,46.449],[8.584,46.446],[8.581,46.441],[8.567,46.437],[8.565,46.435],[8.565,46.433],[8.578,46.424],[8.577,46.42],[8.574,46.418],[8.57,46.418],[8.566,46.415],[8.571,46.41],[8.564,46.411],[8.557,46.41],[8.557,46.417],[8.551,46.423],[8.537,46.426],[8.541,46.433],[8.522,46.44],[8.529,46.442],[8.529,46.444],[8.527,46.444],[8.533,46.447],[8.534,46.449],[8.529,46.452],[8.525,46.453],[8.522,46.45],[8.519,46.454],[8.512,46.456],[8.516,46.453],[8.509,46.452],[8.506,46.449],[8.506,46.439],[8.502,46.439],[8.496,46.436],[8.497,46.433],[8.499,46.432],[8.506,46.433],[8.511,46.431],[8.509,46.428],[8.505,46.427],[8.504,46.424],[8.498,46.418],[8.498,46.415],[8.489,46.411],[8.486,46.409],[8.486,46.407],[8.482,46.409],[8.48,46.407],[8.49,46.404],[8.491,46.402],[8.485,46.397],[8.492,46.4],[8.493,46.397],[8.495,46.396],[8.498,46.398],[8.508,46.397],[8.508,46.39],[8.505,46.388],[8.501,46.389],[8.498,46.386],[8.499,46.382],[8.498,46.381],[8.488,46.381],[8.485,46.383],[8.478,46.382],[8.478,46.379],[8.485,46.378],[8.485,46.376],[8.478,46.375],[8.473,46.371],[8.473,46.368],[8.479,46.368],[8.482,46.369],[8.483,46.371],[8.486,46.371],[8.485,46.366],[8.481,46.366],[8.474,46.362],[8.475,46.358],[8.479,46.357],[8.475,46.356],[8.473,46.353],[8.478,46.352],[8.481,46.355],[8.484,46.353],[8.489,46.353],[8.489,46.35],[8.495,46.348],[8.497,46.345],[8.504,46.344],[8.507,46.346],[8.51,46.344],[8.523,46.344],[8.525,46.343],[8.523,46.341],[8.52,46.341],[8.525,46.336],[8.52,46.335],[8.504,46.338],[8.494,46.334],[8.487,46.336],[8.486,46.339],[8.481,46.342],[8.468,46.339],[8.473,46.337],[8.473,46.335],[8.468,46.332],[8.461,46.335],[8.461,46.338],[8.466,46.339],[8.463,46.344],[8.464,46.353],[8.461,46.355],[8.467,46.362],[8.468,46.368],[8.465,46.37],[8.464,46.38],[8.46,46.384],[8.462,46.389],[8.461,46.391],[8.466,46.394],[8.468,46.393],[8.469,46.39],[8.471,46.391],[8.472,46.394],[8.476,46.394],[8.476,46.396],[8.472,46.397],[8.469,46.394],[8.468,46.398],[8.464,46.4],[8.464,46.409],[8.468,46.411],[8.461,46.418],[8.461,46.42],[8.458,46.423],[8.458,46.427],[8.455,46.429],[8.455,46.436],[8.462,46.447],[8.46,46.451],[8.451,46.46],[8.444,46.464],[8.435,46.464],[8.431,46.462],[8.405,46.46],[8.399,46.455],[8.389,46.451],[8.366,46.451],[8.353,46.442],[8.346,46.44],[8.33,46.429],[8.327,46.429],[8.323,46.426],[8.319,46.426],[8.317,46.424],[8.306,46.424],[8.302,46.422],[8.302,46.419],[8.295,46.415],[8.296,46.413],[8.293,46.41],[8.293,46.408],[8.3,46.407],[8.303,46.408],[8.312,46.403],[8.312,46.399],[8.315,46.397],[8.314,46.381],[8.306,46.375],[8.293,46.371],[8.283,46.364],[8.277,46.364],[8.275,46.366],[8.266,46.366],[8.26,46.362],[8.259,46.354],[8.263,46.352],[8.263,46.348],[8.26,46.346],[8.251,46.346],[8.25,46.343],[8.244,46.34],[8.234,46.339],[8.231,46.34],[8.227,46.337],[8.227,46.334],[8.22,46.33],[8.22,46.325],[8.213,46.317],[8.213,46.31],[8.211,46.308],[8.195,46.304],[8.191,46.301],[8.165,46.295],[8.161,46.297],[8.152,46.297],[8.149,46.3],[8.136,46.302],[8.13,46.297],[8.122,46.295],[8.122,46.292],[8.119,46.29],[8.119,46.288],[8.113,46.283],[8.089,46.268],[8.082,46.266],[8.079,46.263],[8.079,46.261],[8.087,46.256],[8.097,46.256],[8.102,46.252],[8.106,46.252],[8.109,46.25],[8.109,46.247],[8.112,46.245],[8.112,46.241],[8.116,46.237],[8.127,46.229],[8.14,46.225],[8.138,46.221],[8.135,46.219],[8.129,46.221],[8.125,46.218],[8.121,46.22],[8.12,46.223],[8.121,46.225],[8.119,46.226],[8.113,46.223],[8.1,46.223],[8.09,46.225],[8.087,46.223],[8.086,46.216],[8.094,46.209],[8.094,46.207],[8.09,46.205],[8.09,46.202],[8.088,46.207],[8.086,46.208],[8.08,46.206],[8.077,46.209],[8.074,46.209],[8.073,46.212],[8.077,46.216],[8.07,46.216],[8.067,46.213],[8.063,46.214],[8.059,46.227],[8.065,46.234],[8.064,46.237],[8.058,46.232],[8.051,46.231],[8.048,46.232],[8.047,46.234],[8.032,46.237],[8.029,46.241],[8.037,46.243],[8.04,46.246],[8.04,46.25],[8.042,46.251],[8.048,46.249],[8.063,46.254],[8.065,46.259],[8.061,46.26],[8.058,46.264],[8.052,46.265],[8.05,46.268],[8.052,46.271],[8.058,46.271],[8.061,46.274],[8.068,46.273],[8.07,46.275],[8.069,46.279],[8.072,46.281],[8.074,46.285],[8.078,46.285],[8.081,46.287],[8.087,46.283],[8.093,46.284],[8.095,46.293],[8.09,46.297],[8.09,46.299],[8.104,46.309],[8.101,46.312],[8.084,46.305],[8.078,46.306],[8.077,46.308],[8.087,46.317],[8.085,46.319],[8.081,46.319],[8.081,46.322],[8.078,46.321],[8.072,46.324],[8.075,46.337],[8.088,46.336],[8.089,46.342],[8.088,46.344],[8.091,46.346],[8.098,46.347],[8.098,46.349],[8.101,46.35],[8.104,46.348],[8.109,46.349],[8.113,46.346],[8.118,46.346],[8.122,46.353],[8.126,46.355],[8.126,46.36],[8.131,46.359],[8.137,46.362],[8.144,46.36],[8.142,46.357],[8.15,46.356],[8.152,46.353],[8.147,46.352],[8.137,46.354],[8.135,46.353],[8.134,46.348],[8.131,46.344],[8.117,46.336],[8.116,46.333],[8.117,46.328],[8.123,46.328],[8.129,46.331],[8.143,46.334],[8.146,46.337],[8.153,46.34],[8.156,46.339],[8.156,46.335],[8.146,46.327],[8.146,46.324],[8.159,46.329],[8.163,46.327],[8.166,46.328],[8.172,46.327],[8.179,46.334],[8.183,46.326],[8.181,46.323],[8.195,46.324],[8.202,46.327],[8.202,46.329],[8.195,46.336],[8.195,46.338],[8.202,46.341],[8.207,46.341],[8.209,46.346],[8.205,46.345],[8.194,46.348],[8.195,46.353],[8.208,46.358],[8.212,46.357],[8.216,46.352],[8.22,46.35],[8.222,46.35],[8.225,46.353],[8.229,46.352],[8.227,46.355],[8.223,46.357],[8.232,46.361],[8.23,46.364],[8.234,46.368],[8.244,46.372],[8.251,46.371],[8.254,46.374],[8.259,46.375],[8.259,46.377],[8.273,46.381],[8.276,46.384],[8.271,46.388],[8.267,46.389],[8.264,46.384],[8.248,46.385],[8.245,46.387],[8.235,46.387],[8.228,46.384],[8.226,46.386],[8.236,46.393],[8.235,46.395],[8.228,46.395],[8.215,46.389],[8.205,46.389],[8.196,46.385],[8.183,46.384],[8.181,46.386],[8.193,46.388],[8.195,46.389],[8.195,46.391],[8.202,46.394],[8.209,46.394],[8.225,46.404],[8.232,46.406],[8.242,46.415],[8.232,46.416],[8.206,46.406],[8.196,46.404],[8.191,46.407],[8.192,46.409],[8.198,46.411],[8.2,46.415],[8.209,46.414],[8.211,46.42],[8.213,46.421],[8.222,46.418],[8.223,46.42],[8.221,46.422],[8.222,46.426],[8.226,46.428],[8.232,46.426],[8.233,46.427],[8.233,46.429],[8.23,46.431],[8.232,46.437],[8.235,46.436],[8.236,46.432],[8.239,46.431],[8.245,46.432],[8.251,46.438],[8.25,46.442],[8.245,46.444],[8.249,46.446],[8.252,46.446],[8.254,46.444],[8.253,46.44],[8.255,46.439],[8.258,46.441],[8.265,46.43],[8.272,46.429],[8.275,46.426],[8.291,46.422],[8.294,46.423],[8.294,46.428],[8.291,46.431],[8.298,46.437],[8.293,46.44],[8.291,46.444],[8.288,46.444],[8.279,46.451],[8.278,46.455],[8.282,46.455],[8.285,46.457],[8.284,46.464],[8.281,46.467],[8.281,46.469],[8.284,46.469],[8.288,46.464],[8.291,46.464],[8.295,46.459],[8.301,46.459],[8.311,46.455],[8.309,46.462],[8.311,46.464],[8.311,46.467],[8.302,46.473],[8.3,46.478],[8.307,46.482],[8.315,46.48],[8.316,46.484],[8.322,46.489],[8.32,46.491],[8.321,46.492],[8.324,46.493],[8.331,46.487],[8.337,46.494],[8.349,46.489],[8.35,46.485],[8.354,46.484],[8.364,46.477],[8.36,46.475],[8.362,46.468],[8.364,46.468],[8.369,46.471],[8.365,46.473],[8.373,46.473],[8.378,46.475],[8.376,46.477],[8.376,46.482],[8.374,46.486],[8.375,46.488],[8.37,46.493],[8.373,46.497],[8.371,46.5],[8.357,46.502],[8.346,46.509],[8.354,46.51],[8.355,46.511],[8.354,46.516],[8.36,46.518],[8.361,46.521],[8.37,46.521],[8.38,46.516],[8.387,46.515],[8.393,46.512],[8.396,46.513],[8.402,46.508],[8.404,46.511],[8.4,46.515],[8.403,46.517],[8.409,46.515],[8.409,46.511],[8.413,46.512],[8.423,46.508],[8.44,46.519],[8.44,46.522],[8.438,46.522],[8.428,46.517],[8.426,46.52],[8.427,46.522],[8.422,46.524],[8.429,46.531],[8.423,46.529],[8.421,46.531],[8.423,46.535],[8.42,46.536],[8.417,46.533],[8.41,46.531],[8.398,46.536],[8.395,46.542],[8.396,46.545],[8.392,46.547],[8.381,46.544],[8.38,46.545],[8.383,46.547],[8.381,46.551],[8.385,46.556],[8.384,46.559],[8.371,46.557],[8.364,46.561],[8.371,46.562],[8.373,46.565],[8.384,46.566],[8.386,46.569],[8.391,46.571],[8.397,46.571],[8.4,46.569],[8.41,46.569],[8.41,46.574],[8.379,46.581],[8.375,46.58],[8.37,46.581],[8.368,46.578],[8.35,46.57],[8.347,46.567],[8.346,46.558],[8.349,46.554],[8.345,46.551],[8.332,46.549],[8.326,46.55],[8.322,46.546],[8.315,46.545],[8.316,46.541],[8.315,46.538],[8.302,46.542],[8.299,46.541],[8.296,46.536],[8.297,46.534],[8.305,46.533],[8.307,46.532],[8.307,46.529],[8.302,46.528],[8.292,46.53],[8.286,46.533],[8.283,46.532],[8.279,46.527],[8.276,46.528],[8.273,46.525],[8.272,46.523],[8.276,46.518],[8.273,46.517],[8.269,46.518],[8.266,46.521],[8.26,46.522],[8.252,46.521],[8.25,46.519],[8.253,46.516],[8.25,46.515],[8.243,46.522],[8.237,46.524],[8.227,46.523],[8.224,46.519],[8.227,46.516],[8.228,46.512],[8.231,46.51],[8.233,46.505],[8.236,46.503],[8.234,46.501],[8.238,46.499],[8.238,46.496],[8.23,46.496],[8.229,46.494],[8.23,46.492],[8.227,46.49],[8.223,46.491],[8.22,46.496],[8.213,46.501],[8.207,46.502],[8.206,46.501],[8.208,46.499],[8.208,46.496],[8.205,46.494],[8.207,46.49],[8.206,46.487],[8.211,46.483],[8.207,46.481],[8.2,46.483],[8.191,46.489],[8.181,46.49],[8.177,46.488],[8.188,46.474],[8.183,46.472],[8.187,46.467],[8.181,46.467],[8.179,46.465],[8.174,46.466],[8.164,46.461],[8.168,46.459],[8.17,46.454],[8.167,46.451],[8.161,46.453],[8.156,46.459],[8.151,46.461],[8.148,46.465],[8.138,46.467],[8.142,46.469],[8.148,46.468],[8.151,46.47],[8.151,46.477],[8.148,46.478],[8.145,46.477],[8.145,46.483],[8.142,46.489],[8.137,46.486],[8.137,46.483],[8.135,46.481],[8.126,46.476],[8.119,46.478],[8.116,46.473],[8.117,46.47],[8.114,46.466],[8.12,46.459],[8.119,46.457],[8.115,46.456],[8.113,46.45],[8.119,46.448],[8.119,46.445],[8.105,46.435],[8.105,46.433],[8.108,46.432],[8.107,46.43],[8.1,46.427],[8.1,46.425],[8.103,46.423],[8.102,46.422],[8.095,46.421],[8.089,46.415],[8.085,46.416],[8.088,46.423],[8.098,46.427],[8.096,46.429],[8.092,46.429],[8.091,46.427],[8.081,46.421],[8.079,46.416],[8.077,46.416],[8.074,46.421],[8.074,46.428],[8.083,46.434],[8.087,46.434],[8.086,46.439],[8.076,46.435],[8.073,46.436],[8.066,46.434],[8.061,46.437],[8.068,46.441],[8.067,46.455],[8.057,46.45],[8.047,46.452],[8.037,46.458],[8.036,46.457],[8.047,46.446],[8.047,46.443],[8.051,46.441],[8.051,46.439],[8.04,46.432],[8.04,46.428],[8.032,46.421],[8.034,46.418],[8.027,46.416],[8.017,46.421],[8.014,46.42],[8.011,46.416],[7.995,46.423],[7.991,46.422],[7.988,46.423],[7.985,46.426],[7.972,46.426],[7.975,46.423],[7.99,46.417],[7.991,46.414],[7.994,46.412],[7.991,46.41],[7.988,46.411],[7.992,46.408],[7.988,46.407],[7.986,46.403],[7.988,46.397],[7.985,46.392],[7.985,46.388],[7.975,46.387],[7.972,46.385],[7.972,46.383],[7.968,46.383],[7.967,46.388],[7.962,46.393],[7.955,46.393],[7.949,46.385],[7.942,46.382],[7.933,46.393],[7.926,46.393],[7.913,46.398],[7.909,46.39],[7.916,46.386],[7.915,46.381],[7.912,46.379],[7.912,46.377],[7.913,46.373],[7.918,46.372],[7.913,46.371],[7.909,46.368],[7.913,46.364],[7.92,46.363],[7.915,46.361],[7.914,46.359],[7.917,46.356],[7.913,46.354],[7.91,46.357],[7.903,46.359],[7.9,46.363],[7.895,46.365],[7.895,46.37],[7.892,46.372],[7.894,46.375],[7.889,46.381],[7.891,46.383],[7.89,46.384],[7.887,46.384],[7.884,46.381],[7.88,46.381],[7.877,46.383],[7.868,46.375],[7.861,46.376],[7.856,46.372],[7.858,46.371],[7.858,46.367],[7.854,46.365],[7.851,46.365],[7.846,46.368],[7.848,46.371],[7.845,46.369],[7.841,46.37],[7.841,46.372],[7.834,46.375],[7.825,46.37],[7.819,46.369],[7.817,46.363],[7.809,46.359],[7.806,46.362],[7.799,46.362],[7.796,46.371],[7.791,46.366],[7.791,46.361],[7.795,46.357],[7.793,46.354],[7.789,46.354],[7.787,46.359],[7.784,46.361],[7.788,46.37],[7.777,46.375],[7.777,46.378],[7.775,46.379],[7.775,46.382],[7.783,46.382],[7.796,46.39],[7.799,46.39],[7.812,46.396],[7.813,46.397],[7.811,46.402],[7.812,46.403],[7.819,46.401],[7.824,46.404],[7.823,46.406],[7.832,46.407],[7.833,46.411],[7.83,46.413],[7.832,46.414],[7.839,46.416],[7.846,46.415],[7.844,46.417],[7.845,46.42],[7.848,46.422],[7.855,46.425],[7.861,46.424],[7.868,46.426],[7.867,46.429],[7.875,46.431],[7.881,46.435],[7.888,46.436],[7.894,46.441],[7.901,46.442],[7.902,46.446],[7.907,46.448],[7.914,46.456],[7.906,46.455],[7.905,46.458],[7.907,46.46],[7.901,46.465],[7.9,46.462],[7.902,46.458],[7.901,46.456],[7.894,46.454],[7.891,46.456],[7.885,46.455],[7.878,46.456],[7.871,46.452],[7.869,46.453],[7.871,46.456],[7.869,46.46],[7.867,46.46],[7.865,46.454],[7.862,46.461],[7.852,46.445],[7.845,46.449],[7.842,46.453],[7.836,46.449],[7.833,46.451],[7.829,46.45],[7.828,46.449],[7.837,46.442],[7.829,46.442],[7.826,46.439],[7.822,46.438],[7.816,46.445],[7.806,46.447],[7.802,46.44],[7.807,46.435],[7.807,46.433],[7.803,46.431],[7.8,46.431],[7.796,46.428],[7.79,46.432],[7.783,46.425],[7.782,46.427],[7.773,46.427],[7.768,46.422],[7.764,46.422],[7.761,46.418],[7.752,46.418],[7.751,46.415],[7.748,46.414],[7.732,46.413],[7.734,46.409],[7.73,46.404],[7.737,46.402],[7.734,46.399],[7.731,46.4],[7.726,46.391],[7.734,46.39],[7.736,46.388],[7.728,46.385],[7.725,46.379],[7.714,46.373],[7.715,46.372],[7.731,46.376],[7.734,46.375],[7.733,46.37],[7.731,46.368],[7.735,46.364],[7.733,46.357],[7.729,46.353],[7.728,46.349],[7.721,46.351],[7.719,46.35],[7.719,46.348],[7.715,46.349],[7.705,46.345],[7.698,46.35],[7.692,46.349],[7.691,46.353],[7.697,46.357],[7.702,46.364],[7.695,46.364],[7.689,46.368],[7.688,46.371],[7.689,46.373],[7.686,46.375],[7.684,46.371],[7.685,46.366],[7.682,46.36],[7.679,46.359],[7.672,46.352],[7.666,46.352],[7.664,46.359],[7.671,46.364],[7.671,46.368],[7.669,46.37],[7.666,46.366],[7.66,46.365],[7.656,46.367],[7.656,46.371],[7.646,46.375],[7.65,46.376],[7.658,46.382],[7.663,46.381],[7.663,46.384],[7.669,46.386],[7.671,46.391],[7.669,46.392],[7.67,46.395],[7.668,46.4],[7.676,46.403],[7.683,46.411],[7.679,46.414],[7.666,46.41],[7.66,46.412],[7.656,46.409],[7.647,46.406],[7.64,46.406],[7.634,46.403],[7.617,46.401],[7.608,46.396],[7.605,46.384],[7.601,46.386],[7.598,46.38],[7.594,46.38],[7.596,46.378],[7.595,46.376],[7.587,46.371],[7.586,46.366],[7.588,46.363],[7.592,46.362],[7.59,46.36],[7.589,46.353],[7.585,46.351],[7.58,46.353],[7.582,46.353],[7.583,46.355],[7.582,46.356],[7.578,46.353],[7.572,46.353],[7.566,46.355],[7.565,46.357],[7.552,46.358],[7.539,46.363],[7.533,46.361],[7.53,46.367],[7.526,46.364],[7.522,46.357],[7.525,46.355],[7.527,46.351],[7.526,46.35],[7.512,46.348],[7.51,46.351],[7.504,46.352],[7.503,46.353],[7.505,46.355],[7.504,46.356],[7.497,46.353],[7.498,46.351],[7.494,46.346],[7.486,46.344],[7.481,46.341],[7.479,46.342],[7.479,46.344],[7.485,46.351],[7.478,46.359],[7.461,46.355],[7.449,46.36],[7.442,46.36],[7.432,46.365],[7.426,46.366],[7.418,46.364],[7.416,46.366],[7.406,46.365],[7.403,46.36],[7.406,46.359],[7.413,46.351],[7.416,46.351],[7.425,46.346],[7.422,46.345],[7.416,46.348],[7.406,46.347],[7.399,46.342],[7.398,46.339],[7.399,46.337],[7.406,46.336],[7.409,46.34],[7.413,46.339],[7.414,46.337],[7.412,46.335],[7.416,46.332],[7.416,46.329],[7.406,46.329],[7.405,46.328],[7.408,46.326],[7.406,46.325],[7.4,46.327],[7.397,46.326],[7.396,46.321],[7.396,46.324],[7.393,46.324],[7.39,46.328],[7.387,46.325],[7.381,46.326],[7.379,46.321],[7.375,46.321],[7.375,46.324],[7.373,46.324],[7.37,46.322],[7.357,46.319],[7.354,46.318],[7.351,46.318],[7.348,46.322],[7.342,46.324],[7.34,46.324],[7.335,46.319],[7.33,46.321],[7.33,46.324],[7.328,46.325],[7.322,46.322],[7.312,46.326],[7.309,46.325],[7.306,46.328],[7.301,46.328],[7.299,46.324],[7.293,46.322],[7.284,46.312],[7.291,46.308],[7.286,46.305],[7.293,46.304],[7.298,46.301],[7.296,46.3],[7.289,46.302],[7.284,46.301],[7.283,46.299],[7.286,46.3],[7.289,46.297],[7.293,46.297],[7.291,46.29],[7.286,46.291],[7.283,46.288],[7.279,46.288],[7.282,46.285],[7.267,46.28],[7.264,46.283],[7.268,46.285],[7.265,46.288],[7.27,46.289],[7.27,46.291],[7.267,46.291],[7.26,46.284],[7.256,46.285],[7.255,46.292],[7.261,46.294],[7.263,46.297],[7.27,46.299],[7.267,46.304],[7.25,46.306],[7.248,46.308],[7.231,46.308],[7.22,46.31],[7.211,46.308],[7.208,46.311],[7.207,46.31],[7.209,46.308],[7.208,46.305],[7.202,46.301],[7.198,46.301],[7.193,46.296],[7.201,46.292],[7.199,46.29],[7.185,46.285],[7.184,46.283],[7.189,46.281],[7.194,46.283],[7.2,46.283],[7.202,46.281],[7.202,46.278],[7.2,46.276],[7.201,46.272],[7.195,46.267],[7.194,46.263],[7.195,46.262],[7.208,46.263],[7.214,46.265],[7.213,46.269],[7.217,46.272],[7.218,46.275],[7.219,46.274],[7.219,46.272],[7.223,46.269],[7.217,46.263],[7.217,46.26],[7.214,46.258],[7.218,46.254],[7.215,46.251],[7.216,46.249],[7.222,46.247],[7.224,46.245],[7.224,46.242],[7.215,46.241],[7.209,46.237],[7.202,46.239],[7.186,46.239],[7.179,46.236],[7.17,46.235],[7.166,46.237],[7.153,46.236],[7.161,46.229],[7.158,46.222],[7.154,46.218],[7.144,46.223],[7.137,46.223],[7.134,46.225],[7.131,46.224],[7.134,46.222],[7.131,46.222],[7.128,46.218],[7.123,46.215],[7.131,46.218],[7.137,46.211],[7.133,46.209],[7.131,46.205],[7.137,46.204],[7.138,46.202],[7.127,46.202],[7.132,46.197],[7.131,46.195],[7.133,46.193],[7.131,46.191],[7.128,46.191],[7.128,46.188],[7.125,46.184],[7.112,46.179],[7.108,46.175],[7.099,46.178],[7.095,46.177],[7.092,46.179]],[[7.092,46.179],[7.097,46.181],[7.095,46.183],[7.092,46.179]],[[7.921,46.518],[7.921,46.516],[7.924,46.514],[7.927,46.516],[7.921,46.518]],[[8.483,46.64],[8.48,46.639],[8.48,46.636],[8.483,46.64]],[[8.542,46.638],[8.539,46.639],[8.536,46.638],[8.539,46.636],[8.542,46.638]],[[8.496,46.62],[8.494,46.622],[8.493,46.622],[8.496,46.62]],[[8.493,46.622],[8.49,46.622],[8.489,46.62],[8.493,46.622]],[[8.36,46.475],[8.347,46.475],[8.343,46.473],[8.34,46.468],[8.344,46.468],[8.347,46.471],[8.353,46.473],[8.357,46.472],[8.36,46.475]],[[7.686,46.375],[7.684,46.377],[7.686,46.379],[7.689,46.379],[7.689,46.381],[7.682,46.378],[7.679,46.379],[7.673,46.376],[7.671,46.373],[7.673,46.371],[7.676,46.373],[7.679,46.371],[7.679,46.369],[7.682,46.375],[7.686,46.375]],[[7.357,46.319],[7.354,46.322],[7.352,46.321],[7.357,46.319]],[[8.547500000000001,46.7025],[8.546,46.701],[8.547,46.699],[8.549,46.701],[8.547500000000001,46.7025]],[[8.283,46.585],[8.287,46.587],[8.29,46.586],[8.298,46.588],[8.301,46.59],[8.293,46.591],[8.287,46.595],[8.274,46.593],[8.264,46.596],[8.26,46.593],[8.264,46.59],[8.267,46.592],[8.272,46.588],[8.283,46.585]],[[8.085,46.443],[8.096,46.443],[8.096,46.445],[8.091,46.45],[8.096,46.453],[8.09,46.454],[8.092,46.457],[8.09,46.459],[8.09,46.466],[8.083,46.471],[8.087,46.452],[8.085,46.448],[8.085,46.443]],[[7.608,46.406],[7.614,46.413],[7.617,46.408],[7.619,46.409],[7.62,46.411],[7.619,46.413],[7.623,46.418],[7.617,46.419],[7.616,46.418],[7.618,46.416],[7.617,46.414],[7.611,46.412],[7.608,46.409],[7.608,46.406]]],[[[7.913,46.354],[7.913,46.35],[7.912,46.352],[7.913,46.354]]],[[[8.239,46.431],[8.237,46.433],[8.241,46.433],[8.239,46.431]]],[[[8.461,46.335],[8.464,46.333],[8.461,46.331],[8.461,46.335]]],[[[8.781,46.635],[8.777,46.634],[8.777,46.636],[8.781,46.635]]],[[[8.653,46.63],[8.654,46.628],[8.652,46.628],[8.653,46.63]]],[[[8.761,46.401],[8.752,46.399],[8.749,46.4],[8.746,46.404],[8.739,46.406],[8.74,46.413],[8.737,46.415],[8.739,46.417],[8.738,46.42],[8.74,46.422],[8.733,46.42],[8.725,46.427],[8.71,46.429],[8.707,46.431],[8.706,46.429],[8.697,46.425],[8.694,46.426],[8.693,46.427],[8.701,46.431],[8.7,46.436],[8.703,46.438],[8.701,46.44],[8.695,46.438],[8.695,46.44],[8.701,46.443],[8.698,46.449],[8.704,46.451],[8.708,46.447],[8.711,46.453],[8.712,46.451],[8.721,46.45],[8.724,46.447],[8.72,46.445],[8.722,46.442],[8.737,46.441],[8.737,46.437],[8.743,46.439],[8.746,46.436],[8.753,46.434],[8.758,46.437],[8.758,46.44],[8.773,46.437],[8.785,46.441],[8.786,46.439],[8.793,46.437],[8.789,46.43],[8.781,46.43],[8.779,46.433],[8.78,46.435],[8.778,46.435],[8.766,46.423],[8.755,46.422],[8.752,46.419],[8.752,46.412],[8.76,46.41],[8.758,46.404],[8.761,46.401]]],[[[8.708,46.919],[8.706,46.917],[8.701,46.919],[8.703,46.924],[8.697,46.928],[8.699,46.929],[8.706,46.928],[8.709,46.924],[8.712,46.928],[8.706,46.933],[8.716,46.937],[8.719,46.941],[8.729,46.943],[8.732,46.94],[8.736,46.939],[8.733,46.942],[8.742,46.944],[8.746,46.949],[8.756,46.948],[8.752,46.941],[8.742,46.935],[8.729,46.931],[8.719,46.922],[8.708,46.919]]],[[[8.753,46.903],[8.751,46.897],[8.746,46.899],[8.745,46.901],[8.732,46.903],[8.732,46.906],[8.728,46.906],[8.727,46.908],[8.741,46.908],[8.745,46.905],[8.742,46.908],[8.744,46.91],[8.748,46.909],[8.753,46.903]]],[[[8.747,46.635],[8.741,46.634],[8.728,46.636],[8.724,46.64],[8.735,46.646],[8.743,46.645],[8.739,46.638],[8.741,46.636],[8.745,46.637],[8.747,46.635]]],[[[8.738,46.917],[8.725,46.914],[8.716,46.917],[8.729,46.922],[8.745,46.921],[8.738,46.917]]],[[[8.721,46.395],[8.729,46.397],[8.731,46.395],[8.731,46.388],[8.729,46.386],[8.727,46.391],[8.721,46.395]]],[[[8.729,46.397],[8.732,46.402],[8.729,46.403],[8.729,46.405],[8.738,46.402],[8.736,46.399],[8.729,46.397]]],[[[8.724,46.46],[8.718,46.458],[8.708,46.461],[8.704,46.467],[8.704,46.47],[8.706,46.47],[8.711,46.464],[8.714,46.465],[8.715,46.47],[8.724,46.472],[8.725,46.469],[8.722,46.467],[8.722,46.465],[8.726,46.463],[8.724,46.46]]],[[[8.713,46.352],[8.705,46.351],[8.703,46.353],[8.708,46.355],[8.705,46.356],[8.702,46.354],[8.699,46.355],[8.703,46.359],[8.702,46.362],[8.706,46.364],[8.715,46.361],[8.718,46.357],[8.713,46.352]]],[[[8.682,46.73],[8.685,46.735],[8.688,46.736],[8.69,46.735],[8.688,46.731],[8.695,46.73],[8.7,46.726],[8.702,46.726],[8.704,46.729],[8.71,46.726],[8.701,46.72],[8.698,46.722],[8.694,46.721],[8.688,46.725],[8.685,46.722],[8.677,46.728],[8.682,46.73]]],[[[8.685,46.735],[8.677,46.737],[8.674,46.74],[8.678,46.742],[8.677,46.746],[8.678,46.749],[8.685,46.752],[8.689,46.751],[8.688,46.746],[8.685,46.744],[8.683,46.737],[8.685,46.735]]],[[[8.692,46.475],[8.682,46.47],[8.679,46.472],[8.679,46.474],[8.672,46.474],[8.663,46.481],[8.656,46.48],[8.653,46.483],[8.65,46.483],[8.648,46.486],[8.649,46.49],[8.646,46.493],[8.646,46.495],[8.65,46.493],[8.656,46.493],[8.651,46.49],[8.653,46.484],[8.654,46.488],[8.66,46.488],[8.663,46.49],[8.666,46.488],[8.667,46.492],[8.673,46.495],[8.679,46.488],[8.687,46.488],[8.701,46.485],[8.7,46.481],[8.704,46.479],[8.702,46.476],[8.704,46.474],[8.702,46.472],[8.698,46.472],[8.692,46.475]]],[[[8.7,46.73],[8.698,46.728],[8.69,46.737],[8.695,46.738],[8.7,46.73]]],[[[8.644,46.488],[8.637,46.487],[8.634,46.489],[8.63,46.489],[8.63,46.491],[8.627,46.491],[8.622,46.495],[8.624,46.497],[8.637,46.497],[8.641,46.495],[8.644,46.488]]],[[[8.592,46.385],[8.586,46.385],[8.578,46.39],[8.579,46.392],[8.586,46.389],[8.589,46.394],[8.599,46.392],[8.602,46.393],[8.609,46.388],[8.602,46.388],[8.599,46.385],[8.593,46.387],[8.592,46.39],[8.591,46.388],[8.592,46.385]]],[[[8.551,46.257],[8.544,46.259],[8.538,46.258],[8.528,46.261],[8.522,46.261],[8.515,46.263],[8.513,46.265],[8.529,46.267],[8.531,46.265],[8.534,46.267],[8.539,46.267],[8.541,46.265],[8.544,46.267],[8.551,46.267],[8.557,46.27],[8.565,46.269],[8.558,46.266],[8.559,46.264],[8.551,46.257]]],[[[8.474,46.814],[8.474,46.812],[8.472,46.816],[8.473,46.818],[8.469,46.823],[8.471,46.826],[8.474,46.827],[8.464,46.828],[8.461,46.826],[8.451,46.826],[8.452,46.83],[8.456,46.832],[8.456,46.834],[8.448,46.836],[8.454,46.839],[8.452,46.843],[8.453,46.845],[8.445,46.85],[8.453,46.852],[8.462,46.857],[8.457,46.857],[8.455,46.855],[8.439,46.856],[8.429,46.853],[8.422,46.854],[8.41,46.859],[8.416,46.863],[8.435,46.86],[8.435,46.862],[8.429,46.862],[8.428,46.864],[8.442,46.865],[8.452,46.863],[8.453,46.868],[8.465,46.874],[8.456,46.877],[8.472,46.884],[8.476,46.883],[8.47,46.879],[8.469,46.877],[8.47,46.874],[8.472,46.874],[8.475,46.877],[8.485,46.873],[8.498,46.872],[8.5,46.87],[8.497,46.863],[8.501,46.861],[8.504,46.863],[8.507,46.86],[8.511,46.86],[8.512,46.861],[8.51,46.863],[8.531,46.865],[8.537,46.871],[8.544,46.871],[8.549,46.869],[8.55,46.872],[8.554,46.872],[8.559,46.869],[8.558,46.862],[8.554,46.856],[8.556,46.853],[8.553,46.852],[8.55,46.848],[8.546,46.847],[8.541,46.842],[8.533,46.84],[8.517,46.847],[8.507,46.846],[8.501,46.84],[8.491,46.838],[8.483,46.829],[8.483,46.827],[8.487,46.825],[8.49,46.827],[8.49,46.83],[8.494,46.832],[8.495,46.829],[8.491,46.827],[8.497,46.823],[8.497,46.82],[8.49,46.818],[8.484,46.82],[8.474,46.814]]],[[[8.526,46.337],[8.523,46.339],[8.525,46.341],[8.534,46.341],[8.533,46.339],[8.529,46.339],[8.526,46.337]]],[[[8.481,46.233],[8.469,46.233],[8.469,46.236],[8.466,46.238],[8.466,46.24],[8.473,46.24],[8.471,46.238],[8.473,46.235],[8.481,46.233]]],[[[8.469,46.245],[8.466,46.243],[8.466,46.245],[8.455,46.247],[8.46,46.251],[8.468,46.251],[8.473,46.255],[8.478,46.254],[8.471,46.249],[8.469,46.245]]],[[[8.445,46.302],[8.431,46.294],[8.431,46.297],[8.427,46.299],[8.432,46.302],[8.435,46.302],[8.438,46.307],[8.441,46.308],[8.445,46.305],[8.448,46.308],[8.451,46.308],[8.461,46.302],[8.454,46.299],[8.445,46.302]]],[[[8.456,46.249],[8.443,46.249],[8.444,46.254],[8.443,46.256],[8.447,46.26],[8.45,46.254],[8.458,46.252],[8.456,46.249]]],[[[8.305,46.781],[8.309,46.784],[8.31,46.781],[8.305,46.781]]],[[[8.309,46.784],[8.323,46.792],[8.328,46.788],[8.323,46.784],[8.317,46.784],[8.313,46.782],[8.309,46.784]]],[[[8.268,46.748],[8.25,46.736],[8.246,46.741],[8.252,46.744],[8.255,46.75],[8.26,46.752],[8.259,46.755],[8.263,46.761],[8.267,46.76],[8.268,46.761],[8.263,46.762],[8.26,46.76],[8.257,46.762],[8.247,46.764],[8.247,46.766],[8.242,46.766],[8.234,46.761],[8.227,46.762],[8.234,46.764],[8.236,46.766],[8.238,46.768],[8.237,46.772],[8.241,46.772],[8.247,46.776],[8.25,46.773],[8.257,46.78],[8.26,46.781],[8.263,46.779],[8.26,46.777],[8.264,46.77],[8.272,46.768],[8.273,46.766],[8.274,46.768],[8.28,46.771],[8.291,46.772],[8.299,46.775],[8.302,46.772],[8.309,46.773],[8.31,46.772],[8.303,46.766],[8.299,46.765],[8.295,46.761],[8.286,46.756],[8.28,46.754],[8.273,46.756],[8.268,46.748]]],[[[8.294,46.779],[8.287,46.78],[8.28,46.778],[8.267,46.778],[8.265,46.779],[8.266,46.782],[8.283,46.786],[8.29,46.784],[8.303,46.787],[8.305,46.786],[8.303,46.782],[8.296,46.782],[8.294,46.779]]],[[[8.248,46.645],[8.245,46.643],[8.236,46.652],[8.232,46.653],[8.227,46.658],[8.229,46.66],[8.238,46.658],[8.248,46.645]]],[[[8.158,46.173],[8.151,46.173],[8.147,46.178],[8.151,46.178],[8.154,46.181],[8.165,46.18],[8.158,46.173]]],[[[7.051,46.037],[7.061,46.035],[7.062,46.033],[7.058,46.03],[7.054,46.031],[7.053,46.028],[7.048,46.024],[7.039,46.024],[7.039,46.022],[7.042,46.021],[7.043,46.019],[7.038,46.016],[7.038,46.014],[7.042,46.015],[7.045,46.018],[7.05,46.017],[7.064,46.021],[7.071,46.018],[7.08,46.02],[7.085,46.015],[7.081,46.013],[7.077,46.008],[7.074,46.008],[7.073,46.006],[7.086,46.006],[7.085,46.004],[7.074,46.002],[7.067,45.995],[7.066,45.992],[7.058,45.989],[7.057,45.988],[7.06,45.986],[7.06,45.983],[7.057,45.981],[7.058,45.98],[7.074,45.986],[7.078,45.986],[7.079,45.983],[7.087,45.977],[7.084,45.975],[7.081,45.978],[7.08,45.974],[7.077,45.973],[7.073,45.968],[7.074,45.967],[7.081,45.968],[7.08,45.963],[7.081,45.962],[7.084,45.965],[7.088,45.961],[7.081,45.96],[7.077,45.956],[7.077,45.952],[7.079,45.95],[7.078,45.949],[7.071,45.951],[7.065,45.947],[7.061,45.947],[7.061,45.945],[7.064,45.943],[7.058,45.941],[7.058,45.937],[7.062,45.94],[7.076,45.932],[7.078,45.929],[7.075,45.927],[7.075,45.918],[7.084,45.918],[7.085,45.916],[7.083,45.912],[7.083,45.905],[7.091,45.901],[7.097,45.9],[7.098,45.898],[7.094,45.892],[7.088,45.892],[7.086,45.891],[7.087,45.889],[7.094,45.888],[7.107,45.893],[7.113,45.892],[7.124,45.885],[7.119,45.88],[7.12,45.877],[7.13,45.884],[7.136,45.884],[7.138,45.889],[7.137,45.896],[7.134,45.898],[7.13,45.921],[7.122,45.927],[7.121,45.93],[7.123,45.931],[7.133,45.932],[7.136,45.929],[7.14,45.93],[7.142,45.928],[7.152,45.936],[7.156,45.936],[7.158,45.938],[7.161,45.937],[7.165,45.938],[7.177,45.932],[7.178,45.928],[7.18,45.928],[7.174,45.926],[7.171,45.922],[7.153,45.912],[7.158,45.91],[7.171,45.914],[7.174,45.913],[7.181,45.916],[7.184,45.914],[7.177,45.907],[7.176,45.901],[7.172,45.898],[7.168,45.898],[7.167,45.896],[7.168,45.894],[7.175,45.895],[7.18,45.889],[7.175,45.885],[7.178,45.881],[7.187,45.889],[7.191,45.889],[7.192,45.892],[7.19,45.896],[7.195,45.896],[7.197,45.893],[7.2,45.894],[7.199,45.896],[7.2,45.897],[7.217,45.898],[7.22,45.901],[7.221,45.903],[7.218,45.912],[7.22,45.919],[7.217,45.921],[7.22,45.923],[7.22,45.928],[7.216,45.931],[7.216,45.933],[7.223,45.932],[7.226,45.93],[7.229,45.931],[7.239,45.929],[7.245,45.925],[7.255,45.926],[7.259,45.925],[7.26,45.928],[7.263,45.93],[7.265,45.934],[7.258,45.934],[7.253,45.939],[7.253,45.946],[7.246,45.948],[7.242,45.952],[7.242,45.955],[7.245,45.959],[7.249,45.959],[7.245,45.96],[7.24,45.964],[7.242,45.965],[7.242,45.967],[7.24,45.968],[7.246,45.97],[7.243,45.975],[7.245,45.977],[7.245,45.98],[7.248,45.982],[7.252,45.982],[7.254,45.984],[7.248,45.987],[7.239,45.986],[7.236,45.988],[7.24,45.991],[7.24,45.993],[7.236,45.995],[7.236,45.997],[7.23,46.002],[7.227,46.009],[7.21,46.015],[7.213,46.02],[7.216,46.019],[7.222,46.02],[7.226,46.017],[7.226,46.02],[7.229,46.022],[7.235,46.022],[7.233,46.024],[7.238,46.03],[7.242,46.028],[7.251,46.027],[7.255,46.03],[7.258,46.03],[7.267,46.027],[7.261,46.018],[7.258,46.018],[7.26,46.015],[7.258,46.013],[7.261,46.011],[7.268,46.013],[7.274,46.011],[7.279,46.006],[7.277,46.002],[7.28,45.997],[7.284,45.997],[7.283,46.0],[7.284,46.004],[7.288,46.009],[7.292,46.011],[7.291,46.013],[7.293,46.014],[7.3,46.014],[7.303,46.01],[7.306,46.012],[7.308,46.015],[7.305,46.018],[7.306,46.021],[7.31,46.018],[7.311,46.015],[7.316,46.016],[7.322,46.013],[7.325,46.011],[7.318,46.0],[7.319,45.992],[7.322,45.998],[7.326,46.001],[7.329,46.0],[7.335,46.002],[7.344,45.998],[7.342,45.996],[7.339,45.996],[7.332,45.989],[7.331,45.986],[7.335,45.986],[7.339,45.981],[7.342,45.986],[7.346,45.977],[7.342,45.977],[7.341,45.975],[7.343,45.971],[7.341,45.959],[7.342,45.958],[7.345,45.959],[7.346,45.957],[7.345,45.955],[7.35,45.953],[7.35,45.948],[7.359,45.944],[7.358,45.939],[7.36,45.937],[7.358,45.935],[7.354,45.935],[7.355,45.933],[7.358,45.932],[7.361,45.934],[7.368,45.934],[7.381,45.928],[7.387,45.93],[7.39,45.927],[7.397,45.927],[7.406,45.935],[7.42,45.941],[7.431,45.948],[7.429,45.949],[7.416,45.944],[7.41,45.944],[7.406,45.938],[7.4,45.941],[7.397,45.94],[7.394,45.944],[7.384,45.944],[7.376,45.948],[7.381,45.949],[7.384,45.952],[7.384,45.955],[7.381,45.953],[7.371,45.955],[7.369,45.957],[7.371,45.962],[7.366,45.966],[7.367,45.973],[7.365,45.975],[7.368,45.978],[7.364,45.978],[7.364,45.984],[7.368,45.982],[7.372,45.984],[7.369,45.986],[7.371,45.991],[7.368,45.996],[7.364,45.996],[7.362,46.0],[7.363,46.002],[7.362,46.007],[7.356,46.016],[7.358,46.018],[7.353,46.025],[7.355,46.029],[7.348,46.03],[7.346,46.031],[7.345,46.034],[7.34,46.036],[7.344,46.04],[7.342,46.043],[7.335,46.041],[7.325,46.047],[7.329,46.051],[7.333,46.051],[7.332,46.055],[7.328,46.056],[7.316,46.051],[7.315,46.058],[7.31,46.063],[7.315,46.069],[7.313,46.07],[7.306,46.064],[7.3,46.067],[7.301,46.069],[7.3,46.07],[7.296,46.068],[7.292,46.072],[7.284,46.076],[7.284,46.078],[7.279,46.078],[7.28,46.081],[7.287,46.082],[7.29,46.086],[7.293,46.087],[7.287,46.091],[7.28,46.086],[7.278,46.087],[7.278,46.09],[7.281,46.092],[7.279,46.094],[7.274,46.096],[7.268,46.096],[7.265,46.105],[7.26,46.11],[7.274,46.115],[7.275,46.119],[7.273,46.121],[7.275,46.123],[7.27,46.124],[7.267,46.127],[7.267,46.129],[7.277,46.129],[7.289,46.123],[7.28,46.117],[7.285,46.114],[7.279,46.11],[7.28,46.108],[7.287,46.113],[7.293,46.114],[7.296,46.112],[7.295,46.11],[7.296,46.108],[7.3,46.106],[7.309,46.106],[7.312,46.108],[7.309,46.108],[7.308,46.11],[7.309,46.114],[7.313,46.114],[7.315,46.112],[7.313,46.11],[7.313,46.105],[7.318,46.105],[7.319,46.107],[7.325,46.103],[7.338,46.102],[7.345,46.097],[7.347,46.099],[7.345,46.101],[7.345,46.104],[7.343,46.105],[7.343,46.108],[7.346,46.11],[7.338,46.113],[7.336,46.117],[7.333,46.119],[7.339,46.123],[7.338,46.124],[7.33,46.123],[7.334,46.126],[7.341,46.128],[7.348,46.128],[7.34,46.132],[7.336,46.135],[7.336,46.137],[7.338,46.142],[7.346,46.141],[7.345,46.144],[7.351,46.146],[7.346,46.15],[7.348,46.154],[7.351,46.155],[7.361,46.146],[7.355,46.143],[7.351,46.143],[7.349,46.141],[7.361,46.14],[7.362,46.139],[7.361,46.138],[7.358,46.139],[7.354,46.137],[7.363,46.135],[7.353,46.132],[7.361,46.131],[7.362,46.13],[7.361,46.129],[7.358,46.128],[7.364,46.126],[7.363,46.123],[7.367,46.119],[7.364,46.115],[7.361,46.115],[7.358,46.112],[7.364,46.114],[7.382,46.099],[7.377,46.098],[7.369,46.101],[7.368,46.101],[7.382,46.092],[7.383,46.09],[7.378,46.085],[7.379,46.083],[7.376,46.079],[7.377,46.078],[7.393,46.086],[7.396,46.083],[7.391,46.081],[7.389,46.076],[7.378,46.067],[7.384,46.064],[7.387,46.065],[7.388,46.063],[7.385,46.061],[7.385,46.058],[7.38,46.052],[7.377,46.043],[7.39,46.055],[7.394,46.052],[7.393,46.047],[7.395,46.045],[7.393,46.043],[7.399,46.036],[7.399,46.034],[7.393,46.028],[7.393,46.026],[7.4,46.031],[7.408,46.034],[7.418,46.029],[7.424,46.029],[7.426,46.039],[7.417,46.045],[7.42,46.047],[7.416,46.049],[7.416,46.061],[7.406,46.067],[7.404,46.07],[7.406,46.072],[7.41,46.072],[7.412,46.076],[7.41,46.079],[7.414,46.083],[7.416,46.084],[7.426,46.082],[7.432,46.09],[7.435,46.088],[7.442,46.087],[7.448,46.087],[7.452,46.09],[7.462,46.088],[7.465,46.085],[7.459,46.083],[7.458,46.081],[7.462,46.076],[7.468,46.074],[7.473,46.067],[7.472,46.065],[7.464,46.062],[7.461,46.065],[7.457,46.061],[7.456,46.056],[7.449,46.052],[7.449,46.049],[7.465,46.045],[7.46,46.043],[7.461,46.04],[7.451,46.038],[7.448,46.029],[7.452,46.032],[7.453,46.029],[7.448,46.026],[7.442,46.031],[7.436,46.027],[7.436,46.025],[7.44,46.022],[7.44,46.02],[7.437,46.018],[7.439,46.016],[7.445,46.018],[7.448,46.016],[7.447,46.013],[7.45,46.007],[7.452,46.006],[7.453,46.011],[7.458,46.015],[7.463,46.011],[7.462,46.009],[7.464,46.006],[7.469,46.011],[7.468,46.013],[7.471,46.014],[7.473,46.013],[7.473,46.009],[7.477,46.007],[7.477,46.002],[7.482,45.998],[7.483,45.995],[7.477,45.992],[7.477,45.99],[7.493,45.99],[7.495,45.991],[7.493,45.993],[7.5,45.992],[7.503,45.993],[7.506,46.005],[7.51,46.006],[7.512,46.009],[7.506,46.009],[7.504,46.011],[7.502,46.016],[7.505,46.018],[7.503,46.019],[7.5,46.016],[7.497,46.018],[7.5,46.021],[7.507,46.022],[7.506,46.03],[7.513,46.031],[7.516,46.043],[7.509,46.045],[7.515,46.047],[7.514,46.052],[7.519,46.06],[7.526,46.059],[7.527,46.06],[7.526,46.063],[7.53,46.063],[7.532,46.058],[7.531,46.051],[7.525,46.045],[7.526,46.042],[7.529,46.046],[7.536,46.05],[7.537,46.047],[7.54,46.045],[7.53,46.04],[7.525,46.034],[7.525,46.031],[7.529,46.031],[7.532,46.029],[7.532,46.024],[7.533,46.027],[7.536,46.029],[7.542,46.028],[7.544,46.033],[7.552,46.042],[7.554,46.04],[7.552,46.038],[7.551,46.031],[7.555,46.033],[7.558,46.03],[7.561,46.033],[7.565,46.033],[7.568,46.038],[7.574,46.031],[7.576,46.033],[7.576,46.042],[7.573,46.047],[7.573,46.051],[7.574,46.054],[7.578,46.053],[7.579,46.056],[7.582,46.058],[7.574,46.06],[7.571,46.065],[7.573,46.072],[7.566,46.074],[7.568,46.075],[7.568,46.077],[7.559,46.078],[7.564,46.081],[7.565,46.085],[7.568,46.088],[7.574,46.081],[7.571,46.087],[7.572,46.092],[7.575,46.094],[7.571,46.097],[7.571,46.095],[7.573,46.094],[7.562,46.096],[7.557,46.101],[7.561,46.103],[7.552,46.105],[7.547,46.108],[7.543,46.112],[7.545,46.117],[7.529,46.13],[7.523,46.137],[7.518,46.139],[7.516,46.143],[7.51,46.145],[7.507,46.144],[7.506,46.146],[7.503,46.147],[7.5,46.146],[7.498,46.148],[7.504,46.15],[7.505,46.153],[7.507,46.153],[7.511,46.157],[7.51,46.159],[7.506,46.159],[7.502,46.162],[7.497,46.162],[7.491,46.171],[7.484,46.175],[7.488,46.177],[7.487,46.178],[7.481,46.178],[7.471,46.182],[7.476,46.184],[7.471,46.187],[7.482,46.189],[7.48,46.193],[7.485,46.195],[7.484,46.199],[7.482,46.2],[7.484,46.203],[7.49,46.204],[7.494,46.201],[7.498,46.204],[7.497,46.205],[7.494,46.203],[7.488,46.207],[7.481,46.209],[7.478,46.207],[7.474,46.207],[7.469,46.209],[7.474,46.211],[7.481,46.21],[7.481,46.213],[7.479,46.213],[7.48,46.218],[7.483,46.22],[7.484,46.223],[7.489,46.22],[7.485,46.216],[7.487,46.214],[7.493,46.211],[7.497,46.212],[7.498,46.209],[7.505,46.204],[7.503,46.204],[7.502,46.202],[7.503,46.2],[7.507,46.199],[7.509,46.2],[7.507,46.202],[7.513,46.205],[7.517,46.202],[7.523,46.202],[7.526,46.2],[7.537,46.207],[7.54,46.207],[7.545,46.204],[7.54,46.2],[7.539,46.196],[7.535,46.193],[7.538,46.191],[7.535,46.189],[7.535,46.186],[7.539,46.186],[7.544,46.182],[7.542,46.18],[7.539,46.18],[7.538,46.177],[7.543,46.175],[7.543,46.173],[7.54,46.171],[7.543,46.166],[7.541,46.164],[7.546,46.162],[7.546,46.159],[7.549,46.156],[7.552,46.159],[7.555,46.158],[7.556,46.157],[7.554,46.15],[7.56,46.146],[7.558,46.144],[7.553,46.144],[7.556,46.139],[7.555,46.136],[7.55,46.139],[7.549,46.142],[7.545,46.138],[7.546,46.135],[7.545,46.13],[7.552,46.128],[7.56,46.126],[7.56,46.121],[7.563,46.119],[7.564,46.114],[7.568,46.113],[7.567,46.11],[7.57,46.108],[7.563,46.103],[7.571,46.107],[7.577,46.103],[7.574,46.101],[7.578,46.103],[7.581,46.101],[7.58,46.099],[7.581,46.096],[7.585,46.094],[7.587,46.097],[7.597,46.088],[7.6,46.09],[7.596,46.092],[7.6,46.099],[7.607,46.094],[7.61,46.097],[7.618,46.094],[7.619,46.09],[7.61,46.08],[7.613393442622951,46.07698360655738],[7.615,46.081],[7.614,46.083],[7.616,46.084],[7.622,46.081],[7.619,46.078],[7.622,46.076],[7.616545454545457,46.07418181818182],[7.619,46.072],[7.62,46.069],[7.616,46.068],[7.613,46.07],[7.611,46.067],[7.616,46.067],[7.62,46.064],[7.623,46.065],[7.627,46.069],[7.633,46.081],[7.634,46.074],[7.637,46.069],[7.634,46.067],[7.635,46.065],[7.632,46.063],[7.629,46.065],[7.629,46.062],[7.632,46.061],[7.633,46.063],[7.636,46.064],[7.645,46.06],[7.648,46.063],[7.642,46.067],[7.643,46.069],[7.639,46.072],[7.646,46.074],[7.642,46.075],[7.643,46.078],[7.641,46.081],[7.643,46.083],[7.642,46.086],[7.647,46.087],[7.645,46.09],[7.652,46.093],[7.655,46.091],[7.658,46.096],[7.669,46.094],[7.677,46.099],[7.676,46.103],[7.668,46.112],[7.665,46.111],[7.659,46.112],[7.657,46.114],[7.659,46.117],[7.656,46.119],[7.67,46.123],[7.667,46.126],[7.662,46.127],[7.658,46.13],[7.659,46.133],[7.656,46.137],[7.658,46.139],[7.658,46.144],[7.655,46.148],[7.657,46.153],[7.646,46.159],[7.641,46.159],[7.641,46.162],[7.643,46.163],[7.649,46.161],[7.65,46.162],[7.649,46.164],[7.659,46.163],[7.662,46.164],[7.661,46.166],[7.659,46.168],[7.656,46.168],[7.656,46.171],[7.654,46.173],[7.646,46.174],[7.642,46.177],[7.647,46.182],[7.646,46.186],[7.641,46.189],[7.633,46.188],[7.628,46.191],[7.63,46.193],[7.633,46.193],[7.631,46.195],[7.633,46.197],[7.638,46.198],[7.634,46.2],[7.646,46.201],[7.65,46.204],[7.643,46.205],[7.635,46.209],[7.639,46.211],[7.638,46.213],[7.639,46.216],[7.636,46.219],[7.636,46.222],[7.638,46.222],[7.631,46.225],[7.63,46.231],[7.623,46.24],[7.615,46.24],[7.614,46.243],[7.617,46.245],[7.615,46.247],[7.619,46.249],[7.62,46.252],[7.615,46.258],[7.615,46.261],[7.61,46.263],[7.611,46.266],[7.608,46.267],[7.614,46.269],[7.623,46.263],[7.637,46.263],[7.642,46.265],[7.641,46.267],[7.643,46.273],[7.653,46.266],[7.666,46.265],[7.67,46.269],[7.675,46.27],[7.677,46.269],[7.677,46.267],[7.669,46.263],[7.672,46.261],[7.675,46.265],[7.679,46.265],[7.682,46.263],[7.686,46.263],[7.688,46.26],[7.687,46.258],[7.689,46.254],[7.679,46.249],[7.682,46.247],[7.698,46.247],[7.696,46.245],[7.697,46.242],[7.695,46.24],[7.691,46.241],[7.691,46.238],[7.698,46.238],[7.697,46.236],[7.698,46.232],[7.695,46.231],[7.696,46.222],[7.688,46.215],[7.688,46.21],[7.685,46.212],[7.684,46.211],[7.687,46.209],[7.676,46.204],[7.678,46.202],[7.682,46.203],[7.684,46.202],[7.682,46.193],[7.677,46.191],[7.678,46.187],[7.682,46.186],[7.682,46.184],[7.677,46.179],[7.677,46.177],[7.681,46.175],[7.674,46.168],[7.675,46.167],[7.678,46.169],[7.681,46.166],[7.677,46.161],[7.678,46.159],[7.684,46.157],[7.68,46.155],[7.687,46.15],[7.689,46.15],[7.69,46.152],[7.689,46.155],[7.691,46.157],[7.694,46.154],[7.698,46.156],[7.702,46.152],[7.705,46.152],[7.709,46.155],[7.71,46.157],[7.702,46.161],[7.703,46.164],[7.716,46.168],[7.714,46.17],[7.707,46.171],[7.703,46.175],[7.704,46.177],[7.711,46.177],[7.717,46.175],[7.718,46.182],[7.709,46.184],[7.711,46.187],[7.722,46.193],[7.72,46.196],[7.716,46.197],[7.711,46.202],[7.717,46.206],[7.721,46.204],[7.727,46.209],[7.737,46.212],[7.738,46.213],[7.737,46.214],[7.733,46.214],[7.727,46.218],[7.73,46.222],[7.738,46.222],[7.744,46.227],[7.744,46.229],[7.737,46.23],[7.734,46.233],[7.734,46.238],[7.732,46.24],[7.733,46.242],[7.729,46.249],[7.73,46.252],[7.737,46.25],[7.74,46.247],[7.744,46.249],[7.743,46.251],[7.747,46.256],[7.753,46.251],[7.755,46.251],[7.756,46.253],[7.759,46.251],[7.759,46.249],[7.766,46.249],[7.766,46.244],[7.769,46.245],[7.779,46.241],[7.782,46.242],[7.779,46.245],[7.799,46.255],[7.815,46.247],[7.797,46.244],[7.802,46.24],[7.805,46.243],[7.811,46.238],[7.815,46.24],[7.817,46.238],[7.815,46.235],[7.811,46.237],[7.81,46.235],[7.805,46.235],[7.792,46.23],[7.788,46.233],[7.788,46.229],[7.791,46.226],[7.79,46.224],[7.785,46.224],[7.784,46.22],[7.775,46.217],[7.779,46.213],[7.789,46.212],[7.792,46.211],[7.794,46.208],[7.769,46.201],[7.768,46.199],[7.761,46.195],[7.762,46.193],[7.779,46.194],[7.781,46.193],[7.775,46.19],[7.768,46.179],[7.761,46.177],[7.765,46.17],[7.762,46.169],[7.759,46.171],[7.756,46.167],[7.752,46.166],[7.759,46.162],[7.76,46.159],[7.754,46.155],[7.756,46.153],[7.766,46.15],[7.766,46.148],[7.759,46.146],[7.763,46.141],[7.76,46.139],[7.761,46.134],[7.764,46.132],[7.759,46.128],[7.756,46.128],[7.758,46.125],[7.756,46.124],[7.753,46.125],[7.755,46.128],[7.749,46.128],[7.748,46.125],[7.741,46.119],[7.741,46.116],[7.748,46.116],[7.744,46.112],[7.744,46.11],[7.747,46.107],[7.745,46.105],[7.75,46.103],[7.751,46.101],[7.749,46.094],[7.746,46.094],[7.741,46.089],[7.733,46.088],[7.73,46.086],[7.723,46.087],[7.721,46.085],[7.721,46.08],[7.716,46.076],[7.72,46.073],[7.723,46.075],[7.742,46.071],[7.752,46.072],[7.752,46.069],[7.748,46.065],[7.748,46.062],[7.745,46.06],[7.744,46.053],[7.734,46.047],[7.734,46.04],[7.732,46.038],[7.726,46.038],[7.723,46.04],[7.721,46.042],[7.726,46.047],[7.723,46.047],[7.721,46.044],[7.713,46.044],[7.715,46.047],[7.713,46.049],[7.707,46.047],[7.703,46.045],[7.702,46.042],[7.703,46.041],[7.707,46.044],[7.712,46.042],[7.71,46.038],[7.708,46.038],[7.709,46.031],[7.707,46.029],[7.71,46.03],[7.716,46.027],[7.72,46.027],[7.716,46.022],[7.71,46.02],[7.703,46.021],[7.702,46.022],[7.705,46.024],[7.703,46.026],[7.697,46.023],[7.695,46.024],[7.694,46.027],[7.693,46.024],[7.688,46.022],[7.68,46.022],[7.674,46.019],[7.667,46.022],[7.668,46.027],[7.662,46.027],[7.662,46.024],[7.659,46.022],[7.658,46.019],[7.654,46.02],[7.646,46.018],[7.642,46.016],[7.64,46.013],[7.636,46.014],[7.635,46.013],[7.636,46.008],[7.629,46.011],[7.632,46.009],[7.623,46.002],[7.626,45.999],[7.642,45.998],[7.646,45.995],[7.663,45.995],[7.668,45.998],[7.677,45.996],[7.694,45.996],[7.697,45.993],[7.702,45.993],[7.698,45.988],[7.694,45.986],[7.697,45.983],[7.706,45.987],[7.713,45.987],[7.719,45.989],[7.72,45.986],[7.726,45.982],[7.735,45.98],[7.736,45.977],[7.741,45.975],[7.739,45.972],[7.729,45.968],[7.739,45.964],[7.748,45.965],[7.755,45.968],[7.758,45.962],[7.771,45.962],[7.777,45.96],[7.78,45.962],[7.787,45.963],[7.79,45.962],[7.797,45.955],[7.8,45.961],[7.81,45.959],[7.808,45.961],[7.809,45.962],[7.82,45.963],[7.819,45.968],[7.816,45.969],[7.807,45.979],[7.813,45.982],[7.816,45.981],[7.823,45.983],[7.82,45.986],[7.81,45.987],[7.8,45.984],[7.798,45.986],[7.802,45.988],[7.8,45.99],[7.79,45.986],[7.787,45.987],[7.774,45.985],[7.767,45.988],[7.766,45.99],[7.768,45.997],[7.771,45.998],[7.774,45.997],[7.772,45.995],[7.778,45.995],[7.791,45.99],[7.79,45.997],[7.784,45.999],[7.798,46.004],[7.81,46.005],[7.812,46.006],[7.813,46.009],[7.816,46.01],[7.82,46.008],[7.818,46.01],[7.823,46.013],[7.838,46.015],[7.823,46.016],[7.816,46.019],[7.814,46.022],[7.81,46.022],[7.807,46.02],[7.803,46.023],[7.797,46.022],[7.79,46.028],[7.789,46.031],[7.791,46.033],[7.8,46.032],[7.803,46.03],[7.805,46.033],[7.802,46.035],[7.807,46.038],[7.81,46.043],[7.817,46.045],[7.82,46.044],[7.822,46.04],[7.82,46.036],[7.816,46.035],[7.816,46.03],[7.826,46.037],[7.833,46.033],[7.836,46.033],[7.844,46.037],[7.841,46.04],[7.842,46.042],[7.849,46.044],[7.838,46.049],[7.846,46.051],[7.839,46.051],[7.838,46.053],[7.842,46.055],[7.842,46.058],[7.833,46.058],[7.83,46.062],[7.828,46.062],[7.833,46.065],[7.834,46.073],[7.836,46.076],[7.84,46.078],[7.836,46.079],[7.83,46.076],[7.826,46.078],[7.826,46.08],[7.823,46.082],[7.82,46.079],[7.819,46.08],[7.825,46.085],[7.826,46.088],[7.831,46.089],[7.826,46.091],[7.83,46.094],[7.821,46.1],[7.823,46.105],[7.819,46.107],[7.82,46.109],[7.827,46.109],[7.83,46.111],[7.828,46.116],[7.829,46.121],[7.837,46.125],[7.833,46.127],[7.832,46.13],[7.834,46.132],[7.827,46.136],[7.825,46.139],[7.83,46.139],[7.832,46.143],[7.834,46.143],[7.837,46.139],[7.84,46.138],[7.841,46.139],[7.838,46.141],[7.838,46.145],[7.84,46.146],[7.846,46.144],[7.854,46.147],[7.85,46.15],[7.852,46.152],[7.859,46.154],[7.852,46.156],[7.855,46.159],[7.858,46.159],[7.863,46.154],[7.868,46.159],[7.867,46.161],[7.869,46.162],[7.882,46.16],[7.883,46.163],[7.881,46.165],[7.882,46.166],[7.895,46.166],[7.895,46.163],[7.898,46.159],[7.896,46.156],[7.897,46.154],[7.891,46.152],[7.893,46.147],[7.889,46.143],[7.888,46.139],[7.893,46.141],[7.894,46.143],[7.893,46.145],[7.895,46.146],[7.897,46.143],[7.896,46.138],[7.903,46.136],[7.899,46.132],[7.901,46.13],[7.906,46.134],[7.909,46.134],[7.91,46.132],[7.904,46.125],[7.898,46.124],[7.896,46.125],[7.898,46.127],[7.895,46.128],[7.892,46.125],[7.897,46.123],[7.895,46.12],[7.891,46.119],[7.895,46.117],[7.895,46.115],[7.891,46.113],[7.89,46.109],[7.891,46.107],[7.885,46.105],[7.885,46.098],[7.883,46.096],[7.884,46.093],[7.888,46.09],[7.891,46.094],[7.898,46.094],[7.897,46.091],[7.899,46.089],[7.905,46.091],[7.911,46.089],[7.92,46.093],[7.935,46.091],[7.937,46.095],[7.94,46.097],[7.944,46.093],[7.944,46.091],[7.941,46.089],[7.942,46.086],[7.936,46.085],[7.935,46.082],[7.941,46.08],[7.942,46.077],[7.936,46.075],[7.939,46.072],[7.943,46.074],[7.947,46.066],[7.943,46.062],[7.939,46.062],[7.936,46.059],[7.949,46.057],[7.95,46.055],[7.949,46.053],[7.946,46.055],[7.946,46.052],[7.949,46.052],[7.951,46.048],[7.949,46.045],[7.942,46.044],[7.939,46.042],[7.934,46.035],[7.936,46.034],[7.942,46.04],[7.949,46.043],[7.953,46.041],[7.954,46.037],[7.959,46.032],[7.958,46.023],[7.967,46.026],[7.965,46.039],[7.968,46.041],[7.967,46.044],[7.969,46.046],[7.968,46.062],[7.975,46.066],[7.968,46.075],[7.969,46.076],[7.977,46.075],[7.988,46.065],[7.994,46.067],[8.004,46.061],[8.002,46.066],[7.997,46.07],[7.998,46.075],[7.983,46.091],[7.975,46.095],[7.982,46.099],[7.998,46.101],[8.0,46.104],[7.992,46.11],[7.985,46.111],[7.982,46.115],[7.969,46.114],[7.967,46.116],[7.968,46.12],[7.965,46.125],[7.966,46.132],[7.973,46.138],[7.97,46.14],[7.97,46.142],[7.976,46.147],[7.975,46.154],[7.977,46.156],[7.976,46.157],[7.968,46.154],[7.97,46.151],[7.966,46.15],[7.962,46.152],[7.965,46.154],[7.957,46.158],[7.962,46.165],[7.958,46.172],[7.964,46.176],[7.963,46.179],[7.96,46.177],[7.951,46.176],[7.944,46.177],[7.942,46.179],[7.959,46.185],[7.956,46.19],[7.957,46.192],[7.947,46.192],[7.945,46.194],[7.947,46.197],[7.944,46.199],[7.937,46.196],[7.935,46.206],[7.939,46.21],[7.938,46.213],[7.929,46.217],[7.936,46.219],[7.938,46.221],[7.938,46.219],[7.944,46.218],[7.947,46.212],[7.95,46.214],[7.953,46.212],[7.957,46.212],[7.963,46.206],[7.964,46.208],[7.961,46.21],[7.967,46.212],[7.97,46.211],[7.974,46.212],[7.973,46.221],[7.974,46.223],[7.972,46.226],[7.973,46.228],[7.967,46.236],[7.967,46.239],[7.97,46.241],[7.971,46.25],[7.974,46.252],[7.974,46.255],[7.971,46.259],[7.974,46.267],[7.973,46.271],[7.977,46.272],[7.98,46.276],[7.984,46.275],[7.982,46.271],[7.983,46.269],[7.987,46.271],[7.993,46.264],[8.0,46.266],[8.01,46.264],[8.019,46.266],[8.021,46.264],[8.017,46.261],[8.01,46.259],[8.006,46.26],[7.999,46.255],[7.998,46.25],[8.001,46.246],[7.997,46.237],[7.999,46.228],[7.996,46.226],[7.997,46.221],[7.995,46.219],[7.996,46.218],[8.002,46.221],[8.012,46.22],[8.017,46.216],[8.022,46.215],[8.026,46.212],[8.028,46.207],[8.025,46.202],[8.02,46.201],[8.02,46.196],[8.017,46.194],[8.025,46.191],[8.034,46.192],[8.041,46.187],[8.044,46.188],[8.048,46.187],[8.053,46.183],[8.053,46.18],[8.051,46.178],[8.053,46.176],[8.05,46.174],[8.049,46.171],[8.05,46.169],[8.047,46.168],[8.043,46.16],[8.038,46.156],[8.039,46.153],[8.053,46.148],[8.06,46.151],[8.066,46.149],[8.07,46.152],[8.077,46.151],[8.081,46.153],[8.078,46.158],[8.074,46.16],[8.076,46.163],[8.083,46.162],[8.09,46.155],[8.088,46.151],[8.085,46.149],[8.085,46.146],[8.087,46.144],[8.085,46.142],[8.086,46.139],[8.084,46.137],[8.085,46.135],[8.075,46.133],[8.072,46.131],[8.071,46.124],[8.074,46.119],[8.058,46.117],[8.079,46.114],[8.085,46.116],[8.093,46.124],[8.102,46.125],[8.104,46.128],[8.104,46.137],[8.109,46.137],[8.116,46.144],[8.124,46.148],[8.124,46.151],[8.127,46.153],[8.131,46.151],[8.136,46.153],[8.147,46.154],[8.152,46.15],[8.152,46.146],[8.141,46.138],[8.124,46.136],[8.115,46.13],[8.113,46.128],[8.112,46.117],[8.108,46.114],[8.103,46.113],[8.102,46.111],[8.085,46.109],[8.082,46.107],[8.069,46.107],[8.066,46.105],[8.059,46.105],[8.056,46.102],[8.05,46.103],[8.046,46.1],[8.04,46.1],[8.033,46.096],[8.032,46.09],[8.029,46.088],[8.029,46.084],[8.026,46.081],[8.026,46.079],[8.022,46.077],[8.026,46.07],[8.026,46.061],[8.029,46.059],[8.029,46.054],[8.032,46.052],[8.032,46.045],[8.019,46.037],[8.019,46.034],[8.015,46.032],[8.016,46.025],[8.012,46.021],[8.012,46.014],[7.999,46.01],[7.999,46.007],[7.993,46.003],[7.99,45.998],[7.981,45.997],[7.978,45.999],[7.966,45.999],[7.965,45.997],[7.907,45.995],[7.906,45.992],[7.899,45.985],[7.886,45.976],[7.881,45.975],[7.88,45.963],[7.877,45.959],[7.876,45.952],[7.873,45.949],[7.873,45.945],[7.87,45.943],[7.869,45.938],[7.873,45.934],[7.876,45.927],[7.864,45.918],[7.861,45.918],[7.858,45.921],[7.832,45.923],[7.822,45.928],[7.819,45.928],[7.818,45.925],[7.812,45.921],[7.805,45.921],[7.803,45.919],[7.793,45.919],[7.791,45.923],[7.783,45.928],[7.78,45.928],[7.771,45.935],[7.765,45.936],[7.765,45.939],[7.747,45.939],[7.741,45.934],[7.741,45.932],[7.735,45.93],[7.735,45.925],[7.732,45.923],[7.719,45.923],[7.713,45.928],[7.713,45.93],[7.707,45.934],[7.706,45.951],[7.701,45.952],[7.698,45.955],[7.684,45.955],[7.68,45.957],[7.675,45.961],[7.675,45.966],[7.661,45.976],[7.648,45.976],[7.642,45.971],[7.622,45.971],[7.62,45.973],[7.615,45.973],[7.61,45.969],[7.6,45.969],[7.597,45.971],[7.587,45.971],[7.578,45.977],[7.578,45.982],[7.571,45.987],[7.568,45.987],[7.564,45.985],[7.555,45.984],[7.548,45.985],[7.547,45.982],[7.543,45.98],[7.543,45.977],[7.541,45.975],[7.544,45.973],[7.544,45.966],[7.547,45.964],[7.544,45.962],[7.544,45.959],[7.542,45.958],[7.539,45.958],[7.535,45.955],[7.532,45.958],[7.522,45.958],[7.517,45.962],[7.506,45.962],[7.497,45.958],[7.493,45.958],[7.49,45.955],[7.476,45.953],[7.47,45.948],[7.47,45.946],[7.473,45.944],[7.473,45.939],[7.468,45.935],[7.458,45.936],[7.455,45.933],[7.445,45.931],[7.437,45.926],[7.434,45.923],[7.434,45.921],[7.427,45.917],[7.426,45.915],[7.416,45.913],[7.41,45.908],[7.406,45.908],[7.4,45.911],[7.396,45.908],[7.396,45.905],[7.387,45.899],[7.377,45.899],[7.374,45.902],[7.371,45.901],[7.368,45.904],[7.362,45.905],[7.36,45.908],[7.355,45.908],[7.352,45.913],[7.348,45.913],[7.345,45.915],[7.323,45.911],[7.314,45.917],[7.303,45.917],[7.3,45.92],[7.297,45.919],[7.294,45.922],[7.29,45.922],[7.289,45.919],[7.277,45.905],[7.255,45.89],[7.252,45.89],[7.246,45.894],[7.242,45.893],[7.239,45.89],[7.224,45.892],[7.222,45.889],[7.216,45.888],[7.211,45.885],[7.199,45.876],[7.199,45.865],[7.194,45.861],[7.188,45.859],[7.178,45.864],[7.175,45.864],[7.165,45.87],[7.164,45.874],[7.161,45.876],[7.152,45.879],[7.149,45.877],[7.142,45.876],[7.139,45.877],[7.135,45.873],[7.135,45.871],[7.126,45.865],[7.123,45.865],[7.12,45.861],[7.11,45.858],[7.104,45.858],[7.095,45.864],[7.096,45.867],[7.092,45.871],[7.092,45.876],[7.084,45.882],[7.083,45.885],[7.076,45.889],[7.076,45.894],[7.064,45.9],[7.063,45.911],[7.058,45.912],[7.046,45.92],[7.047,45.923],[7.043,45.925],[7.037,45.936],[7.033,45.938],[7.033,45.95],[7.037,45.952],[7.037,45.954],[7.032,45.954],[7.029,45.957],[7.016,45.959],[7.014,45.963],[7.007,45.967],[7.007,45.972],[7.013,45.976],[7.013,45.979],[7.017,45.981],[7.016,45.984],[7.01,45.988],[7.01,45.999],[6.993,46.0],[6.987,46.004],[6.984,46.004],[6.981,46.008],[6.981,46.017],[6.974,46.022],[6.971,46.027],[6.957,46.037],[6.961,46.04],[6.97,46.038],[6.972,46.039],[6.971,46.044],[6.974,46.046],[6.975,46.037],[6.972,46.033],[6.974,46.031],[6.985,46.035],[6.99,46.035],[6.997,46.033],[6.998,46.03],[7.003,46.03],[7.003,46.024],[7.013,46.024],[7.025,46.02],[7.031,46.022],[7.035,46.021],[7.038,46.024],[7.028,46.035],[7.029,46.037],[7.034,46.037],[7.018,46.042],[7.018,46.044],[7.022,46.047],[7.038,46.05],[7.04,46.046],[7.038,46.045],[7.037,46.042],[7.043,46.04],[7.043,46.037],[7.048,46.035],[7.044,46.033],[7.045,46.032],[7.051,46.037]],[[7.284,45.997],[7.286,45.995],[7.287,45.996],[7.284,45.997]],[[7.4,45.941],[7.4,45.947],[7.399,45.944],[7.4,45.941]],[[7.368,46.101],[7.364,46.101],[7.364,46.097],[7.368,46.101]],[[7.552,46.128],[7.548,46.126],[7.546,46.123],[7.55,46.123],[7.549,46.126],[7.552,46.128]],[[7.695,46.231],[7.69,46.236],[7.685,46.238],[7.688,46.234],[7.695,46.231]]],[[[7.061,46.035],[7.064,46.037],[7.065,46.035],[7.061,46.035]]],[[[7.747,46.256],[7.737,46.26],[7.735,46.263],[7.737,46.27],[7.743,46.271],[7.747,46.269],[7.744,46.265],[7.747,46.262],[7.75,46.264],[7.76,46.263],[7.756,46.262],[7.755,46.258],[7.753,46.257],[7.75,46.258],[7.747,46.256]]],[[[7.826,46.078],[7.829,46.076],[7.824,46.076],[7.826,46.078]]],[[[7.984,46.275],[7.979,46.28],[7.98,46.282],[7.984,46.281],[7.985,46.277],[7.984,46.275]]],[[[8.019,46.266],[8.022,46.268],[8.022,46.264],[8.019,46.266]]],[[[7.747,46.269],[7.744,46.272],[7.747,46.273],[7.748,46.272],[7.747,46.269]]],[[[8.119,46.704],[8.123,46.704],[8.122,46.702],[8.135,46.706],[8.137,46.704],[8.129,46.697],[8.13,46.695],[8.128,46.694],[8.128,46.697],[8.125,46.698],[8.109,46.696],[8.106,46.697],[8.104,46.7],[8.109,46.703],[8.112,46.701],[8.119,46.704]]],[[[8.029,46.662],[8.027,46.661],[8.02,46.664],[8.017,46.663],[8.014,46.665],[8.01,46.665],[8.005,46.669],[7.994,46.666],[7.991,46.668],[7.987,46.668],[7.981,46.663],[7.978,46.664],[7.978,46.668],[7.969,46.666],[7.966,46.667],[7.965,46.672],[7.961,46.672],[7.958,46.67],[7.952,46.671],[7.978,46.679],[7.981,46.677],[7.984,46.679],[7.988,46.677],[7.994,46.682],[8.007,46.685],[8.017,46.684],[8.02,46.682],[8.028,46.682],[8.024,46.685],[8.011,46.687],[8.03,46.687],[8.035,46.684],[8.036,46.68],[8.039,46.68],[8.038,46.682],[8.04,46.684],[8.043,46.682],[8.049,46.684],[8.05,46.686],[8.059,46.691],[8.055,46.693],[8.041,46.695],[8.044,46.698],[8.047,46.698],[8.056,46.704],[8.072,46.706],[8.078,46.709],[8.087,46.709],[8.092,46.704],[8.096,46.708],[8.102,46.707],[8.104,46.702],[8.102,46.7],[8.095,46.7],[8.101,46.697],[8.097,46.693],[8.1,46.691],[8.1,46.688],[8.109,46.688],[8.112,46.684],[8.116,46.684],[8.102,46.682],[8.095,46.685],[8.091,46.684],[8.085,46.686],[8.082,46.689],[8.07,46.679],[8.069,46.676],[8.065,46.675],[8.067,46.673],[8.066,46.672],[8.063,46.673],[8.062,46.677],[8.067,46.684],[8.055,46.68],[8.056,46.671],[8.053,46.666],[8.049,46.666],[8.032,46.673],[8.035,46.671],[8.03,46.666],[8.029,46.662]]],[[[8.095,46.794],[8.097,46.792],[8.09,46.789],[8.082,46.792],[8.082,46.794],[8.084,46.795],[8.09,46.793],[8.095,46.794]]],[[[8.097,46.792],[8.102,46.792],[8.1,46.79],[8.097,46.792]]],[[[8.097,46.792],[8.098,46.79],[8.096,46.79],[8.097,46.792]]],[[[8.085,46.675],[8.079,46.673],[8.076,46.677],[8.075,46.679],[8.078,46.682],[8.077,46.684],[8.079,46.686],[8.082,46.683],[8.086,46.683],[8.094,46.677],[8.092,46.675],[8.086,46.679],[8.08,46.679],[8.085,46.675]]],[[[8.058,46.793],[8.042,46.788],[8.038,46.792],[8.041,46.794],[8.052,46.794],[8.058,46.796],[8.071,46.796],[8.073,46.794],[8.064,46.791],[8.058,46.793]]],[[[7.943,46.379],[7.952,46.387],[7.954,46.383],[7.952,46.38],[7.946,46.377],[7.943,46.379]]],[[[7.823,46.366],[7.819,46.366],[7.822,46.367],[7.823,46.366]]],[[[7.602,46.103],[7.6,46.102],[7.597,46.105],[7.597,46.108],[7.593,46.108],[7.594,46.117],[7.587,46.116],[7.581,46.119],[7.58,46.121],[7.587,46.126],[7.587,46.128],[7.584,46.13],[7.587,46.137],[7.587,46.144],[7.589,46.139],[7.594,46.136],[7.6,46.135],[7.597,46.134],[7.596,46.13],[7.602,46.126],[7.602,46.123],[7.607,46.121],[7.61,46.115],[7.615,46.114],[7.604,46.114],[7.602,46.11],[7.602,46.103]]],[[[7.605,46.465],[7.598,46.459],[7.588,46.464],[7.584,46.472],[7.587,46.472],[7.592,46.469],[7.593,46.47],[7.592,46.472],[7.595,46.473],[7.601,46.471],[7.604,46.472],[7.603,46.474],[7.605,46.475],[7.611,46.476],[7.613,46.474],[7.611,46.471],[7.605,46.468],[7.601,46.468],[7.605,46.467],[7.605,46.465]]],[[[7.554,46.551],[7.549,46.549],[7.546,46.552],[7.543,46.55],[7.533,46.555],[7.54,46.556],[7.543,46.558],[7.549,46.556],[7.563,46.557],[7.566,46.556],[7.563,46.553],[7.563,46.551],[7.554,46.551]]],[[[7.515,46.508],[7.51,46.507],[7.509,46.508],[7.511,46.51],[7.51,46.515],[7.511,46.517],[7.514,46.519],[7.518,46.519],[7.52,46.523],[7.525,46.522],[7.523,46.519],[7.526,46.517],[7.517,46.511],[7.515,46.508]]],[[[7.488,46.483],[7.484,46.485],[7.486,46.49],[7.482,46.497],[7.475,46.501],[7.477,46.508],[7.481,46.509],[7.491,46.507],[7.497,46.508],[7.508,46.506],[7.51,46.504],[7.506,46.501],[7.494,46.498],[7.49,46.495],[7.492,46.49],[7.488,46.483]]],[[[7.215,46.418],[7.208,46.419],[7.204,46.422],[7.204,46.425],[7.224,46.427],[7.228,46.425],[7.224,46.424],[7.223,46.422],[7.215,46.418]]],[[[7.205,46.368],[7.196,46.371],[7.195,46.375],[7.192,46.377],[7.183,46.377],[7.175,46.38],[7.174,46.382],[7.177,46.384],[7.176,46.386],[7.179,46.387],[7.18,46.384],[7.183,46.384],[7.188,46.387],[7.192,46.386],[7.201,46.375],[7.209,46.371],[7.205,46.368]]],[[[7.185,45.941],[7.178,45.942],[7.174,45.94],[7.165,45.939],[7.163,45.943],[7.168,45.949],[7.181,45.951],[7.182,45.95],[7.18,45.946],[7.185,45.946],[7.186,45.943],[7.185,45.941]]],[[[7.169,46.377],[7.161,46.377],[7.153,46.385],[7.14,46.382],[7.136,46.385],[7.136,46.387],[7.14,46.388],[7.139,46.391],[7.143,46.393],[7.146,46.387],[7.147,46.391],[7.149,46.392],[7.153,46.392],[7.156,46.387],[7.158,46.389],[7.172,46.388],[7.175,46.386],[7.168,46.38],[7.169,46.377]]],[[[6.896,46.049],[6.89,46.044],[6.88,46.044],[6.877,46.046],[6.873,46.046],[6.868,46.05],[6.868,46.052],[6.871,46.055],[6.871,46.059],[6.875,46.061],[6.874,46.066],[6.883,46.072],[6.886,46.071],[6.888,46.073],[6.887,46.084],[6.883,46.086],[6.884,46.093],[6.883,46.097],[6.887,46.1],[6.887,46.102],[6.893,46.109],[6.893,46.124],[6.856,46.125],[6.848,46.129],[6.843,46.129],[6.841,46.131],[6.831,46.132],[6.814,46.131],[6.808,46.136],[6.796,46.137],[6.797,46.142],[6.808,46.143],[6.814,46.141],[6.821,46.141],[6.834,46.143],[6.841,46.142],[6.843,46.145],[6.856,46.147],[6.86,46.144],[6.876,46.143],[6.882,46.138],[6.885,46.138],[6.887,46.145],[6.886,46.147],[6.888,46.149],[6.887,46.151],[6.895,46.155],[6.895,46.159],[6.899,46.16],[6.899,46.163],[6.891,46.165],[6.905,46.167],[6.907,46.169],[6.906,46.172],[6.908,46.173],[6.911,46.172],[6.917,46.176],[6.921,46.176],[6.921,46.179],[6.924,46.181],[6.934,46.18],[6.946,46.184],[6.952,46.181],[6.949,46.179],[6.95,46.177],[6.954,46.181],[6.959,46.183],[6.961,46.181],[6.958,46.179],[6.957,46.176],[6.958,46.174],[6.956,46.172],[6.953,46.173],[6.951,46.172],[6.954,46.17],[6.955,46.167],[6.96,46.168],[6.972,46.156],[6.966,46.156],[6.96,46.161],[6.953,46.161],[6.944,46.153],[6.93,46.149],[6.94,46.149],[6.944,46.147],[6.946,46.145],[6.943,46.143],[6.942,46.14],[6.947,46.141],[6.953,46.136],[6.971,46.141],[6.976,46.141],[6.981,46.136],[6.987,46.134],[6.976,46.13],[6.97,46.122],[6.953,46.12],[6.95,46.119],[6.948,46.116],[6.947,46.113],[6.949,46.111],[6.967,46.11],[6.974,46.105],[6.973,46.102],[6.967,46.1],[6.959,46.1],[6.951,46.096],[6.947,46.096],[6.944,46.091],[6.944,46.088],[6.946,46.086],[6.941,46.084],[6.941,46.082],[6.938,46.079],[6.931,46.077],[6.925,46.078],[6.921,46.077],[6.921,46.082],[6.915,46.088],[6.914,46.095],[6.91,46.098],[6.91,46.1],[6.906,46.1],[6.906,46.091],[6.902,46.089],[6.903,46.086],[6.914,46.082],[6.915,46.08],[6.912,46.077],[6.912,46.073],[6.916,46.071],[6.918,46.068],[6.922,46.069],[6.924,46.064],[6.917,46.062],[6.906,46.051],[6.896,46.049]]],[[[6.812,46.182],[6.809,46.182],[6.81,46.191],[6.807,46.193],[6.806,46.198],[6.807,46.2],[6.814,46.204],[6.822,46.198],[6.824,46.194],[6.82,46.194],[6.816,46.191],[6.817,46.189],[6.812,46.182]]]]},"properties":{"value":50,"fill":"#53BD9F","zIndex":3},"id":"2"},{"type":"Feature","geometry":{"type":"MultiPolygon","coordinates":[[[[10.41,46.552],[10.406,46.553],[10.405,46.557],[10.402,46.559],[10.401,46.562],[10.41,46.562],[10.41,46.559],[10.412,46.557],[10.416,46.557],[10.419,46.554],[10.41,46.552]]],[[[10.409,46.708],[10.394,46.708],[10.386,46.711],[10.393,46.713],[10.385,46.712],[10.379,46.715],[10.385,46.718],[10.392,46.717],[10.39,46.72],[10.395,46.72],[10.402,46.716],[10.408,46.72],[10.412,46.72],[10.412,46.722],[10.408,46.726],[10.409,46.728],[10.416,46.723],[10.416,46.721],[10.412,46.71],[10.409,46.708]]],[[[10.4,46.735],[10.394,46.735],[10.393,46.737],[10.386,46.735],[10.38,46.737],[10.382,46.74],[10.378,46.745],[10.371,46.744],[10.361,46.749],[10.358,46.747],[10.353,46.747],[10.35,46.752],[10.343,46.754],[10.344,46.761],[10.349,46.764],[10.347,46.768],[10.356,46.772],[10.357,46.77],[10.353,46.768],[10.355,46.766],[10.376,46.763],[10.376,46.76],[10.378,46.759],[10.388,46.759],[10.391,46.755],[10.389,46.751],[10.39,46.748],[10.403,46.744],[10.41,46.746],[10.41,46.741],[10.403,46.738],[10.4,46.735]]],[[[10.389,46.9],[10.379,46.898],[10.367,46.9],[10.361,46.903],[10.363,46.904],[10.366,46.903],[10.37,46.907],[10.373,46.907],[10.376,46.911],[10.379,46.905],[10.389,46.9]]],[[[10.347,46.977],[10.337,46.969],[10.336,46.977],[10.34,46.98],[10.34,46.982],[10.347,46.982],[10.35,46.984],[10.351,46.988],[10.354,46.988],[10.356,46.986],[10.355,46.981],[10.359,46.979],[10.354,46.976],[10.347,46.977]]],[[[10.339,46.545],[10.336,46.545],[10.331,46.55],[10.337,46.553],[10.341,46.552],[10.344,46.555],[10.347,46.555],[10.344,46.549],[10.339,46.545]]],[[[10.343,46.91],[10.337,46.905],[10.334,46.908],[10.335,46.91],[10.334,46.911],[10.329,46.912],[10.331,46.918],[10.328,46.921],[10.331,46.93],[10.332,46.921],[10.337,46.916],[10.341,46.916],[10.343,46.914],[10.343,46.91]]],[[[10.315,46.55],[10.298,46.551],[10.297,46.553],[10.298,46.556],[10.305,46.556],[10.308,46.553],[10.311,46.554],[10.314,46.553],[10.318,46.556],[10.325,46.558],[10.327,46.555],[10.324,46.553],[10.318,46.553],[10.315,46.55]]],[[[10.288,46.918],[10.278,46.913],[10.273,46.916],[10.273,46.918],[10.275,46.922],[10.279,46.925],[10.297,46.922],[10.295,46.918],[10.288,46.918]]],[[[10.168,46.826],[10.162,46.826],[10.152,46.831],[10.149,46.835],[10.143,46.834],[10.141,46.836],[10.143,46.839],[10.139,46.837],[10.14,46.844],[10.137,46.845],[10.13,46.842],[10.127,46.843],[10.124,46.848],[10.137,46.848],[10.14,46.846],[10.146,46.852],[10.15,46.853],[10.163,46.849],[10.175,46.858],[10.182,46.86],[10.193,46.867],[10.21,46.867],[10.213,46.869],[10.232,46.87],[10.232,46.877],[10.237,46.877],[10.239,46.879],[10.24,46.885],[10.23,46.89],[10.231,46.896],[10.234,46.903],[10.241,46.906],[10.245,46.911],[10.247,46.908],[10.247,46.903],[10.245,46.901],[10.251,46.897],[10.249,46.892],[10.245,46.89],[10.247,46.886],[10.25,46.89],[10.273,46.888],[10.274,46.892],[10.27,46.893],[10.267,46.896],[10.267,46.898],[10.271,46.899],[10.277,46.897],[10.281,46.898],[10.284,46.897],[10.287,46.899],[10.294,46.899],[10.297,46.895],[10.287,46.891],[10.28,46.891],[10.278,46.889],[10.278,46.884],[10.273,46.88],[10.259,46.874],[10.259,46.873],[10.263,46.875],[10.265,46.869],[10.261,46.867],[10.257,46.86],[10.26,46.856],[10.258,46.854],[10.255,46.857],[10.252,46.856],[10.246,46.859],[10.241,46.858],[10.239,46.861],[10.236,46.862],[10.235,46.865],[10.239,46.87],[10.226,46.862],[10.219,46.86],[10.213,46.864],[10.21,46.862],[10.203,46.862],[10.193,46.853],[10.186,46.851],[10.183,46.845],[10.179,46.843],[10.174,46.844],[10.173,46.847],[10.172,46.844],[10.166,46.841],[10.161,46.844],[10.16,46.847],[10.159,46.844],[10.162,46.842],[10.161,46.84],[10.156,46.836],[10.153,46.838],[10.153,46.84],[10.152,46.838],[10.156,46.835],[10.162,46.834],[10.166,46.836],[10.168,46.826]]],[[[10.259,46.851],[10.262,46.853],[10.265,46.85],[10.281,46.851],[10.282,46.846],[10.268,46.843],[10.259,46.847],[10.259,46.851]]],[[[10.241,46.834],[10.238,46.833],[10.234,46.836],[10.24,46.838],[10.234,46.843],[10.237,46.847],[10.236,46.849],[10.245,46.85],[10.252,46.848],[10.252,46.845],[10.241,46.834]]],[[[10.127,46.809],[10.118,46.805],[10.115,46.809],[10.112,46.807],[10.108,46.807],[10.107,46.81],[10.111,46.812],[10.108,46.816],[10.109,46.818],[10.122,46.819],[10.123,46.818],[10.12,46.816],[10.127,46.809]]],[[[10.051,46.775],[10.048,46.773],[10.041,46.774],[10.038,46.776],[10.032,46.775],[10.028,46.776],[10.025,46.779],[10.02,46.78],[10.023,46.782],[10.022,46.784],[10.016,46.783],[10.011,46.785],[10.01,46.787],[10.015,46.794],[10.01,46.796],[10.027,46.796],[10.024,46.798],[10.025,46.803],[10.035,46.809],[10.027,46.813],[10.02,46.809],[10.018,46.812],[10.02,46.816],[10.027,46.819],[10.033,46.815],[10.035,46.816],[10.031,46.818],[10.034,46.822],[10.042,46.822],[10.041,46.825],[10.047,46.825],[10.052,46.827],[10.039,46.834],[10.024,46.831],[10.021,46.833],[10.011,46.831],[10.01,46.832],[10.013,46.834],[10.014,46.837],[10.018,46.837],[10.013,46.841],[10.012,46.844],[10.018,46.843],[10.023,46.839],[10.024,46.836],[10.026,46.836],[10.024,46.841],[10.025,46.842],[10.038,46.84],[10.044,46.843],[10.051,46.843],[10.065,46.847],[10.066,46.849],[10.061,46.85],[10.058,46.853],[10.046,46.856],[10.041,46.859],[10.049,46.862],[10.053,46.86],[10.055,46.863],[10.088,46.861],[10.089,46.857],[10.093,46.855],[10.092,46.853],[10.096,46.85],[10.096,46.848],[10.107,46.841],[10.11,46.844],[10.117,46.843],[10.112,46.846],[10.123,46.848],[10.121,46.845],[10.122,46.839],[10.119,46.832],[10.121,46.83],[10.119,46.827],[10.109,46.826],[10.103,46.828],[10.1,46.826],[10.096,46.828],[10.098,46.832],[10.093,46.833],[10.091,46.835],[10.083,46.833],[10.085,46.831],[10.083,46.829],[10.076,46.828],[10.077,46.824],[10.072,46.822],[10.077,46.815],[10.069,46.813],[10.066,46.816],[10.069,46.812],[10.074,46.811],[10.073,46.809],[10.069,46.809],[10.068,46.806],[10.069,46.805],[10.072,46.808],[10.075,46.806],[10.076,46.803],[10.074,46.801],[10.075,46.799],[10.066,46.799],[10.066,46.803],[10.064,46.802],[10.067,46.797],[10.057,46.795],[10.056,46.798],[10.052,46.801],[10.049,46.802],[10.047,46.8],[10.047,46.791],[10.042,46.791],[10.038,46.789],[10.039,46.788],[10.042,46.789],[10.043,46.786],[10.04,46.784],[10.046,46.777],[10.051,46.775]]],[[[10.062,46.793],[10.072,46.795],[10.074,46.793],[10.072,46.79],[10.068,46.788],[10.062,46.793]]],[[[10.072,46.795],[10.079,46.797],[10.078,46.794],[10.072,46.795]]],[[[10.02,46.456],[10.029,46.458],[10.028,46.461],[10.03,46.462],[10.032,46.458],[10.038,46.456],[10.035,46.454],[10.039,46.45],[10.039,46.445],[10.038,46.447],[10.029,46.452],[10.029,46.454],[10.026,46.452],[10.02,46.456]]],[[[10.02,46.456],[10.014,46.456],[10.016,46.458],[10.02,46.456]]],[[[10.031,46.89],[10.017,46.89],[10.009,46.895],[10.015,46.898],[10.022,46.897],[10.024,46.898],[10.025,46.895],[10.029,46.893],[10.031,46.89]]],[[[9.971,46.681],[9.961,46.675],[9.96,46.678],[9.957,46.68],[9.958,46.682],[9.962,46.682],[9.972,46.687],[9.965,46.688],[9.958,46.683],[9.949,46.684],[9.946,46.687],[9.939,46.686],[9.936,46.683],[9.93,46.683],[9.93,46.688],[9.923,46.694],[9.915,46.693],[9.912,46.69],[9.913,46.687],[9.906,46.688],[9.903,46.687],[9.902,46.691],[9.913,46.699],[9.92,46.7],[9.923,46.699],[9.927,46.7],[9.93,46.703],[9.936,46.702],[9.943,46.704],[9.953,46.699],[9.956,46.703],[9.959,46.7],[9.964,46.703],[9.963,46.704],[9.959,46.701],[9.953,46.706],[9.953,46.709],[9.963,46.708],[9.969,46.706],[9.976,46.701],[9.981,46.7],[9.983,46.7],[9.981,46.702],[9.982,46.703],[9.995,46.702],[9.998,46.704],[9.995,46.707],[9.998,46.709],[9.996,46.711],[9.999,46.713],[10.002,46.713],[10.004,46.711],[10.0,46.709],[10.0,46.706],[10.002,46.705],[10.008,46.711],[10.008,46.713],[10.014,46.715],[10.017,46.72],[10.023,46.719],[10.024,46.717],[10.022,46.715],[10.015,46.713],[10.013,46.711],[10.013,46.708],[10.016,46.704],[10.026,46.701],[10.021,46.694],[10.016,46.693],[10.015,46.688],[10.009,46.69],[10.011,46.693],[10.008,46.692],[9.998,46.694],[9.988,46.691],[9.978,46.684],[9.982,46.686],[9.984,46.682],[9.971,46.681]]],[[[9.65,46.291],[9.642,46.287],[9.625,46.288],[9.624,46.291],[9.626,46.294],[9.625,46.296],[9.622,46.297],[9.572,46.299],[9.574,46.301],[9.584,46.304],[9.587,46.3],[9.59,46.302],[9.593,46.3],[9.6,46.302],[9.603,46.3],[9.606,46.302],[9.61,46.302],[9.613,46.306],[9.623,46.308],[9.624,46.309],[9.621,46.312],[9.63,46.311],[9.631,46.307],[9.636,46.303],[9.638,46.305],[9.639,46.31],[9.649,46.314],[9.653,46.311],[9.659,46.318],[9.662,46.317],[9.663,46.318],[9.66,46.324],[9.663,46.325],[9.666,46.322],[9.669,46.325],[9.674,46.326],[9.675,46.329],[9.678,46.329],[9.679,46.327],[9.679,46.332],[9.67,46.335],[9.676,46.34],[9.683,46.343],[9.685,46.34],[9.682,46.334],[9.686,46.335],[9.689,46.34],[9.693,46.339],[9.69,46.337],[9.693,46.333],[9.688,46.331],[9.688,46.328],[9.691,46.326],[9.688,46.324],[9.688,46.322],[9.692,46.325],[9.695,46.322],[9.695,46.318],[9.691,46.313],[9.691,46.307],[9.693,46.312],[9.699,46.317],[9.699,46.326],[9.702,46.33],[9.704,46.323],[9.708,46.32],[9.71,46.321],[9.709,46.328],[9.707,46.33],[9.708,46.335],[9.71,46.337],[9.708,46.344],[9.711,46.35],[9.711,46.355],[9.719,46.358],[9.722,46.355],[9.73,46.352],[9.733,46.354],[9.735,46.358],[9.739,46.358],[9.736,46.362],[9.73,46.363],[9.729,46.368],[9.733,46.371],[9.731,46.372],[9.73,46.375],[9.736,46.377],[9.743,46.382],[9.746,46.379],[9.746,46.372],[9.737,46.368],[9.739,46.366],[9.742,46.369],[9.745,46.368],[9.745,46.365],[9.742,46.363],[9.745,46.364],[9.749,46.363],[9.756,46.358],[9.763,46.358],[9.765,46.36],[9.764,46.365],[9.767,46.372],[9.767,46.376],[9.769,46.378],[9.785,46.369],[9.788,46.366],[9.791,46.358],[9.801,46.362],[9.804,46.37],[9.814,46.369],[9.815,46.371],[9.806,46.378],[9.809,46.38],[9.805,46.384],[9.808,46.389],[9.812,46.389],[9.814,46.393],[9.818,46.396],[9.821,46.393],[9.827,46.393],[9.83,46.388],[9.834,46.387],[9.837,46.383],[9.841,46.383],[9.847,46.387],[9.861,46.385],[9.86,46.388],[9.857,46.39],[9.856,46.395],[9.861,46.4],[9.864,46.4],[9.87,46.396],[9.878,46.396],[9.88,46.399],[9.884,46.4],[9.888,46.398],[9.896,46.398],[9.906,46.395],[9.909,46.391],[9.915,46.396],[9.922,46.392],[9.923,46.393],[9.921,46.395],[9.921,46.398],[9.927,46.398],[9.939,46.393],[9.936,46.395],[9.935,46.4],[9.942,46.405],[9.949,46.404],[9.962,46.406],[9.965,46.402],[9.969,46.401],[9.972,46.404],[9.978,46.405],[9.984,46.401],[9.982,46.396],[9.984,46.392],[9.99,46.401],[9.994,46.401],[9.996,46.398],[10.001,46.398],[10.007,46.394],[10.01,46.397],[10.015,46.396],[10.013,46.393],[9.995,46.389],[9.992,46.383],[9.984,46.376],[9.98,46.377],[9.981,46.369],[9.983,46.366],[9.986,46.369],[9.989,46.369],[10.0,46.364],[9.998,46.358],[10.0,46.355],[9.998,46.354],[9.985,46.354],[9.979,46.357],[9.976,46.362],[9.97,46.362],[9.966,46.364],[9.965,46.372],[9.967,46.379],[9.964,46.38],[9.948,46.38],[9.939,46.377],[9.928,46.369],[9.924,46.369],[9.921,46.372],[9.913,46.373],[9.913,46.375],[9.909,46.379],[9.905,46.382],[9.902,46.382],[9.901,46.38],[9.892,46.377],[9.886,46.373],[9.88,46.372],[9.872,46.364],[9.849,46.365],[9.843,46.362],[9.833,46.362],[9.825,46.355],[9.82,46.354],[9.816,46.351],[9.813,46.352],[9.806,46.347],[9.8,46.345],[9.793,46.345],[9.773,46.337],[9.767,46.337],[9.758,46.344],[9.742,46.352],[9.738,46.352],[9.735,46.349],[9.719,46.349],[9.717,46.348],[9.716,46.337],[9.715,46.296],[9.687,46.296],[9.681,46.301],[9.678,46.3],[9.676,46.302],[9.677,46.304],[9.675,46.305],[9.665,46.305],[9.662,46.297],[9.652,46.297],[9.65,46.295],[9.65,46.291]],[[9.984,46.392],[9.981,46.387],[9.984,46.389],[9.984,46.392]]],[[[9.99,46.781],[9.986,46.78],[9.983,46.783],[9.978,46.783],[9.98,46.785],[9.985,46.786],[9.988,46.79],[9.986,46.792],[9.991,46.794],[9.989,46.799],[9.993,46.8],[10.003,46.796],[10.005,46.794],[9.994,46.792],[9.994,46.79],[9.991,46.788],[9.991,46.785],[9.988,46.783],[9.99,46.781]]],[[[9.979,46.772],[9.986,46.775],[9.987,46.772],[9.985,46.769],[9.989,46.766],[9.992,46.77],[9.995,46.767],[9.995,46.765],[9.988,46.762],[9.985,46.765],[9.981,46.765],[9.981,46.77],[9.979,46.772]]],[[[9.979,46.776],[9.982,46.774],[9.978,46.772],[9.976,46.768],[9.972,46.769],[9.966,46.764],[9.96,46.77],[9.961,46.777],[9.972,46.779],[9.966,46.782],[9.97,46.783],[9.973,46.782],[9.979,46.779],[9.979,46.776]]],[[[9.941,46.728],[9.944,46.73],[9.944,46.733],[9.948,46.735],[9.951,46.733],[9.958,46.734],[9.966,46.73],[9.961,46.727],[9.957,46.727],[9.954,46.724],[9.944,46.725],[9.941,46.728]],[[9.944,46.73],[9.947,46.726],[9.95,46.728],[9.948,46.732],[9.944,46.73]]],[[[9.957,46.795],[9.954,46.795],[9.945,46.8],[9.945,46.808],[9.941,46.806],[9.939,46.807],[9.942,46.812],[9.938,46.811],[9.932,46.813],[9.925,46.811],[9.925,46.814],[9.934,46.818],[9.932,46.82],[9.932,46.823],[9.928,46.827],[9.928,46.832],[9.93,46.832],[9.93,46.829],[9.936,46.826],[9.942,46.826],[9.945,46.822],[9.952,46.824],[9.952,46.82],[9.958,46.818],[9.961,46.815],[9.955,46.813],[9.955,46.81],[9.951,46.812],[9.948,46.811],[9.951,46.807],[9.949,46.804],[9.951,46.802],[9.954,46.804],[9.962,46.802],[9.961,46.798],[9.957,46.795]]],[[[9.899,46.409],[9.891,46.412],[9.891,46.414],[9.887,46.414],[9.881,46.417],[9.901,46.422],[9.903,46.418],[9.901,46.416],[9.905,46.409],[9.907,46.407],[9.903,46.404],[9.9,46.405],[9.899,46.409]]],[[[9.907,46.407],[9.91,46.408],[9.911,46.407],[9.907,46.407]]],[[[9.895,46.682],[9.893,46.68],[9.883,46.681],[9.88,46.684],[9.87,46.686],[9.864,46.691],[9.867,46.694],[9.867,46.696],[9.871,46.696],[9.869,46.694],[9.869,46.691],[9.88,46.69],[9.882,46.689],[9.883,46.685],[9.885,46.686],[9.886,46.689],[9.888,46.689],[9.89,46.686],[9.893,46.688],[9.899,46.686],[9.894,46.684],[9.895,46.682]]],[[[9.891,46.411],[9.894,46.41],[9.892,46.407],[9.89,46.407],[9.889,46.41],[9.891,46.411]]],[[[9.884,46.623],[9.874,46.623],[9.872,46.624],[9.874,46.626],[9.869,46.626],[9.86,46.635],[9.865,46.639],[9.868,46.639],[9.884,46.633],[9.888,46.634],[9.89,46.632],[9.888,46.628],[9.889,46.626],[9.884,46.623]]],[[[9.872,46.933],[9.865,46.931],[9.85,46.937],[9.856,46.943],[9.862,46.944],[9.869,46.941],[9.876,46.941],[9.877,46.939],[9.873,46.936],[9.872,46.933]]],[[[9.832,46.409],[9.829,46.407],[9.819,46.407],[9.818,46.409],[9.811,46.411],[9.811,46.414],[9.817,46.416],[9.815,46.42],[9.817,46.422],[9.815,46.427],[9.816,46.428],[9.82,46.426],[9.826,46.426],[9.836,46.428],[9.838,46.426],[9.836,46.418],[9.832,46.42],[9.835,46.418],[9.832,46.416],[9.831,46.411],[9.832,46.409]]],[[[9.708,46.549],[9.711,46.553],[9.724,46.553],[9.727,46.557],[9.725,46.559],[9.728,46.561],[9.731,46.56],[9.738,46.562],[9.747,46.559],[9.752,46.559],[9.737,46.556],[9.737,46.553],[9.741,46.552],[9.734,46.552],[9.727,46.549],[9.726,46.548],[9.73,46.546],[9.732,46.543],[9.73,46.542],[9.727,46.542],[9.72,46.546],[9.725,46.541],[9.73,46.539],[9.73,46.536],[9.723,46.537],[9.714,46.541],[9.707,46.54],[9.703,46.542],[9.707,46.539],[9.704,46.535],[9.705,46.533],[9.707,46.532],[9.71,46.535],[9.714,46.534],[9.715,46.532],[9.713,46.528],[9.71,46.527],[9.704,46.521],[9.714,46.521],[9.716,46.524],[9.72,46.523],[9.726,46.525],[9.736,46.521],[9.732,46.516],[9.738,46.516],[9.737,46.519],[9.745,46.515],[9.749,46.515],[9.752,46.517],[9.756,46.514],[9.752,46.509],[9.755,46.51],[9.762,46.507],[9.763,46.502],[9.761,46.502],[9.76,46.498],[9.764,46.496],[9.761,46.493],[9.751,46.495],[9.75,46.496],[9.754,46.498],[9.748,46.504],[9.742,46.504],[9.738,46.507],[9.737,46.503],[9.725,46.498],[9.722,46.5],[9.715,46.5],[9.707,46.506],[9.715,46.508],[9.713,46.51],[9.709,46.511],[9.706,46.506],[9.703,46.506],[9.703,46.51],[9.699,46.513],[9.695,46.524],[9.697,46.535],[9.692,46.537],[9.693,46.542],[9.691,46.545],[9.687,46.547],[9.686,46.551],[9.688,46.553],[9.694,46.551],[9.698,46.552],[9.701,46.55],[9.705,46.551],[9.708,46.549]]],[[[9.764,46.496],[9.762,46.498],[9.764,46.499],[9.765,46.498],[9.764,46.496]]],[[[9.72,46.523],[9.719,46.526],[9.721,46.526],[9.72,46.523]]],[[[9.672,46.414],[9.653,46.412],[9.652,46.415],[9.647,46.415],[9.643,46.419],[9.653,46.428],[9.66,46.431],[9.664,46.43],[9.68,46.433],[9.683,46.432],[9.682,46.43],[9.685,46.427],[9.685,46.425],[9.68,46.422],[9.673,46.424],[9.665,46.421],[9.666,46.419],[9.67,46.418],[9.672,46.414]]],[[[9.63,46.325],[9.637,46.327],[9.64,46.323],[9.639,46.32],[9.636,46.318],[9.639,46.316],[9.633,46.312],[9.63,46.316],[9.624,46.318],[9.622,46.325],[9.617,46.328],[9.624,46.328],[9.63,46.325]],[[9.63,46.325],[9.624,46.323],[9.627,46.321],[9.63,46.325]]],[[[9.531,46.37],[9.521,46.366],[9.515,46.369],[9.492,46.366],[9.489,46.369],[9.479,46.369],[9.478,46.371],[9.463,46.376],[9.461,46.378],[9.465,46.382],[9.465,46.387],[9.468,46.389],[9.465,46.393],[9.466,46.409],[9.463,46.411],[9.463,46.414],[9.457,46.418],[9.455,46.424],[9.458,46.425],[9.462,46.43],[9.465,46.426],[9.475,46.421],[9.477,46.418],[9.471,46.413],[9.471,46.41],[9.478,46.411],[9.484,46.414],[9.488,46.411],[9.487,46.406],[9.489,46.402],[9.488,46.397],[9.476,46.386],[9.476,46.383],[9.48,46.381],[9.483,46.384],[9.499,46.391],[9.503,46.391],[9.505,46.388],[9.512,46.389],[9.516,46.387],[9.53,46.39],[9.526,46.394],[9.513,46.399],[9.516,46.401],[9.523,46.401],[9.524,46.403],[9.521,46.406],[9.523,46.408],[9.513,46.416],[9.52,46.419],[9.52,46.424],[9.516,46.428],[9.517,46.431],[9.519,46.428],[9.521,46.428],[9.53,46.431],[9.534,46.426],[9.534,46.421],[9.538,46.419],[9.536,46.414],[9.54,46.41],[9.54,46.408],[9.542,46.406],[9.555,46.404],[9.554,46.407],[9.556,46.41],[9.567,46.412],[9.567,46.414],[9.562,46.418],[9.57,46.421],[9.571,46.423],[9.568,46.43],[9.576,46.434],[9.579,46.427],[9.582,46.429],[9.587,46.429],[9.586,46.427],[9.589,46.425],[9.59,46.422],[9.589,46.42],[9.584,46.418],[9.585,46.416],[9.594,46.418],[9.598,46.417],[9.605,46.42],[9.608,46.424],[9.613,46.424],[9.608,46.425],[9.606,46.427],[9.604,46.431],[9.605,46.435],[9.617,46.435],[9.62,46.438],[9.625,46.438],[9.635,46.442],[9.637,46.44],[9.632,46.433],[9.62,46.429],[9.62,46.426],[9.629,46.419],[9.627,46.413],[9.617,46.409],[9.614,46.405],[9.604,46.405],[9.598,46.408],[9.593,46.404],[9.594,46.402],[9.587,46.402],[9.588,46.4],[9.584,46.396],[9.591,46.393],[9.597,46.388],[9.603,46.386],[9.607,46.387],[9.607,46.385],[9.59,46.376],[9.577,46.376],[9.57,46.372],[9.561,46.371],[9.546,46.372],[9.541,46.369],[9.531,46.37]]],[[[9.606,46.444],[9.602,46.438],[9.599,46.444],[9.599,46.448],[9.606,46.449],[9.606,46.452],[9.609,46.452],[9.613,46.449],[9.613,46.447],[9.606,46.444]]],[[[9.594,46.456],[9.589,46.456],[9.588,46.461],[9.571,46.467],[9.571,46.469],[9.578,46.47],[9.574,46.471],[9.574,46.474],[9.578,46.475],[9.587,46.47],[9.594,46.471],[9.595,46.476],[9.597,46.477],[9.604,46.476],[9.599,46.472],[9.605,46.469],[9.608,46.465],[9.603,46.462],[9.6,46.464],[9.594,46.463],[9.595,46.461],[9.591,46.458],[9.594,46.456]]],[[[9.569,46.481],[9.561,46.48],[9.556,46.484],[9.549,46.486],[9.546,46.49],[9.532,46.488],[9.53,46.491],[9.532,46.496],[9.539,46.495],[9.542,46.492],[9.555,46.494],[9.561,46.493],[9.555,46.488],[9.568,46.492],[9.57,46.49],[9.565,46.488],[9.564,46.486],[9.565,46.485],[9.568,46.487],[9.571,46.484],[9.569,46.481]]],[[[9.412,46.468],[9.408,46.47],[9.402,46.47],[9.398,46.473],[9.398,46.475],[9.412,46.483],[9.421,46.486],[9.42,46.489],[9.422,46.492],[9.425,46.491],[9.422,46.488],[9.423,46.479],[9.421,46.479],[9.412,46.468]]],[[[9.402,46.955],[9.399,46.951],[9.393,46.954],[9.387,46.959],[9.387,46.964],[9.384,46.964],[9.386,46.962],[9.386,46.959],[9.377,46.956],[9.375,46.957],[9.375,46.959],[9.383,46.964],[9.383,46.966],[9.389,46.968],[9.39,46.971],[9.394,46.974],[9.398,46.97],[9.397,46.965],[9.391,46.959],[9.4,46.957],[9.402,46.955]]],[[[9.37,46.494],[9.377,46.501],[9.378,46.496],[9.386,46.491],[9.387,46.489],[9.384,46.485],[9.382,46.485],[9.379,46.488],[9.376,46.487],[9.373,46.49],[9.37,46.494]]],[[[9.377,46.501],[9.37,46.507],[9.366,46.507],[9.361,46.51],[9.361,46.512],[9.354,46.51],[9.351,46.507],[9.345,46.508],[9.348,46.51],[9.347,46.512],[9.349,46.514],[9.361,46.52],[9.364,46.516],[9.371,46.517],[9.374,46.516],[9.372,46.519],[9.377,46.52],[9.384,46.518],[9.39,46.521],[9.39,46.523],[9.397,46.521],[9.401,46.523],[9.401,46.52],[9.395,46.516],[9.383,46.511],[9.381,46.509],[9.385,46.507],[9.378,46.503],[9.377,46.501]]],[[[9.025,46.816],[9.014,46.815],[9.012,46.817],[9.021,46.825],[9.026,46.823],[9.028,46.825],[9.025,46.826],[9.023,46.832],[9.027,46.834],[9.028,46.839],[9.027,46.855],[9.009,46.86],[9.007,46.862],[9.016,46.863],[9.019,46.865],[9.022,46.862],[9.032,46.863],[9.036,46.865],[9.039,46.863],[9.036,46.866],[9.032,46.867],[9.022,46.867],[9.022,46.873],[9.019,46.874],[9.016,46.871],[9.014,46.873],[9.013,46.875],[9.023,46.879],[9.023,46.883],[9.025,46.882],[9.024,46.879],[9.03,46.877],[9.032,46.874],[9.036,46.874],[9.039,46.872],[9.044,46.872],[9.039,46.875],[9.046,46.875],[9.052,46.878],[9.056,46.878],[9.062,46.883],[9.066,46.882],[9.069,46.883],[9.075,46.878],[9.079,46.878],[9.079,46.881],[9.082,46.882],[9.092,46.878],[9.098,46.879],[9.102,46.874],[9.108,46.873],[9.11,46.869],[9.118,46.867],[9.112,46.86],[9.117,46.86],[9.121,46.863],[9.128,46.862],[9.128,46.864],[9.131,46.866],[9.129,46.869],[9.134,46.869],[9.145,46.878],[9.142,46.882],[9.144,46.884],[9.157,46.886],[9.168,46.893],[9.171,46.893],[9.174,46.889],[9.201,46.89],[9.198,46.895],[9.199,46.897],[9.201,46.898],[9.205,46.897],[9.21,46.899],[9.21,46.901],[9.215,46.906],[9.213,46.908],[9.214,46.909],[9.224,46.912],[9.233,46.912],[9.229,46.915],[9.241,46.919],[9.234,46.922],[9.244,46.925],[9.248,46.928],[9.251,46.934],[9.26,46.934],[9.256,46.937],[9.256,46.939],[9.258,46.94],[9.268,46.938],[9.274,46.941],[9.28,46.939],[9.271,46.934],[9.271,46.932],[9.267,46.933],[9.267,46.93],[9.264,46.928],[9.268,46.923],[9.266,46.921],[9.272,46.916],[9.273,46.912],[9.29,46.912],[9.299,46.91],[9.303,46.913],[9.322,46.91],[9.329,46.913],[9.336,46.911],[9.337,46.908],[9.342,46.907],[9.348,46.903],[9.378,46.899],[9.374,46.897],[9.358,46.898],[9.353,46.897],[9.352,46.895],[9.354,46.892],[9.355,46.891],[9.358,46.893],[9.36,46.888],[9.354,46.889],[9.353,46.888],[9.355,46.883],[9.354,46.881],[9.338,46.881],[9.338,46.888],[9.335,46.891],[9.334,46.888],[9.336,46.886],[9.331,46.884],[9.327,46.886],[9.329,46.888],[9.328,46.89],[9.325,46.891],[9.326,46.897],[9.325,46.898],[9.318,46.895],[9.319,46.9],[9.312,46.902],[9.309,46.905],[9.296,46.905],[9.294,46.902],[9.296,46.9],[9.299,46.903],[9.308,46.9],[9.306,46.897],[9.302,46.895],[9.301,46.898],[9.299,46.899],[9.296,46.897],[9.292,46.899],[9.288,46.898],[9.288,46.905],[9.284,46.905],[9.284,46.9],[9.281,46.898],[9.278,46.891],[9.269,46.893],[9.265,46.892],[9.265,46.889],[9.279,46.882],[9.289,46.881],[9.294,46.878],[9.295,46.875],[9.291,46.873],[9.279,46.876],[9.282,46.878],[9.277,46.878],[9.272,46.875],[9.266,46.879],[9.256,46.88],[9.243,46.879],[9.236,46.883],[9.233,46.879],[9.223,46.887],[9.222,46.885],[9.235,46.874],[9.236,46.869],[9.232,46.869],[9.229,46.867],[9.217,46.868],[9.216,46.865],[9.213,46.864],[9.206,46.865],[9.199,46.863],[9.199,46.861],[9.196,46.86],[9.176,46.858],[9.173,46.855],[9.166,46.857],[9.163,46.86],[9.153,46.857],[9.137,46.851],[9.137,46.848],[9.133,46.851],[9.121,46.851],[9.121,46.853],[9.125,46.855],[9.121,46.859],[9.119,46.858],[9.123,46.855],[9.117,46.851],[9.114,46.852],[9.11,46.85],[9.106,46.851],[9.104,46.854],[9.091,46.858],[9.087,46.861],[9.081,46.862],[9.086,46.858],[9.086,46.856],[9.083,46.854],[9.084,46.853],[9.089,46.851],[9.091,46.853],[9.094,46.853],[9.095,46.851],[9.095,46.849],[9.091,46.846],[9.087,46.846],[9.081,46.849],[9.074,46.849],[9.073,46.847],[9.075,46.845],[9.075,46.84],[9.085,46.834],[9.082,46.831],[9.08,46.83],[9.074,46.832],[9.064,46.829],[9.058,46.833],[9.051,46.833],[9.05,46.83],[9.055,46.827],[9.054,46.823],[9.051,46.826],[9.047,46.826],[9.027,46.819],[9.025,46.816]]],[[[9.312,46.902],[9.313,46.898],[9.312,46.896],[9.31,46.9],[9.312,46.902]]],[[[9.32,46.634],[9.306,46.634],[9.319,46.641],[9.326,46.638],[9.329,46.639],[9.334,46.636],[9.332,46.635],[9.326,46.636],[9.32,46.634]]],[[[9.282,46.499],[9.275,46.493],[9.274,46.498],[9.279,46.505],[9.292,46.503],[9.303,46.511],[9.309,46.512],[9.319,46.508],[9.318,46.506],[9.308,46.506],[9.302,46.501],[9.282,46.499]]],[[[9.304,46.938],[9.287,46.937],[9.285,46.941],[9.287,46.943],[9.295,46.945],[9.294,46.947],[9.291,46.946],[9.289,46.947],[9.286,46.952],[9.288,46.953],[9.291,46.951],[9.304,46.95],[9.307,46.953],[9.31,46.952],[9.309,46.949],[9.302,46.947],[9.299,46.943],[9.304,46.938]]],[[[9.254,46.995],[9.24,46.998],[9.244,47.0],[9.242,47.011],[9.237,47.013],[9.234,47.017],[9.221,47.018],[9.212,47.012],[9.21,47.009],[9.21,47.005],[9.207,47.004],[9.206,47.005],[9.21,47.021],[9.209,47.027],[9.212,47.03],[9.22,47.032],[9.223,47.036],[9.222,47.038],[9.223,47.041],[9.228,47.043],[9.235,47.042],[9.242,47.045],[9.242,47.043],[9.248,47.037],[9.255,47.036],[9.255,47.033],[9.249,47.022],[9.25,47.02],[9.269,47.017],[9.275,47.02],[9.279,47.02],[9.293,47.017],[9.288,47.015],[9.29,47.014],[9.29,47.012],[9.287,47.008],[9.286,47.001],[9.29,46.997],[9.289,46.996],[9.281,46.997],[9.279,46.999],[9.281,47.008],[9.28,47.011],[9.277,47.006],[9.278,47.004],[9.273,47.006],[9.267,47.006],[9.26,47.003],[9.256,47.004],[9.255,47.002],[9.258,47.0],[9.258,46.997],[9.254,46.995]]],[[[9.283,46.385],[9.278,46.38],[9.273,46.383],[9.275,46.385],[9.272,46.39],[9.273,46.392],[9.268,46.399],[9.269,46.4],[9.275,46.4],[9.276,46.39],[9.278,46.388],[9.282,46.389],[9.283,46.385]]],[[[9.251,46.45],[9.244,46.445],[9.241,46.447],[9.238,46.446],[9.236,46.449],[9.231,46.451],[9.235,46.453],[9.235,46.456],[9.238,46.459],[9.242,46.46],[9.245,46.458],[9.255,46.461],[9.258,46.459],[9.26,46.46],[9.259,46.462],[9.264,46.466],[9.263,46.469],[9.265,46.473],[9.269,46.475],[9.269,46.487],[9.272,46.487],[9.272,46.48],[9.276,46.477],[9.276,46.475],[9.273,46.473],[9.272,46.466],[9.276,46.464],[9.275,46.459],[9.261,46.45],[9.251,46.45]]],[[[9.248,46.581],[9.236,46.577],[9.228,46.579],[9.224,46.584],[9.226,46.585],[9.229,46.583],[9.242,46.582],[9.246,46.583],[9.248,46.581]]],[[[9.236,46.955],[9.23,46.957],[9.228,46.96],[9.232,46.961],[9.239,46.967],[9.244,46.966],[9.247,46.962],[9.246,46.959],[9.236,46.957],[9.236,46.955]]],[[[9.239,46.464],[9.232,46.461],[9.222,46.471],[9.219,46.476],[9.221,46.481],[9.217,46.485],[9.217,46.487],[9.23,46.489],[9.232,46.487],[9.23,46.485],[9.231,46.483],[9.243,46.48],[9.241,46.476],[9.235,46.474],[9.239,46.473],[9.242,46.475],[9.244,46.471],[9.242,46.468],[9.239,46.467],[9.239,46.464]]],[[[9.186,47.028],[9.178,47.028],[9.175,47.034],[9.172,47.03],[9.169,47.029],[9.165,47.03],[9.165,47.032],[9.167,47.033],[9.156,47.032],[9.155,47.033],[9.156,47.035],[9.169,47.04],[9.182,47.038],[9.189,47.04],[9.192,47.044],[9.195,47.044],[9.204,47.039],[9.203,47.036],[9.188,47.031],[9.186,47.03],[9.186,47.028]]],[[[9.138,46.531],[9.13,46.53],[9.127,46.532],[9.132,46.536],[9.132,46.538],[9.13,46.54],[9.129,46.538],[9.13,46.536],[9.124,46.535],[9.123,46.538],[9.12,46.54],[9.12,46.543],[9.139,46.543],[9.139,46.54],[9.135,46.536],[9.137,46.535],[9.143,46.54],[9.151,46.542],[9.157,46.547],[9.159,46.545],[9.157,46.542],[9.167,46.54],[9.163,46.537],[9.153,46.535],[9.15,46.537],[9.146,46.536],[9.138,46.531]]],[[[9.135,47.035],[9.142,47.042],[9.14,47.044],[9.137,47.044],[9.143,47.046],[9.143,47.04],[9.147,47.037],[9.146,47.033],[9.15,47.031],[9.152,47.028],[9.145,47.023],[9.142,47.024],[9.138,47.028],[9.141,47.031],[9.14,47.033],[9.135,47.035]]],[[[9.138,46.556],[9.137,46.552],[9.14,46.549],[9.139,46.547],[9.127,46.548],[9.124,46.549],[9.123,46.552],[9.127,46.557],[9.141,46.558],[9.138,46.556]]],[[[9.139,47.04],[9.136,47.037],[9.133,47.037],[9.13,47.038],[9.131,47.04],[9.128,47.042],[9.136,47.044],[9.139,47.04]]],[[[9.032,46.495],[9.018,46.495],[9.025,46.498],[9.027,46.501],[9.019,46.502],[9.018,46.501],[9.014,46.504],[9.013,46.508],[9.018,46.509],[9.02,46.511],[9.017,46.513],[9.025,46.514],[9.032,46.518],[9.03,46.508],[9.031,46.507],[9.035,46.511],[9.045,46.51],[9.048,46.508],[9.048,46.499],[9.051,46.494],[9.057,46.497],[9.067,46.497],[9.07,46.495],[9.083,46.499],[9.084,46.498],[9.082,46.492],[9.079,46.489],[9.079,46.487],[9.086,46.491],[9.09,46.489],[9.096,46.491],[9.102,46.489],[9.122,46.49],[9.122,46.485],[9.119,46.484],[9.122,46.482],[9.126,46.482],[9.131,46.477],[9.131,46.475],[9.127,46.475],[9.115,46.48],[9.106,46.479],[9.102,46.481],[9.097,46.478],[9.095,46.476],[9.096,46.475],[9.107,46.469],[9.105,46.462],[9.106,46.46],[9.101,46.455],[9.087,46.447],[9.085,46.444],[9.089,46.44],[9.09,46.435],[9.081,46.434],[9.077,46.436],[9.081,46.442],[9.075,46.445],[9.075,46.447],[9.078,46.446],[9.082,46.448],[9.083,46.456],[9.088,46.458],[9.088,46.467],[9.086,46.472],[9.073,46.474],[9.069,46.476],[9.072,46.478],[9.07,46.48],[9.055,46.476],[9.054,46.479],[9.05,46.478],[9.044,46.482],[9.037,46.483],[9.038,46.486],[9.043,46.488],[9.043,46.49],[9.032,46.495]]],[[[9.078,46.915],[9.073,46.914],[9.071,46.919],[9.083,46.923],[9.09,46.928],[9.093,46.924],[9.1,46.929],[9.105,46.928],[9.1,46.926],[9.096,46.918],[9.09,46.92],[9.08,46.917],[9.078,46.915]]],[[[9.077,46.514],[9.081,46.518],[9.084,46.516],[9.094,46.52],[9.098,46.518],[9.095,46.516],[9.09,46.516],[9.086,46.512],[9.077,46.512],[9.077,46.514]]],[[[9.077,46.514],[9.064,46.511],[9.055,46.519],[9.05,46.521],[9.055,46.522],[9.055,46.524],[9.049,46.53],[9.052,46.533],[9.058,46.529],[9.065,46.532],[9.068,46.529],[9.073,46.528],[9.064,46.516],[9.074,46.518],[9.077,46.517],[9.077,46.514]]],[[[9.031,46.6],[9.021,46.603],[9.018,46.606],[9.012,46.607],[9.011,46.61],[9.006,46.614],[9.012,46.615],[9.015,46.611],[9.019,46.612],[9.024,46.607],[9.028,46.611],[9.034,46.609],[9.038,46.61],[9.038,46.607],[9.034,46.603],[9.032,46.603],[9.031,46.6]]],[[[9.023,46.535],[9.019,46.53],[9.006,46.535],[9.004,46.538],[9.005,46.542],[9.006,46.543],[9.01,46.541],[9.013,46.543],[9.023,46.54],[9.023,46.535]]],[[[9.023,46.54],[9.02,46.542],[9.02,46.547],[9.023,46.55],[9.026,46.549],[9.03,46.551],[9.029,46.546],[9.031,46.544],[9.023,46.54]]],[[[8.987,46.992],[8.977,46.986],[8.966,46.988],[8.965,46.99],[8.964,46.993],[8.981,46.995],[8.98,46.998],[8.972,46.999],[8.972,47.002],[8.978,47.004],[8.972,47.006],[8.97,47.008],[8.971,47.009],[8.981,47.006],[8.986,47.008],[8.985,47.013],[8.99,47.015],[9.001,47.015],[9.007,47.011],[9.017,47.013],[9.022,47.01],[9.02,47.008],[9.013,47.008],[9.013,47.003],[9.01,47.001],[9.007,47.003],[9.003,47.002],[9.0,46.997],[8.989,46.995],[8.987,46.992]]],[[[8.79,46.714],[8.782,46.713],[8.773,46.72],[8.77,46.718],[8.764,46.723],[8.767,46.73],[8.763,46.729],[8.76,46.733],[8.756,46.734],[8.756,46.741],[8.759,46.743],[8.763,46.75],[8.753,46.755],[8.764,46.756],[8.767,46.759],[8.774,46.758],[8.78,46.752],[8.787,46.751],[8.79,46.749],[8.792,46.752],[8.802,46.756],[8.804,46.759],[8.804,46.754],[8.806,46.752],[8.817,46.761],[8.814,46.763],[8.813,46.77],[8.815,46.772],[8.812,46.776],[8.815,46.783],[8.812,46.788],[8.815,46.792],[8.814,46.794],[8.822,46.799],[8.821,46.802],[8.816,46.806],[8.838,46.812],[8.831,46.82],[8.828,46.817],[8.825,46.822],[8.811,46.816],[8.807,46.819],[8.805,46.816],[8.801,46.816],[8.791,46.808],[8.767,46.813],[8.775,46.816],[8.778,46.815],[8.785,46.819],[8.789,46.819],[8.79,46.822],[8.784,46.824],[8.792,46.831],[8.799,46.831],[8.802,46.833],[8.795,46.842],[8.796,46.843],[8.799,46.842],[8.805,46.843],[8.815,46.846],[8.822,46.851],[8.835,46.853],[8.838,46.856],[8.842,46.856],[8.839,46.862],[8.849,46.863],[8.85,46.866],[8.859,46.869],[8.865,46.868],[8.862,46.867],[8.86,46.864],[8.862,46.857],[8.865,46.857],[8.863,46.861],[8.868,46.864],[8.878,46.862],[8.883,46.863],[8.885,46.865],[8.885,46.863],[8.891,46.862],[8.897,46.865],[8.898,46.867],[8.901,46.867],[8.905,46.865],[8.904,46.862],[8.908,46.863],[8.914,46.875],[8.918,46.876],[8.919,46.872],[8.923,46.869],[8.931,46.868],[8.924,46.863],[8.921,46.863],[8.927,46.861],[8.932,46.863],[8.943,46.862],[8.94,46.856],[8.944,46.853],[8.93,46.852],[8.924,46.848],[8.92,46.849],[8.908,46.847],[8.905,46.845],[8.904,46.841],[8.899,46.841],[8.904,46.84],[8.905,46.838],[8.9,46.829],[8.918,46.831],[8.923,46.835],[8.936,46.834],[8.944,46.831],[8.937,46.829],[8.926,46.818],[8.936,46.808],[8.939,46.811],[8.949,46.814],[8.949,46.809],[8.952,46.809],[8.965,46.817],[8.97,46.817],[8.972,46.82],[8.979,46.822],[8.982,46.828],[8.977,46.835],[8.98,46.837],[8.977,46.844],[8.979,46.848],[8.982,46.845],[8.986,46.844],[9.0,46.844],[8.995,46.84],[8.989,46.839],[8.987,46.837],[8.989,46.836],[8.995,46.839],[9.0,46.837],[9.0,46.835],[8.997,46.833],[8.998,46.826],[8.989,46.824],[8.986,46.821],[8.988,46.819],[8.997,46.817],[8.993,46.815],[8.995,46.814],[9.005,46.814],[9.006,46.817],[9.009,46.817],[9.013,46.814],[9.004,46.811],[8.998,46.811],[8.995,46.809],[8.985,46.81],[8.982,46.808],[8.972,46.806],[8.971,46.802],[8.978,46.803],[8.98,46.801],[8.975,46.797],[8.97,46.797],[8.978,46.796],[8.988,46.798],[8.993,46.794],[8.989,46.792],[8.997,46.794],[8.998,46.792],[8.994,46.788],[8.971,46.786],[8.962,46.79],[8.964,46.792],[8.962,46.8],[8.958,46.797],[8.949,46.799],[8.948,46.801],[8.942,46.801],[8.937,46.797],[8.945,46.792],[8.944,46.795],[8.948,46.799],[8.951,46.797],[8.951,46.792],[8.956,46.788],[8.955,46.781],[8.951,46.782],[8.95,46.786],[8.948,46.787],[8.944,46.784],[8.947,46.781],[8.943,46.777],[8.941,46.776],[8.935,46.78],[8.931,46.778],[8.928,46.773],[8.921,46.769],[8.919,46.771],[8.92,46.775],[8.926,46.777],[8.922,46.781],[8.905,46.769],[8.905,46.771],[8.901,46.773],[8.902,46.775],[8.906,46.775],[8.912,46.78],[8.907,46.782],[8.91,46.786],[8.906,46.789],[8.902,46.786],[8.897,46.789],[8.9,46.791],[8.899,46.796],[8.895,46.798],[8.902,46.8],[8.899,46.8],[8.896,46.805],[8.893,46.8],[8.889,46.798],[8.886,46.801],[8.881,46.798],[8.88,46.795],[8.867,46.801],[8.862,46.801],[8.863,46.799],[8.867,46.8],[8.868,46.798],[8.866,46.794],[8.863,46.795],[8.862,46.794],[8.869,46.786],[8.872,46.785],[8.871,46.782],[8.869,46.781],[8.87,46.778],[8.866,46.775],[8.856,46.782],[8.848,46.785],[8.847,46.787],[8.84,46.785],[8.84,46.782],[8.833,46.784],[8.832,46.783],[8.834,46.781],[8.832,46.778],[8.833,46.777],[8.837,46.779],[8.851,46.765],[8.846,46.762],[8.843,46.762],[8.839,46.756],[8.833,46.752],[8.824,46.752],[8.829,46.75],[8.837,46.751],[8.846,46.756],[8.849,46.755],[8.852,46.757],[8.859,46.757],[8.865,46.754],[8.869,46.749],[8.859,46.745],[8.855,46.748],[8.852,46.748],[8.847,46.745],[8.849,46.742],[8.852,46.746],[8.855,46.745],[8.855,46.742],[8.858,46.741],[8.86,46.738],[8.859,46.735],[8.856,46.738],[8.848,46.738],[8.845,46.735],[8.842,46.735],[8.839,46.738],[8.838,46.736],[8.84,46.729],[8.838,46.728],[8.829,46.732],[8.821,46.731],[8.817,46.734],[8.816,46.738],[8.815,46.734],[8.816,46.731],[8.812,46.731],[8.809,46.728],[8.807,46.729],[8.806,46.733],[8.804,46.732],[8.807,46.727],[8.806,46.726],[8.799,46.725],[8.793,46.728],[8.79,46.725],[8.796,46.72],[8.791,46.718],[8.79,46.714]]],[[[8.997,46.794],[9.001,46.796],[9.014,46.798],[9.014,46.794],[9.011,46.795],[9.01,46.792],[9.004,46.791],[9.001,46.794],[8.997,46.794]]],[[[8.996,46.983],[8.988,46.983],[8.983,46.986],[9.0,46.993],[9.0,46.989],[8.998,46.988],[8.996,46.983]]],[[[8.859,46.567],[8.847,46.565],[8.834,46.565],[8.825,46.568],[8.821,46.572],[8.812,46.574],[8.817,46.576],[8.816,46.578],[8.819,46.581],[8.819,46.583],[8.815,46.585],[8.819,46.588],[8.825,46.586],[8.832,46.589],[8.834,46.585],[8.831,46.583],[8.831,46.58],[8.836,46.58],[8.838,46.583],[8.841,46.583],[8.841,46.58],[8.844,46.581],[8.846,46.576],[8.848,46.575],[8.851,46.58],[8.861,46.582],[8.862,46.585],[8.867,46.589],[8.871,46.588],[8.873,46.584],[8.88,46.584],[8.887,46.586],[8.887,46.589],[8.894,46.593],[8.896,46.591],[8.901,46.591],[8.897,46.593],[8.907,46.595],[8.908,46.598],[8.904,46.599],[8.9,46.603],[8.894,46.602],[8.882,46.605],[8.882,46.609],[8.874,46.611],[8.873,46.614],[8.875,46.616],[8.871,46.615],[8.868,46.618],[8.868,46.621],[8.872,46.622],[8.875,46.62],[8.875,46.623],[8.888,46.63],[8.891,46.627],[8.893,46.631],[8.901,46.633],[8.903,46.636],[8.909,46.636],[8.91,46.638],[8.918,46.641],[8.921,46.641],[8.926,46.638],[8.927,46.634],[8.931,46.629],[8.933,46.635],[8.936,46.638],[8.931,46.64],[8.944,46.643],[8.951,46.642],[8.954,46.639],[8.96,46.641],[8.963,46.638],[8.967,46.641],[8.97,46.635],[8.973,46.639],[8.98,46.638],[8.983,46.64],[8.983,46.637],[8.986,46.635],[8.991,46.635],[8.992,46.628],[8.979,46.623],[8.973,46.625],[8.966,46.625],[8.963,46.622],[8.964,46.619],[8.96,46.617],[8.95,46.618],[8.943,46.615],[8.942,46.617],[8.944,46.62],[8.934,46.619],[8.93,46.621],[8.92,46.622],[8.921,46.62],[8.915,46.613],[8.916,46.611],[8.915,46.609],[8.923,46.605],[8.927,46.605],[8.927,46.603],[8.92,46.6],[8.918,46.595],[8.913,46.593],[8.909,46.589],[8.912,46.582],[8.903,46.58],[8.9,46.582],[8.893,46.582],[8.89,46.577],[8.87,46.575],[8.867,46.57],[8.86,46.569],[8.859,46.567]]],[[[8.958,46.599],[8.952,46.599],[8.95,46.601],[8.95,46.604],[8.946,46.606],[8.945,46.611],[8.953,46.614],[8.956,46.613],[8.971,46.615],[8.979,46.611],[8.986,46.61],[8.985,46.607],[8.989,46.607],[8.991,46.605],[8.969,46.604],[8.962,46.602],[8.958,46.599]]],[[[8.91,46.912],[8.902,46.91],[8.895,46.915],[8.906,46.914],[8.912,46.918],[8.921,46.921],[8.919,46.924],[8.936,46.93],[8.941,46.934],[8.942,46.937],[8.946,46.936],[8.946,46.941],[8.943,46.943],[8.94,46.939],[8.932,46.934],[8.906,46.933],[8.901,46.931],[8.902,46.928],[8.899,46.927],[8.886,46.927],[8.881,46.929],[8.888,46.931],[8.888,46.933],[8.906,46.937],[8.911,46.942],[8.89,46.939],[8.884,46.942],[8.89,46.944],[8.897,46.949],[8.894,46.951],[8.887,46.95],[8.876,46.953],[8.875,46.958],[8.894,46.963],[8.901,46.966],[8.902,46.969],[8.901,46.972],[8.896,46.971],[8.891,46.973],[8.881,46.973],[8.879,46.971],[8.875,46.971],[8.874,46.972],[8.874,46.974],[8.879,46.976],[8.875,46.98],[8.879,46.985],[8.876,46.994],[8.886,46.998],[8.884,47.0],[8.886,47.005],[8.888,47.006],[8.892,47.004],[8.895,47.005],[8.902,47.004],[8.908,47.008],[8.911,47.002],[8.915,47.002],[8.918,46.998],[8.921,46.999],[8.926,46.998],[8.929,46.993],[8.926,46.991],[8.927,46.988],[8.93,46.989],[8.929,46.991],[8.934,46.989],[8.929,46.984],[8.918,46.978],[8.918,46.975],[8.914,46.973],[8.92,46.969],[8.933,46.977],[8.934,46.982],[8.944,46.983],[8.949,46.977],[8.953,46.979],[8.959,46.975],[8.949,46.973],[8.94710526315789,46.96826315789473],[8.95,46.97],[8.956,46.965],[8.963,46.965],[8.966,46.963],[8.969,46.961],[8.965,46.959],[8.961,46.952],[8.953,46.943],[8.953,46.939],[8.956,46.934],[8.948,46.932],[8.953,46.928],[8.952,46.927],[8.939,46.925],[8.916,46.914],[8.912,46.915],[8.91,46.912]],[[8.946764705882357,46.96805882352941],[8.943,46.969],[8.943,46.966],[8.939,46.964],[8.94,46.961],[8.94,46.964],[8.946764705882357,46.96805882352941]]],[[[8.966,46.963],[8.967,46.966],[8.97,46.968],[8.981,46.968],[8.979,46.966],[8.973,46.966],[8.976,46.963],[8.966,46.963]]],[[[8.827,46.889],[8.843,46.889],[8.846,46.887],[8.849,46.889],[8.852,46.887],[8.869,46.897],[8.871,46.893],[8.871,46.888],[8.869,46.884],[8.852,46.878],[8.835,46.884],[8.827,46.889]]],[[[8.869,46.897],[8.869,46.899],[8.863,46.901],[8.861,46.904],[8.873,46.904],[8.886,46.908],[8.892,46.906],[8.884,46.904],[8.883,46.899],[8.869,46.897]]],[[[8.606,46.552],[8.599,46.551],[8.596,46.555],[8.593,46.556],[8.599,46.563],[8.607,46.565],[8.61,46.57],[8.597,46.57],[8.593,46.567],[8.59,46.562],[8.583,46.563],[8.577,46.562],[8.566,46.565],[8.563,46.568],[8.57,46.57],[8.568,46.572],[8.571,46.574],[8.572,46.577],[8.57,46.577],[8.569,46.579],[8.57,46.59],[8.58,46.585],[8.59,46.585],[8.593,46.587],[8.597,46.587],[8.593,46.589],[8.593,46.592],[8.6,46.597],[8.594,46.596],[8.59,46.597],[8.586,46.601],[8.589,46.603],[8.588,46.608],[8.591,46.609],[8.598,46.608],[8.601,46.61],[8.599,46.612],[8.601,46.614],[8.604,46.613],[8.614,46.615],[8.62,46.611],[8.623,46.614],[8.63,46.612],[8.633,46.607],[8.64,46.608],[8.643,46.604],[8.647,46.603],[8.647,46.596],[8.639,46.593],[8.633,46.596],[8.629,46.595],[8.626,46.597],[8.625,46.594],[8.629,46.59],[8.633,46.59],[8.639,46.587],[8.642,46.589],[8.646,46.589],[8.649,46.585],[8.649,46.588],[8.647,46.589],[8.652,46.591],[8.656,46.589],[8.662,46.592],[8.675,46.591],[8.676,46.594],[8.685,46.602],[8.688,46.607],[8.687,46.611],[8.688,46.614],[8.693,46.614],[8.694,46.611],[8.69,46.607],[8.698,46.605],[8.7,46.607],[8.696,46.611],[8.702,46.615],[8.705,46.614],[8.708,46.609],[8.704,46.6],[8.705,46.599],[8.708,46.6],[8.712,46.595],[8.713,46.591],[8.71,46.586],[8.711,46.584],[8.714,46.586],[8.717,46.593],[8.72,46.595],[8.724,46.592],[8.727,46.593],[8.725,46.597],[8.728,46.6],[8.729,46.604],[8.726,46.606],[8.727,46.609],[8.743,46.609],[8.742,46.604],[8.745,46.602],[8.745,46.6],[8.74,46.594],[8.74,46.587],[8.75,46.601],[8.754,46.6],[8.757,46.595],[8.758,46.599],[8.756,46.602],[8.761,46.606],[8.76,46.609],[8.763,46.613],[8.767,46.615],[8.767,46.618],[8.773,46.619],[8.772,46.622],[8.774,46.625],[8.779,46.626],[8.78,46.629],[8.787,46.629],[8.79,46.636],[8.8,46.637],[8.804,46.635],[8.793,46.627],[8.79,46.623],[8.787,46.624],[8.789,46.621],[8.795,46.621],[8.796,46.616],[8.8,46.614],[8.8,46.61],[8.783,46.608],[8.789,46.606],[8.786,46.601],[8.789,46.597],[8.786,46.593],[8.78,46.594],[8.776,46.592],[8.766,46.592],[8.766,46.595],[8.762,46.593],[8.764,46.59],[8.762,46.586],[8.773,46.579],[8.773,46.576],[8.767,46.572],[8.759,46.571],[8.745,46.573],[8.74,46.571],[8.737,46.574],[8.733,46.573],[8.723,46.575],[8.719,46.571],[8.718,46.568],[8.72,46.567],[8.725,46.571],[8.733,46.571],[8.737,46.569],[8.737,46.566],[8.74,46.565],[8.766,46.565],[8.767,46.563],[8.75,46.554],[8.746,46.554],[8.739,46.557],[8.73,46.556],[8.72,46.561],[8.704,46.56],[8.688,46.566],[8.684,46.564],[8.683,46.566],[8.686,46.569],[8.684,46.57],[8.683,46.573],[8.684,46.578],[8.691,46.575],[8.692,46.578],[8.688,46.581],[8.685,46.581],[8.673,46.58],[8.672,46.573],[8.662,46.572],[8.642,46.566],[8.635,46.566],[8.632,46.563],[8.616,46.556],[8.612,46.557],[8.606,46.552]],[[8.766,46.595],[8.77,46.594],[8.776,46.597],[8.78,46.596],[8.782,46.597],[8.773,46.599],[8.77,46.597],[8.766,46.597],[8.766,46.595]]],[[[8.791,46.524],[8.784,46.519],[8.779,46.52],[8.779,46.525],[8.777,46.527],[8.778,46.53],[8.788,46.529],[8.791,46.526],[8.794,46.528],[8.801,46.528],[8.803,46.525],[8.801,46.524],[8.797,46.526],[8.791,46.524]]],[[[8.791,46.754],[8.787,46.754],[8.787,46.757],[8.784,46.754],[8.78,46.755],[8.779,46.757],[8.781,46.759],[8.777,46.757],[8.774,46.759],[8.781,46.768],[8.787,46.77],[8.792,46.768],[8.791,46.765],[8.794,46.763],[8.793,46.761],[8.794,46.756],[8.791,46.754]]],[[[8.777,46.545],[8.772,46.544],[8.765,46.547],[8.762,46.55],[8.762,46.552],[8.769,46.557],[8.782,46.562],[8.784,46.554],[8.777,46.55],[8.778,46.548],[8.782,46.552],[8.785,46.552],[8.786,46.55],[8.785,46.547],[8.778,46.547],[8.777,46.545]]],[[[8.774,46.905],[8.777,46.905],[8.776,46.901],[8.778,46.898],[8.781,46.897],[8.78,46.895],[8.766,46.898],[8.767,46.9],[8.771,46.9],[8.774,46.905]]],[[[8.777,46.905],[8.778,46.91],[8.781,46.911],[8.786,46.909],[8.777,46.905]]],[[[8.777,46.523],[8.774,46.522],[8.765,46.528],[8.761,46.527],[8.75,46.532],[8.765,46.535],[8.768,46.534],[8.769,46.53],[8.777,46.525],[8.777,46.523]]],[[[8.748,46.417],[8.746,46.416],[8.743,46.417],[8.745,46.42],[8.742,46.422],[8.743,46.424],[8.732,46.424],[8.732,46.426],[8.714,46.433],[8.71,46.431],[8.707,46.435],[8.704,46.436],[8.707,46.44],[8.704,46.445],[8.713,46.445],[8.714,46.447],[8.717,46.445],[8.716,46.442],[8.735,46.44],[8.734,46.435],[8.737,46.434],[8.74,46.436],[8.742,46.433],[8.749,46.432],[8.756,46.434],[8.759,46.433],[8.763,46.438],[8.775,46.435],[8.772,46.432],[8.766,46.434],[8.764,46.433],[8.768,46.431],[8.763,46.426],[8.749,46.423],[8.748,46.417]]],[[[8.746,46.804],[8.741,46.806],[8.743,46.809],[8.734,46.813],[8.736,46.815],[8.739,46.815],[8.746,46.811],[8.76,46.811],[8.763,46.808],[8.755,46.808],[8.746,46.804]]],[[[8.748,46.737],[8.744,46.735],[8.737,46.738],[8.736,46.741],[8.744,46.742],[8.75,46.746],[8.756,46.746],[8.751,46.743],[8.752,46.739],[8.747,46.739],[8.748,46.737]]],[[[8.746,46.939],[8.735,46.942],[8.742,46.942],[8.746,46.946],[8.752,46.947],[8.753,46.946],[8.75,46.941],[8.746,46.939]]],[[[8.661,46.67],[8.657,46.669],[8.647,46.671],[8.644,46.672],[8.643,46.675],[8.648,46.681],[8.656,46.679],[8.657,46.676],[8.661,46.679],[8.664,46.678],[8.667,46.679],[8.666,46.684],[8.674,46.683],[8.677,46.686],[8.683,46.681],[8.68,46.677],[8.674,46.68],[8.67,46.676],[8.665,46.675],[8.661,46.67]]],[[[8.677,46.686],[8.678,46.688],[8.674,46.695],[8.676,46.699],[8.675,46.702],[8.676,46.704],[8.687,46.702],[8.69,46.704],[8.687,46.71],[8.69,46.715],[8.701,46.716],[8.707,46.713],[8.71,46.715],[8.718,46.715],[8.72,46.713],[8.724,46.715],[8.729,46.712],[8.73,46.71],[8.723,46.706],[8.72,46.709],[8.712,46.701],[8.714,46.7],[8.72,46.704],[8.72,46.701],[8.724,46.696],[8.723,46.694],[8.72,46.693],[8.717,46.695],[8.714,46.694],[8.714,46.692],[8.712,46.692],[8.71,46.697],[8.707,46.699],[8.704,46.697],[8.7,46.698],[8.699,46.69],[8.694,46.69],[8.69,46.693],[8.693,46.688],[8.69,46.686],[8.687,46.689],[8.685,46.688],[8.684,46.683],[8.68,46.686],[8.677,46.686]]],[[[8.674,46.695],[8.671,46.692],[8.671,46.695],[8.674,46.695]]],[[[8.73,46.71],[8.734,46.718],[8.737,46.718],[8.743,46.722],[8.749,46.716],[8.749,46.71],[8.751,46.707],[8.749,46.705],[8.749,46.701],[8.74,46.703],[8.737,46.709],[8.73,46.71]]],[[[8.739,46.615],[8.734,46.614],[8.73,46.615],[8.73,46.618],[8.733,46.622],[8.732,46.624],[8.735,46.625],[8.738,46.622],[8.744,46.625],[8.746,46.624],[8.741,46.618],[8.739,46.618],[8.739,46.615]]],[[[8.69,46.474],[8.685,46.474],[8.682,46.478],[8.676,46.477],[8.669,46.48],[8.667,46.483],[8.671,46.486],[8.669,46.486],[8.668,46.488],[8.669,46.492],[8.673,46.493],[8.673,46.49],[8.676,46.486],[8.682,46.486],[8.686,46.483],[8.689,46.485],[8.694,46.479],[8.69,46.474]]],[[[8.678,46.621],[8.666,46.62],[8.663,46.624],[8.658,46.627],[8.655,46.632],[8.66,46.635],[8.663,46.633],[8.669,46.633],[8.671,46.632],[8.671,46.63],[8.677,46.627],[8.678,46.621]]],[[[8.658,46.636],[8.653,46.635],[8.645,46.641],[8.647,46.643],[8.657,46.645],[8.654,46.649],[8.65,46.65],[8.661,46.657],[8.661,46.654],[8.667,46.653],[8.667,46.651],[8.663,46.65],[8.661,46.645],[8.656,46.641],[8.658,46.636]]],[[[8.44,46.776],[8.444,46.78],[8.461,46.78],[8.463,46.783],[8.467,46.778],[8.47,46.778],[8.476,46.781],[8.485,46.782],[8.486,46.786],[8.506,46.789],[8.509,46.798],[8.519,46.8],[8.523,46.799],[8.521,46.802],[8.516,46.804],[8.515,46.807],[8.518,46.811],[8.516,46.813],[8.523,46.815],[8.52,46.82],[8.518,46.82],[8.523,46.822],[8.524,46.82],[8.535,46.82],[8.537,46.822],[8.534,46.824],[8.542,46.829],[8.543,46.833],[8.546,46.829],[8.546,46.826],[8.544,46.824],[8.546,46.822],[8.549,46.824],[8.562,46.827],[8.572,46.826],[8.574,46.824],[8.566,46.821],[8.556,46.821],[8.552,46.818],[8.549,46.819],[8.539,46.814],[8.538,46.811],[8.529,46.805],[8.529,46.8],[8.536,46.803],[8.539,46.8],[8.546,46.8],[8.542,46.798],[8.545,46.796],[8.562,46.796],[8.572,46.791],[8.575,46.793],[8.578,46.792],[8.576,46.79],[8.581,46.79],[8.584,46.788],[8.581,46.784],[8.58,46.786],[8.576,46.786],[8.567,46.779],[8.57,46.777],[8.572,46.772],[8.562,46.772],[8.559,46.777],[8.555,46.779],[8.555,46.782],[8.548,46.781],[8.544,46.777],[8.544,46.77],[8.548,46.772],[8.551,46.768],[8.549,46.766],[8.551,46.764],[8.548,46.762],[8.545,46.765],[8.544,46.764],[8.546,46.759],[8.54,46.757],[8.541,46.755],[8.538,46.754],[8.535,46.759],[8.528,46.759],[8.532,46.76],[8.532,46.765],[8.526,46.764],[8.522,46.758],[8.519,46.759],[8.52,46.762],[8.516,46.764],[8.52,46.768],[8.519,46.771],[8.515,46.771],[8.512,46.769],[8.502,46.77],[8.489,46.767],[8.491,46.764],[8.487,46.762],[8.486,46.759],[8.483,46.762],[8.478,46.762],[8.479,46.76],[8.485,46.757],[8.492,46.758],[8.494,46.755],[8.492,46.753],[8.479,46.754],[8.476,46.756],[8.473,46.755],[8.47,46.758],[8.462,46.758],[8.457,46.755],[8.459,46.753],[8.459,46.749],[8.455,46.746],[8.457,46.744],[8.453,46.743],[8.451,46.74],[8.453,46.738],[8.456,46.728],[8.459,46.728],[8.459,46.734],[8.466,46.734],[8.472,46.741],[8.485,46.739],[8.489,46.735],[8.498,46.734],[8.51,46.73],[8.511,46.728],[8.522,46.726],[8.523,46.719],[8.525,46.717],[8.522,46.712],[8.524,46.711],[8.527,46.713],[8.531,46.712],[8.532,46.71],[8.544,46.705],[8.546,46.698],[8.548,46.696],[8.543,46.693],[8.543,46.69],[8.55,46.687],[8.546,46.685],[8.543,46.687],[8.527,46.684],[8.52,46.69],[8.517,46.684],[8.514,46.684],[8.505,46.69],[8.507,46.694],[8.498,46.692],[8.485,46.698],[8.485,46.695],[8.488,46.692],[8.487,46.69],[8.492,46.685],[8.494,46.679],[8.498,46.676],[8.495,46.674],[8.495,46.672],[8.497,46.67],[8.503,46.67],[8.501,46.667],[8.49,46.664],[8.487,46.666],[8.484,46.663],[8.473,46.661],[8.445,46.673],[8.438,46.673],[8.437,46.672],[8.439,46.668],[8.433,46.666],[8.441,46.661],[8.445,46.656],[8.448,46.657],[8.458,46.65],[8.46,46.647],[8.451,46.648],[8.451,46.643],[8.448,46.639],[8.45,46.636],[8.449,46.634],[8.451,46.633],[8.461,46.64],[8.474,46.642],[8.48,46.64],[8.476,46.636],[8.477,46.634],[8.48,46.633],[8.483,46.638],[8.487,46.638],[8.496,46.633],[8.498,46.634],[8.496,46.634],[8.494,46.638],[8.497,46.64],[8.506,46.642],[8.506,46.637],[8.51,46.639],[8.513,46.638],[8.516,46.642],[8.516,46.645],[8.522,46.645],[8.532,46.642],[8.536,46.644],[8.54,46.642],[8.536,46.639],[8.529,46.638],[8.526,46.634],[8.523,46.634],[8.519,46.637],[8.516,46.634],[8.51,46.634],[8.503,46.627],[8.497,46.627],[8.486,46.62],[8.48,46.62],[8.475,46.623],[8.472,46.623],[8.469,46.62],[8.476,46.614],[8.471,46.611],[8.473,46.609],[8.48,46.61],[8.483,46.607],[8.48,46.604],[8.466,46.599],[8.457,46.598],[8.453,46.603],[8.45,46.6],[8.452,46.598],[8.45,46.595],[8.442,46.594],[8.437,46.589],[8.43,46.588],[8.431,46.585],[8.423,46.578],[8.427,46.577],[8.433,46.582],[8.437,46.583],[8.45,46.582],[8.453,46.585],[8.46,46.586],[8.463,46.585],[8.463,46.581],[8.469,46.581],[8.48,46.578],[8.462,46.566],[8.446,46.561],[8.439,46.558],[8.44,46.557],[8.456,46.557],[8.459,46.559],[8.466,46.559],[8.485,46.568],[8.494,46.559],[8.495,46.556],[8.501,46.556],[8.505,46.552],[8.508,46.553],[8.509,46.555],[8.506,46.566],[8.507,46.571],[8.505,46.573],[8.509,46.577],[8.508,46.581],[8.516,46.586],[8.518,46.588],[8.518,46.591],[8.525,46.593],[8.532,46.592],[8.533,46.593],[8.53,46.595],[8.538,46.596],[8.545,46.6],[8.548,46.6],[8.548,46.598],[8.545,46.595],[8.548,46.59],[8.546,46.584],[8.544,46.583],[8.541,46.586],[8.539,46.584],[8.54,46.581],[8.544,46.579],[8.543,46.575],[8.545,46.57],[8.534,46.569],[8.531,46.566],[8.529,46.566],[8.522,46.559],[8.522,46.557],[8.524,46.555],[8.531,46.56],[8.541,46.56],[8.544,46.562],[8.551,46.563],[8.554,46.566],[8.56,46.566],[8.561,46.557],[8.556,46.548],[8.561,46.543],[8.554,46.536],[8.553,46.539],[8.547,46.541],[8.54,46.539],[8.537,46.54],[8.535,46.539],[8.534,46.536],[8.53,46.536],[8.525,46.532],[8.524,46.529],[8.514,46.533],[8.509,46.53],[8.507,46.522],[8.491,46.525],[8.488,46.521],[8.489,46.517],[8.488,46.516],[8.483,46.515],[8.481,46.512],[8.478,46.511],[8.475,46.513],[8.473,46.512],[8.476,46.51],[8.473,46.506],[8.46,46.506],[8.463,46.503],[8.461,46.5],[8.457,46.501],[8.455,46.505],[8.454,46.501],[8.448,46.498],[8.442,46.496],[8.438,46.497],[8.434,46.495],[8.448,46.49],[8.445,46.487],[8.438,46.486],[8.432,46.491],[8.43,46.488],[8.435,46.486],[8.437,46.483],[8.428,46.482],[8.425,46.484],[8.419,46.483],[8.415,46.484],[8.406,46.482],[8.402,46.479],[8.403,46.477],[8.409,46.474],[8.425,46.471],[8.431,46.472],[8.451,46.469],[8.457,46.472],[8.461,46.471],[8.474,46.474],[8.481,46.472],[8.48,46.474],[8.487,46.475],[8.485,46.481],[8.487,46.482],[8.497,46.48],[8.499,46.483],[8.501,46.483],[8.51,46.479],[8.515,46.48],[8.518,46.483],[8.518,46.485],[8.512,46.489],[8.516,46.493],[8.522,46.489],[8.526,46.489],[8.53,46.485],[8.532,46.48],[8.539,46.484],[8.542,46.484],[8.544,46.487],[8.549,46.489],[8.555,46.483],[8.558,46.487],[8.557,46.494],[8.561,46.496],[8.56,46.498],[8.565,46.499],[8.567,46.498],[8.563,46.496],[8.568,46.488],[8.572,46.487],[8.575,46.484],[8.58,46.484],[8.581,46.487],[8.588,46.485],[8.592,46.482],[8.591,46.48],[8.602,46.48],[8.602,46.475],[8.617,46.471],[8.616,46.468],[8.621,46.461],[8.621,46.457],[8.63,46.455],[8.623,46.453],[8.62,46.45],[8.616,46.452],[8.618,46.455],[8.61,46.456],[8.604,46.462],[8.594,46.468],[8.581,46.469],[8.575,46.471],[8.565,46.47],[8.554,46.462],[8.562,46.465],[8.571,46.466],[8.581,46.462],[8.576,46.46],[8.568,46.453],[8.568,46.448],[8.574,46.445],[8.581,46.446],[8.581,46.443],[8.562,46.437],[8.561,46.433],[8.566,46.431],[8.566,46.428],[8.573,46.421],[8.56,46.415],[8.56,46.417],[8.552,46.424],[8.54,46.426],[8.544,46.431],[8.541,46.435],[8.526,46.44],[8.531,46.442],[8.53,46.444],[8.535,46.446],[8.538,46.445],[8.539,46.447],[8.528,46.453],[8.526,46.458],[8.516,46.461],[8.51,46.458],[8.509,46.456],[8.514,46.453],[8.509,46.453],[8.503,46.449],[8.504,46.445],[8.501,46.442],[8.503,46.44],[8.499,46.44],[8.495,46.436],[8.496,46.432],[8.505,46.431],[8.507,46.429],[8.499,46.42],[8.497,46.415],[8.492,46.414],[8.486,46.41],[8.482,46.41],[8.478,46.407],[8.477,46.404],[8.487,46.402],[8.482,46.398],[8.472,46.399],[8.469,46.397],[8.465,46.4],[8.465,46.409],[8.47,46.409],[8.468,46.413],[8.462,46.418],[8.462,46.42],[8.458,46.423],[8.459,46.427],[8.457,46.429],[8.459,46.432],[8.457,46.432],[8.456,46.434],[8.46,46.442],[8.463,46.441],[8.464,46.443],[8.462,46.445],[8.462,46.449],[8.46,46.452],[8.453,46.459],[8.444,46.465],[8.435,46.464],[8.431,46.462],[8.405,46.46],[8.399,46.455],[8.389,46.451],[8.366,46.452],[8.353,46.443],[8.346,46.441],[8.33,46.429],[8.32,46.427],[8.317,46.424],[8.307,46.425],[8.302,46.422],[8.302,46.419],[8.297,46.416],[8.294,46.417],[8.298,46.424],[8.297,46.432],[8.3,46.437],[8.295,46.444],[8.287,46.446],[8.281,46.451],[8.285,46.451],[8.288,46.455],[8.291,46.452],[8.294,46.456],[8.298,46.455],[8.301,46.451],[8.304,46.455],[8.311,46.452],[8.313,46.453],[8.314,46.46],[8.312,46.462],[8.314,46.464],[8.308,46.471],[8.304,46.473],[8.303,46.476],[8.314,46.477],[8.324,46.486],[8.328,46.486],[8.334,46.483],[8.339,46.487],[8.339,46.491],[8.341,46.491],[8.347,46.489],[8.348,46.486],[8.359,46.48],[8.357,46.478],[8.344,46.475],[8.334,46.47],[8.327,46.472],[8.331,46.469],[8.331,46.466],[8.333,46.464],[8.353,46.471],[8.358,46.471],[8.363,46.466],[8.366,46.468],[8.383,46.472],[8.383,46.475],[8.379,46.479],[8.382,46.486],[8.386,46.488],[8.383,46.49],[8.376,46.489],[8.372,46.493],[8.373,46.496],[8.375,46.497],[8.373,46.502],[8.357,46.504],[8.36,46.51],[8.37,46.514],[8.374,46.513],[8.373,46.515],[8.374,46.516],[8.38,46.514],[8.387,46.514],[8.392,46.511],[8.39,46.509],[8.396,46.51],[8.401,46.506],[8.406,46.505],[8.407,46.506],[8.405,46.508],[8.405,46.511],[8.402,46.515],[8.403,46.516],[8.407,46.515],[8.409,46.509],[8.419,46.509],[8.422,46.507],[8.432,46.511],[8.435,46.51],[8.436,46.513],[8.441,46.515],[8.439,46.515],[8.438,46.517],[8.441,46.519],[8.443,46.524],[8.436,46.521],[8.429,46.521],[8.426,46.524],[8.429,46.528],[8.433,46.526],[8.43,46.528],[8.431,46.531],[8.434,46.533],[8.427,46.54],[8.416,46.539],[8.417,46.535],[8.413,46.533],[8.402,46.535],[8.398,46.538],[8.398,46.54],[8.4,46.543],[8.403,46.544],[8.403,46.547],[8.394,46.55],[8.389,46.549],[8.387,46.546],[8.386,46.547],[8.387,46.552],[8.391,46.553],[8.391,46.556],[8.389,46.558],[8.39,46.56],[8.384,46.562],[8.378,46.559],[8.372,46.56],[8.377,46.563],[8.387,46.564],[8.388,46.567],[8.391,46.569],[8.397,46.569],[8.414,46.563],[8.415,46.567],[8.412,46.569],[8.412,46.574],[8.407,46.577],[8.381,46.581],[8.378,46.583],[8.379,46.585],[8.377,46.587],[8.377,46.59],[8.374,46.59],[8.374,46.587],[8.378,46.585],[8.376,46.583],[8.368,46.583],[8.365,46.578],[8.351,46.572],[8.348,46.569],[8.345,46.569],[8.348,46.576],[8.348,46.581],[8.346,46.585],[8.341,46.588],[8.347,46.592],[8.342,46.594],[8.346,46.599],[8.342,46.601],[8.341,46.606],[8.338,46.608],[8.343,46.612],[8.346,46.611],[8.348,46.612],[8.348,46.617],[8.353,46.622],[8.346,46.626],[8.342,46.633],[8.34,46.633],[8.337,46.637],[8.333,46.639],[8.33,46.635],[8.326,46.637],[8.324,46.642],[8.326,46.646],[8.326,46.651],[8.331,46.655],[8.329,46.66],[8.336,46.664],[8.325,46.671],[8.326,46.673],[8.32,46.676],[8.318,46.677],[8.314,46.675],[8.313,46.678],[8.316,46.682],[8.311,46.686],[8.305,46.685],[8.303,46.687],[8.303,46.691],[8.301,46.694],[8.298,46.696],[8.295,46.693],[8.293,46.698],[8.301,46.7],[8.3,46.703],[8.302,46.704],[8.308,46.702],[8.313,46.703],[8.312,46.698],[8.315,46.696],[8.318,46.698],[8.321,46.695],[8.331,46.692],[8.341,46.693],[8.344,46.695],[8.345,46.689],[8.357,46.677],[8.37,46.679],[8.374,46.682],[8.371,46.686],[8.374,46.689],[8.369,46.693],[8.373,46.695],[8.369,46.7],[8.37,46.703],[8.377,46.704],[8.377,46.707],[8.374,46.708],[8.366,46.704],[8.361,46.711],[8.357,46.71],[8.354,46.714],[8.348,46.716],[8.351,46.718],[8.35,46.72],[8.353,46.723],[8.358,46.726],[8.367,46.725],[8.376,46.727],[8.397,46.727],[8.4,46.725],[8.403,46.727],[8.41,46.728],[8.416,46.724],[8.417,46.727],[8.425,46.729],[8.426,46.725],[8.43,46.725],[8.439,46.717],[8.441,46.72],[8.438,46.731],[8.44,46.733],[8.44,46.736],[8.427,46.739],[8.426,46.742],[8.423,46.744],[8.421,46.742],[8.413,46.741],[8.411,46.745],[8.405,46.747],[8.407,46.75],[8.411,46.749],[8.409,46.754],[8.41,46.755],[8.425,46.762],[8.424,46.767],[8.434,46.769],[8.441,46.774],[8.44,46.776]],[[8.591,46.48],[8.581,46.48],[8.579,46.478],[8.581,46.474],[8.585,46.479],[8.593,46.477],[8.591,46.48]],[[8.509,46.456],[8.5,46.46],[8.497,46.458],[8.499,46.454],[8.506,46.454],[8.509,46.456]],[[8.473,46.436],[8.483,46.439],[8.486,46.438],[8.497,46.442],[8.483,46.442],[8.473,46.437],[8.47,46.439],[8.467,46.438],[8.473,46.436]],[[8.406,46.713],[8.41,46.713],[8.419,46.717],[8.424,46.722],[8.423,46.723],[8.408,46.718],[8.405,46.715],[8.406,46.713]]],[[[8.355,46.758],[8.332,46.751],[8.329,46.752],[8.328,46.754],[8.335,46.76],[8.352,46.763],[8.355,46.765],[8.354,46.768],[8.362,46.769],[8.365,46.772],[8.371,46.771],[8.38,46.774],[8.378,46.776],[8.381,46.777],[8.382,46.779],[8.378,46.783],[8.382,46.783],[8.385,46.788],[8.397,46.785],[8.396,46.781],[8.398,46.778],[8.404,46.782],[8.408,46.782],[8.411,46.784],[8.414,46.783],[8.416,46.785],[8.407,46.792],[8.418,46.795],[8.419,46.789],[8.421,46.788],[8.424,46.79],[8.431,46.789],[8.434,46.791],[8.439,46.789],[8.439,46.783],[8.436,46.778],[8.437,46.776],[8.44,46.776],[8.437,46.772],[8.43,46.77],[8.427,46.772],[8.421,46.772],[8.419,46.769],[8.414,46.768],[8.412,46.769],[8.413,46.772],[8.411,46.773],[8.401,46.768],[8.384,46.763],[8.375,46.762],[8.368,46.759],[8.355,46.758]]],[[[8.378,46.783],[8.372,46.782],[8.367,46.783],[8.369,46.785],[8.365,46.786],[8.346,46.786],[8.345,46.788],[8.355,46.794],[8.352,46.795],[8.346,46.795],[8.34,46.792],[8.336,46.793],[8.333,46.791],[8.328,46.792],[8.33,46.795],[8.326,46.8],[8.323,46.801],[8.323,46.804],[8.333,46.805],[8.335,46.81],[8.339,46.812],[8.342,46.81],[8.338,46.804],[8.339,46.803],[8.343,46.805],[8.356,46.797],[8.378,46.788],[8.378,46.783]]],[[[8.63,46.455],[8.628,46.457],[8.63,46.457],[8.63,46.455]]],[[[8.448,46.49],[8.447,46.492],[8.448,46.493],[8.448,46.49]]],[[[8.473,46.755],[8.469,46.755],[8.469,46.757],[8.473,46.755]]],[[[8.543,46.833],[8.536,46.833],[8.536,46.836],[8.55,46.838],[8.553,46.835],[8.549,46.831],[8.546,46.833],[8.543,46.833]]],[[[8.592,46.499],[8.588,46.496],[8.582,46.496],[8.579,46.498],[8.58,46.5],[8.578,46.502],[8.592,46.505],[8.605,46.502],[8.601,46.502],[8.595,46.498],[8.592,46.499]]],[[[8.586,46.774],[8.581,46.772],[8.578,46.774],[8.574,46.774],[8.573,46.777],[8.577,46.781],[8.576,46.784],[8.578,46.785],[8.58,46.783],[8.581,46.781],[8.579,46.779],[8.581,46.778],[8.588,46.78],[8.589,46.779],[8.586,46.774]]],[[[8.482,46.82],[8.477,46.819],[8.47,46.823],[8.478,46.827],[8.479,46.829],[8.465,46.834],[8.451,46.836],[8.458,46.838],[8.461,46.837],[8.471,46.845],[8.465,46.847],[8.455,46.846],[8.451,46.847],[8.45,46.85],[8.461,46.854],[8.473,46.854],[8.465,46.858],[8.442,46.856],[8.437,46.859],[8.438,46.864],[8.448,46.862],[8.457,46.863],[8.456,46.866],[8.458,46.868],[8.465,46.871],[8.468,46.874],[8.472,46.872],[8.475,46.875],[8.482,46.875],[8.485,46.872],[8.491,46.87],[8.494,46.872],[8.498,46.871],[8.499,46.87],[8.496,46.867],[8.497,46.861],[8.501,46.86],[8.504,46.862],[8.507,46.859],[8.517,46.857],[8.519,46.858],[8.515,46.861],[8.521,46.862],[8.523,46.86],[8.527,46.86],[8.534,46.857],[8.536,46.858],[8.531,46.863],[8.537,46.869],[8.54,46.87],[8.544,46.87],[8.547,46.867],[8.554,46.868],[8.556,46.867],[8.556,46.862],[8.552,46.856],[8.555,46.853],[8.55,46.849],[8.54,46.843],[8.533,46.842],[8.527,46.843],[8.517,46.848],[8.507,46.847],[8.501,46.841],[8.496,46.841],[8.49,46.838],[8.482,46.829],[8.485,46.823],[8.482,46.82]]],[[[8.478,46.377],[8.472,46.372],[8.469,46.375],[8.471,46.38],[8.467,46.38],[8.467,46.375],[8.465,46.373],[8.465,46.38],[8.461,46.384],[8.462,46.388],[8.475,46.386],[8.475,46.389],[8.479,46.39],[8.479,46.387],[8.476,46.386],[8.484,46.386],[8.484,46.384],[8.479,46.384],[8.476,46.382],[8.475,46.38],[8.478,46.377]]],[[[8.464,46.346],[8.468,46.353],[8.475,46.351],[8.478,46.347],[8.48,46.348],[8.481,46.351],[8.483,46.346],[8.472,46.341],[8.467,46.341],[8.464,46.346]]],[[[8.471,46.355],[8.465,46.353],[8.463,46.355],[8.468,46.362],[8.468,46.366],[8.478,46.367],[8.479,46.366],[8.471,46.364],[8.471,46.355]]],[[[8.437,46.857],[8.429,46.854],[8.419,46.858],[8.419,46.861],[8.422,46.862],[8.425,46.86],[8.432,46.86],[8.435,46.857],[8.437,46.857]]],[[[7.194,46.303],[7.192,46.301],[7.189,46.301],[7.182,46.304],[7.163,46.303],[7.149,46.308],[7.153,46.308],[7.159,46.312],[7.158,46.314],[7.16,46.316],[7.18,46.314],[7.189,46.322],[7.2,46.328],[7.192,46.335],[7.186,46.335],[7.187,46.337],[7.195,46.337],[7.202,46.34],[7.212,46.341],[7.214,46.346],[7.218,46.346],[7.228,46.351],[7.231,46.35],[7.234,46.346],[7.235,46.341],[7.239,46.339],[7.247,46.34],[7.254,46.338],[7.255,46.341],[7.259,46.344],[7.258,46.348],[7.261,46.35],[7.26,46.355],[7.273,46.363],[7.276,46.361],[7.28,46.362],[7.287,46.36],[7.286,46.358],[7.276,46.356],[7.273,46.353],[7.271,46.353],[7.273,46.352],[7.276,46.353],[7.289,46.349],[7.297,46.355],[7.3,46.353],[7.302,46.349],[7.309,46.347],[7.309,46.349],[7.304,46.355],[7.307,46.357],[7.306,46.36],[7.312,46.36],[7.319,46.364],[7.315,46.366],[7.32,46.369],[7.318,46.371],[7.329,46.373],[7.33,46.371],[7.325,46.369],[7.323,46.366],[7.326,46.364],[7.325,46.362],[7.335,46.361],[7.338,46.364],[7.342,46.362],[7.351,46.368],[7.353,46.371],[7.35,46.375],[7.35,46.378],[7.361,46.377],[7.369,46.384],[7.368,46.387],[7.37,46.39],[7.374,46.39],[7.38,46.393],[7.39,46.393],[7.394,46.391],[7.39,46.387],[7.387,46.387],[7.385,46.384],[7.376,46.382],[7.377,46.381],[7.393,46.383],[7.395,46.384],[7.396,46.387],[7.406,46.384],[7.414,46.384],[7.422,46.385],[7.439,46.391],[7.445,46.388],[7.446,46.389],[7.444,46.391],[7.445,46.393],[7.453,46.393],[7.458,46.397],[7.462,46.398],[7.465,46.403],[7.471,46.406],[7.478,46.404],[7.481,46.406],[7.483,46.402],[7.489,46.402],[7.503,46.409],[7.507,46.414],[7.512,46.416],[7.511,46.42],[7.513,46.422],[7.526,46.422],[7.527,46.423],[7.526,46.425],[7.53,46.425],[7.532,46.427],[7.532,46.432],[7.539,46.429],[7.543,46.433],[7.549,46.431],[7.552,46.432],[7.556,46.431],[7.58,46.441],[7.586,46.44],[7.583,46.443],[7.584,46.445],[7.58,46.447],[7.585,46.449],[7.592,46.455],[7.596,46.454],[7.594,46.452],[7.595,46.451],[7.598,46.453],[7.601,46.449],[7.596,46.443],[7.598,46.441],[7.601,46.445],[7.608,46.441],[7.621,46.447],[7.622,46.445],[7.614,46.434],[7.611,46.438],[7.608,46.436],[7.612,46.434],[7.61,46.431],[7.611,46.429],[7.601,46.423],[7.601,46.421],[7.604,46.424],[7.608,46.422],[7.607,46.42],[7.616,46.425],[7.621,46.425],[7.621,46.427],[7.624,46.429],[7.636,46.431],[7.64,46.434],[7.644,46.433],[7.649,46.427],[7.653,46.427],[7.657,46.43],[7.66,46.43],[7.663,46.427],[7.666,46.429],[7.665,46.431],[7.652,46.44],[7.653,46.442],[7.663,46.44],[7.666,46.443],[7.67,46.442],[7.665,46.447],[7.665,46.449],[7.666,46.451],[7.673,46.446],[7.674,46.447],[7.671,46.449],[7.672,46.452],[7.676,46.45],[7.677,46.445],[7.681,46.443],[7.679,46.438],[7.683,46.439],[7.686,46.444],[7.695,46.443],[7.692,46.441],[7.694,46.44],[7.696,46.442],[7.699,46.441],[7.702,46.445],[7.704,46.443],[7.704,46.438],[7.7,46.431],[7.704,46.427],[7.703,46.425],[7.705,46.421],[7.707,46.431],[7.709,46.433],[7.713,46.431],[7.725,46.431],[7.725,46.433],[7.728,46.435],[7.734,46.433],[7.735,46.435],[7.738,46.434],[7.739,46.436],[7.748,46.435],[7.751,46.437],[7.747,46.44],[7.751,46.441],[7.758,46.438],[7.756,46.44],[7.757,46.443],[7.766,46.447],[7.763,46.449],[7.763,46.451],[7.774,46.451],[7.77,46.454],[7.776,46.456],[7.778,46.46],[7.773,46.46],[7.771,46.467],[7.765,46.469],[7.784,46.487],[7.788,46.487],[7.791,46.49],[7.769,46.481],[7.761,46.475],[7.757,46.474],[7.754,46.475],[7.748,46.47],[7.745,46.472],[7.738,46.47],[7.728,46.462],[7.726,46.465],[7.728,46.467],[7.725,46.47],[7.722,46.471],[7.712,46.469],[7.709,46.47],[7.708,46.472],[7.702,46.473],[7.697,46.476],[7.699,46.478],[7.707,46.476],[7.706,46.481],[7.711,46.485],[7.719,46.485],[7.722,46.488],[7.732,46.488],[7.738,46.484],[7.741,46.487],[7.747,46.487],[7.748,46.489],[7.749,46.487],[7.753,46.487],[7.754,46.49],[7.751,46.492],[7.755,46.494],[7.755,46.498],[7.748,46.5],[7.744,46.503],[7.755,46.504],[7.765,46.512],[7.761,46.515],[7.754,46.517],[7.745,46.516],[7.742,46.517],[7.736,46.521],[7.738,46.525],[7.748,46.526],[7.755,46.53],[7.758,46.529],[7.764,46.52],[7.768,46.524],[7.771,46.524],[7.772,46.521],[7.774,46.52],[7.783,46.519],[7.785,46.517],[7.783,46.514],[7.783,46.51],[7.78,46.508],[7.781,46.506],[7.784,46.506],[7.79,46.512],[7.797,46.512],[7.8,46.514],[7.803,46.513],[7.813,46.517],[7.817,46.517],[7.823,46.514],[7.825,46.51],[7.824,46.507],[7.819,46.503],[7.82,46.501],[7.83,46.507],[7.83,46.51],[7.833,46.511],[7.836,46.511],[7.839,46.507],[7.852,46.508],[7.854,46.51],[7.858,46.51],[7.856,46.507],[7.862,46.501],[7.865,46.504],[7.868,46.503],[7.869,46.501],[7.875,46.502],[7.878,46.5],[7.901,46.502],[7.906,46.505],[7.903,46.507],[7.904,46.508],[7.918,46.507],[7.917,46.51],[7.918,46.512],[7.924,46.512],[7.928,46.514],[7.928,46.518],[7.924,46.521],[7.929,46.523],[7.934,46.53],[7.937,46.528],[7.943,46.529],[7.94,46.531],[7.94,46.534],[7.944,46.535],[7.945,46.538],[7.936,46.545],[7.936,46.547],[7.933,46.55],[7.934,46.554],[7.944,46.553],[7.946,46.559],[7.957,46.557],[7.964,46.558],[7.967,46.565],[7.973,46.568],[7.973,46.57],[7.98,46.571],[7.983,46.573],[7.987,46.572],[7.987,46.574],[7.99,46.576],[7.985,46.576],[7.984,46.579],[8.003,46.582],[8.005,46.583],[8.006,46.586],[8.016,46.587],[8.022,46.592],[8.026,46.592],[8.029,46.594],[8.031,46.592],[8.028,46.587],[8.03,46.587],[8.034,46.592],[8.039,46.594],[8.041,46.592],[8.038,46.59],[8.041,46.587],[8.042,46.582],[8.049,46.582],[8.052,46.584],[8.055,46.58],[8.065,46.579],[8.075,46.584],[8.084,46.584],[8.088,46.582],[8.085,46.585],[8.091,46.588],[8.095,46.587],[8.095,46.594],[8.091,46.595],[8.086,46.601],[8.088,46.603],[8.081,46.603],[8.081,46.605],[8.072,46.613],[8.065,46.614],[8.072,46.616],[8.075,46.621],[8.078,46.622],[8.083,46.619],[8.081,46.614],[8.085,46.618],[8.098,46.615],[8.108,46.617],[8.11,46.619],[8.106,46.628],[8.101,46.629],[8.097,46.632],[8.102,46.639],[8.099,46.641],[8.105,46.643],[8.104,46.646],[8.105,46.647],[8.111,46.65],[8.115,46.65],[8.118,46.653],[8.134,46.654],[8.137,46.652],[8.141,46.653],[8.142,46.654],[8.138,46.654],[8.135,46.657],[8.137,46.659],[8.134,46.66],[8.138,46.663],[8.141,46.662],[8.144,46.664],[8.145,46.659],[8.147,46.658],[8.151,46.659],[8.154,46.662],[8.164,46.662],[8.173,46.654],[8.18,46.651],[8.18,46.647],[8.186,46.645],[8.186,46.641],[8.195,46.636],[8.192,46.634],[8.217,46.634],[8.212,46.632],[8.212,46.629],[8.208,46.627],[8.206,46.623],[8.202,46.623],[8.199,46.626],[8.199,46.624],[8.202,46.622],[8.209,46.622],[8.212,46.62],[8.199,46.619],[8.194,46.616],[8.202,46.608],[8.205,46.607],[8.226,46.613],[8.221,46.616],[8.228,46.617],[8.232,46.614],[8.235,46.623],[8.238,46.624],[8.245,46.622],[8.248,46.625],[8.261,46.625],[8.264,46.627],[8.264,46.629],[8.268,46.63],[8.271,46.621],[8.268,46.622],[8.265,46.62],[8.271,46.615],[8.268,46.611],[8.264,46.611],[8.262,46.615],[8.257,46.618],[8.259,46.613],[8.246,46.606],[8.246,46.604],[8.248,46.603],[8.251,46.605],[8.264,46.605],[8.266,46.604],[8.267,46.599],[8.269,46.599],[8.268,46.602],[8.271,46.603],[8.274,46.602],[8.28,46.595],[8.274,46.594],[8.261,46.597],[8.258,46.595],[8.262,46.588],[8.267,46.588],[8.274,46.585],[8.277,46.586],[8.283,46.583],[8.287,46.585],[8.301,46.581],[8.287,46.579],[8.289,46.577],[8.287,46.576],[8.278,46.577],[8.283,46.579],[8.28,46.581],[8.277,46.579],[8.267,46.58],[8.261,46.578],[8.258,46.582],[8.254,46.58],[8.251,46.581],[8.247,46.578],[8.241,46.581],[8.235,46.579],[8.228,46.579],[8.225,46.581],[8.222,46.577],[8.217,46.577],[8.214,46.58],[8.208,46.581],[8.189,46.58],[8.172,46.589],[8.175,46.587],[8.175,46.584],[8.179,46.582],[8.185,46.575],[8.199,46.575],[8.206,46.573],[8.215,46.569],[8.218,46.566],[8.226,46.564],[8.224,46.562],[8.23,46.559],[8.231,46.562],[8.234,46.562],[8.237,46.56],[8.257,46.561],[8.259,46.559],[8.254,46.555],[8.249,46.555],[8.249,46.552],[8.244,46.551],[8.241,46.548],[8.223,46.544],[8.213,46.539],[8.237,46.541],[8.25,46.539],[8.27,46.543],[8.28,46.547],[8.28,46.555],[8.299,46.562],[8.308,46.563],[8.313,46.565],[8.314,46.568],[8.329,46.566],[8.339,46.57],[8.344,46.567],[8.342,46.563],[8.346,46.556],[8.345,46.553],[8.338,46.552],[8.322,46.554],[8.316,46.553],[8.309,46.547],[8.309,46.545],[8.312,46.543],[8.31,46.541],[8.302,46.544],[8.299,46.543],[8.296,46.539],[8.294,46.541],[8.295,46.543],[8.293,46.544],[8.291,46.543],[8.291,46.541],[8.295,46.539],[8.295,46.532],[8.283,46.535],[8.279,46.532],[8.279,46.53],[8.27,46.527],[8.266,46.528],[8.266,46.525],[8.256,46.524],[8.247,46.521],[8.24,46.526],[8.237,46.525],[8.233,46.526],[8.23,46.524],[8.227,46.525],[8.227,46.523],[8.223,46.521],[8.223,46.519],[8.228,46.51],[8.228,46.505],[8.234,46.503],[8.231,46.501],[8.23,46.498],[8.22,46.499],[8.207,46.504],[8.204,46.503],[8.2,46.497],[8.2,46.494],[8.203,46.492],[8.204,46.485],[8.199,46.485],[8.188,46.494],[8.188,46.496],[8.184,46.491],[8.178,46.491],[8.175,46.493],[8.174,46.49],[8.178,46.483],[8.174,46.478],[8.181,46.478],[8.185,46.476],[8.179,46.472],[8.18,46.47],[8.177,46.467],[8.165,46.465],[8.161,46.459],[8.154,46.461],[8.157,46.465],[8.153,46.468],[8.153,46.472],[8.157,46.474],[8.156,46.479],[8.159,46.486],[8.156,46.495],[8.158,46.497],[8.155,46.5],[8.151,46.499],[8.152,46.491],[8.149,46.483],[8.147,46.483],[8.147,46.486],[8.142,46.49],[8.135,46.486],[8.135,46.483],[8.132,46.481],[8.126,46.479],[8.119,46.48],[8.114,46.477],[8.113,46.472],[8.109,46.472],[8.113,46.468],[8.112,46.465],[8.119,46.459],[8.113,46.457],[8.113,46.454],[8.109,46.456],[8.109,46.45],[8.106,46.449],[8.099,46.45],[8.097,46.454],[8.1,46.457],[8.096,46.459],[8.096,46.462],[8.093,46.463],[8.093,46.468],[8.089,46.468],[8.086,46.47],[8.088,46.477],[8.084,46.479],[8.083,46.482],[8.08,46.482],[8.078,46.484],[8.08,46.486],[8.064,46.492],[8.064,46.488],[8.074,46.482],[8.075,46.477],[8.081,46.473],[8.081,46.466],[8.084,46.461],[8.084,46.452],[8.08,46.448],[8.073,46.447],[8.065,46.461],[8.064,46.466],[8.059,46.473],[8.054,46.475],[8.056,46.473],[8.055,46.47],[8.063,46.464],[8.06,46.462],[8.057,46.465],[8.054,46.464],[8.057,46.463],[8.059,46.459],[8.055,46.457],[8.054,46.453],[8.047,46.454],[8.041,46.46],[8.037,46.459],[8.031,46.462],[8.035,46.464],[8.031,46.464],[8.03,46.459],[8.041,46.451],[8.042,46.448],[8.04,46.446],[8.042,46.443],[8.049,46.441],[8.048,46.439],[8.044,46.437],[8.04,46.438],[8.037,46.435],[8.037,46.432],[8.039,46.43],[8.038,46.428],[8.034,46.425],[8.03,46.426],[8.031,46.423],[8.028,46.421],[8.018,46.422],[8.008,46.418],[8.004,46.421],[8.0,46.421],[8.001,46.423],[7.998,46.424],[7.988,46.423],[7.987,46.426],[7.982,46.428],[7.972,46.427],[7.971,46.426],[7.972,46.423],[7.985,46.417],[7.982,46.415],[7.976,46.415],[7.986,46.406],[7.984,46.403],[7.986,46.399],[7.985,46.395],[7.981,46.395],[7.978,46.393],[7.955,46.395],[7.951,46.39],[7.942,46.388],[7.933,46.395],[7.933,46.397],[7.926,46.394],[7.92,46.398],[7.916,46.397],[7.91,46.404],[7.912,46.401],[7.909,46.399],[7.91,46.397],[7.907,46.388],[7.9,46.39],[7.895,46.388],[7.894,46.381],[7.892,46.381],[7.893,46.383],[7.886,46.39],[7.887,46.392],[7.89,46.391],[7.893,46.395],[7.891,46.399],[7.887,46.399],[7.879,46.395],[7.881,46.391],[7.886,46.388],[7.884,46.385],[7.873,46.384],[7.867,46.379],[7.867,46.377],[7.864,46.376],[7.858,46.382],[7.857,46.379],[7.859,46.377],[7.855,46.372],[7.851,46.371],[7.845,46.376],[7.835,46.379],[7.822,46.37],[7.817,46.372],[7.817,46.375],[7.815,46.377],[7.814,46.37],[7.816,46.369],[7.817,46.366],[7.812,46.362],[7.802,46.365],[7.799,46.364],[7.799,46.368],[7.796,46.372],[7.793,46.369],[7.781,46.375],[7.78,46.377],[7.786,46.379],[7.79,46.378],[7.796,46.381],[7.797,46.382],[7.793,46.382],[7.793,46.38],[7.788,46.382],[7.796,46.386],[7.795,46.388],[7.796,46.389],[7.807,46.388],[7.809,46.39],[7.814,46.39],[7.812,46.393],[7.815,46.395],[7.814,46.399],[7.821,46.399],[7.828,46.402],[7.827,46.404],[7.829,46.406],[7.834,46.406],[7.836,46.408],[7.833,46.413],[7.848,46.414],[7.849,46.415],[7.848,46.42],[7.871,46.423],[7.875,46.426],[7.872,46.429],[7.878,46.43],[7.881,46.433],[7.884,46.431],[7.882,46.433],[7.884,46.434],[7.888,46.433],[7.894,46.435],[7.897,46.44],[7.907,46.444],[7.906,46.446],[7.907,46.447],[7.916,46.451],[7.914,46.453],[7.918,46.458],[7.91,46.456],[7.907,46.457],[7.909,46.46],[7.908,46.462],[7.904,46.463],[7.899,46.467],[7.898,46.472],[7.894,46.472],[7.891,46.471],[7.889,46.464],[7.886,46.462],[7.89,46.46],[7.888,46.458],[7.881,46.459],[7.878,46.462],[7.878,46.46],[7.875,46.458],[7.871,46.459],[7.871,46.462],[7.862,46.464],[7.856,46.456],[7.856,46.453],[7.849,46.449],[7.84,46.456],[7.837,46.456],[7.836,46.454],[7.834,46.456],[7.831,46.456],[7.831,46.453],[7.823,46.451],[7.826,46.451],[7.829,46.447],[7.823,46.442],[7.813,46.448],[7.805,46.447],[7.801,46.442],[7.804,46.436],[7.803,46.434],[7.79,46.434],[7.787,46.436],[7.787,46.431],[7.783,46.428],[7.773,46.429],[7.768,46.424],[7.757,46.421],[7.755,46.422],[7.754,46.425],[7.744,46.42],[7.747,46.418],[7.744,46.415],[7.741,46.417],[7.728,46.414],[7.717,46.407],[7.719,46.404],[7.732,46.402],[7.724,46.4],[7.721,46.398],[7.72,46.395],[7.723,46.389],[7.728,46.386],[7.718,46.381],[7.717,46.377],[7.714,46.375],[7.712,46.371],[7.708,46.37],[7.705,46.367],[7.699,46.366],[7.696,46.368],[7.697,46.371],[7.694,46.373],[7.694,46.375],[7.697,46.377],[7.695,46.378],[7.689,46.376],[7.688,46.377],[7.69,46.382],[7.689,46.384],[7.686,46.381],[7.679,46.38],[7.673,46.377],[7.67,46.375],[7.669,46.372],[7.666,46.375],[7.653,46.377],[7.66,46.381],[7.663,46.38],[7.673,46.384],[7.676,46.391],[7.679,46.393],[7.672,46.398],[7.681,46.404],[7.682,46.407],[7.687,46.411],[7.681,46.413],[7.684,46.416],[7.683,46.417],[7.679,46.417],[7.668,46.413],[7.656,46.413],[7.643,46.407],[7.637,46.408],[7.633,46.404],[7.617,46.402],[7.609,46.398],[7.606,46.395],[7.604,46.389],[7.6,46.387],[7.598,46.384],[7.599,46.382],[7.595,46.381],[7.591,46.375],[7.585,46.371],[7.584,46.366],[7.587,46.364],[7.589,46.36],[7.588,46.356],[7.583,46.36],[7.578,46.36],[7.575,46.357],[7.568,46.357],[7.567,46.36],[7.564,46.36],[7.562,46.358],[7.552,46.359],[7.547,46.362],[7.551,46.364],[7.536,46.366],[7.537,46.369],[7.531,46.369],[7.521,46.36],[7.52,46.357],[7.517,46.359],[7.513,46.356],[7.507,46.359],[7.497,46.357],[7.494,46.354],[7.491,46.356],[7.487,46.354],[7.481,46.357],[7.481,46.36],[7.455,46.358],[7.448,46.361],[7.442,46.361],[7.432,46.366],[7.416,46.367],[7.413,46.365],[7.406,46.365],[7.402,46.36],[7.412,46.351],[7.41,46.348],[7.406,46.348],[7.395,46.337],[7.409,46.333],[7.401,46.33],[7.396,46.331],[7.397,46.328],[7.393,46.327],[7.39,46.329],[7.377,46.327],[7.375,46.328],[7.377,46.331],[7.374,46.329],[7.37,46.331],[7.369,46.328],[7.37,46.326],[7.373,46.326],[7.372,46.324],[7.367,46.322],[7.36,46.324],[7.357,46.321],[7.355,46.324],[7.351,46.324],[7.348,46.327],[7.345,46.324],[7.335,46.326],[7.333,46.328],[7.328,46.328],[7.322,46.324],[7.309,46.327],[7.306,46.33],[7.296,46.332],[7.294,46.33],[7.298,46.326],[7.293,46.324],[7.286,46.317],[7.284,46.317],[7.284,46.315],[7.281,46.312],[7.282,46.31],[7.273,46.305],[7.267,46.307],[7.263,46.305],[7.247,46.309],[7.231,46.308],[7.211,46.314],[7.206,46.31],[7.207,46.308],[7.202,46.303],[7.194,46.303]],[[8.161,46.557],[8.176,46.564],[8.178,46.569],[8.174,46.571],[8.171,46.564],[8.166,46.563],[8.162,46.559],[8.161,46.557]],[[7.956,46.425],[7.964,46.43],[7.972,46.439],[7.954,46.428],[7.954,46.426],[7.956,46.425]],[[7.604,46.402],[7.614,46.409],[7.62,46.409],[7.625,46.418],[7.621,46.42],[7.614,46.419],[7.613,46.418],[7.616,46.416],[7.607,46.409],[7.604,46.405],[7.604,46.402]],[[7.577,46.402],[7.595,46.408],[7.598,46.411],[7.595,46.412],[7.582,46.405],[7.579,46.405],[7.577,46.402]],[[7.254,46.33],[7.263,46.336],[7.267,46.334],[7.27,46.335],[7.267,46.337],[7.26,46.338],[7.25,46.33],[7.254,46.33]]],[[[8.084,46.209],[8.081,46.209],[8.08,46.211],[8.08,46.216],[8.082,46.218],[8.08,46.219],[8.077,46.22],[8.067,46.216],[8.064,46.218],[8.064,46.228],[8.07,46.225],[8.074,46.225],[8.071,46.227],[8.074,46.23],[8.067,46.237],[8.064,46.238],[8.06,46.236],[8.058,46.238],[8.054,46.233],[8.048,46.236],[8.041,46.237],[8.037,46.241],[8.048,46.243],[8.049,46.241],[8.053,46.241],[8.054,46.243],[8.056,46.243],[8.053,46.248],[8.064,46.252],[8.068,46.256],[8.069,46.259],[8.063,46.261],[8.065,46.263],[8.065,46.266],[8.063,46.268],[8.065,46.27],[8.072,46.268],[8.074,46.27],[8.071,46.278],[8.075,46.279],[8.074,46.282],[8.078,46.282],[8.078,46.284],[8.081,46.286],[8.087,46.282],[8.094,46.283],[8.097,46.286],[8.097,46.295],[8.095,46.299],[8.097,46.302],[8.107,46.307],[8.11,46.311],[8.116,46.313],[8.107,46.315],[8.094,46.311],[8.088,46.307],[8.079,46.308],[8.09,46.317],[8.09,46.32],[8.086,46.322],[8.091,46.328],[8.096,46.328],[8.104,46.335],[8.113,46.333],[8.111,46.33],[8.107,46.328],[8.107,46.326],[8.124,46.327],[8.133,46.331],[8.14,46.331],[8.149,46.337],[8.153,46.338],[8.156,46.337],[8.153,46.333],[8.145,46.328],[8.138,46.319],[8.141,46.319],[8.159,46.328],[8.161,46.326],[8.158,46.324],[8.16,46.319],[8.156,46.315],[8.155,46.31],[8.159,46.31],[8.166,46.322],[8.168,46.317],[8.172,46.315],[8.173,46.317],[8.17,46.319],[8.175,46.32],[8.179,46.323],[8.188,46.32],[8.201,46.323],[8.205,46.328],[8.199,46.335],[8.199,46.337],[8.201,46.339],[8.211,46.339],[8.216,46.346],[8.2,46.348],[8.206,46.355],[8.212,46.356],[8.213,46.352],[8.218,46.349],[8.239,46.352],[8.24,46.355],[8.233,46.357],[8.234,46.366],[8.248,46.371],[8.251,46.369],[8.262,46.372],[8.263,46.375],[8.267,46.378],[8.277,46.382],[8.284,46.383],[8.287,46.386],[8.294,46.388],[8.287,46.391],[8.284,46.389],[8.277,46.388],[8.269,46.39],[8.27,46.393],[8.277,46.396],[8.287,46.397],[8.288,46.399],[8.281,46.402],[8.271,46.4],[8.268,46.403],[8.264,46.399],[8.259,46.397],[8.256,46.393],[8.261,46.392],[8.263,46.39],[8.263,46.388],[8.261,46.387],[8.251,46.391],[8.242,46.388],[8.235,46.39],[8.248,46.397],[8.252,46.397],[8.251,46.4],[8.244,46.4],[8.229,46.396],[8.226,46.397],[8.226,46.4],[8.228,46.402],[8.232,46.401],[8.235,46.403],[8.234,46.406],[8.242,46.411],[8.244,46.415],[8.248,46.418],[8.253,46.417],[8.252,46.42],[8.241,46.42],[8.237,46.422],[8.235,46.427],[8.236,46.429],[8.243,46.429],[8.245,46.427],[8.255,46.43],[8.261,46.426],[8.268,46.427],[8.271,46.425],[8.278,46.425],[8.284,46.421],[8.291,46.419],[8.294,46.416],[8.296,46.413],[8.292,46.408],[8.303,46.407],[8.311,46.404],[8.311,46.399],[8.315,46.397],[8.315,46.385],[8.313,46.38],[8.306,46.376],[8.303,46.376],[8.296,46.371],[8.293,46.371],[8.283,46.364],[8.274,46.367],[8.265,46.366],[8.259,46.361],[8.259,46.354],[8.262,46.352],[8.262,46.348],[8.26,46.346],[8.257,46.347],[8.251,46.346],[8.244,46.34],[8.231,46.34],[8.226,46.337],[8.226,46.334],[8.219,46.33],[8.219,46.325],[8.216,46.323],[8.215,46.319],[8.21,46.314],[8.212,46.31],[8.211,46.309],[8.178,46.298],[8.165,46.296],[8.159,46.298],[8.152,46.297],[8.149,46.3],[8.136,46.302],[8.122,46.295],[8.122,46.292],[8.112,46.283],[8.078,46.263],[8.078,46.261],[8.087,46.256],[8.097,46.256],[8.103,46.251],[8.109,46.25],[8.109,46.247],[8.112,46.245],[8.112,46.241],[8.114,46.238],[8.124,46.232],[8.122,46.229],[8.115,46.227],[8.113,46.225],[8.109,46.225],[8.109,46.23],[8.1,46.226],[8.09,46.227],[8.085,46.225],[8.084,46.218],[8.086,46.214],[8.089,46.212],[8.084,46.209]]],[[[8.287,46.601],[8.29,46.599],[8.293,46.601],[8.3,46.598],[8.303,46.599],[8.306,46.597],[8.303,46.595],[8.298,46.595],[8.299,46.593],[8.297,46.592],[8.288,46.595],[8.287,46.597],[8.284,46.596],[8.282,46.597],[8.287,46.601]]],[[[8.29,46.599],[8.288,46.602],[8.292,46.602],[8.29,46.599]]],[[[8.285,46.757],[8.279,46.757],[8.289,46.764],[8.289,46.768],[8.303,46.768],[8.296,46.765],[8.293,46.761],[8.285,46.757]]],[[[8.303,46.768],[8.301,46.77],[8.304,46.77],[8.303,46.768]]],[[[8.261,46.636],[8.258,46.631],[8.255,46.633],[8.255,46.636],[8.248,46.643],[8.252,46.643],[8.258,46.64],[8.263,46.645],[8.265,46.645],[8.273,46.64],[8.261,46.636]]],[[[8.264,46.764],[8.26,46.762],[8.254,46.763],[8.247,46.767],[8.239,46.768],[8.241,46.77],[8.244,46.77],[8.257,46.768],[8.26,46.766],[8.263,46.767],[8.264,46.764]]],[[[8.131,46.137],[8.125,46.139],[8.127,46.144],[8.126,46.146],[8.128,46.148],[8.138,46.144],[8.141,46.146],[8.134,46.149],[8.133,46.151],[8.138,46.152],[8.144,46.149],[8.151,46.15],[8.15,46.146],[8.141,46.139],[8.134,46.139],[8.131,46.137]]],[[[8.083,46.326],[8.075,46.326],[8.076,46.329],[8.079,46.331],[8.077,46.333],[8.078,46.335],[8.091,46.334],[8.092,46.338],[8.095,46.34],[8.092,46.342],[8.093,46.344],[8.095,46.345],[8.098,46.343],[8.101,46.346],[8.101,46.348],[8.111,46.343],[8.114,46.345],[8.118,46.344],[8.124,46.349],[8.128,46.349],[8.129,46.346],[8.127,46.344],[8.107,46.336],[8.1,46.335],[8.083,46.326]]],[[[7.221,45.889],[7.211,45.887],[7.21,45.892],[7.204,45.896],[7.216,45.896],[7.22,45.897],[7.223,45.9],[7.223,45.903],[7.221,45.905],[7.222,45.907],[7.219,45.91],[7.223,45.914],[7.221,45.919],[7.223,45.921],[7.223,45.926],[7.227,45.925],[7.229,45.927],[7.237,45.928],[7.238,45.925],[7.252,45.924],[7.261,45.921],[7.265,45.917],[7.268,45.919],[7.263,45.923],[7.267,45.928],[7.271,45.929],[7.274,45.926],[7.278,45.928],[7.272,45.93],[7.271,45.933],[7.268,45.934],[7.271,45.937],[7.268,45.935],[7.258,45.936],[7.255,45.942],[7.265,45.944],[7.271,45.941],[7.271,45.943],[7.261,45.951],[7.248,45.949],[7.244,45.952],[7.245,45.956],[7.25,45.955],[7.249,45.952],[7.253,45.952],[7.254,45.955],[7.25,45.957],[7.252,45.961],[7.255,45.961],[7.257399999999999,45.9594],[7.255,45.963],[7.248,45.961],[7.245,45.963],[7.245,45.966],[7.249,45.968],[7.248,45.973],[7.245,45.975],[7.248,45.98],[7.255,45.98],[7.258,45.978],[7.26,45.979],[7.26,45.982],[7.255,45.987],[7.245,45.99],[7.244,45.993],[7.239,45.995],[7.235,45.999],[7.233,46.009],[7.224,46.011],[7.228,46.015],[7.229,46.019],[7.232,46.017],[7.239,46.017],[7.238,46.025],[7.248,46.026],[7.25,46.024],[7.246,46.02],[7.25,46.018],[7.251,46.015],[7.255,46.015],[7.256,46.013],[7.255,46.009],[7.251,46.009],[7.251,46.007],[7.255,46.006],[7.258,46.008],[7.261,46.007],[7.268,46.008],[7.277,46.0],[7.277,45.994],[7.281,45.996],[7.287,45.992],[7.291,45.993],[7.287,45.997],[7.287,46.0],[7.29,46.002],[7.31,45.989],[7.316,45.977],[7.317,45.98],[7.314,45.984],[7.314,45.993],[7.316,45.995],[7.319,45.99],[7.322,45.991],[7.321,45.993],[7.325,45.998],[7.334,45.995],[7.329,45.986],[7.325,45.984],[7.329,45.982],[7.336,45.982],[7.337,45.98],[7.335,45.977],[7.332,45.981],[7.331,45.98],[7.332,45.977],[7.335,45.975],[7.339,45.975],[7.34,45.962],[7.339,45.96],[7.331,45.959],[7.354,45.944],[7.354,45.941],[7.35,45.939],[7.352,45.937],[7.346,45.937],[7.345,45.941],[7.345,45.939],[7.341,45.937],[7.346,45.935],[7.344,45.932],[7.348,45.931],[7.352,45.932],[7.355,45.93],[7.361,45.933],[7.365,45.933],[7.38,45.926],[7.38,45.923],[7.384,45.925],[7.387,45.921],[7.389,45.923],[7.388,45.926],[7.397,45.925],[7.409,45.935],[7.423,45.941],[7.432,45.947],[7.438,45.953],[7.435,45.954],[7.432,45.951],[7.419,45.948],[7.413,45.945],[7.405,45.946],[7.405,45.941],[7.403,45.94],[7.4,45.95],[7.395,45.948],[7.398,45.946],[7.397,45.944],[7.39,45.947],[7.382,45.948],[7.387,45.953],[7.39,45.959],[7.394,45.962],[7.382,45.966],[7.377,45.966],[7.369,45.975],[7.371,45.977],[7.376,45.977],[7.376,45.98],[7.374,45.981],[7.376,45.984],[7.374,45.989],[7.375,45.993],[7.372,45.995],[7.37,45.998],[7.371,46.001],[7.368,46.002],[7.363,46.011],[7.366,46.02],[7.363,46.025],[7.358,46.03],[7.35,46.031],[7.348,46.034],[7.345,46.035],[7.352,46.045],[7.345,46.043],[7.335,46.043],[7.331,46.047],[7.332,46.049],[7.334,46.049],[7.335,46.054],[7.326,46.06],[7.325,46.063],[7.327,46.065],[7.326,46.067],[7.319,46.064],[7.316,46.065],[7.317,46.069],[7.313,46.071],[7.31,46.067],[7.303,46.066],[7.301,46.067],[7.304,46.072],[7.296,46.072],[7.286,46.076],[7.29,46.078],[7.291,46.083],[7.296,46.085],[7.295,46.087],[7.287,46.093],[7.278,46.096],[7.277,46.098],[7.271,46.098],[7.267,46.103],[7.269,46.11],[7.276,46.112],[7.277,46.115],[7.279,46.114],[7.279,46.112],[7.277,46.11],[7.28,46.107],[7.29,46.111],[7.291,46.11],[7.288,46.108],[7.288,46.105],[7.29,46.104],[7.293,46.105],[7.3,46.102],[7.306,46.104],[7.309,46.101],[7.316,46.103],[7.321,46.101],[7.336,46.101],[7.339,46.096],[7.338,46.094],[7.342,46.092],[7.342,46.095],[7.347,46.092],[7.351,46.092],[7.355,46.095],[7.355,46.092],[7.361,46.089],[7.361,46.091],[7.358,46.094],[7.361,46.096],[7.371,46.096],[7.377,46.093],[7.38,46.09],[7.376,46.085],[7.376,46.081],[7.371,46.076],[7.385,46.079],[7.387,46.076],[7.373,46.07],[7.371,46.065],[7.366,46.061],[7.368,46.06],[7.377,46.064],[7.381,46.063],[7.382,46.061],[7.378,46.049],[7.375,46.045],[7.377,46.036],[7.38,46.045],[7.387,46.049],[7.386,46.045],[7.391,46.04],[7.389,46.038],[7.39,46.036],[7.393,46.036],[7.391,46.038],[7.393,46.039],[7.396,46.034],[7.393,46.032],[7.39,46.024],[7.4,46.028],[7.403,46.025],[7.405,46.029],[7.41,46.032],[7.412,46.029],[7.409,46.027],[7.418,46.027],[7.421,46.022],[7.423,46.022],[7.432,46.015],[7.442,46.015],[7.446,46.011],[7.444,46.007],[7.445,46.005],[7.453,46.004],[7.454,46.009],[7.456,46.009],[7.46,46.007],[7.457,46.004],[7.46,46.0],[7.463,46.0],[7.463,46.002],[7.466,46.004],[7.467,46.009],[7.469,46.009],[7.481,45.996],[7.477,45.993],[7.476,45.991],[7.477,45.989],[7.49,45.99],[7.501,45.986],[7.51,45.991],[7.523,45.99],[7.526,45.988],[7.527,45.989],[7.518,45.995],[7.518,45.998],[7.523,46.001],[7.524,46.002],[7.523,46.003],[7.513,45.997],[7.506,45.999],[7.506,46.001],[7.51,46.005],[7.522,46.013],[7.519,46.015],[7.506,46.012],[7.506,46.016],[7.51,46.022],[7.509,46.027],[7.513,46.027],[7.516,46.025],[7.516,46.022],[7.521,46.027],[7.518,46.034],[7.519,46.036],[7.523,46.034],[7.523,46.031],[7.526,46.029],[7.53,46.029],[7.529,46.023],[7.536,46.026],[7.542,46.024],[7.552,46.024],[7.549,46.027],[7.55,46.029],[7.555,46.031],[7.561,46.025],[7.563,46.029],[7.561,46.031],[7.569,46.031],[7.571,46.033],[7.574,46.028],[7.576,46.029],[7.577,46.036],[7.582,46.04],[7.581,46.045],[7.577,46.047],[7.578,46.049],[7.581,46.051],[7.581,46.054],[7.59,46.06],[7.594,46.06],[7.594,46.063],[7.59,46.061],[7.587,46.064],[7.583,46.063],[7.587,46.06],[7.584,46.059],[7.577,46.06],[7.574,46.066],[7.579,46.072],[7.574,46.073],[7.569,46.081],[7.572,46.081],[7.574,46.079],[7.578,46.083],[7.584,46.085],[7.582,46.087],[7.584,46.089],[7.591,46.089],[7.597,46.086],[7.601,46.087],[7.603,46.09],[7.6,46.093],[7.6,46.096],[7.604,46.095],[7.607,46.092],[7.61,46.094],[7.613,46.091],[7.617,46.09],[7.609,46.081],[7.609,46.078],[7.613,46.074],[7.609,46.067],[7.61,46.061],[7.611,46.063],[7.617,46.065],[7.62,46.061],[7.623,46.061],[7.626,46.058],[7.656,46.058],[7.657,46.06],[7.652,46.063],[7.656,46.067],[7.655,46.068],[7.649,46.065],[7.645,46.067],[7.649,46.075],[7.654,46.076],[7.652,46.078],[7.648,46.078],[7.652,46.081],[7.649,46.081],[7.647,46.085],[7.649,46.086],[7.655,46.084],[7.658,46.087],[7.657,46.09],[7.662,46.093],[7.668,46.093],[7.671,46.091],[7.675,46.093],[7.678,46.092],[7.681,46.093],[7.682,46.094],[7.681,46.097],[7.684,46.101],[7.681,46.103],[7.682,46.105],[7.681,46.106],[7.671,46.111],[7.671,46.114],[7.665,46.117],[7.666,46.119],[7.675,46.119],[7.678,46.121],[7.679,46.125],[7.678,46.127],[7.668,46.129],[7.667,46.13],[7.67,46.132],[7.669,46.135],[7.667,46.132],[7.662,46.13],[7.659,46.137],[7.664,46.141],[7.664,46.144],[7.66,46.146],[7.662,46.15],[7.66,46.153],[7.648,46.159],[7.662,46.162],[7.665,46.164],[7.664,46.166],[7.666,46.168],[7.661,46.168],[7.659,46.173],[7.656,46.175],[7.645,46.177],[7.652,46.179],[7.654,46.184],[7.648,46.189],[7.642,46.191],[7.649,46.195],[7.652,46.192],[7.655,46.193],[7.651,46.195],[7.651,46.198],[7.649,46.2],[7.656,46.201],[7.653,46.207],[7.646,46.207],[7.644,46.209],[7.651,46.211],[7.656,46.215],[7.659,46.214],[7.663,46.215],[7.66,46.218],[7.656,46.217],[7.652,46.218],[7.649,46.223],[7.646,46.223],[7.636,46.229],[7.64,46.229],[7.641,46.231],[7.64,46.234],[7.634,46.236],[7.643,46.238],[7.644,46.24],[7.643,46.242],[7.636,46.241],[7.635,46.243],[7.63,46.243],[7.63,46.242],[7.625,46.245],[7.632,46.247],[7.626,46.249],[7.624,46.252],[7.627,46.259],[7.623,46.259],[7.622,46.261],[7.638,46.261],[7.636,46.258],[7.643,46.253],[7.646,46.261],[7.65,46.26],[7.656,46.262],[7.659,46.26],[7.655,46.258],[7.656,46.257],[7.666,46.257],[7.667,46.254],[7.664,46.249],[7.666,46.248],[7.672,46.252],[7.675,46.247],[7.675,46.244],[7.679,46.244],[7.682,46.246],[7.689,46.242],[7.689,46.24],[7.683,46.238],[7.686,46.236],[7.687,46.233],[7.682,46.228],[7.678,46.23],[7.677,46.229],[7.678,46.226],[7.681,46.224],[7.675,46.223],[7.671,46.218],[7.671,46.213],[7.675,46.212],[7.677,46.209],[7.675,46.207],[7.665,46.207],[7.66,46.202],[7.662,46.201],[7.672,46.205],[7.675,46.201],[7.678,46.2],[7.678,46.195],[7.662,46.196],[7.66,46.195],[7.661,46.193],[7.657,46.189],[7.658,46.186],[7.66,46.186],[7.66,46.191],[7.665,46.192],[7.667,46.191],[7.667,46.188],[7.663,46.186],[7.665,46.184],[7.672,46.186],[7.679,46.184],[7.674,46.182],[7.675,46.179],[7.673,46.175],[7.674,46.173],[7.671,46.166],[7.673,46.164],[7.67,46.159],[7.672,46.154],[7.678,46.154],[7.684,46.15],[7.681,46.148],[7.685,46.145],[7.685,46.148],[7.688,46.149],[7.695,46.148],[7.704,46.151],[7.714,46.152],[7.718,46.155],[7.708,46.159],[7.711,46.161],[7.72,46.16],[7.722,46.161],[7.714,46.164],[7.72,46.169],[7.726,46.17],[7.709,46.173],[7.711,46.175],[7.717,46.173],[7.723,46.175],[7.719,46.179],[7.722,46.182],[7.72,46.187],[7.73,46.191],[7.727,46.193],[7.728,46.195],[7.72,46.198],[7.716,46.202],[7.717,46.203],[7.721,46.202],[7.727,46.199],[7.727,46.202],[7.73,46.205],[7.74,46.206],[7.743,46.213],[7.747,46.215],[7.742,46.22],[7.743,46.223],[7.746,46.224],[7.75,46.23],[7.758,46.233],[7.762,46.238],[7.764,46.238],[7.765,46.235],[7.776,46.236],[7.776,46.233],[7.782,46.23],[7.784,46.231],[7.784,46.233],[7.78,46.238],[7.782,46.239],[7.798,46.241],[7.802,46.238],[7.806,46.238],[7.802,46.234],[7.795,46.234],[7.792,46.236],[7.786,46.233],[7.788,46.226],[7.779,46.22],[7.773,46.22],[7.771,46.217],[7.766,46.216],[7.763,46.218],[7.762,46.217],[7.769,46.212],[7.772,46.212],[7.776,46.208],[7.785,46.208],[7.786,46.206],[7.782,46.206],[7.775,46.203],[7.766,46.204],[7.767,46.202],[7.763,46.197],[7.753,46.202],[7.758,46.197],[7.756,46.196],[7.753,46.19],[7.761,46.191],[7.766,46.19],[7.77,46.186],[7.766,46.179],[7.762,46.179],[7.759,46.177],[7.756,46.169],[7.75,46.166],[7.755,46.157],[7.747,46.152],[7.756,46.148],[7.751,46.146],[7.751,46.141],[7.759,46.137],[7.757,46.134],[7.762,46.132],[7.756,46.129],[7.752,46.131],[7.747,46.128],[7.746,46.125],[7.739,46.118],[7.739,46.115],[7.742,46.112],[7.739,46.11],[7.738,46.105],[7.743,46.105],[7.748,46.101],[7.749,46.098],[7.742,46.094],[7.743,46.092],[7.742,46.091],[7.73,46.087],[7.726,46.087],[7.724,46.089],[7.725,46.094],[7.723,46.097],[7.721,46.089],[7.717,46.083],[7.718,46.08],[7.714,46.076],[7.72,46.071],[7.729,46.072],[7.74,46.067],[7.742,46.064],[7.746,46.065],[7.746,46.062],[7.743,46.06],[7.742,46.056],[7.738,46.056],[7.733,46.051],[7.729,46.049],[7.726,46.05],[7.72,46.046],[7.717,46.047],[7.719,46.049],[7.718,46.051],[7.72,46.054],[7.713,46.05],[7.703,46.047],[7.7,46.044],[7.702,46.04],[7.698,46.035],[7.699,46.029],[7.697,46.028],[7.69,46.027],[7.687,46.029],[7.684,46.028],[7.674,46.031],[7.668,46.028],[7.665,46.029],[7.661,46.028],[7.655,46.021],[7.636,46.016],[7.633,46.013],[7.634,46.011],[7.632,46.01],[7.629,46.012],[7.62,46.009],[7.619,46.006],[7.62,46.004],[7.616,45.997],[7.609,45.993],[7.613,45.992],[7.619,45.996],[7.623,45.996],[7.626,45.998],[7.639,45.994],[7.665,45.994],[7.668,45.991],[7.67,45.995],[7.694,45.994],[7.695,45.993],[7.694,45.992],[7.69,45.992],[7.684,45.987],[7.679,45.986],[7.679,45.982],[7.681,45.981],[7.69,45.986],[7.693,45.983],[7.697,45.982],[7.71,45.985],[7.718,45.984],[7.722,45.978],[7.739,45.975],[7.736,45.972],[7.732,45.972],[7.722,45.964],[7.722,45.961],[7.729,45.965],[7.732,45.965],[7.739,45.96],[7.745,45.962],[7.755,45.959],[7.758,45.96],[7.768,45.958],[7.771,45.96],[7.78,45.957],[7.783,45.961],[7.788,45.961],[7.786,45.959],[7.79,45.956],[7.795,45.957],[7.796,45.949],[7.798,45.954],[7.803,45.958],[7.809,45.957],[7.812,45.959],[7.812,45.961],[7.82,45.961],[7.822,45.963],[7.823,45.965],[7.822,45.968],[7.817,45.97],[7.817,45.972],[7.811,45.979],[7.827,45.981],[7.826,45.984],[7.824,45.986],[7.813,45.989],[7.806,45.987],[7.804,45.988],[7.806,45.99],[7.803,45.992],[7.795,45.99],[7.796,45.992],[7.794,45.995],[7.797,45.996],[7.803,46.002],[7.816,46.002],[7.819,46.005],[7.823,46.005],[7.826,46.01],[7.839,46.012],[7.846,46.015],[7.836,46.017],[7.832,46.02],[7.83,46.022],[7.833,46.025],[7.829,46.022],[7.823,46.023],[7.82,46.022],[7.818,46.024],[7.82,46.026],[7.818,46.028],[7.819,46.031],[7.826,46.036],[7.831,46.033],[7.832,46.028],[7.839,46.033],[7.846,46.035],[7.846,46.039],[7.844,46.04],[7.851,46.044],[7.852,46.047],[7.842,46.048],[7.841,46.049],[7.846,46.049],[7.848,46.051],[7.842,46.053],[7.846,46.057],[7.859,46.06],[7.852,46.061],[7.846,46.058],[7.842,46.058],[7.835,46.06],[7.839,46.062],[7.837,46.067],[7.837,46.073],[7.843,46.077],[7.846,46.075],[7.844,46.078],[7.849,46.082],[7.855,46.082],[7.849,46.084],[7.84,46.08],[7.83,46.078],[7.828,46.085],[7.834,46.089],[7.831,46.091],[7.836,46.096],[7.833,46.096],[7.825,46.1],[7.833,46.105],[7.827,46.107],[7.832,46.109],[7.834,46.112],[7.832,46.116],[7.839,46.121],[7.836,46.123],[7.839,46.125],[7.838,46.127],[7.839,46.13],[7.835,46.134],[7.851,46.138],[7.847,46.141],[7.859,46.148],[7.863,46.148],[7.866,46.146],[7.871,46.152],[7.871,46.154],[7.874,46.156],[7.874,46.159],[7.882,46.157],[7.892,46.158],[7.893,46.154],[7.886,46.154],[7.89,46.152],[7.888,46.147],[7.889,46.145],[7.882,46.136],[7.881,46.132],[7.882,46.131],[7.884,46.134],[7.892,46.138],[7.897,46.134],[7.897,46.132],[7.89,46.125],[7.881,46.123],[7.879,46.12],[7.882,46.119],[7.885,46.122],[7.89,46.12],[7.889,46.118],[7.891,46.116],[7.889,46.111],[7.869,46.105],[7.867,46.1],[7.862,46.095],[7.869,46.093],[7.87,46.098],[7.878,46.102],[7.882,46.101],[7.882,46.098],[7.878,46.096],[7.885,46.092],[7.888,46.088],[7.891,46.092],[7.894,46.092],[7.896,46.091],[7.896,46.089],[7.901,46.086],[7.904,46.087],[7.907,46.084],[7.907,46.087],[7.917,46.087],[7.924,46.082],[7.925,46.08],[7.922,46.077],[7.927,46.077],[7.929,46.075],[7.924,46.073],[7.924,46.071],[7.927,46.07],[7.936,46.072],[7.943,46.068],[7.944,46.064],[7.937,46.062],[7.933,46.057],[7.936,46.055],[7.941,46.055],[7.947,46.046],[7.94,46.044],[7.933,46.037],[7.932,46.03],[7.939,46.036],[7.942,46.035],[7.943,46.032],[7.943,46.035],[7.946,46.038],[7.952,46.036],[7.957,46.026],[7.958,46.019],[7.962,46.017],[7.965,46.024],[7.968,46.021],[7.97,46.026],[7.969,46.03],[7.971,46.033],[7.978,46.032],[7.987,46.034],[7.984,46.036],[7.975,46.037],[7.971,46.04],[7.97,46.044],[7.972,46.05],[7.971,46.053],[7.973,46.059],[7.978,46.062],[7.979,46.064],[7.978,46.066],[7.981,46.068],[7.988,46.062],[7.991,46.063],[7.994,46.062],[7.995,46.061],[7.994,46.057],[7.997,46.056],[7.999,46.057],[8.001,46.061],[8.007,46.055],[8.01,46.055],[8.006,46.061],[8.006,46.064],[8.0,46.07],[8.001,46.08],[7.987,46.088],[7.985,46.092],[7.981,46.093],[7.985,46.095],[7.99,46.095],[7.991,46.098],[8.003,46.097],[8.005,46.1],[8.003,46.104],[8.0,46.106],[7.998,46.111],[7.994,46.113],[7.992,46.118],[7.99,46.118],[7.988,46.114],[7.985,46.118],[7.982,46.119],[7.976,46.115],[7.971,46.115],[7.973,46.12],[7.977,46.122],[7.976,46.123],[7.972,46.121],[7.97,46.124],[7.972,46.127],[7.979,46.126],[7.975,46.129],[7.975,46.131],[7.979,46.14],[7.982,46.138],[7.984,46.14],[7.979,46.142],[7.979,46.149],[7.977,46.154],[7.984,46.16],[7.979,46.161],[7.973,46.155],[7.969,46.155],[7.966,46.156],[7.968,46.158],[7.966,46.16],[7.963,46.159],[7.962,46.161],[7.963,46.163],[7.966,46.162],[7.974,46.165],[7.966,46.165],[7.964,46.172],[7.962,46.174],[7.969,46.178],[7.968,46.181],[7.974,46.183],[7.963,46.182],[7.96,46.18],[7.959,46.181],[7.96,46.183],[7.963,46.185],[7.962,46.188],[7.967,46.194],[7.963,46.196],[7.954,46.195],[7.95,46.199],[7.941,46.2],[7.938,46.201],[7.937,46.203],[7.941,46.207],[7.944,46.208],[7.947,46.206],[7.953,46.21],[7.957,46.21],[7.96,46.206],[7.957,46.2],[7.96,46.199],[7.961,46.201],[7.967,46.203],[7.97,46.199],[7.971,46.203],[7.976,46.205],[7.98,46.204],[7.983,46.206],[7.984,46.208],[7.977,46.214],[7.978,46.217],[7.981,46.219],[7.976,46.228],[7.978,46.232],[7.972,46.237],[7.977,46.246],[7.98,46.248],[7.983,46.246],[7.986,46.239],[7.994,46.235],[7.993,46.228],[7.987,46.223],[7.989,46.221],[7.999,46.216],[8.002,46.217],[8.003,46.219],[8.012,46.219],[8.013,46.216],[8.022,46.214],[8.026,46.21],[8.025,46.205],[8.018,46.205],[8.017,46.201],[8.019,46.198],[8.015,46.195],[8.006,46.192],[8.005,46.187],[8.012,46.191],[8.015,46.188],[8.018,46.19],[8.021,46.188],[8.034,46.19],[8.044,46.184],[8.051,46.183],[8.05,46.18],[8.032,46.171],[8.034,46.169],[8.032,46.167],[8.034,46.166],[8.04,46.169],[8.039,46.171],[8.041,46.172],[8.042,46.169],[8.044,46.169],[8.045,46.167],[8.042,46.165],[8.041,46.161],[8.037,46.159],[8.034,46.162],[8.021,46.16],[8.031,46.153],[8.041,46.152],[8.057,46.146],[8.063,46.146],[8.066,46.148],[8.083,46.151],[8.083,46.146],[8.085,46.144],[8.082,46.14],[8.082,46.137],[8.08,46.135],[8.073,46.134],[8.066,46.128],[8.06,46.119],[8.055,46.12],[8.053,46.117],[8.063,46.112],[8.069,46.114],[8.076,46.112],[8.082,46.113],[8.087,46.115],[8.095,46.124],[8.102,46.124],[8.105,46.126],[8.107,46.128],[8.105,46.13],[8.105,46.135],[8.115,46.137],[8.114,46.139],[8.118,46.141],[8.121,46.141],[8.127,46.137],[8.111,46.133],[8.114,46.13],[8.112,46.128],[8.112,46.119],[8.102,46.112],[8.085,46.11],[8.082,46.108],[8.069,46.108],[8.056,46.103],[8.053,46.104],[8.046,46.101],[8.04,46.101],[8.033,46.097],[8.031,46.09],[8.029,46.088],[8.029,46.084],[8.022,46.077],[8.025,46.07],[8.025,46.061],[8.028,46.059],[8.028,46.054],[8.032,46.052],[8.032,46.045],[8.018,46.037],[8.018,46.034],[8.015,46.032],[8.015,46.025],[8.012,46.021],[8.011,46.014],[8.0,46.011],[7.998,46.007],[7.992,46.003],[7.992,46.001],[7.989,45.998],[7.981,45.997],[7.978,46.0],[7.971,46.0],[7.958,45.997],[7.939,45.998],[7.936,45.996],[7.907,45.995],[7.899,45.985],[7.887,45.977],[7.881,45.975],[7.879,45.961],[7.876,45.958],[7.876,45.952],[7.872,45.949],[7.873,45.947],[7.872,45.945],[7.869,45.943],[7.87,45.941],[7.869,45.936],[7.873,45.934],[7.876,45.927],[7.864,45.919],[7.858,45.921],[7.845,45.921],[7.841,45.924],[7.832,45.924],[7.829,45.926],[7.819,45.928],[7.818,45.925],[7.812,45.921],[7.805,45.921],[7.803,45.919],[7.793,45.919],[7.791,45.923],[7.787,45.926],[7.78,45.928],[7.771,45.935],[7.765,45.936],[7.766,45.939],[7.764,45.94],[7.747,45.939],[7.741,45.934],[7.741,45.932],[7.738,45.93],[7.734,45.93],[7.734,45.925],[7.719,45.924],[7.714,45.928],[7.713,45.931],[7.707,45.934],[7.708,45.95],[7.701,45.952],[7.697,45.956],[7.684,45.956],[7.68,45.958],[7.675,45.961],[7.676,45.966],[7.661,45.977],[7.648,45.977],[7.639,45.971],[7.635,45.972],[7.629,45.971],[7.616,45.974],[7.61,45.969],[7.6,45.969],[7.597,45.971],[7.587,45.971],[7.579,45.977],[7.578,45.982],[7.571,45.987],[7.568,45.987],[7.564,45.985],[7.548,45.985],[7.546,45.984],[7.545,45.981],[7.542,45.98],[7.542,45.977],[7.54,45.975],[7.543,45.973],[7.544,45.966],[7.547,45.964],[7.544,45.962],[7.542,45.958],[7.539,45.959],[7.535,45.956],[7.532,45.958],[7.522,45.958],[7.517,45.962],[7.505,45.962],[7.497,45.958],[7.477,45.954],[7.469,45.948],[7.469,45.946],[7.472,45.944],[7.473,45.939],[7.468,45.935],[7.458,45.936],[7.449,45.932],[7.445,45.932],[7.436,45.926],[7.433,45.921],[7.426,45.916],[7.416,45.913],[7.41,45.909],[7.4,45.911],[7.395,45.908],[7.394,45.904],[7.387,45.9],[7.377,45.9],[7.365,45.904],[7.361,45.908],[7.355,45.909],[7.352,45.913],[7.342,45.916],[7.336,45.913],[7.329,45.913],[7.323,45.911],[7.314,45.917],[7.303,45.918],[7.294,45.922],[7.29,45.922],[7.289,45.919],[7.279,45.91],[7.279,45.907],[7.255,45.89],[7.252,45.89],[7.245,45.895],[7.239,45.891],[7.226,45.893],[7.221,45.889]],[[7.278,45.928],[7.281,45.927],[7.285,45.93],[7.284,45.932],[7.278,45.93],[7.278,45.928]],[[7.394,45.962],[7.4,45.961],[7.407,45.964],[7.407,45.966],[7.4,45.967],[7.394,45.964],[7.394,45.962]],[[7.994,46.057],[7.99,46.055],[7.991,46.054],[7.994,46.057]],[[8.001,46.199],[8.002,46.201],[7.999,46.202],[7.996,46.199],[7.992,46.199],[7.992,46.195],[7.996,46.195],[7.999,46.199],[8.001,46.199]],[[8.002,46.201],[8.003,46.199],[8.009,46.199],[8.012,46.201],[8.01,46.203],[8.014,46.205],[8.012,46.206],[8.002,46.201]],[[7.606,46.003],[7.61,46.005],[7.608,46.011],[7.61,46.015],[7.613,46.017],[7.613,46.019],[7.606,46.017],[7.606,46.003]],[[7.316,45.948],[7.322,45.955],[7.323,45.961],[7.326,45.96],[7.329,45.962],[7.323,45.965],[7.319,45.962],[7.314,45.953],[7.314,45.95],[7.316,45.948]],[[7.257857142857143,45.95871428571429],[7.257,45.957],[7.259,45.957],[7.257857142857143,45.95871428571429]]],[[[7.352,45.937],[7.355,45.94],[7.355,45.936],[7.352,45.937]]],[[[7.368,46.002],[7.369,46.0],[7.366,46.0],[7.368,46.002]]],[[[7.665,46.117],[7.666,46.114],[7.665,46.112],[7.663,46.114],[7.665,46.117]]],[[[7.652,46.218],[7.653,46.215],[7.651,46.216],[7.652,46.218]]],[[[7.659,46.26],[7.657,46.265],[7.663,46.265],[7.659,46.263],[7.659,46.26]]],[[[7.714,46.164],[7.711,46.163],[7.71,46.164],[7.714,46.164]]],[[[7.756,46.148],[7.755,46.15],[7.759,46.151],[7.762,46.15],[7.756,46.148]]],[[[8.102,46.434],[8.096,46.435],[8.093,46.434],[8.095,46.432],[8.092,46.431],[8.09,46.432],[8.092,46.434],[8.089,46.437],[8.102,46.44],[8.115,46.448],[8.117,46.445],[8.112,46.44],[8.102,46.434]]],[[[8.064,46.693],[8.05,46.695],[8.049,46.698],[8.053,46.699],[8.06,46.696],[8.061,46.698],[8.055,46.7],[8.057,46.702],[8.073,46.705],[8.074,46.704],[8.07,46.7],[8.066,46.7],[8.065,46.697],[8.067,46.695],[8.071,46.695],[8.066,46.697],[8.076,46.702],[8.079,46.701],[8.086,46.703],[8.092,46.702],[8.092,46.699],[8.083,46.698],[8.075,46.693],[8.076,46.692],[8.086,46.697],[8.089,46.697],[8.095,46.695],[8.096,46.69],[8.076,46.689],[8.076,46.686],[8.073,46.683],[8.069,46.686],[8.051,46.68],[8.05,46.678],[8.046,46.678],[8.046,46.681],[8.055,46.684],[8.064,46.693]]],[[[8.003,46.68],[8.007,46.682],[8.007,46.678],[8.003,46.68]]],[[[8.007,46.682],[8.017,46.682],[8.027,46.679],[8.037,46.679],[8.046,46.677],[8.04,46.676],[8.037,46.673],[8.027,46.676],[8.023,46.674],[8.02,46.678],[8.014,46.676],[8.011,46.678],[8.013,46.68],[8.007,46.682]]],[[[7.991,46.672],[7.984,46.668],[7.976,46.671],[7.989,46.675],[7.991,46.677],[8.007,46.677],[8.014,46.673],[8.001,46.67],[7.991,46.672]]],[[[7.991,46.248],[7.986,46.247],[7.979,46.25],[7.979,46.255],[7.977,46.257],[7.979,46.259],[7.979,46.262],[7.977,46.266],[7.98,46.268],[7.983,46.267],[7.987,46.269],[7.993,46.262],[7.995,46.264],[8.004,46.264],[8.006,46.262],[8.011,46.261],[8.0,46.26],[7.999,46.259],[8.0,46.257],[7.992,46.255],[7.987,46.25],[7.991,46.248]]],[[[7.904,46.386],[7.91,46.388],[7.914,46.386],[7.913,46.381],[7.911,46.379],[7.911,46.372],[7.907,46.368],[7.91,46.363],[7.903,46.363],[7.901,46.365],[7.901,46.37],[7.903,46.372],[7.898,46.374],[7.902,46.379],[7.904,46.386]]],[[[7.854,46.514],[7.833,46.512],[7.83,46.514],[7.826,46.512],[7.82,46.518],[7.814,46.521],[7.813,46.527],[7.81,46.527],[7.809,46.53],[7.805,46.532],[7.807,46.534],[7.814,46.534],[7.813,46.537],[7.82,46.539],[7.824,46.534],[7.824,46.532],[7.821,46.53],[7.821,46.523],[7.833,46.518],[7.843,46.518],[7.852,46.52],[7.861,46.519],[7.854,46.514]]],[[[7.81,46.541],[7.805,46.543],[7.804,46.546],[7.8,46.547],[7.797,46.551],[7.794,46.55],[7.79,46.552],[7.798,46.559],[7.798,46.561],[7.809,46.561],[7.818,46.568],[7.827,46.572],[7.833,46.578],[7.836,46.577],[7.835,46.575],[7.836,46.572],[7.846,46.578],[7.853,46.579],[7.856,46.581],[7.859,46.579],[7.851,46.573],[7.85,46.57],[7.847,46.568],[7.846,46.564],[7.842,46.561],[7.842,46.559],[7.83,46.559],[7.823,46.556],[7.818,46.548],[7.814,46.546],[7.81,46.541]]],[[[7.83,46.582],[7.83,46.58],[7.827,46.584],[7.828,46.586],[7.827,46.587],[7.82,46.582],[7.817,46.584],[7.819,46.588],[7.818,46.591],[7.815,46.593],[7.817,46.595],[7.814,46.6],[7.833,46.601],[7.836,46.6],[7.836,46.597],[7.842,46.595],[7.84,46.592],[7.837,46.591],[7.837,46.585],[7.83,46.582]]],[[[7.759,46.235],[7.75,46.231],[7.737,46.233],[7.738,46.236],[7.735,46.24],[7.733,46.247],[7.734,46.248],[7.74,46.244],[7.744,46.245],[7.747,46.24],[7.756,46.238],[7.759,46.235]]],[[[7.712,46.35],[7.705,46.349],[7.705,46.353],[7.702,46.355],[7.702,46.358],[7.7,46.359],[7.702,46.362],[7.706,46.366],[7.716,46.371],[7.725,46.371],[7.728,46.373],[7.731,46.37],[7.726,46.366],[7.73,46.364],[7.731,46.358],[7.728,46.36],[7.725,46.359],[7.726,46.357],[7.724,46.355],[7.718,46.357],[7.715,46.354],[7.712,46.361],[7.71,46.359],[7.711,46.357],[7.71,46.353],[7.712,46.35]]],[[[7.599,46.121],[7.595,46.121],[7.592,46.123],[7.592,46.126],[7.587,46.13],[7.591,46.135],[7.594,46.134],[7.595,46.132],[7.592,46.13],[7.599,46.126],[7.599,46.121]]],[[[7.5,46.183],[7.498,46.195],[7.5,46.201],[7.503,46.195],[7.501,46.191],[7.503,46.187],[7.51,46.197],[7.514,46.193],[7.509,46.189],[7.507,46.184],[7.508,46.182],[7.512,46.182],[7.513,46.185],[7.516,46.184],[7.52,46.189],[7.521,46.182],[7.523,46.18],[7.526,46.185],[7.537,46.18],[7.536,46.177],[7.533,46.177],[7.527,46.173],[7.533,46.173],[7.536,46.169],[7.539,46.169],[7.54,46.166],[7.539,46.164],[7.536,46.164],[7.532,46.159],[7.542,46.161],[7.547,46.155],[7.552,46.153],[7.553,46.15],[7.55,46.148],[7.547,46.141],[7.535,46.137],[7.533,46.135],[7.536,46.133],[7.539,46.136],[7.542,46.135],[7.543,46.13],[7.548,46.128],[7.539,46.124],[7.532,46.13],[7.532,46.132],[7.523,46.139],[7.518,46.141],[7.517,46.144],[7.512,46.146],[7.513,46.15],[7.512,46.153],[7.515,46.155],[7.515,46.164],[7.512,46.164],[7.507,46.161],[7.5,46.163],[7.493,46.171],[7.494,46.173],[7.489,46.175],[7.49,46.179],[7.494,46.18],[7.497,46.184],[7.5,46.183]],[[7.5,46.183],[7.503,46.182],[7.505,46.184],[7.503,46.185],[7.5,46.183]]],[[[7.508,46.355],[7.51,46.357],[7.512,46.355],[7.508,46.355]]],[[[7.423,46.047],[7.419,46.053],[7.42,46.063],[7.419,46.065],[7.416,46.063],[7.413,46.065],[7.414,46.07],[7.419,46.074],[7.413,46.079],[7.416,46.082],[7.421,46.081],[7.422,46.078],[7.426,46.077],[7.429,46.078],[7.432,46.083],[7.452,46.084],[7.453,46.081],[7.456,46.079],[7.455,46.076],[7.471,46.067],[7.464,46.066],[7.461,46.068],[7.456,46.063],[7.454,46.056],[7.452,46.054],[7.445,46.052],[7.442,46.055],[7.432,46.057],[7.429,46.054],[7.429,46.05],[7.423,46.047]]],[[[7.435,46.036],[7.432,46.034],[7.428,46.038],[7.429,46.043],[7.432,46.046],[7.439,46.046],[7.445,46.044],[7.447,46.043],[7.447,46.04],[7.45,46.038],[7.435,46.038],[7.435,46.036]]],[[[7.359,46.099],[7.351,46.098],[7.346,46.105],[7.352,46.11],[7.348,46.113],[7.34,46.114],[7.339,46.117],[7.348,46.12],[7.349,46.121],[7.348,46.123],[7.346,46.123],[7.351,46.129],[7.355,46.129],[7.361,46.126],[7.354,46.123],[7.364,46.119],[7.363,46.117],[7.358,46.115],[7.357,46.112],[7.361,46.109],[7.364,46.11],[7.366,46.108],[7.366,46.105],[7.37,46.103],[7.364,46.102],[7.361,46.104],[7.361,46.101],[7.359,46.099]]],[[[7.316,45.997],[7.313,45.995],[7.306,45.997],[7.307,46.002],[7.306,46.005],[7.313,46.005],[7.32,46.009],[7.316,45.997]]],[[[7.127,46.22],[7.121,46.216],[7.109,46.217],[7.115,46.222],[7.116,46.226],[7.119,46.229],[7.117,46.231],[7.118,46.234],[7.121,46.236],[7.124,46.233],[7.131,46.235],[7.122,46.238],[7.119,46.244],[7.121,46.247],[7.125,46.244],[7.131,46.25],[7.137,46.249],[7.134,46.251],[7.143,46.256],[7.144,46.261],[7.154,46.263],[7.15,46.267],[7.154,46.269],[7.154,46.272],[7.164,46.276],[7.16,46.279],[7.146,46.281],[7.15,46.281],[7.156,46.284],[7.16,46.282],[7.163,46.283],[7.166,46.28],[7.169,46.281],[7.165,46.285],[7.182,46.291],[7.183,46.292],[7.179,46.294],[7.179,46.296],[7.182,46.299],[7.192,46.293],[7.198,46.292],[7.189,46.289],[7.183,46.285],[7.183,46.283],[7.186,46.28],[7.192,46.282],[7.2,46.281],[7.199,46.272],[7.192,46.265],[7.188,46.265],[7.187,46.263],[7.195,46.258],[7.199,46.26],[7.202,46.258],[7.208,46.259],[7.215,46.256],[7.215,46.254],[7.209,46.251],[7.205,46.254],[7.201,46.249],[7.215,46.246],[7.218,46.247],[7.221,46.245],[7.209,46.238],[7.205,46.24],[7.192,46.241],[7.176,46.236],[7.171,46.238],[7.165,46.238],[7.151,46.236],[7.152,46.233],[7.149,46.231],[7.15,46.229],[7.157,46.228],[7.157,46.226],[7.154,46.224],[7.15,46.222],[7.134,46.23],[7.128,46.225],[7.124,46.225],[7.121,46.223],[7.127,46.22]]],[[[7.145,45.918],[7.152,45.916],[7.15,45.912],[7.158,45.907],[7.173,45.912],[7.173,45.91],[7.165,45.901],[7.158,45.9],[7.162,45.9],[7.164,45.898],[7.161,45.892],[7.162,45.889],[7.171,45.893],[7.174,45.892],[7.17,45.889],[7.171,45.887],[7.173,45.887],[7.17,45.883],[7.175,45.881],[7.176,45.876],[7.178,45.874],[7.187,45.885],[7.194,45.887],[7.197,45.889],[7.2,45.888],[7.204,45.89],[7.21,45.886],[7.205,45.88],[7.198,45.876],[7.199,45.869],[7.197,45.864],[7.187,45.86],[7.175,45.864],[7.165,45.871],[7.166,45.874],[7.164,45.876],[7.152,45.88],[7.149,45.877],[7.137,45.876],[7.133,45.87],[7.126,45.866],[7.123,45.866],[7.121,45.864],[7.122,45.862],[7.12,45.861],[7.114,45.859],[7.104,45.859],[7.096,45.864],[7.097,45.867],[7.093,45.871],[7.093,45.876],[7.085,45.882],[7.084,45.885],[7.077,45.889],[7.076,45.891],[7.077,45.894],[7.068,45.897],[7.065,45.9],[7.075,45.91],[7.077,45.914],[7.081,45.915],[7.083,45.909],[7.081,45.905],[7.085,45.903],[7.086,45.9],[7.094,45.896],[7.091,45.893],[7.084,45.892],[7.084,45.889],[7.094,45.886],[7.101,45.887],[7.104,45.882],[7.105,45.885],[7.102,45.887],[7.107,45.889],[7.106,45.891],[7.107,45.892],[7.11,45.892],[7.112,45.891],[7.111,45.889],[7.115,45.887],[7.115,45.885],[7.12,45.882],[7.117,45.88],[7.117,45.878],[7.12,45.876],[7.126,45.879],[7.128,45.878],[7.127,45.873],[7.13,45.873],[7.131,45.876],[7.137,45.882],[7.14,45.889],[7.142,45.891],[7.146,45.891],[7.147,45.896],[7.141,45.903],[7.142,45.905],[7.14,45.909],[7.148,45.909],[7.142,45.913],[7.139,45.912],[7.132,45.916],[7.133,45.92],[7.132,45.921],[7.135,45.927],[7.138,45.923],[7.145,45.926],[7.147,45.925],[7.148,45.923],[7.143,45.921],[7.145,45.918]]],[[[7.152,45.916],[7.155,45.917],[7.157,45.916],[7.152,45.916]]],[[[7.197,45.889],[7.194,45.89],[7.192,45.894],[7.194,45.895],[7.197,45.892],[7.197,45.889]]],[[[7.125,46.186],[7.112,46.18],[7.108,46.184],[7.107,46.181],[7.102,46.18],[7.099,46.184],[7.095,46.186],[7.095,46.189],[7.097,46.19],[7.098,46.193],[7.091,46.193],[7.085,46.19],[7.072,46.202],[7.069,46.203],[7.07,46.206],[7.079,46.215],[7.082,46.216],[7.086,46.214],[7.096,46.215],[7.098,46.213],[7.108,46.216],[7.111,46.213],[7.118,46.215],[7.123,46.213],[7.124,46.207],[7.128,46.208],[7.129,46.206],[7.128,46.203],[7.124,46.202],[7.118,46.205],[7.108,46.205],[7.104,46.202],[7.108,46.2],[7.125,46.2],[7.129,46.197],[7.126,46.195],[7.13,46.193],[7.122,46.191],[7.118,46.189],[7.116,46.186],[7.125,46.186]]],[[[7.065,45.907],[7.062,45.913],[7.058,45.912],[7.047,45.92],[7.047,45.923],[7.041,45.929],[7.041,45.932],[7.037,45.934],[7.037,45.936],[7.034,45.938],[7.033,45.947],[7.037,45.954],[7.029,45.957],[7.023,45.957],[7.021,45.959],[7.016,45.959],[7.013,45.964],[7.007,45.967],[7.008,45.972],[7.017,45.981],[7.016,45.984],[7.01,45.988],[7.01,45.999],[6.993,46.0],[6.982,46.006],[6.982,46.017],[6.973,46.024],[6.97,46.03],[6.993,46.032],[6.996,46.029],[7.001,46.028],[7.0,46.021],[7.009,46.022],[7.013,46.02],[7.022,46.02],[7.029,46.018],[7.032,46.019],[7.036,46.017],[7.038,46.013],[7.064,46.019],[7.075,46.013],[7.077,46.01],[7.067,46.008],[7.071,46.005],[7.077,46.004],[7.069,45.999],[7.065,45.992],[7.058,45.991],[7.056,45.988],[7.059,45.983],[7.056,45.981],[7.056,45.979],[7.074,45.983],[7.079,45.979],[7.078,45.974],[7.074,45.972],[7.072,45.968],[7.074,45.966],[7.077,45.967],[7.079,45.965],[7.077,45.964],[7.078,45.96],[7.074,45.959],[7.076,45.956],[7.075,45.952],[7.068,45.952],[7.065,45.949],[7.061,45.949],[7.056,45.941],[7.057,45.936],[7.06,45.936],[7.062,45.939],[7.075,45.93],[7.073,45.927],[7.075,45.923],[7.073,45.918],[7.075,45.915],[7.068,45.914],[7.068,45.911],[7.065,45.907]]],[[[7.044,46.028],[7.038,46.025],[7.035,46.028],[7.036,46.035],[7.038,46.038],[7.042,46.037],[7.04,46.033],[7.044,46.028]]],[[[6.911,46.055],[6.89,46.044],[6.88,46.044],[6.877,46.047],[6.873,46.047],[6.868,46.052],[6.871,46.055],[6.872,46.059],[6.876,46.061],[6.875,46.066],[6.883,46.072],[6.886,46.07],[6.886,46.068],[6.889,46.073],[6.887,46.075],[6.888,46.082],[6.884,46.086],[6.884,46.097],[6.894,46.109],[6.892,46.125],[6.856,46.125],[6.853,46.128],[6.843,46.13],[6.84,46.132],[6.814,46.132],[6.808,46.136],[6.796,46.137],[6.8,46.14],[6.821,46.14],[6.834,46.142],[6.84,46.141],[6.856,46.146],[6.865,46.142],[6.876,46.142],[6.879,46.137],[6.885,46.136],[6.888,46.138],[6.888,46.142],[6.892,46.144],[6.896,46.149],[6.889,46.151],[6.892,46.153],[6.895,46.152],[6.897,46.154],[6.896,46.158],[6.901,46.16],[6.908,46.16],[6.911,46.162],[6.912,46.163],[6.909,46.169],[6.911,46.171],[6.914,46.171],[6.917,46.174],[6.925,46.176],[6.923,46.179],[6.937,46.178],[6.941,46.176],[6.937,46.179],[6.939,46.181],[6.947,46.183],[6.949,46.181],[6.947,46.179],[6.952,46.174],[6.949,46.172],[6.954,46.167],[6.956,46.166],[6.96,46.167],[6.962,46.165],[6.953,46.162],[6.947,46.158],[6.943,46.16],[6.941,46.158],[6.944,46.156],[6.937,46.153],[6.935,46.156],[6.939,46.158],[6.937,46.161],[6.936,46.158],[6.929,46.154],[6.931,46.152],[6.927,46.148],[6.926,46.152],[6.923,46.152],[6.92,46.145],[6.932,46.136],[6.934,46.13],[6.938,46.131],[6.937,46.138],[6.944,46.138],[6.945,46.136],[6.95,46.134],[6.96,46.134],[6.973,46.14],[6.976,46.14],[6.984,46.134],[6.978,46.132],[6.969,46.123],[6.966,46.122],[6.954,46.122],[6.947,46.119],[6.944,46.123],[6.934,46.121],[6.932,46.113],[6.934,46.109],[6.937,46.113],[6.941,46.113],[6.95,46.11],[6.967,46.109],[6.972,46.105],[6.971,46.102],[6.963,46.101],[6.957,46.102],[6.953,46.1],[6.951,46.097],[6.943,46.098],[6.945,46.095],[6.94,46.089],[6.94,46.082],[6.938,46.08],[6.923,46.08],[6.925,46.082],[6.918,46.086],[6.915,46.091],[6.917,46.095],[6.925,46.102],[6.921,46.102],[6.912,46.097],[6.911,46.1],[6.907,46.102],[6.905,46.109],[6.905,46.102],[6.902,46.099],[6.899,46.091],[6.902,46.086],[6.913,46.082],[6.911,46.077],[6.912,46.071],[6.914,46.071],[6.914,46.068],[6.921,46.066],[6.913,46.059],[6.911,46.055]],[[6.957,46.102],[6.962,46.104],[6.957,46.106],[6.957,46.102]]]]},"properties":{"value":80,"fill":"#3296B4","zIndex":4},"id":"3"},{"type":"Feature","geometry":{"type":"MultiPolygon","coordinates":[[[[10.386,46.751],[10.381,46.748],[10.377,46.749],[10.374,46.747],[10.371,46.75],[10.364,46.75],[10.36,46.752],[10.364,46.753],[10.386,46.751]]],[[[10.355,46.75],[10.354,46.752],[10.348,46.755],[10.353,46.759],[10.355,46.764],[10.358,46.764],[10.36,46.763],[10.357,46.759],[10.359,46.756],[10.355,46.752],[10.355,46.75]]],[[[10.253,46.858],[10.251,46.858],[10.25,46.86],[10.246,46.861],[10.241,46.865],[10.241,46.867],[10.248,46.874],[10.243,46.875],[10.24,46.871],[10.233,46.87],[10.232,46.874],[10.233,46.877],[10.237,46.877],[10.24,46.879],[10.24,46.885],[10.243,46.882],[10.247,46.883],[10.258,46.876],[10.254,46.869],[10.259,46.865],[10.253,46.858]]],[[[10.18,46.846],[10.177,46.846],[10.171,46.851],[10.178,46.855],[10.175,46.858],[10.18,46.858],[10.197,46.867],[10.21,46.866],[10.2,46.862],[10.193,46.854],[10.184,46.853],[10.18,46.846]]],[[[10.118,46.83],[10.109,46.827],[10.108,46.83],[10.103,46.833],[10.093,46.834],[10.09,46.836],[10.08,46.833],[10.08,46.831],[10.077,46.831],[10.073,46.828],[10.07,46.828],[10.072,46.833],[10.077,46.838],[10.08,46.836],[10.08,46.84],[10.084,46.842],[10.081,46.842],[10.078,46.845],[10.076,46.844],[10.079,46.842],[10.07,46.838],[10.068,46.833],[10.064,46.834],[10.061,46.833],[10.056,46.836],[10.06,46.838],[10.06,46.84],[10.074,46.847],[10.062,46.851],[10.059,46.854],[10.065,46.856],[10.062,46.858],[10.088,46.86],[10.088,46.857],[10.092,46.855],[10.094,46.851],[10.096,46.851],[10.095,46.848],[10.105,46.841],[10.103,46.838],[10.117,46.839],[10.118,46.836],[10.11,46.836],[10.109,46.834],[10.113,46.83],[10.116,46.832],[10.118,46.83]]],[[[10.063,46.818],[10.06,46.816],[10.053,46.819],[10.042,46.82],[10.057,46.823],[10.06,46.827],[10.062,46.827],[10.065,46.824],[10.061,46.822],[10.063,46.818]]],[[[9.987,46.38],[9.98,46.38],[9.98,46.382],[9.984,46.382],[9.989,46.385],[9.99,46.387],[9.986,46.389],[9.987,46.396],[9.991,46.399],[9.994,46.395],[9.997,46.397],[10.001,46.396],[10.001,46.394],[9.997,46.391],[9.993,46.392],[9.991,46.389],[9.99,46.382],[9.987,46.38]]],[[[9.995,46.356],[9.985,46.354],[9.982,46.355],[9.976,46.362],[9.966,46.364],[9.966,46.374],[9.972,46.379],[9.977,46.38],[9.98,46.374],[9.978,46.372],[9.979,46.367],[9.983,46.364],[9.989,46.366],[9.995,46.365],[9.997,46.362],[9.997,46.358],[9.995,46.356]]],[[[9.938,46.377],[9.928,46.369],[9.919,46.373],[9.914,46.373],[9.912,46.377],[9.908,46.38],[9.905,46.387],[9.909,46.387],[9.912,46.392],[9.922,46.39],[9.928,46.391],[9.925,46.393],[9.926,46.395],[9.929,46.395],[9.942,46.39],[9.945,46.384],[9.947,46.393],[9.952,46.398],[9.955,46.399],[9.964,46.394],[9.962,46.392],[9.964,46.391],[9.966,46.392],[9.968,46.397],[9.974,46.39],[9.971,46.382],[9.967,46.38],[9.948,46.381],[9.944,46.378],[9.938,46.377]]],[[[9.968,46.397],[9.968,46.399],[9.973,46.401],[9.975,46.404],[9.98,46.401],[9.978,46.396],[9.968,46.397]]],[[[9.974,46.39],[9.981,46.395],[9.981,46.39],[9.974,46.39]]],[[[9.943,46.692],[9.942,46.689],[9.941,46.692],[9.931,46.699],[9.933,46.701],[9.936,46.699],[9.949,46.697],[9.949,46.694],[9.943,46.692]]],[[[9.78,46.339],[9.767,46.338],[9.754,46.347],[9.748,46.349],[9.74,46.356],[9.741,46.359],[9.737,46.363],[9.739,46.364],[9.742,46.361],[9.745,46.362],[9.758,46.356],[9.765,46.357],[9.769,46.36],[9.77,46.365],[9.768,46.367],[9.768,46.372],[9.772,46.373],[9.775,46.369],[9.778,46.37],[9.784,46.365],[9.788,46.365],[9.788,46.358],[9.791,46.356],[9.797,46.356],[9.8,46.358],[9.805,46.366],[9.811,46.368],[9.817,46.367],[9.819,46.368],[9.82,46.371],[9.817,46.371],[9.812,46.375],[9.812,46.38],[9.81,46.382],[9.811,46.384],[9.821,46.388],[9.824,46.385],[9.828,46.386],[9.83,46.384],[9.834,46.384],[9.837,46.382],[9.844,46.382],[9.847,46.385],[9.861,46.383],[9.863,46.385],[9.862,46.388],[9.859,46.39],[9.86,46.391],[9.864,46.391],[9.867,46.389],[9.87,46.392],[9.873,46.389],[9.877,46.389],[9.877,46.392],[9.88,46.396],[9.887,46.394],[9.885,46.396],[9.893,46.397],[9.902,46.391],[9.902,46.386],[9.905,46.385],[9.899,46.379],[9.896,46.381],[9.886,46.374],[9.873,46.377],[9.872,46.376],[9.876,46.376],[9.879,46.374],[9.879,46.371],[9.872,46.364],[9.846,46.365],[9.843,46.363],[9.836,46.363],[9.83,46.361],[9.828,46.357],[9.823,46.354],[9.813,46.352],[9.807,46.348],[9.793,46.345],[9.78,46.339]]],[[[9.716,46.348],[9.715,46.335],[9.71,46.344],[9.714,46.35],[9.713,46.353],[9.714,46.355],[9.719,46.356],[9.721,46.355],[9.721,46.352],[9.733,46.35],[9.719,46.35],[9.716,46.348]]],[[[9.644,46.289],[9.625,46.288],[9.624,46.289],[9.625,46.291],[9.629,46.291],[9.629,46.294],[9.632,46.298],[9.639,46.302],[9.642,46.309],[9.648,46.307],[9.649,46.304],[9.655,46.301],[9.651,46.309],[9.662,46.308],[9.657,46.311],[9.657,46.313],[9.663,46.315],[9.675,46.324],[9.679,46.325],[9.685,46.326],[9.688,46.319],[9.685,46.319],[9.683,46.317],[9.685,46.314],[9.689,46.313],[9.691,46.305],[9.697,46.315],[9.701,46.317],[9.705,46.318],[9.706,46.314],[9.709,46.314],[9.709,46.317],[9.711,46.317],[9.714,46.321],[9.711,46.323],[9.71,46.326],[9.715,46.33],[9.716,46.325],[9.714,46.296],[9.71,46.295],[9.687,46.297],[9.681,46.301],[9.678,46.301],[9.677,46.302],[9.678,46.304],[9.665,46.305],[9.663,46.304],[9.662,46.299],[9.659,46.297],[9.652,46.297],[9.649,46.295],[9.649,46.291],[9.644,46.289]]],[[[9.508,46.37],[9.492,46.367],[9.489,46.37],[9.479,46.37],[9.473,46.372],[9.47,46.375],[9.466,46.375],[9.462,46.378],[9.469,46.389],[9.466,46.393],[9.468,46.41],[9.471,46.408],[9.477,46.41],[9.483,46.409],[9.482,46.406],[9.477,46.402],[9.482,46.4],[9.482,46.395],[9.474,46.386],[9.476,46.377],[9.479,46.38],[9.486,46.382],[9.499,46.389],[9.501,46.388],[9.502,46.384],[9.506,46.385],[9.509,46.383],[9.51,46.386],[9.512,46.387],[9.518,46.386],[9.531,46.381],[9.531,46.378],[9.533,46.381],[9.533,46.385],[9.535,46.387],[9.538,46.387],[9.535,46.388],[9.529,46.394],[9.536,46.401],[9.545,46.402],[9.555,46.4],[9.558,46.405],[9.557,46.407],[9.559,46.408],[9.565,46.408],[9.5674545455,46.4071818182],[9.567,46.409],[9.572,46.411],[9.569,46.416],[9.572,46.417],[9.578,46.414],[9.582,46.417],[9.585,46.414],[9.591,46.415],[9.594,46.413],[9.591,46.407],[9.582,46.402],[9.582,46.396],[9.585,46.393],[9.584,46.392],[9.571,46.39],[9.564,46.387],[9.563,46.382],[9.561,46.382],[9.56,46.38],[9.574,46.386],[9.577,46.385],[9.581,46.386],[9.582,46.384],[9.587,46.382],[9.59,46.384],[9.59,46.386],[9.594,46.388],[9.599,46.386],[9.59,46.377],[9.587,46.376],[9.58,46.378],[9.574,46.375],[9.557,46.371],[9.548,46.373],[9.541,46.37],[9.531,46.371],[9.521,46.368],[9.517,46.37],[9.508,46.37]]],[[[9.327,46.902],[9.316,46.902],[9.312,46.906],[9.306,46.907],[9.293,46.906],[9.289,46.909],[9.303,46.908],[9.309,46.91],[9.316,46.907],[9.319,46.908],[9.329,46.904],[9.334,46.904],[9.327,46.902]]],[[[9.286,46.88],[9.269,46.879],[9.259,46.881],[9.256,46.884],[9.246,46.88],[9.243,46.881],[9.238,46.885],[9.237,46.89],[9.244,46.896],[9.245,46.899],[9.243,46.903],[9.242,46.896],[9.237,46.897],[9.235,46.894],[9.235,46.89],[9.23,46.89],[9.226,46.888],[9.226,46.89],[9.221,46.894],[9.226,46.903],[9.225,46.906],[9.217,46.908],[9.224,46.911],[9.23,46.908],[9.231,46.91],[9.237,46.912],[9.237,46.914],[9.244,46.92],[9.244,46.923],[9.247,46.927],[9.251,46.927],[9.257,46.922],[9.26,46.923],[9.267,46.919],[9.261,46.914],[9.266,46.912],[9.263,46.909],[9.269,46.905],[9.266,46.901],[9.261,46.901],[9.26,46.894],[9.263,46.888],[9.259,46.887],[9.262,46.884],[9.268,46.882],[9.286,46.88]]],[[[9.275,46.464],[9.271,46.462],[9.267,46.471],[9.275,46.478],[9.276,46.475],[9.272,46.473],[9.271,46.466],[9.275,46.464]]],[[[9.253,46.451],[9.248,46.449],[9.243,46.451],[9.242,46.453],[9.259,46.455],[9.259,46.457],[9.268,46.462],[9.269,46.46],[9.267,46.457],[9.268,46.455],[9.261,46.451],[9.253,46.451]]],[[[9.251,47.004],[9.247,47.004],[9.247,47.007],[9.245,47.009],[9.247,47.014],[9.257,47.007],[9.261,47.006],[9.253,47.006],[9.251,47.004]]],[[[9.131,46.855],[9.13,46.858],[9.123,46.86],[9.131,46.862],[9.134,46.868],[9.144,46.875],[9.146,46.878],[9.146,46.882],[9.148,46.883],[9.151,46.882],[9.17,46.891],[9.174,46.887],[9.177,46.888],[9.179,46.886],[9.19,46.885],[9.194,46.886],[9.191,46.888],[9.204,46.89],[9.202,46.893],[9.203,46.895],[9.214,46.896],[9.217,46.892],[9.214,46.89],[9.215,46.888],[9.228,46.879],[9.229,46.876],[9.225,46.874],[9.227,46.87],[9.21,46.873],[9.207,46.872],[9.203,46.867],[9.196,46.869],[9.19,46.866],[9.176,46.864],[9.17,46.867],[9.17,46.864],[9.163,46.864],[9.157,46.862],[9.146,46.866],[9.151,46.873],[9.147,46.874],[9.146,46.871],[9.14,46.865],[9.139,46.862],[9.14,46.857],[9.137,46.856],[9.134,46.859],[9.131,46.858],[9.131,46.855]],[[9.151,46.873],[9.154,46.871],[9.158,46.875],[9.151,46.873]]],[[[9.041,46.827],[9.037,46.827],[9.04,46.832],[9.038,46.841],[9.042,46.852],[9.045,46.855],[9.051,46.848],[9.055,46.85],[9.049,46.857],[9.05,46.863],[9.049,46.866],[9.055,46.869],[9.059,46.869],[9.062,46.874],[9.065,46.87],[9.066,46.872],[9.062,46.875],[9.052,46.868],[9.045,46.866],[9.047,46.863],[9.045,46.861],[9.041,46.863],[9.04,46.866],[9.032,46.87],[9.036,46.872],[9.042,46.87],[9.049,46.871],[9.062,46.88],[9.069,46.881],[9.072,46.878],[9.084,46.876],[9.088,46.878],[9.09,46.876],[9.098,46.876],[9.101,46.873],[9.105,46.873],[9.108,46.871],[9.108,46.867],[9.104,46.868],[9.101,46.863],[9.104,46.864],[9.107,46.858],[9.121,46.856],[9.111,46.852],[9.107,46.852],[9.101,46.858],[9.085,46.862],[9.075,46.868],[9.072,46.864],[9.068,46.868],[9.067,46.865],[9.073,46.854],[9.071,46.852],[9.071,46.847],[9.068,46.849],[9.064,46.847],[9.069,46.843],[9.067,46.838],[9.069,46.836],[9.064,46.834],[9.058,46.836],[9.051,46.835],[9.044,46.832],[9.041,46.827]],[[9.101,46.863],[9.097,46.865],[9.101,46.861],[9.101,46.863]]],[[[9.085,46.474],[9.083,46.473],[9.077,46.476],[9.076,46.482],[9.07,46.483],[9.066,46.48],[9.06,46.48],[9.057,46.478],[9.053,46.481],[9.05,46.48],[9.048,46.483],[9.049,46.488],[9.051,46.492],[9.054,46.494],[9.064,46.491],[9.073,46.492],[9.075,46.49],[9.076,46.484],[9.083,46.487],[9.086,46.486],[9.091,46.48],[9.09,46.478],[9.085,46.476],[9.085,46.474]]],[[[9.046,46.501],[9.038,46.493],[9.034,46.495],[9.028,46.503],[9.02,46.504],[9.025,46.506],[9.022,46.511],[9.028,46.511],[9.029,46.51],[9.026,46.506],[9.028,46.505],[9.031,46.505],[9.035,46.509],[9.041,46.508],[9.043,46.506],[9.043,46.503],[9.046,46.501]]],[[[8.987,46.995],[8.984,46.998],[8.976,47.001],[8.997,47.013],[9.004,47.012],[9.007,47.01],[9.01,47.008],[9.007,47.005],[8.998,47.003],[9.001,46.999],[9.0,46.998],[8.987,46.995]]],[[[9.007,47.01],[9.014,47.011],[9.016,47.01],[9.007,47.01]]],[[[8.958,46.806],[8.957,46.808],[8.96,46.811],[8.96,46.813],[8.965,46.816],[8.969,46.815],[8.972,46.816],[8.978,46.82],[8.988,46.815],[8.986,46.812],[8.971,46.81],[8.974,46.808],[8.966,46.806],[8.969,46.804],[8.967,46.801],[8.962,46.8],[8.958,46.802],[8.958,46.806]]],[[[8.984,46.628],[8.973,46.627],[8.968,46.63],[8.968,46.633],[8.972,46.635],[8.973,46.638],[8.977,46.637],[8.975,46.635],[8.976,46.634],[8.987,46.63],[8.984,46.628]]],[[[8.969,46.606],[8.956,46.6],[8.953,46.604],[8.948,46.606],[8.956,46.61],[8.966,46.61],[8.969,46.612],[8.981,46.608],[8.972,46.605],[8.969,46.606]]],[[[8.933,46.937],[8.924,46.937],[8.932,46.939],[8.927,46.944],[8.916,46.947],[8.928,46.95],[8.932,46.953],[8.936,46.953],[8.941,46.941],[8.933,46.937]]],[[[8.936,46.953],[8.936,46.955],[8.93,46.956],[8.917,46.952],[8.89,46.953],[8.887,46.952],[8.882,46.953],[8.892,46.958],[8.884,46.956],[8.882,46.958],[8.9,46.964],[8.907,46.969],[8.914,46.968],[8.916,46.966],[8.91,46.964],[8.913,46.96],[8.917,46.96],[8.927,46.969],[8.931,46.968],[8.925,46.962],[8.926,46.959],[8.93,46.96],[8.933,46.958],[8.936,46.959],[8.933,46.962],[8.937,46.965],[8.937,46.959],[8.94,46.959],[8.942,46.961],[8.942,46.964],[8.95,46.969],[8.956,46.965],[8.967,46.961],[8.961,46.957],[8.959,46.954],[8.96,46.952],[8.956,46.951],[8.956,46.955],[8.943,46.953],[8.936,46.953]]],[[[8.951,46.619],[8.946,46.62],[8.95,46.624],[8.947,46.626],[8.944,46.622],[8.937,46.622],[8.934,46.624],[8.933,46.629],[8.94,46.63],[8.947,46.627],[8.952,46.631],[8.951,46.633],[8.954,46.635],[8.959,46.631],[8.957,46.628],[8.958,46.626],[8.951,46.619]]],[[[8.928,46.921],[8.925,46.921],[8.925,46.923],[8.928,46.926],[8.936,46.928],[8.939,46.931],[8.942,46.932],[8.948,46.928],[8.936,46.926],[8.928,46.921]]],[[[8.819,46.845],[8.821,46.8446666667],[8.819,46.846],[8.822,46.849],[8.828,46.848],[8.823,46.846],[8.8222307692,46.8444615385],[8.825,46.844],[8.835,46.849],[8.839,46.848],[8.839,46.844],[8.836,46.841],[8.842,46.841],[8.845,46.843],[8.847,46.852],[8.842,46.86],[8.851,46.861],[8.855,46.863],[8.857,46.859],[8.851,46.855],[8.849,46.852],[8.85,46.85],[8.856,46.85],[8.855,46.852],[8.858,46.853],[8.868,46.849],[8.874,46.851],[8.884,46.85],[8.881,46.852],[8.884,46.855],[8.888,46.856],[8.891,46.855],[8.892,46.859],[8.894,46.86],[8.898,46.861],[8.901,46.858],[8.906,46.858],[8.907,46.861],[8.911,46.864],[8.914,46.871],[8.918,46.872],[8.925,46.865],[8.914,46.861],[8.917,46.859],[8.937,46.861],[8.939,46.86],[8.935,46.858],[8.936,46.854],[8.927,46.853],[8.924,46.85],[8.92,46.85],[8.917,46.852],[8.914,46.849],[8.911,46.853],[8.908,46.852],[8.906,46.847],[8.902,46.843],[8.894,46.839],[8.897,46.838],[8.9,46.834],[8.898,46.829],[8.893,46.828],[8.89,46.825],[8.89,46.823],[8.897,46.827],[8.907,46.827],[8.91,46.824],[8.917,46.827],[8.914,46.82],[8.916,46.818],[8.923,46.822],[8.928,46.813],[8.931,46.811],[8.929,46.809],[8.939,46.808],[8.943,46.811],[8.947,46.808],[8.943,46.806],[8.948,46.804],[8.945,46.802],[8.939,46.802],[8.929,46.794],[8.922,46.792],[8.919,46.789],[8.914,46.791],[8.913,46.798],[8.916,46.8],[8.908,46.802],[8.913,46.805],[8.913,46.81],[8.898,46.814],[8.897,46.811],[8.899,46.809],[8.892,46.809],[8.8833333333,46.8133333333],[8.884,46.812],[8.882,46.812],[8.8828,46.8136],[8.88,46.815],[8.877,46.814],[8.876,46.812],[8.885,46.805],[8.882,46.8],[8.876,46.8],[8.874,46.803],[8.875,46.807],[8.873,46.808],[8.87,46.806],[8.867,46.808],[8.864,46.807],[8.868,46.805],[8.867,46.802],[8.861,46.803],[8.862,46.805],[8.86,46.807],[8.857,46.806],[8.853,46.801],[8.85,46.801],[8.849,46.796],[8.851,46.794],[8.852,46.789],[8.849,46.789],[8.849,46.792],[8.843,46.794],[8.845,46.79],[8.844,46.787],[8.84,46.787],[8.837,46.785],[8.833,46.786],[8.835,46.79],[8.834,46.796],[8.827,46.791],[8.824,46.792],[8.82,46.789],[8.82,46.794],[8.824,46.794],[8.822,46.797],[8.825,46.799],[8.82,46.806],[8.837,46.81],[8.84,46.812],[8.84,46.814],[8.831,46.823],[8.828,46.824],[8.813,46.819],[8.802,46.822],[8.8,46.824],[8.812,46.826],[8.813,46.828],[8.805,46.83],[8.807,46.833],[8.802,46.835],[8.799,46.84],[8.802,46.842],[8.819,46.845]],[[8.929,46.809],[8.926,46.81],[8.924,46.809],[8.926,46.807],[8.929,46.809]]],[[[8.916,46.595],[8.911,46.595],[8.913,46.597],[8.911,46.6],[8.907,46.6],[8.904,46.604],[8.897,46.607],[8.897,46.609],[8.892,46.611],[8.888,46.61],[8.881,46.612],[8.881,46.623],[8.885,46.624],[8.888,46.623],[8.891,46.626],[8.895,46.623],[8.898,46.628],[8.901,46.625],[8.904,46.625],[8.906,46.627],[8.905,46.631],[8.908,46.633],[8.912,46.633],[8.914,46.636],[8.918,46.637],[8.923,46.636],[8.925,46.633],[8.924,46.631],[8.927,46.63],[8.933,46.624],[8.931,46.622],[8.921,46.623],[8.919,46.622],[8.917,46.617],[8.914,46.616],[8.911,46.612],[8.906,46.611],[8.91,46.609],[8.913,46.604],[8.917,46.604],[8.919,46.602],[8.917,46.598],[8.914,46.597],[8.916,46.595]]],[[[8.901,46.975],[8.894,46.974],[8.889,46.976],[8.891,46.978],[8.883,46.98],[8.883,46.991],[8.881,46.994],[8.892,47.0],[8.896,47.0],[8.897,47.003],[8.901,47.001],[8.905,47.002],[8.908,47.005],[8.909,47.002],[8.912,47.0],[8.908,46.995],[8.913,46.996],[8.916,46.993],[8.91,46.991],[8.911,46.988],[8.929,46.986],[8.928,46.984],[8.921,46.981],[8.911,46.981],[8.909,46.982],[8.908,46.986],[8.904,46.985],[8.903,46.98],[8.904,46.978],[8.906,46.978],[8.901,46.975]]],[[[8.905,46.586],[8.897,46.585],[8.89,46.589],[8.897,46.59],[8.9,46.589],[8.903,46.591],[8.903,46.593],[8.91,46.595],[8.912,46.593],[8.906,46.589],[8.905,46.586]]],[[[8.861,46.58],[8.864,46.578],[8.857,46.577],[8.856,46.578],[8.861,46.58]]],[[[8.864,46.578],[8.864,46.583],[8.87,46.585],[8.88,46.582],[8.881,46.58],[8.877,46.578],[8.872,46.578],[8.868,46.576],[8.867,46.573],[8.861,46.573],[8.866,46.576],[8.864,46.578]]],[[[8.869,46.885],[8.852,46.879],[8.843,46.882],[8.848,46.884],[8.849,46.886],[8.856,46.884],[8.859,46.889],[8.866,46.892],[8.869,46.888],[8.869,46.885]]],[[[8.853,46.567],[8.831,46.567],[8.834,46.571],[8.841,46.575],[8.844,46.574],[8.845,46.571],[8.839,46.569],[8.851,46.569],[8.853,46.567]]],[[[8.824,46.756],[8.819,46.751],[8.817,46.756],[8.82,46.758],[8.821,46.761],[8.816,46.763],[8.815,46.767],[8.817,46.77],[8.817,46.774],[8.815,46.776],[8.821,46.779],[8.822,46.781],[8.818,46.785],[8.824,46.789],[8.828,46.787],[8.829,46.783],[8.828,46.778],[8.824,46.776],[8.827,46.774],[8.83,46.778],[8.836,46.772],[8.836,46.769],[8.847,46.765],[8.839,46.761],[8.836,46.757],[8.831,46.76],[8.835,46.763],[8.833,46.766],[8.83,46.765],[8.826,46.768],[8.823,46.767],[8.82,46.765],[8.823,46.764],[8.826,46.767],[8.83,46.764],[8.83,46.761],[8.828,46.76],[8.829,46.758],[8.824,46.756]]],[[[8.793,46.72],[8.786,46.718],[8.783,46.722],[8.779,46.719],[8.776,46.721],[8.774,46.723],[8.776,46.725],[8.779,46.724],[8.78,46.725],[8.778,46.727],[8.779,46.73],[8.777,46.732],[8.778,46.734],[8.777,46.736],[8.767,46.733],[8.764,46.734],[8.767,46.737],[8.768,46.741],[8.763,46.746],[8.767,46.748],[8.765,46.752],[8.77,46.756],[8.773,46.754],[8.777,46.754],[8.778,46.752],[8.777,46.749],[8.787,46.75],[8.788,46.745],[8.793,46.742],[8.796,46.744],[8.8,46.742],[8.806,46.745],[8.809,46.743],[8.813,46.745],[8.812,46.747],[8.816,46.748],[8.819,46.746],[8.823,46.748],[8.838,46.747],[8.836,46.745],[8.833,46.745],[8.835,46.742],[8.832,46.74],[8.834,46.736],[8.832,46.735],[8.826,46.736],[8.822,46.739],[8.819,46.736],[8.819,46.738],[8.816,46.74],[8.809,46.739],[8.807,46.736],[8.797,46.729],[8.788,46.732],[8.789,46.729],[8.786,46.729],[8.785,46.727],[8.786,46.724],[8.793,46.72]],[[8.832,46.74],[8.83,46.742],[8.832,46.745],[8.829,46.745],[8.827,46.742],[8.827,46.74],[8.829,46.739],[8.832,46.74]]],[[[8.785,46.81],[8.774,46.813],[8.785,46.818],[8.791,46.819],[8.792,46.821],[8.799,46.819],[8.8,46.817],[8.798,46.814],[8.785,46.81]]],[[[8.783,46.601],[8.766,46.599],[8.762,46.602],[8.763,46.604],[8.767,46.603],[8.778,46.606],[8.777,46.611],[8.773,46.61],[8.77,46.612],[8.777,46.619],[8.776,46.622],[8.78,46.62],[8.794,46.619],[8.787,46.618],[8.785,46.615],[8.788,46.613],[8.786,46.61],[8.78,46.608],[8.785,46.604],[8.783,46.601]]],[[[8.76,46.561],[8.743,46.556],[8.74,46.558],[8.73,46.557],[8.726,46.558],[8.722,46.562],[8.727,46.565],[8.736,46.565],[8.746,46.562],[8.749,46.563],[8.76,46.561]]],[[[8.707,46.571],[8.704,46.577],[8.711,46.58],[8.717,46.588],[8.724,46.586],[8.722,46.584],[8.73,46.581],[8.734,46.583],[8.737,46.58],[8.74,46.582],[8.743,46.588],[8.747,46.59],[8.751,46.584],[8.747,46.582],[8.748,46.579],[8.745,46.577],[8.745,46.575],[8.74,46.574],[8.737,46.576],[8.73,46.575],[8.724,46.577],[8.72,46.574],[8.714,46.573],[8.714,46.571],[8.71,46.572],[8.707,46.571]]],[[[8.724,46.586],[8.727,46.59],[8.732,46.586],[8.724,46.586]]],[[[8.738,46.429],[8.736,46.428],[8.73,46.429],[8.727,46.432],[8.723,46.432],[8.719,46.436],[8.724,46.439],[8.732,46.438],[8.732,46.435],[8.738,46.431],[8.738,46.429]]],[[[8.604,46.556],[8.606,46.558],[8.606,46.555],[8.604,46.556]]],[[[8.606,46.558],[8.603,46.559],[8.601,46.563],[8.609,46.564],[8.616,46.562],[8.62,46.565],[8.618,46.569],[8.621,46.572],[8.619,46.573],[8.616,46.57],[8.609,46.573],[8.603,46.573],[8.6,46.575],[8.593,46.57],[8.59,46.57],[8.583,46.575],[8.578,46.581],[8.584,46.583],[8.587,46.579],[8.59,46.579],[8.59,46.583],[8.593,46.582],[8.6,46.585],[8.607,46.583],[8.603,46.59],[8.598,46.592],[8.606,46.597],[8.604,46.599],[8.607,46.601],[8.61,46.599],[8.612,46.601],[8.607,46.603],[8.603,46.599],[8.597,46.598],[8.591,46.601],[8.592,46.606],[8.601,46.606],[8.604,46.604],[8.61,46.607],[8.613,46.605],[8.614,46.601],[8.62,46.599],[8.623,46.594],[8.628,46.59],[8.625,46.587],[8.626,46.585],[8.629,46.588],[8.644,46.585],[8.643,46.576],[8.645,46.575],[8.648,46.576],[8.649,46.581],[8.658,46.589],[8.672,46.588],[8.675,46.586],[8.68,46.593],[8.685,46.597],[8.688,46.594],[8.691,46.597],[8.695,46.598],[8.704,46.589],[8.706,46.589],[8.704,46.588],[8.703,46.584],[8.705,46.584],[8.708,46.588],[8.709,46.582],[8.704,46.58],[8.702,46.569],[8.709,46.564],[8.704,46.561],[8.694,46.564],[8.694,46.567],[8.691,46.567],[8.686,46.571],[8.688,46.573],[8.695,46.575],[8.691,46.582],[8.685,46.583],[8.681,46.581],[8.672,46.582],[8.661,46.576],[8.661,46.573],[8.654,46.574],[8.654,46.571],[8.652,46.57],[8.642,46.567],[8.635,46.567],[8.617,46.558],[8.609,46.557],[8.606,46.558]]],[[[8.611,46.464],[8.607,46.462],[8.597,46.469],[8.58,46.471],[8.591,46.475],[8.594,46.472],[8.597,46.474],[8.607,46.47],[8.611,46.471],[8.613,46.468],[8.611,46.464]]],[[[8.474,46.445],[8.47,46.441],[8.463,46.447],[8.462,46.454],[8.48,46.461],[8.47,46.462],[8.464,46.465],[8.474,46.465],[8.477,46.463],[8.48,46.465],[8.475,46.472],[8.478,46.472],[8.48,46.47],[8.487,46.47],[8.491,46.474],[8.489,46.476],[8.49,46.478],[8.493,46.48],[8.498,46.476],[8.503,46.475],[8.51,46.478],[8.513,46.477],[8.523,46.48],[8.526,46.475],[8.539,46.479],[8.549,46.478],[8.545,46.473],[8.548,46.469],[8.55,46.469],[8.559,46.477],[8.568,46.474],[8.574,46.478],[8.577,46.478],[8.578,46.473],[8.565,46.472],[8.562,46.469],[8.548,46.465],[8.542,46.466],[8.54,46.464],[8.541,46.462],[8.539,46.461],[8.534,46.462],[8.537,46.465],[8.537,46.467],[8.532,46.465],[8.529,46.467],[8.532,46.469],[8.529,46.47],[8.519,46.465],[8.511,46.467],[8.506,46.465],[8.503,46.461],[8.5,46.465],[8.493,46.464],[8.492,46.456],[8.503,46.451],[8.483,46.446],[8.477,46.446],[8.474,46.445]]],[[[8.519,46.465],[8.524,46.462],[8.518,46.462],[8.519,46.465]]],[[[8.427,46.756],[8.425,46.758],[8.427,46.766],[8.439,46.771],[8.442,46.774],[8.443,46.778],[8.45,46.777],[8.457,46.779],[8.46,46.778],[8.463,46.78],[8.47,46.775],[8.473,46.778],[8.479,46.78],[8.486,46.779],[8.487,46.784],[8.493,46.786],[8.496,46.785],[8.499,46.787],[8.504,46.786],[8.509,46.788],[8.511,46.793],[8.515,46.795],[8.517,46.798],[8.526,46.797],[8.531,46.8],[8.539,46.799],[8.54,46.797],[8.545,46.795],[8.559,46.795],[8.559,46.79],[8.572,46.788],[8.573,46.786],[8.568,46.782],[8.564,46.784],[8.559,46.784],[8.555,46.782],[8.552,46.783],[8.548,46.782],[8.542,46.775],[8.543,46.77],[8.546,46.768],[8.541,46.766],[8.543,46.764],[8.543,46.761],[8.541,46.759],[8.535,46.761],[8.535,46.764],[8.532,46.768],[8.532,46.772],[8.531,46.77],[8.522,46.767],[8.521,46.773],[8.529,46.775],[8.525,46.778],[8.519,46.773],[8.512,46.778],[8.516,46.773],[8.512,46.77],[8.507,46.771],[8.508,46.775],[8.506,46.777],[8.499,46.776],[8.498,46.775],[8.5,46.771],[8.493,46.768],[8.492,46.771],[8.495,46.773],[8.489,46.774],[8.485,46.769],[8.486,46.766],[8.49,46.764],[8.483,46.763],[8.473,46.768],[8.472,46.767],[8.475,46.764],[8.473,46.761],[8.469,46.759],[8.46,46.764],[8.46,46.768],[8.452,46.767],[8.445,46.762],[8.447,46.761],[8.447,46.758],[8.443,46.755],[8.446,46.754],[8.45,46.757],[8.453,46.755],[8.453,46.751],[8.457,46.749],[8.453,46.746],[8.454,46.744],[8.449,46.741],[8.443,46.74],[8.44,46.746],[8.436,46.74],[8.43,46.741],[8.427,46.744],[8.425,46.744],[8.423,46.748],[8.422,46.744],[8.42,46.743],[8.409,46.747],[8.418,46.749],[8.412,46.754],[8.414,46.754],[8.417,46.757],[8.421,46.758],[8.424,46.756],[8.427,46.756]],[[8.427,46.756],[8.428,46.756],[8.43,46.758],[8.427,46.756]]],[[[8.56,46.426],[8.557,46.424],[8.55,46.426],[8.544,46.435],[8.535,46.438],[8.535,46.443],[8.541,46.444],[8.545,46.448],[8.549,46.449],[8.543,46.453],[8.546,46.455],[8.545,46.457],[8.542,46.456],[8.54,46.46],[8.542,46.462],[8.552,46.458],[8.561,46.462],[8.571,46.46],[8.572,46.457],[8.554,46.453],[8.558,46.449],[8.56,46.449],[8.551,46.442],[8.559,46.44],[8.553,46.433],[8.56,46.426]]],[[[8.421,46.497],[8.419,46.495],[8.415,46.502],[8.419,46.507],[8.422,46.504],[8.432,46.505],[8.435,46.503],[8.44,46.504],[8.438,46.513],[8.446,46.517],[8.442,46.52],[8.445,46.522],[8.449,46.521],[8.447,46.524],[8.449,46.525],[8.449,46.527],[8.442,46.529],[8.44,46.531],[8.445,46.533],[8.435,46.535],[8.439,46.537],[8.433,46.541],[8.426,46.542],[8.426,46.545],[8.42,46.543],[8.413,46.543],[8.412,46.542],[8.414,46.54],[8.41,46.537],[8.402,46.538],[8.402,46.54],[8.407,46.542],[8.409,46.547],[8.401,46.551],[8.404,46.554],[8.397,46.553],[8.396,46.56],[8.401,46.565],[8.409,46.56],[8.417,46.559],[8.419,46.56],[8.418,46.565],[8.415,46.569],[8.416,46.574],[8.427,46.574],[8.43,46.572],[8.434,46.573],[8.434,46.576],[8.436,46.578],[8.443,46.577],[8.445,46.58],[8.453,46.581],[8.466,46.577],[8.469,46.578],[8.473,46.575],[8.469,46.575],[8.466,46.572],[8.459,46.571],[8.456,46.572],[8.456,46.569],[8.457,46.566],[8.4538,46.5668],[8.451,46.564],[8.437,46.558],[8.439,46.551],[8.446,46.556],[8.466,46.558],[8.475,46.562],[8.489,46.562],[8.495,46.552],[8.488,46.552],[8.483,46.55],[8.499,46.544],[8.501,46.542],[8.503,46.544],[8.502,46.546],[8.508,46.546],[8.509,46.548],[8.514,46.55],[8.516,46.555],[8.509,46.561],[8.511,46.567],[8.517,46.573],[8.527,46.568],[8.524,46.565],[8.521,46.565],[8.519,46.561],[8.519,46.557],[8.524,46.549],[8.531,46.556],[8.534,46.554],[8.538,46.557],[8.538,46.559],[8.544,46.561],[8.548,46.559],[8.54,46.55],[8.547,46.555],[8.554,46.554],[8.556,46.552],[8.555,46.545],[8.557,46.541],[8.553,46.54],[8.55,46.541],[8.552,46.543],[8.55,46.544],[8.54,46.545],[8.537,46.544],[8.534,46.54],[8.524,46.54],[8.521,46.539],[8.521,46.537],[8.519,46.539],[8.511,46.541],[8.508,46.538],[8.498,46.535],[8.481,46.533],[8.481,46.527],[8.488,46.527],[8.488,46.525],[8.481,46.525],[8.48,46.521],[8.482,46.519],[8.478,46.513],[8.468,46.517],[8.468,46.516],[8.47,46.515],[8.469,46.512],[8.472,46.51],[8.455,46.51],[8.453,46.508],[8.452,46.501],[8.442,46.497],[8.432,46.501],[8.43,46.499],[8.421,46.497]]],[[[8.541,46.845],[8.53,46.843],[8.52,46.847],[8.518,46.849],[8.52,46.854],[8.519,46.856],[8.524,46.859],[8.532,46.851],[8.545,46.851],[8.537,46.852],[8.535,46.854],[8.543,46.856],[8.533,46.863],[8.537,46.863],[8.54,46.865],[8.547,46.86],[8.546,46.858],[8.548,46.858],[8.548,46.86],[8.553,46.863],[8.554,46.86],[8.551,46.856],[8.553,46.853],[8.548,46.851],[8.548,46.849],[8.541,46.845]]],[[[8.349,46.606],[8.346,46.606],[8.344,46.608],[8.346,46.61],[8.353,46.612],[8.352,46.617],[8.356,46.617],[8.353,46.619],[8.356,46.621],[8.356,46.624],[8.351,46.626],[8.353,46.628],[8.353,46.632],[8.346,46.631],[8.339,46.637],[8.342,46.646],[8.34,46.647],[8.337,46.645],[8.333,46.645],[8.331,46.644],[8.333,46.642],[8.33,46.64],[8.328,46.642],[8.33,46.649],[8.329,46.651],[8.33,46.652],[8.333,46.65],[8.335,46.651],[8.333,46.653],[8.34,46.66],[8.34,46.662],[8.337,46.666],[8.331,46.669],[8.327,46.674],[8.321,46.678],[8.319,46.682],[8.321,46.683],[8.327,46.681],[8.334,46.681],[8.337,46.683],[8.338,46.68],[8.34,46.679],[8.344,46.684],[8.35,46.681],[8.354,46.676],[8.369,46.677],[8.375,46.682],[8.375,46.684],[8.381,46.686],[8.377,46.689],[8.377,46.695],[8.38,46.698],[8.376,46.702],[8.379,46.704],[8.377,46.709],[8.374,46.71],[8.367,46.708],[8.365,46.709],[8.361,46.713],[8.361,46.716],[8.356,46.718],[8.361,46.722],[8.371,46.723],[8.372,46.72],[8.377,46.718],[8.375,46.722],[8.377,46.724],[8.387,46.722],[8.385,46.72],[8.387,46.719],[8.394,46.724],[8.407,46.723],[8.407,46.719],[8.399,46.713],[8.397,46.709],[8.4,46.708],[8.409,46.711],[8.413,46.71],[8.42,46.712],[8.422,46.711],[8.419,46.708],[8.426,46.711],[8.429,46.716],[8.433,46.712],[8.436,46.716],[8.439,46.715],[8.443,46.711],[8.443,46.708],[8.446,46.706],[8.448,46.71],[8.442,46.722],[8.442,46.735],[8.443,46.736],[8.446,46.734],[8.449,46.738],[8.451,46.733],[8.453,46.733],[8.454,46.731],[8.455,46.724],[8.449,46.721],[8.448,46.719],[8.45,46.719],[8.452,46.722],[8.459,46.723],[8.462,46.73],[8.466,46.727],[8.469,46.721],[8.472,46.722],[8.472,46.724],[8.475,46.726],[8.472,46.731],[8.468,46.733],[8.469,46.735],[8.476,46.739],[8.485,46.736],[8.489,46.733],[8.492,46.733],[8.49,46.73],[8.492,46.728],[8.502,46.73],[8.505,46.727],[8.508,46.728],[8.512,46.726],[8.517,46.723],[8.517,46.721],[8.52,46.719],[8.52,46.712],[8.518,46.71],[8.521,46.708],[8.528,46.71],[8.531,46.705],[8.534,46.706],[8.535,46.703],[8.543,46.701],[8.543,46.698],[8.54,46.696],[8.538,46.692],[8.538,46.687],[8.528,46.685],[8.523,46.69],[8.517,46.693],[8.515,46.692],[8.514,46.688],[8.508,46.692],[8.51,46.694],[8.501,46.698],[8.499,46.697],[8.499,46.694],[8.494,46.694],[8.481,46.703],[8.48,46.699],[8.482,46.697],[8.481,46.695],[8.478,46.696],[8.475,46.702],[8.472,46.704],[8.474,46.701],[8.474,46.695],[8.481,46.69],[8.485,46.692],[8.485,46.688],[8.487,46.685],[8.491,46.684],[8.492,46.681],[8.491,46.679],[8.494,46.677],[8.491,46.67],[8.486,46.67],[8.486,46.667],[8.481,46.665],[8.481,46.67],[8.478,46.671],[8.475,46.67],[8.473,46.665],[8.468,46.669],[8.461,46.668],[8.442,46.675],[8.438,46.675],[8.437,46.677],[8.431,46.679],[8.429,46.682],[8.425,46.682],[8.428,46.677],[8.422,46.674],[8.428,46.666],[8.435,46.664],[8.442,46.659],[8.441,46.654],[8.448,46.654],[8.453,46.65],[8.448,46.648],[8.448,46.645],[8.446,46.643],[8.447,46.641],[8.445,46.639],[8.448,46.637],[8.447,46.634],[8.457,46.631],[8.462,46.632],[8.464,46.631],[8.464,46.629],[8.468,46.629],[8.464,46.632],[8.47,46.637],[8.477,46.632],[8.483,46.634],[8.483,46.636],[8.487,46.636],[8.489,46.631],[8.486,46.629],[8.49,46.629],[8.492,46.627],[8.49,46.624],[8.483,46.621],[8.48,46.621],[8.477,46.624],[8.47,46.626],[8.464,46.623],[8.457,46.622],[8.452,46.618],[8.454,46.616],[8.457,46.62],[8.46,46.619],[8.46,46.617],[8.457,46.616],[8.464,46.609],[8.46,46.608],[8.457,46.609],[8.45,46.603],[8.445,46.596],[8.44,46.594],[8.437,46.594],[8.435,46.596],[8.434,46.6],[8.431,46.599],[8.427,46.594],[8.428,46.591],[8.426,46.587],[8.423,46.585],[8.424,46.582],[8.42,46.579],[8.417,46.581],[8.405,46.58],[8.403,46.583],[8.399,46.585],[8.397,46.589],[8.398,46.592],[8.391,46.596],[8.388,46.596],[8.391,46.587],[8.388,46.584],[8.381,46.587],[8.382,46.59],[8.375,46.591],[8.373,46.59],[8.373,46.585],[8.365,46.584],[8.362,46.578],[8.358,46.578],[8.357,46.588],[8.352,46.59],[8.349,46.594],[8.349,46.601],[8.343,46.603],[8.349,46.606]]],[[[8.529,46.807],[8.526,46.799],[8.518,46.804],[8.521,46.811],[8.52,46.813],[8.526,46.815],[8.526,46.818],[8.543,46.819],[8.543,46.817],[8.539,46.815],[8.533,46.808],[8.529,46.807]]],[[[8.484,46.832],[8.474,46.831],[8.471,46.834],[8.463,46.836],[8.474,46.844],[8.478,46.845],[8.482,46.852],[8.477,46.854],[8.481,46.857],[8.484,46.855],[8.486,46.856],[8.486,46.859],[8.484,46.859],[8.481,46.862],[8.475,46.857],[8.468,46.858],[8.465,46.861],[8.458,46.858],[8.455,46.859],[8.448,46.858],[8.443,46.861],[8.445,46.862],[8.455,46.861],[8.462,46.863],[8.462,46.866],[8.465,46.868],[8.467,46.866],[8.465,46.863],[8.468,46.861],[8.475,46.868],[8.488,46.869],[8.495,46.865],[8.495,46.861],[8.497,46.858],[8.493,46.856],[8.511,46.858],[8.516,46.856],[8.517,46.852],[8.513,46.849],[8.507,46.848],[8.501,46.842],[8.493,46.841],[8.484,46.832]]],[[[8.476,46.407],[8.472,46.406],[8.472,46.411],[8.466,46.415],[8.463,46.418],[8.463,46.42],[8.459,46.423],[8.463,46.428],[8.473,46.431],[8.474,46.434],[8.48,46.434],[8.483,46.432],[8.486,46.436],[8.486,46.434],[8.489,46.432],[8.493,46.432],[8.496,46.429],[8.499,46.428],[8.504,46.429],[8.503,46.424],[8.496,46.418],[8.495,46.415],[8.489,46.414],[8.486,46.411],[8.479,46.411],[8.476,46.407]]],[[[8.486,46.436],[8.483,46.434],[8.482,46.436],[8.486,46.436]]],[[[8.299,46.419],[8.3,46.424],[8.301,46.419],[8.299,46.419]]],[[[8.3,46.424],[8.304,46.427],[8.304,46.43],[8.303,46.44],[8.3,46.442],[8.3,46.444],[8.305,46.446],[8.311,46.443],[8.319,46.448],[8.321,46.453],[8.317,46.458],[8.317,46.461],[8.324,46.468],[8.327,46.467],[8.329,46.464],[8.323,46.457],[8.327,46.458],[8.33,46.461],[8.34,46.463],[8.343,46.466],[8.35,46.467],[8.353,46.469],[8.358,46.468],[8.355,46.466],[8.351,46.459],[8.347,46.457],[8.34,46.458],[8.332,46.455],[8.337,46.454],[8.337,46.451],[8.333,46.452],[8.325,46.448],[8.327,46.447],[8.333,46.449],[8.337,46.448],[8.346,46.454],[8.373,46.456],[8.378,46.459],[8.378,46.461],[8.373,46.465],[8.367,46.464],[8.369,46.467],[8.373,46.468],[8.379,46.465],[8.383,46.466],[8.383,46.464],[8.386,46.463],[8.408,46.468],[8.428,46.47],[8.433,46.47],[8.425,46.466],[8.419,46.466],[8.428,46.465],[8.446,46.468],[8.45,46.465],[8.418,46.463],[8.415,46.46],[8.405,46.461],[8.399,46.456],[8.389,46.452],[8.37,46.453],[8.366,46.452],[8.356,46.445],[8.346,46.441],[8.33,46.43],[8.327,46.43],[8.317,46.425],[8.307,46.425],[8.304,46.423],[8.3,46.424]]],[[[8.435,46.774],[8.424,46.772],[8.408,46.781],[8.424,46.78],[8.422,46.783],[8.427,46.788],[8.437,46.789],[8.438,46.783],[8.435,46.778],[8.435,46.774]]],[[[8.413,46.486],[8.406,46.484],[8.399,46.485],[8.396,46.489],[8.393,46.487],[8.391,46.488],[8.391,46.491],[8.385,46.493],[8.387,46.495],[8.383,46.496],[8.38,46.494],[8.378,46.495],[8.38,46.497],[8.376,46.502],[8.377,46.504],[8.365,46.504],[8.367,46.506],[8.371,46.506],[8.372,46.509],[8.381,46.511],[8.386,46.507],[8.393,46.505],[8.393,46.502],[8.397,46.502],[8.401,46.497],[8.396,46.495],[8.393,46.497],[8.392,46.495],[8.393,46.494],[8.399,46.494],[8.403,46.496],[8.406,46.501],[8.412,46.495],[8.411,46.49],[8.413,46.486]]],[[[8.386,46.765],[8.38,46.765],[8.381,46.768],[8.378,46.77],[8.381,46.772],[8.393,46.774],[8.388,46.778],[8.391,46.781],[8.395,46.778],[8.402,46.776],[8.401,46.774],[8.404,46.772],[8.402,46.769],[8.386,46.765]]],[[[8.343,46.795],[8.341,46.797],[8.344,46.799],[8.343,46.8],[8.334,46.801],[8.343,46.803],[8.354,46.797],[8.343,46.795]]],[[[8.34,46.477],[8.331,46.474],[8.324,46.475],[8.322,46.48],[8.331,46.477],[8.342,46.48],[8.345,46.477],[8.34,46.477]]],[[[8.331,46.689],[8.318,46.688],[8.313,46.689],[8.308,46.693],[8.304,46.694],[8.308,46.696],[8.318,46.695],[8.331,46.689]]],[[[8.31,46.379],[8.3,46.376],[8.299,46.379],[8.302,46.381],[8.301,46.383],[8.306,46.384],[8.308,46.386],[8.297,46.386],[8.295,46.39],[8.3,46.395],[8.29,46.398],[8.281,46.407],[8.271,46.403],[8.268,46.409],[8.265,46.406],[8.264,46.402],[8.26,46.404],[8.255,46.404],[8.249,46.402],[8.245,46.406],[8.247,46.408],[8.248,46.413],[8.26,46.415],[8.26,46.417],[8.251,46.422],[8.251,46.424],[8.252,46.425],[8.255,46.423],[8.265,46.422],[8.274,46.423],[8.276,46.422],[8.267,46.42],[8.269,46.417],[8.271,46.416],[8.278,46.419],[8.281,46.417],[8.288,46.417],[8.294,46.414],[8.295,46.413],[8.291,46.408],[8.294,46.403],[8.294,46.406],[8.303,46.407],[8.307,46.404],[8.31,46.404],[8.311,46.399],[8.314,46.397],[8.314,46.385],[8.31,46.379]]],[[[8.293,46.376],[8.29,46.377],[8.294,46.377],[8.293,46.376]]],[[[8.107,46.281],[8.102,46.281],[8.098,46.288],[8.101,46.292],[8.1,46.299],[8.104,46.303],[8.11,46.304],[8.108,46.306],[8.118,46.31],[8.119,46.313],[8.107,46.316],[8.092,46.313],[8.097,46.319],[8.095,46.322],[8.091,46.324],[8.094,46.326],[8.104,46.326],[8.107,46.324],[8.111,46.325],[8.12,46.323],[8.13,46.329],[8.133,46.328],[8.137,46.33],[8.142,46.326],[8.142,46.324],[8.133,46.317],[8.133,46.314],[8.153,46.324],[8.156,46.324],[8.157,46.319],[8.152,46.315],[8.153,46.312],[8.149,46.312],[8.146,46.308],[8.15,46.303],[8.156,46.303],[8.155,46.306],[8.162,46.31],[8.166,46.304],[8.169,46.307],[8.169,46.309],[8.167,46.31],[8.169,46.311],[8.179,46.312],[8.185,46.316],[8.189,46.312],[8.193,46.319],[8.205,46.32],[8.207,46.323],[8.206,46.332],[8.214,46.337],[8.215,46.342],[8.221,46.343],[8.227,46.341],[8.225,46.344],[8.221,46.344],[8.221,46.347],[8.228,46.347],[8.241,46.352],[8.246,46.352],[8.239,46.357],[8.241,46.359],[8.238,46.358],[8.237,46.359],[8.238,46.366],[8.248,46.369],[8.251,46.367],[8.254,46.369],[8.264,46.371],[8.27,46.377],[8.275,46.377],[8.277,46.379],[8.287,46.378],[8.293,46.374],[8.287,46.372],[8.29,46.372],[8.291,46.37],[8.284,46.365],[8.267,46.368],[8.264,46.366],[8.258,46.359],[8.258,46.354],[8.261,46.352],[8.26,46.347],[8.251,46.347],[8.248,46.345],[8.247,46.342],[8.231,46.34],[8.225,46.337],[8.225,46.334],[8.218,46.33],[8.218,46.325],[8.215,46.323],[8.214,46.319],[8.208,46.315],[8.205,46.318],[8.203,46.317],[8.204,46.314],[8.211,46.31],[8.204,46.307],[8.198,46.308],[8.197,46.305],[8.191,46.302],[8.172,46.299],[8.165,46.296],[8.162,46.298],[8.152,46.298],[8.14,46.303],[8.136,46.303],[8.13,46.298],[8.121,46.295],[8.121,46.292],[8.118,46.29],[8.117,46.287],[8.107,46.281]]],[[[7.689,46.404],[7.688,46.407],[7.689,46.409],[7.692,46.413],[7.702,46.42],[7.705,46.419],[7.709,46.429],[7.712,46.431],[7.73,46.429],[7.731,46.432],[7.744,46.432],[7.751,46.435],[7.754,46.432],[7.758,46.433],[7.754,46.434],[7.753,46.436],[7.761,46.437],[7.763,46.44],[7.762,46.442],[7.764,46.444],[7.779,46.451],[7.777,46.456],[7.781,46.46],[7.776,46.465],[7.778,46.467],[7.777,46.468],[7.769,46.469],[7.77,46.472],[7.784,46.485],[7.797,46.491],[7.799,46.496],[7.795,46.496],[7.793,46.492],[7.781,46.49],[7.782,46.487],[7.777,46.485],[7.773,46.485],[7.78,46.49],[7.775,46.49],[7.773,46.487],[7.764,46.484],[7.759,46.487],[7.756,46.492],[7.761,46.494],[7.755,46.501],[7.766,46.51],[7.767,46.512],[7.762,46.517],[7.767,46.521],[7.771,46.519],[7.769,46.517],[7.77,46.514],[7.781,46.514],[7.782,46.512],[7.781,46.509],[7.779,46.508],[7.78,46.505],[7.784,46.504],[7.787,46.508],[7.793,46.51],[7.794,46.506],[7.789,46.505],[7.8,46.503],[7.803,46.504],[7.81,46.501],[7.81,46.504],[7.808,46.505],[7.81,46.507],[7.816,46.503],[7.816,46.501],[7.813,46.498],[7.816,46.5],[7.82,46.5],[7.832,46.507],[7.832,46.51],[7.834,46.51],[7.839,46.505],[7.847,46.505],[7.849,46.503],[7.856,46.501],[7.856,46.498],[7.858,46.496],[7.854,46.494],[7.853,46.492],[7.855,46.49],[7.86,46.496],[7.865,46.499],[7.868,46.495],[7.872,46.499],[7.879,46.496],[7.885,46.49],[7.888,46.494],[7.891,46.494],[7.898,46.49],[7.9,46.491],[7.897,46.494],[7.897,46.496],[7.904,46.493],[7.908,46.495],[7.911,46.494],[7.914,46.496],[7.909,46.5],[7.912,46.503],[7.91,46.505],[7.921,46.507],[7.92,46.509],[7.921,46.51],[7.929,46.512],[7.93,46.516],[7.927,46.521],[7.934,46.524],[7.937,46.523],[7.936,46.525],[7.937,46.526],[7.944,46.526],[7.947,46.53],[7.953,46.531],[7.957,46.53],[7.966,46.524],[7.967,46.525],[7.964,46.527],[7.965,46.529],[7.96,46.535],[7.954,46.536],[7.95,46.535],[7.948,46.536],[7.95,46.538],[7.949,46.541],[7.94,46.545],[7.947,46.549],[7.947,46.552],[7.95,46.557],[7.95952,46.55496],[7.959,46.556],[7.967,46.559],[7.97,46.562],[7.98,46.56],[7.986,46.556],[7.983,46.56],[7.978,46.563],[7.983,46.567],[7.988,46.567],[7.993,46.574],[7.993,46.578],[7.987,46.579],[8.003,46.58],[8.006,46.582],[8.009,46.581],[8.006,46.579],[8.009,46.571],[8.013,46.578],[8.016,46.575],[8.019,46.578],[8.032,46.58],[8.052,46.58],[8.062,46.579],[8.065,46.577],[8.069,46.578],[8.07,46.581],[8.079,46.58],[8.084,46.582],[8.087,46.58],[8.082,46.578],[8.084,46.576],[8.088,46.579],[8.09,46.583],[8.087,46.585],[8.091,46.586],[8.104,46.581],[8.111,46.587],[8.104,46.587],[8.101,46.594],[8.098,46.597],[8.093,46.598],[8.092,46.605],[8.081,46.607],[8.073,46.614],[8.075,46.615],[8.082,46.612],[8.085,46.617],[8.09,46.616],[8.095,46.612],[8.108,46.615],[8.112,46.619],[8.112,46.623],[8.107,46.63],[8.1,46.634],[8.103,46.637],[8.108,46.638],[8.114,46.63],[8.116,46.634],[8.111,46.639],[8.102,46.641],[8.107,46.643],[8.107,46.646],[8.111,46.648],[8.115,46.644],[8.115,46.647],[8.112,46.648],[8.128,46.653],[8.134,46.653],[8.138,46.65],[8.146,46.657],[8.157,46.66],[8.16,46.659],[8.16,46.654],[8.167,46.655],[8.17,46.652],[8.167,46.649],[8.164,46.651],[8.162,46.647],[8.163,46.645],[8.167,46.646],[8.167,46.643],[8.17,46.641],[8.173,46.643],[8.173,46.645],[8.177,46.646],[8.183,46.643],[8.183,46.638],[8.17,46.637],[8.167,46.639],[8.166,46.638],[8.169,46.636],[8.18,46.634],[8.183,46.635],[8.186,46.633],[8.193,46.632],[8.203,46.633],[8.21,46.631],[8.202,46.626],[8.196,46.63],[8.199,46.62],[8.192,46.616],[8.194,46.611],[8.19,46.607],[8.192,46.605],[8.196,46.605],[8.199,46.607],[8.205,46.605],[8.209,46.606],[8.222,46.597],[8.235,46.596],[8.242,46.597],[8.24,46.6],[8.241,46.602],[8.245,46.602],[8.248,46.6],[8.251,46.603],[8.254,46.603],[8.264,46.602],[8.265,46.6],[8.264,46.598],[8.258,46.599],[8.249,46.593],[8.251,46.59],[8.254,46.593],[8.257,46.593],[8.259,46.591],[8.259,46.586],[8.257,46.584],[8.251,46.584],[8.244,46.587],[8.234,46.581],[8.228,46.585],[8.225,46.585],[8.224,46.582],[8.221,46.58],[8.215,46.584],[8.212,46.581],[8.195,46.583],[8.189,46.581],[8.182,46.586],[8.183,46.589],[8.169,46.591],[8.164,46.596],[8.162,46.596],[8.163,46.593],[8.172,46.587],[8.179,46.58],[8.181,46.575],[8.188,46.571],[8.188,46.569],[8.191,46.566],[8.185,46.559],[8.184,46.557],[8.185,46.556],[8.192,46.557],[8.196,46.555],[8.195,46.557],[8.202,46.56],[8.202,46.557],[8.206,46.555],[8.211,46.56],[8.214,46.555],[8.221,46.558],[8.225,46.557],[8.228,46.552],[8.23,46.553],[8.228,46.555],[8.238,46.557],[8.234,46.553],[8.231,46.553],[8.234,46.55],[8.211,46.54],[8.205,46.542],[8.204,46.541],[8.207,46.539],[8.203,46.537],[8.247,46.537],[8.28,46.544],[8.283,46.54],[8.287,46.539],[8.286,46.537],[8.266,46.532],[8.26,46.525],[8.254,46.528],[8.249,46.528],[8.245,46.525],[8.242,46.525],[8.24,46.527],[8.23,46.529],[8.225,46.528],[8.224,46.523],[8.221,46.521],[8.222,46.517],[8.218,46.514],[8.22,46.512],[8.224,46.513],[8.224,46.511],[8.219,46.508],[8.22,46.505],[8.214,46.504],[8.211,46.506],[8.201,46.506],[8.201,46.502],[8.196,46.503],[8.196,46.506],[8.192,46.506],[8.192,46.499],[8.194,46.497],[8.191,46.495],[8.191,46.497],[8.188,46.499],[8.182,46.497],[8.182,46.494],[8.178,46.493],[8.175,46.497],[8.176,46.499],[8.172,46.501],[8.171,46.504],[8.165,46.495],[8.158,46.501],[8.152,46.502],[8.15,46.501],[8.148,46.491],[8.142,46.5],[8.14,46.499],[8.14,46.492],[8.133,46.486],[8.132,46.483],[8.126,46.48],[8.122,46.48],[8.115,46.484],[8.109,46.485],[8.106,46.484],[8.103,46.479],[8.096,46.472],[8.093,46.471],[8.089,46.472],[8.09,46.477],[8.086,46.481],[8.087,46.484],[8.082,46.488],[8.077,46.489],[8.071,46.493],[8.072,46.495],[8.077,46.497],[8.077,46.5],[8.07,46.499],[8.07,46.502],[8.061,46.505],[8.054,46.503],[8.051,46.5],[8.057,46.494],[8.061,46.493],[8.062,46.486],[8.071,46.479],[8.064,46.473],[8.057,46.475],[8.052,46.479],[8.051,46.482],[8.047,46.484],[8.045,46.482],[8.048,46.479],[8.047,46.477],[8.051,46.476],[8.055,46.468],[8.052,46.464],[8.054,46.459],[8.05,46.455],[8.047,46.457],[8.049,46.461],[8.044,46.465],[8.041,46.463],[8.031,46.466],[8.028,46.463],[8.024,46.462],[8.036,46.453],[8.036,46.45],[8.034,46.448],[8.035,46.446],[8.034,46.444],[8.039,46.444],[8.034,46.43],[8.027,46.427],[8.024,46.429],[8.022,46.428],[8.021,46.424],[8.018,46.425],[8.008,46.42],[8.002,46.426],[7.998,46.425],[7.995,46.428],[7.989,46.43],[7.993,46.432],[7.992,46.433],[7.982,46.43],[7.979,46.432],[7.97,46.428],[7.962,46.419],[7.965,46.416],[7.973,46.415],[7.973,46.412],[7.975,46.41],[7.985,46.406],[7.982,46.4],[7.975,46.399],[7.969,46.401],[7.962,46.398],[7.955,46.398],[7.951,46.394],[7.942,46.391],[7.935,46.397],[7.939,46.401],[7.929,46.398],[7.92,46.399],[7.916,46.4],[7.91,46.407],[7.907,46.404],[7.908,46.399],[7.907,46.397],[7.902,46.395],[7.904,46.392],[7.899,46.392],[7.893,46.397],[7.893,46.399],[7.884,46.402],[7.883,46.401],[7.885,46.399],[7.878,46.395],[7.88,46.39],[7.874,46.388],[7.878,46.386],[7.871,46.386],[7.864,46.389],[7.861,46.381],[7.858,46.385],[7.856,46.384],[7.854,46.379],[7.851,46.378],[7.845,46.382],[7.838,46.382],[7.825,46.378],[7.822,46.373],[7.819,46.372],[7.819,46.375],[7.816,46.379],[7.81,46.37],[7.806,46.367],[7.799,46.37],[7.796,46.377],[7.799,46.381],[7.809,46.382],[7.811,46.384],[7.81,46.388],[7.812,46.389],[7.82,46.388],[7.822,46.389],[7.823,46.393],[7.819,46.395],[7.833,46.395],[7.835,46.399],[7.838,46.401],[7.842,46.401],[7.843,46.402],[7.84,46.404],[7.848,46.41],[7.855,46.412],[7.852,46.417],[7.855,46.419],[7.859,46.417],[7.881,46.425],[7.882,46.422],[7.876,46.42],[7.878,46.418],[7.883,46.419],[7.887,46.422],[7.882,46.426],[7.887,46.428],[7.891,46.428],[7.894,46.426],[7.89,46.424],[7.904,46.428],[7.906,46.431],[7.911,46.433],[7.904,46.435],[7.909,46.437],[7.914,46.442],[7.915,46.446],[7.92,46.451],[7.92,46.453],[7.923,46.452],[7.927,46.453],[7.93,46.457],[7.937,46.457],[7.943,46.462],[7.92,46.454],[7.919,46.455],[7.92,46.458],[7.927,46.462],[7.928,46.464],[7.927,46.465],[7.914,46.462],[7.908,46.469],[7.904,46.467],[7.901,46.468],[7.901,46.471],[7.894,46.474],[7.888,46.471],[7.888,46.466],[7.881,46.469],[7.886,46.471],[7.885,46.473],[7.89,46.478],[7.888,46.482],[7.876,46.471],[7.875,46.468],[7.858,46.465],[7.859,46.462],[7.849,46.456],[7.849,46.454],[7.848,46.456],[7.842,46.458],[7.843,46.46],[7.842,46.462],[7.841,46.458],[7.827,46.456],[7.827,46.453],[7.816,46.454],[7.825,46.449],[7.823,46.446],[7.813,46.45],[7.806,46.449],[7.801,46.447],[7.798,46.44],[7.787,46.439],[7.784,46.436],[7.784,46.433],[7.777,46.43],[7.77,46.431],[7.764,46.425],[7.757,46.424],[7.754,46.427],[7.741,46.421],[7.739,46.422],[7.738,46.425],[7.735,46.424],[7.737,46.42],[7.735,46.417],[7.722,46.413],[7.718,46.41],[7.715,46.409],[7.708,46.413],[7.703,46.4],[7.705,46.399],[7.708,46.402],[7.712,46.4],[7.718,46.402],[7.719,46.4],[7.715,46.396],[7.708,46.394],[7.706,46.391],[7.712,46.386],[7.719,46.384],[7.714,46.382],[7.715,46.379],[7.705,46.378],[7.703,46.38],[7.708,46.384],[7.702,46.387],[7.7,46.386],[7.7,46.382],[7.695,46.379],[7.692,46.38],[7.692,46.384],[7.689,46.387],[7.686,46.382],[7.666,46.377],[7.669,46.381],[7.673,46.382],[7.679,46.388],[7.682,46.389],[7.68,46.391],[7.685,46.393],[7.686,46.395],[7.687,46.398],[7.697,46.402],[7.7,46.407],[7.689,46.404]],[[8.034,46.444],[8.032,46.444],[8.032,46.441],[8.034,46.44],[8.037,46.441],[8.034,46.444]],[[8.159,46.555],[8.172,46.56],[8.178,46.564],[8.179,46.567],[8.182,46.569],[8.181,46.571],[8.172,46.574],[8.17,46.573],[8.171,46.566],[8.169,46.564],[8.166,46.564],[8.155,46.555],[8.159,46.555]],[[7.959,46.425],[7.964,46.428],[7.974,46.439],[7.974,46.444],[7.969,46.449],[7.968,46.448],[7.971,46.446],[7.967,46.444],[7.97,46.442],[7.962,46.434],[7.956,46.433],[7.954,46.43],[7.952,46.43],[7.948,46.433],[7.946,46.437],[7.944,46.435],[7.952,46.425],[7.959,46.425]],[[7.9114285714,46.4707142857],[7.914,46.469],[7.912,46.471],[7.9114285714,46.4707142857]]],[[[7.685,46.404],[7.689,46.404],[7.686,46.403],[7.685,46.404]]],[[[7.692,46.413],[7.687,46.416],[7.687,46.418],[7.69,46.42],[7.689,46.422],[7.686,46.419],[7.683,46.42],[7.666,46.414],[7.647,46.414],[7.632,46.418],[7.633,46.42],[7.637,46.419],[7.646,46.422],[7.643,46.425],[7.647,46.427],[7.653,46.424],[7.657,46.424],[7.658,46.422],[7.661,46.422],[7.663,46.424],[7.67,46.422],[7.67,46.424],[7.665,46.427],[7.669,46.429],[7.669,46.431],[7.663,46.433],[7.658,46.438],[7.67,46.44],[7.673,46.444],[7.676,46.444],[7.679,46.443],[7.678,46.438],[7.679,46.434],[7.68,46.436],[7.689,46.441],[7.69,46.438],[7.7,46.436],[7.698,46.431],[7.698,46.42],[7.696,46.416],[7.693,46.416],[7.692,46.413]]],[[[7.755,46.501],[7.75,46.501],[7.751,46.502],[7.755,46.501]]],[[[8.104,46.587],[8.101,46.586],[8.1,46.587],[8.104,46.587]]],[[[8.192,46.557],[8.19,46.562],[8.195,46.563],[8.198,46.56],[8.195,46.557],[8.192,46.557]]],[[[8.253,46.611],[8.251,46.61],[8.248,46.614],[8.244,46.613],[8.24,46.62],[8.242,46.621],[8.25,46.618],[8.251,46.616],[8.255,46.616],[8.253,46.611]]],[[[8.171,46.47],[8.164,46.472],[8.164,46.474],[8.161,46.476],[8.162,46.479],[8.16,46.481],[8.162,46.483],[8.162,46.488],[8.161,46.49],[8.165,46.494],[8.168,46.49],[8.173,46.488],[8.174,46.485],[8.17,46.481],[8.171,46.477],[8.165,46.474],[8.171,46.474],[8.173,46.472],[8.171,46.47]]],[[[8.077,46.236],[8.074,46.235],[8.071,46.236],[8.069,46.239],[8.063,46.241],[8.065,46.243],[8.06,46.245],[8.068,46.249],[8.072,46.254],[8.074,46.259],[8.07,46.261],[8.071,46.262],[8.084,46.258],[8.087,46.255],[8.097,46.255],[8.103,46.251],[8.108,46.25],[8.108,46.247],[8.111,46.245],[8.111,46.241],[8.114,46.238],[8.104,46.229],[8.092,46.23],[8.095,46.232],[8.094,46.234],[8.098,46.236],[8.097,46.237],[8.09,46.232],[8.087,46.2311428571],[8.087,46.229],[8.085,46.23],[8.0858,46.2308],[8.083,46.23],[8.081,46.221],[8.079,46.221],[8.077,46.225],[8.078,46.227],[8.074,46.234],[8.077,46.236]],[[8.077,46.236],[8.08,46.234],[8.08,46.237],[8.077,46.236]]],[[[8.112,46.463],[8.099,46.461],[8.096,46.466],[8.095,46.47],[8.099,46.474],[8.11,46.468],[8.112,46.463]]],[[[8.085,46.268],[8.077,46.268],[8.078,46.272],[8.084,46.278],[8.095,46.281],[8.097,46.283],[8.103,46.279],[8.1,46.278],[8.097,46.274],[8.085,46.268]]],[[[7.4,45.952],[7.395,45.955],[7.411,45.966],[7.41,45.971],[7.413,45.975],[7.408,45.973],[7.409,45.971],[7.407,45.968],[7.403,45.967],[7.393,45.969],[7.392,45.966],[7.386,45.966],[7.381,45.969],[7.377,45.969],[7.377,45.973],[7.381,45.972],[7.383,45.975],[7.379,45.977],[7.38,45.98],[7.377,45.981],[7.378,45.991],[7.37,46.004],[7.37,46.007],[7.367,46.009],[7.369,46.013],[7.368,46.029],[7.364,46.033],[7.358,46.032],[7.351,46.033],[7.353,46.038],[7.351,46.043],[7.354,46.045],[7.351,46.047],[7.342,46.044],[7.336,46.047],[7.341,46.049],[7.342,46.051],[7.339,46.058],[7.34,46.063],[7.332,46.061],[7.329,46.068],[7.322,46.067],[7.318,46.072],[7.306,46.07],[7.306,46.074],[7.313,46.078],[7.326,46.074],[7.328,46.076],[7.32,46.081],[7.329,46.085],[7.329,46.089],[7.332,46.089],[7.334,46.087],[7.335,46.083],[7.337,46.087],[7.333,46.092],[7.335,46.094],[7.342,46.09],[7.358,46.086],[7.368,46.093],[7.374,46.092],[7.361,46.084],[7.354,46.076],[7.355,46.075],[7.363,46.081],[7.37,46.081],[7.367,46.072],[7.364,46.071],[7.36,46.067],[7.36,46.065],[7.356,46.063],[7.358,46.062],[7.361,46.064],[7.365,46.063],[7.358,46.057],[7.351,46.058],[7.358,46.051],[7.361,46.056],[7.374,46.059],[7.378,46.058],[7.378,46.056],[7.375,46.054],[7.376,46.049],[7.373,46.045],[7.373,46.04],[7.375,46.038],[7.373,46.034],[7.377,46.034],[7.384,46.038],[7.39,46.031],[7.387,46.022],[7.397,46.023],[7.399,46.02],[7.403,46.022],[7.406,46.021],[7.413,46.018],[7.418,46.013],[7.416,46.011],[7.423,46.015],[7.426,46.013],[7.429,46.006],[7.432,46.006],[7.435,46.009],[7.439,46.008],[7.442,46.007],[7.443,46.002],[7.445,46.001],[7.448,46.004],[7.452,46.003],[7.464,45.998],[7.466,45.995],[7.468,45.995],[7.468,45.998],[7.466,46.0],[7.468,46.002],[7.474,46.001],[7.479,45.998],[7.479,45.995],[7.475,45.991],[7.477,45.988],[7.491,45.989],[7.49,45.986],[7.493,45.986],[7.5,45.981],[7.506,45.985],[7.51,45.983],[7.51,45.981],[7.503,45.977],[7.51,45.976],[7.513,45.977],[7.518,45.982],[7.519,45.986],[7.529,45.984],[7.531,45.986],[7.531,45.989],[7.539,45.99],[7.542,45.988],[7.544,45.989],[7.536,45.993],[7.532,45.999],[7.529,45.998],[7.53,45.995],[7.529,45.994],[7.526,45.993],[7.522,45.995],[7.521,45.998],[7.522,46.0],[7.526,46.002],[7.529,46.001],[7.527,46.007],[7.523,46.009],[7.528,46.011],[7.524,46.013],[7.525,46.016],[7.521,46.018],[7.523,46.019],[7.524,46.022],[7.522,46.025],[7.523,46.026],[7.526,46.026],[7.529,46.021],[7.535,46.024],[7.545,46.022],[7.561,46.023],[7.562,46.022],[7.561,46.02],[7.565,46.019],[7.565,46.027],[7.571,46.028],[7.574,46.025],[7.581,46.024],[7.581,46.031],[7.584,46.033],[7.597,46.031],[7.596,46.033],[7.597,46.035],[7.603,46.035],[7.61,46.031],[7.607,46.036],[7.609,46.038],[7.594,46.035],[7.587,46.038],[7.59,46.038],[7.592,46.04],[7.589,46.042],[7.588,46.045],[7.594,46.046],[7.598,46.049],[7.591,46.051],[7.59,46.054],[7.593,46.058],[7.599,46.058],[7.594,46.064],[7.59,46.066],[7.586,46.072],[7.582,46.074],[7.583,46.076],[7.578,46.081],[7.581,46.083],[7.587,46.084],[7.589,46.083],[7.587,46.078],[7.591,46.08],[7.594,46.084],[7.603,46.085],[7.606,46.09],[7.61,46.087],[7.611,46.085],[7.608,46.083],[7.608,46.078],[7.612,46.074],[7.612,46.072],[7.609,46.069],[7.608,46.056],[7.613,46.055],[7.614,46.056],[7.611,46.058],[7.612,46.06],[7.613,46.062],[7.617,46.063],[7.617,46.06],[7.623,46.058],[7.62,46.054],[7.625,46.051],[7.636,46.053],[7.635,46.056],[7.639,46.057],[7.642,46.056],[7.644,46.054],[7.643,46.051],[7.64,46.049],[7.642,46.046],[7.647,46.049],[7.649,46.055],[7.662,46.055],[7.665,46.057],[7.669,46.056],[7.671,46.053],[7.678,46.051],[7.68,46.054],[7.674,46.056],[7.671,46.059],[7.663,46.06],[7.659,46.065],[7.662,46.073],[7.664,46.072],[7.665,46.069],[7.665,46.072],[7.662,46.074],[7.662,46.077],[7.66,46.078],[7.663,46.081],[7.662,46.084],[7.66,46.085],[7.661,46.09],[7.668,46.091],[7.678,46.087],[7.684,46.091],[7.691,46.09],[7.694,46.092],[7.687,46.096],[7.691,46.101],[7.698,46.101],[7.7,46.094],[7.695,46.089],[7.695,46.087],[7.697,46.085],[7.702,46.085],[7.704,46.087],[7.706,46.085],[7.707,46.078],[7.711,46.076],[7.709,46.074],[7.71,46.071],[7.714,46.074],[7.717,46.069],[7.723,46.07],[7.729,46.066],[7.733,46.067],[7.741,46.06],[7.733,46.054],[7.73,46.056],[7.726,46.056],[7.72,46.058],[7.721,46.056],[7.716,46.055],[7.713,46.051],[7.71,46.052],[7.697,46.046],[7.696,46.044],[7.698,46.04],[7.691,46.042],[7.687,46.045],[7.677,46.042],[7.681,46.042],[7.684,46.039],[7.687,46.044],[7.69,46.042],[7.696,46.033],[7.694,46.031],[7.691,46.031],[7.693,46.029],[7.69,46.028],[7.689,46.029],[7.69,46.031],[7.684,46.035],[7.682,46.033],[7.686,46.031],[7.684,46.03],[7.679,46.031],[7.678,46.033],[7.674,46.032],[7.671,46.033],[7.665,46.035],[7.662,46.033],[7.667,46.031],[7.661,46.03],[7.655,46.022],[7.645,46.02],[7.636,46.016],[7.632,46.02],[7.63,46.018],[7.63,46.015],[7.626,46.013],[7.617,46.013],[7.618,46.011],[7.614,46.009],[7.615,46.0],[7.614,45.997],[7.603,45.993],[7.606,45.991],[7.613,45.99],[7.623,45.994],[7.629,45.99],[7.639,45.993],[7.648,45.99],[7.652,45.992],[7.655,45.991],[7.658,45.993],[7.664,45.993],[7.678,45.984],[7.678,45.982],[7.675,45.979],[7.677,45.978],[7.687,45.983],[7.697,45.981],[7.71,45.982],[7.713,45.979],[7.72,45.977],[7.72,45.975],[7.726,45.97],[7.726,45.968],[7.721,45.963],[7.722,45.956],[7.723,45.959],[7.729,45.964],[7.735,45.962],[7.739,45.958],[7.742,45.96],[7.752,45.959],[7.751,45.956],[7.758,45.958],[7.761,45.956],[7.766,45.957],[7.768,45.955],[7.771,45.958],[7.783,45.954],[7.787,45.955],[7.793,45.953],[7.796,45.947],[7.799,45.95],[7.8,45.954],[7.804,45.954],[7.806,45.957],[7.812,45.954],[7.817,45.954],[7.816,45.956],[7.819,45.958],[7.834,45.965],[7.832,45.966],[7.829,45.964],[7.828,45.965],[7.824,45.977],[7.837,45.979],[7.837,45.986],[7.829,45.986],[7.816,45.99],[7.809,45.99],[7.809,45.992],[7.81,45.994],[7.816,45.995],[7.814,45.997],[7.816,45.999],[7.829,45.998],[7.836,45.994],[7.836,45.997],[7.832,45.997],[7.828,46.001],[7.832,46.004],[7.828,46.006],[7.829,46.007],[7.839,46.006],[7.842,46.008],[7.842,46.01],[7.852,46.011],[7.855,46.014],[7.859,46.015],[7.839,46.019],[7.835,46.022],[7.834,46.026],[7.836,46.029],[7.839,46.025],[7.842,46.024],[7.845,46.031],[7.854,46.033],[7.856,46.037],[7.855,46.039],[7.852,46.037],[7.852,46.04],[7.857,46.046],[7.855,46.049],[7.847,46.053],[7.855,46.058],[7.865,46.06],[7.865,46.062],[7.862,46.064],[7.863,46.066],[7.862,46.069],[7.859,46.071],[7.855,46.071],[7.852,46.074],[7.85,46.073],[7.854,46.071],[7.85,46.069],[7.857,46.066],[7.859,46.062],[7.851,46.062],[7.849,46.065],[7.845,46.064],[7.844,46.067],[7.848,46.071],[7.848,46.076],[7.854,46.078],[7.863,46.078],[7.867,46.084],[7.865,46.09],[7.869,46.091],[7.871,46.093],[7.871,46.096],[7.875,46.096],[7.876,46.093],[7.875,46.091],[7.882,46.091],[7.883,46.08],[7.885,46.079],[7.888,46.084],[7.891,46.085],[7.894,46.082],[7.894,46.078],[7.895,46.082],[7.898,46.085],[7.907,46.076],[7.91,46.077],[7.923,46.069],[7.927,46.069],[7.93,46.066],[7.92,46.064],[7.93,46.062],[7.929,46.059],[7.932,46.055],[7.939,46.053],[7.942,46.048],[7.942,46.046],[7.939,46.044],[7.936,46.044],[7.936,46.041],[7.932,46.037],[7.93,46.03],[7.933,46.029],[7.939,46.033],[7.943,46.028],[7.946,46.035],[7.952,46.03],[7.956,46.023],[7.953,46.021],[7.955,46.017],[7.954,46.012],[7.955,46.01],[7.958,46.016],[7.961,46.012],[7.965,46.014],[7.971,46.011],[7.975,46.012],[7.973,46.014],[7.972,46.019],[7.974,46.023],[7.973,46.026],[7.975,46.029],[7.979,46.028],[7.982,46.025],[7.985,46.025],[7.986,46.028],[7.997,46.027],[7.999,46.032],[8.003,46.034],[8.001,46.037],[8.004,46.037],[8.007,46.041],[7.997,46.036],[7.991,46.038],[7.984,46.037],[7.977,46.039],[7.976,46.044],[7.979,46.046],[7.979,46.05],[7.983,46.052],[7.983,46.055],[7.985,46.055],[7.988,46.06],[7.99,46.059],[7.988,46.055],[7.99,46.05],[7.992,46.05],[7.994,46.055],[8.007,46.049],[8.014,46.05],[8.013,46.057],[8.01,46.058],[8.008,46.064],[8.009,46.068],[8.004,46.07],[8.007,46.075],[8.011,46.077],[8.005,46.079],[8.005,46.082],[7.997,46.084],[7.997,46.086],[8.0,46.088],[8.0,46.093],[8.004,46.093],[8.008,46.096],[8.01,46.104],[8.004,46.109],[8.009,46.113],[8.008,46.115],[8.002,46.113],[7.998,46.114],[7.996,46.115],[7.998,46.118],[8.005,46.122],[8.008,46.126],[8.015,46.124],[8.015,46.127],[8.018,46.128],[8.022,46.126],[8.025,46.144],[8.027,46.147],[8.031,46.149],[8.037,46.147],[8.044,46.148],[8.046,46.142],[8.045,46.138],[8.047,46.136],[8.05,46.144],[8.049,46.147],[8.055,46.144],[8.054,46.14],[8.056,46.135],[8.058,46.135],[8.059,46.138],[8.065,46.138],[8.066,46.141],[8.076,46.14],[8.079,46.143],[8.08,46.142],[8.08,46.137],[8.073,46.136],[8.06,46.126],[8.06,46.123],[8.05,46.128],[8.04,46.124],[8.047,46.121],[8.048,46.113],[8.065,46.111],[8.067,46.108],[8.055,46.104],[8.053,46.11],[8.046,46.102],[8.036,46.102],[8.031,46.095],[8.028,46.088],[8.028,46.084],[8.021,46.077],[8.024,46.07],[8.024,46.061],[8.028,46.059],[8.028,46.054],[8.031,46.052],[8.031,46.045],[8.02,46.039],[8.014,46.032],[8.015,46.03],[8.014,46.025],[8.011,46.021],[8.01,46.014],[8.003,46.013],[7.998,46.01],[7.997,46.007],[7.991,46.003],[7.991,46.001],[7.988,45.998],[7.968,46.0],[7.958,45.998],[7.942,45.999],[7.936,45.997],[7.925,45.997],[7.923,45.995],[7.907,45.996],[7.905,45.992],[7.897,45.984],[7.879,45.974],[7.878,45.961],[7.875,45.952],[7.872,45.95],[7.872,45.945],[7.869,45.943],[7.868,45.938],[7.876,45.929],[7.874,45.926],[7.864,45.919],[7.858,45.921],[7.848,45.921],[7.841,45.924],[7.832,45.924],[7.829,45.926],[7.825,45.926],[7.822,45.929],[7.819,45.929],[7.817,45.925],[7.812,45.922],[7.806,45.922],[7.803,45.919],[7.796,45.919],[7.792,45.921],[7.792,45.923],[7.783,45.929],[7.78,45.929],[7.775,45.932],[7.771,45.936],[7.767,45.935],[7.766,45.939],[7.761,45.941],[7.748,45.94],[7.74,45.934],[7.74,45.932],[7.734,45.93],[7.734,45.925],[7.732,45.924],[7.719,45.924],[7.714,45.928],[7.713,45.931],[7.708,45.934],[7.709,45.95],[7.702,45.952],[7.697,45.956],[7.687,45.956],[7.68,45.958],[7.676,45.961],[7.677,45.966],[7.667,45.973],[7.667,45.975],[7.673,45.982],[7.671,45.984],[7.655,45.982],[7.661,45.979],[7.655,45.978],[7.646,45.984],[7.643,45.984],[7.647,45.979],[7.645,45.975],[7.641,45.975],[7.643,45.973],[7.642,45.972],[7.622,45.972],[7.616,45.975],[7.61,45.969],[7.606,45.969],[7.599,45.97],[7.597,45.972],[7.587,45.972],[7.583,45.975],[7.584,45.978],[7.581,45.976],[7.579,45.977],[7.579,45.982],[7.571,45.988],[7.568,45.988],[7.564,45.985],[7.542,45.985],[7.537,45.977],[7.539,45.977],[7.542,45.973],[7.543,45.966],[7.546,45.964],[7.543,45.962],[7.542,45.959],[7.539,45.959],[7.535,45.956],[7.532,45.959],[7.522,45.958],[7.516,45.963],[7.506,45.963],[7.497,45.958],[7.477,45.954],[7.468,45.948],[7.471,45.943],[7.472,45.939],[7.471,45.938],[7.468,45.936],[7.461,45.936],[7.458,45.938],[7.455,45.934],[7.445,45.933],[7.439,45.928],[7.435,45.927],[7.432,45.921],[7.42,45.914],[7.416,45.914],[7.41,45.909],[7.398,45.912],[7.4,45.914],[7.399,45.919],[7.403,45.918],[7.404,45.919],[7.403,45.921],[7.406,45.923],[7.413,45.924],[7.416,45.926],[7.418,45.93],[7.416,45.932],[7.419,45.934],[7.426,45.937],[7.429,45.934],[7.432,45.936],[7.433,45.937],[7.425,45.941],[7.438,45.95],[7.452,45.964],[7.448,45.964],[7.439,45.956],[7.435,45.955],[7.432,45.952],[7.423,45.953],[7.424,45.955],[7.423,45.957],[7.419,45.954],[7.414,45.957],[7.419,45.961],[7.423,45.961],[7.43,45.966],[7.429,45.97],[7.429,45.968],[7.419,45.962],[7.416,45.962],[7.413,45.959],[7.412,45.957],[7.415,45.955],[7.4,45.952]],[[7.72,46.058],[7.723,46.065],[7.72,46.067],[7.717,46.065],[7.716,46.058],[7.72,46.058]],[[7.671,46.033],[7.674,46.035],[7.678,46.034],[7.68,46.036],[7.674,46.036],[7.671,46.033]],[[8.04,46.124],[8.037,46.126],[8.034,46.117],[8.04,46.117],[8.043,46.12],[8.039,46.122],[8.04,46.124]],[[7.435,45.955],[7.433,45.957],[7.434,45.959],[7.432,45.96],[7.427,45.957],[7.435,45.955]],[[7.907,46.046],[7.91,46.05],[7.916,46.053],[7.908,46.051],[7.904,46.047],[7.894,46.046],[7.907,46.046]],[[7.61,46.033],[7.612,46.022],[7.605,46.018],[7.603,46.013],[7.604,46.006],[7.603,46.004],[7.61,45.999],[7.613,46.006],[7.609,46.011],[7.616,46.02],[7.614,46.027],[7.619,46.032],[7.625,46.033],[7.623,46.035],[7.616,46.035],[7.61,46.033]]],[[[7.493,45.986],[7.497,45.987],[7.497,45.985],[7.493,45.986]]],[[[7.704,46.087],[7.702,46.092],[7.704,46.096],[7.71,46.098],[7.717,46.098],[7.72,46.101],[7.722,46.098],[7.72,46.094],[7.721,46.092],[7.717,46.085],[7.713,46.084],[7.707,46.09],[7.704,46.087]]],[[[7.93,46.066],[7.933,46.069],[7.938,46.064],[7.936,46.062],[7.931,46.064],[7.93,46.066]]],[[[7.72,46.101],[7.717,46.101],[7.713,46.103],[7.711,46.105],[7.711,46.11],[7.714,46.113],[7.71,46.112],[7.707,46.109],[7.706,46.105],[7.704,46.104],[7.691,46.104],[7.688,46.11],[7.681,46.111],[7.68,46.114],[7.695,46.119],[7.687,46.121],[7.681,46.126],[7.68,46.128],[7.681,46.13],[7.674,46.132],[7.676,46.134],[7.676,46.139],[7.678,46.141],[7.686,46.143],[7.687,46.148],[7.689,46.148],[7.697,46.146],[7.691,46.139],[7.694,46.138],[7.697,46.14],[7.707,46.138],[7.698,46.143],[7.697,46.148],[7.707,46.147],[7.717,46.149],[7.723,46.147],[7.727,46.15],[7.724,46.152],[7.727,46.154],[7.727,46.158],[7.724,46.161],[7.727,46.163],[7.733,46.163],[7.736,46.154],[7.74,46.16],[7.746,46.157],[7.747,46.155],[7.744,46.152],[7.74,46.152],[7.737,46.15],[7.74,46.149],[7.742,46.146],[7.738,46.141],[7.744,46.139],[7.746,46.143],[7.753,46.139],[7.753,46.137],[7.749,46.134],[7.751,46.132],[7.75,46.13],[7.746,46.128],[7.739,46.12],[7.737,46.116],[7.739,46.112],[7.738,46.107],[7.73,46.099],[7.725,46.101],[7.72,46.101]]],[[[8.039,46.583],[8.029,46.581],[8.019,46.585],[8.023,46.589],[8.026,46.587],[8.023,46.585],[8.029,46.585],[8.036,46.591],[8.038,46.587],[8.041,46.585],[8.039,46.583]]],[[[8.007,46.156],[8.002,46.152],[7.999,46.154],[7.997,46.158],[7.989,46.16],[7.992,46.163],[7.986,46.165],[7.975,46.172],[7.976,46.175],[7.98,46.174],[7.979,46.177],[7.981,46.181],[7.973,46.185],[7.968,46.185],[7.973,46.196],[7.976,46.194],[7.979,46.196],[7.989,46.197],[7.996,46.189],[7.999,46.188],[8.0,46.194],[8.002,46.196],[8.004,46.194],[8.004,46.19],[8.002,46.185],[8.009,46.187],[8.019,46.185],[8.019,46.18],[8.014,46.174],[8.018,46.172],[8.023,46.178],[8.031,46.184],[8.034,46.183],[8.036,46.18],[8.034,46.178],[8.031,46.18],[8.029,46.178],[8.033,46.174],[8.025,46.17],[8.015,46.171],[8.008,46.166],[8.004,46.16],[8.004,46.158],[8.007,46.156]]],[[[7.991,46.12],[7.986,46.12],[7.988,46.122],[7.986,46.127],[7.989,46.129],[7.981,46.131],[7.99,46.133],[7.986,46.136],[7.991,46.138],[7.989,46.141],[7.985,46.142],[7.984,46.145],[7.985,46.147],[7.992,46.147],[8.002,46.151],[8.005,46.15],[8.008,46.147],[8.007,46.145],[8.01,46.14],[8.0091666667,46.1383333333],[8.015,46.14],[8.011,46.143],[8.009,46.147],[8.015,46.151],[8.021,46.151],[8.019,46.147],[8.021,46.14],[8.018,46.137],[8.014,46.136],[8.02,46.131],[8.014,46.127],[8.003,46.127],[7.995,46.124],[7.991,46.12]]],[[[7.998,46.203],[7.996,46.201],[7.989,46.202],[7.987,46.208],[7.989,46.209],[7.996,46.207],[7.998,46.208],[7.996,46.208],[7.995,46.21],[7.996,46.212],[7.992,46.214],[7.992,46.217],[8.002,46.214],[8.012,46.216],[8.015,46.214],[8.019,46.214],[8.009,46.213],[8.006,46.212],[8.006,46.21],[8.0,46.21],[8.0,46.208],[8.006,46.205],[7.998,46.203]]],[[[7.887,46.114],[7.878,46.108],[7.872,46.109],[7.87,46.111],[7.873,46.116],[7.872,46.117],[7.862,46.112],[7.859,46.114],[7.856,46.113],[7.856,46.116],[7.852,46.12],[7.85,46.127],[7.843,46.134],[7.853,46.138],[7.86,46.136],[7.854,46.141],[7.859,46.142],[7.866,46.142],[7.868,46.141],[7.868,46.138],[7.876,46.138],[7.875,46.143],[7.872,46.147],[7.874,46.15],[7.886,46.15],[7.887,46.145],[7.883,46.138],[7.879,46.136],[7.88,46.134],[7.879,46.132],[7.882,46.129],[7.885,46.133],[7.892,46.137],[7.895,46.131],[7.892,46.127],[7.882,46.124],[7.876,46.12],[7.878,46.118],[7.882,46.118],[7.885,46.114],[7.887,46.114]]],[[[7.867,46.102],[7.859,46.096],[7.846,46.098],[7.843,46.096],[7.839,46.098],[7.834,46.098],[7.833,46.101],[7.845,46.105],[7.84,46.106],[7.836,46.105],[7.831,46.107],[7.838,46.112],[7.836,46.114],[7.84,46.115],[7.846,46.111],[7.856,46.111],[7.862,46.109],[7.867,46.105],[7.867,46.102]]],[[[7.857,46.087],[7.852,46.086],[7.846,46.089],[7.839,46.09],[7.836,46.094],[7.852,46.094],[7.854,46.091],[7.853,46.089],[7.857,46.087]]],[[[7.812,46.548],[7.807,46.545],[7.801,46.55],[7.807,46.552],[7.806,46.555],[7.807,46.556],[7.814,46.558],[7.815,46.552],[7.812,46.548]]],[[[7.735,46.469],[7.725,46.471],[7.722,46.473],[7.712,46.47],[7.711,46.472],[7.713,46.474],[7.72,46.476],[7.719,46.478],[7.712,46.475],[7.71,46.476],[7.709,46.479],[7.711,46.481],[7.719,46.482],[7.725,46.48],[7.732,46.485],[7.741,46.481],[7.741,46.477],[7.742,46.481],[7.74,46.483],[7.741,46.486],[7.754,46.485],[7.758,46.487],[7.763,46.483],[7.76,46.481],[7.762,46.478],[7.761,46.475],[7.754,46.477],[7.752,46.481],[7.75,46.481],[7.75,46.478],[7.753,46.476],[7.748,46.474],[7.745,46.476],[7.744,46.474],[7.738,46.472],[7.735,46.469]]],[[[7.737,46.17],[7.736,46.173],[7.732,46.175],[7.733,46.179],[7.743,46.184],[7.748,46.188],[7.75,46.192],[7.757,46.184],[7.755,46.182],[7.755,46.179],[7.749,46.178],[7.749,46.175],[7.737,46.173],[7.737,46.17]]],[[[7.746,46.097],[7.736,46.093],[7.732,46.096],[7.731,46.098],[7.733,46.1],[7.736,46.096],[7.737,46.098],[7.733,46.101],[7.741,46.103],[7.743,46.099],[7.746,46.1],[7.746,46.097]]],[[[7.669,46.224],[7.665,46.221],[7.661,46.229],[7.659,46.229],[7.656,46.232],[7.649,46.23],[7.647,46.231],[7.646,46.234],[7.653,46.235],[7.653,46.238],[7.646,46.241],[7.645,46.243],[7.647,46.247],[7.646,46.248],[7.64,46.249],[7.649,46.251],[7.646,46.254],[7.662,46.252],[7.663,46.251],[7.654,46.249],[7.656,46.248],[7.659,46.249],[7.661,46.247],[7.657,46.245],[7.656,46.242],[7.666,46.237],[7.675,46.241],[7.68,46.24],[7.678,46.24],[7.675,46.236],[7.67,46.233],[7.672,46.224],[7.669,46.224]]],[[[7.419,46.368],[7.414,46.371],[7.424,46.38],[7.413,46.382],[7.419,46.384],[7.426,46.383],[7.429,46.386],[7.435,46.388],[7.438,46.387],[7.439,46.385],[7.445,46.387],[7.448,46.389],[7.448,46.391],[7.455,46.391],[7.456,46.393],[7.471,46.401],[7.472,46.4],[7.469,46.396],[7.471,46.394],[7.484,46.401],[7.495,46.402],[7.495,46.4],[7.498,46.4],[7.5,46.402],[7.504,46.401],[7.506,46.402],[7.501,46.407],[7.514,46.416],[7.512,46.418],[7.513,46.42],[7.526,46.42],[7.533,46.422],[7.535,46.427],[7.533,46.429],[7.536,46.43],[7.542,46.427],[7.541,46.425],[7.543,46.424],[7.543,46.427],[7.545,46.429],[7.552,46.429],[7.556,46.426],[7.575,46.431],[7.578,46.434],[7.582,46.434],[7.582,46.437],[7.588,46.436],[7.591,46.431],[7.59,46.427],[7.585,46.423],[7.584,46.42],[7.585,46.417],[7.586,46.423],[7.594,46.427],[7.593,46.431],[7.598,46.436],[7.598,46.439],[7.608,46.44],[7.609,46.438],[7.606,46.436],[7.61,46.434],[7.609,46.429],[7.601,46.425],[7.599,46.422],[7.601,46.417],[7.604,46.418],[7.604,46.421],[7.607,46.418],[7.611,46.418],[7.613,46.416],[7.609,46.413],[7.601,46.402],[7.595,46.402],[7.595,46.399],[7.59,46.396],[7.598,46.395],[7.603,46.391],[7.603,46.389],[7.592,46.38],[7.592,46.378],[7.589,46.375],[7.583,46.371],[7.582,46.366],[7.585,46.364],[7.578,46.362],[7.572,46.365],[7.565,46.364],[7.565,46.366],[7.562,46.368],[7.556,46.366],[7.544,46.366],[7.549,46.367],[7.553,46.371],[7.545,46.373],[7.546,46.375],[7.549,46.376],[7.549,46.379],[7.542,46.378],[7.536,46.374],[7.53,46.377],[7.524,46.375],[7.513,46.365],[7.515,46.362],[7.513,46.359],[7.507,46.361],[7.504,46.359],[7.5,46.36],[7.497,46.363],[7.488,46.357],[7.484,46.357],[7.483,46.362],[7.481,46.363],[7.478,46.361],[7.468,46.359],[7.455,46.359],[7.432,46.367],[7.419,46.368]],[[7.595,46.402],[7.595,46.407],[7.602,46.413],[7.601,46.414],[7.575,46.404],[7.572,46.406],[7.567,46.402],[7.569,46.401],[7.572,46.403],[7.575,46.395],[7.578,46.4],[7.591,46.404],[7.595,46.402]]],[[[7.546,46.144],[7.529,46.14],[7.527,46.144],[7.524,46.146],[7.526,46.151],[7.541,46.148],[7.545,46.15],[7.546,46.144]]],[[[7.523,46.157],[7.518,46.162],[7.519,46.164],[7.516,46.166],[7.507,46.163],[7.5,46.166],[7.501,46.171],[7.497,46.173],[7.514,46.175],[7.516,46.18],[7.519,46.175],[7.526,46.179],[7.528,46.177],[7.523,46.171],[7.515,46.171],[7.531,46.166],[7.526,46.164],[7.527,46.162],[7.526,46.159],[7.523,46.157]]],[[[7.445,46.059],[7.438,46.058],[7.432,46.062],[7.426,46.06],[7.425,46.061],[7.43,46.067],[7.422,46.075],[7.428,46.076],[7.434,46.081],[7.447,46.081],[7.448,46.079],[7.447,46.076],[7.451,46.074],[7.451,46.072],[7.448,46.069],[7.443,46.07],[7.443,46.065],[7.446,46.061],[7.445,46.059]]],[[[7.192,46.303],[7.176,46.305],[7.16,46.304],[7.158,46.305],[7.157,46.308],[7.162,46.312],[7.159,46.314],[7.163,46.315],[7.169,46.315],[7.176,46.312],[7.182,46.314],[7.189,46.313],[7.19,46.317],[7.187,46.319],[7.195,46.324],[7.198,46.323],[7.198,46.321],[7.194,46.319],[7.198,46.318],[7.199,46.321],[7.205,46.325],[7.198,46.332],[7.202,46.335],[7.206,46.335],[7.203,46.339],[7.211,46.339],[7.215,46.337],[7.212,46.339],[7.221,46.346],[7.224,46.346],[7.226,46.344],[7.222,46.341],[7.225,46.339],[7.224,46.335],[7.226,46.332],[7.231,46.332],[7.225,46.335],[7.228,46.335],[7.229,46.337],[7.234,46.339],[7.244,46.338],[7.247,46.336],[7.254,46.336],[7.255,46.335],[7.254,46.334],[7.246,46.33],[7.25,46.328],[7.262,46.333],[7.27,46.333],[7.273,46.335],[7.276,46.341],[7.28,46.338],[7.286,46.34],[7.296,46.339],[7.302,46.343],[7.3049411765,46.3427058824],[7.303,46.344],[7.307,46.344],[7.3062857143,46.3425714286],[7.312,46.342],[7.314,46.344],[7.307,46.353],[7.315,46.36],[7.322,46.358],[7.324,46.36],[7.338,46.359],[7.351,46.365],[7.354,46.364],[7.355,46.366],[7.353,46.369],[7.357,46.371],[7.356,46.373],[7.357,46.375],[7.361,46.374],[7.367,46.379],[7.374,46.378],[7.387,46.381],[7.4,46.38],[7.409,46.383],[7.411,46.382],[7.409,46.38],[7.413,46.378],[7.41,46.375],[7.41,46.373],[7.416,46.369],[7.413,46.366],[7.406,46.366],[7.401,46.362],[7.403,46.357],[7.41,46.351],[7.4,46.346],[7.4,46.343],[7.391,46.335],[7.394,46.333],[7.393,46.33],[7.383,46.329],[7.377,46.332],[7.37,46.332],[7.367,46.327],[7.364,46.328],[7.363,46.326],[7.357,46.323],[7.355,46.326],[7.358,46.328],[7.358,46.33],[7.354,46.336],[7.352,46.333],[7.353,46.33],[7.344,46.33],[7.338,46.327],[7.335,46.329],[7.328,46.329],[7.322,46.326],[7.312,46.328],[7.309,46.334],[7.302,46.333],[7.296,46.334],[7.286,46.33],[7.284,46.326],[7.281,46.324],[7.284,46.319],[7.281,46.317],[7.28,46.314],[7.273,46.312],[7.27,46.313],[7.26,46.309],[7.247,46.31],[7.231,46.309],[7.211,46.315],[7.205,46.312],[7.205,46.308],[7.203,46.305],[7.192,46.303]]],[[[7.392,45.953],[7.397,45.953],[7.397,45.95],[7.391,45.95],[7.392,45.953]]],[[[7.388,45.901],[7.377,45.9],[7.374,45.903],[7.371,45.902],[7.368,45.905],[7.364,45.905],[7.365,45.907],[7.369,45.908],[7.367,45.91],[7.374,45.916],[7.375,45.919],[7.381,45.922],[7.384,45.921],[7.387,45.917],[7.391,45.919],[7.394,45.914],[7.39,45.91],[7.395,45.908],[7.394,45.905],[7.388,45.901]]],[[[7.252,45.991],[7.247,45.991],[7.251,46.0],[7.258,45.999],[7.261,45.994],[7.268,45.995],[7.2705714286,45.9932857143],[7.271,45.995],[7.274,45.997],[7.277,45.992],[7.286,45.991],[7.286,45.982],[7.281,45.977],[7.284,45.979],[7.288,45.979],[7.29,45.981],[7.293,45.978],[7.295,45.979],[7.298,45.982],[7.297,45.988],[7.3,45.99],[7.303,45.989],[7.31,45.983],[7.311,45.979],[7.313,45.978],[7.314,45.971],[7.312,45.968],[7.313,45.967],[7.321,45.973],[7.318,45.977],[7.319,45.983],[7.323,45.983],[7.327,45.98],[7.328,45.968],[7.326,45.966],[7.323,45.967],[7.317,45.962],[7.317,45.959],[7.312,45.953],[7.313,45.947],[7.316,45.944],[7.322,45.946],[7.319,45.95],[7.326,45.958],[7.335,45.955],[7.339,45.95],[7.348,45.944],[7.342,45.941],[7.34,45.937],[7.341,45.932],[7.334,45.93],[7.331,45.928],[7.332,45.927],[7.349,45.93],[7.361,45.928],[7.356,45.926],[7.355,45.923],[7.361,45.924],[7.364,45.926],[7.363,45.928],[7.365,45.928],[7.368,45.922],[7.374,45.925],[7.376,45.923],[7.371,45.919],[7.37,45.914],[7.362,45.91],[7.355,45.91],[7.352,45.914],[7.342,45.917],[7.336,45.914],[7.322,45.912],[7.313,45.918],[7.303,45.918],[7.3,45.921],[7.297,45.92],[7.294,45.923],[7.29,45.923],[7.287,45.918],[7.284,45.92],[7.272,45.921],[7.283,45.925],[7.288,45.93],[7.281,45.936],[7.281,45.932],[7.274,45.932],[7.271,45.934],[7.277,45.937],[7.278,45.939],[7.269,45.948],[7.268,45.951],[7.265,45.952],[7.265,45.956],[7.259,45.964],[7.252,45.968],[7.252,45.977],[7.261,45.975],[7.265,45.977],[7.262,45.984],[7.252,45.991]],[[7.252,45.991],[7.256,45.993],[7.255,45.995],[7.252,45.991]]],[[[7.318,46.081],[7.313,46.079],[7.309,46.081],[7.306,46.08],[7.304,46.083],[7.3,46.083],[7.296,46.09],[7.29,46.091],[7.289,46.094],[7.296,46.097],[7.3,46.096],[7.303,46.101],[7.308,46.099],[7.309,46.097],[7.313,46.1],[7.326,46.098],[7.327,46.096],[7.326,46.094],[7.332,46.094],[7.318,46.081]]],[[[7.257,45.892],[7.252,45.891],[7.242,45.896],[7.24,45.901],[7.237,45.901],[7.239,45.896],[7.242,45.894],[7.237,45.892],[7.22,45.894],[7.223,45.894],[7.226,45.901],[7.225,45.907],[7.228,45.912],[7.226,45.918],[7.232,45.916],[7.239,45.917],[7.242,45.915],[7.245,45.917],[7.252,45.918],[7.255,45.915],[7.263,45.914],[7.264,45.912],[7.263,45.91],[7.265,45.909],[7.266,45.914],[7.271,45.918],[7.278,45.916],[7.281,45.912],[7.278,45.91],[7.278,45.907],[7.257,45.892]]],[[[7.265,46.339],[7.26,46.339],[7.259,46.341],[7.261,46.344],[7.273,46.351],[7.28,46.349],[7.28,46.347],[7.276,46.345],[7.269,46.344],[7.266,46.342],[7.265,46.339]]],[[[7.147,46.233],[7.145,46.233],[7.146,46.236],[7.144,46.238],[7.137,46.24],[7.139,46.238],[7.134,46.235],[7.131,46.238],[7.123,46.24],[7.131,46.242],[7.139,46.247],[7.14,46.253],[7.147,46.257],[7.149,46.249],[7.145,46.245],[7.147,46.243],[7.15,46.245],[7.152,46.249],[7.159,46.254],[7.157,46.255],[7.153,46.254],[7.151,46.258],[7.158,46.265],[7.154,46.267],[7.159,46.269],[7.158,46.272],[7.168,46.276],[7.166,46.278],[7.173,46.279],[7.176,46.282],[7.179,46.281],[7.181,46.278],[7.169,46.27],[7.17,46.269],[7.176,46.273],[7.179,46.271],[7.181,46.272],[7.183,46.276],[7.192,46.281],[7.195,46.28],[7.195,46.274],[7.192,46.277],[7.185,46.272],[7.184,46.269],[7.186,46.267],[7.179,46.263],[7.177,46.267],[7.175,46.267],[7.168,46.263],[7.161,46.256],[7.163,46.253],[7.166,46.257],[7.176,46.262],[7.179,46.261],[7.182,46.264],[7.184,46.258],[7.186,46.257],[7.199,46.257],[7.2,46.256],[7.198,46.254],[7.2,46.251],[7.199,46.249],[7.211,46.245],[7.209,46.243],[7.205,46.244],[7.203,46.242],[7.196,46.242],[7.196,46.244],[7.194,46.242],[7.186,46.241],[7.176,46.237],[7.166,46.239],[7.15,46.237],[7.147,46.236],[7.147,46.233]]],[[[7.113,46.186],[7.112,46.182],[7.108,46.188],[7.105,46.19],[7.101,46.19],[7.103,46.197],[7.108,46.198],[7.122,46.195],[7.122,46.193],[7.113,46.186]]],[[[7.088,45.886],[7.091,45.885],[7.088,45.884],[7.087,45.885],[7.088,45.886]]],[[[7.091,45.885],[7.099,45.885],[7.098,45.878],[7.104,45.875],[7.107,45.871],[7.117,45.87],[7.12,45.872],[7.122,45.869],[7.112,45.862],[7.114,45.86],[7.104,45.86],[7.097,45.864],[7.101,45.865],[7.104,45.862],[7.106,45.864],[7.103,45.867],[7.097,45.868],[7.094,45.871],[7.096,45.873],[7.094,45.875],[7.094,45.883],[7.091,45.885]]],[[[7.101,46.197],[7.089,46.193],[7.082,46.194],[7.076,46.199],[7.077,46.202],[7.072,46.206],[7.079,46.21],[7.084,46.208],[7.084,46.211],[7.089,46.212],[7.092,46.211],[7.097,46.208],[7.095,46.208],[7.095,46.205],[7.099,46.207],[7.102,46.206],[7.098,46.202],[7.101,46.199],[7.101,46.197]]],[[[7.079,45.889],[7.077,45.891],[7.077,45.894],[7.068,45.898],[7.067,45.9],[7.075,45.908],[7.078,45.909],[7.079,45.905],[7.082,45.903],[7.081,45.898],[7.084,45.899],[7.088,45.896],[7.091,45.896],[7.088,45.894],[7.084,45.894],[7.079,45.889]]],[[[7.064,45.914],[7.058,45.912],[7.057,45.914],[7.047,45.92],[7.048,45.923],[7.044,45.925],[7.044,45.927],[7.041,45.929],[7.042,45.932],[7.039,45.933],[7.038,45.936],[7.035,45.938],[7.034,45.95],[7.038,45.952],[7.038,45.954],[7.016,45.96],[7.015,45.963],[7.008,45.967],[7.008,45.972],[7.017,45.981],[7.017,45.983],[7.011,45.988],[7.011,45.999],[6.993,46.0],[6.987,46.005],[6.984,46.005],[6.982,46.008],[6.983,46.017],[6.976,46.024],[6.975,46.026],[6.977,46.028],[6.98,46.029],[6.983,46.027],[6.987,46.03],[6.988,46.028],[6.987,46.026],[6.99,46.023],[6.996,46.023],[6.997,46.021],[6.992,46.019],[6.996,46.014],[6.998,46.015],[6.998,46.017],[7.003,46.019],[7.004,46.017],[7.016,46.017],[7.015,46.015],[7.016,46.014],[7.019,46.015],[7.022,46.012],[7.022,46.015],[7.019,46.017],[7.022,46.019],[7.029,46.016],[7.032,46.017],[7.035,46.011],[7.038,46.011],[7.045,46.006],[7.051,46.007],[7.055,46.006],[7.058,46.003],[7.061,46.005],[7.068,46.002],[7.06,45.997],[7.059,45.992],[7.054,45.99],[7.054,45.986],[7.057,45.983],[7.052,45.979],[7.055,45.977],[7.068,45.98],[7.074,45.977],[7.076,45.974],[7.073,45.972],[7.071,45.968],[7.071,45.965],[7.074,45.965],[7.076,45.963],[7.072,45.959],[7.074,45.956],[7.073,45.954],[7.07,45.954],[7.07,45.956],[7.065,45.961],[7.061,45.961],[7.06,45.956],[7.063,45.954],[7.063,45.952],[7.057,45.947],[7.045,45.946],[7.042,45.943],[7.039,45.944],[7.038,45.943],[7.042,45.939],[7.043,45.943],[7.052,45.945],[7.054,45.943],[7.054,45.936],[7.064,45.932],[7.063,45.929],[7.066,45.929],[7.068,45.932],[7.072,45.929],[7.066,45.925],[7.069,45.923],[7.069,45.918],[7.062,45.916],[7.064,45.914]],[[7.065,45.961],[7.069,45.963],[7.068,45.964],[7.065,45.961]]],[[[6.843,46.133],[6.847,46.134],[6.856,46.133],[6.882,46.135],[6.886,46.133],[6.889,46.135],[6.895,46.135],[6.896,46.136],[6.895,46.138],[6.909,46.142],[6.905,46.146],[6.897,46.147],[6.898,46.149],[6.902,46.149],[6.908,46.152],[6.911,46.151],[6.915,46.156],[6.911,46.158],[6.911,46.16],[6.914,46.163],[6.916,46.163],[6.914,46.165],[6.921,46.165],[6.924,46.167],[6.927,46.17],[6.934,46.172],[6.937,46.175],[6.943,46.175],[6.947,46.177],[6.949,46.167],[6.952,46.165],[6.948,46.163],[6.935,46.161],[6.931,46.157],[6.927,46.16],[6.925,46.158],[6.926,46.154],[6.922,46.152],[6.919,46.145],[6.924,46.14],[6.924,46.136],[6.928,46.138],[6.932,46.134],[6.929,46.131],[6.931,46.131],[6.934,46.128],[6.944,46.127],[6.943,46.131],[6.95,46.132],[6.957,46.126],[6.962,46.125],[6.958,46.122],[6.954,46.124],[6.95,46.123],[6.937,46.124],[6.934,46.122],[6.931,46.116],[6.932,46.111],[6.929,46.107],[6.93,46.104],[6.928,46.103],[6.925,46.105],[6.918,46.101],[6.915,46.101],[6.908,46.104],[6.907,46.109],[6.904,46.109],[6.903,46.102],[6.896,46.093],[6.905,46.082],[6.909,46.083],[6.911,46.082],[6.911,46.08],[6.909,46.07],[6.906,46.07],[6.899,46.066],[6.906,46.062],[6.911,46.062],[6.912,46.059],[6.91,46.055],[6.906,46.052],[6.896,46.05],[6.891,46.046],[6.88,46.045],[6.877,46.047],[6.873,46.047],[6.869,46.052],[6.872,46.055],[6.873,46.06],[6.877,46.058],[6.88,46.059],[6.877,46.062],[6.876,46.066],[6.883,46.071],[6.885,46.07],[6.88,46.066],[6.886,46.059],[6.893,46.063],[6.898,46.064],[6.887,46.068],[6.892,46.073],[6.889,46.073],[6.887,46.077],[6.888,46.084],[6.884,46.086],[6.884,46.097],[6.888,46.1],[6.887,46.102],[6.892,46.104],[6.891,46.106],[6.895,46.109],[6.893,46.124],[6.886,46.126],[6.855,46.126],[6.847,46.131],[6.842,46.131],[6.843,46.133]],[[6.886,46.133],[6.886,46.131],[6.891,46.131],[6.886,46.133]],[[6.924,46.167],[6.927,46.163],[6.928,46.165],[6.924,46.167]],[[6.944,46.127],[6.947,46.125],[6.948,46.127],[6.944,46.127]]],[[[6.843,46.133],[6.814,46.132],[6.808,46.137],[6.797,46.137],[6.798,46.139],[6.801,46.138],[6.814,46.14],[6.821,46.138],[6.823,46.14],[6.84,46.14],[6.85,46.142],[6.852,46.14],[6.843,46.133]]],[[[6.911,46.158],[6.914,46.156],[6.901,46.154],[6.897,46.156],[6.898,46.158],[6.908,46.157],[6.911,46.158]]],[[[6.944,46.099],[6.931,46.089],[6.918,46.09],[6.917,46.093],[6.931,46.104],[6.937,46.112],[6.941,46.112],[6.944,46.109],[6.947,46.11],[6.955,46.107],[6.955,46.102],[6.951,46.098],[6.944,46.099]]]]},"properties":{"value":120,"fill":"#0670B0","zIndex":5},"id":"4"},{"type":"Feature","geometry":{"type":"MultiPolygon","coordinates":[[[[9.928,46.371],[9.924,46.37],[9.923,46.373],[9.926,46.377],[9.926,46.38],[9.932,46.384],[9.932,46.382],[9.929,46.379],[9.928,46.371]]],[[[9.84,46.368],[9.833,46.363],[9.829,46.366],[9.827,46.37],[9.819,46.373],[9.824,46.374],[9.827,46.377],[9.837,46.373],[9.837,46.379],[9.84,46.377],[9.848,46.379],[9.847,46.377],[9.85,46.375],[9.851,46.379],[9.853,46.38],[9.87,46.376],[9.877,46.372],[9.872,46.365],[9.856,46.365],[9.85,46.368],[9.846,46.365],[9.843,46.365],[9.84,46.368]]],[[[9.817,46.353],[9.81,46.356],[9.81,46.358],[9.813,46.36],[9.812,46.362],[9.817,46.364],[9.827,46.363],[9.827,46.357],[9.823,46.358],[9.817,46.353]]],[[[9.779,46.34],[9.77,46.339],[9.766,46.34],[9.765,46.347],[9.764,46.349],[9.761,46.346],[9.76,46.352],[9.764,46.35],[9.777,46.348],[9.784,46.35],[9.787,46.348],[9.79,46.35],[9.795,46.346],[9.779,46.34]]],[[[9.642,46.289],[9.639,46.292],[9.631,46.293],[9.639,46.3],[9.642,46.299],[9.647,46.295],[9.642,46.291],[9.642,46.289]]],[[[9.541,46.372],[9.535,46.373],[9.534,46.376],[9.538,46.379],[9.548,46.38],[9.551,46.378],[9.551,46.376],[9.541,46.377],[9.543,46.374],[9.541,46.372]]],[[[9.212,46.879],[9.21,46.878],[9.2,46.882],[9.19,46.882],[9.189,46.884],[9.203,46.887],[9.207,46.884],[9.21,46.884],[9.212,46.879]]],[[[9.171,46.877],[9.17,46.874],[9.167,46.877],[9.164,46.874],[9.16,46.877],[9.167,46.882],[9.174,46.881],[9.179,46.884],[9.184,46.884],[9.189,46.881],[9.183,46.879],[9.18,46.881],[9.171,46.877]]],[[[8.919,46.807],[8.915,46.813],[8.923,46.819],[8.925,46.813],[8.92,46.811],[8.919,46.807]]],[[[8.919,46.807],[8.922,46.805],[8.936,46.804],[8.929,46.804],[8.925,46.802],[8.917,46.802],[8.919,46.807]]],[[[8.866,46.809],[8.86,46.811],[8.853,46.81],[8.848,46.814],[8.85,46.816],[8.85,46.819],[8.847,46.82],[8.841,46.817],[8.838,46.818],[8.835,46.821],[8.836,46.823],[8.831,46.826],[8.831,46.83],[8.828,46.832],[8.827,46.835],[8.845,46.836],[8.847,46.834],[8.846,46.832],[8.848,46.831],[8.848,46.835],[8.846,46.837],[8.85,46.843],[8.848,46.846],[8.849,46.848],[8.861,46.845],[8.87,46.845],[8.887,46.85],[8.894,46.849],[8.901,46.852],[8.905,46.852],[8.905,46.849],[8.892,46.838],[8.892,46.829],[8.89,46.829],[8.887,46.824],[8.882,46.821],[8.883,46.818],[8.877,46.817],[8.874,46.819],[8.873,46.818],[8.875,46.816],[8.866,46.809]]],[[[8.542,46.78],[8.539,46.775],[8.535,46.779],[8.529,46.778],[8.526,46.781],[8.519,46.783],[8.503,46.778],[8.496,46.779],[8.493,46.777],[8.49,46.778],[8.489,46.78],[8.506,46.784],[8.516,46.79],[8.519,46.789],[8.522,46.785],[8.526,46.786],[8.528,46.788],[8.527,46.795],[8.529,46.797],[8.539,46.795],[8.539,46.792],[8.552,46.792],[8.562,46.786],[8.555,46.784],[8.552,46.786],[8.542,46.78]]],[[[8.482,46.721],[8.486,46.724],[8.498,46.725],[8.501,46.724],[8.499,46.721],[8.502,46.719],[8.499,46.717],[8.501,46.716],[8.505,46.716],[8.508,46.719],[8.51,46.714],[8.507,46.71],[8.504,46.709],[8.501,46.712],[8.485,46.714],[8.485,46.71],[8.488,46.71],[8.489,46.708],[8.488,46.706],[8.492,46.703],[8.491,46.702],[8.485,46.704],[8.477,46.712],[8.479,46.715],[8.472,46.717],[8.471,46.719],[8.477,46.726],[8.479,46.727],[8.485,46.724],[8.482,46.722],[8.482,46.721]],[[8.482,46.721],[8.482,46.719],[8.488,46.716],[8.489,46.719],[8.488,46.72],[8.482,46.721]]],[[[8.486,46.413],[8.469,46.415],[8.468,46.42],[8.472,46.422],[8.472,46.425],[8.474,46.425],[8.474,46.422],[8.476,46.421],[8.483,46.421],[8.492,46.418],[8.486,46.413]]],[[[8.414,46.608],[8.408,46.604],[8.405,46.606],[8.401,46.606],[8.399,46.607],[8.398,46.61],[8.395,46.608],[8.39,46.608],[8.388,46.606],[8.378,46.605],[8.378,46.617],[8.37,46.623],[8.371,46.628],[8.37,46.63],[8.366,46.629],[8.363,46.631],[8.359,46.629],[8.358,46.63],[8.361,46.635],[8.359,46.639],[8.356,46.638],[8.354,46.639],[8.351,46.644],[8.352,46.655],[8.347,46.658],[8.343,46.655],[8.338,46.655],[8.35,46.666],[8.347,46.668],[8.344,46.665],[8.34,46.668],[8.334,46.669],[8.331,46.673],[8.337,46.675],[8.347,46.674],[8.349,46.673],[8.345,46.671],[8.347,46.67],[8.353,46.674],[8.359,46.671],[8.36,46.668],[8.367,46.666],[8.369,46.668],[8.367,46.671],[8.362,46.673],[8.361,46.675],[8.363,46.676],[8.37,46.674],[8.38,46.674],[8.384,46.682],[8.379,46.684],[8.392,46.686],[8.39,46.688],[8.386,46.687],[8.384,46.689],[8.39,46.689],[8.396,46.692],[8.398,46.691],[8.399,46.679],[8.397,46.677],[8.402,46.675],[8.402,46.673],[8.403,46.675],[8.4,46.677],[8.4,46.679],[8.403,46.68],[8.404,46.682],[8.403,46.691],[8.398,46.693],[8.4,46.697],[8.398,46.7],[8.404,46.702],[8.403,46.704],[8.406,46.706],[8.408,46.704],[8.411,46.704],[8.416,46.707],[8.419,46.706],[8.433,46.709],[8.441,46.704],[8.438,46.702],[8.439,46.701],[8.452,46.705],[8.454,46.704],[8.455,46.696],[8.458,46.699],[8.462,46.696],[8.467,46.695],[8.473,46.69],[8.469,46.688],[8.469,46.686],[8.48,46.685],[8.479,46.681],[8.483,46.679],[8.479,46.676],[8.482,46.674],[8.474,46.674],[8.473,46.677],[8.467,46.679],[8.468,46.682],[8.464,46.683],[8.464,46.681],[8.458,46.674],[8.452,46.68],[8.448,46.681],[8.445,46.678],[8.44,46.679],[8.442,46.682],[8.438,46.684],[8.436,46.688],[8.429,46.683],[8.427,46.684],[8.429,46.686],[8.408,46.691],[8.411,46.688],[8.412,46.682],[8.417,46.682],[8.42,46.679],[8.414,46.677],[8.419,46.675],[8.42,46.673],[8.418,46.666],[8.413,46.666],[8.414,46.668],[8.412,46.669],[8.409,46.668],[8.408,46.661],[8.412,46.657],[8.422,46.654],[8.421,46.657],[8.415,46.659],[8.419,46.663],[8.422,46.663],[8.427,46.661],[8.422,46.659],[8.435,46.655],[8.437,46.65],[8.441,46.648],[8.44,46.639],[8.442,46.636],[8.439,46.634],[8.44,46.63],[8.447,46.629],[8.449,46.627],[8.441,46.624],[8.431,46.626],[8.428,46.63],[8.421,46.632],[8.421,46.631],[8.423,46.63],[8.424,46.627],[8.428,46.627],[8.434,46.621],[8.436,46.621],[8.435,46.616],[8.439,46.614],[8.428,46.607],[8.424,46.608],[8.421,46.606],[8.419,46.607],[8.42,46.61],[8.418,46.615],[8.415,46.617],[8.411,46.616],[8.408,46.614],[8.411,46.611],[8.414,46.614],[8.417,46.612],[8.414,46.608]],[[8.421,46.632],[8.422,46.639],[8.421,46.64],[8.421,46.632]]],[[[8.47,46.699],[8.468,46.696],[8.459,46.699],[8.464,46.701],[8.455,46.705],[8.453,46.708],[8.459,46.709],[8.469,46.704],[8.47,46.699]]],[[[8.317,46.426],[8.308,46.426],[8.31,46.437],[8.314,46.441],[8.334,46.444],[8.342,46.441],[8.333,46.433],[8.317,46.426]]],[[[8.153,46.58],[8.146,46.579],[8.146,46.582],[8.143,46.583],[8.14,46.587],[8.149,46.591],[8.149,46.594],[8.147,46.595],[8.142,46.594],[8.145,46.591],[8.137,46.586],[8.133,46.587],[8.134,46.592],[8.13,46.592],[8.124,46.595],[8.114,46.594],[8.112,46.596],[8.115,46.598],[8.114,46.599],[8.108,46.6],[8.104,46.599],[8.103,46.605],[8.091,46.607],[8.101,46.611],[8.104,46.61],[8.111,46.612],[8.111,46.614],[8.114,46.617],[8.117,46.615],[8.118,46.616],[8.116,46.621],[8.118,46.623],[8.118,46.632],[8.121,46.632],[8.126,46.639],[8.124,46.639],[8.121,46.636],[8.118,46.637],[8.116,46.641],[8.132,46.645],[8.134,46.647],[8.141,46.647],[8.146,46.65],[8.145,46.652],[8.151,46.655],[8.159,46.652],[8.163,46.638],[8.165,46.636],[8.175,46.634],[8.167,46.629],[8.18,46.619],[8.18,46.614],[8.183,46.612],[8.183,46.609],[8.179,46.605],[8.179,46.603],[8.181,46.602],[8.179,46.6],[8.186,46.599],[8.189,46.597],[8.196,46.599],[8.202,46.597],[8.212,46.598],[8.215,46.6],[8.216,46.593],[8.218,46.591],[8.215,46.588],[8.205,46.588],[8.202,46.591],[8.199,46.588],[8.195,46.59],[8.189,46.588],[8.183,46.591],[8.182,46.594],[8.176,46.594],[8.173,46.597],[8.163,46.601],[8.159,46.6],[8.158,46.605],[8.156,46.605],[8.155,46.603],[8.15,46.602],[8.148,46.6],[8.16,46.594],[8.16,46.588],[8.153,46.591],[8.15,46.589],[8.152,46.587],[8.147,46.582],[8.153,46.58]]],[[[7.934,46.471],[7.927,46.47],[7.924,46.472],[7.917,46.473],[7.919,46.482],[7.916,46.485],[7.916,46.489],[7.917,46.491],[7.924,46.492],[7.925,46.494],[7.922,46.496],[7.93,46.5],[7.934,46.505],[7.94,46.509],[7.953,46.511],[7.957,46.514],[7.967,46.516],[7.969,46.523],[7.971,46.525],[7.968,46.529],[7.968,46.532],[7.971,46.534],[7.97,46.536],[7.967,46.534],[7.965,46.536],[7.971,46.543],[7.97,46.545],[7.973,46.55],[7.97,46.551],[7.967,46.55],[7.964,46.552],[7.97,46.554],[7.965,46.556],[7.97,46.557],[7.973,46.552],[7.983,46.55],[7.996,46.558],[8.003,46.557],[8.003,46.559],[7.999,46.56],[7.997,46.563],[8.003,46.567],[8.007,46.567],[8.012,46.574],[8.019,46.572],[8.019,46.569],[8.029,46.573],[8.039,46.57],[8.048,46.57],[8.055,46.568],[8.057,46.567],[8.057,46.565],[8.048,46.562],[8.045,46.562],[8.036,46.567],[8.026,46.567],[8.04,46.56],[8.055,46.558],[8.058,46.556],[8.058,46.552],[8.061,46.555],[8.078,46.558],[8.078,46.561],[8.083,46.562],[8.078,46.565],[8.078,46.568],[8.076,46.569],[8.078,46.572],[8.081,46.57],[8.084,46.572],[8.091,46.568],[8.094,46.568],[8.094,46.577],[8.097,46.577],[8.107,46.566],[8.112,46.567],[8.11,46.567],[8.11,46.571],[8.115,46.576],[8.11,46.58],[8.11,46.583],[8.114,46.587],[8.12,46.588],[8.123,46.587],[8.123,46.585],[8.119,46.582],[8.12,46.58],[8.118,46.576],[8.12,46.571],[8.123,46.566],[8.133,46.556],[8.14,46.553],[8.146,46.548],[8.15,46.551],[8.136,46.558],[8.133,46.563],[8.125,46.567],[8.121,46.578],[8.124,46.58],[8.13,46.578],[8.133,46.582],[8.137,46.583],[8.143,46.566],[8.147,46.571],[8.145,46.573],[8.146,46.575],[8.152,46.571],[8.151,46.567],[8.155,46.564],[8.149,46.564],[8.147,46.562],[8.151,46.558],[8.151,46.555],[8.153,46.553],[8.156,46.552],[8.166,46.555],[8.169,46.553],[8.17,46.551],[8.166,46.546],[8.179,46.544],[8.185,46.546],[8.188,46.543],[8.192,46.543],[8.189,46.546],[8.198,46.552],[8.208,46.55],[8.199,46.544],[8.202,46.541],[8.196,46.539],[8.191,46.54],[8.188,46.539],[8.187,46.537],[8.188,46.535],[8.191,46.534],[8.207,46.532],[8.204,46.532],[8.201,46.529],[8.201,46.527],[8.205,46.526],[8.205,46.519],[8.208,46.514],[8.205,46.512],[8.206,46.51],[8.193,46.51],[8.192,46.512],[8.194,46.514],[8.198,46.513],[8.2,46.515],[8.2,46.519],[8.198,46.52],[8.194,46.519],[8.191,46.516],[8.184,46.515],[8.19,46.512],[8.188,46.51],[8.185,46.511],[8.181,46.509],[8.175,46.513],[8.172,46.513],[8.17,46.51],[8.172,46.508],[8.168,46.506],[8.164,46.508],[8.162,46.513],[8.158,46.513],[8.16,46.517],[8.159,46.52],[8.155,46.519],[8.152,46.521],[8.146,46.52],[8.144,46.522],[8.132,46.537],[8.137,46.54],[8.13,46.544],[8.12,46.547],[8.117,46.55],[8.114,46.549],[8.119,46.547],[8.12,46.544],[8.124,46.542],[8.125,46.54],[8.121,46.535],[8.128,46.533],[8.137,46.526],[8.133,46.522],[8.12,46.523],[8.116,46.526],[8.113,46.524],[8.116,46.521],[8.122,46.52],[8.133,46.515],[8.143,46.508],[8.132,46.507],[8.127,46.504],[8.125,46.499],[8.12,46.495],[8.12,46.49],[8.123,46.486],[8.119,46.483],[8.109,46.487],[8.103,46.485],[8.101,46.486],[8.104,46.49],[8.103,46.492],[8.1,46.492],[8.098,46.495],[8.107,46.497],[8.096,46.498],[8.095,46.502],[8.087,46.504],[8.085,46.511],[8.09,46.512],[8.09,46.514],[8.08,46.514],[8.078,46.515],[8.079,46.518],[8.077,46.519],[8.075,46.515],[8.082,46.511],[8.082,46.508],[8.077,46.507],[8.071,46.51],[8.067,46.509],[8.066,46.511],[8.072,46.518],[8.067,46.517],[8.064,46.52],[8.056,46.515],[8.053,46.515],[8.051,46.517],[8.048,46.516],[8.035,46.526],[8.034,46.529],[8.028,46.532],[8.027,46.529],[8.029,46.527],[8.028,46.524],[8.022,46.525],[8.019,46.528],[8.017,46.527],[8.019,46.525],[8.025,46.524],[8.028,46.52],[8.032,46.518],[8.038,46.518],[8.035,46.506],[8.035,46.5],[8.037,46.495],[8.031,46.494],[8.025,46.491],[8.025,46.489],[8.021,46.488],[8.015,46.49],[8.012,46.489],[8.013,46.486],[8.016,46.484],[8.015,46.483],[8.008,46.483],[8.002,46.485],[7.995,46.483],[7.992,46.48],[7.985,46.478],[7.984,46.475],[7.979,46.473],[7.969,46.476],[7.966,46.474],[7.963,46.475],[7.959,46.474],[7.957,46.475],[7.96,46.478],[7.942,46.484],[7.938,46.487],[7.939,46.489],[7.937,46.49],[7.935,46.489],[7.936,46.487],[7.934,46.482],[7.937,46.48],[7.943,46.481],[7.947,46.478],[7.943,46.476],[7.94,46.477],[7.934,46.471]],[[8.12,46.571],[8.114857142857142,46.567571428571426],[8.117,46.568],[8.12,46.571]],[[8.175,46.529],[8.178,46.533],[8.177,46.535],[8.182,46.539],[8.182,46.543],[8.179,46.543],[8.175,46.54],[8.172,46.542],[8.174,46.537],[8.17,46.535],[8.173,46.533],[8.175,46.529]],[[8.08,46.52],[8.081,46.527],[8.078,46.529],[8.083,46.531],[8.083,46.533],[8.081,46.537],[8.075,46.54],[8.074,46.542],[8.073,46.54],[8.076,46.536],[8.075,46.533],[8.076,46.531],[8.072,46.529],[8.079,46.524],[8.08,46.52]],[[8.004,46.502],[8.022,46.505],[8.024,46.509],[8.022,46.512],[8.018,46.512],[8.012,46.515],[8.01,46.513],[8.015,46.513],[8.02,46.509],[8.012,46.505],[8.003,46.507],[8.007,46.504],[8.004,46.502]]],[[[8.13,46.301],[8.123,46.3],[8.122,46.301],[8.123,46.303],[8.127,46.303],[8.126,46.306],[8.13,46.31],[8.134,46.31],[8.136,46.312],[8.14,46.308],[8.143,46.308],[8.145,46.306],[8.143,46.304],[8.135,46.304],[8.13,46.301]]],[[[8.115,46.292],[8.113,46.292],[8.107,46.299],[8.117,46.301],[8.122,46.299],[8.123,46.297],[8.12,46.294],[8.115,46.295],[8.115,46.292]]],[[[8.11,46.24],[8.085,46.239],[8.084,46.242],[8.077,46.241],[8.074,46.243],[8.083,46.245],[8.093,46.25],[8.097,46.249],[8.1,46.251],[8.107,46.25],[8.107,46.247],[8.11,46.246],[8.11,46.24]]],[[[8.026,46.446],[8.014,46.445],[8.011,46.448],[8.011,46.45],[8.005,46.452],[8.003,46.457],[8.0,46.459],[8.003,46.462],[8.0,46.464],[8.0,46.466],[8.005,46.471],[8.005,46.476],[7.996,46.468],[7.992,46.467],[7.99,46.468],[7.99,46.473],[7.999,46.478],[8.008,46.479],[8.018,46.477],[8.021,46.479],[8.025,46.475],[8.021,46.473],[8.021,46.471],[8.017,46.468],[8.02,46.466],[8.015,46.465],[8.013,46.462],[8.02,46.455],[8.016,46.453],[8.021,46.452],[8.026,46.448],[8.026,46.446]]],[[[8.018,46.432],[8.006,46.43],[8.005,46.432],[8.001,46.43],[8.0,46.435],[8.006,46.437],[8.003,46.439],[8.006,46.444],[8.008,46.445],[8.014,46.442],[8.021,46.443],[8.026,46.441],[8.021,46.435],[8.013,46.439],[8.018,46.432]]],[[[7.995,46.448],[7.985,46.45],[7.984,46.453],[7.991,46.457],[7.987,46.46],[7.987,46.462],[7.992,46.464],[7.995,46.462],[7.996,46.45],[7.995,46.448]]],[[[7.983,46.457],[7.977,46.457],[7.977,46.462],[7.98,46.466],[7.976,46.469],[7.979,46.471],[7.985,46.469],[7.984,46.466],[7.987,46.464],[7.984,46.462],[7.983,46.457]]],[[[7.963,46.541],[7.957,46.537],[7.955,46.538],[7.956,46.541],[7.948,46.543],[7.95,46.546],[7.955,46.547],[7.953,46.55],[7.96,46.552],[7.966,46.55],[7.966,46.547],[7.957,46.543],[7.963,46.541]]],[[[7.966,46.451],[7.959,46.449],[7.952,46.455],[7.951,46.46],[7.956,46.461],[7.959,46.468],[7.964,46.462],[7.963,46.453],[7.966,46.451]]],[[[7.874,45.952],[7.871,45.956],[7.864,45.958],[7.861,45.962],[7.847,45.965],[7.848,45.968],[7.846,45.972],[7.85,45.979],[7.848,45.983],[7.849,45.988],[7.845,45.987],[7.84,45.99],[7.844,45.992],[7.848,45.998],[7.852,45.997],[7.854,45.992],[7.856,45.992],[7.857,45.995],[7.852,46.001],[7.852,46.004],[7.855,46.006],[7.858,46.005],[7.868,46.008],[7.868,46.011],[7.863,46.013],[7.884,46.02],[7.894,46.035],[7.894,46.037],[7.882,46.033],[7.88,46.03],[7.881,46.026],[7.878,46.023],[7.868,46.03],[7.869,46.033],[7.865,46.042],[7.866,46.044],[7.868,46.046],[7.881,46.048],[7.888,46.047],[7.889,46.044],[7.888,46.042],[7.891,46.04],[7.894,46.042],[7.907,46.044],[7.913,46.049],[7.92,46.049],[7.923,46.04],[7.925,46.041],[7.926,46.044],[7.933,46.042],[7.929,46.039],[7.929,46.035],[7.926,46.033],[7.922,46.033],[7.919,46.03],[7.916,46.024],[7.91,46.022],[7.9,46.015],[7.905,46.012],[7.905,46.006],[7.907,46.004],[7.913,46.01],[7.909,46.012],[7.909,46.015],[7.916,46.02],[7.92,46.016],[7.926,46.02],[7.933,46.022],[7.942,46.019],[7.945,46.024],[7.949,46.022],[7.944,46.017],[7.944,46.014],[7.947,46.012],[7.947,46.01],[7.952,46.01],[7.955,46.005],[7.961,46.007],[7.965,46.005],[7.965,46.002],[7.955,45.998],[7.952,46.0],[7.929,46.0],[7.924,45.999],[7.923,45.996],[7.913,45.997],[7.91,45.999],[7.911,45.997],[7.907,45.996],[7.901,45.99],[7.9,45.987],[7.887,45.978],[7.878,45.974],[7.878,45.965],[7.874,45.956],[7.874,45.952]],[[7.9,46.008],[7.894,46.008],[7.887,46.012],[7.881,46.013],[7.878,46.009],[7.871,46.008],[7.894,46.007],[7.9,46.008]]],[[[7.944,46.439],[7.936,46.442],[7.938,46.446],[7.944,46.448],[7.947,46.451],[7.952,46.446],[7.949,46.441],[7.944,46.439]]],[[[7.919,46.41],[7.917,46.408],[7.913,46.41],[7.91,46.414],[7.904,46.415],[7.897,46.419],[7.895,46.422],[7.904,46.425],[7.907,46.421],[7.909,46.424],[7.922,46.428],[7.926,46.431],[7.94,46.433],[7.94,46.428],[7.933,46.428],[7.926,46.424],[7.92,46.423],[7.917,46.42],[7.912,46.422],[7.911,46.419],[7.917,46.417],[7.915,46.415],[7.918,46.413],[7.919,46.41]]],[[[7.908,46.053],[7.899,46.053],[7.91,46.06],[7.913,46.06],[7.914,46.055],[7.91,46.055],[7.908,46.053]]],[[[7.902,46.057],[7.888,46.05],[7.887,46.051],[7.886,46.057],[7.891,46.065],[7.894,46.064],[7.901,46.066],[7.904,46.065],[7.902,46.057]]],[[[7.882,46.053],[7.878,46.051],[7.867,46.055],[7.872,46.057],[7.87,46.06],[7.871,46.066],[7.875,46.069],[7.881,46.069],[7.886,46.064],[7.883,46.06],[7.882,46.053]]],[[[7.869,46.395],[7.868,46.393],[7.858,46.394],[7.848,46.406],[7.859,46.408],[7.863,46.411],[7.868,46.41],[7.871,46.414],[7.874,46.411],[7.881,46.414],[7.882,46.406],[7.875,46.402],[7.875,46.397],[7.869,46.395]]],[[[7.871,46.019],[7.853,46.019],[7.862,46.022],[7.866,46.026],[7.875,46.021],[7.871,46.019]]],[[[7.842,45.939],[7.851,45.942],[7.852,45.938],[7.851,45.936],[7.854,45.934],[7.858,45.937],[7.867,45.937],[7.875,45.929],[7.865,45.92],[7.86,45.92],[7.858,45.922],[7.845,45.922],[7.844,45.923],[7.85,45.925],[7.845,45.926],[7.836,45.932],[7.815,45.941],[7.825,45.947],[7.835,45.945],[7.838,45.941],[7.842,45.939]]],[[[7.847,45.943],[7.845,45.941],[7.84,45.943],[7.839,45.945],[7.841,45.947],[7.831,45.952],[7.841,45.954],[7.842,45.957],[7.851,45.957],[7.853,45.954],[7.858,45.953],[7.861,45.95],[7.861,45.952],[7.856,45.956],[7.857,45.959],[7.859,45.959],[7.861,45.956],[7.87,45.95],[7.871,45.947],[7.867,45.945],[7.864,45.948],[7.863,45.947],[7.868,45.943],[7.867,45.939],[7.864,45.941],[7.86,45.941],[7.858,45.939],[7.848,45.946],[7.845,45.945],[7.847,45.943]]],[[[7.78,46.442],[7.775,46.442],[7.775,46.445],[7.777,46.449],[7.783,46.451],[7.78,46.456],[7.786,46.46],[7.785,46.463],[7.791,46.465],[7.789,46.469],[7.79,46.47],[7.804,46.478],[7.799,46.478],[7.799,46.483],[7.796,46.485],[7.796,46.487],[7.8,46.489],[7.81,46.492],[7.823,46.499],[7.836,46.496],[7.842,46.497],[7.851,46.494],[7.841,46.489],[7.849,46.49],[7.852,46.487],[7.857,46.489],[7.858,46.492],[7.861,46.492],[7.863,46.487],[7.869,46.485],[7.87,46.483],[7.865,46.481],[7.864,46.48],[7.865,46.478],[7.859,46.474],[7.852,46.472],[7.849,46.467],[7.841,46.465],[7.839,46.461],[7.833,46.465],[7.828,46.465],[7.822,46.458],[7.806,46.456],[7.804,46.453],[7.8,46.453],[7.797,46.45],[7.788,46.447],[7.78,46.442]],[[7.852,46.478],[7.852,46.481],[7.849,46.484],[7.842,46.481],[7.839,46.478],[7.842,46.477],[7.849,46.481],[7.852,46.478]]],[[[7.804,45.921],[7.793,45.92],[7.793,45.923],[7.786,45.927],[7.787,45.929],[7.793,45.926],[7.796,45.927],[7.788,45.934],[7.788,45.936],[7.789,45.939],[7.8,45.945],[7.808,45.941],[7.81,45.938],[7.808,45.936],[7.809,45.932],[7.808,45.929],[7.804,45.927],[7.81,45.927],[7.812,45.929],[7.816,45.927],[7.816,45.925],[7.812,45.922],[7.809,45.923],[7.804,45.921]]],[[[7.795,46.499],[7.768,46.495],[7.764,46.5],[7.764,46.503],[7.771,46.501],[7.773,46.503],[7.768,46.508],[7.771,46.509],[7.775,46.505],[7.788,46.501],[7.79,46.499],[7.795,46.499]]],[[[7.783,45.93],[7.78,45.929],[7.776,45.932],[7.778,45.934],[7.773,45.941],[7.774,45.947],[7.776,45.945],[7.78,45.946],[7.787,45.943],[7.785,45.939],[7.786,45.934],[7.782,45.932],[7.783,45.93]]],[[[7.733,45.925],[7.718,45.925],[7.713,45.932],[7.709,45.934],[7.709,45.946],[7.714,45.95],[7.712,45.955],[7.705,45.957],[7.708,45.955],[7.706,45.953],[7.697,45.959],[7.686,45.961],[7.683,45.964],[7.682,45.97],[7.687,45.971],[7.693,45.967],[7.697,45.968],[7.703,45.967],[7.71,45.964],[7.711,45.961],[7.716,45.958],[7.719,45.951],[7.723,45.952],[7.719,45.943],[7.726,45.942],[7.727,45.941],[7.725,45.939],[7.726,45.938],[7.732,45.941],[7.731,45.943],[7.732,45.944],[7.738,45.945],[7.742,45.942],[7.751,45.943],[7.754,45.941],[7.751,45.94],[7.748,45.941],[7.739,45.934],[7.738,45.931],[7.733,45.93],[7.733,45.925]]],[[[7.708,46.116],[7.695,46.121],[7.694,46.123],[7.688,46.126],[7.686,46.13],[7.691,46.133],[7.697,46.13],[7.707,46.133],[7.717,46.121],[7.713,46.121],[7.704,46.129],[7.702,46.128],[7.708,46.121],[7.708,46.116]]],[[[7.706,46.062],[7.7,46.061],[7.696,46.065],[7.696,46.071],[7.702,46.074],[7.701,46.078],[7.704,46.082],[7.704,46.074],[7.712,46.067],[7.705,46.065],[7.706,46.062]]],[[[7.681,46.065],[7.674,46.066],[7.676,46.069],[7.668,46.074],[7.671,46.077],[7.675,46.078],[7.671,46.08],[7.669,46.083],[7.675,46.085],[7.684,46.082],[7.691,46.082],[7.694,46.08],[7.673,46.074],[7.681,46.072],[7.682,46.067],[7.681,46.065]]],[[[7.645,46.028],[7.639,46.025],[7.633,46.031],[7.639,46.033],[7.629,46.034],[7.628,46.038],[7.632,46.041],[7.636,46.04],[7.641,46.036],[7.642,46.033],[7.646,46.036],[7.648,46.033],[7.645,46.028]]],[[[7.642,45.977],[7.635,45.975],[7.631,45.977],[7.629,45.981],[7.626,45.979],[7.616,45.98],[7.61,45.983],[7.609,45.986],[7.61,45.987],[7.619,45.985],[7.626,45.987],[7.629,45.985],[7.636,45.986],[7.636,45.984],[7.642,45.977]]],[[[7.607,46.058],[7.6,46.06],[7.599,46.063],[7.594,46.065],[7.593,46.069],[7.594,46.071],[7.597,46.07],[7.607,46.075],[7.608,46.072],[7.606,46.065],[7.607,46.058]]],[[[7.581,45.977],[7.58,45.982],[7.574,45.986],[7.575,45.988],[7.574,45.989],[7.564,45.99],[7.56,45.988],[7.56,45.986],[7.55,45.986],[7.545,45.994],[7.542,45.993],[7.539,45.995],[7.54,45.998],[7.543,46.0],[7.539,46.006],[7.535,46.002],[7.531,46.004],[7.531,46.007],[7.535,46.01],[7.539,46.008],[7.544,46.016],[7.552,46.012],[7.554,46.013],[7.551,46.018],[7.546,46.02],[7.552,46.02],[7.565,46.01],[7.562,46.013],[7.562,46.015],[7.565,46.017],[7.569,46.015],[7.574,46.019],[7.581,46.016],[7.586,46.018],[7.585,46.02],[7.587,46.022],[7.59,46.022],[7.594,46.019],[7.595,46.024],[7.597,46.026],[7.6,46.025],[7.602,46.02],[7.601,46.011],[7.602,46.006],[7.601,46.004],[7.59,46.001],[7.587,45.997],[7.594,46.001],[7.597,45.999],[7.607,46.0],[7.608,45.997],[7.606,45.997],[7.6,45.992],[7.591,45.991],[7.589,45.984],[7.585,45.982],[7.581,45.977]]],[[[7.598,45.977],[7.59,45.974],[7.586,45.977],[7.596,45.984],[7.597,45.988],[7.605,45.988],[7.604,45.982],[7.597,45.98],[7.596,45.979],[7.598,45.977]]],[[[7.568,46.405],[7.565,46.404],[7.563,46.407],[7.563,46.409],[7.567,46.411],[7.567,46.416],[7.572,46.417],[7.575,46.42],[7.582,46.42],[7.583,46.418],[7.582,46.417],[7.573,46.414],[7.568,46.405]]],[[[7.508,46.366],[7.502,46.366],[7.498,46.371],[7.487,46.369],[7.474,46.383],[7.471,46.381],[7.466,46.384],[7.471,46.386],[7.474,46.385],[7.478,46.389],[7.484,46.387],[7.487,46.39],[7.491,46.39],[7.497,46.395],[7.507,46.395],[7.51,46.398],[7.517,46.401],[7.523,46.401],[7.525,46.402],[7.523,46.405],[7.53,46.407],[7.533,46.412],[7.538,46.414],[7.546,46.414],[7.549,46.42],[7.552,46.418],[7.563,46.416],[7.559,46.414],[7.551,46.414],[7.541,46.411],[7.548,46.402],[7.549,46.396],[7.556,46.392],[7.559,46.387],[7.562,46.392],[7.565,46.392],[7.575,46.388],[7.578,46.389],[7.58,46.384],[7.572,46.379],[7.57,46.38],[7.569,46.384],[7.565,46.382],[7.556,46.383],[7.549,46.382],[7.546,46.38],[7.535,46.38],[7.526,46.377],[7.52,46.377],[7.517,46.375],[7.507,46.377],[7.503,46.373],[7.504,46.372],[7.51,46.375],[7.513,46.371],[7.508,46.369],[7.508,46.366]]],[[[7.543,45.964],[7.539,45.961],[7.526,45.966],[7.522,45.965],[7.519,45.971],[7.523,45.974],[7.529,45.969],[7.532,45.97],[7.542,45.966],[7.543,45.964]]],[[[7.481,45.956],[7.471,45.953],[7.463,45.959],[7.468,45.959],[7.477,45.963],[7.481,45.962],[7.483,45.964],[7.481,45.966],[7.47,45.966],[7.474,45.969],[7.481,45.967],[7.484,45.968],[7.486,45.971],[7.481,45.976],[7.474,45.976],[7.464,45.971],[7.463,45.977],[7.464,45.98],[7.481,45.986],[7.491,45.984],[7.493,45.979],[7.497,45.978],[7.502,45.973],[7.499,45.971],[7.497,45.966],[7.502,45.964],[7.503,45.961],[7.488,45.957],[7.484,45.959],[7.481,45.956]]],[[[7.42,45.991],[7.426,45.991],[7.428,45.989],[7.426,45.984],[7.423,45.981],[7.416,45.98],[7.414,45.982],[7.416,45.984],[7.414,45.991],[7.419,45.994],[7.421,45.993],[7.42,45.991]]],[[[7.426,45.991],[7.427,45.993],[7.433,45.995],[7.433,46.0],[7.438,46.002],[7.443,45.993],[7.448,45.994],[7.469,45.991],[7.461,45.987],[7.455,45.99],[7.452,45.989],[7.45,45.986],[7.45,45.982],[7.442,45.974],[7.436,45.971],[7.437,45.968],[7.435,45.967],[7.431,45.973],[7.432,45.98],[7.43,45.982],[7.434,45.989],[7.426,45.991]]],[[[7.4,45.986],[7.387,45.978],[7.383,45.982],[7.379,46.004],[7.381,46.005],[7.384,46.003],[7.39,46.003],[7.397,46.001],[7.4,45.998],[7.401,46.004],[7.403,46.006],[7.41,46.004],[7.411,46.0],[7.404,45.995],[7.415,45.993],[7.413,45.992],[7.406,45.993],[7.404,45.991],[7.408,45.986],[7.4,45.986]]],[[[7.36,46.346],[7.355,46.346],[7.354,46.352],[7.353,46.348],[7.35,46.348],[7.35,46.351],[7.348,46.352],[7.34,46.351],[7.338,46.349],[7.335,46.349],[7.333,46.351],[7.339,46.357],[7.348,46.361],[7.351,46.36],[7.352,46.355],[7.358,46.355],[7.365,46.366],[7.37,46.367],[7.371,46.369],[7.377,46.372],[7.387,46.374],[7.39,46.376],[7.396,46.376],[7.399,46.378],[7.405,46.378],[7.4,46.371],[7.393,46.373],[7.388,46.371],[7.387,46.369],[7.392,46.364],[7.388,46.362],[7.391,46.357],[7.39,46.355],[7.383,46.355],[7.377,46.352],[7.37,46.351],[7.361,46.352],[7.359,46.351],[7.361,46.349],[7.36,46.346]]],[[[7.361,46.337],[7.36,46.342],[7.37,46.347],[7.38,46.346],[7.382,46.344],[7.374,46.339],[7.361,46.337]]],[[[7.356,46.065],[7.351,46.064],[7.342,46.069],[7.333,46.069],[7.335,46.072],[7.345,46.073],[7.351,46.067],[7.353,46.069],[7.353,46.072],[7.355,46.072],[7.358,46.075],[7.362,46.072],[7.356,46.065]]],[[[7.325,45.926],[7.326,45.923],[7.316,45.923],[7.31,45.92],[7.303,45.92],[7.303,45.923],[7.307,45.923],[7.309,45.928],[7.319,45.929],[7.325,45.926]]],[[[7.326,45.923],[7.337,45.921],[7.329,45.921],[7.326,45.923]]],[[[7.298,45.941],[7.294,45.94],[7.291,45.941],[7.291,45.943],[7.294,45.947],[7.304,45.95],[7.301,45.955],[7.308,45.959],[7.309,45.962],[7.308,45.964],[7.313,45.965],[7.316,45.964],[7.31,45.953],[7.307,45.953],[7.311,45.946],[7.306,45.944],[7.3,45.945],[7.298,45.941]]],[[[7.281,45.941],[7.277,45.943],[7.276,45.946],[7.271,45.95],[7.27,45.955],[7.271,45.957],[7.268,45.961],[7.274,45.962],[7.28,45.966],[7.277,45.967],[7.277,45.975],[7.281,45.973],[7.281,45.966],[7.287,45.962],[7.288,45.964],[7.286,45.966],[7.287,45.967],[7.293,45.968],[7.3,45.974],[7.307,45.968],[7.303,45.966],[7.3,45.959],[7.294,45.954],[7.287,45.958],[7.283,45.955],[7.295,45.95],[7.284,45.947],[7.281,45.941]]],[[[7.302,45.923],[7.296,45.923],[7.295,45.928],[7.29,45.93],[7.29,45.933],[7.301,45.932],[7.301,45.93],[7.304,45.928],[7.302,45.923]]],[[[7.266,45.898],[7.255,45.891],[7.252,45.892],[7.245,45.896],[7.245,45.898],[7.249,45.9],[7.258,45.899],[7.261,45.905],[7.265,45.906],[7.27,45.903],[7.266,45.898]]],[[[7.197,46.305],[7.19,46.305],[7.19,46.308],[7.198,46.315],[7.202,46.316],[7.203,46.321],[7.205,46.323],[7.208,46.323],[7.208,46.326],[7.205,46.328],[7.215,46.333],[7.219,46.332],[7.217,46.328],[7.218,46.327],[7.234,46.329],[7.249,46.323],[7.244,46.321],[7.246,46.319],[7.239,46.312],[7.224,46.312],[7.211,46.316],[7.205,46.314],[7.202,46.308],[7.197,46.305]]],[[[7.166,46.24],[7.158,46.24],[7.157,46.242],[7.154,46.242],[7.163,46.245],[7.18,46.245],[7.173,46.244],[7.166,46.24]]],[[[7.052,45.956],[7.041,45.954],[7.039,45.956],[7.032,45.955],[7.026,45.959],[7.032,45.961],[7.029,45.961],[7.027,45.963],[7.03,45.965],[7.03,45.968],[7.027,45.968],[7.026,45.966],[7.019,45.966],[7.023,45.964],[7.024,45.961],[7.023,45.96],[7.016,45.961],[7.016,45.963],[7.008,45.967],[7.01,45.972],[7.018,45.981],[7.018,45.983],[7.012,45.988],[7.011,45.999],[7.006,46.001],[6.993,46.002],[6.983,46.008],[6.989,46.012],[6.988,46.015],[6.99,46.015],[6.993,46.01],[7.004,46.01],[7.006,46.012],[7.009,46.012],[7.016,46.009],[7.026,46.009],[7.032,46.011],[7.033,46.008],[7.044,46.004],[7.045,46.0],[7.056,45.999],[7.055,45.997],[7.048,45.995],[7.054,45.992],[7.05,45.988],[7.05,45.986],[7.053,45.983],[7.052,45.982],[7.048,45.981],[7.045,45.978],[7.043,45.983],[7.046,45.986],[7.045,45.987],[7.034,45.986],[7.031,45.983],[7.039,45.982],[7.042,45.975],[7.045,45.976],[7.052,45.974],[7.048,45.97],[7.058,45.967],[7.061,45.97],[7.062,45.968],[7.062,45.965],[7.055,45.961],[7.052,45.956]]],[[[7.057,45.925],[7.052,45.924],[7.046,45.927],[7.045,45.93],[7.049,45.935],[7.052,45.934],[7.049,45.932],[7.049,45.929],[7.057,45.927],[7.057,45.925]]],[[[6.898,46.129],[6.895,46.131],[6.908,46.136],[6.909,46.133],[6.918,46.135],[6.918,46.137],[6.915,46.136],[6.91,46.138],[6.915,46.14],[6.918,46.138],[6.921,46.14],[6.924,46.13],[6.936,46.125],[6.927,46.116],[6.925,46.112],[6.919,46.116],[6.908,46.116],[6.902,46.112],[6.898,46.113],[6.9,46.115],[6.899,46.117],[6.895,46.114],[6.894,46.124],[6.892,46.126],[6.886,46.127],[6.889,46.129],[6.898,46.129]],[[6.898,46.129],[6.904,46.127],[6.898,46.122],[6.899,46.121],[6.902,46.124],[6.905,46.123],[6.912,46.127],[6.905,46.127],[6.902,46.13],[6.898,46.129]]],[[[6.89,46.046],[6.88,46.046],[6.884,46.055],[6.893,46.061],[6.894,46.055],[6.896,46.053],[6.903,46.053],[6.896,46.052],[6.89,46.046]]],[[[6.892,46.087],[6.889,46.083],[6.885,46.086],[6.885,46.091],[6.888,46.093],[6.885,46.095],[6.885,46.097],[6.886,46.098],[6.889,46.096],[6.891,46.097],[6.889,46.099],[6.889,46.102],[6.895,46.105],[6.898,46.104],[6.898,46.1],[6.893,46.093],[6.897,46.088],[6.892,46.087]]]]},"properties":{"value":200,"fill":"#054F8C","zIndex":6},"id":"5"},{"type":"Feature","geometry":{"type":"MultiPolygon","coordinates":[[[[8.425,46.697],[8.429,46.701],[8.439,46.698],[8.449,46.701],[8.452,46.7],[8.452,46.698],[8.449,46.695],[8.449,46.692],[8.442,46.689],[8.416,46.69],[8.414,46.693],[8.426,46.693],[8.429,46.695],[8.425,46.697]]],[[[8.424,46.704],[8.426,46.699],[8.423,46.698],[8.42,46.699],[8.419,46.701],[8.416,46.699],[8.413,46.702],[8.416,46.704],[8.424,46.704]]],[[[8.402,46.623],[8.395,46.622],[8.389,46.628],[8.381,46.628],[8.376,46.634],[8.369,46.633],[8.366,46.635],[8.364,46.637],[8.365,46.639],[8.369,46.641],[8.362,46.646],[8.361,46.651],[8.358,46.655],[8.361,46.657],[8.362,46.662],[8.373,46.666],[8.386,46.664],[8.389,46.667],[8.396,46.668],[8.402,46.666],[8.404,46.664],[8.404,46.661],[8.403,46.659],[8.399,46.659],[8.396,46.657],[8.405,46.656],[8.409,46.658],[8.412,46.655],[8.418,46.653],[8.42,46.65],[8.419,46.639],[8.416,46.637],[8.415,46.634],[8.402,46.634],[8.399,46.632],[8.405,46.626],[8.402,46.623]]],[[[8.134,46.609],[8.13,46.611],[8.126,46.616],[8.13,46.632],[8.131,46.633],[8.137,46.628],[8.145,46.632],[8.143,46.634],[8.144,46.637],[8.153,46.634],[8.151,46.627],[8.153,46.623],[8.157,46.622],[8.163,46.616],[8.157,46.617],[8.153,46.614],[8.143,46.616],[8.147,46.62],[8.15,46.618],[8.143,46.623],[8.144,46.626],[8.14,46.625],[8.135,46.621],[8.134,46.616],[8.136,46.614],[8.134,46.609]]],[[[8.137,46.544],[8.133,46.546],[8.128,46.546],[8.117,46.552],[8.106,46.553],[8.108,46.556],[8.112,46.558],[8.112,46.56],[8.118,46.56],[8.123,46.563],[8.128,46.56],[8.131,46.555],[8.14,46.551],[8.138,46.549],[8.137,46.544]]],[[[8.115,46.544],[8.11,46.541],[8.104,46.543],[8.1,46.545],[8.1,46.547],[8.097,46.548],[8.094,46.547],[8.089,46.551],[8.091,46.553],[8.097,46.55],[8.107,46.549],[8.115,46.544]]],[[[8.048,46.537],[8.042,46.534],[8.038,46.534],[8.036,46.536],[8.02,46.54],[8.02,46.545],[8.024,46.549],[8.016,46.557],[8.009,46.557],[8.008,46.558],[8.009,46.561],[8.012,46.564],[8.019,46.565],[8.032,46.563],[8.03,46.56],[8.031,46.558],[8.042,46.551],[8.042,46.549],[8.049,46.54],[8.048,46.537]]],[[[7.987,46.516],[7.979,46.514],[7.976,46.518],[7.972,46.52],[7.972,46.529],[7.975,46.532],[7.973,46.534],[7.982,46.536],[7.979,46.538],[7.981,46.541],[7.98,46.542],[7.976,46.539],[7.973,46.54],[7.976,46.543],[7.973,46.545],[7.98,46.548],[7.989,46.545],[7.986,46.547],[7.991,46.552],[8.007,46.556],[8.009,46.554],[8.01,46.547],[7.998,46.531],[7.999,46.528],[8.003,46.527],[8.004,46.525],[8.002,46.524],[7.996,46.527],[7.986,46.528],[7.983,46.531],[7.979,46.527],[7.978,46.525],[7.979,46.523],[7.986,46.523],[7.983,46.52],[7.987,46.516]]],[[[7.956,46.484],[7.953,46.483],[7.943,46.487],[7.938,46.496],[7.936,46.502],[7.937,46.505],[7.944,46.507],[7.95,46.504],[7.953,46.496],[7.952,46.491],[7.956,46.484]]],[[[7.878,45.976],[7.874,45.976],[7.869,45.983],[7.874,45.984],[7.876,45.988],[7.881,45.988],[7.884,45.99],[7.88,45.992],[7.885,45.999],[7.891,46.001],[7.894,46.004],[7.903,46.004],[7.907,46.0],[7.907,45.998],[7.904,45.997],[7.904,45.994],[7.9,45.989],[7.893,45.988],[7.895,45.985],[7.894,45.984],[7.89,45.981],[7.881,45.979],[7.878,45.976]]],[[[7.826,46.469],[7.81,46.463],[7.807,46.465],[7.809,46.467],[7.817,46.469],[7.819,46.474],[7.823,46.475],[7.825,46.474],[7.824,46.471],[7.826,46.469]]],[[[7.021,45.981],[7.019,45.98],[7.019,45.983],[7.013,45.988],[7.014,45.992],[7.013,45.997],[7.006,46.003],[7.005,46.006],[7.013,46.008],[7.019,46.006],[7.022,46.003],[7.029,46.005],[7.034,45.999],[7.042,45.995],[7.043,45.992],[7.042,45.99],[7.032,45.987],[7.026,45.987],[7.02,45.983],[7.021,45.981]]],[[[7.028,45.97],[7.016,45.969],[7.013,45.974],[7.016,45.976],[7.023,45.973],[7.028,45.977],[7.029,45.981],[7.034,45.977],[7.032,45.975],[7.032,45.972],[7.028,45.97]]]]},"properties":{"value":300,"fill":"#610432","zIndex":7},"id":"6"}],"validAt":"2026-05-11T06:00:00Z"}