{"type":"FeatureCollection","features":[{"type":"Feature","geometry":{"type":"MultiPolygon","coordinates":[[[[10.463,46.54],[10.46,46.538],[10.444,46.538],[10.441,46.54],[10.443,46.547],[10.441,46.549],[10.435,46.547],[10.422,46.548],[10.419,46.55],[10.409,46.55],[10.406,46.548],[10.386,46.549],[10.377,46.553],[10.377,46.558],[10.354,46.559],[10.354,46.556],[10.35,46.554],[10.35,46.552],[10.344,46.548],[10.343,46.545],[10.34,46.543],[10.337,46.543],[10.328,46.55],[10.321,46.55],[10.317,46.548],[10.298,46.549],[10.295,46.551],[10.295,46.556],[10.292,46.558],[10.292,46.56],[10.28,46.572],[10.267,46.577],[10.26,46.576],[10.257,46.579],[10.258,46.583],[10.264,46.585],[10.259,46.59],[10.271,46.598],[10.273,46.594],[10.271,46.593],[10.271,46.589],[10.274,46.589],[10.277,46.593],[10.284,46.594],[10.294,46.589],[10.297,46.589],[10.303,46.584],[10.302,46.578],[10.306,46.581],[10.312,46.577],[10.312,46.575],[10.306,46.569],[10.308,46.566],[10.309,46.569],[10.319,46.575],[10.322,46.575],[10.325,46.572],[10.332,46.571],[10.338,46.572],[10.341,46.57],[10.348,46.572],[10.364,46.571],[10.374,46.575],[10.381,46.575],[10.383,46.573],[10.395,46.573],[10.394,46.575],[10.396,46.58],[10.401,46.581],[10.404,46.579],[10.407,46.58],[10.404,46.584],[10.417,46.585],[10.421,46.584],[10.423,46.579],[10.43,46.581],[10.433,46.579],[10.43,46.577],[10.428,46.572],[10.428,46.563],[10.435,46.559],[10.438,46.554],[10.442,46.552],[10.442,46.557],[10.44,46.561],[10.446,46.567],[10.446,46.57],[10.443,46.574],[10.446,46.576],[10.453,46.576],[10.462,46.571],[10.461,46.574],[10.463,46.576],[10.456,46.579],[10.453,46.581],[10.451,46.585],[10.442,46.59],[10.454,46.596],[10.454,46.599],[10.458,46.602],[10.463,46.598],[10.467,46.598],[10.474,46.605],[10.468,46.609],[10.481,46.614],[10.479,46.616],[10.479,46.62],[10.481,46.622],[10.488,46.618],[10.485,46.613],[10.487,46.611],[10.487,46.6],[10.485,46.577],[10.482,46.576],[10.481,46.571],[10.478,46.569],[10.478,46.559],[10.481,46.557],[10.48,46.551],[10.474,46.546],[10.471,46.546],[10.47,46.542],[10.467,46.54],[10.463,46.54]]],[[[10.4,46.699],[10.394,46.695],[10.387,46.699],[10.386,46.702],[10.381,46.702],[10.375,46.706],[10.369,46.707],[10.367,46.709],[10.366,46.714],[10.352,46.718],[10.352,46.72],[10.357,46.723],[10.354,46.725],[10.355,46.727],[10.36,46.73],[10.366,46.726],[10.383,46.726],[10.381,46.731],[10.373,46.73],[10.364,46.736],[10.37,46.74],[10.364,46.741],[10.362,46.743],[10.35,46.743],[10.344,46.739],[10.334,46.737],[10.324,46.74],[10.318,46.74],[10.316,46.742],[10.325,46.743],[10.322,46.746],[10.322,46.748],[10.327,46.75],[10.329,46.755],[10.319,46.76],[10.32,46.766],[10.314,46.773],[10.314,46.775],[10.317,46.776],[10.333,46.773],[10.333,46.778],[10.33,46.78],[10.333,46.783],[10.346,46.781],[10.35,46.784],[10.35,46.786],[10.347,46.788],[10.35,46.79],[10.36,46.792],[10.363,46.79],[10.359,46.786],[10.359,46.781],[10.364,46.779],[10.362,46.776],[10.368,46.772],[10.365,46.77],[10.365,46.767],[10.369,46.769],[10.385,46.77],[10.388,46.769],[10.388,46.771],[10.383,46.776],[10.383,46.778],[10.386,46.78],[10.395,46.775],[10.402,46.775],[10.414,46.765],[10.418,46.77],[10.42,46.768],[10.425,46.768],[10.425,46.77],[10.421,46.773],[10.428,46.775],[10.427,46.779],[10.419,46.791],[10.416,46.793],[10.412,46.792],[10.408,46.796],[10.403,46.797],[10.402,46.798],[10.404,46.8],[10.403,46.802],[10.399,46.803],[10.4,46.807],[10.404,46.809],[10.401,46.811],[10.401,46.818],[10.404,46.82],[10.41,46.816],[10.407,46.814],[10.407,46.812],[10.414,46.815],[10.423,46.811],[10.427,46.811],[10.43,46.815],[10.438,46.815],[10.44,46.817],[10.444,46.817],[10.446,46.819],[10.444,46.822],[10.438,46.824],[10.441,46.826],[10.449,46.826],[10.449,46.828],[10.447,46.831],[10.439,46.835],[10.441,46.837],[10.445,46.837],[10.445,46.84],[10.442,46.842],[10.448,46.847],[10.451,46.845],[10.458,46.845],[10.46,46.853],[10.465,46.857],[10.469,46.858],[10.471,46.855],[10.471,46.85],[10.468,46.848],[10.467,46.839],[10.46,46.835],[10.46,46.832],[10.457,46.83],[10.456,46.812],[10.449,46.806],[10.449,46.803],[10.429,46.791],[10.432,46.788],[10.431,46.784],[10.435,46.784],[10.441,46.777],[10.441,46.774],[10.444,46.772],[10.443,46.754],[10.44,46.752],[10.433,46.752],[10.416,46.742],[10.413,46.742],[10.403,46.735],[10.418,46.723],[10.418,46.717],[10.415,46.714],[10.414,46.71],[10.408,46.706],[10.401,46.706],[10.4,46.699]]],[[[9.83,46.589],[9.823,46.585],[9.804,46.59],[9.801,46.589],[9.795,46.594],[9.806,46.596],[9.798,46.599],[9.772,46.602],[9.767,46.606],[9.776,46.613],[9.778,46.61],[9.798,46.611],[9.801,46.609],[9.807,46.609],[9.815,46.611],[9.802,46.618],[9.782,46.623],[9.777,46.626],[9.793,46.635],[9.8,46.632],[9.8,46.637],[9.806,46.64],[9.823,46.641],[9.826,46.639],[9.825,46.636],[9.828,46.631],[9.835,46.625],[9.835,46.62],[9.838,46.618],[9.845,46.62],[9.847,46.624],[9.846,46.631],[9.842,46.633],[9.839,46.636],[9.839,46.638],[9.842,46.64],[9.847,46.64],[9.846,46.642],[9.849,46.644],[9.86,46.644],[9.859,46.647],[9.856,46.649],[9.843,46.652],[9.84,46.654],[9.84,46.66],[9.847,46.665],[9.849,46.674],[9.84,46.671],[9.84,46.669],[9.83,46.665],[9.827,46.661],[9.82,46.657],[9.816,46.659],[9.807,46.659],[9.781,46.653],[9.775,46.657],[9.776,46.66],[9.802,46.672],[9.805,46.675],[9.785,46.673],[9.768,46.668],[9.755,46.667],[9.751,46.671],[9.753,46.673],[9.752,46.675],[9.749,46.676],[9.742,46.674],[9.723,46.674],[9.717,46.676],[9.723,46.68],[9.726,46.68],[9.73,46.684],[9.736,46.685],[9.746,46.682],[9.746,46.684],[9.743,46.687],[9.746,46.691],[9.749,46.688],[9.759,46.686],[9.761,46.687],[9.76,46.691],[9.762,46.694],[9.761,46.698],[9.766,46.701],[9.768,46.7],[9.769,46.693],[9.776,46.695],[9.781,46.689],[9.776,46.684],[9.779,46.684],[9.782,46.688],[9.789,46.688],[9.798,46.685],[9.802,46.686],[9.803,46.688],[9.799,46.691],[9.799,46.693],[9.794,46.695],[9.796,46.696],[9.796,46.698],[9.793,46.7],[9.796,46.702],[9.802,46.701],[9.806,46.703],[9.806,46.706],[9.799,46.707],[9.797,46.709],[9.797,46.711],[9.8,46.714],[9.791,46.722],[9.791,46.727],[9.794,46.728],[9.803,46.725],[9.808,46.729],[9.801,46.733],[9.801,46.735],[9.804,46.737],[9.808,46.735],[9.811,46.738],[9.802,46.747],[9.804,46.748],[9.816,46.746],[9.821,46.748],[9.823,46.744],[9.829,46.742],[9.829,46.739],[9.836,46.733],[9.836,46.73],[9.838,46.728],[9.833,46.727],[9.833,46.724],[9.839,46.723],[9.842,46.719],[9.839,46.714],[9.842,46.712],[9.849,46.711],[9.851,46.707],[9.835,46.701],[9.838,46.7],[9.848,46.703],[9.853,46.707],[9.852,46.71],[9.858,46.712],[9.865,46.712],[9.878,46.706],[9.881,46.706],[9.881,46.711],[9.879,46.714],[9.875,46.715],[9.872,46.718],[9.872,46.721],[9.865,46.721],[9.858,46.728],[9.857,46.73],[9.859,46.731],[9.866,46.732],[9.867,46.734],[9.864,46.736],[9.866,46.739],[9.86,46.74],[9.857,46.743],[9.858,46.746],[9.851,46.75],[9.854,46.752],[9.855,46.759],[9.849,46.761],[9.852,46.764],[9.851,46.766],[9.843,46.768],[9.842,46.773],[9.836,46.777],[9.833,46.782],[9.835,46.784],[9.839,46.781],[9.843,46.782],[9.84,46.789],[9.842,46.793],[9.845,46.791],[9.852,46.79],[9.868,46.774],[9.876,46.77],[9.879,46.765],[9.87,46.759],[9.87,46.752],[9.874,46.759],[9.88,46.763],[9.884,46.761],[9.887,46.756],[9.899,46.749],[9.899,46.745],[9.907,46.74],[9.908,46.731],[9.912,46.73],[9.918,46.725],[9.923,46.724],[9.924,46.721],[9.934,46.717],[9.931,46.726],[9.923,46.735],[9.922,46.741],[9.919,46.744],[9.919,46.747],[9.916,46.749],[9.916,46.755],[9.911,46.758],[9.91,46.763],[9.907,46.764],[9.904,46.767],[9.904,46.769],[9.896,46.776],[9.892,46.781],[9.89,46.788],[9.885,46.793],[9.88,46.797],[9.875,46.797],[9.867,46.802],[9.879,46.806],[9.889,46.804],[9.892,46.799],[9.908,46.793],[9.921,46.784],[9.929,46.782],[9.936,46.775],[9.936,46.773],[9.94,46.772],[9.941,46.773],[9.934,46.788],[9.925,46.794],[9.925,46.796],[9.921,46.799],[9.906,46.805],[9.906,46.808],[9.896,46.815],[9.88,46.816],[9.875,46.817],[9.873,46.819],[9.872,46.822],[9.876,46.826],[9.88,46.836],[9.884,46.837],[9.893,46.834],[9.903,46.826],[9.906,46.828],[9.903,46.832],[9.902,46.837],[9.897,46.838],[9.894,46.842],[9.89,46.842],[9.888,46.844],[9.894,46.849],[9.916941176470589,46.84811764705882],[9.916,46.85],[9.919,46.85],[9.91711111111111,46.84811111111111],[9.92,46.848],[9.921,46.85],[9.924,46.851],[9.933,46.849],[9.937,46.852],[9.947,46.85],[9.953,46.841],[9.959,46.836],[9.955,46.833],[9.965,46.828],[9.968,46.826],[9.968,46.824],[9.981,46.816],[9.991,46.817],[9.993,46.819],[9.985,46.82],[9.981,46.822],[9.982,46.824],[9.978,46.825],[9.975,46.828],[9.977,46.831],[9.974,46.835],[9.974,46.838],[9.97,46.84],[9.973,46.845],[9.967,46.851],[9.97,46.853],[9.976,46.853],[9.98,46.855],[9.995,46.855],[9.999,46.857],[10.013,46.859],[10.018,46.857],[10.019,46.85],[10.022,46.851],[10.032,46.848],[10.038,46.85],[10.032,46.85],[10.029,46.852],[10.028,46.854],[10.03,46.859],[10.024,46.863],[10.027,46.87],[10.026,46.871],[10.02,46.87],[10.013,46.873],[10.006,46.873],[10.0,46.869],[9.98,46.87],[9.977,46.867],[9.967,46.867],[9.966,46.869],[9.949,46.876],[9.941,46.877],[9.938,46.875],[9.929,46.881],[9.922,46.877],[9.919,46.879],[9.916,46.889],[9.909,46.893],[9.903,46.89],[9.901,46.891],[9.901,46.9],[9.905,46.902],[9.905,46.909],[9.91,46.91],[9.917,46.906],[9.932,46.901],[9.959,46.901],[9.965,46.899],[9.969,46.9],[9.966,46.904],[9.959,46.907],[9.956,46.906],[9.946,46.908],[9.928,46.915],[9.937,46.917],[9.94,46.915],[9.95,46.914],[9.953,46.917],[9.956,46.917],[9.969,46.916],[9.988,46.905],[9.992,46.905],[9.995,46.902],[10.001,46.9],[10.005,46.9],[10.008,46.902],[10.021,46.902],[10.027,46.897],[10.027,46.895],[10.04,46.885],[10.043,46.883],[10.047,46.883],[10.053,46.878],[10.052,46.867],[10.055,46.865],[10.082,46.864],[10.088,46.862],[10.091,46.86],[10.091,46.857],[10.094,46.855],[10.097,46.848],[10.107,46.843],[10.11,46.846],[10.12,46.85],[10.14,46.849],[10.147,46.854],[10.153,46.854],[10.156,46.851],[10.163,46.851],[10.173,46.858],[10.18,46.86],[10.194,46.868],[10.23,46.87],[10.23,46.877],[10.233,46.879],[10.237,46.879],[10.237,46.885],[10.228,46.89],[10.228,46.895],[10.225,46.897],[10.231,46.901],[10.232,46.904],[10.238,46.906],[10.24,46.93],[10.243,46.932],[10.262,46.932],[10.266,46.929],[10.272,46.929],[10.275,46.927],[10.282,46.927],[10.285,46.925],[10.292,46.924],[10.295,46.924],[10.298,46.927],[10.312,46.926],[10.312,46.929],[10.315,46.931],[10.318,46.93],[10.319,46.937],[10.309,46.938],[10.306,46.94],[10.306,46.949],[10.313,46.953],[10.32,46.953],[10.326,46.957],[10.333,46.957],[10.334,46.977],[10.338,46.982],[10.341,46.984],[10.348,46.984],[10.348,46.988],[10.354,46.993],[10.374,46.992],[10.375,46.997],[10.381,47.001],[10.394,47.001],[10.404,46.994],[10.404,46.991],[10.407,46.989],[10.406,46.985],[10.414,46.98],[10.409,46.976],[10.394,46.983],[10.39,46.983],[10.386,46.978],[10.386,46.974],[10.383,46.97],[10.365,46.97],[10.363,46.969],[10.363,46.966],[10.356,46.964],[10.355,46.959],[10.358,46.957],[10.356,46.955],[10.351,46.955],[10.346,46.951],[10.342,46.951],[10.336,46.948],[10.326,46.947],[10.325,46.941],[10.329,46.94],[10.335,46.941],[10.338,46.939],[10.338,46.927],[10.34,46.935],[10.342,46.937],[10.348,46.94],[10.355,46.941],[10.357,46.939],[10.357,46.936],[10.354,46.93],[10.358,46.929],[10.354,46.929],[10.354,46.924],[10.361,46.925],[10.368,46.934],[10.374,46.934],[10.369,46.938],[10.369,46.941],[10.371,46.942],[10.374,46.94],[10.378,46.94],[10.376,46.945],[10.378,46.947],[10.385,46.945],[10.388,46.95],[10.392,46.951],[10.395,46.951],[10.397,46.949],[10.389,46.94],[10.39,46.926],[10.393,46.926],[10.393,46.929],[10.408,46.941],[10.411,46.942],[10.414,46.939],[10.414,46.936],[10.417,46.939],[10.421,46.94],[10.424,46.938],[10.425,46.939],[10.424,46.941],[10.427,46.945],[10.434,46.943],[10.437,46.947],[10.442,46.943],[10.45,46.945],[10.456,46.943],[10.454,46.941],[10.45,46.941],[10.447,46.936],[10.457,46.936],[10.462,46.934],[10.46,46.932],[10.461,46.929],[10.449,46.923],[10.448,46.921],[10.452,46.916],[10.449,46.914],[10.439,46.915],[10.438,46.912],[10.435,46.91],[10.435,46.907],[10.437,46.905],[10.432,46.9],[10.425,46.901],[10.422,46.899],[10.418,46.899],[10.415,46.895],[10.405,46.893],[10.398,46.886],[10.4,46.884],[10.398,46.882],[10.385,46.883],[10.381,46.882],[10.384,46.879],[10.384,46.877],[10.38,46.875],[10.383,46.873],[10.384,46.87],[10.383,46.868],[10.377,46.864],[10.367,46.861],[10.357,46.862],[10.352,46.865],[10.352,46.867],[10.358,46.871],[10.362,46.871],[10.362,46.876],[10.358,46.881],[10.349,46.883],[10.345,46.887],[10.356,46.895],[10.352,46.894],[10.349,46.899],[10.347,46.896],[10.343,46.895],[10.339,46.897],[10.336,46.895],[10.331,46.899],[10.323,46.897],[10.317,46.899],[10.32,46.903],[10.323,46.903],[10.324,46.906],[10.314,46.904],[10.307,46.905],[10.305,46.902],[10.307,46.895],[10.312,46.893],[10.319,46.883],[10.306,46.882],[10.29,46.887],[10.286,46.885],[10.283,46.887],[10.289,46.88],[10.288,46.877],[10.283,46.876],[10.279,46.878],[10.276,46.875],[10.286,46.872],[10.296,46.874],[10.305,46.866],[10.308,46.865],[10.312,46.867],[10.321,46.864],[10.321,46.862],[10.312,46.861],[10.307,46.854],[10.316,46.85],[10.317,46.848],[10.32,46.848],[10.323,46.845],[10.317,46.841],[10.31,46.841],[10.304,46.844],[10.297,46.844],[10.297,46.841],[10.299,46.839],[10.297,46.836],[10.292,46.835],[10.29,46.833],[10.272,46.833],[10.267,46.829],[10.263,46.829],[10.262,46.826],[10.269,46.824],[10.269,46.822],[10.26,46.816],[10.257,46.819],[10.253,46.819],[10.25,46.816],[10.236,46.816],[10.23,46.812],[10.223,46.812],[10.218,46.821],[10.218,46.826],[10.206,46.832],[10.205,46.834],[10.198,46.833],[10.197,46.837],[10.2,46.841],[10.199,46.843],[10.198,46.841],[10.189,46.836],[10.182,46.835],[10.195,46.832],[10.2,46.828],[10.194,46.826],[10.191,46.821],[10.189,46.81],[10.19,46.805],[10.198,46.799],[10.196,46.797],[10.18,46.8],[10.177,46.802],[10.168,46.802],[10.164,46.798],[10.16,46.799],[10.155,46.802],[10.151,46.81],[10.138,46.813],[10.135,46.808],[10.137,46.802],[10.128,46.793],[10.13,46.791],[10.127,46.789],[10.121,46.792],[10.12,46.789],[10.11,46.787],[10.108,46.79],[10.099,46.794],[10.095,46.798],[10.092,46.795],[10.091,46.799],[10.092,46.801],[10.088,46.8],[10.085,46.803],[10.087,46.797],[10.084,46.795],[10.084,46.792],[10.092,46.781],[10.091,46.779],[10.084,46.781],[10.081,46.779],[10.061,46.784],[10.063,46.782],[10.061461538461536,46.77969230769231],[10.073,46.772],[10.072,46.768],[10.067,46.766],[10.057,46.766],[10.054,46.762],[10.051,46.764],[10.031,46.763],[10.025,46.768],[10.018,46.769],[10.019,46.771],[10.012,46.774],[10.011,46.771],[10.017,46.767],[10.018,46.762],[10.011,46.759],[10.008,46.76],[10.005,46.758],[10.001,46.758],[9.995,46.753],[9.988,46.752],[9.985,46.75],[9.97,46.748],[9.978,46.747],[9.984,46.741],[9.982,46.738],[9.983,46.732],[9.982,46.729],[9.98,46.729],[9.977,46.724],[9.98,46.723],[9.984,46.729],[9.984,46.736],[9.987,46.739],[9.991,46.738],[9.989,46.74],[9.991,46.742],[10.001,46.744],[10.002,46.747],[10.004,46.747],[10.007,46.75],[10.02,46.749],[10.023,46.751],[10.03,46.752],[10.035,46.751],[10.039,46.748],[10.061,46.746],[10.062,46.743],[10.053,46.739],[10.057,46.734],[10.038,46.726],[10.038,46.717],[10.03,46.713],[10.032,46.71],[10.052,46.72],[10.06,46.719],[10.058,46.713],[10.061,46.714],[10.064,46.712],[10.064,46.709],[10.061,46.707],[10.06,46.703],[10.063,46.701],[10.062,46.698],[10.057,46.695],[10.053,46.696],[10.053,46.694],[10.05,46.691],[10.044,46.695],[10.034,46.693],[10.033,46.69],[10.034,46.688],[10.039,46.685],[10.034,46.681],[10.004,46.68],[10.004,46.677],[10.007,46.677],[10.01,46.674],[10.02,46.67],[10.017,46.667],[10.01,46.664],[10.0,46.671],[9.984,46.674],[9.984,46.671],[9.992,46.666],[9.998,46.659],[10.005,46.655],[10.003,46.651],[9.999,46.651],[9.99,46.655],[9.98,46.656],[9.971,46.66],[9.964,46.659],[9.961,46.662],[9.948,46.665],[9.941,46.668],[9.94,46.67],[9.932,46.671],[9.929,46.674],[9.933,46.679],[9.929,46.677],[9.922,46.677],[9.917,46.679],[9.916,46.681],[9.916,46.679],[9.909,46.675],[9.892,46.671],[9.886,46.666],[9.906,46.67],[9.912,46.674],[9.916,46.674],[9.919,46.676],[9.922,46.672],[9.921,46.665],[9.93,46.663],[9.92,46.656],[9.931,46.656],[9.934,46.654],[9.934,46.652],[9.921,46.641],[9.917,46.641],[9.917,46.638],[9.925,46.638],[9.928,46.641],[9.938,46.645],[9.941,46.647],[9.941,46.649],[9.944,46.65],[9.95,46.648],[9.953,46.643],[9.957,46.645],[9.957,46.642],[9.963,46.64],[9.969,46.635],[9.969,46.633],[9.966,46.631],[9.959,46.631],[9.951,46.627],[9.946,46.622],[9.942,46.622],[9.942,46.62],[9.939,46.618],[9.932,46.618],[9.929,46.614],[9.923,46.616],[9.922,46.614],[9.925,46.609],[9.922,46.607],[9.918,46.609],[9.917,46.612],[9.909,46.613],[9.903,46.61],[9.898,46.61],[9.896,46.608],[9.891,46.608],[9.893,46.604],[9.909,46.6],[9.911,46.598],[9.905,46.594],[9.893,46.599],[9.873,46.598],[9.866,46.597],[9.856,46.593],[9.85,46.595],[9.85,46.593],[9.843,46.592],[9.837,46.589],[9.83,46.589]]],[[[9.873,46.819],[9.866,46.818],[9.865,46.82],[9.87,46.821],[9.873,46.819]]],[[[10.401,46.629],[10.397,46.628],[10.394,46.63],[10.39,46.63],[10.388,46.632],[10.381,46.632],[10.374,46.635],[10.368,46.635],[10.365,46.637],[10.375,46.645],[10.371,46.65],[10.379,46.652],[10.37,46.662],[10.366,46.663],[10.357,46.671],[10.357,46.675],[10.362,46.68],[10.367,46.682],[10.374,46.682],[10.375,46.684],[10.368,46.692],[10.365,46.693],[10.368,46.697],[10.378,46.695],[10.381,46.696],[10.391,46.692],[10.392,46.69],[10.387,46.688],[10.386,46.679],[10.39,46.677],[10.389,46.675],[10.393,46.672],[10.392,46.665],[10.395,46.663],[10.395,46.654],[10.398,46.652],[10.398,46.647],[10.401,46.645],[10.401,46.64],[10.414,46.64],[10.419,46.638],[10.414,46.634],[10.404,46.632],[10.401,46.629]]],[[[10.377,46.587],[10.352,46.577],[10.348,46.579],[10.345,46.577],[10.335,46.58],[10.32,46.591],[10.31,46.594],[10.307,46.598],[10.31,46.6],[10.301,46.601],[10.291,46.605],[10.282,46.612],[10.277,46.614],[10.273,46.624],[10.262,46.63],[10.269,46.633],[10.273,46.632],[10.276,46.634],[10.283,46.633],[10.286,46.637],[10.299,46.634],[10.302,46.632],[10.302,46.627],[10.299,46.625],[10.299,46.622],[10.302,46.623],[10.308,46.62],[10.315,46.62],[10.337,46.606],[10.343,46.606],[10.35,46.599],[10.356,46.597],[10.362,46.592],[10.366,46.593],[10.377,46.589],[10.377,46.587]]],[[[10.193,46.729],[10.196,46.729],[10.193,46.725],[10.191,46.727],[10.193,46.729]]],[[[10.196,46.729],[10.204,46.731],[10.201,46.733],[10.203,46.738],[10.201,46.74],[10.202,46.742],[10.21,46.743],[10.21,46.747],[10.214,46.75],[10.216,46.744],[10.221,46.742],[10.216,46.738],[10.213,46.733],[10.22,46.733],[10.226,46.736],[10.229,46.733],[10.226,46.731],[10.225,46.726],[10.222,46.724],[10.228,46.721],[10.224,46.719],[10.227,46.717],[10.232,46.719],[10.234,46.717],[10.234,46.714],[10.236,46.712],[10.231,46.71],[10.236,46.708],[10.231,46.706],[10.231,46.702],[10.241,46.704],[10.249,46.701],[10.252,46.698],[10.258,46.698],[10.258,46.7],[10.251,46.707],[10.254,46.709],[10.264,46.707],[10.275,46.707],[10.28,46.71],[10.284,46.709],[10.287,46.711],[10.29,46.71],[10.292,46.706],[10.285,46.702],[10.286,46.701],[10.29,46.699],[10.293,46.702],[10.3,46.704],[10.304,46.697],[10.299,46.695],[10.299,46.691],[10.303,46.69],[10.309,46.692],[10.315,46.689],[10.32,46.692],[10.316,46.699],[10.32,46.701],[10.318,46.703],[10.322,46.708],[10.326,46.709],[10.329,46.707],[10.33,46.708],[10.327,46.712],[10.33,46.713],[10.333,46.713],[10.336,46.71],[10.34,46.71],[10.342,46.702],[10.344,46.7],[10.341,46.698],[10.351,46.696],[10.351,46.693],[10.354,46.691],[10.354,46.689],[10.35,46.687],[10.348,46.683],[10.343,46.682],[10.343,46.678],[10.34,46.676],[10.34,46.674],[10.334,46.67],[10.329,46.669],[10.337,46.666],[10.348,46.667],[10.351,46.664],[10.352,46.66],[10.359,46.655],[10.362,46.65],[10.359,46.649],[10.346,46.656],[10.342,46.651],[10.341,46.644],[10.338,46.644],[10.326,46.65],[10.323,46.648],[10.32,46.65],[10.303,46.649],[10.29,46.651],[10.284,46.655],[10.287,46.657],[10.294,46.656],[10.298,46.659],[10.291,46.66],[10.288,46.664],[10.295,46.673],[10.287,46.675],[10.285,46.673],[10.282,46.675],[10.28,46.668],[10.275,46.662],[10.271,46.664],[10.268,46.662],[10.264,46.664],[10.265,46.669],[10.262,46.668],[10.253,46.671],[10.253,46.676],[10.255,46.678],[10.254,46.68],[10.246,46.678],[10.243,46.679],[10.241,46.683],[10.244,46.685],[10.243,46.686],[10.233,46.686],[10.207,46.677],[10.201,46.681],[10.204,46.686],[10.208,46.688],[10.205,46.693],[10.201,46.695],[10.191,46.689],[10.184,46.69],[10.182,46.693],[10.182,46.698],[10.178,46.698],[10.175,46.696],[10.172,46.698],[10.172,46.7],[10.162,46.698],[10.156,46.701],[10.163,46.711],[10.166,46.71],[10.173,46.714],[10.156,46.715],[10.15,46.714],[10.143,46.71],[10.136,46.709],[10.13,46.713],[10.125,46.713],[10.123,46.711],[10.118,46.715],[10.12,46.717],[10.117,46.72],[10.1,46.729],[10.105,46.731],[10.109,46.735],[10.105,46.738],[10.11,46.74],[10.109,46.743],[10.103,46.747],[10.104,46.749],[10.122,46.753],[10.124,46.751],[10.121,46.749],[10.121,46.744],[10.124,46.742],[10.121,46.739],[10.125,46.74],[10.128,46.743],[10.141,46.744],[10.145,46.75],[10.142,46.753],[10.145,46.757],[10.153,46.755],[10.154,46.752],[10.151,46.75],[10.151,46.741],[10.154,46.74],[10.161,46.749],[10.163,46.748],[10.163,46.745],[10.165,46.745],[10.165,46.748],[10.171,46.752],[10.174,46.75],[10.184,46.754],[10.188,46.752],[10.183,46.74],[10.186,46.734],[10.181,46.727],[10.189,46.723],[10.193,46.723],[10.196,46.72],[10.197,46.722],[10.196,46.724],[10.194,46.724],[10.197,46.727],[10.196,46.729]]],[[[10.265,46.723],[10.258,46.719],[10.252,46.726],[10.249,46.728],[10.245,46.728],[10.243,46.73],[10.245,46.732],[10.25,46.732],[10.252,46.734],[10.25,46.737],[10.242,46.737],[10.24,46.739],[10.244,46.743],[10.243,46.748],[10.247,46.752],[10.25,46.749],[10.254,46.75],[10.255,46.752],[10.254,46.754],[10.26,46.758],[10.263,46.754],[10.273,46.754],[10.274,46.756],[10.271,46.759],[10.277,46.766],[10.282,46.763],[10.283,46.758],[10.286,46.76],[10.289,46.756],[10.289,46.751],[10.285,46.749],[10.285,46.747],[10.289,46.745],[10.282,46.743],[10.281,46.74],[10.29,46.738],[10.285,46.734],[10.281,46.734],[10.278,46.732],[10.278,46.729],[10.275,46.727],[10.268,46.727],[10.265,46.723]]],[[[10.27,46.61],[10.255,46.606],[10.252,46.608],[10.256,46.61],[10.253,46.613],[10.256,46.615],[10.256,46.62],[10.259,46.62],[10.262,46.615],[10.27,46.61]]],[[[10.252,46.626],[10.243,46.625],[10.238,46.629],[10.24,46.633],[10.244,46.631],[10.244,46.638],[10.241,46.642],[10.234,46.645],[10.228,46.643],[10.225,46.645],[10.221,46.644],[10.212,46.645],[10.205,46.646],[10.202,46.648],[10.205,46.653],[10.212,46.656],[10.219,46.655],[10.222,46.651],[10.226,46.652],[10.231,46.649],[10.244,46.649],[10.242,46.644],[10.247,46.644],[10.248,46.642],[10.255,46.64],[10.256,46.637],[10.253,46.634],[10.252,46.626]]],[[[10.176,46.264],[10.173,46.261],[10.169,46.262],[10.163,46.268],[10.162,46.271],[10.157,46.271],[10.154,46.273],[10.156,46.28],[10.154,46.284],[10.158,46.286],[10.16,46.284],[10.159,46.282],[10.163,46.28],[10.163,46.277],[10.167,46.275],[10.166,46.273],[10.169,46.27],[10.169,46.268],[10.173,46.268],[10.176,46.266],[10.176,46.264]]],[[[9.961,46.566],[9.954,46.572],[9.955,46.575],[9.963,46.578],[9.97,46.577],[9.973,46.582],[9.98,46.582],[9.989,46.576],[9.998,46.58],[9.999,46.585],[9.994,46.59],[9.997,46.592],[10.003,46.592],[10.003,46.594],[9.999,46.596],[10.004,46.6],[10.004,46.603],[10.007,46.606],[10.013,46.603],[10.009,46.6],[10.013,46.596],[10.01,46.589],[10.012,46.587],[10.012,46.582],[10.009,46.578],[10.009,46.572],[10.012,46.575],[10.016,46.576],[10.019,46.581],[10.026,46.584],[10.027,46.582],[10.025,46.579],[10.028,46.578],[10.028,46.572],[10.032,46.571],[10.031,46.565],[10.042,46.582],[10.052,46.575],[10.057,46.567],[10.061,46.566],[10.07,46.57],[10.071,46.572],[10.065,46.577],[10.065,46.582],[10.058,46.584],[10.056,46.588],[10.037,46.595],[10.034,46.6],[10.049,46.602],[10.055,46.599],[10.062,46.599],[10.065,46.597],[10.069,46.598],[10.078,46.593],[10.081,46.589],[10.091,46.587],[10.089,46.599],[10.083,46.603],[10.085,46.605],[10.089,46.605],[10.089,46.607],[10.086,46.61],[10.073,46.611],[10.07,46.615],[10.076,46.618],[10.084,46.619],[10.083,46.623],[10.077,46.626],[10.073,46.624],[10.06,46.624],[10.05,46.619],[10.04,46.62],[10.035,46.625],[10.035,46.627],[10.038,46.629],[10.047,46.626],[10.05,46.627],[10.05,46.629],[10.042,46.636],[10.043,46.638],[10.045,46.639],[10.054,46.637],[10.056,46.642],[10.059,46.644],[10.059,46.647],[10.065,46.652],[10.073,46.649],[10.074,46.647],[10.078,46.647],[10.084,46.644],[10.086,46.646],[10.085,46.648],[10.088,46.65],[10.088,46.653],[10.095,46.657],[10.101,46.647],[10.107,46.652],[10.111,46.652],[10.113,46.648],[10.113,46.645],[10.107,46.641],[10.106,46.636],[10.103,46.634],[10.105,46.63],[10.103,46.627],[10.11,46.631],[10.116,46.638],[10.123,46.638],[10.124,46.636],[10.122,46.632],[10.119,46.63],[10.119,46.626],[10.121,46.625],[10.119,46.622],[10.123,46.625],[10.123,46.627],[10.127,46.629],[10.127,46.632],[10.129,46.633],[10.132,46.627],[10.136,46.632],[10.137,46.636],[10.14,46.638],[10.14,46.645],[10.134,46.652],[10.134,46.657],[10.132,46.658],[10.131,46.664],[10.129,46.665],[10.132,46.667],[10.132,46.67],[10.125,46.674],[10.12,46.679],[10.122,46.68],[10.127,46.679],[10.128,46.677],[10.138,46.675],[10.14,46.669],[10.136,46.665],[10.141,46.665],[10.145,46.663],[10.143,46.658],[10.145,46.656],[10.143,46.655],[10.143,46.653],[10.147,46.653],[10.15,46.655],[10.155,46.649],[10.152,46.647],[10.152,46.644],[10.146,46.64],[10.149,46.64],[10.152,46.637],[10.156,46.639],[10.158,46.635],[10.149,46.629],[10.147,46.624],[10.172,46.632],[10.174,46.63],[10.171,46.628],[10.169,46.624],[10.171,46.621],[10.158,46.615],[10.154,46.615],[10.131,46.606],[10.118,46.607],[10.112,46.61],[10.102,46.61],[10.101,46.601],[10.098,46.598],[10.101,46.596],[10.101,46.589],[10.104,46.587],[10.094,46.581],[10.087,46.579],[10.084,46.576],[10.084,46.574],[10.08,46.572],[10.08,46.567],[10.077,46.565],[10.077,46.561],[10.073,46.559],[10.07,46.556],[10.07,46.554],[10.056,46.546],[10.053,46.546],[10.05,46.543],[10.049,46.534],[10.052,46.532],[10.052,46.527],[10.055,46.525],[10.055,46.523],[10.052,46.521],[10.052,46.516],[10.048,46.514],[10.048,46.512],[10.045,46.51],[10.044,46.503],[10.048,46.501],[10.047,46.478],[10.05,46.476],[10.05,46.473],[10.056,46.469],[10.049,46.465],[10.052,46.462],[10.049,46.46],[10.049,46.458],[10.045,46.456],[10.045,46.453],[10.042,46.451],[10.042,46.447],[10.048,46.442],[10.044,46.438],[10.048,46.431],[10.046,46.426],[10.044,46.425],[10.044,46.421],[10.046,46.42],[10.044,46.418],[10.034,46.418],[10.033,46.415],[10.03,46.413],[10.03,46.411],[10.034,46.411],[10.036,46.409],[10.036,46.406],[10.04,46.406],[10.043,46.404],[10.052,46.404],[10.053,46.401],[10.049,46.4],[10.049,46.397],[10.043,46.395],[10.04,46.397],[10.034,46.397],[10.03,46.404],[10.026,46.407],[10.015,46.411],[10.018,46.414],[10.018,46.42],[10.013,46.425],[10.008,46.425],[10.006,46.427],[10.006,46.43],[10.002,46.434],[10.007,46.439],[10.012,46.441],[10.019,46.442],[10.027,46.44],[10.025,46.441],[10.025,46.443],[10.029,46.445],[10.022,46.447],[10.009,46.446],[10.006,46.449],[10.003,46.446],[9.996,46.449],[9.992,46.455],[9.994,46.459],[10.0,46.463],[10.005,46.463],[10.007,46.465],[10.017,46.467],[10.02,46.47],[10.023,46.47],[10.023,46.472],[10.017,46.473],[10.001,46.472],[9.994,46.47],[9.991,46.471],[9.988,46.468],[9.984,46.467],[9.981,46.468],[9.98,46.462],[9.971,46.456],[9.966,46.457],[9.962,46.46],[9.954,46.462],[9.953,46.467],[9.945,46.471],[9.934,46.481],[9.94,46.483],[9.93,46.49],[9.924,46.492],[9.915,46.504],[9.911,46.505],[9.903,46.515],[9.908,46.517],[9.92,46.512],[9.916,46.519],[9.902,46.526],[9.9,46.531],[9.903,46.533],[9.91,46.528],[9.922,46.523],[9.925,46.524],[9.918,46.533],[9.91,46.54],[9.913,46.541],[9.916,46.546],[9.923,46.545],[9.929,46.548],[9.929,46.551],[9.923,46.551],[9.921,46.553],[9.93,46.559],[9.933,46.559],[9.939,46.553],[9.939,46.548],[9.937,46.544],[9.939,46.543],[9.946,46.549],[9.952,46.548],[9.95,46.55],[9.952,46.552],[9.959,46.554],[9.965,46.552],[9.958,46.545],[9.958,46.537],[9.962,46.539],[9.963,46.543],[9.972,46.548],[9.975,46.549],[9.978,46.547],[9.974,46.545],[9.974,46.543],[9.979,46.538],[9.977,46.534],[9.98,46.531],[9.972,46.525],[9.969,46.52],[9.969,46.514],[9.963,46.505],[9.966,46.503],[9.97,46.502],[9.97,46.505],[9.975,46.511],[9.978,46.518],[9.99,46.524],[10.002,46.511],[9.999,46.508],[9.998,46.504],[9.995,46.502],[9.994,46.497],[9.996,46.497],[9.997,46.5],[9.999,46.501],[9.999,46.504],[10.006,46.508],[10.009,46.508],[10.018,46.501],[10.022,46.5],[10.025,46.494],[10.031,46.496],[10.028,46.503],[10.02,46.512],[10.013,46.524],[10.007,46.529],[10.007,46.531],[9.998,46.538],[10.001,46.54],[10.017,46.539],[10.026,46.533],[10.026,46.531],[10.035,46.528],[10.031,46.537],[10.027,46.539],[10.029,46.542],[10.027,46.542],[10.024,46.546],[10.017,46.549],[10.001,46.549],[10.0,46.551],[9.984,46.561],[9.975,46.563],[9.973,46.565],[9.966,46.564],[9.961,46.566]],[[10.023,46.47],[10.028,46.47],[10.027,46.471],[10.023,46.47]]],[[[10.119,46.314],[10.11,46.312],[10.107,46.315],[10.107,46.317],[10.099,46.324],[10.099,46.331],[10.093,46.333],[10.092,46.34],[10.089,46.342],[10.094,46.347],[10.093,46.351],[10.1,46.355],[10.099,46.358],[10.094,46.36],[10.1,46.364],[10.107,46.364],[10.11,46.366],[10.11,46.369],[10.108,46.371],[10.1,46.374],[10.098,46.378],[10.107,46.378],[10.11,46.38],[10.11,46.382],[10.127,46.39],[10.128,46.393],[10.134,46.397],[10.144,46.399],[10.145,46.402],[10.141,46.406],[10.147,46.41],[10.151,46.412],[10.161,46.412],[10.164,46.41],[10.163,46.394],[10.16,46.392],[10.15,46.393],[10.149,46.386],[10.146,46.384],[10.136,46.384],[10.13,46.375],[10.123,46.375],[10.122,46.359],[10.119,46.357],[10.109,46.358],[10.108,46.344],[10.106,46.339],[10.108,46.337],[10.107,46.323],[10.114,46.323],[10.117,46.321],[10.117,46.319],[10.12,46.317],[10.119,46.314]]],[[[10.156,46.287],[10.151,46.284],[10.149,46.287],[10.145,46.289],[10.125,46.291],[10.117,46.294],[10.117,46.296],[10.119,46.298],[10.122,46.298],[10.125,46.296],[10.137,46.296],[10.139,46.3],[10.142,46.302],[10.145,46.3],[10.144,46.296],[10.152,46.295],[10.154,46.293],[10.154,46.288],[10.156,46.287]]],[[[10.098,46.403],[10.095,46.401],[10.085,46.406],[10.083,46.41],[10.076,46.414],[10.075,46.417],[10.07,46.417],[10.067,46.419],[10.067,46.422],[10.058,46.428],[10.061,46.43],[10.077,46.43],[10.083,46.426],[10.083,46.423],[10.096,46.423],[10.106,46.429],[10.136,46.431],[10.145,46.426],[10.145,46.424],[10.142,46.422],[10.125,46.422],[10.128,46.42],[10.128,46.418],[10.125,46.416],[10.121,46.416],[10.118,46.413],[10.112,46.416],[10.105,46.416],[10.102,46.414],[10.096,46.416],[10.096,46.414],[10.1,46.412],[10.101,46.409],[10.105,46.407],[10.105,46.405],[10.102,46.403],[10.098,46.403]]],[[[10.074,46.225],[10.057,46.224],[10.048,46.231],[10.048,46.235],[10.052,46.237],[10.053,46.242],[10.059,46.248],[10.055,46.251],[10.065,46.255],[10.068,46.252],[10.075,46.254],[10.081,46.25],[10.064,46.24],[10.065,46.237],[10.061,46.235],[10.061,46.233],[10.064,46.23],[10.067,46.23],[10.07,46.227],[10.074,46.227],[10.074,46.225]]],[[[10.062,46.271],[10.059,46.269],[10.043,46.269],[10.037,46.274],[10.038,46.28],[10.044,46.282],[10.05,46.278],[10.049,46.276],[10.05,46.275],[10.056,46.275],[10.062,46.271]]],[[[10.034,46.28],[10.027,46.278],[10.014,46.279],[10.011,46.281],[10.012,46.285],[10.016,46.288],[10.025,46.29],[10.027,46.287],[10.031,46.285],[10.031,46.283],[10.034,46.28]]],[[[9.643,46.32],[9.646,46.323],[9.65,46.324],[9.652,46.327],[9.656,46.329],[9.664,46.331],[9.654,46.333],[9.66,46.336],[9.65,46.338],[9.657,46.34],[9.657,46.342],[9.66,46.344],[9.667,46.344],[9.667,46.347],[9.67,46.349],[9.667,46.353],[9.668,46.356],[9.674,46.358],[9.678,46.355],[9.68,46.357],[9.677,46.362],[9.677,46.365],[9.681,46.368],[9.678,46.371],[9.681,46.373],[9.685,46.373],[9.688,46.376],[9.683,46.382],[9.688,46.387],[9.692,46.384],[9.693,46.382],[9.691,46.38],[9.694,46.375],[9.697,46.377],[9.702,46.373],[9.701,46.371],[9.706,46.368],[9.705,46.366],[9.7,46.364],[9.699,46.36],[9.696,46.358],[9.696,46.346],[9.7,46.351],[9.7,46.355],[9.706,46.359],[9.713,46.359],[9.71,46.362],[9.713,46.364],[9.719,46.362],[9.723,46.363],[9.723,46.373],[9.717,46.379],[9.719,46.382],[9.717,46.386],[9.717,46.391],[9.714,46.395],[9.715,46.398],[9.731,46.402],[9.734,46.406],[9.74,46.404],[9.743,46.401],[9.746,46.392],[9.749,46.39],[9.749,46.383],[9.752,46.381],[9.751,46.372],[9.752,46.368],[9.754,46.374],[9.757,46.376],[9.758,46.379],[9.763,46.381],[9.763,46.384],[9.76,46.385],[9.76,46.393],[9.758,46.394],[9.757,46.402],[9.754,46.406],[9.757,46.41],[9.77,46.392],[9.777,46.387],[9.783,46.385],[9.785,46.376],[9.791,46.372],[9.794,46.373],[9.798,46.378],[9.795,46.38],[9.792,46.394],[9.789,46.394],[9.784,46.401],[9.788,46.405],[9.786,46.41],[9.777,46.416],[9.773,46.421],[9.777,46.423],[9.78,46.422],[9.781,46.425],[9.787,46.427],[9.789,46.432],[9.791,46.433],[9.801,46.435],[9.807,46.439],[9.813,46.44],[9.821,46.446],[9.826,46.447],[9.825,46.46],[9.829,46.463],[9.829,46.467],[9.835,46.47],[9.84,46.469],[9.839,46.474],[9.846,46.476],[9.851,46.48],[9.859,46.482],[9.861,46.484],[9.874,46.484],[9.878,46.482],[9.874,46.478],[9.874,46.475],[9.872,46.473],[9.875,46.468],[9.864,46.46],[9.864,46.455],[9.861,46.453],[9.86,46.45],[9.856,46.448],[9.851,46.435],[9.851,46.428],[9.845,46.422],[9.848,46.42],[9.848,46.417],[9.845,46.413],[9.848,46.411],[9.841,46.406],[9.838,46.4],[9.836,46.4],[9.838,46.395],[9.841,46.394],[9.858,46.408],[9.872,46.405],[9.873,46.408],[9.87,46.412],[9.869,46.424],[9.873,46.428],[9.883,46.446],[9.889,46.452],[9.888,46.455],[9.892,46.459],[9.897,46.461],[9.896,46.466],[9.9,46.47],[9.905,46.468],[9.906,46.466],[9.909,46.467],[9.913,46.465],[9.927,46.454],[9.924,46.449],[9.924,46.445],[9.921,46.443],[9.918,46.431],[9.923,46.427],[9.922,46.422],[9.920800000000005,46.4204],[9.924,46.422],[9.926,46.42],[9.926,46.418],[9.923,46.416],[9.92,46.418],[9.92,46.419333333333334],[9.919,46.418],[9.922,46.416],[9.922,46.411],[9.919,46.407],[9.92,46.404],[9.92,46.407],[9.927,46.413],[9.927,46.416],[9.93,46.418],[9.934,46.418],[9.936,46.414],[9.941,46.413],[9.94,46.418],[9.941,46.424],[9.944,46.426],[9.943,46.431],[9.945,46.435],[9.95,46.438],[9.948,46.44],[9.948,46.447],[9.951,46.448],[9.953,46.446],[9.967,46.443],[9.982,46.435],[9.984,46.432],[9.981,46.428],[9.988,46.421],[9.982,46.421],[9.985,46.419],[9.985,46.417],[9.992,46.422],[9.998,46.421],[9.998,46.417],[10.001,46.414],[10.001,46.412],[9.998,46.408],[9.994,46.407],[9.994,46.405],[10.001,46.407],[10.004,46.412],[10.008,46.411],[10.009,46.409],[10.025,46.4],[10.026,46.395],[10.029,46.393],[10.02,46.387],[10.01,46.387],[10.009,46.384],[9.996,46.378],[9.992,46.374],[9.992,46.371],[10.003,46.374],[10.018,46.369],[10.018,46.364],[10.022,46.365],[10.024,46.364],[10.023,46.359],[10.026,46.357],[10.024,46.355],[10.021,46.356],[10.014,46.355],[10.005,46.35],[9.998,46.344],[9.998,46.342],[10.003,46.342],[10.001,46.344],[10.005,46.348],[10.014,46.345],[10.018,46.346],[10.02,46.344],[10.014,46.342],[10.012,46.339],[10.006,46.34],[9.998,46.335],[9.991,46.335],[9.988,46.338],[9.988,46.34],[9.992,46.342],[9.992,46.351],[9.985,46.351],[9.976,46.358],[9.976,46.361],[9.97,46.361],[9.963,46.365],[9.964,46.379],[9.948,46.379],[9.941,46.377],[9.928,46.368],[9.924,46.368],[9.921,46.371],[9.915,46.371],[9.909,46.378],[9.902,46.38],[9.886,46.372],[9.882,46.372],[9.872,46.363],[9.846,46.363],[9.843,46.361],[9.833,46.361],[9.83,46.359],[9.83,46.357],[9.816,46.35],[9.813,46.351],[9.806,46.346],[9.8,46.344],[9.793,46.344],[9.773,46.336],[9.767,46.336],[9.758,46.343],[9.751,46.345],[9.745,46.35],[9.738,46.35],[9.735,46.348],[9.719,46.348],[9.716,46.296],[9.713,46.294],[9.687,46.295],[9.681,46.299],[9.678,46.299],[9.675,46.302],[9.675,46.304],[9.665,46.304],[9.665,46.297],[9.661,46.295],[9.652,46.295],[9.651,46.291],[9.645,46.287],[9.625,46.287],[9.622,46.289],[9.623,46.296],[9.574,46.297],[9.571,46.299],[9.571,46.306],[9.568,46.307],[9.551,46.306],[9.543,46.309],[9.544,46.311],[9.543,46.313],[9.549,46.316],[9.553,46.315],[9.568,46.317],[9.57,46.315],[9.567,46.313],[9.567,46.31],[9.578,46.31],[9.582,46.312],[9.582,46.315],[9.584,46.316],[9.588,46.316],[9.59,46.314],[9.586,46.312],[9.587,46.309],[9.594,46.312],[9.6,46.31],[9.604,46.311],[9.612,46.316],[9.612,46.323],[9.611,46.326],[9.607,46.326],[9.602,46.33],[9.604,46.333],[9.608,46.331],[9.614,46.334],[9.617,46.332],[9.625,46.332],[9.627,46.336],[9.631,46.336],[9.634,46.338],[9.642,46.334],[9.64,46.333],[9.64,46.331],[9.646,46.329],[9.646,46.327],[9.643,46.325],[9.643,46.32]]],[[[10.008,46.312],[9.997,46.315],[9.987,46.322],[9.988,46.324],[9.984,46.324],[9.981,46.327],[9.981,46.329],[9.985,46.331],[9.985,46.333],[9.988,46.335],[9.993,46.331],[9.994,46.326],[9.997,46.326],[10.003,46.321],[10.012,46.319],[10.008,46.312]]],[[[9.953,46.572],[9.956,46.57],[9.951,46.57],[9.953,46.572]]],[[[9.882,46.909],[9.88,46.907],[9.877,46.907],[9.864,46.913],[9.858,46.913],[9.856,46.914],[9.857,46.917],[9.855,46.918],[9.851,46.916],[9.848,46.919],[9.848,46.926],[9.836,46.93],[9.832,46.933],[9.823,46.935],[9.817,46.942],[9.82,46.944],[9.82,46.947],[9.823,46.948],[9.831,46.944],[9.839,46.943],[9.84,46.944],[9.84,46.946],[9.831,46.953],[9.83,46.956],[9.824,46.96],[9.824,46.962],[9.827,46.964],[9.834,46.964],[9.84,46.962],[9.846,46.96],[9.848,46.957],[9.853,46.956],[9.859,46.952],[9.869,46.95],[9.864,46.955],[9.87,46.959],[9.864,46.961],[9.858,46.966],[9.858,46.968],[9.863,46.969],[9.866,46.973],[9.854,46.977],[9.851,46.976],[9.844,46.978],[9.848,46.98],[9.85,46.984],[9.853,46.986],[9.853,46.989],[9.855,46.99],[9.871,46.989],[9.874,46.987],[9.876,46.988],[9.875,46.995],[9.877,46.997],[9.872,46.999],[9.872,47.002],[9.868,47.005],[9.863,47.006],[9.859,47.009],[9.866,47.013],[9.862,47.015],[9.862,47.018],[9.864,47.02],[9.863,47.022],[9.866,47.023],[9.875,47.02],[9.875,47.008],[9.881,47.004],[9.885,47.004],[9.891,46.999],[9.89,46.99],[9.887,46.988],[9.887,46.981],[9.883,46.977],[9.883,46.974],[9.88,46.973],[9.88,46.97],[9.876,46.968],[9.876,46.963],[9.879,46.961],[9.879,46.947],[9.882,46.945],[9.882,46.936],[9.888,46.934],[9.895,46.934],[9.898,46.931],[9.901,46.931],[9.907,46.927],[9.901,46.923],[9.898,46.925],[9.893,46.923],[9.891,46.919],[9.884,46.916],[9.881,46.912],[9.879,46.912],[9.882,46.909]]],[[[9.708,46.476],[9.704,46.473],[9.699,46.477],[9.692,46.476],[9.69,46.477],[9.689,46.481],[9.672,46.473],[9.668,46.475],[9.669,46.478],[9.662,46.48],[9.658,46.484],[9.667,46.488],[9.667,46.491],[9.658,46.495],[9.658,46.498],[9.682,46.499],[9.679,46.504],[9.673,46.504],[9.667,46.507],[9.657,46.507],[9.652,46.509],[9.654,46.513],[9.665,46.511],[9.674,46.513],[9.675,46.515],[9.667,46.516],[9.665,46.518],[9.665,46.52],[9.671,46.522],[9.672,46.524],[9.668,46.527],[9.668,46.53],[9.662,46.536],[9.662,46.538],[9.666,46.54],[9.662,46.545],[9.649,46.545],[9.643,46.55],[9.649,46.554],[9.656,46.554],[9.656,46.556],[9.653,46.558],[9.653,46.561],[9.656,46.569],[9.658,46.567],[9.672,46.565],[9.67,46.567],[9.673,46.569],[9.669,46.571],[9.667,46.574],[9.667,46.578],[9.664,46.581],[9.667,46.583],[9.676,46.582],[9.68,46.58],[9.698,46.567],[9.697,46.564],[9.705,46.562],[9.705,46.568],[9.699,46.576],[9.693,46.582],[9.689,46.583],[9.685,46.587],[9.694,46.589],[9.693,46.591],[9.691,46.591],[9.69,46.596],[9.661,46.597],[9.658,46.599],[9.658,46.602],[9.655,46.606],[9.648,46.607],[9.641,46.604],[9.637,46.608],[9.636,46.611],[9.637,46.613],[9.633,46.615],[9.635,46.617],[9.633,46.62],[9.626,46.622],[9.617,46.629],[9.617,46.631],[9.614,46.633],[9.617,46.635],[9.623,46.637],[9.626,46.634],[9.63,46.635],[9.634,46.633],[9.639,46.637],[9.643,46.637],[9.646,46.639],[9.649,46.637],[9.649,46.634],[9.651,46.633],[9.649,46.63],[9.652,46.629],[9.656,46.633],[9.662,46.631],[9.667,46.632],[9.666,46.638],[9.663,46.642],[9.666,46.643],[9.668,46.641],[9.675,46.639],[9.672,46.632],[9.675,46.634],[9.678,46.632],[9.672,46.623],[9.675,46.626],[9.682,46.629],[9.688,46.624],[9.698,46.623],[9.699,46.63],[9.697,46.632],[9.7,46.636],[9.696,46.639],[9.694,46.643],[9.695,46.646],[9.704,46.641],[9.711,46.634],[9.705,46.63],[9.704,46.627],[9.713,46.625],[9.714,46.622],[9.718,46.622],[9.721,46.624],[9.723,46.622],[9.723,46.618],[9.719,46.616],[9.717,46.613],[9.727,46.617],[9.74,46.617],[9.742,46.615],[9.736,46.609],[9.738,46.606],[9.736,46.604],[9.726,46.6],[9.739,46.598],[9.742,46.599],[9.747,46.595],[9.742,46.591],[9.727,46.593],[9.722,46.591],[9.729,46.586],[9.735,46.586],[9.742,46.583],[9.744,46.575],[9.748,46.573],[9.751,46.577],[9.751,46.581],[9.756,46.583],[9.757,46.586],[9.761,46.587],[9.768,46.587],[9.784,46.578],[9.792,46.578],[9.794,46.58],[9.803,46.577],[9.836,46.581],[9.843,46.585],[9.849,46.584],[9.863,46.587],[9.87,46.583],[9.865,46.588],[9.866,46.589],[9.872,46.587],[9.892,46.585],[9.897,46.578],[9.884,46.572],[9.881,46.569],[9.865,46.57],[9.863,46.572],[9.852,46.571],[9.849,46.573],[9.831,46.573],[9.829,46.571],[9.826,46.573],[9.818,46.571],[9.816,46.569],[9.812,46.569],[9.81,46.567],[9.79,46.565],[9.785,46.563],[9.78,46.558],[9.773,46.557],[9.763,46.552],[9.757,46.552],[9.753,46.55],[9.743,46.542],[9.743,46.54],[9.745,46.539],[9.743,46.536],[9.756,46.545],[9.78,46.549],[9.796,46.557],[9.819,46.563],[9.823,46.562],[9.826,46.559],[9.829,46.561],[9.839,46.557],[9.841,46.555],[9.834,46.548],[9.839,46.548],[9.843,46.55],[9.846,46.555],[9.851,46.555],[9.861,46.55],[9.858,46.548],[9.851,46.548],[9.847,46.55],[9.844,46.544],[9.844,46.537],[9.84,46.532],[9.827,46.524],[9.821,46.524],[9.813,46.519],[9.82,46.517],[9.828,46.517],[9.83,46.514],[9.82,46.508],[9.817,46.508],[9.813,46.503],[9.807,46.499],[9.782,46.497],[9.782,46.495],[9.784,46.495],[9.793,46.488],[9.793,46.486],[9.789,46.484],[9.789,46.479],[9.779,46.474],[9.776,46.473],[9.77,46.477],[9.759,46.48],[9.756,46.48],[9.754,46.478],[9.751,46.48],[9.742,46.48],[9.734,46.485],[9.734,46.48],[9.727,46.478],[9.708,46.484],[9.705,46.481],[9.708,46.476]]],[[[9.602,46.699],[9.599,46.697],[9.59,46.701],[9.59,46.708],[9.584,46.711],[9.584,46.715],[9.58,46.717],[9.578,46.722],[9.581,46.724],[9.594,46.723],[9.595,46.724],[9.592,46.728],[9.595,46.733],[9.585,46.733],[9.585,46.736],[9.582,46.738],[9.582,46.743],[9.578,46.744],[9.576,46.747],[9.585,46.755],[9.586,46.758],[9.582,46.757],[9.581,46.758],[9.582,46.76],[9.586,46.761],[9.587,46.764],[9.585,46.767],[9.584,46.774],[9.586,46.774],[9.587,46.776],[9.584,46.778],[9.584,46.785],[9.573,46.801],[9.585,46.803],[9.587,46.805],[9.589,46.803],[9.59,46.798],[9.587,46.796],[9.587,46.793],[9.6,46.802],[9.604,46.801],[9.613,46.795],[9.611,46.787],[9.613,46.785],[9.619,46.787],[9.627,46.793],[9.627,46.797],[9.631,46.8],[9.628,46.802],[9.628,46.804],[9.636,46.809],[9.64,46.808],[9.643,46.805],[9.645,46.808],[9.653,46.811],[9.656,46.81],[9.657,46.808],[9.664,46.808],[9.666,46.811],[9.67,46.81],[9.67,46.812],[9.676,46.813],[9.68,46.808],[9.669,46.804],[9.669,46.802],[9.674,46.801],[9.666,46.796],[9.662,46.796],[9.661,46.792],[9.656,46.79],[9.652,46.791],[9.649,46.787],[9.652,46.785],[9.653,46.783],[9.652,46.782],[9.645,46.783],[9.638,46.781],[9.642,46.781],[9.65,46.777],[9.646,46.775],[9.647,46.772],[9.655,46.771],[9.658,46.773],[9.668,46.771],[9.671,46.772],[9.678,46.768],[9.671,46.763],[9.668,46.763],[9.664,46.758],[9.66,46.756],[9.66,46.752],[9.656,46.75],[9.656,46.745],[9.647,46.739],[9.646,46.736],[9.648,46.736],[9.657,46.741],[9.662,46.747],[9.674,46.756],[9.687,46.761],[9.698,46.76],[9.699,46.765],[9.695,46.769],[9.695,46.771],[9.697,46.773],[9.705,46.773],[9.708,46.776],[9.705,46.778],[9.709,46.782],[9.718,46.787],[9.721,46.786],[9.715,46.793],[9.718,46.795],[9.722,46.793],[9.732,46.793],[9.732,46.795],[9.723,46.802],[9.725,46.804],[9.735,46.804],[9.736,46.809],[9.738,46.811],[9.744,46.811],[9.743,46.813],[9.745,46.815],[9.752,46.816],[9.761,46.812],[9.765,46.812],[9.768,46.816],[9.778,46.819],[9.788,46.819],[9.792,46.821],[9.793,46.826],[9.775,46.821],[9.749,46.831],[9.748,46.833],[9.75,46.84],[9.748,46.842],[9.757,46.849],[9.766,46.853],[9.762,46.856],[9.749,46.854],[9.749,46.851],[9.744,46.851],[9.74,46.853],[9.735,46.849],[9.735,46.845],[9.733,46.844],[9.73,46.846],[9.727,46.843],[9.723,46.843],[9.717,46.846],[9.71,46.844],[9.707,46.85],[9.703,46.85],[9.703,46.857],[9.701,46.858],[9.698,46.856],[9.688,46.854],[9.685,46.857],[9.681,46.858],[9.68,46.853],[9.678,46.851],[9.675,46.853],[9.672,46.86],[9.668,46.861],[9.645,46.859],[9.635,46.863],[9.629,46.861],[9.627,46.863],[9.623,46.863],[9.62,46.865],[9.62,46.867],[9.61,46.868],[9.607,46.87],[9.59,46.864],[9.587,46.866],[9.59,46.869],[9.59,46.872],[9.595,46.877],[9.595,46.879],[9.6,46.881],[9.607,46.878],[9.612,46.883],[9.611,46.897],[9.608,46.899],[9.609,46.904],[9.605,46.909],[9.602,46.91],[9.604,46.913],[9.609,46.913],[9.614,46.908],[9.614,46.905],[9.617,46.901],[9.62,46.899],[9.617,46.897],[9.615,46.89],[9.619,46.888],[9.62,46.884],[9.624,46.885],[9.627,46.889],[9.634,46.892],[9.634,46.894],[9.637,46.896],[9.647,46.898],[9.647,46.901],[9.644,46.903],[9.647,46.907],[9.645,46.91],[9.64,46.912],[9.643,46.914],[9.641,46.919],[9.635,46.921],[9.641,46.924],[9.648,46.925],[9.651,46.923],[9.651,46.918],[9.657,46.916],[9.657,46.904],[9.662,46.903],[9.663,46.9],[9.667,46.901],[9.669,46.9],[9.669,46.898],[9.672,46.896],[9.67,46.894],[9.666,46.894],[9.665,46.889],[9.667,46.884],[9.659,46.881],[9.656,46.877],[9.669,46.877],[9.672,46.879],[9.676,46.877],[9.682,46.881],[9.686,46.881],[9.689,46.884],[9.692,46.884],[9.699,46.879],[9.705,46.881],[9.706,46.884],[9.704,46.886],[9.709,46.887],[9.712,46.89],[9.708,46.895],[9.713,46.899],[9.716,46.899],[9.726,46.895],[9.728,46.885],[9.731,46.883],[9.728,46.875],[9.747,46.883],[9.75,46.883],[9.755,46.88],[9.76,46.88],[9.758,46.887],[9.761,46.889],[9.771,46.889],[9.779,46.887],[9.783,46.88],[9.78,46.878],[9.781,46.877],[9.784,46.88],[9.79,46.875],[9.789,46.873],[9.794,46.874],[9.8,46.87],[9.803,46.871],[9.807,46.87],[9.808,46.873],[9.813,46.874],[9.817,46.874],[9.823,46.871],[9.826,46.873],[9.833,46.873],[9.84,46.867],[9.849,46.868],[9.852,46.861],[9.861,46.856],[9.858,46.854],[9.832,46.85],[9.832,46.847],[9.837,46.845],[9.833,46.841],[9.831,46.834],[9.839,46.831],[9.837,46.829],[9.834,46.83],[9.831,46.827],[9.814,46.821],[9.814,46.816],[9.811,46.814],[9.804,46.817],[9.8,46.814],[9.802,46.812],[9.801,46.81],[9.797,46.81],[9.8,46.805],[9.787,46.804],[9.787,46.798],[9.793,46.798],[9.796,46.796],[9.796,46.794],[9.789,46.79],[9.792,46.787],[9.78,46.786],[9.779,46.781],[9.776,46.779],[9.771,46.781],[9.77,46.783],[9.766,46.783],[9.767,46.781],[9.765,46.774],[9.769,46.773],[9.772,46.77],[9.763,46.767],[9.755,46.768],[9.745,46.766],[9.745,46.764],[9.749,46.761],[9.759,46.757],[9.756,46.755],[9.728,46.755],[9.729,46.75],[9.732,46.75],[9.745,46.744],[9.749,46.744],[9.752,46.74],[9.756,46.739],[9.751,46.734],[9.749,46.737],[9.735,46.742],[9.733,46.741],[9.736,46.735],[9.733,46.732],[9.728,46.731],[9.722,46.735],[9.712,46.738],[9.709,46.736],[9.702,46.736],[9.702,46.733],[9.699,46.73],[9.695,46.729],[9.695,46.724],[9.679,46.724],[9.682,46.722],[9.679,46.72],[9.666,46.721],[9.662,46.718],[9.656,46.721],[9.653,46.719],[9.646,46.719],[9.643,46.716],[9.645,46.714],[9.642,46.711],[9.633,46.717],[9.625,46.719],[9.625,46.712],[9.623,46.71],[9.616,46.71],[9.619,46.708],[9.619,46.705],[9.616,46.703],[9.613,46.706],[9.606,46.706],[9.602,46.703],[9.602,46.699]]],[[[9.826,46.989],[9.812,46.988],[9.809,46.99],[9.807,46.994],[9.809,46.997],[9.813,46.998],[9.813,47.001],[9.802,47.003],[9.797,47.006],[9.803,47.009],[9.813,47.011],[9.815,47.012],[9.814,47.014],[9.801,47.019],[9.8,47.023],[9.793,47.019],[9.784,47.022],[9.785,47.024],[9.782,47.026],[9.784,47.028],[9.79,47.028],[9.791,47.03],[9.787,47.031],[9.785,47.035],[9.791,47.037],[9.794,47.034],[9.797,47.035],[9.81,47.025],[9.82,47.023],[9.826,47.018],[9.832,47.016],[9.836,47.015],[9.839,47.018],[9.846,47.018],[9.849,47.016],[9.846,47.012],[9.84,47.011],[9.849,47.012],[9.854,47.009],[9.85,47.007],[9.849,47.004],[9.842,47.002],[9.831,47.005],[9.83,47.0],[9.836,46.994],[9.826,46.989]]],[[[9.781,46.957],[9.774,46.955],[9.771,46.959],[9.763,46.964],[9.767,46.966],[9.781,46.965],[9.784,46.961],[9.781,46.957]]],[[[9.695,47.032],[9.698,47.03],[9.693,47.03],[9.695,47.032]]],[[[9.698,47.03],[9.702,47.031],[9.708,47.03],[9.718,47.034],[9.728,47.035],[9.736,47.041],[9.727,47.043],[9.715,47.043],[9.712,47.046],[9.702,47.046],[9.7,47.05],[9.703,47.052],[9.709,47.05],[9.722,47.05],[9.725,47.047],[9.739,47.047],[9.745,47.042],[9.751,47.04],[9.755,47.04],[9.758,47.042],[9.768,47.042],[9.78,47.04],[9.778,47.038],[9.764,47.038],[9.77,47.033],[9.767,47.028],[9.766,47.031],[9.754,47.034],[9.754,47.031],[9.757,47.029],[9.754,47.025],[9.734,47.026],[9.728,47.028],[9.721,47.026],[9.718,47.028],[9.713,47.023],[9.705,47.019],[9.702,47.019],[9.702,47.016],[9.698,47.011],[9.69,47.014],[9.689,47.017],[9.7,47.019],[9.699,47.023],[9.696,47.026],[9.698,47.03]]],[[[9.504,46.363],[9.498,46.361],[9.495,46.363],[9.495,46.366],[9.489,46.368],[9.479,46.368],[9.476,46.371],[9.466,46.373],[9.46,46.378],[9.46,46.38],[9.464,46.384],[9.464,46.387],[9.467,46.389],[9.464,46.391],[9.464,46.409],[9.461,46.411],[9.461,46.414],[9.452,46.42],[9.452,46.429],[9.456,46.432],[9.457,46.459],[9.46,46.462],[9.46,46.468],[9.466,46.47],[9.464,46.472],[9.466,46.476],[9.465,46.479],[9.469,46.479],[9.468,46.476],[9.47,46.472],[9.467,46.47],[9.468,46.467],[9.465,46.461],[9.468,46.458],[9.465,46.454],[9.466,46.452],[9.462,46.447],[9.466,46.442],[9.468,46.436],[9.475,46.429],[9.481,46.427],[9.481,46.425],[9.484,46.422],[9.484,46.419],[9.491,46.42],[9.493,46.417],[9.497,46.406],[9.496,46.402],[9.499,46.399],[9.496,46.395],[9.5,46.397],[9.505,46.395],[9.506,46.392],[9.512,46.392],[9.516,46.395],[9.509,46.395],[9.506,46.399],[9.511,46.406],[9.51,46.411],[9.506,46.417],[9.512,46.419],[9.514,46.422],[9.51,46.423],[9.501,46.429],[9.505,46.431],[9.504,46.434],[9.498,46.433],[9.495,46.436],[9.491,46.436],[9.487,46.442],[9.498,46.446],[9.49,46.451],[9.489,46.454],[9.493,46.456],[9.49,46.467],[9.492,46.469],[9.492,46.472],[9.496,46.469],[9.506,46.466],[9.517,46.458],[9.519,46.455],[9.516,46.449],[9.518,46.448],[9.52,46.451],[9.525,46.452],[9.528,46.456],[9.53,46.453],[9.534,46.452],[9.543,46.446],[9.544,46.444],[9.542,46.441],[9.537,46.439],[9.53,46.439],[9.527,46.437],[9.527,46.435],[9.537,46.437],[9.54,46.435],[9.54,46.428],[9.542,46.426],[9.541,46.423],[9.545,46.421],[9.548,46.414],[9.557,46.414],[9.553,46.416],[9.553,46.419],[9.554,46.421],[9.56,46.423],[9.563,46.427],[9.559,46.426],[9.553,46.43],[9.557,46.434],[9.557,46.437],[9.56,46.439],[9.559,46.446],[9.57,46.447],[9.576,46.445],[9.583,46.442],[9.592,46.433],[9.599,46.434],[9.599,46.438],[9.596,46.44],[9.596,46.443],[9.59,46.45],[9.58,46.457],[9.574,46.457],[9.571,46.459],[9.567,46.459],[9.564,46.457],[9.561,46.458],[9.555,46.464],[9.551,46.464],[9.54,46.471],[9.535,46.471],[9.532,46.473],[9.538,46.475],[9.539,46.478],[9.532,46.478],[9.519,46.483],[9.516,46.486],[9.513,46.485],[9.506,46.489],[9.5,46.49],[9.481,46.501],[9.482,46.508],[9.484,46.509],[9.501,46.508],[9.507,46.512],[9.517,46.511],[9.517,46.514],[9.501,46.517],[9.491,46.517],[9.485,46.526],[9.478,46.522],[9.475,46.525],[9.462,46.524],[9.459,46.526],[9.462,46.531],[9.45,46.535],[9.451,46.542],[9.457,46.544],[9.457,46.546],[9.454,46.549],[9.457,46.551],[9.464,46.549],[9.466,46.547],[9.47,46.548],[9.473,46.547],[9.476,46.55],[9.479,46.55],[9.488,46.546],[9.494,46.546],[9.484,46.555],[9.483,46.558],[9.473,46.558],[9.47,46.559],[9.468,46.562],[9.477,46.564],[9.474,46.569],[9.469,46.571],[9.468,46.575],[9.465,46.578],[9.471,46.58],[9.477,46.577],[9.487,46.577],[9.487,46.582],[9.481,46.582],[9.469,46.589],[9.461,46.589],[9.456,46.591],[9.456,46.596],[9.458,46.6],[9.465,46.598],[9.475,46.6],[9.482,46.595],[9.488,46.597],[9.473,46.614],[9.466,46.618],[9.466,46.621],[9.464,46.623],[9.466,46.625],[9.47,46.625],[9.471,46.629],[9.476,46.63],[9.482,46.627],[9.479,46.625],[9.473,46.625],[9.479,46.624],[9.482,46.626],[9.487,46.62],[9.496,46.62],[9.496,46.622],[9.492,46.623],[9.486,46.63],[9.483,46.631],[9.482,46.634],[9.486,46.636],[9.493,46.631],[9.491,46.633],[9.492,46.636],[9.496,46.636],[9.497,46.638],[9.496,46.643],[9.488,46.649],[9.487,46.654],[9.49,46.655],[9.496,46.654],[9.496,46.649],[9.498,46.651],[9.497,46.654],[9.504,46.654],[9.502,46.647],[9.506,46.643],[9.505,46.64],[9.509,46.637],[9.512,46.64],[9.514,46.638],[9.514,46.633],[9.516,46.631],[9.511,46.626],[9.513,46.624],[9.515,46.623],[9.531,46.63],[9.536,46.628],[9.53,46.624],[9.528,46.618],[9.524,46.619],[9.521,46.617],[9.518,46.618],[9.513,46.613],[9.514,46.608],[9.511,46.606],[9.503,46.606],[9.506,46.604],[9.507,46.599],[9.511,46.599],[9.512,46.597],[9.507,46.595],[9.509,46.588],[9.506,46.584],[9.507,46.582],[9.513,46.585],[9.517,46.585],[9.518,46.586],[9.515,46.588],[9.52,46.592],[9.524,46.592],[9.524,46.595],[9.527,46.596],[9.532,46.592],[9.54,46.591],[9.545,46.588],[9.539,46.584],[9.538,46.579],[9.536,46.577],[9.532,46.577],[9.529,46.575],[9.529,46.57],[9.527,46.568],[9.528,46.565],[9.526,46.563],[9.519,46.563],[9.516,46.566],[9.52,46.561],[9.519,46.554],[9.511,46.552],[9.509,46.55],[9.512,46.545],[9.511,46.541],[9.512,46.538],[9.515,46.536],[9.522,46.545],[9.528,46.549],[9.541,46.549],[9.545,46.547],[9.543,46.545],[9.547,46.538],[9.537,46.532],[9.537,46.525],[9.535,46.522],[9.538,46.522],[9.55,46.532],[9.557,46.534],[9.561,46.533],[9.564,46.535],[9.565,46.54],[9.568,46.542],[9.568,46.544],[9.565,46.547],[9.566,46.549],[9.565,46.553],[9.571,46.563],[9.578,46.568],[9.588,46.568],[9.589,46.571],[9.591,46.572],[9.593,46.571],[9.593,46.564],[9.587,46.562],[9.583,46.553],[9.586,46.551],[9.594,46.552],[9.6,46.55],[9.602,46.548],[9.599,46.542],[9.602,46.539],[9.596,46.538],[9.596,46.533],[9.587,46.53],[9.589,46.528],[9.576,46.522],[9.573,46.524],[9.575,46.522],[9.573,46.52],[9.574,46.517],[9.572,46.515],[9.555,46.509],[9.554,46.506],[9.545,46.502],[9.557,46.502],[9.569,46.505],[9.579,46.501],[9.585,46.496],[9.586,46.495],[9.583,46.492],[9.585,46.489],[9.588,46.492],[9.595,46.494],[9.597,46.497],[9.596,46.501],[9.592,46.503],[9.598,46.51],[9.602,46.509],[9.605,46.505],[9.601,46.503],[9.605,46.504],[9.62,46.501],[9.614,46.498],[9.62,46.494],[9.62,46.485],[9.618,46.48],[9.62,46.476],[9.623,46.474],[9.623,46.471],[9.626,46.475],[9.636,46.475],[9.638,46.471],[9.629,46.467],[9.629,46.46],[9.619,46.452],[9.618,46.444],[9.631,46.451],[9.635,46.458],[9.642,46.459],[9.645,46.456],[9.649,46.455],[9.651,46.442],[9.654,46.445],[9.661,46.441],[9.668,46.446],[9.668,46.45],[9.665,46.452],[9.665,46.455],[9.668,46.457],[9.675,46.459],[9.693,46.456],[9.694,46.459],[9.701,46.463],[9.711,46.463],[9.715,46.47],[9.724,46.473],[9.74,46.473],[9.743,46.471],[9.753,46.471],[9.775,46.462],[9.779,46.459],[9.769,46.456],[9.765,46.452],[9.762,46.453],[9.757,46.448],[9.752,46.447],[9.746,46.443],[9.732,46.44],[9.729,46.441],[9.725,46.44],[9.723,46.437],[9.719,46.437],[9.713,46.434],[9.706,46.434],[9.706,46.431],[9.702,46.429],[9.704,46.427],[9.699,46.426],[9.699,46.423],[9.696,46.42],[9.689,46.416],[9.685,46.416],[9.679,46.411],[9.672,46.408],[9.67,46.41],[9.661,46.41],[9.656,46.408],[9.646,46.408],[9.647,46.406],[9.643,46.404],[9.637,46.407],[9.63,46.402],[9.628,46.404],[9.623,46.404],[9.62,46.402],[9.607,46.402],[9.597,46.397],[9.591,46.398],[9.59,46.395],[9.607,46.39],[9.62,46.39],[9.623,46.392],[9.636,46.392],[9.639,46.394],[9.646,46.393],[9.64,46.385],[9.629,46.383],[9.623,46.384],[9.616,46.382],[9.615,46.379],[9.613,46.378],[9.612,46.373],[9.609,46.37],[9.577,46.37],[9.563,46.366],[9.554,46.368],[9.547,46.366],[9.544,46.363],[9.541,46.365],[9.537,46.364],[9.524,46.365],[9.521,46.363],[9.504,46.363]]],[[[9.585,47.039],[9.577,47.037],[9.564,47.044],[9.564,47.046],[9.558,47.048],[9.551,47.047],[9.546,47.049],[9.552,47.055],[9.552,47.058],[9.549,47.06],[9.552,47.062],[9.558,47.06],[9.575,47.063],[9.569,47.066],[9.569,47.073],[9.559,47.08],[9.562,47.083],[9.575,47.077],[9.579,47.077],[9.581,47.073],[9.591,47.068],[9.592,47.07],[9.598,47.073],[9.605,47.072],[9.599,47.075],[9.599,47.077],[9.605,47.079],[9.6,47.084],[9.599,47.089],[9.597,47.09],[9.606,47.096],[9.609,47.092],[9.622,47.092],[9.624,47.09],[9.628,47.09],[9.631,47.088],[9.628,47.086],[9.621,47.086],[9.62,47.083],[9.621,47.081],[9.614,47.074],[9.614,47.068],[9.607,47.063],[9.614,47.058],[9.634,47.054],[9.647,47.062],[9.67,47.062],[9.673,47.064],[9.68,47.064],[9.683,47.062],[9.687,47.062],[9.702,47.052],[9.699,47.05],[9.693,47.053],[9.689,47.051],[9.683,47.055],[9.676,47.055],[9.674,47.058],[9.66,47.058],[9.657,47.055],[9.653,47.054],[9.653,47.051],[9.646,47.047],[9.637,47.047],[9.63,47.05],[9.62,47.048],[9.618,47.05],[9.613,47.05],[9.6,47.044],[9.591,47.048],[9.587,47.048],[9.592,47.043],[9.587,47.042],[9.585,47.039]]],[[[9.617,47.119],[9.61,47.122],[9.613,47.125],[9.62,47.123],[9.627,47.128],[9.631,47.126],[9.626,47.122],[9.625,47.112],[9.623,47.111],[9.616,47.111],[9.612,47.113],[9.611,47.117],[9.613,47.119],[9.617,47.119]]],[[[9.614,47.011],[9.609,47.01],[9.605,47.011],[9.596,47.016],[9.59,47.021],[9.597,47.025],[9.59,47.027],[9.59,47.03],[9.583,47.029],[9.581,47.032],[9.582,47.035],[9.587,47.038],[9.594,47.037],[9.595,47.034],[9.6,47.032],[9.61,47.034],[9.615,47.032],[9.609,47.03],[9.606,47.027],[9.619,47.027],[9.625,47.025],[9.614,47.018],[9.617,47.014],[9.614,47.011]]],[[[9.513,46.743],[9.506,46.738],[9.5,46.74],[9.496,46.739],[9.491,46.741],[9.5,46.743],[9.497,46.746],[9.508,46.752],[9.508,46.755],[9.505,46.757],[9.507,46.758],[9.507,46.762],[9.495,46.768],[9.488,46.775],[9.487,46.778],[9.482,46.78],[9.482,46.783],[9.48,46.784],[9.481,46.787],[9.492,46.791],[9.491,46.793],[9.492,46.794],[9.497,46.795],[9.499,46.797],[9.502,46.796],[9.505,46.792],[9.508,46.794],[9.511,46.793],[9.51,46.788],[9.5,46.782],[9.501,46.779],[9.506,46.777],[9.501,46.773],[9.507,46.771],[9.514,46.774],[9.524,46.773],[9.527,46.772],[9.53,46.768],[9.525,46.763],[9.529,46.757],[9.529,46.754],[9.525,46.752],[9.523,46.748],[9.518,46.745],[9.518,46.743],[9.516,46.742],[9.513,46.743]]],[[[9.503,46.802],[9.495,46.8],[9.494,46.804],[9.488,46.807],[9.496,46.81],[9.499,46.809],[9.497,46.804],[9.503,46.802]]],[[[9.468,46.879],[9.462,46.876],[9.456,46.878],[9.449,46.876],[9.447,46.877],[9.453,46.88],[9.453,46.884],[9.45,46.886],[9.45,46.893],[9.453,46.894],[9.46,46.89],[9.464,46.893],[9.461,46.895],[9.461,46.899],[9.455,46.904],[9.464,46.906],[9.473,46.912],[9.487,46.914],[9.489,46.912],[9.48,46.906],[9.476,46.906],[9.473,46.904],[9.482,46.901],[9.47,46.9],[9.475,46.897],[9.473,46.895],[9.478,46.895],[9.477,46.89],[9.469,46.89],[9.469,46.888],[9.466,46.886],[9.459,46.886],[9.468,46.879]]],[[[7.089,46.159],[7.086,46.157],[7.083,46.159],[7.073,46.171],[7.067,46.175],[7.066,46.177],[7.073,46.179],[7.073,46.181],[7.076,46.183],[7.074,46.186],[7.076,46.188],[7.054,46.206],[7.056,46.208],[7.06,46.208],[7.061,46.211],[7.06,46.214],[7.054,46.22],[7.056,46.222],[7.063,46.223],[7.066,46.226],[7.069,46.224],[7.068,46.226],[7.069,46.229],[7.066,46.233],[7.076,46.238],[7.076,46.24],[7.079,46.242],[7.092,46.246],[7.095,46.242],[7.094,46.24],[7.092,46.239],[7.091,46.235],[7.085,46.233],[7.085,46.231],[7.09,46.226],[7.088,46.222],[7.089,46.22],[7.092,46.22],[7.095,46.223],[7.099,46.224],[7.102,46.228],[7.106,46.226],[7.103,46.229],[7.103,46.231],[7.105,46.232],[7.108,46.229],[7.108,46.232],[7.106,46.233],[7.112,46.238],[7.112,46.242],[7.109,46.244],[7.109,46.247],[7.114,46.25],[7.118,46.25],[7.121,46.252],[7.124,46.251],[7.127,46.253],[7.128,46.256],[7.134,46.26],[7.132,46.265],[7.135,46.269],[7.135,46.272],[7.137,46.273],[7.14,46.271],[7.147,46.275],[7.154,46.276],[7.141,46.276],[7.121,46.266],[7.114,46.27],[7.105,46.27],[7.101,46.272],[7.1,46.274],[7.105,46.275],[7.108,46.273],[7.111,46.276],[7.119,46.276],[7.116,46.278],[7.121,46.28],[7.134,46.28],[7.14,46.284],[7.147,46.285],[7.147,46.289],[7.144,46.292],[7.16,46.296],[7.156,46.297],[7.15,46.303],[7.136,46.301],[7.13,46.296],[7.124,46.296],[7.121,46.294],[7.114,46.294],[7.11,46.296],[7.114,46.304],[7.117,46.299],[7.121,46.301],[7.124,46.3],[7.124,46.303],[7.122,46.305],[7.134,46.306],[7.14,46.312],[7.137,46.315],[7.13,46.316],[7.125,46.321],[7.127,46.323],[7.141,46.321],[7.143,46.316],[7.147,46.319],[7.15,46.318],[7.153,46.32],[7.154,46.326],[7.156,46.327],[7.159,46.326],[7.159,46.324],[7.163,46.32],[7.18,46.319],[7.186,46.323],[7.186,46.332],[7.179,46.333],[7.177,46.335],[7.177,46.339],[7.174,46.341],[7.176,46.343],[7.179,46.342],[7.192,46.348],[7.203,46.348],[7.208,46.354],[7.215,46.354],[7.221,46.356],[7.237,46.357],[7.25,46.354],[7.254,46.355],[7.251,46.357],[7.251,46.359],[7.26,46.37],[7.264,46.368],[7.267,46.371],[7.273,46.373],[7.282,46.371],[7.279,46.369],[7.279,46.367],[7.283,46.367],[7.283,46.369],[7.286,46.371],[7.296,46.368],[7.299,46.374],[7.296,46.375],[7.296,46.378],[7.293,46.38],[7.302,46.384],[7.303,46.387],[7.299,46.389],[7.302,46.393],[7.305,46.394],[7.308,46.391],[7.307,46.389],[7.312,46.386],[7.322,46.39],[7.332,46.389],[7.333,46.387],[7.328,46.385],[7.328,46.382],[7.331,46.383],[7.334,46.38],[7.331,46.378],[7.331,46.376],[7.338,46.378],[7.34,46.382],[7.339,46.384],[7.344,46.387],[7.354,46.386],[7.358,46.389],[7.359,46.393],[7.354,46.394],[7.352,46.396],[7.351,46.401],[7.349,46.402],[7.357,46.404],[7.361,46.407],[7.374,46.408],[7.375,46.409],[7.373,46.411],[7.373,46.416],[7.375,46.418],[7.374,46.421],[7.371,46.423],[7.367,46.423],[7.364,46.425],[7.365,46.427],[7.361,46.434],[7.351,46.438],[7.335,46.441],[7.329,46.445],[7.331,46.449],[7.335,46.447],[7.336,46.45],[7.341,46.451],[7.345,46.454],[7.345,46.459],[7.341,46.461],[7.341,46.463],[7.344,46.465],[7.348,46.465],[7.351,46.468],[7.36,46.463],[7.359,46.456],[7.363,46.45],[7.363,46.447],[7.36,46.445],[7.364,46.446],[7.368,46.443],[7.367,46.436],[7.372,46.443],[7.371,46.447],[7.374,46.449],[7.377,46.448],[7.378,46.456],[7.38,46.459],[7.374,46.47],[7.377,46.471],[7.383,46.469],[7.384,46.47],[7.38,46.472],[7.391,46.477],[7.391,46.474],[7.387,46.472],[7.389,46.47],[7.386,46.465],[7.386,46.461],[7.39,46.46],[7.396,46.468],[7.4,46.468],[7.406,46.471],[7.41,46.47],[7.411,46.468],[7.403,46.463],[7.399,46.459],[7.399,46.456],[7.392,46.452],[7.386,46.445],[7.387,46.432],[7.383,46.43],[7.382,46.427],[7.383,46.425],[7.39,46.425],[7.39,46.427],[7.396,46.433],[7.403,46.438],[7.406,46.437],[7.407,46.438],[7.408,46.441],[7.407,46.443],[7.409,46.445],[7.414,46.443],[7.416,46.436],[7.412,46.434],[7.414,46.429],[7.413,46.428],[7.405,46.425],[7.396,46.418],[7.39,46.418],[7.386,46.416],[7.396,46.413],[7.398,46.411],[7.393,46.407],[7.39,46.407],[7.389,46.402],[7.386,46.398],[7.387,46.397],[7.399,46.402],[7.401,46.405],[7.405,46.407],[7.413,46.406],[7.416,46.403],[7.419,46.406],[7.426,46.406],[7.432,46.408],[7.435,46.407],[7.432,46.403],[7.429,46.403],[7.413,46.394],[7.409,46.394],[7.409,46.391],[7.413,46.391],[7.416,46.393],[7.426,46.393],[7.435,46.397],[7.449,46.398],[7.458,46.404],[7.457,46.411],[7.458,46.412],[7.465,46.409],[7.471,46.411],[7.474,46.409],[7.486,46.409],[7.487,46.411],[7.501,46.418],[7.501,46.423],[7.51,46.427],[7.515,46.427],[7.515,46.432],[7.51,46.432],[7.507,46.436],[7.501,46.438],[7.501,46.441],[7.491,46.439],[7.488,46.441],[7.489,46.443],[7.479,46.445],[7.49,46.454],[7.482,46.456],[7.485,46.459],[7.482,46.461],[7.484,46.463],[7.487,46.463],[7.487,46.468],[7.485,46.47],[7.481,46.47],[7.478,46.472],[7.475,46.477],[7.468,46.478],[7.46,46.483],[7.465,46.485],[7.474,46.485],[7.475,46.488],[7.478,46.489],[7.474,46.49],[7.472,46.492],[7.472,46.495],[7.468,46.495],[7.461,46.501],[7.463,46.504],[7.471,46.508],[7.461,46.511],[7.452,46.511],[7.45,46.513],[7.455,46.517],[7.461,46.519],[7.468,46.518],[7.478,46.512],[7.481,46.513],[7.481,46.516],[7.488,46.516],[7.494,46.514],[7.505,46.517],[7.491,46.52],[7.481,46.528],[7.468,46.532],[7.461,46.536],[7.455,46.534],[7.448,46.536],[7.442,46.535],[7.438,46.533],[7.435,46.529],[7.429,46.527],[7.427,46.528],[7.426,46.533],[7.436,46.537],[7.433,46.54],[7.425,46.542],[7.432,46.544],[7.439,46.542],[7.44,46.544],[7.439,46.547],[7.436,46.549],[7.439,46.551],[7.442,46.55],[7.443,46.553],[7.448,46.556],[7.451,46.553],[7.455,46.553],[7.457,46.551],[7.454,46.544],[7.451,46.542],[7.455,46.544],[7.459,46.549],[7.468,46.553],[7.47,46.549],[7.468,46.547],[7.468,46.543],[7.474,46.547],[7.485,46.546],[7.488,46.548],[7.491,46.547],[7.493,46.544],[7.487,46.542],[7.486,46.54],[7.494,46.539],[7.5,46.535],[7.504,46.53],[7.51,46.534],[7.514,46.53],[7.52,46.538],[7.533,46.544],[7.517,46.543],[7.514,46.549],[7.523,46.553],[7.527,46.553],[7.523,46.556],[7.52,46.555],[7.514,46.558],[7.514,46.56],[7.509,46.564],[7.515,46.564],[7.516727272727271,46.56227272727273],[7.52,46.565],[7.527,46.566],[7.521,46.573],[7.523,46.575],[7.53,46.575],[7.536,46.581],[7.543,46.58],[7.549,46.578],[7.549,46.573],[7.547,46.571],[7.549,46.569],[7.549,46.566],[7.547,46.564],[7.551,46.562],[7.557,46.562],[7.559,46.565],[7.566,46.565],[7.569,46.569],[7.567,46.575],[7.569,46.58],[7.566,46.582],[7.566,46.585],[7.564,46.587],[7.572,46.595],[7.579,46.594],[7.58,46.591],[7.579,46.589],[7.582,46.59],[7.584545454545452,46.589636363636366],[7.58,46.596],[7.58,46.598],[7.585,46.6],[7.582,46.608],[7.585,46.609],[7.589,46.608],[7.595,46.612],[7.602,46.611],[7.599,46.614],[7.605,46.62],[7.604,46.625],[7.612,46.627],[7.612,46.63],[7.607,46.634],[7.608,46.636],[7.618,46.635],[7.62,46.636],[7.621,46.64],[7.625,46.638],[7.635,46.638],[7.637,46.636],[7.634,46.634],[7.633,46.629],[7.631,46.628],[7.629,46.629],[7.628,46.632],[7.624,46.632],[7.624,46.625],[7.618,46.623],[7.618,46.62],[7.612,46.618],[7.608,46.614],[7.611,46.609],[7.605,46.605],[7.604,46.602],[7.601,46.6],[7.6,46.596],[7.589,46.589],[7.592,46.584],[7.582,46.576],[7.578,46.566],[7.574,46.564],[7.575,46.56],[7.568,46.553],[7.569,46.548],[7.561,46.539],[7.556,46.538],[7.553,46.535],[7.544,46.533],[7.543,46.53],[7.545,46.528],[7.539,46.526],[7.536,46.523],[7.535,46.517],[7.53,46.514],[7.527,46.515],[7.526,46.513],[7.53,46.511],[7.533,46.506],[7.536,46.505],[7.549,46.509],[7.553,46.509],[7.557,46.506],[7.552,46.504],[7.551,46.501],[7.543,46.497],[7.536,46.497],[7.527,46.504],[7.52,46.506],[7.52,46.5],[7.522,46.499],[7.52,46.498],[7.513,46.497],[7.51,46.493],[7.508,46.495],[7.498,46.495],[7.5,46.492],[7.5,46.486],[7.499,46.483],[7.494,46.481],[7.493,46.479],[7.496,46.477],[7.494,46.474],[7.5,46.478],[7.504,46.476],[7.514,46.485],[7.526,46.479],[7.517,46.471],[7.502,46.463],[7.499,46.459],[7.5,46.455],[7.507,46.456],[7.508,46.459],[7.521,46.463],[7.523,46.465],[7.526,46.463],[7.523,46.459],[7.523,46.455],[7.527,46.457],[7.54,46.458],[7.54,46.461],[7.543,46.464],[7.546,46.461],[7.546,46.458],[7.549,46.454],[7.562,46.454],[7.572,46.458],[7.58,46.458],[7.575,46.459],[7.573,46.461],[7.579,46.467],[7.579,46.474],[7.582,46.476],[7.592,46.476],[7.595,46.478],[7.602,46.479],[7.6,46.483],[7.608,46.489],[7.612,46.49],[7.602,46.497],[7.612,46.499],[7.612,46.501],[7.618,46.506],[7.619,46.517],[7.621,46.518],[7.628,46.514],[7.634,46.517],[7.636,46.521],[7.635,46.526],[7.623,46.53],[7.625,46.533],[7.634,46.539],[7.632,46.542],[7.637,46.546],[7.643,46.542],[7.643,46.539],[7.64,46.537],[7.644,46.535],[7.644,46.531],[7.65,46.526],[7.65,46.519],[7.644,46.514],[7.654,46.512],[7.656,46.51],[7.654,46.508],[7.645,46.508],[7.649,46.506],[7.647,46.503],[7.637,46.497],[7.633,46.497],[7.638,46.492],[7.644,46.492],[7.647,46.488],[7.641,46.486],[7.631,46.479],[7.627,46.483],[7.627,46.481],[7.62,46.476],[7.618,46.472],[7.621,46.474],[7.624,46.472],[7.624,46.47],[7.621,46.467],[7.617,46.465],[7.617,46.463],[7.621,46.459],[7.624,46.459],[7.628,46.465],[7.644,46.474],[7.647,46.47],[7.647,46.465],[7.64,46.46],[7.64,46.458],[7.627,46.45],[7.627,46.44],[7.631,46.438],[7.634,46.44],[7.635,46.447],[7.632,46.449],[7.635,46.452],[7.637,46.453],[7.64,46.451],[7.653,46.458],[7.663,46.459],[7.679,46.454],[7.689,46.455],[7.7,46.452],[7.718,46.439],[7.725,46.442],[7.735,46.442],[7.743,46.445],[7.754,46.458],[7.764,46.465],[7.761,46.468],[7.754,46.469],[7.753,46.465],[7.75,46.463],[7.751,46.46],[7.748,46.458],[7.74,46.458],[7.735,46.455],[7.731,46.455],[7.725,46.459],[7.715,46.461],[7.713,46.463],[7.714,46.465],[7.706,46.465],[7.693,46.469],[7.689,46.468],[7.686,46.465],[7.681,46.467],[7.685,46.47],[7.676,46.47],[7.671,46.474],[7.673,46.476],[7.673,46.479],[7.68,46.479],[7.68,46.483],[7.683,46.487],[7.691,46.485],[7.696,46.49],[7.701,46.49],[7.706,46.494],[7.708,46.492],[7.714,46.492],[7.719,46.494],[7.745,46.494],[7.746,46.496],[7.741,46.497],[7.736,46.501],[7.736,46.505],[7.734,46.508],[7.735,46.513],[7.729,46.514],[7.722,46.51],[7.716,46.51],[7.706,46.513],[7.696,46.513],[7.693,46.515],[7.7,46.524],[7.706,46.528],[7.709,46.527],[7.713,46.53],[7.71,46.532],[7.709,46.537],[7.707,46.537],[7.706,46.535],[7.696,46.542],[7.694,46.544],[7.696,46.548],[7.69,46.551],[7.699,46.565],[7.703,46.566],[7.706,46.561],[7.713,46.561],[7.714,46.559],[7.711,46.557],[7.711,46.555],[7.718,46.553],[7.718,46.55],[7.725,46.551],[7.727,46.55],[7.728,46.548],[7.722,46.544],[7.716,46.544],[7.715,46.541],[7.726,46.537],[7.742,46.545],[7.751,46.541],[7.748,46.539],[7.755,46.543],[7.778,46.537],[7.782,46.532],[7.781,46.529],[7.782,46.528],[7.794,46.523],[7.794,46.526],[7.791,46.528],[7.795,46.532],[7.794,46.535],[7.787,46.535],[7.784,46.539],[7.795,46.543],[7.791,46.546],[7.787,46.546],[7.784,46.548],[7.782,46.55],[7.782,46.553],[7.774,46.553],[7.772,46.557],[7.765,46.562],[7.774,46.565],[7.781,46.563],[7.788,46.564],[7.791,46.566],[7.797,46.566],[7.805,46.575],[7.805,46.577],[7.799,46.577],[7.795,46.582],[7.804,46.586],[7.794,46.586],[7.797,46.584],[7.791,46.58],[7.788,46.581],[7.778,46.58],[7.775,46.582],[7.775,46.584],[7.778,46.587],[7.779,46.591],[7.772,46.595],[7.775,46.598],[7.768,46.594],[7.758,46.591],[7.745,46.591],[7.743,46.593],[7.745,46.595],[7.749,46.594],[7.75,46.598],[7.752,46.599],[7.752,46.603],[7.759,46.604],[7.765,46.609],[7.771,46.611],[7.783,46.609],[7.788,46.606],[7.785,46.606],[7.783,46.604],[7.788,46.604],[7.791,46.6],[7.807,46.599],[7.807,46.602],[7.804,46.604],[7.802,46.611],[7.798,46.613],[7.801,46.617],[7.807,46.615],[7.806,46.611],[7.813,46.609],[7.813,46.606],[7.815,46.606],[7.815,46.609],[7.82,46.61],[7.837,46.61],[7.837,46.615],[7.842,46.624],[7.842,46.627],[7.849,46.631],[7.847,46.633],[7.853,46.637],[7.86,46.637],[7.862,46.635],[7.857,46.633],[7.852,46.629],[7.852,46.627],[7.858,46.626],[7.86,46.628],[7.866,46.629],[7.873,46.626],[7.869,46.622],[7.862,46.622],[7.856,46.618],[7.86,46.616],[7.866,46.617],[7.869,46.613],[7.86,46.606],[7.851,46.602],[7.852,46.6],[7.85,46.597],[7.851,46.595],[7.846,46.588],[7.843,46.588],[7.843,46.586],[7.863,46.599],[7.876,46.601],[7.879,46.599],[7.879,46.597],[7.875,46.595],[7.871,46.588],[7.872,46.583],[7.876,46.586],[7.879,46.584],[7.882,46.575],[7.876,46.57],[7.865,46.568],[7.866,46.563],[7.876,46.561],[7.878,46.559],[7.875,46.557],[7.866,46.557],[7.864,46.559],[7.859,46.56],[7.851,46.559],[7.853,46.556],[7.858,46.555],[7.859,46.552],[7.866,46.551],[7.867,46.548],[7.866,46.546],[7.862,46.547],[7.849,46.545],[7.847,46.548],[7.844,46.548],[7.839,46.546],[7.839,46.543],[7.841,46.541],[7.836,46.54],[7.833,46.537],[7.83,46.537],[7.829,46.53],[7.835,46.528],[7.833,46.526],[7.833,46.523],[7.837,46.525],[7.839,46.529],[7.843,46.529],[7.852,46.533],[7.86,46.532],[7.866,46.533],[7.867,46.532],[7.866,46.53],[7.872,46.532],[7.872,46.534],[7.875,46.536],[7.882,46.536],[7.885,46.533],[7.89,46.532],[7.882,46.524],[7.875,46.521],[7.871,46.521],[7.869,46.519],[7.865,46.519],[7.865,46.516],[7.862,46.514],[7.862,46.509],[7.872,46.514],[7.875,46.512],[7.898,46.511],[7.901,46.513],[7.909,46.514],[7.91,46.516],[7.909,46.518],[7.913,46.523],[7.912,46.525],[7.914,46.527],[7.924,46.526],[7.925,46.532],[7.928,46.534],[7.924,46.537],[7.921,46.537],[7.918,46.541],[7.918,46.548],[7.921,46.549],[7.921,46.552],[7.915,46.554],[7.915,46.559],[7.918,46.563],[7.928,46.562],[7.938,46.565],[7.947,46.563],[7.951,46.565],[7.958,46.565],[7.958,46.57],[7.967,46.572],[7.961,46.577],[7.957,46.578],[7.954,46.582],[7.947,46.58],[7.94,46.581],[7.939,46.586],[7.941,46.587],[7.942,46.592],[7.949,46.597],[7.948,46.6],[7.945,46.601],[7.945,46.606],[7.942,46.608],[7.941,46.613],[7.938,46.617],[7.935,46.62],[7.931,46.62],[7.929,46.622],[7.938,46.625],[7.956,46.624],[7.951,46.62],[7.948,46.622],[7.942,46.619],[7.945,46.616],[7.948,46.617],[7.953,46.615],[7.954,46.611],[7.963,46.613],[7.961,46.61],[7.954,46.609],[7.951,46.607],[7.951,46.605],[7.961,46.605],[7.967,46.603],[7.97,46.599],[7.964,46.595],[7.957,46.594],[7.97,46.589],[7.974,46.592],[7.98,46.591],[7.983,46.593],[7.987,46.593],[7.99,46.596],[8.0,46.596],[8.006,46.6],[8.013,46.6],[8.019,46.603],[8.026,46.603],[8.029,46.606],[8.036,46.607],[8.039,46.609],[8.044,46.608],[8.046,46.6],[8.049,46.602],[8.05,46.601],[8.048,46.594],[8.045,46.592],[8.052,46.591],[8.058,46.587],[8.08,46.589],[8.081,46.591],[8.085,46.592],[8.078,46.595],[8.072,46.594],[8.066,46.596],[8.069,46.601],[8.073,46.603],[8.068,46.603],[8.065,46.605],[8.063,46.61],[8.057,46.612],[8.056,46.614],[8.062,46.619],[8.078,46.627],[8.082,46.627],[8.084,46.625],[8.082,46.623],[8.085,46.625],[8.088,46.623],[8.102,46.623],[8.092,46.625],[8.092,46.63],[8.083,46.632],[8.089,46.639],[8.089,46.652],[8.096,46.655],[8.092,46.656],[8.089,46.653],[8.083,46.657],[8.082,46.66],[8.076,46.658],[8.072,46.659],[8.069,46.657],[8.062,46.658],[8.056,46.657],[8.05,46.662],[8.046,46.662],[8.045,46.657],[8.043,46.655],[8.039,46.655],[8.036,46.653],[8.02,46.66],[8.013,46.656],[8.007,46.66],[8.006,46.657],[8.004,46.656],[7.997,46.661],[7.991,46.658],[7.984,46.658],[7.981,46.656],[7.978,46.658],[7.968,46.658],[7.966,46.66],[7.959,46.66],[7.955,46.658],[7.952,46.66],[7.955,46.662],[7.955,46.664],[7.951,46.665],[7.948,46.663],[7.946,46.664],[7.946,46.667],[7.942,46.669],[7.938,46.666],[7.927,46.669],[7.932,46.673],[7.942,46.673],[7.946,46.68],[7.949,46.682],[7.947,46.685],[7.948,46.686],[7.962,46.689],[7.965,46.691],[7.971,46.69],[7.978,46.691],[7.981,46.689],[7.979,46.691],[7.982,46.693],[7.984,46.696],[7.983,46.698],[7.988,46.704],[7.994,46.704],[7.999,46.702],[8.001,46.704],[8.009,46.705],[8.013,46.702],[8.01,46.7],[8.01,46.698],[8.02,46.7],[8.023,46.698],[8.011,46.691],[8.02,46.691],[8.024,46.693],[8.027,46.691],[8.032,46.691],[8.033,46.688],[8.037,46.688],[8.039,46.691],[8.035,46.695],[8.034,46.7],[8.038,46.702],[8.034,46.704],[8.034,46.707],[8.036,46.709],[8.034,46.713],[8.037,46.715],[8.05,46.715],[8.057,46.718],[8.07,46.717],[8.073,46.718],[8.073,46.722],[8.076,46.724],[8.089,46.724],[8.092,46.722],[8.086,46.718],[8.076,46.716],[8.075,46.713],[8.079,46.711],[8.084,46.711],[8.089,46.714],[8.093,46.714],[8.099,46.718],[8.102,46.717],[8.112,46.721],[8.127,46.717],[8.125,46.715],[8.129,46.715],[8.135,46.719],[8.142,46.719],[8.145,46.717],[8.145,46.713],[8.148,46.711],[8.148,46.708],[8.154,46.701],[8.154,46.699],[8.151,46.697],[8.145,46.697],[8.138,46.69],[8.135,46.693],[8.128,46.688],[8.118,46.691],[8.118,46.686],[8.121,46.684],[8.12,46.681],[8.105,46.677],[8.104,46.675],[8.107,46.673],[8.105,46.665],[8.111,46.664],[8.111,46.661],[8.119,46.663],[8.124,46.666],[8.128,46.666],[8.128,46.663],[8.132,46.666],[8.132,46.668],[8.129,46.67],[8.131,46.672],[8.135,46.674],[8.138,46.673],[8.148,46.678],[8.154,46.674],[8.157,46.675],[8.161,46.672],[8.164,46.674],[8.17,46.671],[8.172,46.674],[8.171,46.677],[8.165,46.681],[8.167,46.685],[8.171,46.685],[8.171,46.688],[8.184,46.694],[8.187,46.697],[8.194,46.696],[8.197,46.697],[8.2,46.694],[8.197,46.693],[8.194,46.689],[8.19,46.688],[8.19,46.685],[8.187,46.683],[8.186,46.674],[8.188,46.672],[8.184,46.67],[8.18,46.672],[8.18,46.665],[8.178,46.663],[8.179,46.661],[8.187,46.659],[8.192,46.656],[8.193,46.652],[8.189,46.65],[8.19,46.647],[8.207,46.64],[8.218,46.64],[8.222,46.642],[8.232,46.636],[8.232,46.633],[8.239,46.635],[8.242,46.634],[8.242,46.64],[8.236,46.642],[8.236,46.645],[8.232,46.645],[8.23,46.647],[8.232,46.649],[8.229,46.649],[8.226,46.652],[8.219,46.652],[8.216,46.654],[8.22,46.656],[8.217,46.658],[8.221,46.661],[8.218,46.665],[8.22,46.67],[8.224,46.674],[8.229,46.676],[8.234,46.674],[8.232,46.672],[8.232,46.669],[8.236,46.668],[8.242,46.663],[8.249,46.664],[8.252,46.662],[8.259,46.661],[8.262,46.658],[8.258,46.656],[8.254,46.649],[8.258,46.651],[8.271,46.65],[8.275,46.651],[8.281,46.647],[8.288,46.646],[8.291,46.642],[8.291,46.639],[8.287,46.638],[8.289,46.635],[8.284,46.633],[8.284,46.631],[8.291,46.631],[8.296,46.629],[8.294,46.626],[8.29,46.624],[8.294,46.624],[8.297,46.622],[8.291,46.619],[8.277,46.622],[8.277,46.617],[8.28,46.615],[8.28,46.613],[8.277,46.611],[8.281,46.611],[8.284,46.613],[8.294,46.613],[8.3,46.608],[8.296,46.606],[8.297,46.605],[8.303,46.606],[8.315,46.597],[8.316,46.592],[8.319,46.593],[8.325,46.59],[8.319,46.589],[8.319,46.587],[8.323,46.582],[8.329,46.583],[8.335,46.579],[8.331,46.577],[8.332,46.575],[8.333,46.577],[8.339,46.58],[8.336,46.583],[8.336,46.587],[8.334,46.588],[8.336,46.588],[8.337,46.59],[8.333,46.592],[8.336,46.595],[8.336,46.597],[8.332,46.601],[8.332,46.606],[8.326,46.608],[8.32,46.613],[8.339,46.619],[8.343,46.622],[8.339,46.624],[8.336,46.62],[8.333,46.621],[8.331,46.624],[8.333,46.625],[8.333,46.629],[8.33,46.629],[8.329,46.622],[8.326,46.619],[8.32,46.619],[8.317,46.622],[8.318,46.628],[8.315,46.631],[8.317,46.632],[8.318,46.635],[8.314,46.637],[8.317,46.639],[8.317,46.642],[8.313,46.644],[8.317,46.647],[8.312,46.651],[8.317,46.653],[8.321,46.657],[8.321,46.66],[8.312,46.662],[8.308,46.667],[8.308,46.671],[8.3,46.673],[8.297,46.68],[8.285,46.678],[8.282,46.68],[8.279,46.689],[8.275,46.687],[8.265,46.687],[8.263,46.689],[8.262,46.696],[8.259,46.699],[8.253,46.701],[8.259,46.703],[8.269,46.702],[8.282,46.707],[8.295,46.707],[8.299,46.711],[8.305,46.709],[8.315,46.713],[8.324,46.709],[8.324,46.705],[8.328,46.702],[8.333,46.7],[8.347,46.7],[8.354,46.696],[8.35,46.691],[8.357,46.687],[8.357,46.684],[8.358,46.689],[8.361,46.691],[8.36,46.694],[8.362,46.7],[8.357,46.699],[8.354,46.703],[8.351,46.703],[8.344,46.707],[8.345,46.709],[8.335,46.716],[8.336,46.718],[8.339,46.72],[8.343,46.727],[8.349,46.729],[8.351,46.732],[8.354,46.733],[8.368,46.735],[8.371,46.733],[8.384,46.733],[8.387,46.731],[8.404,46.731],[8.407,46.734],[8.41,46.733],[8.41,46.731],[8.419,46.733],[8.42,46.736],[8.417,46.733],[8.413,46.733],[8.41,46.736],[8.411,46.738],[8.404,46.738],[8.394,46.745],[8.387,46.745],[8.384,46.747],[8.401,46.755],[8.411,46.763],[8.395,46.76],[8.391,46.761],[8.388,46.757],[8.385,46.758],[8.384,46.761],[8.381,46.758],[8.377,46.758],[8.368,46.754],[8.351,46.754],[8.348,46.752],[8.341,46.752],[8.305,46.737],[8.299,46.737],[8.296,46.739],[8.304,46.745],[8.304,46.748],[8.312,46.754],[8.319,46.756],[8.322,46.759],[8.322,46.761],[8.326,46.764],[8.332,46.765],[8.328,46.768],[8.335,46.77],[8.339,46.773],[8.34,46.779],[8.344,46.781],[8.332,46.781],[8.321,46.775],[8.316,46.77],[8.309,46.768],[8.306,46.766],[8.305,46.763],[8.293,46.757],[8.289,46.757],[8.289,46.755],[8.286,46.752],[8.279,46.749],[8.276,46.75],[8.273,46.748],[8.275,46.746],[8.27,46.741],[8.266,46.744],[8.25,46.732],[8.247,46.732],[8.24,46.735],[8.24,46.739],[8.233,46.744],[8.237,46.752],[8.244,46.752],[8.241,46.755],[8.245,46.759],[8.244,46.76],[8.232,46.757],[8.227,46.753],[8.22,46.76],[8.217,46.76],[8.205,46.769],[8.195,46.767],[8.185,46.769],[8.182,46.771],[8.182,46.776],[8.188,46.782],[8.191,46.78],[8.194,46.773],[8.201,46.777],[8.208,46.777],[8.214,46.769],[8.218,46.768],[8.221,46.77],[8.228,46.771],[8.225,46.773],[8.224,46.782],[8.218,46.787],[8.218,46.789],[8.225,46.797],[8.231,46.796],[8.241,46.798],[8.242,46.8],[8.242,46.804],[8.235,46.807],[8.238,46.808],[8.239,46.811],[8.242,46.813],[8.242,46.816],[8.238,46.818],[8.242,46.82],[8.242,46.822],[8.238,46.823],[8.237,46.825],[8.232,46.825],[8.229,46.827],[8.232,46.83],[8.235,46.828],[8.241,46.831],[8.245,46.83],[8.255,46.833],[8.257,46.831],[8.247,46.822],[8.248,46.818],[8.251,46.815],[8.267,46.821],[8.27,46.818],[8.257,46.809],[8.247,46.809],[8.247,46.802],[8.261,46.804],[8.264,46.802],[8.26,46.8],[8.26,46.797],[8.257,46.795],[8.253,46.786],[8.249,46.782],[8.254,46.782],[8.264,46.788],[8.274,46.791],[8.277,46.79],[8.283,46.793],[8.297,46.793],[8.296,46.795],[8.297,46.797],[8.307,46.801],[8.313,46.806],[8.316,46.806],[8.31,46.807],[8.304,46.811],[8.311,46.817],[8.311,46.82],[8.308,46.822],[8.311,46.824],[8.308,46.826],[8.31,46.828],[8.317,46.828],[8.32,46.831],[8.317,46.833],[8.322,46.835],[8.327,46.844],[8.33,46.844],[8.337,46.839],[8.343,46.844],[8.353,46.844],[8.356,46.842],[8.353,46.839],[8.356,46.83],[8.35,46.828],[8.343,46.828],[8.34,46.826],[8.333,46.827],[8.33,46.824],[8.339,46.817],[8.339,46.815],[8.343,46.817],[8.346,46.816],[8.349,46.812],[8.356,46.812],[8.359,46.81],[8.365,46.803],[8.382,46.808],[8.385,46.805],[8.391,46.803],[8.391,46.801],[8.395,46.799],[8.387,46.796],[8.391,46.794],[8.393,46.794],[8.392,46.796],[8.395,46.798],[8.401,46.798],[8.405,46.796],[8.415,46.803],[8.418,46.801],[8.424,46.802],[8.427,46.801],[8.424,46.798],[8.424,46.793],[8.428,46.796],[8.441,46.796],[8.446,46.794],[8.444,46.787],[8.463,46.789],[8.467,46.786],[8.477,46.788],[8.483,46.793],[8.496,46.795],[8.5,46.798],[8.503,46.795],[8.503,46.798],[8.507,46.802],[8.505,46.804],[8.504,46.809],[8.506,46.812],[8.51,46.813],[8.51,46.815],[8.505,46.82],[8.508,46.822],[8.507,46.823],[8.503,46.823],[8.497,46.817],[8.493,46.816],[8.49,46.811],[8.483,46.807],[8.48,46.803],[8.467,46.803],[8.458,46.809],[8.458,46.812],[8.464,46.816],[8.463,46.818],[8.464,46.821],[8.462,46.823],[8.454,46.819],[8.451,46.819],[8.449,46.821],[8.444,46.821],[8.44,46.823],[8.445,46.827],[8.445,46.83],[8.448,46.832],[8.442,46.836],[8.445,46.838],[8.445,46.844],[8.439,46.848],[8.429,46.848],[8.425,46.846],[8.419,46.846],[8.418,46.843],[8.415,46.841],[8.403,46.848],[8.402,46.857],[8.397,46.862],[8.399,46.865],[8.408,46.866],[8.406,46.868],[8.406,46.871],[8.409,46.873],[8.419,46.872],[8.425,46.868],[8.445,46.87],[8.445,46.872],[8.439,46.873],[8.436,46.877],[8.439,46.879],[8.446,46.879],[8.452,46.883],[8.455,46.881],[8.459,46.885],[8.469,46.886],[8.475,46.892],[8.479,46.889],[8.482,46.889],[8.502,46.894],[8.505,46.894],[8.508,46.89],[8.501,46.886],[8.488,46.884],[8.482,46.881],[8.475,46.881],[8.481,46.877],[8.489,46.879],[8.489,46.877],[8.491,46.876],[8.495,46.876],[8.501,46.872],[8.501,46.867],[8.506,46.867],[8.508,46.869],[8.51,46.867],[8.513,46.867],[8.519,46.876],[8.528,46.88],[8.534,46.887],[8.537,46.883],[8.537,46.878],[8.541,46.875],[8.55,46.875],[8.555,46.876],[8.56,46.88],[8.565,46.88],[8.565,46.883],[8.57,46.888],[8.577,46.887],[8.58,46.885],[8.58,46.876],[8.573,46.871],[8.56,46.867],[8.561,46.862],[8.559,46.858],[8.559,46.853],[8.556,46.851],[8.56,46.848],[8.573,46.85],[8.584,46.849],[8.576,46.845],[8.566,46.845],[8.559,46.84],[8.564,46.838],[8.565,46.835],[8.562,46.833],[8.566,46.83],[8.569,46.833],[8.576,46.835],[8.602,46.837],[8.611,46.83],[8.611,46.828],[8.605,46.826],[8.589,46.826],[8.582,46.822],[8.569,46.82],[8.562,46.816],[8.559,46.82],[8.558,46.817],[8.549,46.814],[8.545,46.811],[8.549,46.809],[8.549,46.806],[8.552,46.804],[8.552,46.801],[8.553,46.804],[8.559,46.808],[8.588,46.808],[8.598,46.801],[8.603,46.801],[8.611,46.805],[8.614,46.803],[8.616,46.799],[8.624,46.796],[8.631,46.797],[8.632,46.796],[8.627,46.792],[8.632,46.79],[8.63,46.789],[8.63,46.787],[8.637,46.789],[8.639,46.787],[8.637,46.784],[8.63,46.783],[8.625,46.785],[8.621,46.79],[8.615,46.792],[8.604,46.791],[8.604,46.785],[8.61,46.783],[8.613,46.779],[8.613,46.774],[8.61,46.772],[8.607,46.777],[8.597,46.773],[8.594,46.775],[8.594,46.772],[8.597,46.77],[8.59,46.765],[8.594,46.762],[8.61,46.756],[8.607,46.752],[8.603,46.752],[8.6,46.75],[8.594,46.752],[8.591,46.754],[8.59,46.757],[8.587,46.757],[8.581,46.762],[8.571,46.764],[8.564,46.762],[8.561,46.759],[8.555,46.766],[8.558,46.761],[8.558,46.757],[8.561,46.754],[8.577,46.75],[8.58,46.747],[8.583,46.743],[8.583,46.738],[8.589,46.734],[8.589,46.732],[8.592,46.729],[8.59,46.728],[8.587,46.728],[8.581,46.732],[8.577,46.732],[8.571,46.736],[8.571,46.739],[8.556,46.741],[8.554,46.739],[8.539,46.746],[8.525,46.746],[8.522,46.748],[8.515,46.748],[8.513,46.75],[8.516,46.753],[8.515,46.755],[8.502,46.762],[8.502,46.765],[8.496,46.764],[8.496,46.762],[8.499,46.762],[8.502,46.757],[8.499,46.755],[8.501,46.748],[8.499,46.746],[8.492,46.75],[8.482,46.749],[8.473,46.752],[8.469,46.75],[8.469,46.746],[8.463,46.742],[8.459,46.742],[8.459,46.74],[8.456,46.737],[8.469,46.745],[8.482,46.744],[8.492,46.741],[8.494,46.739],[8.505,46.739],[8.508,46.736],[8.515,46.733],[8.517,46.73],[8.528,46.73],[8.534,46.727],[8.538,46.727],[8.54,46.723],[8.53,46.719],[8.536,46.714],[8.544,46.713],[8.547,46.714],[8.55,46.718],[8.554,46.712],[8.555,46.714],[8.56,46.716],[8.565,46.712],[8.566,46.709],[8.572,46.707],[8.573,46.705],[8.563,46.7],[8.56,46.701],[8.559,46.7],[8.563,46.698],[8.556,46.694],[8.555,46.692],[8.558,46.691],[8.563,46.693],[8.565,46.691],[8.569,46.691],[8.572,46.689],[8.571,46.687],[8.559,46.683],[8.548,46.683],[8.546,46.681],[8.537,46.679],[8.536,46.678],[8.539,46.676],[8.539,46.674],[8.536,46.672],[8.53,46.68],[8.527,46.677],[8.523,46.679],[8.52,46.677],[8.518,46.678],[8.518,46.681],[8.501,46.683],[8.5,46.679],[8.503,46.676],[8.502,46.674],[8.52,46.667],[8.522,46.665],[8.52,46.663],[8.504,46.663],[8.494,46.653],[8.49,46.654],[8.49,46.656],[8.477,46.656],[8.474,46.659],[8.468,46.659],[8.465,46.661],[8.458,46.661],[8.454,46.659],[8.454,46.656],[8.458,46.656],[8.464,46.652],[8.464,46.649],[8.467,46.647],[8.467,46.645],[8.474,46.647],[8.476,46.645],[8.484,46.643],[8.493,46.643],[8.5,46.646],[8.511,46.647],[8.513,46.649],[8.526,46.648],[8.533,46.651],[8.546,46.651],[8.556,46.655],[8.569,46.656],[8.572,46.653],[8.562,46.644],[8.56,46.635],[8.555,46.632],[8.552,46.631],[8.546,46.633],[8.549,46.635],[8.545,46.633],[8.545,46.631],[8.542,46.629],[8.529,46.63],[8.522,46.629],[8.52,46.627],[8.528,46.622],[8.526,46.62],[8.517,46.618],[8.516,46.616],[8.512,46.616],[8.509,46.618],[8.512,46.615],[8.503,46.614],[8.496,46.61],[8.49,46.614],[8.486,46.614],[8.483,46.616],[8.482,46.613],[8.491,46.609],[8.492,46.607],[8.479,46.598],[8.482,46.595],[8.48,46.593],[8.481,46.591],[8.479,46.59],[8.47,46.594],[8.457,46.594],[8.45,46.592],[8.446,46.589],[8.45,46.589],[8.453,46.591],[8.46,46.59],[8.469,46.587],[8.473,46.583],[8.479,46.582],[8.486,46.584],[8.488,46.582],[8.484,46.575],[8.472,46.569],[8.465,46.564],[8.466,46.563],[8.482,46.571],[8.492,46.569],[8.492,46.571],[8.489,46.573],[8.492,46.575],[8.497,46.573],[8.498,46.57],[8.502,46.57],[8.502,46.577],[8.499,46.58],[8.502,46.581],[8.502,46.584],[8.505,46.589],[8.519,46.598],[8.545,46.605],[8.551,46.609],[8.555,46.61],[8.558,46.608],[8.557,46.602],[8.551,46.594],[8.551,46.592],[8.554,46.59],[8.554,46.587],[8.557,46.585],[8.564,46.588],[8.567,46.592],[8.571,46.594],[8.573,46.592],[8.58,46.593],[8.587,46.592],[8.583,46.597],[8.577,46.597],[8.574,46.602],[8.578,46.606],[8.579,46.617],[8.581,46.619],[8.591,46.616],[8.594,46.617],[8.594,46.619],[8.591,46.621],[8.591,46.624],[8.597,46.628],[8.601,46.626],[8.604,46.627],[8.624,46.625],[8.636,46.614],[8.644,46.61],[8.649,46.605],[8.65,46.605],[8.649,46.607],[8.656,46.609],[8.659,46.607],[8.66,46.612],[8.65,46.626],[8.634,46.634],[8.634,46.637],[8.623,46.639],[8.623,46.641],[8.631,46.65],[8.648,46.661],[8.647,46.662],[8.641,46.66],[8.634,46.66],[8.628,46.655],[8.623,46.655],[8.621,46.653],[8.608,46.653],[8.598,46.657],[8.615,46.668],[8.625,46.672],[8.628,46.675],[8.628,46.678],[8.622,46.68],[8.615,46.678],[8.613,46.682],[8.618,46.684],[8.619,46.686],[8.616,46.691],[8.617,46.695],[8.623,46.7],[8.625,46.704],[8.628,46.704],[8.628,46.707],[8.63,46.709],[8.634,46.711],[8.63,46.715],[8.635,46.719],[8.637,46.718],[8.638,46.713],[8.644,46.711],[8.638,46.708],[8.645,46.706],[8.648,46.702],[8.654,46.699],[8.654,46.692],[8.656,46.697],[8.663,46.704],[8.668,46.706],[8.667,46.708],[8.661,46.705],[8.659,46.706],[8.66,46.711],[8.663,46.713],[8.66,46.715],[8.661,46.717],[8.665,46.721],[8.673,46.722],[8.665,46.723],[8.659,46.726],[8.665,46.728],[8.673,46.735],[8.665,46.736],[8.66,46.74],[8.669,46.744],[8.672,46.747],[8.67,46.751],[8.672,46.753],[8.676,46.755],[8.681,46.755],[8.683,46.758],[8.689,46.761],[8.692,46.761],[8.698,46.755],[8.697,46.751],[8.699,46.742],[8.705,46.739],[8.707,46.733],[8.714,46.732],[8.716,46.73],[8.714,46.727],[8.721,46.728],[8.724,46.726],[8.723,46.732],[8.726,46.735],[8.725,46.746],[8.728,46.748],[8.731,46.747],[8.745,46.752],[8.738,46.753],[8.734,46.756],[8.728,46.757],[8.731,46.759],[8.745,46.757],[8.748,46.763],[8.748,46.761],[8.755,46.761],[8.756,46.764],[8.758,46.765],[8.758,46.768],[8.761,46.769],[8.771,46.767],[8.77,46.772],[8.777,46.774],[8.778,46.777],[8.781,46.778],[8.797,46.779],[8.8,46.776],[8.804,46.778],[8.804,46.782],[8.794,46.784],[8.792,46.786],[8.801,46.792],[8.802,46.795],[8.805,46.797],[8.805,46.803],[8.808,46.808],[8.811,46.81],[8.818,46.81],[8.818,46.812],[8.811,46.813],[8.808,46.811],[8.807,46.808],[8.791,46.799],[8.783,46.797],[8.778,46.794],[8.76,46.791],[8.748,46.784],[8.745,46.784],[8.736,46.789],[8.733,46.789],[8.734,46.786],[8.73,46.786],[8.729,46.791],[8.714,46.791],[8.709,46.789],[8.702,46.793],[8.7,46.798],[8.703,46.8],[8.703,46.802],[8.697,46.805],[8.697,46.807],[8.707,46.811],[8.707,46.814],[8.693,46.819],[8.691,46.821],[8.69,46.827],[8.687,46.827],[8.684,46.83],[8.68,46.828],[8.679,46.83],[8.674,46.832],[8.671,46.837],[8.674,46.839],[8.691,46.838],[8.697,46.842],[8.701,46.841],[8.702,46.843],[8.707,46.844],[8.711,46.85],[8.717,46.854],[8.724,46.851],[8.727,46.854],[8.73,46.854],[8.732,46.861],[8.74,46.86],[8.75,46.856],[8.753,46.858],[8.755,46.856],[8.75,46.852],[8.749,46.847],[8.745,46.845],[8.743,46.84],[8.736,46.839],[8.735,46.845],[8.733,46.847],[8.733,46.84],[8.74,46.835],[8.746,46.835],[8.748,46.833],[8.749,46.831],[8.742,46.827],[8.743,46.826],[8.746,46.828],[8.748,46.827],[8.749,46.824],[8.748,46.82],[8.762,46.821],[8.772,46.828],[8.776,46.828],[8.781,46.831],[8.78,46.835],[8.777,46.838],[8.777,46.84],[8.781,46.844],[8.778,46.847],[8.781,46.853],[8.78,46.858],[8.786,46.86],[8.789,46.859],[8.799,46.861],[8.809,46.859],[8.816,46.862],[8.822,46.86],[8.824,46.862],[8.823,46.864],[8.826,46.865],[8.83,46.873],[8.826,46.875],[8.809,46.875],[8.806,46.877],[8.796,46.878],[8.783,46.883],[8.78,46.887],[8.777,46.885],[8.771,46.889],[8.771,46.892],[8.757,46.892],[8.754,46.894],[8.744,46.895],[8.735,46.899],[8.728,46.897],[8.722,46.906],[8.718,46.906],[8.717,46.908],[8.719,46.91],[8.719,46.913],[8.709,46.911],[8.705,46.907],[8.702,46.91],[8.702,46.913],[8.698,46.913],[8.698,46.91],[8.692,46.909],[8.689,46.911],[8.686,46.913],[8.686,46.917],[8.676,46.916],[8.669,46.92],[8.667,46.924],[8.663,46.924],[8.658,46.927],[8.653,46.927],[8.65,46.93],[8.643,46.931],[8.65,46.935],[8.653,46.933],[8.657,46.935],[8.673,46.934],[8.676,46.937],[8.69,46.939],[8.695,46.942],[8.709,46.946],[8.716,46.946],[8.729,46.952],[8.739,46.953],[8.746,46.956],[8.752,46.955],[8.759,46.956],[8.762,46.952],[8.755,46.944],[8.757,46.941],[8.752,46.937],[8.748,46.937],[8.745,46.933],[8.742,46.933],[8.735,46.928],[8.742,46.927],[8.745,46.929],[8.758,46.932],[8.764,46.928],[8.762,46.926],[8.758,46.926],[8.758,46.923],[8.751,46.917],[8.741,46.917],[8.735222222222221,46.91218518518518],[8.745,46.913],[8.755,46.91],[8.762,46.914],[8.767,46.921],[8.768,46.925],[8.779,46.925],[8.775,46.93],[8.778,46.933],[8.784,46.934],[8.784,46.936],[8.782,46.939],[8.778,46.941],[8.775,46.948],[8.779,46.949],[8.779,46.952],[8.784,46.954],[8.784,46.957],[8.789,46.959],[8.795,46.956],[8.802,46.955],[8.808,46.95],[8.808,46.947],[8.805,46.944],[8.801,46.943],[8.802,46.941],[8.798,46.936],[8.801,46.938],[8.811,46.938],[8.814,46.94],[8.817,46.938],[8.817,46.936],[8.814,46.934],[8.814,46.931],[8.821,46.936],[8.827,46.934],[8.827,46.929],[8.824,46.924],[8.827,46.922],[8.833,46.911],[8.827,46.907],[8.814,46.905],[8.813,46.902],[8.81,46.901],[8.81,46.898],[8.807,46.896],[8.82,46.902],[8.83,46.902],[8.833,46.904],[8.84,46.904],[8.843,46.906],[8.846,46.9],[8.853,46.899],[8.848,46.904],[8.853,46.906],[8.853,46.909],[8.856,46.911],[8.865,46.913],[8.87,46.918],[8.863,46.922],[8.857,46.923],[8.851,46.927],[8.857,46.929],[8.86,46.933],[8.853,46.938],[8.857,46.942],[8.858,46.947],[8.864,46.949],[8.864,46.951],[8.856,46.951],[8.851,46.949],[8.847,46.951],[8.851,46.954],[8.865,46.958],[8.871,46.962],[8.875,46.962],[8.877,46.964],[8.884,46.964],[8.879,46.967],[8.868,46.965],[8.865,46.967],[8.855,46.969],[8.853,46.972],[8.85,46.972],[8.851,46.969],[8.848,46.967],[8.845,46.968],[8.838,46.967],[8.835,46.97],[8.852,46.978],[8.85,46.981],[8.852,46.983],[8.859,46.983],[8.859,46.985],[8.862,46.987],[8.858,46.988],[8.857,46.99],[8.865,46.994],[8.865,46.997],[8.867,46.998],[8.865,47.001],[8.859,47.003],[8.862,47.005],[8.865,47.003],[8.869,47.004],[8.872,47.008],[8.876,47.01],[8.889,47.012],[8.905,47.018],[8.908,47.016],[8.908,47.013],[8.911,47.011],[8.911,47.009],[8.918,47.004],[8.928,47.0],[8.931,46.998],[8.931,46.995],[8.941,46.99],[8.955,46.997],[8.96,47.002],[8.959,47.004],[8.951,47.005],[8.944,47.004],[8.932,47.016],[8.938,47.017],[8.941,47.015],[8.945,47.015],[8.948,47.017],[8.952,47.015],[8.955,47.017],[8.958,47.014],[8.968,47.015],[8.974,47.013],[8.981,47.019],[8.988,47.02],[8.991,47.019],[8.996,47.021],[8.997,47.023],[8.999,47.021],[9.004,47.02],[9.011,47.021],[9.011,47.024],[9.014,47.025],[9.022,47.021],[9.03,47.021],[9.03,47.023],[9.027,47.026],[9.04,47.029],[9.047,47.027],[9.049,47.025],[9.047,47.023],[9.037,47.019],[9.03,47.014],[9.033,47.005],[9.026,47.0],[9.017,47.0],[9.015,46.999],[9.016,46.996],[9.01,46.996],[9.006,46.994],[9.006,46.985],[9.009,46.981],[9.006,46.979],[8.986,46.979],[8.983,46.977],[8.98,46.978],[8.973,46.974],[8.97,46.975],[8.969,46.972],[8.98,46.972],[8.983,46.97],[8.986,46.972],[8.989,46.97],[8.993,46.97],[8.996,46.967],[8.999,46.969],[9.001,46.967],[9.006,46.967],[9.009,46.965],[8.996,46.959],[8.984,46.959],[8.982,46.957],[8.976,46.959],[8.976,46.957],[8.974000000000002,46.955000000000005],[8.976,46.956],[8.978,46.954],[8.972999999999999,46.954],[8.969,46.95],[8.963,46.951],[8.959,46.948],[8.959,46.945],[8.956,46.943],[8.956,46.941],[8.959,46.936],[8.962,46.94],[8.964,46.939],[8.965,46.936],[8.969,46.936],[8.972,46.934],[8.971,46.932],[8.975,46.93],[8.974,46.927],[8.968,46.923],[8.965,46.925],[8.965,46.927],[8.962,46.925],[8.956,46.925],[8.957,46.923],[8.954,46.921],[8.955,46.919],[8.952,46.917],[8.947,46.919],[8.951,46.923],[8.948,46.923],[8.948,46.921],[8.945,46.919],[8.942,46.92],[8.935,46.919],[8.929,46.915],[8.922,46.915],[8.921,46.912],[8.912,46.91],[8.899,46.902],[8.896,46.904],[8.897,46.901],[8.892,46.9],[8.895,46.897],[8.892,46.895],[8.885,46.895],[8.884,46.892],[8.879,46.889],[8.879,46.886],[8.872,46.884],[8.871,46.879],[8.868,46.877],[8.871,46.875],[8.872,46.866],[8.872,46.87],[8.875,46.873],[8.882,46.875],[8.902,46.885],[8.911,46.885],[8.932,46.892],[8.941,46.898],[8.943,46.901],[8.958,46.902],[8.964,46.9],[8.967,46.898],[8.967,46.896],[8.958,46.89],[8.948,46.89],[8.933,46.885],[8.934,46.88],[8.953,46.88],[8.961,46.882],[8.963,46.88],[8.963,46.878],[8.957,46.876],[8.951,46.871],[8.947,46.872],[8.943,46.869],[8.954,46.869],[8.963,46.867],[8.966,46.864],[8.963,46.862],[8.956,46.862],[8.953,46.86],[8.948,46.851],[8.949,46.849],[8.946,46.847],[8.944,46.849],[8.94,46.849],[8.939,46.842],[8.936,46.841],[8.936,46.839],[8.952,46.833],[8.952,46.826],[8.956,46.824],[8.962,46.826],[8.966,46.825],[8.967,46.831],[8.966,46.837],[8.963,46.84],[8.97,46.844],[8.964,46.849],[8.97,46.851],[8.967,46.855],[8.983,46.864],[8.986,46.86],[8.999,46.853],[8.999,46.85],[9.007,46.848],[9.009,46.85],[9.011,46.848],[9.009,46.846],[9.009,46.841],[9.012,46.839],[9.008,46.838],[9.008,46.828],[9.012,46.831],[9.015,46.831],[9.016,46.846],[9.014,46.848],[9.016,46.85],[9.015,46.851],[9.012,46.849],[9.002,46.855],[9.0,46.857],[9.0,46.862],[8.992,46.871],[9.001,46.873],[8.997,46.88],[9.01,46.882],[9.01,46.887],[9.007,46.889],[9.021,46.893],[9.022,46.895],[9.014,46.9],[9.02,46.902],[9.02,46.909],[9.03,46.904],[9.03,46.9],[9.027,46.897],[9.029,46.895],[9.033,46.895],[9.042,46.89],[9.045,46.89],[9.046,46.893],[9.052,46.895],[9.053,46.9],[9.047,46.904],[9.05,46.908],[9.052,46.908],[9.045,46.913],[9.04,46.922],[9.034,46.926],[9.035,46.931],[9.038,46.932],[9.047,46.929],[9.058,46.928],[9.064,46.931],[9.064,46.933],[9.058,46.937],[9.061,46.939],[9.071,46.939],[9.071,46.942],[9.056,46.951],[9.061,46.958],[9.064085714285715,46.95542857142857],[9.065,46.96],[9.068,46.961],[9.07,46.96],[9.07,46.955],[9.068,46.953],[9.065500000000005,46.954249999999995],[9.067,46.953],[9.068,46.95],[9.071,46.952],[9.074,46.951],[9.077,46.946],[9.084,46.946],[9.088,46.95],[9.088,46.959],[9.091,46.961],[9.1,46.953],[9.097,46.95],[9.101,46.948],[9.104,46.952],[9.104,46.957],[9.107,46.959],[9.102,46.968],[9.104,46.97],[9.105,46.975],[9.109,46.977],[9.107,46.979],[9.108,46.987],[9.124,46.98],[9.127,46.977],[9.126,46.975],[9.132,46.975],[9.134,46.972],[9.14,46.97],[9.141,46.965],[9.144,46.965],[9.146,46.963],[9.143,46.961],[9.132,46.961],[9.127,46.957],[9.127,46.954],[9.133,46.953],[9.137,46.95],[9.143,46.95],[9.146,46.947],[9.143,46.945],[9.154,46.94],[9.146,46.939],[9.143,46.937],[9.142,46.934],[9.146,46.934],[9.152,46.929],[9.149,46.927],[9.142,46.925],[9.136,46.926],[9.134,46.921],[9.132,46.92],[9.119,46.924],[9.113,46.923],[9.116,46.919],[9.116,46.916],[9.119,46.916],[9.122,46.912],[9.117,46.91],[9.115,46.905],[9.117,46.901],[9.115,46.899],[9.102,46.903],[9.102,46.901],[9.099,46.899],[9.095,46.899],[9.092,46.895],[9.089,46.895],[9.089,46.89],[9.092,46.887],[9.115,46.887],[9.119,46.88],[9.118,46.878],[9.121,46.875],[9.125,46.873],[9.128,46.877],[9.131,46.873],[9.131,46.876],[9.128,46.878],[9.134,46.88],[9.135,46.891],[9.138,46.893],[9.145,46.893],[9.148,46.895],[9.151,46.893],[9.155,46.895],[9.155,46.9],[9.161,46.904],[9.167,46.907],[9.175,46.908],[9.178,46.911],[9.182,46.911],[9.183,46.909],[9.181,46.907],[9.181,46.902],[9.195,46.904],[9.198,46.906],[9.204,46.906],[9.204,46.908],[9.199,46.913],[9.197,46.917],[9.198,46.918],[9.211,46.921],[9.229,46.93],[9.231,46.933],[9.228,46.931],[9.221,46.931],[9.218,46.933],[9.212,46.933],[9.208,46.935],[9.205,46.934],[9.192,46.936],[9.19,46.938],[9.192,46.939],[9.193,46.942],[9.188,46.944],[9.192,46.947],[9.186,46.951],[9.189,46.953],[9.194,46.953],[9.206,46.957],[9.216,46.962],[9.22,46.962],[9.229,46.968],[9.233,46.969],[9.23,46.971],[9.231,46.973],[9.225,46.978],[9.234,46.98],[9.233,46.984],[9.228,46.987],[9.233,46.989],[9.233,46.991],[9.222,46.993],[9.221,46.996],[9.224,46.999],[9.23,46.995],[9.227,46.998],[9.23,47.002],[9.227,47.005],[9.228,47.007],[9.226,47.009],[9.217,47.009],[9.217,47.005],[9.214,47.001],[9.213,46.998],[9.216,46.996],[9.21,46.989],[9.21,46.986],[9.217,46.982],[9.216,46.98],[9.21,46.976],[9.207,46.978],[9.21,46.98],[9.206,46.98],[9.206,46.976],[9.2,46.974],[9.193,46.978],[9.193,46.983],[9.184,46.983],[9.182,46.985],[9.181,46.992],[9.176,46.996],[9.175,47.001],[9.178,47.004],[9.188,47.007],[9.194,47.013],[9.202,47.014],[9.198,47.021],[9.201,47.023],[9.2,47.028],[9.198,47.028],[9.197,47.019],[9.188,47.014],[9.172,47.015],[9.165,47.019],[9.165,47.022],[9.162,47.022],[9.159,47.025],[9.158,47.012],[9.155,47.01],[9.152,47.011],[9.151,47.008],[9.145,47.006],[9.135,47.013],[9.136,47.015],[9.129,47.015],[9.119,47.018],[9.117,47.02],[9.116,47.024],[9.119,47.031],[9.114,47.033],[9.115,47.038],[9.113,47.04],[9.117,47.045],[9.112,47.045],[9.11,47.042],[9.108,47.045],[9.098,47.047],[9.1,47.051],[9.104,47.053],[9.103,47.056],[9.105,47.058],[9.102,47.063],[9.107,47.065],[9.111,47.069],[9.107,47.067],[9.098,47.07],[9.114,47.076],[9.117,47.074],[9.116,47.072],[9.117,47.068],[9.124,47.07],[9.13,47.069],[9.131,47.074],[9.141,47.08],[9.141,47.085],[9.138,47.087],[9.142,47.089],[9.144,47.093],[9.149,47.089],[9.15,47.077],[9.161,47.082],[9.164,47.08],[9.167,47.081],[9.17,47.084],[9.18,47.088],[9.187,47.082],[9.186,47.079],[9.183,47.077],[9.174,47.078],[9.157,47.073],[9.154,47.069],[9.147,47.065],[9.144,47.067],[9.145,47.069],[9.14,47.069],[9.15,47.062],[9.17,47.07],[9.186,47.07],[9.189,47.068],[9.186,47.066],[9.185,47.059],[9.181,47.057],[9.183,47.054],[9.169,47.049],[9.162,47.044],[9.162,47.042],[9.176,47.046],[9.179,47.045],[9.189,47.05],[9.196,47.051],[9.202,47.049],[9.206,47.05],[9.206,47.053],[9.202,47.054],[9.213,47.059],[9.213,47.062],[9.21,47.063],[9.21,47.072],[9.207,47.075],[9.21,47.078],[9.213,47.079],[9.216,47.077],[9.214,47.079],[9.221,47.079],[9.225,47.077],[9.223,47.074],[9.23,47.081],[9.236,47.084],[9.238,47.081],[9.246,47.079],[9.253,47.082],[9.255,47.081],[9.255,47.078],[9.257,47.078],[9.257,47.081],[9.268,47.08],[9.272,47.082],[9.279,47.082],[9.282,47.08],[9.278,47.078],[9.279,47.076],[9.269,47.07],[9.266,47.071],[9.264,47.069],[9.265,47.067],[9.262,47.065],[9.254,47.063],[9.252,47.061],[9.248,47.061],[9.244,47.058],[9.246,47.054],[9.252,47.053],[9.254,47.051],[9.25,47.047],[9.251,47.042],[9.261,47.04],[9.263,47.036],[9.263,47.033],[9.257,47.031],[9.257,47.029],[9.26,47.027],[9.257,47.025],[9.257,47.022],[9.264,47.022],[9.274,47.026],[9.277,47.024],[9.284,47.028],[9.288,47.028],[9.288,47.031],[9.294,47.036],[9.294,47.04],[9.298,47.042],[9.296,47.046],[9.298,47.048],[9.301,47.048],[9.301,47.051],[9.318,47.058],[9.326,47.055],[9.324,47.053],[9.317,47.053],[9.31,47.048],[9.311,47.045],[9.321,47.045],[9.324,47.047],[9.33,47.046],[9.307,47.035],[9.31,47.03],[9.31,47.026],[9.32,47.033],[9.338,47.037],[9.34,47.034],[9.346,47.032],[9.341,47.03],[9.343,47.027],[9.352,47.023],[9.349,47.021],[9.333,47.021],[9.332,47.016],[9.336,47.014],[9.336,47.012],[9.329,47.006],[9.324,47.01],[9.316,47.013],[9.315,47.005],[9.296,47.002],[9.295,46.999],[9.299,46.997],[9.298,46.994],[9.279,46.986],[9.269,46.988],[9.266,46.99],[9.263,46.995],[9.267,46.999],[9.266,47.0],[9.263,46.998],[9.26,46.993],[9.256,46.993],[9.253,46.991],[9.256,46.986],[9.25,46.984],[9.253,46.982],[9.259,46.986],[9.262,46.986],[9.261,46.988],[9.263,46.99],[9.265,46.988],[9.264,46.984],[9.265,46.977],[9.259,46.973],[9.254,46.973],[9.252,46.971],[9.26,46.966],[9.261,46.961],[9.275,46.963],[9.273,46.966],[9.275,46.967],[9.285,46.968],[9.288,46.97],[9.295,46.97],[9.298,46.972],[9.301,46.97],[9.298,46.962],[9.309,46.963],[9.315,46.965],[9.315,46.972],[9.313,46.974],[9.318,46.979],[9.325,46.978],[9.319,46.976],[9.321,46.976],[9.325,46.972],[9.331,46.974],[9.332,46.976],[9.33,46.978],[9.331,46.981],[9.338,46.978],[9.337,46.976],[9.341,46.974],[9.343,46.971],[9.341,46.969],[9.35,46.962],[9.344,46.961],[9.34,46.962],[9.344,46.959],[9.35,46.958],[9.36,46.96],[9.367,46.966],[9.367,46.969],[9.364,46.967],[9.361,46.969],[9.365,46.973],[9.363,46.975],[9.365,46.982],[9.362,46.984],[9.365,46.986],[9.377,46.98],[9.384,46.983],[9.385,46.984],[9.381,46.986],[9.381,46.991],[9.379,46.993],[9.381,46.995],[9.385,46.995],[9.385,47.002],[9.389,47.006],[9.389,47.009],[9.392,47.01],[9.404,47.006],[9.404,46.999],[9.411,46.997],[9.42,46.99],[9.427,46.99],[9.434,46.996],[9.444,46.996],[9.446,46.994],[9.457,46.992],[9.459,46.99],[9.457,46.986],[9.445,46.981],[9.44,46.977],[9.437,46.979],[9.433,46.979],[9.43,46.977],[9.423,46.976],[9.423,46.972],[9.42,46.97],[9.413,46.97],[9.413,46.968],[9.409,46.966],[9.409,46.963],[9.42,46.963],[9.427,46.959],[9.425,46.956],[9.426,46.955],[9.429,46.958],[9.433,46.958],[9.438,46.956],[9.436,46.954],[9.439,46.955],[9.442,46.953],[9.449,46.953],[9.45,46.951],[9.445,46.943],[9.439,46.947],[9.432,46.948],[9.429,46.948],[9.425,46.945],[9.419,46.945],[9.418,46.943],[9.419,46.942],[9.423,46.941],[9.425,46.938],[9.432,46.936],[9.434,46.934],[9.432,46.932],[9.425,46.93],[9.415,46.931],[9.408,46.928],[9.402,46.936],[9.396,46.935],[9.394,46.934],[9.395,46.925],[9.388,46.921],[9.385,46.924],[9.382,46.922],[9.375,46.924],[9.373,46.928],[9.363,46.933],[9.364,46.935],[9.353,46.933],[9.348,46.935],[9.346,46.938],[9.34,46.936],[9.337,46.938],[9.333,46.938],[9.33,46.936],[9.327,46.939],[9.32,46.934],[9.31,46.935],[9.3,46.932],[9.293,46.927],[9.282,46.925],[9.306,46.923],[9.336,46.923],[9.346,46.919],[9.348,46.917],[9.345,46.915],[9.352,46.918],[9.356,46.918],[9.364,46.915],[9.365,46.912],[9.372,46.912],[9.375,46.909],[9.392,46.91],[9.398,46.907],[9.408,46.907],[9.41,46.905],[9.404,46.901],[9.39,46.903],[9.388,46.901],[9.384,46.901],[9.384,46.899],[9.377,46.894],[9.384,46.894],[9.397,46.889],[9.384,46.887],[9.381,46.888],[9.377,46.886],[9.377,46.881],[9.373,46.879],[9.375,46.876],[9.374,46.875],[9.367,46.877],[9.37,46.874],[9.37,46.872],[9.367,46.869],[9.37,46.867],[9.362,46.861],[9.363,46.858],[9.357,46.857],[9.351,46.863],[9.344,46.863],[9.338,46.868],[9.334,46.869],[9.33,46.875],[9.324,46.875],[9.321,46.881],[9.321,46.877],[9.318,46.873],[9.315,46.877],[9.311,46.879],[9.308,46.884],[9.302,46.887],[9.298,46.887],[9.295,46.88],[9.302,46.873],[9.301,46.866],[9.304,46.864],[9.304,46.862],[9.308,46.861],[9.313,46.857],[9.311,46.856],[9.304,46.856],[9.301,46.858],[9.294,46.856],[9.29,46.857],[9.288,46.859],[9.281,46.86],[9.278,46.865],[9.269,46.87],[9.252,46.871],[9.251,46.869],[9.241,46.865],[9.241,46.86],[9.244,46.856],[9.242,46.854],[9.222,46.855],[9.206,46.852],[9.222,46.846],[9.225,46.843],[9.228,46.843],[9.227,46.84],[9.215,46.833],[9.212,46.835],[9.205,46.835],[9.199,46.838],[9.196,46.836],[9.2,46.832],[9.198,46.83],[9.191,46.83],[9.185,46.825],[9.181,46.825],[9.176,46.828],[9.177,46.83],[9.172,46.839],[9.166,46.841],[9.156,46.841],[9.153,46.844],[9.157,46.848],[9.156,46.849],[9.153,46.848],[9.153,46.846],[9.148,46.842],[9.161,46.83],[9.158,46.823],[9.154,46.821],[9.154,46.817],[9.152,46.815],[9.146,46.818],[9.131,46.819],[9.133,46.826],[9.125,46.833],[9.125,46.835],[9.129,46.837],[9.129,46.84],[9.127,46.842],[9.12,46.843],[9.117,46.835],[9.112,46.835],[9.107,46.843],[9.087,46.843],[9.085,46.84],[9.086,46.838],[9.092,46.836],[9.096,46.831],[9.1,46.829],[9.1,46.827],[9.097,46.824],[9.087,46.821],[9.08,46.823],[9.073,46.819],[9.072,46.818],[9.073,46.815],[9.077,46.813],[9.078,46.811],[9.076,46.81],[9.076,46.808],[9.078,46.807],[9.07,46.8],[9.063,46.798],[9.055,46.802],[9.051,46.807],[9.045,46.809],[9.047,46.813],[9.04,46.814],[9.027,46.814],[9.021,46.811],[9.018,46.812],[9.011,46.808],[9.001,46.808],[8.998,46.806],[8.994,46.806],[8.994,46.801],[8.996,46.801],[9.001,46.803],[9.004,46.802],[9.007,46.804],[9.027,46.809],[9.031,46.807],[9.034,46.802],[9.04,46.8],[9.041,46.798],[9.039,46.796],[9.04,46.789],[9.027,46.785],[9.02,46.785],[9.022,46.783],[9.02,46.782],[9.013,46.781],[9.009,46.783],[9.006,46.781],[9.005,46.778],[9.0,46.776],[8.979,46.777],[8.977,46.775],[8.974,46.777],[8.974,46.78],[8.964,46.782],[8.959,46.779],[8.954,46.772],[8.964,46.767],[8.966,46.765],[8.964,46.763],[8.954,46.761],[8.949,46.766],[8.944,46.767],[8.94,46.761],[8.931,46.758],[8.928,46.755],[8.924,46.755],[8.921,46.753],[8.914,46.757],[8.919,46.753],[8.919,46.75],[8.914,46.749],[8.909,46.75],[8.906,46.753],[8.906,46.757],[8.903,46.76],[8.902,46.764],[8.896,46.766],[8.896,46.769],[8.888,46.769],[8.887,46.771],[8.89,46.778],[8.894,46.78],[8.885,46.78],[8.879,46.776],[8.876,46.78],[8.875,46.778],[8.877,46.776],[8.876,46.774],[8.869,46.77],[8.856,46.775],[8.856,46.773],[8.859,46.771],[8.855,46.767],[8.856,46.765],[8.859,46.763],[8.86,46.765],[8.863,46.765],[8.865,46.762],[8.871,46.76],[8.872,46.758],[8.876,46.758],[8.881,46.755],[8.882,46.742],[8.88,46.737],[8.878,46.736],[8.872,46.74],[8.868,46.74],[8.865,46.738],[8.865,46.734],[8.869,46.731],[8.865,46.729],[8.863,46.731],[8.858,46.731],[8.852,46.734],[8.85,46.731],[8.851,46.726],[8.845,46.722],[8.838,46.722],[8.832,46.725],[8.827,46.722],[8.825,46.718],[8.82,46.72],[8.809,46.721],[8.808,46.718],[8.812,46.713],[8.811,46.711],[8.789,46.705],[8.788,46.702],[8.797,46.7],[8.792,46.698],[8.785,46.698],[8.779,46.701],[8.772,46.7],[8.766,46.707],[8.763,46.706],[8.759,46.708],[8.757,46.703],[8.758,46.701],[8.756,46.699],[8.756,46.694],[8.753,46.692],[8.743,46.69],[8.74,46.695],[8.73,46.698],[8.729,46.696],[8.732,46.687],[8.726,46.682],[8.72,46.681],[8.713,46.686],[8.71,46.684],[8.707,46.686],[8.703,46.686],[8.703,46.684],[8.706,46.681],[8.706,46.677],[8.708,46.676],[8.706,46.675],[8.706,46.672],[8.713,46.672],[8.715,46.67],[8.703,46.664],[8.696,46.664],[8.695,46.665],[8.698,46.67],[8.692,46.672],[8.69,46.67],[8.687,46.67],[8.686,46.668],[8.692,46.661],[8.692,46.659],[8.69,46.657],[8.683,46.657],[8.677,46.659],[8.675,46.657],[8.676,46.654],[8.673,46.651],[8.671,46.645],[8.673,46.643],[8.676,46.647],[8.686,46.641],[8.699,46.648],[8.701,46.647],[8.701,46.643],[8.707,46.638],[8.705,46.634],[8.702,46.632],[8.696,46.632],[8.692,46.63],[8.692,46.625],[8.695,46.627],[8.705,46.627],[8.711,46.62],[8.711,46.613],[8.719,46.62],[8.722,46.625],[8.719,46.634],[8.72,46.638],[8.719,46.643],[8.716,46.645],[8.716,46.647],[8.722,46.651],[8.733,46.651],[8.735,46.654],[8.739,46.653],[8.739,46.656],[8.742,46.658],[8.745,46.655],[8.747,46.656],[8.748,46.659],[8.758,46.664],[8.761,46.662],[8.754,46.653],[8.754,46.649],[8.756,46.647],[8.751,46.645],[8.747,46.64],[8.753,46.64],[8.754,46.633],[8.752,46.629],[8.754,46.624],[8.751,46.622],[8.752,46.617],[8.75,46.615],[8.751,46.611],[8.751,46.613],[8.756,46.617],[8.757,46.623],[8.764,46.622],[8.767,46.626],[8.772,46.635],[8.771,46.639],[8.768,46.64],[8.782,46.649],[8.782,46.653],[8.788,46.663],[8.789,46.66],[8.797,46.657],[8.797,46.65],[8.799,46.648],[8.81,46.649],[8.811,46.657],[8.814,46.661],[8.817,46.658],[8.824,46.66],[8.826,46.657],[8.826,46.653],[8.827,46.652],[8.83,46.654],[8.832,46.652],[8.83,46.65],[8.83,46.645],[8.825,46.644],[8.822,46.641],[8.813,46.637],[8.812,46.635],[8.813,46.632],[8.816,46.63],[8.807,46.628],[8.809,46.626],[8.809,46.619],[8.806,46.617],[8.806,46.615],[8.809,46.612],[8.803,46.604],[8.792,46.603],[8.795,46.597],[8.792,46.592],[8.792,46.588],[8.789,46.586],[8.782,46.586],[8.78,46.583],[8.783,46.583],[8.787,46.579],[8.782,46.576],[8.775,46.565],[8.779,46.566],[8.782,46.569],[8.789,46.57],[8.792,46.567],[8.792,46.558],[8.796,46.556],[8.792,46.552],[8.798,46.549],[8.799,46.547],[8.797,46.543],[8.804,46.541],[8.807,46.538],[8.804,46.536],[8.81,46.534],[8.807,46.531],[8.811,46.533],[8.812,46.531],[8.82,46.531],[8.836,46.524],[8.836,46.522],[8.842,46.517],[8.846,46.518],[8.851,46.515],[8.849,46.513],[8.857,46.513],[8.864,46.508],[8.869,46.507],[8.882,46.509],[8.888,46.508],[8.891,46.51],[8.904,46.508],[8.895,46.504],[8.885,46.504],[8.881,46.501],[8.883,46.499],[8.881,46.498],[8.875,46.499],[8.872,46.498],[8.871,46.497],[8.874,46.495],[8.874,46.492],[8.871,46.49],[8.868,46.491],[8.862,46.489],[8.86,46.49],[8.862,46.491],[8.862,46.495],[8.859,46.5],[8.853,46.504],[8.849,46.504],[8.843,46.509],[8.839,46.509],[8.837,46.511],[8.833,46.511],[8.83,46.513],[8.823,46.513],[8.817,46.511],[8.809,46.513],[8.801,46.518],[8.79,46.518],[8.784,46.514],[8.778,46.516],[8.768,46.515],[8.748,46.521],[8.738,46.53],[8.727,46.532],[8.719,46.531],[8.716,46.533],[8.7,46.533],[8.695,46.535],[8.698,46.537],[8.694,46.539],[8.697,46.541],[8.703,46.541],[8.707,46.543],[8.71,46.542],[8.711,46.546],[8.705,46.548],[8.707,46.55],[8.713,46.55],[8.717,46.553],[8.723,46.549],[8.733,46.547],[8.749,46.547],[8.753,46.55],[8.733,46.549],[8.732,46.55],[8.733,46.553],[8.723,46.555],[8.713,46.56],[8.71,46.558],[8.704,46.558],[8.696,46.553],[8.694,46.549],[8.69,46.547],[8.681,46.547],[8.673,46.544],[8.667,46.54],[8.67,46.537],[8.67,46.535],[8.667,46.533],[8.664,46.534],[8.662,46.535],[8.661,46.54],[8.655,46.544],[8.661,46.546],[8.662,46.549],[8.659,46.551],[8.658,46.556],[8.665,46.559],[8.675,46.568],[8.661,46.569],[8.652,46.563],[8.649,46.565],[8.645,46.565],[8.644,46.56],[8.64,46.558],[8.638,46.554],[8.636,46.556],[8.624,46.556],[8.622,46.552],[8.619,46.552],[8.615,46.549],[8.612,46.55],[8.609,46.548],[8.601,46.547],[8.599,46.543],[8.589,46.545],[8.586,46.55],[8.583,46.548],[8.566,46.548],[8.564,46.55],[8.567,46.552],[8.563,46.552],[8.56,46.549],[8.563,46.549],[8.566,46.543],[8.574,46.538],[8.566,46.537],[8.56,46.532],[8.545,46.532],[8.537,46.528],[8.534,46.53],[8.53,46.53],[8.527,46.526],[8.514,46.526],[8.512,46.519],[8.507,46.517],[8.505,46.519],[8.502,46.519],[8.499,46.517],[8.5,46.514],[8.494,46.51],[8.488,46.512],[8.483,46.508],[8.477,46.506],[8.476,46.503],[8.471,46.501],[8.468,46.496],[8.465,46.499],[8.461,46.497],[8.465,46.494],[8.461,46.493],[8.456,46.486],[8.451,46.485],[8.448,46.479],[8.444,46.479],[8.441,46.477],[8.433,46.477],[8.451,46.474],[8.458,46.478],[8.474,46.48],[8.49,46.489],[8.493,46.487],[8.497,46.489],[8.503,46.486],[8.51,46.486],[8.507,46.492],[8.513,46.497],[8.517,46.498],[8.521,46.496],[8.519,46.498],[8.52,46.499],[8.533,46.503],[8.543,46.496],[8.546,46.499],[8.549,46.497],[8.55,46.498],[8.548,46.505],[8.549,46.506],[8.556,46.509],[8.559,46.504],[8.569,46.505],[8.576,46.513],[8.581,46.509],[8.585,46.509],[8.585,46.511],[8.589,46.513],[8.598,46.513],[8.605,46.51],[8.612,46.511],[8.615,46.513],[8.618,46.511],[8.618,46.506],[8.624,46.504],[8.627,46.5],[8.634,46.5],[8.637,46.503],[8.653,46.495],[8.657,46.499],[8.66,46.5],[8.663,46.498],[8.666,46.5],[8.679,46.495],[8.679,46.49],[8.689,46.493],[8.705,46.494],[8.712,46.487],[8.708,46.486],[8.705,46.483],[8.705,46.48],[8.718,46.476],[8.725,46.476],[8.727,46.474],[8.727,46.469],[8.729,46.467],[8.731,46.467],[8.737,46.462],[8.744,46.463],[8.747,46.46],[8.744,46.458],[8.73,46.458],[8.733,46.456],[8.733,46.453],[8.729,46.451],[8.730500000000001,46.4495],[8.734,46.453],[8.74,46.449],[8.737,46.447],[8.731400000000002,46.4486],[8.736,46.444],[8.743,46.442],[8.746,46.439],[8.75,46.439],[8.756,46.443],[8.769,46.441],[8.786,46.446],[8.789,46.441],[8.799,46.441],[8.801,46.439],[8.798,46.438],[8.795,46.435],[8.795,46.432],[8.792,46.431],[8.791,46.428],[8.788,46.426],[8.772,46.422],[8.769,46.418],[8.759,46.419],[8.756,46.417],[8.758,46.415],[8.762,46.415],[8.768,46.409],[8.777,46.406],[8.78,46.403],[8.788,46.403],[8.791,46.405],[8.794,46.403],[8.791,46.397],[8.788,46.395],[8.775,46.395],[8.771,46.397],[8.765,46.395],[8.762,46.398],[8.749,46.397],[8.745,46.399],[8.743,46.402],[8.741,46.402],[8.739,46.399],[8.735,46.397],[8.732,46.391],[8.734,46.39],[8.739,46.392],[8.745,46.383],[8.752,46.383],[8.754,46.379],[8.761,46.374],[8.764,46.378],[8.781,46.379],[8.783,46.376],[8.771,46.368],[8.764,46.368],[8.755,46.371],[8.742,46.37],[8.732,46.375],[8.729,46.371],[8.71,46.382],[8.71,46.384],[8.717,46.386],[8.719,46.388],[8.723,46.388],[8.723,46.391],[8.719,46.391],[8.71,46.395],[8.71,46.397],[8.713,46.4],[8.726,46.399],[8.728,46.402],[8.72,46.406],[8.718,46.409],[8.723,46.41],[8.729,46.408],[8.732,46.411],[8.727,46.415],[8.727,46.418],[8.725,46.42],[8.727,46.423],[8.723,46.422],[8.72,46.424],[8.714,46.423],[8.71,46.425],[8.704,46.425],[8.703,46.42],[8.694,46.413],[8.691,46.416],[8.687,46.414],[8.69,46.411],[8.687,46.409],[8.677,46.409],[8.671,46.414],[8.671,46.416],[8.674,46.418],[8.678,46.418],[8.675,46.423],[8.681,46.423],[8.681,46.425],[8.685,46.427],[8.684,46.429],[8.686,46.438],[8.685,46.441],[8.682,46.443],[8.68,46.45],[8.682,46.45],[8.685,46.456],[8.694,46.461],[8.691,46.465],[8.699,46.467],[8.698,46.468],[8.688,46.47],[8.679,46.467],[8.672,46.471],[8.666,46.469],[8.66,46.472],[8.66,46.475],[8.663,46.476],[8.662,46.479],[8.659,46.479],[8.659,46.477],[8.656,46.475],[8.65,46.482],[8.63,46.486],[8.621,46.493],[8.604,46.497],[8.604,46.495],[8.598,46.493],[8.591,46.491],[8.588,46.492],[8.587,46.489],[8.594,46.486],[8.594,46.484],[8.598,46.486],[8.604,46.486],[8.611,46.484],[8.614,46.482],[8.61,46.48],[8.61,46.475],[8.617,46.479],[8.627,46.477],[8.629,46.475],[8.623,46.468],[8.623,46.465],[8.627,46.465],[8.633,46.469],[8.638,46.466],[8.636,46.465],[8.636,46.463],[8.643,46.463],[8.645,46.461],[8.644,46.457],[8.641,46.454],[8.645,46.452],[8.642,46.448],[8.632,46.448],[8.632,46.441],[8.635,46.439],[8.632,46.437],[8.632,46.434],[8.641,46.432],[8.632,46.426],[8.628,46.428],[8.626,46.426],[8.619,46.434],[8.61,46.435],[8.607,46.437],[8.61,46.44],[8.61,46.442],[8.606,46.444],[8.61,46.448],[8.61,46.45],[8.607,46.451],[8.604,46.455],[8.6,46.455],[8.597,46.458],[8.591,46.46],[8.581,46.458],[8.578,46.453],[8.574,46.453],[8.573,46.448],[8.585,46.451],[8.59,46.448],[8.587,46.447],[8.584,46.439],[8.57,46.437],[8.567,46.434],[8.577,46.431],[8.577,46.428],[8.583,46.426],[8.58,46.422],[8.582,46.419],[8.576,46.417],[8.576,46.412],[8.591,46.406],[8.589,46.403],[8.585,46.401],[8.586,46.4],[8.593,46.396],[8.599,46.397],[8.606,46.395],[8.608,46.399],[8.615,46.4],[8.618,46.398],[8.618,46.396],[8.615,46.394],[8.618,46.391],[8.63,46.385],[8.627,46.38],[8.615,46.378],[8.609,46.383],[8.605,46.383],[8.602,46.381],[8.599,46.383],[8.599,46.38],[8.592,46.379],[8.58,46.388],[8.573,46.388],[8.567,46.392],[8.57,46.394],[8.571,46.399],[8.573,46.401],[8.578,46.401],[8.571,46.403],[8.57,46.406],[8.567,46.408],[8.557,46.408],[8.551,46.41],[8.551,46.413],[8.554,46.415],[8.554,46.418],[8.551,46.421],[8.535,46.424],[8.532,46.426],[8.535,46.428],[8.535,46.433],[8.519,46.438],[8.509,46.444],[8.509,46.438],[8.512,46.436],[8.511,46.433],[8.515,46.431],[8.505,46.425],[8.505,46.422],[8.501,46.418],[8.503,46.415],[8.501,46.413],[8.492,46.411],[8.491,46.409],[8.497,46.406],[8.494,46.404],[8.495,46.399],[8.511,46.402],[8.517,46.399],[8.511,46.395],[8.511,46.393],[8.519,46.39],[8.507,46.386],[8.509,46.384],[8.508,46.382],[8.51,46.379],[8.514,46.377],[8.511,46.375],[8.513,46.373],[8.511,46.371],[8.508,46.371],[8.495,46.38],[8.488,46.378],[8.496,46.373],[8.488,46.369],[8.488,46.366],[8.485,46.364],[8.477,46.362],[8.484,46.359],[8.484,46.355],[8.488,46.355],[8.491,46.352],[8.5,46.348],[8.504,46.348],[8.507,46.35],[8.51,46.348],[8.523,46.348],[8.524,46.35],[8.527,46.351],[8.536,46.35],[8.54,46.354],[8.543,46.354],[8.549,46.35],[8.549,46.347],[8.554,46.343],[8.562,46.343],[8.565,46.341],[8.566,46.338],[8.575,46.335],[8.576,46.334],[8.575,46.333],[8.568,46.332],[8.565,46.329],[8.559,46.329],[8.55,46.336],[8.543,46.337],[8.533,46.335],[8.526,46.33],[8.507,46.335],[8.504,46.333],[8.494,46.331],[8.483,46.335],[8.474,46.328],[8.468,46.326],[8.464,46.327],[8.464,46.325],[8.468,46.322],[8.468,46.319],[8.463,46.317],[8.461,46.315],[8.46,46.31],[8.457,46.308],[8.458,46.306],[8.461,46.305],[8.48,46.309],[8.484,46.309],[8.484,46.307],[8.474,46.302],[8.463,46.299],[8.46,46.297],[8.46,46.294],[8.457,46.291],[8.453,46.294],[8.452,46.297],[8.444,46.297],[8.446,46.294],[8.441,46.293],[8.435,46.289],[8.428,46.295],[8.429,46.297],[8.425,46.299],[8.432,46.303],[8.435,46.303],[8.435,46.306],[8.439,46.308],[8.445,46.319],[8.458,46.332],[8.459,46.339],[8.462,46.341],[8.462,46.353],[8.459,46.355],[8.465,46.362],[8.466,46.368],[8.462,46.371],[8.462,46.38],[8.459,46.382],[8.459,46.391],[8.466,46.395],[8.466,46.398],[8.463,46.4],[8.463,46.409],[8.466,46.411],[8.466,46.414],[8.46,46.418],[8.46,46.42],[8.457,46.423],[8.457,46.427],[8.454,46.429],[8.454,46.438],[8.457,46.44],[8.457,46.445],[8.46,46.447],[8.46,46.45],[8.454,46.454],[8.454,46.456],[8.451,46.459],[8.444,46.463],[8.434,46.463],[8.431,46.461],[8.405,46.459],[8.395,46.452],[8.389,46.45],[8.366,46.45],[8.353,46.442],[8.35,46.442],[8.33,46.428],[8.326,46.428],[8.317,46.424],[8.307,46.424],[8.304,46.422],[8.304,46.419],[8.297,46.415],[8.294,46.408],[8.303,46.408],[8.31,46.406],[8.313,46.403],[8.313,46.399],[8.316,46.397],[8.316,46.381],[8.306,46.374],[8.293,46.37],[8.283,46.363],[8.277,46.363],[8.274,46.366],[8.267,46.366],[8.26,46.361],[8.26,46.354],[8.263,46.352],[8.263,46.348],[8.26,46.345],[8.251,46.346],[8.25,46.343],[8.244,46.339],[8.231,46.339],[8.228,46.337],[8.228,46.334],[8.221,46.33],[8.221,46.325],[8.218,46.323],[8.218,46.319],[8.214,46.317],[8.214,46.31],[8.211,46.308],[8.178,46.297],[8.172,46.297],[8.169,46.294],[8.162,46.294],[8.159,46.297],[8.152,46.297],[8.149,46.299],[8.136,46.301],[8.126,46.295],[8.123,46.295],[8.123,46.292],[8.12,46.29],[8.12,46.288],[8.094,46.27],[8.087,46.266],[8.084,46.266],[8.081,46.263],[8.081,46.261],[8.087,46.257],[8.097,46.256],[8.103,46.252],[8.11,46.25],[8.11,46.247],[8.113,46.245],[8.113,46.241],[8.116,46.238],[8.129,46.229],[8.139,46.227],[8.142,46.225],[8.141,46.22],[8.138,46.218],[8.142,46.22],[8.144,46.218],[8.144,46.211],[8.139,46.211],[8.132,46.216],[8.122,46.216],[8.116,46.221],[8.113,46.219],[8.096,46.219],[8.093,46.222],[8.09,46.219],[8.092,46.214],[8.093,46.213],[8.096,46.215],[8.099,46.212],[8.095,46.205],[8.093,46.204],[8.094,46.2],[8.09,46.198],[8.058,46.214],[8.061,46.216],[8.058,46.219],[8.058,46.221],[8.053,46.223],[8.054,46.228],[8.051,46.226],[8.04,46.232],[8.035,46.23],[8.028,46.231],[8.025,46.23],[8.02,46.232],[8.019,46.234],[8.025,46.241],[8.024,46.243],[8.025,46.245],[8.032,46.246],[8.034,46.248],[8.032,46.25],[8.038,46.254],[8.043,46.252],[8.05,46.252],[8.055,46.254],[8.055,46.257],[8.052,46.259],[8.055,46.262],[8.052,46.264],[8.048,46.264],[8.046,46.266],[8.046,46.273],[8.048,46.275],[8.058,46.279],[8.062,46.279],[8.063,46.284],[8.062,46.286],[8.065,46.289],[8.072,46.286],[8.081,46.29],[8.088,46.286],[8.091,46.292],[8.089,46.295],[8.085,46.297],[8.091,46.301],[8.092,46.304],[8.086,46.304],[8.081,46.302],[8.074,46.308],[8.081,46.315],[8.068,46.315],[8.068,46.313],[8.065,46.31],[8.056,46.313],[8.06,46.317],[8.059,46.321],[8.055,46.322],[8.053,46.326],[8.055,46.329],[8.062,46.329],[8.065,46.331],[8.068,46.33],[8.069,46.34],[8.072,46.342],[8.078,46.339],[8.082,46.339],[8.085,46.342],[8.085,46.345],[8.082,46.347],[8.082,46.349],[8.088,46.351],[8.095,46.349],[8.094,46.351],[8.095,46.353],[8.098,46.355],[8.104,46.351],[8.108,46.352],[8.114,46.349],[8.117,46.35],[8.118,46.355],[8.124,46.362],[8.144,46.366],[8.15,46.362],[8.146,46.36],[8.147,46.357],[8.151,46.357],[8.153,46.359],[8.156,46.357],[8.156,46.351],[8.153,46.349],[8.151,46.351],[8.146,46.351],[8.14,46.349],[8.138,46.344],[8.133,46.342],[8.136,46.339],[8.129,46.335],[8.13,46.333],[8.137,46.335],[8.15,46.343],[8.161,46.339],[8.159,46.338],[8.159,46.335],[8.153,46.331],[8.153,46.329],[8.159,46.332],[8.161,46.33],[8.166,46.331],[8.17,46.33],[8.17,46.333],[8.179,46.336],[8.185,46.332],[8.185,46.33],[8.189,46.328],[8.192,46.329],[8.196,46.332],[8.192,46.335],[8.192,46.339],[8.199,46.343],[8.205,46.344],[8.199,46.344],[8.189,46.348],[8.19,46.355],[8.195,46.356],[8.199,46.361],[8.205,46.361],[8.209,46.363],[8.211,46.359],[8.216,46.357],[8.218,46.361],[8.224,46.361],[8.228,46.368],[8.236,46.37],[8.238,46.371],[8.238,46.373],[8.248,46.374],[8.25,46.377],[8.254,46.377],[8.261,46.38],[8.248,46.38],[8.245,46.382],[8.241,46.382],[8.238,46.38],[8.225,46.378],[8.219,46.382],[8.222,46.388],[8.215,46.386],[8.206,46.386],[8.202,46.382],[8.196,46.384],[8.186,46.38],[8.184,46.382],[8.177,46.384],[8.177,46.389],[8.18,46.391],[8.186,46.39],[8.195,46.393],[8.219,46.404],[8.219,46.406],[8.216,46.407],[8.203,46.402],[8.186,46.4],[8.18,46.407],[8.187,46.409],[8.187,46.411],[8.19,46.413],[8.196,46.413],[8.197,46.416],[8.194,46.418],[8.196,46.419],[8.206,46.419],[8.207,46.424],[8.209,46.426],[8.212,46.424],[8.216,46.424],[8.217,46.427],[8.216,46.429],[8.219,46.433],[8.227,46.433],[8.227,46.436],[8.232,46.44],[8.239,46.437],[8.246,46.44],[8.24,46.447],[8.242,46.449],[8.246,46.448],[8.252,46.451],[8.265,46.44],[8.264,46.438],[8.266,46.435],[8.275,46.43],[8.281,46.43],[8.291,46.435],[8.283,46.437],[8.288,46.439],[8.288,46.442],[8.275,46.451],[8.269,46.458],[8.269,46.46],[8.272,46.462],[8.275,46.459],[8.279,46.46],[8.28,46.462],[8.278,46.467],[8.275,46.469],[8.282,46.473],[8.29,46.469],[8.298,46.462],[8.305,46.462],[8.304,46.469],[8.295,46.476],[8.295,46.479],[8.293,46.48],[8.295,46.483],[8.298,46.482],[8.301,46.487],[8.308,46.486],[8.321,46.495],[8.324,46.496],[8.331,46.492],[8.333,46.493],[8.333,46.496],[8.337,46.497],[8.34,46.495],[8.344,46.495],[8.353,46.489],[8.352,46.486],[8.366,46.48],[8.366,46.478],[8.37,46.479],[8.373,46.477],[8.373,46.482],[8.37,46.484],[8.37,46.486],[8.373,46.489],[8.37,46.489],[8.365,46.493],[8.367,46.494],[8.367,46.496],[8.36,46.497],[8.36,46.5],[8.352,46.502],[8.351,46.505],[8.344,46.505],[8.341,46.509],[8.344,46.513],[8.348,46.513],[8.348,46.516],[8.351,46.519],[8.357,46.52],[8.359,46.525],[8.361,46.526],[8.37,46.524],[8.38,46.517],[8.387,46.517],[8.39,46.515],[8.39,46.518],[8.387,46.522],[8.393,46.524],[8.409,46.517],[8.413,46.516],[8.419,46.517],[8.423,46.515],[8.423,46.52],[8.42,46.522],[8.416,46.522],[8.414,46.524],[8.414,46.529],[8.406,46.529],[8.404,46.531],[8.4,46.531],[8.393,46.536],[8.391,46.54],[8.387,46.539],[8.381,46.542],[8.377,46.542],[8.374,46.547],[8.374,46.55],[8.381,46.556],[8.365,46.556],[8.356,46.561],[8.365,46.566],[8.379,46.569],[8.394,46.576],[8.384,46.576],[8.381,46.579],[8.375,46.577],[8.371,46.579],[8.368,46.576],[8.361,46.574],[8.358,46.57],[8.358,46.567],[8.348,46.563],[8.354,46.556],[8.35,46.549],[8.337,46.545],[8.332,46.541],[8.325,46.539],[8.322,46.534],[8.315,46.534],[8.309,46.539],[8.302,46.539],[8.304,46.536],[8.311,46.532],[8.311,46.527],[8.302,46.525],[8.299,46.527],[8.289,46.528],[8.287,46.527],[8.292,46.523],[8.292,46.521],[8.289,46.518],[8.279,46.525],[8.279,46.516],[8.281,46.514],[8.279,46.513],[8.273,46.514],[8.266,46.519],[8.26,46.519],[8.263,46.516],[8.263,46.511],[8.266,46.507],[8.263,46.505],[8.254,46.507],[8.253,46.51],[8.238,46.521],[8.227,46.521],[8.227,46.519],[8.23,46.517],[8.23,46.515],[8.239,46.505],[8.24,46.501],[8.245,46.496],[8.244,46.494],[8.24,46.494],[8.227,46.487],[8.217,46.493],[8.214,46.49],[8.21,46.492],[8.21,46.487],[8.215,46.483],[8.216,46.478],[8.21,46.474],[8.205,46.476],[8.204,46.479],[8.198,46.483],[8.188,46.487],[8.187,46.479],[8.193,46.474],[8.192,46.47],[8.194,46.467],[8.187,46.464],[8.187,46.461],[8.184,46.459],[8.175,46.458],[8.18,46.452],[8.177,46.45],[8.171,46.45],[8.167,46.447],[8.161,46.446],[8.158,46.45],[8.154,46.451],[8.155,46.454],[8.151,46.454],[8.145,46.459],[8.145,46.461],[8.142,46.464],[8.135,46.466],[8.133,46.468],[8.138,46.472],[8.139,46.476],[8.137,46.477],[8.139,46.478],[8.139,46.481],[8.142,46.483],[8.142,46.486],[8.139,46.486],[8.141,46.483],[8.138,46.481],[8.138,46.479],[8.132,46.475],[8.122,46.474],[8.122,46.47],[8.119,46.465],[8.124,46.459],[8.118,46.454],[8.118,46.452],[8.121,46.45],[8.122,46.445],[8.113,46.436],[8.118,46.434],[8.118,46.432],[8.112,46.428],[8.109,46.428],[8.108,46.425],[8.11,46.423],[8.101,46.416],[8.102,46.414],[8.097,46.412],[8.096,46.409],[8.089,46.405],[8.084,46.405],[8.085,46.401],[8.079,46.397],[8.075,46.398],[8.076,46.401],[8.074,46.405],[8.08,46.412],[8.079,46.413],[8.073,46.407],[8.066,46.405],[8.043,46.392],[8.04,46.392],[8.027,46.386],[8.024,46.387],[8.026,46.39],[8.037,46.394],[8.038,46.399],[8.042,46.403],[8.05,46.404],[8.053,46.407],[8.064,46.41],[8.063,46.416],[8.067,46.421],[8.065,46.423],[8.067,46.425],[8.067,46.428],[8.057,46.43],[8.054,46.434],[8.054,46.437],[8.06,46.441],[8.063,46.441],[8.064,46.443],[8.061,46.446],[8.057,46.446],[8.054,46.448],[8.049,46.448],[8.056,46.443],[8.053,46.441],[8.056,46.439],[8.047,46.435],[8.044,46.43],[8.049,46.428],[8.05,46.423],[8.047,46.421],[8.04,46.421],[8.039,46.423],[8.037,46.423],[8.036,46.417],[8.034,46.415],[8.03,46.415],[8.03,46.412],[8.024,46.408],[8.014,46.41],[8.004,46.415],[8.001,46.415],[7.995,46.419],[7.987,46.421],[8.001,46.412],[8.001,46.407],[8.003,46.405],[7.995,46.404],[7.991,46.406],[7.99,46.403],[7.992,46.399],[7.991,46.394],[7.988,46.392],[7.988,46.387],[7.991,46.385],[7.988,46.383],[7.981,46.381],[7.972,46.375],[7.965,46.376],[7.963,46.379],[7.959,46.38],[7.955,46.376],[7.954,46.363],[7.959,46.347],[7.955,46.341],[7.949,46.347],[7.949,46.352],[7.946,46.354],[7.946,46.361],[7.943,46.363],[7.943,46.368],[7.939,46.37],[7.939,46.373],[7.936,46.377],[7.926,46.376],[7.923,46.385],[7.92,46.388],[7.918,46.388],[7.922,46.383],[7.922,46.377],[7.919,46.374],[7.922,46.372],[7.92,46.368],[7.925,46.363],[7.923,46.361],[7.925,46.359],[7.921,46.354],[7.925,46.352],[7.919,46.349],[7.923,46.349],[7.925,46.345],[7.931,46.341],[7.926,46.338],[7.929,46.333],[7.926,46.333],[7.92,46.338],[7.916,46.339],[7.909,46.337],[7.895,46.338],[7.898,46.345],[7.901,46.347],[7.902,46.352],[7.899,46.352],[7.897,46.35],[7.892,46.352],[7.897,46.356],[7.898,46.359],[7.897,46.362],[7.89,46.359],[7.888,46.361],[7.891,46.363],[7.884,46.366],[7.886,46.368],[7.884,46.37],[7.885,46.372],[7.89,46.377],[7.887,46.375],[7.884,46.378],[7.877,46.378],[7.867,46.37],[7.864,46.37],[7.866,46.366],[7.861,46.361],[7.869,46.359],[7.867,46.354],[7.864,46.353],[7.864,46.347],[7.868,46.345],[7.864,46.344],[7.864,46.341],[7.861,46.337],[7.856,46.339],[7.855,46.343],[7.848,46.344],[7.842,46.348],[7.846,46.35],[7.842,46.352],[7.842,46.354],[7.848,46.357],[7.84,46.359],[7.841,46.362],[7.845,46.363],[7.845,46.366],[7.841,46.366],[7.835,46.37],[7.835,46.372],[7.828,46.367],[7.828,46.363],[7.831,46.361],[7.825,46.361],[7.825,46.357],[7.816,46.355],[7.815,46.352],[7.812,46.35],[7.809,46.353],[7.808,46.35],[7.802,46.349],[7.801,46.355],[7.799,46.357],[7.799,46.352],[7.793,46.344],[7.787,46.348],[7.786,46.352],[7.786,46.348],[7.783,46.344],[7.773,46.342],[7.77,46.343],[7.774,46.346],[7.774,46.348],[7.78,46.35],[7.779,46.352],[7.78,46.357],[7.776,46.357],[7.773,46.361],[7.776,46.365],[7.78,46.367],[7.78,46.369],[7.77,46.373],[7.771,46.384],[7.781,46.386],[7.78,46.391],[7.783,46.392],[7.786,46.39],[7.79,46.39],[7.787,46.393],[7.79,46.395],[7.799,46.393],[7.803,46.397],[7.807,46.397],[7.807,46.4],[7.805,46.402],[7.813,46.406],[7.819,46.406],[7.817,46.408],[7.819,46.411],[7.826,46.41],[7.827,46.411],[7.824,46.413],[7.835,46.42],[7.839,46.419],[7.848,46.426],[7.858,46.428],[7.876,46.438],[7.884,46.439],[7.886,46.442],[7.894,46.444],[7.895,46.449],[7.884,46.451],[7.878,46.449],[7.871,46.449],[7.868,46.447],[7.858,46.45],[7.858,46.447],[7.852,46.442],[7.847,46.444],[7.846,46.447],[7.841,46.447],[7.838,46.444],[7.842,46.44],[7.839,46.438],[7.831,46.438],[7.822,46.434],[7.813,46.442],[7.815,46.44],[7.813,46.438],[7.809,46.439],[7.812,46.433],[7.803,46.427],[7.793,46.423],[7.786,46.424],[7.78,46.419],[7.776,46.42],[7.774,46.415],[7.761,46.411],[7.757,46.412],[7.751,46.409],[7.748,46.411],[7.741,46.407],[7.74,46.4],[7.734,46.396],[7.736,46.393],[7.741,46.391],[7.74,46.388],[7.734,46.384],[7.734,46.381],[7.738,46.381],[7.74,46.379],[7.737,46.377],[7.738,46.37],[7.737,46.366],[7.74,46.364],[7.737,46.362],[7.737,46.357],[7.734,46.355],[7.734,46.353],[7.728,46.346],[7.721,46.346],[7.718,46.344],[7.702,46.342],[7.699,46.346],[7.692,46.346],[7.683,46.353],[7.683,46.355],[7.686,46.357],[7.686,46.36],[7.679,46.355],[7.679,46.348],[7.676,46.346],[7.666,46.344],[7.657,46.35],[7.658,46.355],[7.657,46.357],[7.653,46.359],[7.647,46.358],[7.644,46.359],[7.647,46.361],[7.65,46.369],[7.64,46.367],[7.639,46.371],[7.641,46.375],[7.652,46.382],[7.651,46.384],[7.663,46.389],[7.663,46.395],[7.661,46.398],[7.673,46.406],[7.669,46.407],[7.666,46.405],[7.663,46.406],[7.653,46.404],[7.654,46.402],[7.653,46.4],[7.64,46.402],[7.637,46.399],[7.63,46.399],[7.627,46.401],[7.611,46.395],[7.608,46.389],[7.61,46.386],[7.609,46.384],[7.61,46.382],[7.608,46.38],[7.604,46.382],[7.604,46.38],[7.601,46.378],[7.598,46.378],[7.601,46.375],[7.598,46.373],[7.591,46.373],[7.591,46.371],[7.588,46.369],[7.594,46.362],[7.594,46.351],[7.598,46.346],[7.595,46.344],[7.585,46.347],[7.578,46.344],[7.572,46.344],[7.56,46.353],[7.552,46.353],[7.539,46.357],[7.533,46.355],[7.538,46.351],[7.53,46.344],[7.521,46.346],[7.513,46.342],[7.504,46.347],[7.503,46.346],[7.506,46.344],[7.506,46.342],[7.503,46.339],[7.5,46.338],[7.497,46.34],[7.487,46.338],[7.484,46.336],[7.484,46.33],[7.481,46.329],[7.474,46.33],[7.465,46.328],[7.461,46.331],[7.465,46.332],[7.471,46.337],[7.472,46.342],[7.475,46.346],[7.469,46.348],[7.471,46.351],[7.478,46.353],[7.477,46.355],[7.468,46.354],[7.466,46.348],[7.461,46.345],[7.458,46.345],[7.455,46.348],[7.456,46.353],[7.453,46.355],[7.445,46.355],[7.438,46.357],[7.434,46.36],[7.421,46.362],[7.413,46.36],[7.413,46.357],[7.416,46.359],[7.419,46.358],[7.42,46.357],[7.418,46.353],[7.43,46.346],[7.422,46.339],[7.427,46.335],[7.428,46.33],[7.424,46.328],[7.422,46.325],[7.419,46.324],[7.416,46.326],[7.412,46.324],[7.411,46.321],[7.406,46.32],[7.405,46.317],[7.4,46.313],[7.387,46.309],[7.383,46.309],[7.38,46.313],[7.377,46.313],[7.373,46.317],[7.374,46.319],[7.367,46.319],[7.368,46.317],[7.367,46.31],[7.369,46.306],[7.364,46.302],[7.358,46.301],[7.357,46.299],[7.351,46.296],[7.347,46.297],[7.348,46.299],[7.346,46.301],[7.339,46.303],[7.342,46.306],[7.343,46.315],[7.325,46.317],[7.319,46.313],[7.316,46.315],[7.316,46.319],[7.312,46.323],[7.306,46.321],[7.296,46.321],[7.292,46.317],[7.294,46.315],[7.295,46.31],[7.299,46.308],[7.299,46.305],[7.306,46.303],[7.308,46.301],[7.306,46.299],[7.302,46.299],[7.302,46.294],[7.296,46.287],[7.288,46.285],[7.289,46.281],[7.284,46.279],[7.28,46.272],[7.275,46.272],[7.273,46.268],[7.27,46.268],[7.264,46.261],[7.261,46.263],[7.261,46.267],[7.258,46.27],[7.26,46.274],[7.253,46.283],[7.249,46.285],[7.248,46.288],[7.25,46.29],[7.248,46.294],[7.25,46.296],[7.257,46.296],[7.264,46.301],[7.26,46.301],[7.257,46.303],[7.241,46.304],[7.234,46.301],[7.224,46.308],[7.218,46.306],[7.213,46.301],[7.216,46.299],[7.217,46.296],[7.212,46.294],[7.208,46.297],[7.205,46.297],[7.205,46.293],[7.209,46.29],[7.205,46.288],[7.195,46.288],[7.195,46.285],[7.205,46.285],[7.208,46.283],[7.204,46.276],[7.208,46.272],[7.205,46.269],[7.209,46.272],[7.208,46.274],[7.215,46.277],[7.225,46.28],[7.227,46.278],[7.224,46.272],[7.226,46.265],[7.221,46.26],[7.221,46.256],[7.225,46.256],[7.228,46.254],[7.224,46.251],[7.224,46.249],[7.231,46.245],[7.228,46.243],[7.227,46.24],[7.22,46.238],[7.223,46.236],[7.224,46.233],[7.218,46.232],[7.215,46.234],[7.199,46.234],[7.189,46.238],[7.183,46.234],[7.176,46.234],[7.173,46.231],[7.163,46.231],[7.165,46.227],[7.16,46.216],[7.15,46.216],[7.143,46.218],[7.139,46.215],[7.146,46.206],[7.142,46.202],[7.143,46.2],[7.147,46.201],[7.149,46.2],[7.15,46.197],[7.149,46.191],[7.15,46.182],[7.147,46.18],[7.141,46.188],[7.141,46.194],[7.137,46.193],[7.134,46.191],[7.134,46.188],[7.128,46.184],[7.13,46.182],[7.128,46.178],[7.115,46.176],[7.112,46.171],[7.105,46.17],[7.102,46.173],[7.097,46.17],[7.101,46.168],[7.092,46.161],[7.089,46.161],[7.089,46.159]],[[8.232,46.633],[8.225,46.63],[8.225,46.627],[8.232,46.633]],[[8.332,46.765],[8.339,46.765],[8.335,46.767],[8.332,46.765]],[[8.353,46.839],[8.345,46.84],[8.346,46.837],[8.349,46.835],[8.353,46.839]],[[8.33,46.824],[8.326,46.824],[8.326,46.822],[8.33,46.824]],[[8.365,46.803],[8.359,46.801],[8.365,46.796],[8.366,46.797],[8.363,46.801],[8.365,46.803]],[[8.509,46.618],[8.512,46.62],[8.506,46.62],[8.506,46.618],[8.509,46.618]],[[8.659,46.607],[8.658,46.605],[8.662,46.604],[8.663,46.605],[8.659,46.607]],[[8.735,46.928],[8.732,46.93],[8.729,46.926],[8.735,46.928]],[[8.852,46.978],[8.855,46.976],[8.855,46.978],[8.852,46.978]],[[9.206,46.852],[9.199,46.854],[9.199,46.852],[9.206,46.852]],[[8.394,46.576],[8.404,46.574],[8.398,46.576],[8.394,46.576]],[[8.076,46.401],[8.08,46.403],[8.077,46.403],[8.076,46.401]],[[8.277,46.559],[8.296,46.563],[8.303,46.566],[8.311,46.57],[8.31,46.572],[8.313,46.574],[8.316,46.571],[8.33,46.572],[8.315,46.574],[8.319,46.577],[8.315,46.577],[8.313,46.575],[8.309,46.577],[8.306,46.575],[8.302,46.575],[8.3,46.573],[8.296,46.575],[8.293,46.573],[8.283,46.572],[8.28,46.57],[8.274,46.572],[8.267,46.577],[8.264,46.575],[8.244,46.575],[8.238,46.578],[8.234,46.577],[8.232,46.573],[8.228,46.571],[8.222,46.573],[8.214,46.573],[8.221,46.57],[8.231,46.57],[8.234,46.572],[8.246,46.568],[8.254,46.568],[8.277,46.559]],[[8.26,46.543],[8.273,46.548],[8.256,46.546],[8.249,46.543],[8.26,46.543]]],[[[7.435,46.407],[7.433,46.409],[7.439,46.41],[7.44,46.409],[7.435,46.407]]],[[[8.296,46.739],[8.298,46.736],[8.292,46.732],[8.29,46.734],[8.292,46.738],[8.296,46.739]]],[[[8.61,46.756],[8.609,46.758],[8.613,46.76],[8.616,46.758],[8.61,46.756]]],[[[8.753,46.858],[8.757,46.859],[8.757,46.857],[8.753,46.858]]],[[[8.755,46.944],[8.759,46.945],[8.761,46.943],[8.759,46.942],[8.755,46.944]]],[[[8.993,46.97],[8.997,46.97],[8.996,46.968],[8.993,46.97]]],[[[9.104,46.957],[9.101,46.956],[9.1,46.957],[9.104,46.957]]],[[[9.118,46.878],[9.121,46.88],[9.124,46.878],[9.121,46.876],[9.118,46.878]]],[[[9.411,46.997],[9.41,46.999],[9.414,47.001],[9.416,46.999],[9.411,46.997]]],[[[9.24,46.514],[9.243,46.514],[9.246,46.512],[9.24,46.507],[9.249,46.503],[9.253,46.498],[9.242,46.491],[9.245,46.489],[9.243,46.486],[9.239,46.488],[9.238,46.485],[9.242,46.482],[9.249,46.484],[9.252,46.482],[9.254,46.478],[9.252,46.476],[9.252,46.471],[9.255,46.476],[9.262,46.479],[9.262,46.482],[9.256,46.485],[9.259,46.486],[9.262,46.491],[9.269,46.493],[9.269,46.497],[9.266,46.5],[9.266,46.502],[9.267,46.505],[9.274,46.511],[9.268,46.523],[9.264,46.525],[9.265,46.529],[9.262,46.532],[9.27,46.533],[9.273,46.532],[9.277,46.534],[9.287,46.535],[9.29,46.537],[9.293,46.536],[9.295,46.533],[9.289,46.531],[9.296,46.531],[9.299,46.529],[9.292,46.524],[9.286,46.523],[9.283,46.52],[9.306,46.519],[9.306,46.522],[9.309,46.524],[9.315,46.524],[9.321,46.522],[9.324,46.519],[9.32,46.515],[9.328,46.512],[9.339,46.512],[9.341,46.514],[9.34,46.519],[9.345,46.522],[9.345,46.524],[9.342,46.526],[9.348,46.528],[9.342,46.533],[9.342,46.535],[9.345,46.537],[9.358,46.535],[9.359,46.537],[9.356,46.539],[9.357,46.541],[9.355,46.544],[9.362,46.547],[9.365,46.55],[9.369,46.549],[9.369,46.551],[9.367,46.552],[9.369,46.554],[9.372,46.555],[9.375,46.556],[9.378,46.554],[9.375,46.552],[9.375,46.547],[9.377,46.546],[9.375,46.544],[9.372,46.544],[9.37,46.541],[9.375,46.541],[9.378,46.539],[9.373,46.537],[9.371,46.535],[9.371,46.532],[9.366,46.53],[9.368,46.524],[9.385,46.527],[9.389,46.534],[9.396,46.536],[9.395,46.538],[9.398,46.54],[9.398,46.543],[9.395,46.545],[9.396,46.55],[9.401,46.554],[9.405,46.554],[9.408,46.558],[9.411,46.558],[9.414,46.556],[9.407,46.547],[9.417,46.549],[9.42,46.547],[9.42,46.543],[9.417,46.534],[9.413,46.531],[9.413,46.529],[9.416,46.527],[9.415,46.525],[9.412,46.52],[9.402,46.511],[9.403,46.509],[9.399,46.505],[9.399,46.502],[9.392,46.496],[9.399,46.495],[9.4,46.493],[9.395,46.489],[9.395,46.487],[9.396,46.486],[9.402,46.489],[9.404,46.493],[9.421,46.504],[9.424,46.509],[9.432,46.513],[9.445,46.508],[9.445,46.506],[9.441,46.502],[9.428,46.493],[9.428,46.491],[9.425,46.489],[9.425,46.479],[9.421,46.477],[9.418,46.471],[9.411,46.466],[9.408,46.469],[9.401,46.469],[9.389,46.474],[9.386,46.476],[9.382,46.483],[9.379,46.483],[9.37,46.489],[9.37,46.492],[9.367,46.494],[9.367,46.498],[9.37,46.501],[9.37,46.505],[9.367,46.505],[9.364,46.508],[9.344,46.506],[9.341,46.503],[9.335,46.506],[9.321,46.506],[9.318,46.504],[9.308,46.504],[9.302,46.5],[9.282,46.498],[9.282,46.493],[9.278,46.491],[9.278,46.489],[9.275,46.487],[9.275,46.48],[9.278,46.477],[9.278,46.475],[9.274,46.471],[9.274,46.466],[9.277,46.464],[9.277,46.459],[9.261,46.449],[9.251,46.449],[9.248,46.447],[9.247,46.442],[9.244,46.44],[9.238,46.44],[9.232,46.444],[9.229,46.449],[9.223,46.451],[9.226,46.454],[9.226,46.464],[9.219,46.466],[9.216,46.472],[9.209,46.474],[9.204,46.479],[9.204,46.481],[9.208,46.485],[9.207,46.488],[9.204,46.49],[9.206,46.492],[9.204,46.494],[9.2,46.491],[9.195,46.497],[9.188,46.502],[9.181,46.502],[9.179,46.504],[9.181,46.506],[9.188,46.505],[9.191,46.508],[9.198,46.509],[9.198,46.513],[9.194,46.512],[9.189,46.515],[9.189,46.517],[9.192,46.52],[9.199,46.519],[9.198,46.521],[9.2,46.524],[9.205,46.525],[9.211,46.518],[9.221,46.516],[9.225,46.519],[9.226,46.523],[9.225,46.528],[9.231,46.531],[9.233,46.53],[9.234,46.526],[9.238,46.521],[9.247,46.52],[9.249,46.518],[9.244,46.517],[9.24,46.514]],[[9.214,46.494],[9.217,46.496],[9.214,46.497],[9.21,46.495],[9.214,46.494]],[[9.217,46.496],[9.22,46.496],[9.227,46.5],[9.237,46.501],[9.23,46.505],[9.219,46.499],[9.217,46.496]]],[[[9.439,47.102],[9.428,47.1],[9.421,47.101],[9.409,47.105],[9.412,47.107],[9.412,47.11],[9.408,47.11],[9.406,47.107],[9.399,47.109],[9.397,47.11],[9.397,47.112],[9.406,47.114],[9.4,47.121],[9.409,47.129],[9.412,47.128],[9.412,47.123],[9.416,47.122],[9.429,47.123],[9.432,47.126],[9.435,47.125],[9.438,47.123],[9.432,47.118],[9.429,47.119],[9.428,47.114],[9.434,47.109],[9.434,47.107],[9.439,47.102]]],[[[9.356,47.227],[9.353,47.225],[9.343,47.227],[9.341,47.23],[9.344,47.232],[9.341,47.234],[9.351,47.241],[9.344,47.241],[9.338,47.244],[9.331,47.24],[9.327,47.242],[9.327,47.239],[9.314,47.233],[9.304,47.233],[9.301,47.235],[9.305,47.237],[9.306,47.244],[9.311,47.246],[9.312,47.251],[9.321,47.256],[9.328,47.255],[9.333,47.257],[9.335,47.258],[9.336,47.262],[9.348,47.265],[9.358,47.272],[9.372,47.272],[9.374,47.27],[9.374,47.268],[9.367,47.261],[9.36,47.257],[9.361,47.256],[9.364,47.258],[9.368,47.258],[9.375,47.263],[9.381,47.26],[9.388,47.26],[9.39,47.258],[9.394,47.258],[9.401,47.266],[9.414,47.269],[9.421,47.269],[9.422,47.267],[9.421,47.266],[9.407,47.263],[9.402,47.26],[9.404,47.258],[9.409,47.258],[9.409,47.256],[9.407,47.254],[9.397,47.252],[9.389,47.245],[9.4,47.244],[9.402,47.247],[9.414,47.251],[9.42,47.251],[9.423,47.249],[9.412,47.245],[9.416,47.242],[9.407,47.236],[9.403,47.236],[9.402,47.233],[9.399,47.231],[9.39,47.228],[9.387,47.229],[9.39,47.233],[9.393,47.233],[9.393,47.235],[9.387,47.232],[9.38,47.232],[9.377,47.229],[9.373,47.228],[9.369,47.229],[9.368,47.232],[9.366,47.232],[9.363,47.228],[9.357,47.23],[9.356,47.227]]],[[[9.402,47.123],[9.397,47.123],[9.393,47.13],[9.383,47.135],[9.364,47.135],[9.357,47.133],[9.351,47.138],[9.351,47.14],[9.354,47.143],[9.364,47.142],[9.371,47.144],[9.368,47.146],[9.37,47.148],[9.375,47.148],[9.377,47.15],[9.38,47.149],[9.387,47.154],[9.394,47.156],[9.396,47.15],[9.416,47.148],[9.415,47.143],[9.412,47.139],[9.41,47.137],[9.406,47.137],[9.409,47.134],[9.409,47.132],[9.404,47.128],[9.402,47.123]]],[[[8.959,46.59],[8.953,46.595],[8.949,46.595],[8.946,46.599],[8.946,46.602],[8.943,46.604],[8.933,46.605],[8.932,46.597],[8.927,46.595],[8.927,46.593],[8.92,46.586],[8.916,46.586],[8.925,46.584],[8.916,46.579],[8.915,46.577],[8.916,46.575],[8.913,46.573],[8.903,46.577],[8.896,46.576],[8.89,46.572],[8.88,46.571],[8.879,46.566],[8.882,46.564],[8.87,46.562],[8.847,46.563],[8.846,46.562],[8.867,46.559],[8.873,46.553],[8.88,46.554],[8.883,46.552],[8.888,46.553],[8.889,46.551],[8.886,46.549],[8.866,46.549],[8.863,46.547],[8.837,46.547],[8.832,46.551],[8.831,46.554],[8.827,46.554],[8.825,46.558],[8.818,46.563],[8.812,46.565],[8.812,46.569],[8.808,46.57],[8.803,46.574],[8.802,46.579],[8.806,46.585],[8.807,46.59],[8.812,46.593],[8.819,46.594],[8.819,46.596],[8.822,46.598],[8.823,46.603],[8.828,46.608],[8.827,46.61],[8.829,46.611],[8.83,46.619],[8.832,46.622],[8.835,46.619],[8.836,46.614],[8.843,46.603],[8.841,46.598],[8.848,46.6],[8.85,46.598],[8.851,46.592],[8.849,46.587],[8.851,46.586],[8.864,46.593],[8.868,46.593],[8.871,46.595],[8.886,46.596],[8.886,46.598],[8.878,46.6],[8.868,46.599],[8.865,46.6],[8.866,46.603],[8.872,46.607],[8.862,46.612],[8.862,46.615],[8.857,46.618],[8.856,46.623],[8.85,46.628],[8.859,46.631],[8.862,46.634],[8.865,46.631],[8.866,46.632],[8.863,46.634],[8.865,46.637],[8.869,46.638],[8.879,46.636],[8.88,46.641],[8.882,46.642],[8.888,46.64],[8.892,46.642],[8.898,46.641],[8.905,46.642],[8.905,46.645],[8.902,46.648],[8.897,46.649],[8.9,46.652],[8.894,46.656],[8.9,46.658],[8.899,46.661],[8.887,46.665],[8.889,46.667],[8.897,46.667],[8.9,46.67],[8.893,46.676],[8.895,46.679],[8.894,46.681],[8.896,46.684],[8.901,46.685],[8.901,46.688],[8.893,46.692],[8.879,46.692],[8.882,46.695],[8.896,46.697],[8.913,46.696],[8.916,46.698],[8.923,46.698],[8.925,46.696],[8.916,46.692],[8.912,46.692],[8.909,46.69],[8.909,46.688],[8.918,46.685],[8.919,46.682],[8.929,46.684],[8.934,46.68],[8.931,46.676],[8.925,46.673],[8.924,46.672],[8.925,46.671],[8.932,46.67],[8.942,46.673],[8.945,46.667],[8.949,46.669],[8.951,46.673],[8.955,46.674],[8.961,46.672],[8.962,46.669],[8.966,46.666],[8.964,46.666],[8.963,46.664],[8.966,46.662],[8.964,46.658],[8.957,46.66],[8.946,46.658],[8.943,46.656],[8.946,46.653],[8.927,46.647],[8.924,46.644],[8.938,46.648],[8.961,46.651],[8.964,46.648],[8.97,46.646],[8.974,46.648],[8.987,46.647],[8.993,46.643],[8.996,46.643],[8.999,46.641],[8.999,46.639],[9.003,46.639],[9.003,46.642],[9.007,46.643],[9.007,46.648],[9.013,46.65],[9.014,46.652],[9.011,46.655],[9.005,46.657],[9.007,46.658],[9.007,46.661],[9.003,46.661],[9.01,46.664],[9.011,46.666],[9.005,46.668],[9.01,46.673],[9.007,46.678],[9.003,46.679],[9.001,46.682],[9.002,46.684],[9.001,46.686],[8.999,46.686],[8.998,46.688],[8.994,46.687],[8.988,46.691],[8.989,46.693],[8.995,46.695],[8.995,46.699],[8.986,46.707],[8.988,46.71],[8.992,46.709],[8.995,46.712],[9.002,46.714],[9.007,46.711],[9.007,46.709],[9.002,46.706],[9.018,46.703],[9.021,46.707],[9.028,46.71],[9.025,46.713],[9.025,46.719],[9.023,46.72],[9.031,46.723],[9.035,46.722],[9.041,46.725],[9.044,46.72],[9.051,46.721],[9.053,46.719],[9.046,46.715],[9.051,46.714],[9.053,46.71],[9.042,46.706],[9.047,46.704],[9.054,46.704],[9.055,46.701],[9.059,46.699],[9.059,46.697],[9.055,46.695],[9.046,46.686],[9.05,46.685],[9.064,46.688],[9.068,46.685],[9.068,46.683],[9.051,46.677],[9.045,46.672],[9.043,46.667],[9.037,46.666],[9.032,46.663],[9.044,46.663],[9.046,46.665],[9.051,46.665],[9.053,46.667],[9.063,46.667],[9.066,46.669],[9.072,46.669],[9.075,46.667],[9.065,46.664],[9.065,46.662],[9.067,46.661],[9.065,46.659],[9.056,46.66],[9.039,46.654],[9.035,46.648],[9.036,46.645],[9.045,46.645],[9.053,46.641],[9.052,46.639],[9.048,46.639],[9.045,46.637],[9.035,46.639],[9.034,46.636],[9.038,46.629],[9.055,46.627],[9.061,46.629],[9.065,46.633],[9.074,46.634],[9.073,46.631],[9.061,46.623],[9.041,46.62],[9.041,46.618],[9.044,46.616],[9.055,46.614],[9.056,46.609],[9.054,46.607],[9.047,46.607],[9.054,46.601],[9.064,46.602],[9.069,46.6],[9.071,46.598],[9.069,46.595],[9.07,46.592],[9.073,46.597],[9.081,46.597],[9.08,46.601],[9.075,46.602],[9.084,46.609],[9.1,46.61],[9.1,46.612],[9.097,46.615],[9.097,46.622],[9.1,46.624],[9.11,46.623],[9.111,46.624],[9.108,46.629],[9.104,46.629],[9.102,46.631],[9.117,46.634],[9.117,46.638],[9.111,46.642],[9.114,46.644],[9.124,46.643],[9.133,46.64],[9.141,46.642],[9.137,46.646],[9.137,46.649],[9.134,46.654],[9.132,46.655],[9.134,46.658],[9.144,46.654],[9.147,46.655],[9.152,46.653],[9.15,46.65],[9.16,46.65],[9.163,46.654],[9.167,46.65],[9.163,46.645],[9.159,46.646],[9.162,46.643],[9.162,46.641],[9.153,46.635],[9.149,46.635],[9.146,46.633],[9.146,46.63],[9.138,46.626],[9.141,46.624],[9.139,46.621],[9.133,46.618],[9.129,46.618],[9.125,46.615],[9.133,46.614],[9.135,46.612],[9.126,46.611],[9.121,46.608],[9.13,46.606],[9.129,46.603],[9.115,46.595],[9.11,46.59],[9.099,46.586],[9.101,46.584],[9.096,46.578],[9.089,46.576],[9.082,46.578],[9.057,46.578],[9.053,46.575],[9.043,46.576],[9.04,46.578],[9.046,46.569],[9.036,46.558],[9.029,46.555],[9.033,46.555],[9.039,46.551],[9.038,46.546],[9.032,46.539],[9.032,46.532],[9.034,46.531],[9.035,46.528],[9.036,46.535],[9.039,46.538],[9.041,46.544],[9.05,46.546],[9.048,46.557],[9.05,46.56],[9.066,46.568],[9.082,46.564],[9.085,46.561],[9.089,46.562],[9.093,46.557],[9.094,46.552],[9.091,46.549],[9.091,46.547],[9.093,46.546],[9.094,46.543],[9.081,46.535],[9.071,46.536],[9.071,46.534],[9.075,46.534],[9.079,46.53],[9.077,46.523],[9.094,46.532],[9.097,46.535],[9.106,46.536],[9.111,46.539],[9.108,46.545],[9.111,46.547],[9.115,46.547],[9.115,46.552],[9.11,46.556],[9.105,46.563],[9.111,46.565],[9.109,46.568],[9.11,46.57],[9.118,46.572],[9.122,46.576],[9.125,46.576],[9.128,46.575],[9.131,46.57],[9.138,46.569],[9.141,46.572],[9.136,46.576],[9.135,46.579],[9.138,46.583],[9.145,46.587],[9.154,46.585],[9.152,46.587],[9.153,46.59],[9.158,46.591],[9.165,46.595],[9.168,46.594],[9.171,46.596],[9.178,46.596],[9.186,46.587],[9.18,46.582],[9.184,46.581],[9.183,46.578],[9.176,46.574],[9.173,46.571],[9.173,46.569],[9.167,46.565],[9.159,46.565],[9.157,46.563],[9.154,46.563],[9.158,46.56],[9.154,46.556],[9.157,46.553],[9.16,46.555],[9.167,46.555],[9.173,46.557],[9.183,46.564],[9.187,46.564],[9.19,46.569],[9.201,46.575],[9.203,46.578],[9.206,46.579],[9.21,46.576],[9.221,46.577],[9.22,46.582],[9.214,46.589],[9.214,46.595],[9.211,46.598],[9.212,46.602],[9.203,46.611],[9.202,46.614],[9.204,46.617],[9.208,46.615],[9.212,46.611],[9.22,46.607],[9.222,46.604],[9.217,46.602],[9.224,46.602],[9.226,46.604],[9.225,46.606],[9.226,46.609],[9.23,46.612],[9.237,46.614],[9.237,46.616],[9.231,46.618],[9.224,46.618],[9.218,46.625],[9.215,46.627],[9.211,46.627],[9.206,46.632],[9.206,46.634],[9.199,46.638],[9.201,46.641],[9.205,46.642],[9.208,46.639],[9.212,46.64],[9.219,46.638],[9.231,46.639],[9.235,46.641],[9.235,46.643],[9.232,46.648],[9.228,46.648],[9.225,46.653],[9.219,46.652],[9.213,46.656],[9.216,46.658],[9.22,46.658],[9.218,46.663],[9.219,46.664],[9.226,46.663],[9.229,46.664],[9.23,46.667],[9.226,46.674],[9.223,46.676],[9.21,46.678],[9.208,46.681],[9.21,46.683],[9.213,46.682],[9.22,46.685],[9.222,46.683],[9.233,46.682],[9.237,46.678],[9.236,46.672],[9.239,46.668],[9.245,46.669],[9.249,46.673],[9.251,46.671],[9.256,46.671],[9.256,46.673],[9.253,46.676],[9.262,46.676],[9.262,46.679],[9.259,46.68],[9.269,46.682],[9.267,46.685],[9.273,46.689],[9.267,46.691],[9.272,46.696],[9.26,46.7],[9.26,46.702],[9.258,46.703],[9.263,46.705],[9.273,46.704],[9.282,46.711],[9.282,46.714],[9.281,46.716],[9.261,46.718],[9.263,46.72],[9.267,46.719],[9.273,46.722],[9.277,46.722],[9.269,46.73],[9.279,46.732],[9.276,46.734],[9.277,46.736],[9.287,46.736],[9.288,46.74],[9.282,46.743],[9.285,46.745],[9.284,46.748],[9.272,46.754],[9.267,46.759],[9.268,46.76],[9.276,46.759],[9.281,46.755],[9.284,46.757],[9.287,46.753],[9.291,46.755],[9.3,46.754],[9.299,46.749],[9.304,46.751],[9.314,46.751],[9.316,46.749],[9.313,46.747],[9.31,46.748],[9.307,46.744],[9.303,46.745],[9.306,46.742],[9.315,46.74],[9.315,46.738],[9.31,46.734],[9.299,46.734],[9.293,46.729],[9.302,46.727],[9.3,46.725],[9.296,46.725],[9.29,46.722],[9.292,46.72],[9.288,46.718],[9.293,46.714],[9.298,46.713],[9.292,46.709],[9.291,46.704],[9.297,46.7],[9.289,46.695],[9.283,46.689],[9.283,46.684],[9.281,46.68],[9.274,46.673],[9.265,46.667],[9.264,46.664],[9.257,46.658],[9.257,46.655],[9.266,46.651],[9.257,46.644],[9.256,46.635],[9.253,46.633],[9.254,46.627],[9.26,46.622],[9.259,46.619],[9.25,46.616],[9.25,46.613],[9.253,46.61],[9.263,46.61],[9.271,46.606],[9.261,46.599],[9.261,46.597],[9.256,46.596],[9.249,46.59],[9.246,46.59],[9.245,46.588],[9.269,46.59],[9.272,46.593],[9.294,46.599],[9.293,46.601],[9.295,46.604],[9.299,46.603],[9.302,46.609],[9.299,46.612],[9.299,46.617],[9.296,46.617],[9.291,46.621],[9.296,46.623],[9.298,46.626],[9.294,46.628],[9.298,46.632],[9.297,46.635],[9.3,46.637],[9.3,46.639],[9.295,46.644],[9.294,46.648],[9.297,46.65],[9.303,46.645],[9.307,46.645],[9.307,46.648],[9.304,46.65],[9.307,46.652],[9.317,46.652],[9.314,46.656],[9.309,46.659],[9.314,46.66],[9.318,46.663],[9.316,46.668],[9.317,46.672],[9.321,46.672],[9.324,46.667],[9.328,46.666],[9.329,46.661],[9.327,46.659],[9.33,46.661],[9.333,46.66],[9.335,46.659],[9.336,46.655],[9.34,46.653],[9.343,46.656],[9.347,46.656],[9.346,46.659],[9.35,46.66],[9.348,46.665],[9.35,46.667],[9.356,46.667],[9.359,46.665],[9.356,46.663],[9.37,46.665],[9.373,46.662],[9.392,46.662],[9.394,46.66],[9.392,46.656],[9.388,46.656],[9.385,46.651],[9.375,46.649],[9.374,46.647],[9.382,46.643],[9.382,46.641],[9.378,46.641],[9.375,46.639],[9.369,46.642],[9.362,46.641],[9.36,46.638],[9.364,46.633],[9.382,46.626],[9.358,46.625],[9.356,46.627],[9.348,46.627],[9.341,46.625],[9.341,46.623],[9.344,46.62],[9.355,46.62],[9.357,46.618],[9.355,46.616],[9.348,46.614],[9.342,46.614],[9.345,46.611],[9.361,46.608],[9.367,46.61],[9.369,46.609],[9.37,46.604],[9.372,46.604],[9.372,46.606],[9.377,46.61],[9.387,46.61],[9.39,46.608],[9.379,46.602],[9.38,46.599],[9.374,46.597],[9.354,46.596],[9.344,46.597],[9.341,46.594],[9.333,46.596],[9.331,46.594],[9.329,46.596],[9.321,46.597],[9.318,46.594],[9.324,46.592],[9.333,46.584],[9.33,46.58],[9.334,46.582],[9.342,46.582],[9.342,46.58],[9.337,46.576],[9.33,46.576],[9.324,46.572],[9.32,46.573],[9.317,46.576],[9.311,46.575],[9.295,46.581],[9.291,46.579],[9.285,46.579],[9.275,46.581],[9.272,46.579],[9.272,46.576],[9.285,46.576],[9.294,46.573],[9.3,46.569],[9.299,46.565],[9.294,46.563],[9.284,46.566],[9.274,46.56],[9.255,46.568],[9.248,46.568],[9.251,46.566],[9.25,46.563],[9.235,46.565],[9.225,46.564],[9.228,46.561],[9.226,46.559],[9.225,46.558],[9.219,46.56],[9.22,46.557],[9.212,46.551],[9.199,46.552],[9.187,46.549],[9.182,46.544],[9.179,46.537],[9.172,46.534],[9.166,46.532],[9.158,46.533],[9.153,46.53],[9.149,46.531],[9.152,46.529],[9.146,46.525],[9.144,46.529],[9.141,46.529],[9.14,46.526],[9.136,46.525],[9.133,46.527],[9.126,46.527],[9.12,46.523],[9.12,46.52],[9.11,46.516],[9.12,46.518],[9.126,46.522],[9.13,46.522],[9.132,46.52],[9.116,46.509],[9.11,46.507],[9.073,46.508],[9.067,46.504],[9.064,46.505],[9.063,46.503],[9.087,46.503],[9.09,46.498],[9.093,46.5],[9.096,46.498],[9.116,46.497],[9.134,46.502],[9.142,46.506],[9.144,46.509],[9.155,46.512],[9.159,46.515],[9.162,46.513],[9.165,46.514],[9.168,46.513],[9.168,46.511],[9.172,46.511],[9.171,46.506],[9.166,46.504],[9.165,46.502],[9.165,46.495],[9.151,46.493],[9.15,46.488],[9.147,46.486],[9.147,46.482],[9.141,46.478],[9.138,46.478],[9.145,46.477],[9.154,46.483],[9.166,46.477],[9.163,46.468],[9.151,46.466],[9.148,46.464],[9.153,46.461],[9.157,46.463],[9.16,46.46],[9.164,46.461],[9.167,46.459],[9.169,46.457],[9.167,46.455],[9.165,46.457],[9.162,46.457],[9.162,46.455],[9.163,46.452],[9.167,46.452],[9.17,46.45],[9.17,46.447],[9.153,46.444],[9.141,46.448],[9.135,46.448],[9.134,46.446],[9.127,46.444],[9.124,46.446],[9.121,46.453],[9.124,46.457],[9.131,46.457],[9.126,46.462],[9.127,46.464],[9.124,46.473],[9.118,46.473],[9.112,46.476],[9.108,46.473],[9.112,46.471],[9.112,46.465],[9.118,46.462],[9.108,46.452],[9.105,46.452],[9.107,46.449],[9.105,46.446],[9.101,46.444],[9.103,46.442],[9.103,46.437],[9.101,46.433],[9.104,46.431],[9.104,46.428],[9.107,46.43],[9.111,46.429],[9.113,46.426],[9.11,46.422],[9.104,46.42],[9.104,46.417],[9.108,46.417],[9.11,46.419],[9.114,46.417],[9.11,46.414],[9.103,46.413],[9.097,46.408],[9.11,46.408],[9.113,46.406],[9.106,46.401],[9.096,46.399],[9.09,46.393],[9.09,46.39],[9.086,46.388],[9.074,46.389],[9.058,46.398],[9.071,46.399],[9.077,46.401],[9.079,46.406],[9.076,46.409],[9.068,46.409],[9.066,46.411],[9.061,46.411],[9.053,46.416],[9.061,46.417],[9.071,46.416],[9.074,46.419],[9.078,46.416],[9.089,46.417],[9.094,46.419],[9.094,46.422],[9.091,46.424],[9.088,46.431],[9.078,46.431],[9.074,46.433],[9.07,46.438],[9.075,46.44],[9.075,46.442],[9.067,46.447],[9.066,46.453],[9.064,46.454],[9.069,46.458],[9.076,46.46],[9.079,46.468],[9.073,46.47],[9.066,46.47],[9.064,46.472],[9.06,46.47],[9.047,46.47],[9.041,46.474],[9.041,46.479],[9.031,46.48],[9.027,46.477],[9.026,46.481],[9.029,46.483],[9.028,46.486],[9.018,46.488],[9.012,46.493],[9.008,46.493],[9.005,46.495],[9.004,46.506],[9.009,46.512],[9.003,46.515],[9.003,46.518],[9.0,46.522],[9.003,46.524],[9.006,46.522],[9.006,46.528],[8.997,46.531],[8.997,46.538],[8.99,46.538],[8.982,46.547],[8.981,46.55],[8.977,46.552],[8.974,46.556],[8.981,46.557],[8.987,46.564],[8.991,46.563],[8.994,46.556],[9.007,46.555],[9.01,46.553],[9.014,46.558],[9.005,46.565],[9.004,46.567],[9.006,46.569],[9.004,46.571],[9.001,46.571],[8.996,46.574],[9.001,46.576],[8.999,46.581],[9.002,46.583],[9.014,46.584],[9.024,46.588],[9.027,46.586],[9.028,46.587],[9.025,46.589],[9.026,46.591],[9.011,46.591],[9.005,46.594],[8.995,46.593],[8.991,46.594],[8.986,46.601],[8.98,46.601],[8.979,46.599],[8.981,46.597],[8.981,46.594],[8.978,46.591],[8.975,46.59],[8.972,46.592],[8.971,46.597],[8.969,46.598],[8.965,46.597],[8.964,46.592],[8.959,46.59]],[[9.003,46.639],[9.009,46.636],[9.016,46.636],[9.014,46.639],[9.009,46.641],[9.003,46.639]],[[9.082,46.564],[9.074,46.557],[9.079,46.559],[9.079,46.561],[9.082,46.564]]],[[[8.956,46.592],[8.959,46.59],[8.956,46.589],[8.954,46.59],[8.956,46.592]]],[[[9.3,46.637],[9.293,46.635],[9.291,46.637],[9.3,46.637]]],[[[9.345,47.169],[9.343,47.162],[9.341,47.161],[9.34,47.158],[9.334,47.155],[9.331,47.156],[9.337,47.151],[9.344,47.15],[9.354,47.151],[9.357,47.149],[9.356,47.146],[9.351,47.144],[9.34,47.147],[9.324,47.148],[9.321,47.147],[9.312,47.154],[9.298,47.154],[9.292,47.157],[9.278,47.155],[9.275,47.153],[9.265,47.153],[9.262,47.151],[9.258,47.153],[9.251,47.153],[9.248,47.151],[9.241,47.151],[9.235,47.149],[9.228,47.145],[9.209,47.15],[9.207,47.153],[9.209,47.155],[9.216,47.154],[9.239,47.168],[9.251,47.168],[9.247,47.171],[9.253,47.174],[9.256,47.17],[9.259,47.174],[9.266,47.174],[9.269,47.166],[9.279,47.171],[9.289,47.168],[9.295,47.168],[9.299,47.173],[9.301,47.172],[9.302,47.167],[9.315,47.177],[9.319,47.176],[9.322,47.173],[9.325,47.174],[9.328,47.172],[9.338,47.178],[9.341,47.174],[9.341,47.171],[9.345,47.169]]],[[[9.348,47.165],[9.345,47.167],[9.349,47.167],[9.348,47.165]]],[[[9.271,47.222],[9.274,47.224],[9.276,47.222],[9.274,47.22],[9.271,47.222]]],[[[9.274,47.224],[9.277,47.226],[9.281,47.226],[9.284,47.224],[9.281,47.222],[9.277,47.222],[9.274,47.224]]],[[[9.281,47.226],[9.281,47.229],[9.284,47.232],[9.287,47.231],[9.301,47.234],[9.307,47.228],[9.304,47.226],[9.301,47.227],[9.297,47.224],[9.281,47.226]]],[[[9.261,46.277],[9.258,46.276],[9.249,46.284],[9.25,46.287],[9.269,46.294],[9.27,46.298],[9.279,46.304],[9.279,46.309],[9.276,46.311],[9.276,46.32],[9.27,46.327],[9.271,46.329],[9.273,46.332],[9.279,46.329],[9.286,46.331],[9.289,46.329],[9.296,46.333],[9.299,46.331],[9.299,46.329],[9.295,46.326],[9.298,46.324],[9.298,46.322],[9.285,46.311],[9.285,46.306],[9.283,46.304],[9.285,46.3],[9.272,46.291],[9.27,46.291],[9.271,46.286],[9.261,46.28],[9.261,46.277]]],[[[9.296,46.34],[9.293,46.338],[9.286,46.338],[9.283,46.34],[9.285,46.345],[9.29,46.346],[9.29,46.349],[9.287,46.348],[9.279,46.351],[9.282,46.354],[9.282,46.356],[9.277,46.359],[9.271,46.359],[9.268,46.361],[9.265,46.374],[9.269,46.379],[9.264,46.383],[9.268,46.385],[9.267,46.388],[9.268,46.39],[9.266,46.397],[9.262,46.397],[9.257,46.404],[9.269,46.405],[9.274,46.41],[9.279,46.412],[9.282,46.41],[9.282,46.403],[9.278,46.401],[9.278,46.39],[9.282,46.39],[9.285,46.387],[9.285,46.385],[9.281,46.383],[9.281,46.381],[9.278,46.379],[9.277,46.367],[9.281,46.365],[9.28,46.363],[9.287,46.358],[9.294,46.358],[9.297,46.356],[9.296,46.34]]],[[[9.249,46.266],[9.242,46.267],[9.236,46.271],[9.236,46.276],[9.239,46.278],[9.245,46.277],[9.252,46.279],[9.258,46.275],[9.258,46.273],[9.254,46.269],[9.249,46.266]]],[[[9.22,46.215],[9.201,46.207],[9.198,46.209],[9.198,46.211],[9.191,46.214],[9.186,46.22],[9.188,46.221],[9.192,46.219],[9.208,46.219],[9.213,46.229],[9.211,46.234],[9.208,46.234],[9.203,46.238],[9.205,46.242],[9.209,46.242],[9.214,46.245],[9.212,46.247],[9.215,46.249],[9.218,46.247],[9.216,46.244],[9.218,46.242],[9.225,46.239],[9.231,46.24],[9.241,46.238],[9.247,46.244],[9.25,46.242],[9.25,46.239],[9.244,46.233],[9.234,46.233],[9.231,46.231],[9.224,46.231],[9.221,46.229],[9.22,46.215]]],[[[9.191,46.409],[9.181,46.408],[9.175,46.412],[9.163,46.409],[9.155,46.41],[9.153,46.412],[9.154,46.414],[9.161,46.419],[9.156,46.419],[9.152,46.417],[9.143,46.426],[9.146,46.428],[9.158,46.43],[9.156,46.432],[9.146,46.433],[9.144,46.435],[9.16,46.439],[9.166,46.443],[9.17,46.443],[9.172,46.439],[9.167,46.434],[9.172,46.434],[9.176,46.431],[9.166,46.43],[9.165,46.427],[9.162,46.425],[9.169,46.427],[9.172,46.421],[9.175,46.42],[9.188,46.422],[9.191,46.42],[9.188,46.417],[9.188,46.413],[9.191,46.417],[9.195,46.415],[9.2,46.416],[9.201,46.413],[9.191,46.409]]],[[[9.166,46.355],[9.16,46.354],[9.158,46.356],[9.164,46.362],[9.159,46.367],[9.164,46.369],[9.154,46.369],[9.151,46.371],[9.152,46.378],[9.154,46.38],[9.158,46.379],[9.161,46.38],[9.163,46.383],[9.162,46.385],[9.158,46.387],[9.145,46.387],[9.142,46.39],[9.145,46.393],[9.162,46.396],[9.165,46.398],[9.169,46.398],[9.171,46.4],[9.178,46.4],[9.181,46.402],[9.185,46.4],[9.188,46.402],[9.194,46.398],[9.187,46.394],[9.187,46.392],[9.194,46.391],[9.194,46.388],[9.18,46.387],[9.177,46.385],[9.187,46.381],[9.188,46.38],[9.187,46.378],[9.184,46.376],[9.171,46.373],[9.169,46.371],[9.174,46.373],[9.182,46.369],[9.183,46.364],[9.182,46.362],[9.177,46.36],[9.168,46.36],[9.166,46.358],[9.166,46.355]]],[[[9.194,46.391],[9.197,46.392],[9.198,46.391],[9.194,46.391]]],[[[9.182,46.171],[9.173,46.171],[9.171,46.169],[9.164,46.172],[9.158,46.169],[9.149,46.174],[9.161,46.18],[9.174,46.179],[9.177,46.177],[9.184,46.179],[9.186,46.175],[9.182,46.171]]],[[[9.167,46.319],[9.149,46.318],[9.144,46.324],[9.154,46.331],[9.152,46.335],[9.157,46.338],[9.157,46.34],[9.15,46.344],[9.151,46.349],[9.154,46.353],[9.163,46.346],[9.166,46.346],[9.17,46.343],[9.178,46.342],[9.176,46.339],[9.173,46.338],[9.163,46.338],[9.161,46.333],[9.162,46.32],[9.167,46.319]]],[[[9.136,47.181],[9.131,47.177],[9.127,47.177],[9.121,47.182],[9.122,47.184],[9.118,47.182],[9.112,47.184],[9.116,47.186],[9.12,47.191],[9.116,47.193],[9.116,47.195],[9.118,47.196],[9.124,47.192],[9.129,47.191],[9.13,47.186],[9.126,47.184],[9.134,47.183],[9.136,47.181]]],[[[9.108,46.712],[9.103,46.708],[9.088,46.714],[9.09,46.718],[9.093,46.716],[9.097,46.717],[9.106,46.714],[9.108,46.712]]],[[[9.084,46.336],[9.072,46.334],[9.065,46.336],[9.061,46.339],[9.063,46.341],[9.062,46.344],[9.05,46.346],[9.046,46.344],[9.027,46.344],[9.017,46.347],[9.01,46.343],[9.007,46.349],[9.02,46.353],[9.024,46.351],[9.043,46.352],[9.063,46.357],[9.071,46.357],[9.073,46.358],[9.073,46.364],[9.07,46.366],[9.072,46.368],[9.076,46.368],[9.081,46.363],[9.091,46.363],[9.091,46.366],[9.086,46.372],[9.089,46.374],[9.097,46.37],[9.098,46.368],[9.094,46.366],[9.093,46.363],[9.095,46.36],[9.099,46.363],[9.101,46.361],[9.101,46.356],[9.095,46.35],[9.089,46.348],[9.079,46.348],[9.077,46.346],[9.082,46.344],[9.084,46.336]]],[[[9.082,46.124],[9.078,46.121],[9.073,46.125],[9.079,46.128],[9.088,46.127],[9.088,46.125],[9.085,46.123],[9.082,46.124]]],[[[9.088,46.127],[9.092,46.129],[9.094,46.127],[9.092,46.126],[9.088,46.127]]],[[[9.092,46.129],[9.095,46.131],[9.097,46.129],[9.092,46.129]]],[[[9.095,46.687],[9.073,46.685],[9.068,46.69],[9.075,46.692],[9.073,46.696],[9.075,46.699],[9.071,46.703],[9.072,46.712],[9.074,46.713],[9.085,46.705],[9.085,46.703],[9.082,46.701],[9.084,46.699],[9.079,46.692],[9.084,46.692],[9.089,46.695],[9.091,46.694],[9.09,46.69],[9.095,46.687]]],[[[9.054,46.294],[9.048,46.292],[9.045,46.294],[9.045,46.308],[9.048,46.31],[9.052,46.308],[9.054,46.31],[9.061,46.312],[9.068,46.319],[9.068,46.321],[9.055,46.326],[9.053,46.328],[9.053,46.332],[9.059,46.335],[9.068,46.332],[9.082,46.332],[9.084,46.33],[9.084,46.327],[9.092,46.323],[9.087,46.318],[9.077,46.314],[9.077,46.312],[9.074,46.31],[9.077,46.307],[9.075,46.305],[9.077,46.298],[9.079,46.296],[9.067,46.296],[9.061,46.299],[9.054,46.294]]],[[[8.901,47.034],[8.896,47.033],[8.887,47.036],[8.887,47.043],[8.89,47.045],[8.891,47.048],[8.896,47.051],[8.903,47.051],[8.909,47.053],[8.913,47.052],[8.916,47.054],[8.92,47.054],[8.931,47.063],[8.93,47.065],[8.936,47.067],[8.936,47.073],[8.94,47.073],[8.946,47.076],[8.953,47.076],[8.95,47.078],[8.96,47.083],[8.953,47.087],[8.947,47.085],[8.943,47.09],[8.947,47.094],[8.948,47.099],[8.95,47.1],[8.954,47.098],[8.956,47.094],[8.96,47.094],[8.963,47.091],[8.973,47.091],[8.979,47.087],[8.963,47.079],[8.961,47.071],[8.952,47.063],[8.952,47.052],[8.953,47.056],[8.959,47.061],[8.975,47.064],[8.982,47.068],[8.989,47.069],[8.986,47.071],[8.992,47.075],[9.006,47.074],[9.009,47.077],[9.015,47.076],[9.022,47.079],[9.032,47.079],[9.035,47.077],[9.032,47.075],[9.031,47.066],[9.028,47.063],[9.012,47.056],[8.998,47.055],[8.995,47.053],[8.994,47.048],[8.992,47.047],[8.985,47.047],[8.983,47.049],[8.988,47.055],[8.99,47.055],[8.985,47.056],[8.981,47.051],[8.972,47.047],[8.952,47.045],[8.939,47.047],[8.919,47.038],[8.915,47.041],[8.911,47.038],[8.909,47.034],[8.906,47.038],[8.901,47.034]]],[[[9.014,46.457],[9.017,46.457],[9.023,46.454],[9.024,46.452],[9.02,46.45],[9.023,46.448],[9.017,46.446],[9.014,46.448],[9.0,46.448],[8.994,46.452],[8.994,46.455],[8.989,46.459],[8.987,46.464],[8.981,46.467],[8.975,46.463],[8.969,46.466],[8.978,46.471],[8.973,46.473],[8.977,46.482],[8.991,46.484],[8.998,46.487],[9.013,46.488],[9.015,46.49],[9.017,46.486],[9.014,46.484],[9.014,46.481],[9.018,46.481],[9.018,46.479],[9.013,46.475],[9.013,46.47],[9.02,46.463],[9.02,46.461],[9.014,46.457]]],[[[8.964,47.103],[8.962,47.105],[8.97,47.109],[8.973,47.107],[8.98,47.107],[8.983,47.105],[8.977,47.101],[8.974,47.103],[8.964,47.103]]],[[[8.964,47.103],[8.954,47.101],[8.952,47.103],[8.96,47.105],[8.964,47.103]]],[[[8.92,46.251],[8.92,46.254],[8.917,46.254],[8.911,46.258],[8.912,46.26],[8.917,46.262],[8.926,46.262],[8.926,46.26],[8.929,46.258],[8.926,46.255],[8.926,46.251],[8.923,46.249],[8.92,46.251]]],[[[8.92,46.251],[8.923,46.246],[8.92,46.244],[8.92,46.242],[8.939,46.241],[8.942,46.239],[8.942,46.237],[8.939,46.235],[8.942,46.233],[8.946,46.234],[8.95,46.233],[8.955,46.228],[8.952,46.226],[8.942,46.226],[8.939,46.224],[8.936,46.226],[8.936,46.229],[8.93,46.233],[8.926,46.233],[8.923,46.236],[8.917,46.238],[8.91,46.234],[8.907,46.236],[8.897,46.236],[8.895,46.238],[8.891,46.238],[8.888,46.24],[8.888,46.243],[8.881,46.247],[8.888,46.251],[8.891,46.251],[8.904,46.248],[8.907,46.246],[8.91,46.248],[8.914,46.246],[8.92,46.251]]],[[[8.903,46.305],[8.913,46.31],[8.914,46.307],[8.912,46.305],[8.925,46.305],[8.928,46.303],[8.925,46.301],[8.918,46.301],[8.915,46.299],[8.903,46.305]]],[[[8.914,46.271],[8.908,46.272],[8.906,46.274],[8.897,46.274],[8.892,46.273],[8.888,46.27],[8.885,46.274],[8.89,46.276],[8.889,46.278],[8.893,46.281],[8.902,46.284],[8.904,46.283],[8.905,46.28],[8.911,46.278],[8.915,46.279],[8.919,46.276],[8.92,46.273],[8.914,46.271]]],[[[8.908,46.27],[8.911,46.271],[8.914,46.269],[8.911,46.263],[8.906,46.267],[8.908,46.27]]],[[[8.844,46.31],[8.837,46.309],[8.835,46.311],[8.834,46.316],[8.838,46.319],[8.838,46.323],[8.835,46.326],[8.835,46.329],[8.828,46.33],[8.828,46.333],[8.832,46.333],[8.835,46.337],[8.838,46.335],[8.845,46.335],[8.851,46.337],[8.854,46.335],[8.853,46.331],[8.857,46.326],[8.875,46.326],[8.873,46.321],[8.87,46.319],[8.854,46.32],[8.851,46.319],[8.852,46.317],[8.844,46.31]]],[[[8.873,46.321],[8.877,46.32],[8.883,46.323],[8.886,46.319],[8.883,46.316],[8.886,46.314],[8.899,46.315],[8.902,46.311],[8.908,46.31],[8.906,46.307],[8.899,46.308],[8.896,46.306],[8.883,46.306],[8.879,46.304],[8.879,46.301],[8.876,46.299],[8.87,46.301],[8.873,46.303],[8.873,46.308],[8.877,46.312],[8.871,46.319],[8.873,46.321]]],[[[8.887,47.057],[8.886,47.054],[8.883,47.057],[8.877,47.057],[8.875,47.059],[8.877,47.061],[8.872,47.061],[8.87,47.064],[8.874,47.065],[8.88,47.07],[8.893,47.068],[8.896,47.066],[8.887,47.057]]],[[[8.774,47.0],[8.783,47.003],[8.793,47.01],[8.796,47.008],[8.808,47.008],[8.813,47.012],[8.82,47.014],[8.833,47.023],[8.834,47.024],[8.83,47.026],[8.834,47.028],[8.835,47.033],[8.83,47.035],[8.823,47.035],[8.821,47.037],[8.837,47.044],[8.834,47.046],[8.834,47.049],[8.844,47.05],[8.847,47.048],[8.842,47.044],[8.843,47.037],[8.837,47.033],[8.839,47.028],[8.842,47.026],[8.842,47.017],[8.839,47.015],[8.84,47.014],[8.844,47.017],[8.846,47.021],[8.853,47.024],[8.856,47.028],[8.867,47.032],[8.866,47.037],[8.876,47.041],[8.877,47.043],[8.873,47.046],[8.88,47.052],[8.883,47.054],[8.886,47.052],[8.883,47.048],[8.881,47.048],[8.882,47.039],[8.872,47.032],[8.872,47.025],[8.869,47.023],[8.869,47.021],[8.866,47.019],[8.865,47.014],[8.862,47.012],[8.862,47.007],[8.852,47.0],[8.842,47.0],[8.836,47.002],[8.829,46.998],[8.823,47.001],[8.805,47.001],[8.796,47.0],[8.79,46.997],[8.783,46.997],[8.776,46.998],[8.774,47.0]]],[[[8.879,46.647],[8.873,46.647],[8.869,46.652],[8.87,46.654],[8.867,46.657],[8.869,46.659],[8.873,46.657],[8.875,46.654],[8.879,46.654],[8.882,46.652],[8.879,46.647]]],[[[8.854,46.339],[8.854,46.342],[8.855,46.34],[8.854,46.339]]],[[[8.854,46.342],[8.856,46.344],[8.855,46.349],[8.851,46.351],[8.849,46.355],[8.852,46.357],[8.853,46.355],[8.856,46.355],[8.865,46.359],[8.873,46.357],[8.864,46.351],[8.864,46.348],[8.859,46.344],[8.858,46.34],[8.854,46.342]]],[[[8.854,46.36],[8.848,46.355],[8.845,46.356],[8.842,46.36],[8.828,46.362],[8.829,46.365],[8.823,46.362],[8.819,46.364],[8.818,46.365],[8.823,46.366],[8.826,46.369],[8.826,46.372],[8.823,46.375],[8.82,46.374],[8.817,46.376],[8.817,46.386],[8.814,46.387],[8.817,46.389],[8.821,46.387],[8.827,46.387],[8.83,46.389],[8.833,46.387],[8.837,46.387],[8.839,46.39],[8.843,46.388],[8.846,46.389],[8.848,46.387],[8.846,46.385],[8.843,46.383],[8.839,46.384],[8.839,46.382],[8.833,46.38],[8.832,46.376],[8.835,46.374],[8.836,46.37],[8.855,46.371],[8.861,46.369],[8.858,46.366],[8.852,46.365],[8.852,46.362],[8.854,46.36]]],[[[8.827,46.297],[8.822,46.297],[8.824,46.309],[8.831,46.308],[8.833,46.306],[8.825,46.304],[8.83,46.302],[8.827,46.3],[8.827,46.297]]],[[[8.82,46.398],[8.81,46.388],[8.807,46.39],[8.797,46.39],[8.795,46.392],[8.797,46.394],[8.807,46.396],[8.804,46.401],[8.807,46.403],[8.811,46.402],[8.814,46.405],[8.82,46.403],[8.82,46.398]]],[[[8.778,47.004],[8.777,47.002],[8.77,47.001],[8.768,47.004],[8.777,47.006],[8.778,47.004]]],[[[8.764,46.327],[8.747,46.328],[8.745,46.33],[8.746,46.332],[8.736,46.334],[8.728,46.335],[8.724,46.332],[8.722,46.334],[8.723,46.337],[8.722,46.339],[8.718,46.341],[8.712,46.348],[8.702,46.349],[8.699,46.346],[8.695,46.347],[8.692,46.346],[8.689,46.348],[8.689,46.351],[8.682,46.357],[8.689,46.361],[8.692,46.359],[8.692,46.357],[8.694,46.357],[8.698,46.362],[8.696,46.364],[8.697,46.366],[8.702,46.37],[8.709,46.37],[8.714,46.368],[8.725,46.371],[8.726,46.37],[8.72,46.364],[8.729,46.357],[8.721,46.355],[8.721,46.35],[8.725,46.352],[8.728,46.351],[8.734,46.345],[8.738,46.345],[8.741,46.343],[8.751,46.345],[8.753,46.343],[8.749,46.341],[8.75,46.336],[8.767,46.336],[8.77,46.334],[8.764,46.327]]],[[[8.749,46.291],[8.756,46.291],[8.757,46.289],[8.755,46.287],[8.757,46.284],[8.756,46.283],[8.752,46.284],[8.751,46.287],[8.748,46.289],[8.749,46.291]]],[[[8.756,46.291],[8.759,46.294],[8.759,46.291],[8.756,46.291]]],[[[8.7,46.96],[8.697,46.958],[8.664,46.958],[8.646,46.965],[8.655,46.967],[8.657,46.969],[8.661,46.968],[8.664,46.964],[8.667,46.966],[8.674,46.967],[8.69,46.967],[8.693,46.964],[8.692,46.962],[8.697,46.963],[8.7,46.96]]],[[[8.685,46.33],[8.691,46.326],[8.694,46.321],[8.688,46.318],[8.685,46.319],[8.682,46.322],[8.676,46.324],[8.666,46.324],[8.668,46.321],[8.662,46.32],[8.659,46.322],[8.665,46.324],[8.659,46.324],[8.654,46.328],[8.656,46.33],[8.663,46.33],[8.669,46.328],[8.673,46.33],[8.673,46.335],[8.676,46.337],[8.679,46.336],[8.689,46.339],[8.692,46.337],[8.691,46.335],[8.689,46.333],[8.685,46.333],[8.685,46.33]]],[[[8.653,46.126],[8.648,46.122],[8.642,46.125],[8.639,46.122],[8.632,46.122],[8.629,46.124],[8.629,46.126],[8.626,46.124],[8.62,46.126],[8.622,46.128],[8.648,46.128],[8.653,46.126]]],[[[8.64,46.972],[8.638,46.968],[8.633,46.974],[8.648,46.98],[8.65,46.978],[8.644,46.976],[8.64,46.972]]],[[[8.635,46.257],[8.629,46.255],[8.625,46.259],[8.625,46.257],[8.619,46.255],[8.616,46.257],[8.606,46.257],[8.603,46.259],[8.599,46.255],[8.597,46.259],[8.593,46.261],[8.591,46.264],[8.596,46.266],[8.603,46.266],[8.606,46.263],[8.609,46.265],[8.612,46.263],[8.619,46.262],[8.625,46.263],[8.627,46.261],[8.634,46.259],[8.635,46.257]]],[[[8.557,46.28],[8.558,46.282],[8.559,46.28],[8.557,46.28]]],[[[8.558,46.282],[8.561,46.286],[8.564,46.283],[8.569,46.282],[8.574,46.284],[8.577,46.282],[8.577,46.279],[8.58,46.281],[8.587,46.28],[8.583,46.277],[8.574,46.274],[8.564,46.281],[8.558,46.282]]],[[[8.506,46.251],[8.495,46.251],[8.486,46.256],[8.494,46.26],[8.491,46.265],[8.493,46.266],[8.499,46.263],[8.499,46.268],[8.497,46.269],[8.496,46.274],[8.499,46.276],[8.502,46.274],[8.502,46.271],[8.509,46.269],[8.52,46.269],[8.525,46.272],[8.531,46.269],[8.535,46.27],[8.538,46.269],[8.541,46.271],[8.548,46.27],[8.554,46.275],[8.562,46.273],[8.567,46.274],[8.572,46.271],[8.576,46.266],[8.574,46.264],[8.57,46.267],[8.563,46.262],[8.563,46.26],[8.566,46.257],[8.563,46.255],[8.567,46.255],[8.57,46.253],[8.567,46.251],[8.56,46.251],[8.547,46.256],[8.544,46.254],[8.538,46.254],[8.533,46.255],[8.531,46.258],[8.519,46.258],[8.511,46.256],[8.509,46.254],[8.505,46.256],[8.506,46.251]]],[[[8.474,46.892],[8.472,46.891],[8.463,46.895],[8.466,46.897],[8.459,46.894],[8.449,46.895],[8.446,46.899],[8.437,46.904],[8.43,46.904],[8.424,46.906],[8.425,46.909],[8.443,46.91],[8.457,46.915],[8.459,46.917],[8.463,46.916],[8.465,46.92],[8.464,46.922],[8.466,46.923],[8.469,46.922],[8.469,46.924],[8.483,46.928],[8.489,46.926],[8.496,46.926],[8.499,46.923],[8.502,46.926],[8.522,46.927],[8.528,46.926],[8.531,46.923],[8.525,46.921],[8.518,46.921],[8.509,46.915],[8.499,46.915],[8.492,46.913],[8.492,46.91],[8.485,46.906],[8.472,46.906],[8.469,46.904],[8.472,46.901],[8.472,46.899],[8.475,46.9],[8.484,46.897],[8.479,46.895],[8.475,46.896],[8.474,46.892]]],[[[8.528,46.926],[8.529,46.928],[8.535,46.929],[8.542,46.934],[8.545,46.93],[8.552,46.932],[8.555,46.928],[8.551,46.926],[8.538,46.926],[8.532,46.924],[8.528,46.926]]],[[[8.543,46.222],[8.53,46.217],[8.527,46.22],[8.521,46.222],[8.518,46.22],[8.514,46.222],[8.508,46.222],[8.505,46.225],[8.501,46.225],[8.486,46.231],[8.469,46.231],[8.463,46.238],[8.463,46.245],[8.444,46.247],[8.441,46.249],[8.441,46.256],[8.444,46.258],[8.444,46.261],[8.451,46.265],[8.451,46.267],[8.454,46.269],[8.458,46.27],[8.46,46.269],[8.463,46.273],[8.47,46.272],[8.472,46.269],[8.468,46.267],[8.466,46.263],[8.46,46.261],[8.459,46.256],[8.46,46.255],[8.463,46.253],[8.466,46.255],[8.47,46.255],[8.473,46.258],[8.476,46.258],[8.485,46.254],[8.488,46.251],[8.482,46.25],[8.476,46.246],[8.486,46.237],[8.495,46.237],[8.5,46.235],[8.5,46.233],[8.502,46.232],[8.514,46.229],[8.521,46.229],[8.524,46.226],[8.54,46.227],[8.544,46.225],[8.547,46.229],[8.551,46.224],[8.547,46.22],[8.543,46.222]]],[[[8.501,46.305],[8.497,46.303],[8.485,46.31],[8.497,46.312],[8.507,46.31],[8.508,46.307],[8.506,46.305],[8.501,46.305]]],[[[8.343,46.871],[8.334,46.867],[8.324,46.874],[8.314,46.874],[8.312,46.876],[8.314,46.878],[8.323,46.878],[8.322,46.88],[8.324,46.882],[8.327,46.882],[8.33,46.88],[8.331,46.875],[8.334,46.878],[8.343,46.873],[8.343,46.871]]],[[[8.24,46.973],[8.23,46.973],[8.225,46.978],[8.231,46.979],[8.237,46.977],[8.24,46.979],[8.247,46.979],[8.25,46.977],[8.244,46.977],[8.24,46.973]]],[[[7.194,45.86],[7.188,45.858],[7.185,45.86],[7.175,45.862],[7.162,45.871],[7.162,45.874],[7.152,45.878],[7.149,45.876],[7.139,45.876],[7.136,45.874],[7.136,45.871],[7.126,45.865],[7.123,45.865],[7.123,45.862],[7.114,45.858],[7.104,45.858],[7.094,45.864],[7.094,45.869],[7.091,45.871],[7.091,45.876],[7.081,45.882],[7.081,45.885],[7.075,45.889],[7.075,45.894],[7.072,45.896],[7.068,45.896],[7.062,45.9],[7.062,45.912],[7.058,45.911],[7.046,45.92],[7.046,45.923],[7.042,45.925],[7.042,45.927],[7.039,45.929],[7.039,45.932],[7.033,45.938],[7.033,45.95],[7.036,45.952],[7.036,45.954],[7.023,45.956],[7.02,45.959],[7.016,45.959],[7.007,45.967],[7.007,45.972],[7.013,45.976],[7.013,45.979],[7.016,45.981],[7.016,45.983],[7.01,45.988],[7.01,45.999],[6.993,45.999],[6.987,46.003],[6.984,46.003],[6.98,46.006],[6.98,46.017],[6.974,46.021],[6.971,46.024],[6.971,46.026],[6.954,46.037],[6.955,46.039],[6.953,46.041],[6.957,46.044],[6.965,46.044],[6.967,46.048],[6.972,46.051],[6.975,46.051],[6.981,46.044],[6.979,46.037],[6.977,46.035],[6.98,46.035],[6.987,46.039],[7.003,46.034],[7.009,46.028],[7.009,46.026],[7.012,46.028],[7.019,46.025],[7.03,46.026],[7.023,46.031],[7.025,46.033],[7.022,46.037],[7.008,46.044],[7.013,46.046],[7.006,46.053],[7.009,46.056],[7.035,46.054],[7.036,46.06],[7.041,46.061],[7.054,46.058],[7.054,46.055],[7.044,46.049],[7.049,46.042],[7.048,46.039],[7.054,46.043],[7.061,46.043],[7.067,46.045],[7.072,46.04],[7.08,46.04],[7.083,46.037],[7.071,46.031],[7.063,46.031],[7.061,46.029],[7.061,46.023],[7.087,46.025],[7.093,46.029],[7.096,46.027],[7.1,46.028],[7.102,46.026],[7.101,46.022],[7.095,46.017],[7.086,46.013],[7.084,46.01],[7.087,46.013],[7.093,46.006],[7.103,46.007],[7.104,46.006],[7.103,46.002],[7.1,45.999],[7.093,45.997],[7.087,46.0],[7.08,46.0],[7.078,45.999],[7.079,45.997],[7.077,45.995],[7.074,45.995],[7.071,45.989],[7.067,45.988],[7.067,45.986],[7.069,45.986],[7.081,45.989],[7.09,45.98],[7.097,45.979],[7.099,45.977],[7.094,45.973],[7.09,45.973],[7.085,45.97],[7.09,45.966],[7.09,45.959],[7.087,45.957],[7.084,45.95],[7.085,45.948],[7.081,45.946],[7.074,45.946],[7.071,45.948],[7.071,45.945],[7.069,45.943],[7.071,45.936],[7.078,45.934],[7.083,45.93],[7.08,45.927],[7.08,45.923],[7.078,45.92],[7.087,45.922],[7.092,45.921],[7.087,45.914],[7.091,45.908],[7.092,45.912],[7.094,45.913],[7.1,45.911],[7.11,45.904],[7.115,45.903],[7.116,45.9],[7.102,45.898],[7.1,45.897],[7.1,45.894],[7.107,45.895],[7.11,45.897],[7.123,45.889],[7.133,45.889],[7.133,45.896],[7.129,45.896],[7.126,45.894],[7.122,45.896],[7.123,45.9],[7.127,45.9],[7.127,45.907],[7.129,45.912],[7.122,45.918],[7.123,45.923],[7.113,45.927],[7.111,45.93],[7.113,45.932],[7.123,45.934],[7.119,45.939],[7.126,45.945],[7.13,45.945],[7.13,45.948],[7.126,45.952],[7.14,45.959],[7.139,45.962],[7.137,45.963],[7.137,45.968],[7.142,45.973],[7.152,45.977],[7.154,45.975],[7.154,45.972],[7.152,45.97],[7.145,45.966],[7.151,45.963],[7.143,45.957],[7.145,45.955],[7.152,45.954],[7.155,45.95],[7.161,45.957],[7.16,45.959],[7.165,45.966],[7.171,45.97],[7.181,45.973],[7.188,45.968],[7.186,45.964],[7.187,45.96],[7.189,45.959],[7.19,45.949],[7.196,45.943],[7.196,45.939],[7.19,45.934],[7.189,45.93],[7.185,45.925],[7.181,45.923],[7.19,45.919],[7.192,45.916],[7.19,45.912],[7.19,45.907],[7.184,45.905],[7.18,45.901],[7.179,45.898],[7.181,45.897],[7.187,45.9],[7.19,45.898],[7.194,45.898],[7.202,45.905],[7.205,45.914],[7.204,45.925],[7.21,45.93],[7.213,45.938],[7.223,45.936],[7.225,45.934],[7.229,45.934],[7.232,45.932],[7.236,45.932],[7.239,45.934],[7.242,45.933],[7.247,45.937],[7.245,45.943],[7.229,45.947],[7.222,45.952],[7.221,45.957],[7.229,45.958],[7.233,45.961],[7.227,45.964],[7.226,45.968],[7.223,45.97],[7.221,45.975],[7.226,45.975],[7.233,45.982],[7.214,45.986],[7.215,45.991],[7.223,45.993],[7.223,45.995],[7.203,45.998],[7.201,46.0],[7.206,46.004],[7.212,46.006],[7.214,46.009],[7.207,46.013],[7.203,46.013],[7.195,46.02],[7.195,46.027],[7.197,46.027],[7.198,46.031],[7.195,46.033],[7.194,46.036],[7.184,46.038],[7.178,46.042],[7.18,46.044],[7.184,46.044],[7.187,46.048],[7.196,46.046],[7.2,46.047],[7.205,46.045],[7.207,46.038],[7.211,46.036],[7.21,46.033],[7.213,46.033],[7.219,46.028],[7.226,46.028],[7.229,46.031],[7.23,46.036],[7.232,46.037],[7.242,46.035],[7.243,46.04],[7.245,46.041],[7.255,46.039],[7.261,46.036],[7.268,46.036],[7.274,46.038],[7.278,46.036],[7.277,46.027],[7.28,46.029],[7.284,46.028],[7.286,46.027],[7.287,46.024],[7.289,46.024],[7.286,46.029],[7.29,46.031],[7.306,46.031],[7.316,46.023],[7.324,46.02],[7.326,46.015],[7.329,46.015],[7.331,46.013],[7.328,46.006],[7.329,46.004],[7.332,46.005],[7.338,46.002],[7.342,46.002],[7.347,45.998],[7.349,45.993],[7.348,45.989],[7.35,45.986],[7.348,45.984],[7.348,45.966],[7.345,45.964],[7.345,45.961],[7.352,45.957],[7.355,45.957],[7.356,45.959],[7.356,45.973],[7.358,45.977],[7.355,45.982],[7.355,45.989],[7.352,45.993],[7.355,45.998],[7.358,45.999],[7.358,46.001],[7.348,46.004],[7.345,46.007],[7.345,46.011],[7.348,46.01],[7.349,46.011],[7.347,46.013],[7.348,46.02],[7.345,46.021],[7.342,46.018],[7.34,46.02],[7.341,46.025],[7.345,46.025],[7.34,46.029],[7.335,46.029],[7.329,46.033],[7.329,46.036],[7.313,46.04],[7.316,46.042],[7.316,46.045],[7.32,46.049],[7.313,46.045],[7.306,46.045],[7.297,46.052],[7.293,46.052],[7.291,46.054],[7.292,46.056],[7.284,46.06],[7.284,46.063],[7.287,46.065],[7.287,46.067],[7.284,46.07],[7.271,46.073],[7.262,46.081],[7.254,46.083],[7.252,46.085],[7.255,46.087],[7.248,46.091],[7.246,46.094],[7.248,46.096],[7.252,46.096],[7.255,46.099],[7.253,46.101],[7.252,46.11],[7.246,46.114],[7.245,46.117],[7.232,46.122],[7.228,46.122],[7.222,46.118],[7.219,46.12],[7.216,46.118],[7.212,46.12],[7.203,46.12],[7.199,46.116],[7.196,46.121],[7.199,46.124],[7.203,46.125],[7.206,46.123],[7.208,46.126],[7.207,46.128],[7.209,46.13],[7.215,46.13],[7.219,46.133],[7.225,46.132],[7.232,46.133],[7.233,46.13],[7.246,46.128],[7.25,46.126],[7.25,46.123],[7.248,46.121],[7.261,46.118],[7.266,46.123],[7.259,46.135],[7.264,46.137],[7.267,46.135],[7.28,46.133],[7.287,46.134],[7.283,46.137],[7.283,46.144],[7.29,46.148],[7.291,46.15],[7.289,46.153],[7.293,46.154],[7.297,46.153],[7.299,46.148],[7.303,46.149],[7.308,46.146],[7.305,46.144],[7.306,46.139],[7.302,46.135],[7.302,46.132],[7.305,46.13],[7.302,46.128],[7.304,46.126],[7.3,46.123],[7.299,46.119],[7.303,46.12],[7.309,46.125],[7.312,46.123],[7.312,46.121],[7.322,46.116],[7.326,46.119],[7.32,46.126],[7.327,46.13],[7.325,46.135],[7.329,46.137],[7.329,46.144],[7.332,46.149],[7.336,46.15],[7.335,46.155],[7.332,46.157],[7.333,46.159],[7.339,46.164],[7.345,46.165],[7.348,46.169],[7.358,46.167],[7.361,46.168],[7.365,46.173],[7.364,46.175],[7.367,46.179],[7.372,46.171],[7.37,46.159],[7.376,46.153],[7.373,46.15],[7.376,46.141],[7.372,46.139],[7.373,46.135],[7.372,46.132],[7.38,46.128],[7.38,46.121],[7.384,46.119],[7.384,46.117],[7.38,46.114],[7.386,46.11],[7.387,46.103],[7.396,46.097],[7.393,46.094],[7.397,46.087],[7.4,46.09],[7.416,46.089],[7.418,46.09],[7.413,46.092],[7.415,46.097],[7.414,46.101],[7.42,46.108],[7.41,46.117],[7.414,46.119],[7.41,46.123],[7.412,46.128],[7.418,46.135],[7.415,46.148],[7.419,46.15],[7.422,46.148],[7.434,46.146],[7.438,46.141],[7.44,46.132],[7.452,46.131],[7.454,46.128],[7.45,46.121],[7.452,46.119],[7.448,46.114],[7.445,46.113],[7.445,46.111],[7.448,46.112],[7.451,46.11],[7.445,46.107],[7.442,46.108],[7.445,46.106],[7.444,46.103],[7.441,46.101],[7.442,46.099],[7.451,46.108],[7.461,46.114],[7.468,46.112],[7.471,46.108],[7.481,46.105],[7.483,46.103],[7.485,46.099],[7.482,46.097],[7.482,46.094],[7.488,46.088],[7.479,46.088],[7.478,46.085],[7.479,46.083],[7.476,46.081],[7.483,46.076],[7.483,46.072],[7.48,46.07],[7.482,46.065],[7.477,46.064],[7.476,46.056],[7.464,46.056],[7.464,46.051],[7.474,46.049],[7.48,46.043],[7.479,46.04],[7.474,46.039],[7.473,46.036],[7.47,46.034],[7.47,46.031],[7.467,46.029],[7.467,46.025],[7.469,46.022],[7.474,46.02],[7.474,46.017],[7.484,46.006],[7.487,46.008],[7.495,46.007],[7.496,46.002],[7.5,45.999],[7.497,46.004],[7.497,46.012],[7.487,46.02],[7.491,46.022],[7.492,46.027],[7.494,46.028],[7.494,46.034],[7.5,46.04],[7.499,46.045],[7.505,46.054],[7.498,46.058],[7.499,46.063],[7.507,46.07],[7.505,46.072],[7.507,46.074],[7.513,46.072],[7.527,46.072],[7.535,46.067],[7.537,46.065],[7.536,46.063],[7.544,46.058],[7.545,46.054],[7.548,46.051],[7.547,46.047],[7.548,46.042],[7.544,46.04],[7.545,46.038],[7.549,46.042],[7.55,46.047],[7.555,46.049],[7.556,46.051],[7.555,46.054],[7.562,46.058],[7.563,46.063],[7.553,46.067],[7.553,46.069],[7.556,46.072],[7.555,46.073],[7.546,46.076],[7.546,46.078],[7.551,46.083],[7.546,46.085],[7.546,46.09],[7.535,46.092],[7.541,46.099],[7.539,46.101],[7.535,46.101],[7.532,46.103],[7.535,46.105],[7.536,46.108],[7.531,46.11],[7.53,46.114],[7.526,46.119],[7.523,46.122],[7.516,46.122],[7.51,46.126],[7.51,46.129],[7.505,46.132],[7.504,46.135],[7.507,46.136],[7.507,46.138],[7.503,46.14],[7.489,46.141],[7.487,46.144],[7.483,46.146],[7.49,46.15],[7.494,46.15],[7.494,46.155],[7.481,46.162],[7.475,46.168],[7.471,46.177],[7.465,46.18],[7.465,46.189],[7.468,46.192],[7.473,46.193],[7.475,46.202],[7.474,46.204],[7.462,46.209],[7.459,46.213],[7.459,46.216],[7.471,46.218],[7.477,46.225],[7.476,46.227],[7.481,46.229],[7.492,46.227],[7.492,46.222],[7.494,46.222],[7.498,46.218],[7.496,46.216],[7.503,46.212],[7.52,46.215],[7.52,46.217],[7.516,46.218],[7.521,46.22],[7.521,46.222],[7.523,46.223],[7.526,46.222],[7.527,46.225],[7.525,46.231],[7.522,46.234],[7.525,46.236],[7.529,46.236],[7.536,46.234],[7.542,46.227],[7.547,46.225],[7.55,46.216],[7.548,46.213],[7.555,46.213],[7.558,46.211],[7.557,46.207],[7.561,46.204],[7.561,46.195],[7.564,46.191],[7.556,46.186],[7.558,46.182],[7.558,46.177],[7.555,46.176],[7.555,46.173],[7.559,46.171],[7.555,46.169],[7.558,46.161],[7.568,46.161],[7.575,46.163],[7.579,46.166],[7.578,46.168],[7.584,46.172],[7.587,46.171],[7.591,46.166],[7.594,46.167],[7.597,46.161],[7.612,46.153],[7.609,46.148],[7.612,46.144],[7.613,46.139],[7.617,46.135],[7.615,46.132],[7.61,46.13],[7.615,46.128],[7.622,46.121],[7.623,46.112],[7.629,46.108],[7.631,46.103],[7.635,46.099],[7.629,46.095],[7.629,46.09],[7.626,46.087],[7.629,46.085],[7.633,46.089],[7.633,46.092],[7.641,46.096],[7.642,46.098],[7.655,46.101],[7.658,46.1],[7.662,46.102],[7.665,46.101],[7.666,46.103],[7.662,46.106],[7.652,46.108],[7.649,46.11],[7.65,46.112],[7.645,46.114],[7.644,46.117],[7.641,46.119],[7.642,46.123],[7.649,46.124],[7.648,46.128],[7.653,46.135],[7.65,46.137],[7.647,46.146],[7.642,46.147],[7.643,46.153],[7.636,46.157],[7.63,46.164],[7.644,46.171],[7.63,46.171],[7.624,46.175],[7.635,46.182],[7.618,46.191],[7.619,46.193],[7.615,46.198],[7.617,46.207],[7.611,46.211],[7.617,46.215],[7.63,46.214],[7.631,46.216],[7.627,46.222],[7.622,46.225],[7.621,46.229],[7.617,46.229],[7.61,46.232],[7.6,46.24],[7.604,46.246],[7.608,46.247],[7.609,46.252],[7.608,46.254],[7.598,46.258],[7.598,46.27],[7.607,46.273],[7.62,46.274],[7.625,46.272],[7.63,46.267],[7.633,46.269],[7.636,46.267],[7.637,46.274],[7.643,46.278],[7.645,46.276],[7.653,46.275],[7.655,46.269],[7.658,46.269],[7.659,46.271],[7.662,46.271],[7.666,46.274],[7.672,46.273],[7.679,46.275],[7.686,46.272],[7.688,46.267],[7.696,46.263],[7.694,46.26],[7.698,46.256],[7.691,46.251],[7.698,46.251],[7.704,46.247],[7.704,46.236],[7.701,46.234],[7.701,46.232],[7.704,46.229],[7.7,46.227],[7.703,46.222],[7.691,46.207],[7.691,46.182],[7.694,46.186],[7.701,46.187],[7.704,46.191],[7.705,46.202],[7.701,46.204],[7.701,46.208],[7.711,46.213],[7.717,46.211],[7.717,46.218],[7.715,46.222],[7.721,46.222],[7.722,46.224],[7.722,46.233],[7.725,46.236],[7.723,46.24],[7.725,46.242],[7.722,46.247],[7.725,46.249],[7.724,46.252],[7.718,46.254],[7.73,46.257],[7.734,46.256],[7.729,46.26],[7.728,46.263],[7.731,46.272],[7.727,46.273],[7.724,46.276],[7.727,46.278],[7.744,46.282],[7.748,46.278],[7.755,46.276],[7.756,46.269],[7.762,46.269],[7.766,46.271],[7.769,46.269],[7.766,46.265],[7.766,46.262],[7.769,46.26],[7.767,46.253],[7.769,46.252],[7.773,46.251],[7.774,46.256],[7.776,46.257],[7.782,46.255],[7.786,46.257],[7.786,46.26],[7.792,46.264],[7.795,46.259],[7.799,46.261],[7.803,46.26],[7.805,46.262],[7.808,46.261],[7.811,46.257],[7.818,46.255],[7.823,46.251],[7.821,46.249],[7.823,46.247],[7.822,46.244],[7.824,46.239],[7.826,46.238],[7.818,46.233],[7.811,46.233],[7.808,46.227],[7.798,46.229],[7.794,46.222],[7.795,46.22],[7.785,46.216],[7.791,46.213],[7.798,46.213],[7.804,46.211],[7.795,46.204],[7.786,46.204],[7.78,46.199],[7.782,46.195],[7.787,46.193],[7.775,46.186],[7.779,46.184],[7.781,46.181],[7.772,46.18],[7.769,46.175],[7.765,46.175],[7.768,46.172],[7.772,46.172],[7.774,46.17],[7.774,46.168],[7.772,46.167],[7.764,46.166],[7.766,46.165],[7.766,46.163],[7.765,46.159],[7.762,46.157],[7.762,46.155],[7.772,46.156],[7.775,46.154],[7.774,46.15],[7.768,46.148],[7.765,46.145],[7.765,46.138],[7.769,46.137],[7.768,46.132],[7.771,46.13],[7.769,46.128],[7.765,46.128],[7.762,46.125],[7.762,46.119],[7.756,46.117],[7.751,46.112],[7.758,46.107],[7.755,46.105],[7.755,46.102],[7.759,46.103],[7.76,46.098],[7.764,46.096],[7.755,46.093],[7.754,46.092],[7.755,46.089],[7.746,46.085],[7.742,46.085],[7.735,46.08],[7.737,46.078],[7.746,46.077],[7.755,46.078],[7.76,46.076],[7.759,46.072],[7.752,46.066],[7.752,46.063],[7.755,46.06],[7.748,46.053],[7.751,46.051],[7.749,46.047],[7.745,46.048],[7.736,46.045],[7.736,46.041],[7.74,46.04],[7.736,46.036],[7.732,46.036],[7.729,46.034],[7.723,46.036],[7.719,46.035],[7.719,46.031],[7.729,46.024],[7.721,46.02],[7.72,46.017],[7.707,46.016],[7.703,46.018],[7.69,46.018],[7.684,46.016],[7.681,46.013],[7.674,46.013],[7.665,46.014],[7.661,46.02],[7.66,46.013],[7.645,46.013],[7.645,46.011],[7.636,46.004],[7.658,46.003],[7.665,46.005],[7.671,46.003],[7.69,46.003],[7.694,46.006],[7.697,46.004],[7.703,46.005],[7.71,46.001],[7.716,46.001],[7.718,45.999],[7.717,45.995],[7.71,45.991],[7.706,45.991],[7.703,45.988],[7.706,45.99],[7.717,45.99],[7.719,45.992],[7.723,45.991],[7.725,45.986],[7.737,45.984],[7.739,45.982],[7.738,45.979],[7.744,45.975],[7.741,45.97],[7.742,45.968],[7.746,45.97],[7.744,45.972],[7.745,45.973],[7.752,45.973],[7.764,45.967],[7.766,45.97],[7.772,45.972],[7.774,45.975],[7.777,45.973],[7.787,45.976],[7.803,45.976],[7.806,45.974],[7.802,45.979],[7.807,45.983],[7.806,45.984],[7.797,45.981],[7.791,45.984],[7.771,45.982],[7.755,45.984],[7.748,45.987],[7.743,45.993],[7.739,45.995],[7.742,45.997],[7.762,45.999],[7.76,46.004],[7.761,46.005],[7.765,46.005],[7.774,45.999],[7.77,46.004],[7.797,46.008],[7.807,46.008],[7.798,46.013],[7.799,46.017],[7.787,46.018],[7.784,46.019],[7.782,46.022],[7.785,46.026],[7.785,46.029],[7.779,46.035],[7.782,46.038],[7.778,46.042],[7.783,46.044],[7.785,46.047],[7.798,46.053],[7.795,46.055],[7.794,46.06],[7.8,46.06],[7.8,46.057],[7.804,46.059],[7.809,46.058],[7.811,46.055],[7.807,46.048],[7.813,46.052],[7.817,46.052],[7.821,46.049],[7.823,46.044],[7.836,46.042],[7.836,46.047],[7.827,46.055],[7.826,46.058],[7.82,46.06],[7.82,46.062],[7.827,46.069],[7.825,46.071],[7.817,46.07],[7.814,46.073],[7.807,46.075],[7.804,46.078],[7.804,46.081],[7.802,46.082],[7.804,46.085],[7.814,46.086],[7.82,46.091],[7.821,46.094],[7.817,46.092],[7.807,46.092],[7.805,46.094],[7.805,46.096],[7.814,46.099],[7.815,46.105],[7.811,46.107],[7.817,46.111],[7.821,46.116],[7.82,46.12],[7.817,46.119],[7.815,46.121],[7.815,46.123],[7.821,46.125],[7.821,46.127],[7.817,46.129],[7.815,46.132],[7.817,46.136],[7.815,46.139],[7.818,46.141],[7.818,46.143],[7.815,46.145],[7.813,46.15],[7.821,46.15],[7.823,46.154],[7.827,46.156],[7.833,46.152],[7.837,46.154],[7.847,46.154],[7.847,46.156],[7.844,46.159],[7.848,46.163],[7.846,46.167],[7.847,46.173],[7.838,46.177],[7.843,46.179],[7.847,46.178],[7.847,46.18],[7.845,46.181],[7.854,46.183],[7.852,46.186],[7.853,46.188],[7.857,46.19],[7.857,46.192],[7.86,46.194],[7.866,46.196],[7.869,46.2],[7.875,46.199],[7.872,46.192],[7.873,46.186],[7.876,46.185],[7.882,46.187],[7.884,46.186],[7.885,46.183],[7.879,46.177],[7.876,46.177],[7.875,46.172],[7.876,46.17],[7.874,46.168],[7.879,46.167],[7.882,46.169],[7.898,46.172],[7.904,46.165],[7.902,46.161],[7.908,46.156],[7.914,46.154],[7.914,46.152],[7.911,46.15],[7.908,46.151],[7.904,46.15],[7.904,46.147],[7.902,46.145],[7.905,46.143],[7.905,46.141],[7.915,46.134],[7.91,46.127],[7.914,46.127],[7.917,46.125],[7.917,46.12],[7.914,46.118],[7.908,46.118],[7.904,46.12],[7.901,46.118],[7.902,46.109],[7.898,46.103],[7.894,46.103],[7.891,46.097],[7.901,46.099],[7.905,46.098],[7.908,46.093],[7.912,46.093],[7.916,46.096],[7.927,46.097],[7.937,46.102],[7.949,46.091],[7.946,46.089],[7.946,46.086],[7.948,46.084],[7.947,46.08],[7.95,46.071],[7.949,46.063],[7.955,46.057],[7.962,46.058],[7.963,46.064],[7.967,46.071],[7.963,46.075],[7.965,46.08],[7.982,46.076],[7.988,46.077],[7.991,46.075],[7.985,46.082],[7.979,46.084],[7.975,46.083],[7.969,46.086],[7.975,46.09],[7.978,46.089],[7.979,46.091],[7.972,46.095],[7.969,46.098],[7.969,46.1],[7.975,46.102],[7.979,46.101],[7.985,46.104],[7.991,46.104],[7.988,46.107],[7.982,46.107],[7.977,46.111],[7.969,46.111],[7.966,46.109],[7.957,46.113],[7.957,46.116],[7.953,46.12],[7.958,46.122],[7.959,46.125],[7.956,46.125],[7.951,46.129],[7.96,46.134],[7.959,46.14],[7.96,46.143],[7.965,46.145],[7.962,46.145],[7.953,46.139],[7.951,46.14],[7.951,46.143],[7.957,46.147],[7.95,46.157],[7.945,46.158],[7.949,46.161],[7.948,46.163],[7.951,46.167],[7.947,46.17],[7.944,46.169],[7.939,46.174],[7.928,46.179],[7.934,46.181],[7.937,46.183],[7.937,46.185],[7.928,46.192],[7.929,46.197],[7.927,46.199],[7.93,46.203],[7.928,46.206],[7.929,46.212],[7.928,46.215],[7.916,46.221],[7.915,46.224],[7.915,46.226],[7.925,46.228],[7.928,46.225],[7.929,46.226],[7.923,46.23],[7.925,46.232],[7.931,46.233],[7.936,46.237],[7.935,46.242],[7.932,46.244],[7.935,46.251],[7.932,46.253],[7.933,46.255],[7.938,46.257],[7.941,46.253],[7.941,46.248],[7.948,46.241],[7.95,46.235],[7.957,46.226],[7.957,46.224],[7.964,46.221],[7.967,46.225],[7.967,46.23],[7.964,46.232],[7.964,46.235],[7.961,46.237],[7.961,46.239],[7.965,46.241],[7.966,46.244],[7.964,46.248],[7.966,46.253],[7.964,46.262],[7.969,46.271],[7.973,46.275],[7.971,46.277],[7.971,46.28],[7.974,46.282],[7.973,46.284],[7.981,46.286],[7.978,46.289],[7.98,46.29],[7.99,46.29],[7.996,46.286],[7.995,46.275],[7.99,46.275],[7.995,46.268],[8.01,46.268],[8.013,46.27],[8.022,46.271],[8.025,46.268],[8.025,46.261],[8.02,46.257],[8.019,46.254],[8.012,46.253],[8.005,46.248],[8.002,46.241],[8.002,46.223],[8.012,46.223],[8.019,46.22],[8.031,46.21],[8.031,46.203],[8.026,46.198],[8.022,46.199],[8.024,46.196],[8.032,46.194],[8.038,46.196],[8.04,46.194],[8.041,46.189],[8.047,46.189],[8.058,46.183],[8.059,46.18],[8.054,46.178],[8.057,46.176],[8.057,46.174],[8.05,46.165],[8.047,46.165],[8.047,46.16],[8.042,46.153],[8.053,46.152],[8.06,46.155],[8.068,46.155],[8.071,46.158],[8.071,46.164],[8.073,46.166],[8.08,46.164],[8.08,46.169],[8.085,46.171],[8.084,46.176],[8.086,46.177],[8.091,46.176],[8.092,46.173],[8.095,46.171],[8.094,46.167],[8.089,46.163],[8.096,46.158],[8.095,46.155],[8.092,46.154],[8.092,46.149],[8.088,46.146],[8.091,46.142],[8.089,46.135],[8.091,46.133],[8.089,46.131],[8.082,46.129],[8.080333333333337,46.129666666666665],[8.082,46.128],[8.076,46.122],[8.079,46.117],[8.082,46.123],[8.089,46.124],[8.095,46.128],[8.1,46.128],[8.099,46.137],[8.102,46.139],[8.108,46.139],[8.107,46.142],[8.108,46.143],[8.113,46.144],[8.115,46.148],[8.119,46.148],[8.119,46.153],[8.121,46.155],[8.125,46.155],[8.129,46.162],[8.137,46.162],[8.134,46.16],[8.134,46.157],[8.136,46.155],[8.143,46.157],[8.146,46.162],[8.145,46.166],[8.149,46.168],[8.144,46.172],[8.137,46.173],[8.144,46.173],[8.146,46.175],[8.144,46.178],[8.149,46.18],[8.148,46.182],[8.151,46.184],[8.157,46.182],[8.164,46.182],[8.167,46.18],[8.157,46.171],[8.157,46.168],[8.154,46.166],[8.153,46.162],[8.154,46.159],[8.15,46.157],[8.15,46.153],[8.154,46.15],[8.153,46.146],[8.141,46.137],[8.124,46.135],[8.118,46.131],[8.114,46.128],[8.114,46.117],[8.108,46.113],[8.105,46.113],[8.098,46.108],[8.069,46.106],[8.066,46.104],[8.05,46.102],[8.046,46.099],[8.04,46.099],[8.033,46.095],[8.033,46.09],[8.03,46.088],[8.03,46.084],[8.027,46.082],[8.027,46.079],[8.023,46.077],[8.023,46.075],[8.027,46.072],[8.027,46.061],[8.03,46.059],[8.03,46.054],[8.033,46.052],[8.033,46.045],[8.02,46.037],[8.02,46.034],[8.016,46.032],[8.016,46.023],[8.013,46.021],[8.013,46.014],[8.01,46.012],[8.0,46.01],[8.0,46.007],[7.987,45.996],[7.981,45.996],[7.978,45.999],[7.968,45.999],[7.965,45.996],[7.939,45.997],[7.936,45.994],[7.906,45.994],[7.906,45.992],[7.9,45.985],[7.884,45.974],[7.88,45.974],[7.88,45.961],[7.877,45.959],[7.877,45.952],[7.874,45.95],[7.874,45.945],[7.871,45.943],[7.87,45.938],[7.87,45.936],[7.874,45.934],[7.874,45.931],[7.877,45.929],[7.877,45.927],[7.864,45.918],[7.858,45.92],[7.845,45.92],[7.842,45.923],[7.832,45.923],[7.829,45.925],[7.819,45.927],[7.819,45.925],[7.812,45.921],[7.806,45.921],[7.803,45.918],[7.793,45.918],[7.79,45.921],[7.79,45.923],[7.784,45.927],[7.78,45.927],[7.771,45.934],[7.767,45.934],[7.764,45.936],[7.764,45.939],[7.748,45.939],[7.742,45.934],[7.742,45.932],[7.735,45.93],[7.735,45.925],[7.732,45.923],[7.719,45.923],[7.713,45.928],[7.713,45.93],[7.706,45.934],[7.706,45.95],[7.703,45.95],[7.697,45.955],[7.684,45.955],[7.68,45.957],[7.674,45.961],[7.674,45.966],[7.661,45.975],[7.648,45.975],[7.642,45.97],[7.626,45.97],[7.616,45.973],[7.61,45.968],[7.6,45.968],[7.597,45.971],[7.587,45.971],[7.577,45.977],[7.577,45.982],[7.571,45.986],[7.568,45.986],[7.564,45.984],[7.548,45.984],[7.548,45.982],[7.545,45.98],[7.545,45.977],[7.542,45.975],[7.545,45.973],[7.545,45.966],[7.548,45.964],[7.542,45.957],[7.535,45.955],[7.532,45.957],[7.522,45.957],[7.516,45.962],[7.506,45.962],[7.503,45.959],[7.497,45.957],[7.477,45.953],[7.471,45.948],[7.471,45.946],[7.474,45.944],[7.474,45.939],[7.468,45.935],[7.458,45.935],[7.455,45.932],[7.445,45.93],[7.438,45.926],[7.435,45.923],[7.435,45.921],[7.426,45.914],[7.416,45.912],[7.41,45.908],[7.4,45.91],[7.397,45.908],[7.397,45.905],[7.387,45.899],[7.377,45.899],[7.365,45.903],[7.358,45.908],[7.352,45.91],[7.352,45.912],[7.348,45.912],[7.345,45.914],[7.323,45.91],[7.313,45.917],[7.303,45.917],[7.294,45.921],[7.29,45.921],[7.29,45.919],[7.287,45.917],[7.287,45.914],[7.281,45.91],[7.281,45.907],[7.255,45.89],[7.252,45.89],[7.245,45.894],[7.239,45.89],[7.226,45.892],[7.22,45.887],[7.216,45.887],[7.2,45.876],[7.2,45.865],[7.194,45.86]],[[8.07842857142857,46.130428571428574],[8.077,46.131],[8.076,46.128],[8.07842857142857,46.130428571428574]],[[7.406,46.036],[7.407,46.04],[7.404,46.045],[7.404,46.052],[7.4,46.056],[7.401,46.061],[7.397,46.067],[7.397,46.07],[7.404,46.076],[7.404,46.079],[7.399,46.079],[7.397,46.075],[7.393,46.079],[7.393,46.075],[7.396,46.072],[7.396,46.07],[7.393,46.068],[7.393,46.057],[7.395,46.056],[7.396,46.052],[7.402,46.043],[7.403,46.037],[7.406,46.036]]],[[[7.348,46.004],[7.35,46.0],[7.345,46.0],[7.348,46.004]]],[[[7.199,46.116],[7.194,46.116],[7.196,46.118],[7.199,46.116]]],[[[7.965,46.765],[7.959,46.765],[7.957,46.77],[7.966,46.772],[7.967,46.777],[7.976,46.781],[7.983,46.781],[7.989,46.783],[7.989,46.786],[7.992,46.79],[8.008,46.791],[8.018,46.798],[8.031,46.798],[8.038,46.801],[8.045,46.799],[8.054,46.803],[8.057,46.801],[8.067,46.8],[8.081,46.803],[8.086,46.801],[8.083,46.799],[8.084,46.798],[8.09,46.802],[8.094,46.801],[8.096,46.805],[8.094,46.808],[8.11,46.81],[8.113,46.807],[8.113,46.805],[8.109,46.803],[8.12,46.805],[8.123,46.803],[8.13,46.804],[8.134,46.803],[8.129,46.801],[8.127,46.798],[8.109,46.796],[8.108,46.794],[8.12,46.789],[8.11,46.788],[8.107,46.79],[8.106,46.789],[8.108,46.785],[8.106,46.783],[8.106,46.78],[8.11,46.78],[8.116,46.776],[8.113,46.774],[8.1,46.775],[8.097,46.778],[8.097,46.781],[8.093,46.781],[8.087,46.786],[8.074,46.785],[8.067,46.788],[8.061,46.785],[8.057,46.785],[8.051,46.788],[8.048,46.785],[8.041,46.783],[8.029,46.788],[8.017,46.788],[8.015,46.785],[8.012,46.786],[8.008,46.784],[8.008,46.781],[8.005,46.779],[7.995,46.781],[7.992,46.777],[7.982,46.775],[7.968,46.768],[7.965,46.765]]],[[[8.118,46.182],[8.109,46.178],[8.099,46.185],[8.109,46.187],[8.112,46.189],[8.121,46.189],[8.118,46.182]]],[[[8.078,46.892],[8.068,46.889],[8.066,46.891],[8.066,46.893],[8.06,46.9],[8.063,46.902],[8.063,46.904],[8.065,46.906],[8.069,46.906],[8.075,46.902],[8.078,46.902],[8.079,46.907],[8.083,46.911],[8.092,46.914],[8.093,46.911],[8.088,46.901],[8.092,46.902],[8.096,46.895],[8.088,46.893],[8.082,46.896],[8.078,46.892]]],[[[8.032,46.253],[8.035,46.252],[8.032,46.251],[8.032,46.253]]],[[[7.949,46.817],[7.944,46.817],[7.945,46.822],[7.95,46.826],[7.95,46.829],[7.948,46.831],[7.95,46.832],[7.951,46.835],[7.948,46.838],[7.964,46.842],[7.963,46.844],[7.97,46.852],[7.98,46.853],[7.983,46.855],[7.985,46.853],[7.983,46.851],[7.982,46.846],[7.973,46.84],[7.971,46.833],[7.966,46.829],[7.963,46.824],[7.959,46.822],[7.959,46.819],[7.953,46.817],[7.949,46.82],[7.949,46.817]]],[[[7.947,46.262],[7.944,46.26],[7.937,46.264],[7.936,46.269],[7.929,46.273],[7.935,46.275],[7.947,46.262]]],[[[7.917,46.66],[7.915,46.657],[7.909,46.659],[7.906,46.656],[7.903,46.66],[7.922,46.666],[7.925,46.664],[7.917,46.66]]],[[[7.894,46.782],[7.89,46.78],[7.889,46.782],[7.885,46.782],[7.881,46.78],[7.874,46.785],[7.871,46.78],[7.864,46.78],[7.86,46.784],[7.864,46.79],[7.874,46.79],[7.877,46.792],[7.894,46.791],[7.9,46.794],[7.904,46.794],[7.907,46.792],[7.913,46.793],[7.916,46.79],[7.907,46.786],[7.907,46.783],[7.904,46.789],[7.9,46.786],[7.897,46.786],[7.897,46.784],[7.894,46.782]]],[[[7.913,46.793],[7.92,46.795],[7.925,46.793],[7.923,46.791],[7.917,46.791],[7.913,46.793]]],[[[7.819,46.75],[7.825,46.762],[7.831,46.762],[7.836,46.759],[7.83,46.757],[7.828,46.75],[7.821,46.748],[7.819,46.75]]],[[[7.825,46.762],[7.822,46.764],[7.828,46.764],[7.825,46.762]]],[[[7.825,46.762],[7.822,46.76],[7.819,46.762],[7.825,46.762]]],[[[7.656,46.647],[7.648,46.643],[7.641,46.643],[7.639,46.645],[7.632,46.647],[7.636,46.65],[7.641,46.65],[7.648,46.654],[7.651,46.654],[7.656,46.647]]],[[[7.529,46.58],[7.52,46.576],[7.517,46.577],[7.516,46.578],[7.519,46.582],[7.515,46.584],[7.523,46.59],[7.53,46.589],[7.533,46.587],[7.533,46.584],[7.529,46.58]]],[[[7.5,46.708],[7.478,46.704],[7.473,46.708],[7.484,46.709],[7.488,46.707],[7.488,46.71],[7.491,46.713],[7.494,46.71],[7.5,46.708]]],[[[7.441,46.553],[7.435,46.55],[7.427,46.551],[7.437,46.555],[7.437,46.558],[7.436,46.56],[7.43,46.562],[7.429,46.564],[7.423,46.564],[7.425,46.567],[7.422,46.569],[7.426,46.571],[7.432,46.568],[7.439,46.569],[7.443,46.571],[7.445,46.574],[7.45,46.573],[7.451,46.576],[7.449,46.578],[7.452,46.58],[7.461,46.576],[7.461,46.574],[7.464,46.573],[7.465,46.571],[7.464,46.569],[7.445,46.56],[7.441,46.553]]],[[[7.419,46.697],[7.416,46.693],[7.412,46.694],[7.411,46.695],[7.415,46.697],[7.406,46.701],[7.408,46.704],[7.416,46.708],[7.419,46.704],[7.419,46.701],[7.421,46.701],[7.428,46.704],[7.426,46.706],[7.429,46.71],[7.433,46.708],[7.435,46.71],[7.439,46.707],[7.445,46.711],[7.452,46.709],[7.455,46.712],[7.46,46.708],[7.456,46.706],[7.459,46.704],[7.455,46.702],[7.453,46.704],[7.448,46.705],[7.448,46.701],[7.452,46.703],[7.455,46.701],[7.454,46.699],[7.458,46.697],[7.455,46.695],[7.442,46.698],[7.439,46.7],[7.426,46.697],[7.419,46.697]]],[[[7.428,46.591],[7.42,46.589],[7.42,46.591],[7.423,46.594],[7.423,46.598],[7.426,46.602],[7.426,46.607],[7.429,46.611],[7.432,46.607],[7.432,46.598],[7.428,46.594],[7.428,46.591]]],[[[7.396,46.672],[7.393,46.67],[7.386,46.67],[7.381,46.672],[7.38,46.675],[7.373,46.676],[7.371,46.679],[7.373,46.681],[7.38,46.678],[7.386,46.678],[7.393,46.681],[7.399,46.678],[7.409,46.687],[7.412,46.685],[7.422,46.688],[7.425,46.686],[7.425,46.681],[7.419,46.68],[7.412,46.682],[7.404,46.677],[7.404,46.674],[7.399,46.673],[7.396,46.675],[7.396,46.672]]],[[[7.349,46.65],[7.364,46.662],[7.373,46.659],[7.373,46.656],[7.367,46.654],[7.36,46.654],[7.357,46.645],[7.354,46.641],[7.351,46.643],[7.346,46.643],[7.349,46.65]]],[[[7.373,46.659],[7.371,46.661],[7.373,46.663],[7.377,46.662],[7.378,46.661],[7.373,46.659]]],[[[7.351,46.493],[7.344,46.491],[7.341,46.494],[7.338,46.493],[7.335,46.495],[7.338,46.496],[7.341,46.495],[7.347,46.499],[7.351,46.499],[7.354,46.503],[7.357,46.499],[7.356,46.497],[7.351,46.493]]],[[[7.34,46.636],[7.324,46.63],[7.321,46.632],[7.322,46.636],[7.313,46.636],[7.308,46.634],[7.303,46.636],[7.302,46.641],[7.298,46.645],[7.298,46.648],[7.301,46.649],[7.309,46.647],[7.309,46.654],[7.311,46.658],[7.318,46.66],[7.324,46.658],[7.328,46.66],[7.341,46.658],[7.344,46.66],[7.352,46.659],[7.35,46.658],[7.35,46.656],[7.353,46.654],[7.344,46.649],[7.339,46.652],[7.343,46.654],[7.328,46.655],[7.321,46.655],[7.314,46.65],[7.315,46.648],[7.318,46.649],[7.321,46.647],[7.328,46.648],[7.33,46.645],[7.332,46.645],[7.334,46.648],[7.335,46.647],[7.337,46.643],[7.337,46.638],[7.34,46.636]]],[[[7.344,46.004],[7.335,46.004],[7.342,46.006],[7.344,46.004]]],[[[7.299,46.157],[7.296,46.155],[7.29,46.155],[7.281,46.159],[7.281,46.162],[7.279,46.164],[7.28,46.166],[7.29,46.168],[7.299,46.164],[7.299,46.157]]],[[[7.259,46.626],[7.246,46.625],[7.244,46.627],[7.246,46.629],[7.253,46.629],[7.262,46.635],[7.266,46.636],[7.27,46.634],[7.265,46.629],[7.259,46.626]]],[[[7.203,46.366],[7.182,46.364],[7.179,46.366],[7.18,46.368],[7.189,46.373],[7.182,46.375],[7.172,46.375],[7.169,46.373],[7.159,46.373],[7.149,46.378],[7.146,46.375],[7.143,46.377],[7.144,46.379],[7.143,46.38],[7.127,46.376],[7.116,46.377],[7.114,46.375],[7.11,46.377],[7.104,46.376],[7.103,46.377],[7.105,46.382],[7.104,46.384],[7.11,46.39],[7.117,46.391],[7.12,46.394],[7.13,46.392],[7.133,46.398],[7.14,46.399],[7.143,46.401],[7.149,46.401],[7.159,46.398],[7.162,46.4],[7.166,46.4],[7.17,46.398],[7.172,46.393],[7.179,46.393],[7.182,46.395],[7.188,46.394],[7.192,46.395],[7.192,46.398],[7.195,46.4],[7.198,46.406],[7.205,46.406],[7.208,46.404],[7.205,46.4],[7.201,46.4],[7.204,46.398],[7.204,46.395],[7.201,46.392],[7.207,46.389],[7.203,46.382],[7.205,46.379],[7.214,46.384],[7.221,46.384],[7.221,46.386],[7.231,46.392],[7.235,46.389],[7.235,46.386],[7.218,46.371],[7.203,46.366]]],[[[7.208,46.404],[7.205,46.407],[7.201,46.407],[7.2,46.409],[7.202,46.411],[7.202,46.418],[7.201,46.422],[7.196,46.427],[7.195,46.431],[7.198,46.433],[7.204,46.432],[7.217,46.436],[7.22,46.434],[7.22,46.431],[7.231,46.431],[7.237,46.434],[7.242,46.434],[7.25,46.433],[7.252,46.431],[7.253,46.429],[7.251,46.427],[7.244,46.423],[7.241,46.425],[7.233,46.425],[7.231,46.423],[7.227,46.423],[7.217,46.416],[7.216,46.413],[7.214,46.412],[7.211,46.414],[7.208,46.413],[7.213,46.411],[7.214,46.409],[7.208,46.404]]],[[[7.246,46.555],[7.24,46.553],[7.233,46.553],[7.228,46.555],[7.233,46.559],[7.243,46.559],[7.246,46.562],[7.25,46.562],[7.252,46.56],[7.246,46.555]]],[[[7.204,46.456],[7.198,46.454],[7.189,46.458],[7.189,46.461],[7.197,46.465],[7.204,46.466],[7.208,46.469],[7.214,46.468],[7.215,46.467],[7.207,46.463],[7.207,46.461],[7.208,46.459],[7.214,46.46],[7.216,46.458],[7.204,46.458],[7.204,46.456]]],[[[7.197,46.434],[7.195,46.432],[7.189,46.434],[7.188,46.436],[7.175,46.436],[7.172,46.434],[7.162,46.434],[7.155,46.438],[7.159,46.442],[7.165,46.442],[7.168,46.44],[7.165,46.439],[7.165,46.437],[7.175,46.445],[7.192,46.445],[7.19,46.449],[7.192,46.452],[7.195,46.453],[7.197,46.452],[7.198,46.447],[7.204,46.447],[7.207,46.445],[7.203,46.438],[7.201,46.437],[7.198,46.438],[7.196,46.436],[7.197,46.434]]],[[[7.182,46.541],[7.178,46.539],[7.176,46.541],[7.181,46.542],[7.182,46.541]]],[[[7.138,46.514],[7.132,46.513],[7.126,46.519],[7.133,46.523],[7.133,46.526],[7.13,46.528],[7.132,46.531],[7.139,46.532],[7.141,46.53],[7.145,46.53],[7.146,46.532],[7.14,46.537],[7.145,46.543],[7.158,46.546],[7.164,46.541],[7.158,46.537],[7.175,46.541],[7.18,46.537],[7.167,46.53],[7.17,46.528],[7.168,46.526],[7.155,46.526],[7.151,46.528],[7.142,46.521],[7.138,46.514]]],[[[7.171,46.548],[7.165,46.546],[7.159,46.55],[7.162,46.552],[7.168,46.552],[7.168,46.555],[7.171,46.557],[7.178,46.557],[7.18,46.553],[7.171,46.55],[7.171,46.548]]],[[[7.166,46.409],[7.175,46.415],[7.178,46.411],[7.172,46.405],[7.166,46.407],[7.166,46.409]]],[[[7.167,46.416],[7.169,46.411],[7.166,46.41],[7.164,46.411],[7.163,46.416],[7.167,46.416]]],[[[7.106,46.494],[7.103,46.492],[7.101,46.494],[7.102,46.496],[7.099,46.499],[7.106,46.502],[7.11,46.5],[7.11,46.503],[7.113,46.505],[7.12,46.505],[7.12,46.51],[7.123,46.511],[7.136,46.508],[7.129,46.503],[7.125,46.503],[7.126,46.501],[7.123,46.499],[7.119,46.499],[7.113,46.494],[7.106,46.494]]],[[[7.136,46.508],[7.145,46.508],[7.139,46.506],[7.136,46.508]]],[[[7.12,46.33],[7.111,46.325],[7.108,46.328],[7.104,46.326],[7.098,46.326],[7.095,46.328],[7.095,46.33],[7.098,46.33],[7.104,46.334],[7.107,46.333],[7.114,46.334],[7.112,46.341],[7.118,46.341],[7.12,46.343],[7.123,46.339],[7.123,46.334],[7.12,46.333],[7.12,46.33]]],[[[7.115,46.06],[7.109,46.054],[7.103,46.061],[7.1,46.062],[7.102,46.065],[7.106,46.066],[7.109,46.065],[7.109,46.063],[7.11,46.067],[7.114,46.067],[7.115,46.06]]],[[[7.089,46.323],[7.085,46.321],[7.078,46.321],[7.072,46.325],[7.078,46.327],[7.085,46.325],[7.086,46.328],[7.091,46.329],[7.098,46.325],[7.095,46.323],[7.089,46.323]]],[[[7.065,46.388],[7.062,46.386],[7.049,46.39],[7.052,46.393],[7.05,46.395],[7.055,46.398],[7.059,46.397],[7.059,46.399],[7.062,46.401],[7.068,46.403],[7.074,46.4],[7.077,46.397],[7.075,46.395],[7.064,46.395],[7.061,46.393],[7.061,46.39],[7.065,46.388]]],[[[7.006,46.37],[7.003,46.368],[6.992,46.372],[6.991,46.381],[6.993,46.383],[6.998,46.381],[7.006,46.385],[7.007,46.388],[7.005,46.39],[7.006,46.391],[7.013,46.39],[7.014,46.393],[7.016,46.394],[7.023,46.394],[7.026,46.392],[7.026,46.398],[7.032,46.399],[7.041,46.397],[7.042,46.395],[7.039,46.393],[7.034,46.393],[7.032,46.391],[7.033,46.388],[7.028,46.381],[7.019,46.379],[7.019,46.375],[7.016,46.373],[7.003,46.373],[7.006,46.37]]],[[[6.893,46.046],[6.89,46.043],[6.88,46.043],[6.877,46.046],[6.873,46.046],[6.867,46.05],[6.867,46.052],[6.87,46.055],[6.87,46.059],[6.873,46.061],[6.873,46.066],[6.883,46.073],[6.886,46.073],[6.886,46.084],[6.883,46.086],[6.883,46.097],[6.892,46.109],[6.892,46.124],[6.856,46.124],[6.853,46.127],[6.843,46.129],[6.84,46.131],[6.814,46.131],[6.808,46.135],[6.798,46.135],[6.795,46.137],[6.795,46.14],[6.792,46.142],[6.792,46.147],[6.788,46.151],[6.792,46.158],[6.799,46.16],[6.801,46.162],[6.804,46.157],[6.808,46.157],[6.811,46.159],[6.826,46.156],[6.824,46.154],[6.817,46.152],[6.816,46.149],[6.817,46.148],[6.824,46.148],[6.827,46.15],[6.83,46.147],[6.84,46.151],[6.843,46.15],[6.856,46.152],[6.858,46.151],[6.859,46.148],[6.863,46.147],[6.866,46.144],[6.87,46.145],[6.879,46.144],[6.887,46.158],[6.884,46.16],[6.889,46.165],[6.889,46.167],[6.892,46.169],[6.902,46.169],[6.902,46.172],[6.898,46.174],[6.899,46.176],[6.91,46.176],[6.917,46.18],[6.918,46.183],[6.921,46.185],[6.924,46.183],[6.929,46.188],[6.932,46.188],[6.937,46.185],[6.939,46.188],[6.937,46.19],[6.937,46.195],[6.932,46.199],[6.932,46.201],[6.94,46.202],[6.943,46.192],[6.948,46.19],[6.946,46.189],[6.946,46.187],[6.953,46.188],[6.956,46.185],[6.959,46.187],[6.969,46.187],[6.971,46.185],[6.972,46.181],[6.969,46.179],[6.965,46.179],[6.962,46.176],[6.962,46.174],[6.957,46.17],[6.96,46.17],[6.969,46.163],[6.976,46.163],[6.979,46.161],[6.982,46.162],[6.992,46.158],[6.995,46.16],[6.999,46.159],[7.001,46.156],[7.001,46.152],[6.999,46.15],[6.995,46.15],[6.993,46.152],[6.986,46.15],[6.973,46.15],[6.969,46.153],[6.966,46.152],[6.962,46.149],[6.962,46.147],[6.953,46.143],[6.953,46.14],[6.961,46.14],[6.963,46.142],[6.97,46.143],[6.973,46.145],[6.978,46.143],[6.979,46.14],[6.982,46.138],[7.007,46.134],[7.002,46.133],[6.997,46.129],[6.992,46.13],[6.99,46.129],[6.986,46.126],[6.982,46.118],[6.979,46.116],[6.973,46.118],[6.962,46.118],[6.955,46.116],[6.96,46.115],[6.966,46.111],[6.97,46.111],[6.979,46.102],[6.97,46.098],[6.965,46.098],[6.966,46.096],[6.963,46.093],[6.96,46.096],[6.961,46.093],[6.953,46.089],[6.953,46.086],[6.957,46.084],[6.947,46.078],[6.944,46.074],[6.941,46.074],[6.944,46.068],[6.941,46.066],[6.931,46.071],[6.932,46.073],[6.931,46.075],[6.928,46.073],[6.925,46.075],[6.915,46.075],[6.915,46.073],[6.918,46.07],[6.922,46.07],[6.931,46.066],[6.925,46.062],[6.918,46.062],[6.915,46.059],[6.915,46.057],[6.906,46.05],[6.902,46.05],[6.893,46.046]],[[6.915,46.084],[6.916,46.082],[6.915,46.086],[6.912,46.089],[6.912,46.093],[6.909,46.095],[6.908,46.098],[6.908,46.091],[6.905,46.089],[6.905,46.086],[6.912,46.086],[6.915,46.084]]],[[[6.798,46.171],[6.798,46.173],[6.807,46.182],[6.807,46.192],[6.804,46.194],[6.804,46.198],[6.801,46.2],[6.801,46.205],[6.805,46.207],[6.804,46.209],[6.807,46.211],[6.82,46.203],[6.819,46.207],[6.822,46.21],[6.825,46.21],[6.827,46.207],[6.827,46.21],[6.83,46.212],[6.839,46.213],[6.842,46.212],[6.843,46.209],[6.844,46.214],[6.846,46.215],[6.847,46.212],[6.853,46.207],[6.846,46.202],[6.852,46.199],[6.856,46.2],[6.858,46.198],[6.855,46.196],[6.841,46.194],[6.833,46.19],[6.826,46.189],[6.83,46.185],[6.833,46.186],[6.843,46.182],[6.85,46.183],[6.849,46.18],[6.846,46.179],[6.845,46.174],[6.843,46.173],[6.838,46.176],[6.83,46.176],[6.824,46.178],[6.822,46.176],[6.823,46.174],[6.827,46.174],[6.829,46.171],[6.824,46.168],[6.82,46.169],[6.817,46.167],[6.807,46.165],[6.801,46.165],[6.799,46.167],[6.801,46.169],[6.798,46.167],[6.795,46.169],[6.798,46.171]]],[[[6.799,46.333],[6.796,46.331],[6.786,46.331],[6.78,46.337],[6.78,46.34],[6.784,46.342],[6.783,46.343],[6.779,46.342],[6.77,46.349],[6.772,46.351],[6.779,46.353],[6.783,46.351],[6.789,46.352],[6.794,46.349],[6.791,46.347],[6.792,46.346],[6.802,46.346],[6.809,46.343],[6.818,46.345],[6.825,46.344],[6.827,46.342],[6.815,46.338],[6.812,46.339],[6.809,46.336],[6.798,46.335],[6.799,46.333]]]]},"properties":{"value":5,"fill":"#CDFFCD","zIndex":1},"id":"0"},{"type":"Feature","geometry":{"type":"MultiPolygon","coordinates":[[[[10.467,46.54],[10.457,46.538],[10.451,46.538],[10.442,46.54],[10.446,46.542],[10.442,46.545],[10.448,46.549],[10.443,46.554],[10.446,46.561],[10.444,46.565],[10.448,46.567],[10.446,46.572],[10.449,46.574],[10.456,46.573],[10.462,46.569],[10.469,46.57],[10.467,46.576],[10.47,46.58],[10.456,46.583],[10.449,46.587],[10.449,46.59],[10.454,46.591],[10.457,46.596],[10.464,46.596],[10.472,46.591],[10.48,46.591],[10.48,46.594],[10.473,46.596],[10.471,46.6],[10.477,46.603],[10.482,46.602],[10.482,46.605],[10.476,46.607],[10.481,46.611],[10.484,46.611],[10.486,46.609],[10.484,46.602],[10.486,46.6],[10.485,46.58],[10.479,46.573],[10.476,46.564],[10.477,46.56],[10.48,46.557],[10.474,46.553],[10.478,46.552],[10.476,46.548],[10.471,46.547],[10.467,46.54]]],[[[10.4,46.699],[10.394,46.697],[10.391,46.698],[10.389,46.699],[10.388,46.704],[10.381,46.704],[10.372,46.707],[10.364,46.716],[10.355,46.718],[10.358,46.723],[10.357,46.725],[10.36,46.727],[10.366,46.725],[10.393,46.726],[10.383,46.733],[10.373,46.731],[10.37,46.732],[10.367,46.736],[10.371,46.74],[10.37,46.741],[10.361,46.745],[10.351,46.744],[10.338,46.739],[10.331,46.739],[10.325,46.741],[10.326,46.744],[10.324,46.748],[10.325,46.749],[10.328,46.748],[10.333,46.752],[10.331,46.755],[10.322,46.759],[10.318,46.771],[10.315,46.773],[10.32,46.774],[10.323,46.771],[10.336,46.772],[10.337,46.773],[10.333,46.78],[10.337,46.781],[10.353,46.779],[10.355,46.781],[10.351,46.786],[10.357,46.79],[10.358,46.781],[10.364,46.772],[10.364,46.767],[10.388,46.768],[10.389,46.771],[10.386,46.776],[10.389,46.778],[10.392,46.775],[10.402,46.773],[10.413,46.764],[10.404,46.757],[10.401,46.758],[10.403,46.755],[10.407,46.756],[10.41,46.754],[10.419,46.757],[10.418,46.766],[10.421,46.768],[10.427,46.768],[10.422,46.773],[10.428,46.774],[10.43,46.777],[10.426,46.784],[10.416,46.795],[10.404,46.802],[10.404,46.807],[10.407,46.811],[10.414,46.814],[10.42,46.805],[10.421,46.809],[10.423,46.81],[10.426,46.806],[10.433,46.813],[10.447,46.815],[10.449,46.819],[10.447,46.822],[10.441,46.824],[10.451,46.826],[10.451,46.831],[10.446,46.833],[10.446,46.844],[10.448,46.845],[10.451,46.842],[10.455,46.843],[10.458,46.842],[10.461,46.846],[10.461,46.849],[10.468,46.856],[10.47,46.855],[10.47,46.85],[10.467,46.848],[10.467,46.839],[10.46,46.835],[10.46,46.832],[10.456,46.83],[10.456,46.812],[10.452,46.81],[10.452,46.808],[10.448,46.806],[10.448,46.804],[10.445,46.801],[10.428,46.791],[10.431,46.788],[10.431,46.784],[10.435,46.783],[10.437,46.779],[10.441,46.777],[10.44,46.774],[10.444,46.772],[10.443,46.754],[10.44,46.752],[10.433,46.753],[10.42,46.744],[10.413,46.742],[10.402,46.735],[10.418,46.723],[10.418,46.717],[10.414,46.714],[10.414,46.71],[10.408,46.706],[10.4,46.706],[10.4,46.699]]],[[[9.827363636363636,46.66945454545455],[9.828,46.665],[9.823,46.661],[9.817,46.659],[9.814,46.661],[9.8,46.659],[9.787,46.656],[9.784,46.654],[9.779,46.655],[9.784,46.662],[9.801,46.67],[9.807,46.677],[9.795,46.676],[9.772,46.67],[9.765,46.671],[9.758,46.668],[9.753,46.669],[9.757,46.673],[9.754,46.676],[9.746,46.677],[9.736,46.675],[9.726,46.676],[9.723,46.675],[9.72,46.676],[9.723,46.678],[9.726,46.677],[9.729,46.68],[9.736,46.68],[9.739,46.682],[9.746,46.681],[9.747,46.685],[9.749,46.686],[9.752,46.685],[9.752,46.682],[9.756,46.685],[9.764,46.682],[9.762,46.685],[9.766,46.697],[9.767,46.693],[9.769,46.692],[9.773,46.694],[9.778,46.689],[9.776,46.687],[9.772,46.687],[9.77,46.684],[9.779,46.683],[9.785,46.686],[9.789,46.686],[9.802,46.684],[9.807,46.686],[9.806,46.688],[9.801,46.69],[9.795,46.7],[9.806,46.701],[9.808,46.702],[9.807,46.704],[9.809,46.706],[9.806,46.709],[9.803,46.707],[9.799,46.709],[9.798,46.711],[9.801,46.713],[9.8,46.716],[9.794,46.72],[9.792,46.724],[9.794,46.727],[9.801,46.722],[9.807,46.723],[9.81,46.726],[9.81,46.729],[9.804,46.733],[9.81,46.735],[9.814,46.734],[9.811,46.741],[9.808,46.744],[9.811,46.745],[9.817,46.742],[9.821,46.743],[9.827,46.736],[9.833,46.734],[9.835,46.73],[9.833,46.729],[9.829,46.721],[9.833,46.723],[9.839,46.721],[9.841,46.719],[9.838,46.717],[9.837,46.714],[9.847,46.71],[9.85,46.707],[9.838,46.704],[9.832,46.699],[9.829,46.701],[9.832,46.695],[9.835,46.695],[9.839,46.699],[9.848,46.702],[9.852,46.705],[9.855,46.706],[9.858,46.704],[9.859,46.705],[9.856,46.707],[9.855,46.71],[9.862,46.709],[9.865,46.711],[9.885,46.7],[9.887,46.702],[9.882,46.707],[9.884,46.709],[9.881,46.714],[9.878,46.714],[9.874,46.718],[9.875,46.72],[9.865,46.722],[9.86,46.727],[9.86,46.73],[9.866,46.731],[9.869,46.734],[9.867,46.736],[9.867,46.739],[9.859,46.743],[9.86,46.746],[9.857,46.752],[9.859,46.755],[9.858,46.759],[9.854,46.761],[9.854,46.766],[9.846,46.768],[9.847,46.771],[9.84,46.775],[9.842,46.779],[9.845,46.778],[9.848,46.78],[9.845,46.782],[9.843,46.786],[9.843,46.789],[9.846,46.79],[9.849,46.787],[9.852,46.787],[9.857,46.782],[9.856,46.779],[9.85,46.775],[9.851,46.774],[9.855,46.774],[9.858,46.777],[9.862,46.777],[9.875,46.768],[9.875,46.763],[9.87,46.76],[9.869,46.757],[9.87,46.751],[9.872,46.752],[9.873,46.756],[9.88,46.761],[9.883,46.759],[9.883,46.757],[9.893,46.752],[9.893,46.747],[9.89,46.749],[9.889,46.745],[9.883,46.743],[9.881,46.738],[9.882,46.731],[9.882,46.734],[9.899,46.742],[9.904,46.74],[9.905,46.729],[9.911,46.724],[9.915,46.724],[9.923,46.717],[9.924,46.713],[9.927,46.716],[9.934,46.713],[9.937,46.714],[9.938,46.715],[9.934,46.721],[9.933,46.726],[9.93,46.728],[9.928,46.733],[9.924,46.737],[9.923,46.742],[9.92,46.744],[9.921,46.746],[9.917,46.751],[9.92,46.755],[9.916,46.756],[9.911,46.765],[9.907,46.767],[9.896,46.778],[9.895,46.781],[9.896,46.783],[9.892,46.788],[9.886,46.792],[9.882,46.797],[9.875,46.799],[9.873,46.801],[9.885,46.804],[9.89,46.801],[9.89,46.797],[9.906,46.792],[9.917,46.784],[9.929,46.78],[9.932,46.778],[9.931,46.775],[9.933,46.775],[9.936,46.772],[9.943,46.771],[9.944,46.773],[9.938,46.78],[9.935,46.787],[9.937,46.789],[9.928,46.794],[9.925,46.799],[9.918,46.801],[9.909,46.807],[9.906,46.81],[9.906,46.812],[9.902,46.815],[9.89,46.821],[9.88,46.821],[9.876,46.819],[9.876,46.822],[9.88,46.826],[9.881,46.833],[9.883,46.835],[9.887,46.833],[9.892,46.833],[9.909,46.822],[9.914,46.825],[9.906,46.837],[9.903,46.837],[9.889,46.844],[9.894,46.847],[9.904,46.846],[9.914,46.847],[9.92,46.845],[9.924,46.849],[9.93,46.849],[9.934,46.847],[9.936,46.85],[9.943,46.849],[9.947,46.847],[9.952,46.84],[9.945,46.836],[9.946,46.835],[9.949,46.838],[9.954,46.833],[9.967,46.826],[9.968,46.822],[9.974,46.82],[9.981,46.812],[9.985,46.815],[9.997,46.819],[9.998,46.821],[9.991,46.82],[9.982,46.826],[9.982,46.83],[9.974,46.84],[9.976,46.845],[9.971,46.849],[9.971,46.851],[9.983,46.855],[9.996,46.853],[9.999,46.855],[10.009,46.856],[10.013,46.858],[10.017,46.855],[10.016,46.852],[10.019,46.848],[10.022,46.847],[10.035,46.847],[10.038,46.849],[10.042,46.849],[10.045,46.852],[10.038,46.85],[10.03,46.852],[10.03,46.854],[10.033,46.856],[10.027,46.863],[10.027,46.868],[10.03,46.871],[10.03,46.873],[10.02,46.871],[10.012,46.875],[10.007,46.875],[10.005,46.877],[10.008,46.882],[10.005,46.882],[10.003,46.88],[10.003,46.873],[9.997,46.869],[9.995,46.871],[9.987,46.869],[9.984,46.871],[9.979,46.871],[9.979,46.869],[9.977,46.868],[9.97,46.868],[9.96,46.874],[9.951,46.877],[9.941,46.879],[9.938,46.876],[9.932,46.881],[9.928,46.882],[9.922,46.879],[9.92,46.881],[9.92,46.884],[9.917,46.886],[9.916,46.89],[9.906,46.895],[9.904,46.898],[9.908,46.902],[9.905,46.907],[9.91,46.909],[9.926,46.901],[9.936,46.899],[9.959,46.9],[9.972,46.897],[9.973,46.898],[9.972,46.901],[9.96,46.908],[9.949,46.908],[9.943,46.911],[9.936,46.911],[9.931,46.915],[9.937,46.916],[9.94,46.914],[9.95,46.914],[9.953,46.916],[9.969,46.916],[9.994,46.902],[9.998,46.902],[10.005,46.899],[10.008,46.901],[10.021,46.901],[10.037,46.887],[10.043,46.883],[10.047,46.883],[10.052,46.879],[10.052,46.867],[10.055,46.865],[10.062,46.864],[10.082,46.864],[10.084,46.862],[10.088,46.862],[10.091,46.86],[10.091,46.857],[10.094,46.855],[10.097,46.848],[10.104,46.843],[10.108,46.843],[10.114,46.848],[10.117,46.847],[10.12,46.85],[10.141,46.849],[10.147,46.853],[10.164,46.851],[10.177,46.86],[10.18,46.86],[10.194,46.868],[10.23,46.87],[10.23,46.877],[10.237,46.878],[10.238,46.885],[10.228,46.89],[10.228,46.895],[10.225,46.897],[10.232,46.901],[10.232,46.904],[10.239,46.906],[10.24,46.93],[10.243,46.932],[10.262,46.931],[10.266,46.929],[10.272,46.929],[10.275,46.927],[10.282,46.927],[10.285,46.924],[10.295,46.924],[10.298,46.926],[10.312,46.926],[10.312,46.929],[10.319,46.931],[10.32,46.937],[10.309,46.938],[10.306,46.94],[10.307,46.949],[10.313,46.953],[10.32,46.953],[10.326,46.957],[10.333,46.957],[10.334,46.977],[10.338,46.98],[10.338,46.982],[10.341,46.984],[10.348,46.984],[10.348,46.988],[10.354,46.992],[10.375,46.992],[10.375,46.997],[10.381,47.001],[10.394,47.0],[10.398,46.998],[10.403,46.994],[10.403,46.991],[10.405,46.989],[10.403,46.984],[10.409,46.98],[10.403,46.979],[10.393,46.984],[10.39,46.984],[10.387,46.981],[10.379,46.981],[10.385,46.976],[10.383,46.972],[10.376,46.97],[10.359,46.97],[10.361,46.966],[10.356,46.965],[10.354,46.963],[10.355,46.961],[10.353,46.957],[10.345,46.952],[10.332,46.948],[10.326,46.949],[10.322,46.947],[10.325,46.942],[10.325,46.939],[10.328,46.937],[10.335,46.939],[10.337,46.937],[10.336,46.928],[10.338,46.925],[10.341,46.933],[10.346,46.934],[10.348,46.937],[10.352,46.938],[10.354,46.93],[10.353,46.925],[10.351,46.923],[10.356,46.921],[10.356,46.918],[10.358,46.918],[10.359,46.921],[10.368,46.925],[10.371,46.929],[10.369,46.932],[10.374,46.932],[10.375,46.934],[10.372,46.938],[10.381,46.938],[10.379,46.943],[10.381,46.944],[10.385,46.943],[10.388,46.944],[10.389,46.942],[10.387,46.94],[10.387,46.933],[10.389,46.931],[10.387,46.929],[10.388,46.924],[10.383,46.92],[10.383,46.916],[10.387,46.917],[10.392,46.922],[10.396,46.929],[10.402,46.928],[10.404,46.93],[10.406,46.937],[10.409,46.94],[10.412,46.939],[10.414,46.934],[10.417,46.938],[10.427,46.936],[10.428,46.937],[10.426,46.941],[10.427,46.943],[10.434,46.942],[10.437,46.945],[10.44,46.941],[10.448,46.941],[10.446,46.936],[10.459,46.934],[10.452,46.925],[10.446,46.924],[10.446,46.92],[10.448,46.918],[10.439,46.916],[10.437,46.912],[10.429,46.908],[10.432,46.905],[10.431,46.903],[10.418,46.9],[10.412,46.896],[10.405,46.895],[10.398,46.89],[10.395,46.884],[10.388,46.885],[10.385,46.888],[10.382,46.887],[10.38,46.884],[10.38,46.877],[10.378,46.875],[10.381,46.873],[10.38,46.868],[10.37,46.863],[10.354,46.864],[10.355,46.867],[10.364,46.871],[10.362,46.88],[10.347,46.887],[10.357,46.894],[10.356,46.897],[10.352,46.895],[10.349,46.899],[10.343,46.897],[10.34,46.898],[10.336,46.896],[10.334,46.899],[10.33,46.9],[10.323,46.898],[10.321,46.901],[10.325,46.903],[10.325,46.906],[10.31,46.906],[10.306,46.908],[10.306,46.911],[10.308,46.913],[10.319,46.917],[10.314,46.918],[10.312,46.92],[10.308,46.918],[10.304,46.92],[10.303,46.915],[10.298,46.911],[10.291,46.912],[10.289,46.907],[10.291,46.905],[10.297,46.906],[10.3,46.904],[10.306,46.893],[10.31,46.892],[10.317,46.883],[10.306,46.883],[10.29,46.888],[10.287,46.886],[10.282,46.887],[10.287,46.88],[10.286,46.878],[10.279,46.879],[10.272,46.873],[10.281,46.871],[10.278,46.864],[10.283,46.866],[10.285,46.869],[10.299,46.869],[10.31,46.861],[10.305,46.854],[10.307,46.851],[10.311,46.851],[10.314,46.847],[10.32,46.845],[10.317,46.842],[10.31,46.842],[10.301,46.846],[10.294,46.846],[10.296,46.839],[10.294,46.837],[10.284,46.834],[10.273,46.835],[10.267,46.831],[10.259,46.829],[10.259,46.826],[10.266,46.822],[10.26,46.82],[10.253,46.821],[10.25,46.818],[10.242,46.818],[10.227,46.814],[10.221,46.821],[10.218,46.828],[10.214,46.829],[10.205,46.836],[10.2,46.837],[10.206,46.846],[10.202,46.851],[10.201,46.846],[10.197,46.844],[10.196,46.841],[10.189,46.837],[10.18,46.835],[10.18,46.833],[10.182,46.832],[10.192,46.831],[10.196,46.828],[10.188,46.822],[10.189,46.812],[10.187,46.81],[10.184,46.81],[10.193,46.801],[10.187,46.8],[10.184,46.802],[10.167,46.805],[10.164,46.8],[10.161,46.8],[10.156,46.804],[10.155,46.809],[10.148,46.815],[10.14,46.816],[10.138,46.815],[10.135,46.817],[10.129,46.828],[10.128,46.821],[10.134,46.811],[10.134,46.802],[10.127,46.798],[10.124,46.792],[10.111,46.79],[10.102,46.794],[10.099,46.799],[10.094,46.801],[10.097,46.805],[10.096,46.808],[10.086,46.814],[10.082,46.813],[10.081,46.81],[10.082,46.805],[10.084,46.804],[10.083,46.792],[10.086,46.788],[10.086,46.785],[10.088,46.785],[10.089,46.783],[10.081,46.78],[10.078,46.782],[10.071,46.782],[10.062,46.785],[10.058,46.783],[10.055,46.784],[10.059,46.779],[10.068,46.775],[10.07,46.772],[10.07,46.768],[10.057,46.767],[10.054,46.764],[10.031,46.765],[10.022,46.772],[10.012,46.774],[10.009,46.777],[10.008,46.772],[10.017,46.765],[10.017,46.762],[10.001,46.759],[9.988,46.753],[9.985,46.75],[9.978,46.75],[9.975,46.753],[9.967,46.748],[9.967,46.745],[9.978,46.746],[9.982,46.741],[9.98,46.738],[9.982,46.734],[9.98,46.732],[9.98,46.729],[9.977,46.727],[9.976,46.723],[9.969,46.718],[9.969,46.716],[9.977,46.718],[9.98,46.721],[9.982,46.725],[9.985,46.727],[9.987,46.737],[9.993,46.731],[9.99,46.729],[9.994,46.731],[9.996,46.734],[9.994,46.738],[9.995,46.74],[10.001,46.743],[10.004,46.742],[10.003,46.745],[10.007,46.748],[10.014,46.748],[10.017,46.746],[10.02,46.747],[10.024,46.744],[10.026,46.749],[10.034,46.75],[10.043,46.745],[10.056,46.745],[10.06,46.743],[10.056,46.742],[10.049,46.737],[10.053,46.738],[10.055,46.734],[10.036,46.726],[10.035,46.721],[10.037,46.717],[10.031,46.715],[10.025,46.71],[10.032,46.709],[10.038,46.713],[10.048,46.715],[10.052,46.714],[10.055,46.711],[10.061,46.713],[10.063,46.712],[10.063,46.71],[10.06,46.707],[10.059,46.698],[10.051,46.697],[10.047,46.694],[10.041,46.697],[10.034,46.694],[10.031,46.69],[10.036,46.685],[10.036,46.683],[10.034,46.682],[10.011,46.681],[10.004,46.682],[10.001,46.68],[10.0,46.679],[10.004,46.676],[10.007,46.676],[10.012,46.672],[10.018,46.67],[10.013,46.666],[10.007,46.667],[9.996,46.673],[9.984,46.675],[9.981,46.674],[9.98,46.673],[9.99,46.666],[9.995,46.659],[10.003,46.655],[10.0,46.653],[9.996,46.653],[9.983,46.658],[9.98,46.657],[9.971,46.661],[9.964,46.661],[9.961,46.664],[9.958,46.663],[9.948,46.666],[9.942,46.67],[9.935,46.671],[9.93,46.674],[9.936,46.679],[9.922,46.679],[9.916,46.682],[9.915,46.679],[9.912,46.677],[9.895,46.673],[9.893,46.671],[9.886,46.669],[9.879,46.664],[9.879,46.662],[9.889,46.666],[9.896,46.666],[9.919,46.674],[9.921,46.672],[9.92,46.665],[9.926,46.661],[9.918,46.657],[9.917,46.654],[9.931,46.655],[9.932,46.652],[9.93,46.649],[9.921,46.643],[9.915,46.641],[9.914,46.639],[9.92,46.636],[9.924,46.637],[9.936,46.643],[9.94,46.642],[9.944,46.648],[9.947,46.648],[9.952,46.642],[9.946,46.638],[9.946,46.635],[9.953,46.64],[9.957,46.641],[9.963,46.639],[9.967,46.635],[9.966,46.633],[9.959,46.632],[9.947,46.627],[9.948,46.624],[9.943,46.623],[9.939,46.62],[9.933,46.62],[9.929,46.616],[9.923,46.617],[9.92,46.611],[9.91,46.615],[9.906,46.614],[9.903,46.61],[9.9,46.612],[9.896,46.61],[9.893,46.611],[9.887,46.608],[9.892,46.603],[9.899,46.602],[9.909,46.598],[9.908,46.596],[9.905,46.595],[9.896,46.599],[9.876,46.6],[9.866,46.598],[9.863,46.595],[9.859,46.595],[9.856,46.593],[9.853,46.593],[9.85,46.597],[9.847,46.594],[9.843,46.595],[9.84,46.592],[9.827,46.589],[9.814,46.589],[9.804,46.592],[9.801,46.59],[9.799,46.592],[9.8,46.594],[9.811,46.594],[9.815,46.596],[9.801,46.601],[9.778,46.602],[9.772,46.605],[9.771,46.608],[9.798,46.609],[9.808,46.607],[9.815,46.611],[9.82,46.611],[9.818,46.614],[9.814,46.616],[9.805,46.617],[9.799,46.621],[9.789,46.623],[9.786,46.626],[9.786,46.628],[9.793,46.633],[9.802,46.63],[9.803,46.635],[9.819,46.638],[9.826,46.631],[9.825,46.626],[9.829,46.629],[9.833,46.625],[9.834,46.622],[9.832,46.62],[9.837,46.615],[9.834,46.611],[9.838,46.611],[9.848,46.615],[9.845,46.62],[9.848,46.624],[9.852,46.624],[9.849,46.626],[9.848,46.631],[9.84,46.636],[9.841,46.638],[9.849,46.639],[9.851,46.642],[9.865,46.644],[9.867,46.646],[9.862,46.646],[9.86,46.649],[9.849,46.652],[9.843,46.652],[9.841,46.654],[9.842,46.656],[9.841,46.658],[9.85,46.664],[9.85,46.667],[9.854,46.669],[9.85,46.679],[9.844,46.672],[9.84,46.672],[9.839,46.669],[9.837,46.668],[9.829,46.667],[9.827363636363636,46.66945454545455]],[[9.998,46.821],[10.001,46.82],[10.005,46.823],[9.998,46.821]],[[10.01,46.807],[10.008,46.81],[10.004,46.812],[9.991,46.809],[9.987,46.811],[9.985,46.81],[9.987,46.807],[10.01,46.807]],[[9.827258064516128,46.6701935483871],[9.831,46.673],[9.829,46.674],[9.827,46.672],[9.827258064516128,46.6701935483871]]],[[[10.343,46.545],[10.337,46.543],[10.328,46.55],[10.324,46.551],[10.318,46.549],[10.298,46.549],[10.295,46.551],[10.296,46.555],[10.293,46.558],[10.293,46.56],[10.286,46.565],[10.286,46.568],[10.281,46.572],[10.273,46.574],[10.27,46.577],[10.26,46.577],[10.258,46.579],[10.258,46.581],[10.265,46.585],[10.264,46.588],[10.261,46.59],[10.268,46.594],[10.271,46.588],[10.278,46.587],[10.281,46.589],[10.281,46.592],[10.284,46.593],[10.297,46.587],[10.3,46.585],[10.299,46.578],[10.296,46.577],[10.296,46.575],[10.306,46.579],[10.31,46.578],[10.311,46.575],[10.305,46.571],[10.306,46.564],[10.309,46.564],[10.313,46.571],[10.319,46.574],[10.322,46.574],[10.327,46.57],[10.328,46.566],[10.332,46.57],[10.338,46.571],[10.341,46.569],[10.365,46.569],[10.371,46.573],[10.381,46.573],[10.384,46.571],[10.398,46.569],[10.4,46.567],[10.404,46.568],[10.398,46.573],[10.397,46.578],[10.409,46.579],[10.408,46.582],[10.411,46.583],[10.417,46.582],[10.42,46.581],[10.421,46.579],[10.427,46.579],[10.429,46.577],[10.423,46.573],[10.416,46.573],[10.421,46.57],[10.426,46.57],[10.428,46.568],[10.426,46.566],[10.422,46.566],[10.416,46.561],[10.432,46.559],[10.432,46.556],[10.435,46.556],[10.438,46.552],[10.435,46.548],[10.422,46.548],[10.419,46.551],[10.409,46.551],[10.406,46.548],[10.386,46.549],[10.377,46.553],[10.377,46.558],[10.354,46.559],[10.35,46.552],[10.343,46.547],[10.343,46.545]]],[[[10.407,46.632],[10.394,46.63],[10.384,46.634],[10.381,46.633],[10.378,46.635],[10.371,46.635],[10.366,46.637],[10.372,46.639],[10.372,46.641],[10.375,46.643],[10.376,46.646],[10.373,46.648],[10.373,46.65],[10.375,46.652],[10.382,46.652],[10.383,46.654],[10.373,46.659],[10.373,46.662],[10.358,46.671],[10.36,46.676],[10.364,46.677],[10.365,46.68],[10.377,46.681],[10.378,46.684],[10.371,46.688],[10.368,46.693],[10.371,46.695],[10.388,46.693],[10.39,46.69],[10.386,46.688],[10.386,46.679],[10.392,46.672],[10.392,46.665],[10.395,46.663],[10.394,46.654],[10.397,46.652],[10.397,46.647],[10.4,46.645],[10.4,46.64],[10.411,46.64],[10.417,46.638],[10.407,46.632]]],[[[10.358,46.583],[10.342,46.579],[10.336,46.581],[10.336,46.586],[10.323,46.589],[10.313,46.594],[10.309,46.598],[10.317,46.6],[10.317,46.603],[10.314,46.605],[10.301,46.604],[10.294,46.606],[10.288,46.61],[10.285,46.61],[10.279,46.614],[10.279,46.619],[10.268,46.63],[10.276,46.632],[10.283,46.631],[10.286,46.636],[10.299,46.632],[10.3,46.627],[10.296,46.623],[10.298,46.621],[10.302,46.622],[10.307,46.62],[10.305,46.618],[10.311,46.616],[10.318,46.616],[10.321,46.613],[10.327,46.611],[10.325,46.609],[10.334,46.607],[10.351,46.597],[10.346,46.594],[10.354,46.594],[10.356,46.596],[10.358,46.592],[10.362,46.589],[10.369,46.589],[10.371,46.587],[10.365,46.581],[10.362,46.583],[10.358,46.583]]],[[[10.339,46.647],[10.336,46.645],[10.333,46.649],[10.327,46.651],[10.34,46.657],[10.346,46.662],[10.356,46.656],[10.358,46.653],[10.356,46.652],[10.346,46.657],[10.341,46.653],[10.339,46.647]]],[[[10.326,46.651],[10.316,46.65],[10.312,46.652],[10.307,46.65],[10.3,46.651],[10.297,46.65],[10.287,46.654],[10.286,46.655],[10.287,46.656],[10.294,46.656],[10.301,46.659],[10.294,46.661],[10.291,46.664],[10.291,46.666],[10.294,46.668],[10.296,46.672],[10.295,46.674],[10.291,46.674],[10.285,46.678],[10.281,46.677],[10.278,46.668],[10.275,46.664],[10.271,46.665],[10.268,46.663],[10.266,46.664],[10.267,46.669],[10.256,46.671],[10.256,46.68],[10.244,46.68],[10.244,46.683],[10.246,46.685],[10.243,46.687],[10.233,46.687],[10.207,46.678],[10.204,46.681],[10.205,46.686],[10.211,46.69],[10.207,46.691],[10.201,46.696],[10.197,46.695],[10.194,46.691],[10.188,46.691],[10.183,46.693],[10.185,46.695],[10.185,46.698],[10.178,46.699],[10.175,46.697],[10.172,46.701],[10.162,46.699],[10.159,46.701],[10.162,46.705],[10.161,46.707],[10.162,46.709],[10.173,46.711],[10.176,46.714],[10.156,46.717],[10.14,46.711],[10.136,46.711],[10.13,46.715],[10.126,46.715],[10.123,46.713],[10.121,46.715],[10.122,46.717],[10.117,46.722],[10.103,46.729],[10.108,46.731],[10.11,46.735],[10.106,46.738],[10.113,46.74],[10.106,46.747],[10.112,46.75],[10.121,46.751],[10.12,46.746],[10.118,46.744],[10.121,46.742],[10.121,46.738],[10.128,46.741],[10.135,46.74],[10.143,46.744],[10.146,46.75],[10.144,46.753],[10.145,46.754],[10.152,46.754],[10.153,46.752],[10.15,46.75],[10.151,46.737],[10.154,46.738],[10.161,46.745],[10.165,46.743],[10.166,46.748],[10.168,46.749],[10.181,46.749],[10.184,46.747],[10.182,46.74],[10.179,46.736],[10.185,46.734],[10.179,46.727],[10.179,46.725],[10.183,46.724],[10.186,46.719],[10.199,46.716],[10.203,46.717],[10.199,46.722],[10.198,46.729],[10.206,46.729],[10.208,46.731],[10.205,46.735],[10.204,46.74],[10.21,46.741],[10.214,46.748],[10.218,46.74],[10.213,46.735],[10.213,46.731],[10.223,46.734],[10.228,46.733],[10.221,46.724],[10.227,46.721],[10.222,46.719],[10.228,46.716],[10.232,46.718],[10.233,46.717],[10.234,46.712],[10.23,46.71],[10.233,46.708],[10.228,46.703],[10.23,46.701],[10.244,46.702],[10.249,46.698],[10.253,46.697],[10.26,46.698],[10.26,46.7],[10.255,46.703],[10.257,46.707],[10.264,46.706],[10.267,46.703],[10.268,46.705],[10.288,46.709],[10.289,46.706],[10.279,46.7],[10.28,46.698],[10.283,46.7],[10.286,46.697],[10.3,46.703],[10.302,46.697],[10.298,46.695],[10.298,46.69],[10.302,46.689],[10.305,46.691],[10.315,46.687],[10.322,46.687],[10.32,46.69],[10.322,46.692],[10.319,46.697],[10.319,46.699],[10.322,46.701],[10.321,46.703],[10.326,46.707],[10.329,46.705],[10.331,46.708],[10.336,46.709],[10.341,46.705],[10.341,46.701],[10.338,46.698],[10.338,46.696],[10.345,46.697],[10.349,46.694],[10.352,46.689],[10.34,46.683],[10.34,46.678],[10.337,46.674],[10.327,46.67],[10.327,46.667],[10.336,46.665],[10.337,46.662],[10.336,46.66],[10.329,46.656],[10.329,46.654],[10.326,46.651]]],[[[10.268,46.728],[10.258,46.719],[10.256,46.721],[10.257,46.723],[10.252,46.726],[10.249,46.73],[10.255,46.734],[10.251,46.737],[10.243,46.739],[10.246,46.741],[10.244,46.748],[10.246,46.75],[10.249,46.748],[10.256,46.749],[10.258,46.754],[10.26,46.755],[10.263,46.751],[10.266,46.753],[10.273,46.753],[10.276,46.756],[10.274,46.758],[10.277,46.764],[10.279,46.763],[10.281,46.758],[10.286,46.756],[10.285,46.754],[10.287,46.751],[10.282,46.749],[10.287,46.745],[10.282,46.745],[10.278,46.743],[10.278,46.74],[10.285,46.738],[10.285,46.736],[10.279,46.734],[10.277,46.729],[10.275,46.728],[10.268,46.728]]],[[[10.234,46.647],[10.231,46.645],[10.221,46.645],[10.208,46.646],[10.205,46.648],[10.209,46.653],[10.219,46.653],[10.222,46.65],[10.234,46.647]]],[[[10.101,46.601],[10.095,46.596],[10.085,46.603],[10.092,46.605],[10.091,46.608],[10.089,46.608],[10.086,46.611],[10.079,46.612],[10.076,46.611],[10.073,46.613],[10.073,46.615],[10.076,46.617],[10.086,46.619],[10.088,46.621],[10.077,46.627],[10.056,46.624],[10.05,46.62],[10.04,46.621],[10.038,46.625],[10.053,46.626],[10.052,46.629],[10.044,46.636],[10.048,46.637],[10.051,46.635],[10.057,46.635],[10.056,46.638],[10.061,46.642],[10.06,46.647],[10.065,46.649],[10.074,46.641],[10.081,46.643],[10.084,46.641],[10.087,46.644],[10.087,46.648],[10.09,46.653],[10.095,46.655],[10.097,46.648],[10.101,46.646],[10.107,46.65],[10.111,46.648],[10.112,46.645],[10.106,46.641],[10.105,46.637],[10.102,46.634],[10.102,46.625],[10.107,46.627],[10.113,46.633],[10.116,46.632],[10.118,46.629],[10.119,46.625],[10.117,46.623],[10.119,46.621],[10.126,46.627],[10.132,46.626],[10.137,46.631],[10.137,46.634],[10.142,46.638],[10.141,46.645],[10.138,46.647],[10.135,46.654],[10.135,46.658],[10.132,46.661],[10.132,46.663],[10.134,46.664],[10.137,46.663],[10.141,46.664],[10.143,46.656],[10.142,46.654],[10.143,46.652],[10.147,46.653],[10.149,46.651],[10.15,46.649],[10.149,46.647],[10.151,46.644],[10.143,46.64],[10.144,46.638],[10.146,46.637],[10.149,46.639],[10.152,46.637],[10.156,46.637],[10.157,46.635],[10.145,46.629],[10.141,46.622],[10.142,46.621],[10.145,46.623],[10.165,46.628],[10.17,46.621],[10.158,46.616],[10.148,46.614],[10.141,46.609],[10.131,46.607],[10.118,46.607],[10.115,46.61],[10.101,46.61],[10.101,46.601]]],[[[10.107,46.335],[10.105,46.333],[10.101,46.333],[10.093,46.338],[10.092,46.342],[10.095,46.344],[10.101,46.344],[10.103,46.346],[10.103,46.349],[10.097,46.351],[10.103,46.353],[10.103,46.356],[10.097,46.36],[10.106,46.362],[10.119,46.368],[10.122,46.362],[10.121,46.359],[10.108,46.357],[10.108,46.344],[10.103,46.342],[10.107,46.335]]],[[[10.119,46.368],[10.114,46.371],[10.104,46.373],[10.1,46.376],[10.107,46.377],[10.11,46.375],[10.113,46.377],[10.117,46.377],[10.114,46.38],[10.118,46.384],[10.127,46.388],[10.131,46.388],[10.134,46.391],[10.131,46.393],[10.147,46.399],[10.147,46.402],[10.143,46.406],[10.144,46.407],[10.154,46.412],[10.161,46.412],[10.163,46.41],[10.162,46.394],[10.15,46.393],[10.149,46.386],[10.146,46.384],[10.136,46.384],[10.13,46.377],[10.123,46.376],[10.122,46.371],[10.119,46.368]]],[[[10.102,46.405],[10.095,46.403],[10.086,46.407],[10.084,46.41],[10.077,46.414],[10.077,46.417],[10.074,46.419],[10.07,46.419],[10.059,46.428],[10.061,46.43],[10.077,46.43],[10.083,46.426],[10.083,46.423],[10.09,46.422],[10.096,46.422],[10.106,46.429],[10.119,46.428],[10.122,46.431],[10.135,46.43],[10.142,46.428],[10.144,46.426],[10.144,46.424],[10.142,46.423],[10.131,46.427],[10.128,46.424],[10.122,46.422],[10.127,46.418],[10.125,46.416],[10.119,46.418],[10.115,46.416],[10.093,46.417],[10.092,46.415],[10.098,46.412],[10.098,46.409],[10.102,46.407],[10.102,46.405]]],[[[9.977,46.462],[9.971,46.458],[9.961,46.461],[9.956,46.467],[9.945,46.472],[9.941,46.476],[9.94,46.478],[9.943,46.48],[9.949,46.48],[9.95,46.483],[9.927,46.495],[9.924,46.501],[9.908,46.51],[9.906,46.513],[9.908,46.515],[9.918,46.512],[9.92,46.51],[9.926,46.51],[9.929,46.512],[9.913,46.522],[9.903,46.526],[9.902,46.531],[9.929,46.519],[9.935,46.523],[9.923,46.533],[9.915,46.537],[9.913,46.54],[9.916,46.544],[9.919,46.545],[9.929,46.542],[9.929,46.546],[9.933,46.547],[9.935,46.544],[9.935,46.539],[9.939,46.543],[9.942,46.543],[9.946,46.546],[9.952,46.546],[9.953,46.55],[9.956,46.551],[9.959,46.55],[9.961,46.548],[9.956,46.545],[9.957,46.541],[9.952,46.536],[9.955,46.536],[9.957,46.532],[9.963,46.534],[9.965,46.541],[9.968,46.541],[9.972,46.545],[9.975,46.541],[9.977,46.534],[9.976,46.529],[9.963,46.518],[9.966,46.509],[9.961,46.505],[9.963,46.502],[9.966,46.502],[9.969,46.497],[9.976,46.495],[9.973,46.505],[9.977,46.509],[9.978,46.516],[9.99,46.522],[9.995,46.518],[9.996,46.515],[9.993,46.513],[10.001,46.511],[9.995,46.502],[9.992,46.5],[9.992,46.497],[9.997,46.497],[9.999,46.499],[10.0,46.504],[10.009,46.507],[10.023,46.497],[10.024,46.489],[10.028,46.492],[10.031,46.492],[10.032,46.496],[10.029,46.501],[10.031,46.503],[10.028,46.505],[10.025,46.512],[10.02,46.517],[10.019,46.522],[10.01,46.528],[10.01,46.531],[9.999,46.538],[10.014,46.539],[10.025,46.533],[10.026,46.53],[10.029,46.528],[10.039,46.524],[10.042,46.525],[10.037,46.53],[10.034,46.537],[10.03,46.539],[10.032,46.544],[10.027,46.545],[10.018,46.551],[10.008,46.552],[10.004,46.55],[10.001,46.555],[9.987,46.56],[9.982,46.565],[9.976,46.566],[9.974,46.568],[9.966,46.567],[9.96,46.569],[9.957,46.572],[9.963,46.577],[9.97,46.576],[9.977,46.581],[9.979,46.579],[9.977,46.576],[9.983,46.576],[9.986,46.574],[9.986,46.572],[9.993,46.575],[9.996,46.579],[10.003,46.58],[10.0,46.586],[9.995,46.59],[10.006,46.592],[10.002,46.596],[10.004,46.599],[10.007,46.6],[10.007,46.598],[10.012,46.596],[10.007,46.592],[10.011,46.585],[10.006,46.58],[10.008,46.576],[10.002,46.567],[10.009,46.569],[10.015,46.575],[10.025,46.576],[10.026,46.571],[10.03,46.566],[10.028,46.564],[10.028,46.561],[10.04,46.568],[10.039,46.573],[10.045,46.579],[10.053,46.572],[10.052,46.57],[10.057,46.566],[10.053,46.559],[10.054,46.556],[10.061,46.563],[10.066,46.563],[10.065,46.565],[10.067,46.568],[10.073,46.57],[10.074,46.572],[10.068,46.577],[10.067,46.579],[10.069,46.583],[10.068,46.584],[10.058,46.587],[10.046,46.593],[10.05,46.595],[10.052,46.598],[10.056,46.597],[10.062,46.592],[10.069,46.596],[10.075,46.594],[10.081,46.588],[10.093,46.587],[10.095,46.593],[10.093,46.594],[10.098,46.598],[10.1,46.596],[10.1,46.589],[10.103,46.587],[10.094,46.581],[10.09,46.581],[10.084,46.577],[10.083,46.574],[10.079,46.572],[10.08,46.567],[10.076,46.565],[10.076,46.561],[10.07,46.557],[10.067,46.552],[10.049,46.543],[10.049,46.534],[10.052,46.532],[10.051,46.528],[10.055,46.525],[10.055,46.523],[10.051,46.521],[10.051,46.516],[10.048,46.514],[10.048,46.512],[10.044,46.51],[10.044,46.503],[10.047,46.501],[10.046,46.478],[10.055,46.469],[10.053,46.467],[10.046,46.467],[10.04,46.469],[10.04,46.472],[10.03,46.472],[10.027,46.474],[10.02,46.475],[10.014,46.473],[9.998,46.473],[9.988,46.469],[9.981,46.469],[9.977,46.466],[9.977,46.462]]],[[[10.07,46.226],[10.067,46.224],[10.057,46.224],[10.048,46.231],[10.049,46.235],[10.059,46.246],[10.059,46.248],[10.056,46.251],[10.065,46.254],[10.068,46.252],[10.075,46.252],[10.08,46.25],[10.074,46.248],[10.071,46.244],[10.065,46.242],[10.06,46.235],[10.06,46.233],[10.063,46.23],[10.062,46.228],[10.067,46.229],[10.07,46.226]]],[[[10.059,46.271],[10.053,46.269],[10.05,46.27],[10.046,46.269],[10.041,46.271],[10.038,46.274],[10.038,46.276],[10.04,46.279],[10.044,46.28],[10.049,46.273],[10.056,46.273],[10.059,46.271]]],[[[10.021,46.411],[10.027,46.413],[10.03,46.41],[10.034,46.41],[10.037,46.405],[10.05,46.402],[10.043,46.396],[10.04,46.398],[10.036,46.398],[10.031,46.402],[10.031,46.404],[10.028,46.407],[10.021,46.411]]],[[[10.021,46.411],[10.019,46.413],[10.019,46.416],[10.022,46.418],[10.019,46.423],[10.025,46.427],[10.021,46.427],[10.018,46.425],[10.008,46.426],[10.006,46.432],[10.003,46.434],[10.012,46.44],[10.029,46.44],[10.035,46.435],[10.041,46.438],[10.045,46.435],[10.047,46.429],[10.044,46.427],[10.043,46.42],[10.041,46.418],[10.034,46.419],[10.031,46.414],[10.023,46.413],[10.021,46.411]]],[[[10.041,46.438],[10.03,46.445],[10.022,46.448],[10.009,46.448],[10.005,46.45],[10.003,46.447],[9.995,46.452],[9.995,46.455],[10.0,46.462],[10.014,46.465],[10.02,46.469],[10.033,46.469],[10.036,46.467],[10.04,46.467],[10.043,46.464],[10.049,46.464],[10.051,46.462],[10.045,46.456],[10.045,46.453],[10.041,46.451],[10.041,46.447],[10.047,46.442],[10.041,46.438]]],[[[9.651,46.291],[9.645,46.287],[9.625,46.287],[9.623,46.289],[9.623,46.296],[9.574,46.297],[9.571,46.299],[9.572,46.306],[9.568,46.308],[9.571,46.31],[9.578,46.309],[9.584,46.312],[9.587,46.307],[9.601,46.307],[9.614,46.316],[9.614,46.324],[9.609,46.33],[9.614,46.332],[9.624,46.331],[9.631,46.336],[9.637,46.336],[9.64,46.334],[9.636,46.329],[9.645,46.329],[9.646,46.327],[9.643,46.325],[9.642,46.322],[9.643,46.315],[9.645,46.32],[9.65,46.322],[9.651,46.325],[9.656,46.328],[9.667,46.331],[9.657,46.333],[9.661,46.336],[9.658,46.342],[9.66,46.344],[9.668,46.344],[9.668,46.347],[9.671,46.349],[9.671,46.351],[9.668,46.353],[9.671,46.356],[9.674,46.357],[9.677,46.355],[9.681,46.355],[9.678,46.364],[9.68,46.366],[9.687,46.367],[9.681,46.371],[9.684,46.373],[9.688,46.373],[9.691,46.377],[9.693,46.375],[9.697,46.375],[9.7,46.373],[9.7,46.37],[9.705,46.368],[9.7,46.365],[9.699,46.362],[9.696,46.36],[9.696,46.337],[9.699,46.339],[9.697,46.342],[9.697,46.346],[9.701,46.353],[9.706,46.358],[9.713,46.359],[9.711,46.362],[9.713,46.363],[9.723,46.361],[9.724,46.364],[9.724,46.373],[9.718,46.379],[9.721,46.382],[9.721,46.384],[9.718,46.386],[9.718,46.391],[9.715,46.395],[9.724,46.4],[9.731,46.399],[9.737,46.404],[9.74,46.402],[9.74,46.395],[9.745,46.395],[9.748,46.39],[9.747,46.388],[9.749,46.386],[9.749,46.383],[9.752,46.381],[9.749,46.375],[9.749,46.371],[9.751,46.37],[9.752,46.365],[9.757,46.374],[9.759,46.376],[9.763,46.376],[9.763,46.386],[9.76,46.388],[9.76,46.397],[9.763,46.398],[9.768,46.394],[9.769,46.39],[9.781,46.385],[9.784,46.376],[9.79,46.371],[9.791,46.367],[9.795,46.369],[9.799,46.376],[9.799,46.378],[9.796,46.38],[9.796,46.389],[9.793,46.394],[9.787,46.398],[9.787,46.401],[9.792,46.405],[9.792,46.409],[9.783,46.415],[9.778,46.416],[9.777,46.419],[9.787,46.425],[9.789,46.43],[9.8,46.433],[9.81,46.438],[9.814,46.437],[9.818,46.443],[9.827,46.444],[9.834,46.448],[9.827,46.453],[9.828,46.456],[9.826,46.458],[9.833,46.463],[9.832,46.467],[9.835,46.469],[9.841,46.467],[9.842,46.474],[9.848,46.475],[9.849,46.478],[9.858,46.482],[9.871,46.482],[9.874,46.48],[9.873,46.475],[9.87,46.473],[9.873,46.471],[9.873,46.468],[9.863,46.462],[9.863,46.457],[9.859,46.455],[9.856,46.449],[9.853,46.447],[9.853,46.444],[9.849,46.44],[9.849,46.435],[9.847,46.433],[9.849,46.431],[9.848,46.426],[9.839,46.418],[9.846,46.411],[9.841,46.406],[9.841,46.404],[9.834,46.4],[9.84,46.393],[9.841,46.388],[9.844,46.392],[9.848,46.393],[9.844,46.393],[9.844,46.396],[9.861,46.407],[9.864,46.405],[9.881,46.405],[9.881,46.409],[9.875,46.414],[9.87,46.424],[9.875,46.425],[9.878,46.428],[9.876,46.43],[9.879,46.434],[9.88,46.439],[9.892,46.452],[9.89,46.455],[9.891,46.457],[9.899,46.459],[9.9,46.461],[9.897,46.466],[9.9,46.469],[9.906,46.463],[9.912,46.463],[9.916,46.459],[9.925,46.454],[9.92,46.447],[9.915,46.445],[9.918,46.441],[9.918,46.438],[9.912,46.436],[9.913,46.432],[9.92,46.427],[9.919,46.42],[9.917,46.418],[9.913,46.418],[9.92,46.411],[9.918,46.402],[9.919,46.401],[9.921,46.407],[9.927,46.411],[9.928,46.416],[9.93,46.417],[9.935,46.413],[9.939,46.412],[9.951,46.413],[9.943,46.415],[9.943,46.425],[9.948,46.426],[9.948,46.429],[9.945,46.431],[9.945,46.433],[9.947,46.435],[9.951,46.435],[9.951,46.442],[9.949,46.444],[9.951,46.446],[9.954,46.446],[9.972,46.439],[9.972,46.437],[9.979,46.435],[9.982,46.432],[9.978,46.426],[9.983,46.419],[9.981,46.417],[9.981,46.414],[9.992,46.42],[9.997,46.419],[9.997,46.416],[10.0,46.414],[9.997,46.409],[9.994,46.408],[9.993,46.405],[9.998,46.404],[10.004,46.409],[10.008,46.409],[10.013,46.407],[10.014,46.404],[10.017,46.404],[10.025,46.398],[10.023,46.396],[10.023,46.391],[10.02,46.389],[10.016,46.387],[10.013,46.389],[10.01,46.388],[10.008,46.384],[10.003,46.383],[10.0,46.38],[9.996,46.38],[9.993,46.377],[9.99,46.379],[9.989,46.378],[9.989,46.374],[9.993,46.37],[9.999,46.373],[10.003,46.373],[10.015,46.369],[10.018,46.366],[10.018,46.363],[10.021,46.362],[10.021,46.357],[10.011,46.355],[10.005,46.352],[10.004,46.349],[9.998,46.345],[9.997,46.342],[10.003,46.34],[10.001,46.337],[9.998,46.336],[9.991,46.336],[9.989,46.338],[9.989,46.34],[9.992,46.342],[9.992,46.352],[9.985,46.352],[9.976,46.358],[9.976,46.361],[9.97,46.361],[9.964,46.365],[9.964,46.379],[9.947,46.379],[9.937,46.375],[9.928,46.368],[9.921,46.371],[9.915,46.371],[9.912,46.373],[9.912,46.376],[9.906,46.38],[9.902,46.38],[9.886,46.372],[9.882,46.372],[9.872,46.363],[9.849,46.364],[9.843,46.361],[9.84,46.362],[9.833,46.361],[9.823,46.353],[9.813,46.351],[9.806,46.346],[9.8,46.344],[9.786,46.342],[9.78,46.338],[9.776,46.338],[9.773,46.336],[9.767,46.336],[9.755,46.345],[9.751,46.345],[9.745,46.35],[9.738,46.35],[9.735,46.348],[9.718,46.348],[9.716,46.296],[9.713,46.294],[9.687,46.295],[9.681,46.299],[9.678,46.299],[9.675,46.302],[9.675,46.304],[9.665,46.304],[9.664,46.297],[9.661,46.295],[9.652,46.296],[9.651,46.291]]],[[[10.008,46.315],[10.006,46.313],[10.003,46.313],[10.0,46.316],[9.994,46.317],[9.992,46.32],[9.994,46.321],[9.994,46.324],[9.997,46.325],[10.006,46.319],[10.008,46.315]]],[[[9.88,46.914],[9.874,46.912],[9.864,46.916],[9.858,46.921],[9.851,46.918],[9.849,46.926],[9.845,46.93],[9.839,46.93],[9.835,46.933],[9.823,46.936],[9.821,46.938],[9.821,46.94],[9.826,46.944],[9.836,46.941],[9.843,46.943],[9.843,46.946],[9.836,46.95],[9.827,46.96],[9.83,46.962],[9.834,46.962],[9.836,46.957],[9.843,46.958],[9.866,46.948],[9.87,46.948],[9.871,46.95],[9.867,46.955],[9.871,46.959],[9.87,46.961],[9.866,46.962],[9.861,46.966],[9.867,46.97],[9.868,46.973],[9.85,46.98],[9.855,46.984],[9.857,46.989],[9.873,46.986],[9.878,46.988],[9.878,46.995],[9.88,46.997],[9.879,46.999],[9.878,47.0],[9.875,46.998],[9.873,46.999],[9.872,47.004],[9.868,47.006],[9.869,47.011],[9.865,47.01],[9.867,47.013],[9.864,47.018],[9.869,47.02],[9.872,47.02],[9.875,47.015],[9.874,47.008],[9.881,47.003],[9.885,47.003],[9.89,46.999],[9.89,46.992],[9.885,46.986],[9.886,46.983],[9.882,46.975],[9.878,46.972],[9.879,46.97],[9.875,46.966],[9.875,46.963],[9.879,46.959],[9.878,46.948],[9.881,46.945],[9.881,46.936],[9.885,46.936],[9.888,46.933],[9.895,46.933],[9.897,46.931],[9.894,46.929],[9.901,46.931],[9.906,46.927],[9.904,46.925],[9.898,46.926],[9.894,46.924],[9.891,46.925],[9.885,46.918],[9.877,46.918],[9.88,46.916],[9.88,46.914]]],[[[9.674,46.524],[9.663,46.536],[9.67,46.54],[9.668,46.543],[9.662,46.547],[9.649,46.546],[9.644,46.55],[9.652,46.553],[9.656,46.551],[9.665,46.551],[9.656,46.558],[9.655,46.561],[9.666,46.564],[9.672,46.563],[9.676,46.565],[9.676,46.57],[9.686,46.575],[9.695,46.567],[9.691,46.562],[9.705,46.561],[9.711,46.559],[9.712,46.564],[9.708,46.566],[9.704,46.573],[9.704,46.578],[9.702,46.579],[9.703,46.583],[9.693,46.583],[9.689,46.585],[9.69,46.587],[9.7,46.589],[9.691,46.596],[9.684,46.599],[9.68,46.597],[9.677,46.599],[9.673,46.599],[9.671,46.597],[9.661,46.598],[9.658,46.603],[9.658,46.606],[9.661,46.608],[9.648,46.611],[9.643,46.615],[9.639,46.615],[9.636,46.617],[9.635,46.62],[9.626,46.623],[9.624,46.627],[9.627,46.629],[9.627,46.631],[9.63,46.632],[9.635,46.631],[9.636,46.629],[9.639,46.632],[9.643,46.631],[9.645,46.633],[9.643,46.635],[9.646,46.638],[9.648,46.635],[9.649,46.628],[9.652,46.626],[9.655,46.628],[9.656,46.631],[9.663,46.63],[9.665,46.632],[9.669,46.632],[9.674,46.63],[9.674,46.626],[9.67,46.621],[9.675,46.623],[9.678,46.627],[9.682,46.627],[9.684,46.625],[9.681,46.623],[9.683,46.619],[9.675,46.615],[9.672,46.612],[9.674,46.611],[9.681,46.616],[9.689,46.616],[9.689,46.619],[9.691,46.621],[9.698,46.621],[9.701,46.633],[9.705,46.632],[9.701,46.63],[9.704,46.626],[9.713,46.623],[9.71,46.62],[9.711,46.619],[9.717,46.622],[9.722,46.62],[9.716,46.616],[9.716,46.613],[9.72,46.612],[9.727,46.616],[9.737,46.615],[9.739,46.613],[9.733,46.609],[9.733,46.606],[9.726,46.603],[9.724,46.6],[9.729,46.597],[9.742,46.597],[9.745,46.595],[9.736,46.592],[9.729,46.594],[9.722,46.592],[9.722,46.586],[9.726,46.586],[9.729,46.584],[9.735,46.585],[9.742,46.581],[9.743,46.577],[9.735,46.573],[9.738,46.57],[9.744,46.568],[9.748,46.572],[9.757,46.572],[9.756,46.574],[9.758,46.577],[9.755,46.579],[9.755,46.581],[9.758,46.583],[9.761,46.582],[9.765,46.585],[9.768,46.585],[9.78,46.578],[9.79,46.575],[9.794,46.577],[9.8,46.575],[9.807,46.575],[9.826,46.579],[9.847,46.579],[9.846,46.581],[9.843,46.58],[9.841,46.582],[9.843,46.583],[9.853,46.581],[9.856,46.583],[9.859,46.581],[9.857,46.579],[9.859,46.579],[9.862,46.581],[9.866,46.58],[9.875,46.583],[9.882,46.58],[9.885,46.583],[9.888,46.58],[9.892,46.58],[9.895,46.578],[9.881,46.57],[9.875,46.572],[9.868,46.571],[9.862,46.573],[9.823,46.574],[9.806,46.567],[9.789,46.565],[9.787,46.563],[9.783,46.563],[9.78,46.559],[9.77,46.558],[9.767,46.555],[9.757,46.553],[9.751,46.55],[9.743,46.543],[9.742,46.539],[9.737,46.534],[9.738,46.532],[9.735,46.53],[9.736,46.529],[9.739,46.53],[9.747,46.536],[9.748,46.539],[9.756,46.544],[9.773,46.546],[9.787,46.551],[9.793,46.555],[9.803,46.557],[9.806,46.559],[9.819,46.561],[9.821,46.56],[9.822,46.557],[9.832,46.559],[9.84,46.555],[9.834,46.548],[9.838,46.547],[9.841,46.548],[9.844,46.546],[9.843,46.537],[9.839,46.532],[9.832,46.53],[9.827,46.526],[9.821,46.526],[9.817,46.522],[9.811,46.522],[9.81,46.519],[9.817,46.516],[9.827,46.516],[9.829,46.514],[9.823,46.512],[9.82,46.509],[9.817,46.509],[9.807,46.5],[9.789,46.499],[9.784,46.5],[9.777,46.505],[9.774,46.504],[9.773,46.502],[9.779,46.495],[9.787,46.492],[9.792,46.488],[9.792,46.486],[9.788,46.484],[9.786,46.479],[9.783,46.478],[9.776,46.48],[9.779,46.477],[9.779,46.475],[9.776,46.474],[9.773,46.477],[9.763,46.479],[9.757,46.482],[9.754,46.48],[9.75,46.482],[9.744,46.481],[9.741,46.483],[9.737,46.483],[9.734,46.486],[9.731,46.48],[9.721,46.479],[9.718,46.483],[9.712,46.485],[9.712,46.488],[9.708,46.488],[9.708,46.485],[9.701,46.479],[9.695,46.48],[9.692,46.484],[9.679,46.476],[9.672,46.475],[9.67,46.477],[9.671,46.479],[9.663,46.482],[9.669,46.488],[9.669,46.491],[9.66,46.495],[9.663,46.497],[9.68,46.497],[9.685,46.499],[9.684,46.502],[9.683,46.504],[9.677,46.506],[9.673,46.505],[9.67,46.507],[9.66,46.507],[9.658,46.509],[9.677,46.513],[9.677,46.516],[9.67,46.516],[9.668,46.52],[9.674,46.522],[9.674,46.524]]],[[[9.705,46.632],[9.702,46.636],[9.705,46.638],[9.709,46.634],[9.705,46.632]]],[[[9.593,46.872],[9.597,46.872],[9.599,46.87],[9.593,46.868],[9.593,46.872]]],[[[9.597,46.872],[9.596,46.875],[9.6,46.878],[9.607,46.876],[9.613,46.88],[9.617,46.878],[9.62,46.879],[9.623,46.883],[9.633,46.884],[9.632,46.89],[9.636,46.892],[9.64,46.893],[9.643,46.892],[9.643,46.89],[9.644,46.894],[9.649,46.898],[9.649,46.901],[9.647,46.903],[9.648,46.907],[9.645,46.912],[9.645,46.916],[9.648,46.918],[9.655,46.914],[9.651,46.912],[9.654,46.907],[9.653,46.903],[9.66,46.901],[9.66,46.898],[9.667,46.898],[9.663,46.891],[9.664,46.884],[9.659,46.883],[9.653,46.878],[9.656,46.875],[9.677,46.875],[9.689,46.882],[9.692,46.881],[9.695,46.876],[9.699,46.877],[9.705,46.874],[9.703,46.877],[9.707,46.879],[9.707,46.884],[9.712,46.886],[9.713,46.888],[9.711,46.895],[9.712,46.897],[9.716,46.897],[9.722,46.895],[9.728,46.883],[9.721,46.877],[9.715,46.876],[9.715,46.874],[9.718,46.874],[9.72,46.872],[9.721,46.868],[9.731,46.869],[9.735,46.875],[9.741,46.876],[9.748,46.881],[9.754,46.876],[9.758,46.877],[9.761,46.876],[9.764,46.878],[9.76,46.885],[9.761,46.887],[9.765,46.887],[9.778,46.884],[9.78,46.882],[9.778,46.878],[9.78,46.875],[9.787,46.876],[9.788,46.875],[9.786,46.873],[9.792,46.871],[9.793,46.869],[9.797,46.87],[9.806,46.867],[9.816,46.873],[9.823,46.868],[9.829,46.87],[9.839,46.866],[9.849,46.865],[9.851,46.863],[9.851,46.86],[9.858,46.856],[9.852,46.854],[9.849,46.856],[9.835,46.855],[9.832,46.857],[9.826,46.854],[9.83,46.847],[9.833,46.845],[9.833,46.843],[9.831,46.842],[9.828,46.836],[9.824,46.834],[9.835,46.832],[9.833,46.829],[9.821,46.825],[9.811,46.825],[9.813,46.823],[9.811,46.821],[9.807,46.821],[9.81,46.819],[9.807,46.816],[9.801,46.817],[9.797,46.814],[9.797,46.812],[9.793,46.81],[9.796,46.808],[9.794,46.806],[9.786,46.806],[9.783,46.803],[9.785,46.801],[9.783,46.797],[9.79,46.796],[9.793,46.794],[9.786,46.79],[9.79,46.787],[9.779,46.788],[9.776,46.785],[9.776,46.781],[9.773,46.781],[9.767,46.786],[9.764,46.783],[9.766,46.781],[9.76,46.777],[9.766,46.77],[9.763,46.768],[9.743,46.768],[9.74,46.766],[9.751,46.759],[9.749,46.757],[9.726,46.756],[9.728,46.75],[9.748,46.742],[9.751,46.739],[9.748,46.738],[9.739,46.742],[9.732,46.743],[9.729,46.741],[9.732,46.737],[9.729,46.735],[9.725,46.735],[9.716,46.74],[9.71,46.74],[9.706,46.738],[9.701,46.738],[9.696,46.733],[9.692,46.725],[9.679,46.725],[9.676,46.727],[9.678,46.724],[9.676,46.723],[9.669,46.724],[9.666,46.723],[9.664,46.72],[9.661,46.72],[9.655,46.723],[9.654,46.72],[9.646,46.72],[9.639,46.716],[9.629,46.721],[9.62,46.721],[9.621,46.719],[9.62,46.717],[9.622,46.714],[9.62,46.712],[9.609,46.715],[9.612,46.712],[9.61,46.708],[9.606,46.708],[9.603,46.712],[9.594,46.706],[9.602,46.701],[9.6,46.699],[9.592,46.701],[9.593,46.708],[9.587,46.71],[9.581,46.72],[9.581,46.722],[9.585,46.722],[9.587,46.719],[9.594,46.721],[9.596,46.719],[9.601,46.719],[9.604,46.721],[9.6,46.722],[9.595,46.726],[9.597,46.728],[9.595,46.731],[9.596,46.733],[9.588,46.734],[9.58,46.747],[9.585,46.749],[9.589,46.753],[9.589,46.758],[9.587,46.76],[9.59,46.764],[9.588,46.767],[9.589,46.769],[9.587,46.771],[9.588,46.776],[9.585,46.78],[9.587,46.788],[9.583,46.789],[9.59,46.791],[9.592,46.794],[9.597,46.796],[9.603,46.795],[9.607,46.793],[9.603,46.791],[9.606,46.789],[9.606,46.787],[9.603,46.785],[9.597,46.788],[9.595,46.785],[9.608,46.782],[9.606,46.778],[9.609,46.777],[9.613,46.782],[9.619,46.785],[9.623,46.785],[9.624,46.789],[9.627,46.791],[9.629,46.792],[9.633,46.79],[9.63,46.793],[9.63,46.797],[9.634,46.8],[9.631,46.802],[9.636,46.806],[9.638,46.806],[9.64,46.801],[9.646,46.803],[9.649,46.801],[9.652,46.804],[9.654,46.804],[9.656,46.801],[9.659,46.806],[9.662,46.804],[9.662,46.799],[9.658,46.797],[9.661,46.795],[9.658,46.792],[9.656,46.791],[9.652,46.793],[9.643,46.793],[9.642,46.79],[9.646,46.79],[9.648,46.788],[9.646,46.786],[9.642,46.784],[9.639,46.786],[9.636,46.784],[9.632,46.786],[9.631,46.782],[9.625,46.777],[9.632,46.781],[9.636,46.781],[9.641,46.777],[9.639,46.775],[9.631,46.775],[9.643,46.77],[9.638,46.766],[9.638,46.759],[9.631,46.756],[9.625,46.757],[9.628,46.755],[9.634,46.754],[9.635,46.757],[9.648,46.764],[9.652,46.768],[9.661,46.771],[9.675,46.767],[9.671,46.764],[9.668,46.764],[9.661,46.758],[9.659,46.754],[9.654,46.75],[9.653,46.745],[9.647,46.743],[9.644,46.745],[9.648,46.741],[9.644,46.736],[9.647,46.734],[9.655,46.738],[9.667,46.749],[9.67,46.749],[9.671,46.752],[9.677,46.755],[9.687,46.759],[9.694,46.757],[9.7,46.76],[9.705,46.76],[9.701,46.762],[9.701,46.765],[9.697,46.772],[9.704,46.771],[9.718,46.773],[9.717,46.775],[9.711,46.776],[9.709,46.78],[9.714,46.782],[9.718,46.786],[9.721,46.785],[9.722,46.787],[9.719,46.791],[9.738,46.792],[9.742,46.791],[9.726,46.8],[9.728,46.803],[9.731,46.802],[9.739,46.804],[9.739,46.806],[9.742,46.808],[9.744,46.806],[9.749,46.806],[9.746,46.809],[9.746,46.811],[9.748,46.813],[9.755,46.814],[9.759,46.811],[9.761,46.806],[9.768,46.803],[9.774,46.805],[9.776,46.806],[9.768,46.81],[9.768,46.813],[9.775,46.814],[9.778,46.817],[9.793,46.819],[9.798,46.828],[9.792,46.828],[9.788,46.824],[9.785,46.825],[9.781,46.823],[9.775,46.828],[9.772,46.826],[9.769,46.826],[9.769,46.828],[9.765,46.827],[9.759,46.831],[9.759,46.834],[9.752,46.831],[9.75,46.833],[9.754,46.838],[9.752,46.842],[9.753,46.843],[9.77,46.855],[9.777,46.855],[9.78,46.857],[9.776,46.859],[9.767,46.857],[9.763,46.859],[9.743,46.856],[9.737,46.852],[9.732,46.852],[9.73,46.849],[9.727,46.85],[9.726,46.847],[9.723,46.845],[9.713,46.852],[9.707,46.854],[9.707,46.857],[9.705,46.859],[9.682,46.863],[9.675,46.862],[9.674,46.864],[9.642,46.862],[9.639,46.865],[9.625,46.865],[9.61,46.871],[9.6,46.87],[9.597,46.872]]],[[[9.607,46.793],[9.604,46.796],[9.607,46.797],[9.611,46.796],[9.607,46.793]]],[[[9.832,46.992],[9.825,46.99],[9.815,46.996],[9.815,47.001],[9.806,47.003],[9.806,47.005],[9.801,47.005],[9.806,47.006],[9.806,47.008],[9.816,47.009],[9.819,47.011],[9.82,47.012],[9.815,47.016],[9.816,47.018],[9.82,47.018],[9.823,47.02],[9.825,47.018],[9.829,47.018],[9.836,47.014],[9.832,47.012],[9.834,47.009],[9.833,47.007],[9.828,47.007],[9.826,47.009],[9.824,47.005],[9.828,46.998],[9.834,46.996],[9.832,46.992]]],[[[9.836,47.014],[9.836,47.016],[9.839,47.018],[9.848,47.016],[9.846,47.014],[9.839,47.013],[9.836,47.014]]],[[[9.49,46.575],[9.49,46.582],[9.481,46.583],[9.468,46.59],[9.461,46.59],[9.457,46.594],[9.468,46.598],[9.475,46.595],[9.478,46.597],[9.48,46.595],[9.488,46.595],[9.491,46.593],[9.494,46.595],[9.494,46.598],[9.485,46.604],[9.484,46.607],[9.479,46.609],[9.476,46.614],[9.469,46.618],[9.469,46.62],[9.472,46.622],[9.479,46.622],[9.482,46.62],[9.482,46.617],[9.5,46.618],[9.498,46.622],[9.493,46.624],[9.485,46.631],[9.486,46.634],[9.492,46.63],[9.496,46.63],[9.496,46.633],[9.499,46.637],[9.502,46.633],[9.509,46.633],[9.512,46.631],[9.509,46.626],[9.512,46.622],[9.525,46.625],[9.528,46.622],[9.521,46.618],[9.515,46.618],[9.507,46.613],[9.508,46.611],[9.511,46.611],[9.513,46.608],[9.504,46.608],[9.497,46.604],[9.504,46.604],[9.506,46.602],[9.507,46.599],[9.504,46.597],[9.506,46.595],[9.504,46.593],[9.503,46.588],[9.506,46.586],[9.506,46.581],[9.52,46.583],[9.527,46.593],[9.533,46.589],[9.536,46.59],[9.542,46.588],[9.536,46.584],[9.535,46.579],[9.533,46.577],[9.529,46.578],[9.522,46.57],[9.522,46.568],[9.519,46.566],[9.515,46.566],[9.512,46.563],[9.513,46.562],[9.516,46.563],[9.518,46.559],[9.517,46.554],[9.509,46.553],[9.505,46.55],[9.51,46.539],[9.507,46.534],[9.511,46.531],[9.52,46.538],[9.522,46.543],[9.528,46.547],[9.538,46.548],[9.543,46.543],[9.543,46.54],[9.546,46.538],[9.537,46.534],[9.536,46.525],[9.533,46.523],[9.533,46.52],[9.534,46.519],[9.54,46.523],[9.547,46.522],[9.55,46.53],[9.557,46.529],[9.558,46.531],[9.564,46.533],[9.567,46.54],[9.57,46.542],[9.567,46.553],[9.572,46.56],[9.578,46.565],[9.584,46.564],[9.586,46.562],[9.581,46.555],[9.58,46.551],[9.59,46.549],[9.594,46.55],[9.6,46.548],[9.597,46.544],[9.594,46.535],[9.586,46.535],[9.585,46.528],[9.583,46.526],[9.577,46.524],[9.573,46.525],[9.57,46.522],[9.568,46.522],[9.572,46.517],[9.554,46.509],[9.552,46.506],[9.54,46.502],[9.559,46.501],[9.566,46.504],[9.569,46.501],[9.572,46.503],[9.575,46.499],[9.584,46.495],[9.574,46.49],[9.575,46.489],[9.578,46.492],[9.581,46.492],[9.584,46.49],[9.584,46.488],[9.575,46.482],[9.574,46.479],[9.582,46.483],[9.588,46.491],[9.595,46.492],[9.599,46.497],[9.599,46.501],[9.605,46.503],[9.617,46.501],[9.607,46.496],[9.614,46.496],[9.617,46.494],[9.617,46.492],[9.614,46.489],[9.617,46.487],[9.61,46.483],[9.61,46.48],[9.617,46.48],[9.623,46.47],[9.626,46.475],[9.629,46.473],[9.633,46.474],[9.635,46.473],[9.635,46.471],[9.628,46.467],[9.628,46.464],[9.626,46.462],[9.628,46.46],[9.622,46.454],[9.619,46.454],[9.617,46.447],[9.619,46.443],[9.635,46.452],[9.637,46.458],[9.642,46.457],[9.644,46.453],[9.647,46.451],[9.648,46.442],[9.646,46.435],[9.644,46.433],[9.641,46.433],[9.64,46.43],[9.644,46.43],[9.645,46.433],[9.654,46.436],[9.655,46.437],[9.652,46.439],[9.652,46.441],[9.654,46.443],[9.666,46.439],[9.665,46.441],[9.668,46.443],[9.669,46.448],[9.668,46.455],[9.684,46.456],[9.686,46.454],[9.694,46.454],[9.695,46.459],[9.701,46.462],[9.711,46.462],[9.714,46.46],[9.713,46.463],[9.715,46.467],[9.717,46.469],[9.721,46.469],[9.724,46.471],[9.737,46.472],[9.743,46.47],[9.753,46.47],[9.765,46.464],[9.774,46.462],[9.778,46.459],[9.766,46.457],[9.768,46.455],[9.765,46.453],[9.759,46.453],[9.756,46.449],[9.749,46.448],[9.749,46.446],[9.739,46.444],[9.736,46.442],[9.725,46.442],[9.709,46.434],[9.705,46.434],[9.704,46.431],[9.699,46.427],[9.696,46.429],[9.693,46.427],[9.692,46.425],[9.696,46.427],[9.698,46.425],[9.698,46.423],[9.695,46.42],[9.689,46.417],[9.682,46.416],[9.676,46.41],[9.659,46.41],[9.653,46.408],[9.646,46.41],[9.645,46.406],[9.643,46.405],[9.637,46.409],[9.633,46.408],[9.633,46.406],[9.63,46.404],[9.622,46.404],[9.62,46.402],[9.607,46.403],[9.601,46.398],[9.597,46.4],[9.594,46.398],[9.59,46.398],[9.59,46.395],[9.593,46.393],[9.607,46.39],[9.609,46.388],[9.63,46.392],[9.633,46.391],[9.639,46.393],[9.645,46.392],[9.645,46.39],[9.636,46.384],[9.622,46.384],[9.619,46.382],[9.612,46.382],[9.612,46.373],[9.609,46.371],[9.586,46.371],[9.584,46.373],[9.579,46.373],[9.57,46.369],[9.563,46.369],[9.56,46.367],[9.557,46.369],[9.547,46.37],[9.547,46.367],[9.544,46.365],[9.524,46.366],[9.521,46.364],[9.515,46.364],[9.511,46.366],[9.508,46.364],[9.498,46.362],[9.496,46.363],[9.496,46.366],[9.482,46.368],[9.47,46.373],[9.466,46.373],[9.46,46.378],[9.46,46.38],[9.464,46.382],[9.464,46.387],[9.467,46.388],[9.464,46.391],[9.465,46.409],[9.462,46.411],[9.462,46.414],[9.453,46.42],[9.452,46.423],[9.453,46.429],[9.456,46.432],[9.457,46.445],[9.459,46.447],[9.465,46.443],[9.468,46.434],[9.473,46.429],[9.479,46.427],[9.477,46.425],[9.483,46.42],[9.481,46.417],[9.488,46.419],[9.492,46.418],[9.496,46.397],[9.493,46.393],[9.489,46.393],[9.483,46.388],[9.5,46.396],[9.506,46.392],[9.513,46.392],[9.517,46.395],[9.509,46.396],[9.507,46.399],[9.513,46.406],[9.508,46.417],[9.51,46.419],[9.514,46.419],[9.515,46.422],[9.503,46.429],[9.508,46.433],[9.504,46.435],[9.498,46.434],[9.491,46.437],[9.489,46.44],[9.489,46.442],[9.492,46.444],[9.498,46.444],[9.499,46.447],[9.492,46.451],[9.491,46.454],[9.496,46.456],[9.493,46.46],[9.493,46.466],[9.491,46.467],[9.493,46.468],[9.504,46.465],[9.517,46.455],[9.514,46.446],[9.518,46.447],[9.521,46.45],[9.528,46.45],[9.531,46.452],[9.542,46.444],[9.537,46.44],[9.531,46.44],[9.527,46.438],[9.526,46.435],[9.527,46.434],[9.534,46.436],[9.539,46.435],[9.539,46.423],[9.543,46.421],[9.545,46.414],[9.548,46.412],[9.552,46.414],[9.559,46.413],[9.56,46.414],[9.554,46.416],[9.555,46.419],[9.564,46.427],[9.563,46.428],[9.559,46.426],[9.555,46.43],[9.56,46.434],[9.558,46.437],[9.561,46.439],[9.561,46.443],[9.563,46.446],[9.57,46.446],[9.582,46.441],[9.594,46.431],[9.595,46.428],[9.599,46.431],[9.6,46.438],[9.594,46.445],[9.593,46.45],[9.59,46.452],[9.57,46.46],[9.564,46.458],[9.559,46.461],[9.558,46.464],[9.551,46.465],[9.542,46.471],[9.535,46.472],[9.535,46.474],[9.542,46.475],[9.539,46.478],[9.532,46.479],[9.526,46.483],[9.522,46.483],[9.519,46.488],[9.513,46.487],[9.503,46.49],[9.497,46.494],[9.487,46.497],[9.482,46.501],[9.482,46.505],[9.484,46.508],[9.501,46.506],[9.504,46.507],[9.507,46.511],[9.521,46.511],[9.517,46.516],[9.491,46.519],[9.486,46.526],[9.478,46.524],[9.476,46.526],[9.471,46.526],[9.465,46.524],[9.46,46.526],[9.464,46.531],[9.459,46.531],[9.452,46.535],[9.451,46.54],[9.458,46.544],[9.456,46.549],[9.46,46.55],[9.462,46.546],[9.469,46.544],[9.474,46.546],[9.476,46.549],[9.479,46.549],[9.486,46.545],[9.496,46.545],[9.499,46.548],[9.496,46.548],[9.493,46.55],[9.493,46.553],[9.489,46.553],[9.487,46.555],[9.487,46.557],[9.491,46.559],[9.49,46.56],[9.486,46.558],[9.477,46.56],[9.475,46.562],[9.477,46.562],[9.477,46.566],[9.471,46.571],[9.469,46.575],[9.469,46.578],[9.471,46.579],[9.474,46.577],[9.484,46.575],[9.487,46.572],[9.49,46.575]]],[[[9.756,47.029],[9.748,47.025],[9.728,47.029],[9.715,47.028],[9.713,47.03],[9.722,47.033],[9.728,47.033],[9.731,47.035],[9.735,47.034],[9.738,47.036],[9.738,47.038],[9.745,47.042],[9.748,47.042],[9.751,47.039],[9.755,47.039],[9.758,47.041],[9.769,47.04],[9.761,47.037],[9.747,47.036],[9.748,47.033],[9.756,47.029]]],[[[9.743,47.043],[9.742,47.041],[9.738,47.041],[9.729,47.044],[9.715,47.044],[9.709,47.047],[9.702,47.047],[9.701,47.05],[9.706,47.052],[9.709,47.049],[9.719,47.05],[9.729,47.046],[9.739,47.046],[9.743,47.043]]],[[[9.586,47.041],[9.577,47.038],[9.565,47.044],[9.565,47.046],[9.561,47.049],[9.554,47.049],[9.552,47.051],[9.556,47.058],[9.558,47.059],[9.565,47.058],[9.575,47.06],[9.578,47.059],[9.578,47.062],[9.572,47.066],[9.573,47.071],[9.563,47.078],[9.565,47.079],[9.569,47.079],[9.579,47.075],[9.578,47.072],[9.582,47.072],[9.584,47.068],[9.581,47.065],[9.608,47.072],[9.602,47.075],[9.605,47.077],[9.611,47.077],[9.613,47.074],[9.613,47.068],[9.607,47.063],[9.62,47.055],[9.627,47.056],[9.63,47.053],[9.634,47.053],[9.647,47.062],[9.67,47.061],[9.673,47.064],[9.68,47.064],[9.683,47.061],[9.687,47.062],[9.689,47.059],[9.692,47.057],[9.696,47.057],[9.702,47.052],[9.696,47.051],[9.694,47.053],[9.689,47.053],[9.683,47.056],[9.676,47.056],[9.676,47.06],[9.673,47.058],[9.66,47.059],[9.657,47.056],[9.653,47.056],[9.651,47.051],[9.646,47.048],[9.637,47.048],[9.633,47.05],[9.623,47.049],[9.61,47.052],[9.609,47.05],[9.6,47.046],[9.584,47.053],[9.581,47.05],[9.571,47.051],[9.57,47.048],[9.577,47.049],[9.581,47.045],[9.587,47.043],[9.586,47.041]]],[[[9.611,47.077],[9.609,47.081],[9.605,47.083],[9.603,47.086],[9.609,47.09],[9.622,47.09],[9.63,47.088],[9.62,47.086],[9.617,47.083],[9.62,47.081],[9.615,47.076],[9.611,47.077]]],[[[9.608,47.014],[9.602,47.013],[9.596,47.018],[9.603,47.029],[9.603,47.027],[9.608,47.025],[9.606,47.023],[9.616,47.025],[9.618,47.023],[9.609,47.017],[9.608,47.014]]],[[[9.602,47.09],[9.605,47.088],[9.602,47.086],[9.6,47.088],[9.602,47.09]]],[[[9.605,47.088],[9.604,47.09],[9.607,47.09],[9.605,47.088]]],[[[9.566,46.308],[9.551,46.307],[9.548,46.308],[9.548,46.311],[9.546,46.313],[9.552,46.313],[9.555,46.315],[9.558,46.313],[9.562,46.315],[9.565,46.313],[9.563,46.31],[9.566,46.308]]],[[[9.511,46.743],[9.506,46.739],[9.503,46.74],[9.501,46.741],[9.501,46.744],[9.498,46.746],[9.503,46.749],[9.507,46.749],[9.511,46.752],[9.511,46.755],[9.508,46.757],[9.508,46.761],[9.504,46.765],[9.497,46.768],[9.49,46.775],[9.489,46.778],[9.485,46.78],[9.489,46.787],[9.498,46.791],[9.505,46.79],[9.506,46.786],[9.498,46.782],[9.497,46.78],[9.503,46.777],[9.498,46.773],[9.507,46.769],[9.517,46.771],[9.526,46.768],[9.524,46.766],[9.52,46.766],[9.52,46.763],[9.526,46.757],[9.525,46.754],[9.509,46.746],[9.511,46.743]]],[[[9.466,46.89],[9.464,46.899],[9.458,46.902],[9.473,46.91],[9.477,46.911],[9.48,46.91],[9.482,46.908],[9.474,46.906],[9.469,46.899],[9.473,46.897],[9.472,46.895],[9.475,46.892],[9.466,46.89]]],[[[9.461,46.879],[9.457,46.879],[9.451,46.886],[9.453,46.892],[9.462,46.888],[9.458,46.886],[9.464,46.881],[9.461,46.879]]],[[[7.088,46.163],[7.086,46.158],[7.078,46.166],[7.073,46.173],[7.068,46.175],[7.068,46.177],[7.07,46.178],[7.073,46.177],[7.077,46.179],[7.078,46.188],[7.075,46.19],[7.074,46.193],[7.063,46.2],[7.057,46.206],[7.061,46.208],[7.063,46.211],[7.06,46.216],[7.055,46.22],[7.063,46.22],[7.069,46.222],[7.07,46.231],[7.067,46.233],[7.069,46.235],[7.078,46.235],[7.079,46.238],[7.085,46.242],[7.092,46.244],[7.094,46.242],[7.091,46.24],[7.091,46.238],[7.078,46.229],[7.079,46.227],[7.082,46.228],[7.086,46.226],[7.082,46.222],[7.082,46.219],[7.089,46.219],[7.095,46.217],[7.098,46.221],[7.102,46.223],[7.105,46.221],[7.106,46.222],[7.104,46.224],[7.109,46.226],[7.109,46.233],[7.114,46.238],[7.114,46.242],[7.111,46.244],[7.113,46.247],[7.118,46.248],[7.121,46.251],[7.125,46.251],[7.129,46.254],[7.128,46.256],[7.135,46.26],[7.135,46.265],[7.144,46.272],[7.155,46.276],[7.147,46.278],[7.14,46.276],[7.137,46.278],[7.139,46.281],[7.148,46.285],[7.147,46.292],[7.159,46.294],[7.163,46.298],[7.163,46.301],[7.156,46.301],[7.15,46.304],[7.137,46.301],[7.131,46.303],[7.135,46.305],[7.143,46.315],[7.146,46.317],[7.15,46.316],[7.156,46.321],[7.166,46.318],[7.179,46.318],[7.186,46.321],[7.187,46.323],[7.186,46.326],[7.189,46.33],[7.177,46.337],[7.192,46.346],[7.198,46.345],[7.205,46.347],[7.208,46.351],[7.211,46.352],[7.221,46.352],[7.224,46.354],[7.231,46.354],[7.234,46.356],[7.25,46.353],[7.237,46.345],[7.237,46.343],[7.251,46.353],[7.254,46.353],[7.255,46.355],[7.254,46.362],[7.257,46.365],[7.264,46.366],[7.27,46.37],[7.273,46.368],[7.276,46.37],[7.278,46.369],[7.279,46.366],[7.283,46.365],[7.286,46.365],[7.285,46.369],[7.299,46.369],[7.3,46.373],[7.296,46.38],[7.301,46.382],[7.305,46.386],[7.328,46.388],[7.33,46.387],[7.324,46.382],[7.331,46.38],[7.33,46.378],[7.331,46.375],[7.335,46.375],[7.34,46.378],[7.344,46.384],[7.348,46.386],[7.351,46.386],[7.354,46.383],[7.358,46.384],[7.362,46.393],[7.361,46.396],[7.354,46.397],[7.352,46.4],[7.354,46.402],[7.357,46.402],[7.359,46.405],[7.377,46.408],[7.375,46.411],[7.378,46.416],[7.377,46.419],[7.374,46.423],[7.37,46.423],[7.367,46.425],[7.368,46.427],[7.364,46.432],[7.375,46.436],[7.38,46.447],[7.378,46.45],[7.38,46.452],[7.383,46.452],[7.384,46.454],[7.381,46.456],[7.38,46.463],[7.375,46.468],[7.382,46.468],[7.386,46.465],[7.386,46.459],[7.39,46.455],[7.391,46.461],[7.393,46.463],[7.399,46.461],[7.395,46.454],[7.39,46.452],[7.385,46.445],[7.383,46.434],[7.377,46.429],[7.38,46.422],[7.383,46.424],[7.393,46.424],[7.397,46.42],[7.381,46.416],[7.383,46.413],[7.39,46.413],[7.394,46.411],[7.393,46.409],[7.386,46.405],[7.385,46.4],[7.383,46.399],[7.383,46.397],[7.387,46.395],[7.396,46.399],[7.403,46.398],[7.406,46.4],[7.422,46.404],[7.425,46.402],[7.422,46.399],[7.406,46.394],[7.406,46.392],[7.409,46.39],[7.419,46.39],[7.429,46.392],[7.432,46.394],[7.436,46.393],[7.439,46.395],[7.455,46.399],[7.458,46.402],[7.459,46.407],[7.461,46.409],[7.488,46.409],[7.501,46.416],[7.504,46.423],[7.507,46.423],[7.51,46.426],[7.514,46.425],[7.517,46.426],[7.519,46.432],[7.513,46.432],[7.507,46.438],[7.504,46.438],[7.502,46.441],[7.494,46.441],[7.487,46.445],[7.484,46.445],[7.487,46.449],[7.493,46.452],[7.492,46.456],[7.488,46.459],[7.488,46.461],[7.491,46.463],[7.489,46.465],[7.488,46.47],[7.479,46.474],[7.478,46.477],[7.469,46.479],[7.468,46.481],[7.471,46.483],[7.475,46.483],[7.479,46.49],[7.473,46.492],[7.472,46.497],[7.468,46.496],[7.463,46.499],[7.465,46.501],[7.468,46.501],[7.466,46.504],[7.471,46.506],[7.472,46.508],[7.468,46.511],[7.458,46.511],[7.453,46.513],[7.461,46.517],[7.465,46.517],[7.471,46.515],[7.474,46.512],[7.484,46.51],[7.483,46.513],[7.484,46.514],[7.497,46.513],[7.508,46.515],[7.507,46.517],[7.494,46.52],[7.484,46.528],[7.477,46.531],[7.471,46.531],[7.465,46.535],[7.466,46.54],[7.478,46.545],[7.488,46.546],[7.49,46.544],[7.484,46.54],[7.484,46.537],[7.491,46.537],[7.497,46.535],[7.505,46.528],[7.514,46.529],[7.523,46.527],[7.527,46.529],[7.528,46.531],[7.521,46.533],[7.528,46.54],[7.534,46.542],[7.533,46.546],[7.52,46.545],[7.517,46.546],[7.515,46.549],[7.527,46.551],[7.528,46.553],[7.525,46.555],[7.528,46.557],[7.528,46.56],[7.536,46.562],[7.524,46.573],[7.53,46.573],[7.537,46.578],[7.54,46.579],[7.546,46.577],[7.547,46.573],[7.545,46.562],[7.549,46.56],[7.549,46.558],[7.551,46.56],[7.563,46.56],[7.569,46.563],[7.574,46.562],[7.574,46.56],[7.566,46.553],[7.568,46.548],[7.565,46.546],[7.565,46.542],[7.559,46.54],[7.557,46.544],[7.552,46.542],[7.555,46.539],[7.553,46.537],[7.543,46.534],[7.542,46.528],[7.536,46.524],[7.532,46.517],[7.53,46.515],[7.526,46.515],[7.523,46.513],[7.527,46.512],[7.533,46.505],[7.536,46.504],[7.533,46.502],[7.52,46.508],[7.517,46.506],[7.517,46.503],[7.519,46.501],[7.514,46.499],[7.51,46.495],[7.497,46.497],[7.494,46.495],[7.498,46.492],[7.499,46.486],[7.497,46.484],[7.494,46.485],[7.494,46.483],[7.491,46.481],[7.493,46.474],[7.497,46.476],[7.504,46.473],[7.514,46.481],[7.521,46.477],[7.514,46.47],[7.493,46.461],[7.499,46.456],[7.5,46.451],[7.504,46.455],[7.511,46.454],[7.513,46.456],[7.517,46.456],[7.519,46.454],[7.518,46.452],[7.52,46.449],[7.526,46.455],[7.54,46.456],[7.543,46.462],[7.549,46.452],[7.569,46.454],[7.572,46.458],[7.575,46.456],[7.58,46.456],[7.583,46.458],[7.579,46.461],[7.574,46.461],[7.579,46.462],[7.579,46.465],[7.582,46.47],[7.58,46.472],[7.581,46.474],[7.582,46.475],[7.593,46.474],[7.598,46.478],[7.603,46.479],[7.603,46.483],[7.605,46.485],[7.611,46.485],[7.615,46.49],[7.611,46.493],[7.606,46.494],[7.617,46.501],[7.621,46.507],[7.628,46.509],[7.629,46.512],[7.637,46.516],[7.639,46.519],[7.64,46.521],[7.636,46.528],[7.625,46.53],[7.63,46.535],[7.635,46.537],[7.637,46.543],[7.639,46.537],[7.643,46.533],[7.643,46.53],[7.646,46.528],[7.643,46.526],[7.644,46.525],[7.647,46.528],[7.65,46.526],[7.648,46.521],[7.649,46.519],[7.643,46.515],[7.646,46.512],[7.655,46.51],[7.643,46.508],[7.646,46.506],[7.646,46.503],[7.644,46.502],[7.637,46.502],[7.634,46.499],[7.624,46.497],[7.624,46.494],[7.631,46.494],[7.634,46.489],[7.641,46.491],[7.646,46.488],[7.631,46.481],[7.627,46.486],[7.627,46.483],[7.618,46.477],[7.618,46.474],[7.616,46.472],[7.618,46.471],[7.621,46.473],[7.623,46.472],[7.623,46.47],[7.616,46.463],[7.611,46.461],[7.614,46.458],[7.618,46.458],[7.62,46.456],[7.618,46.454],[7.611,46.454],[7.604,46.447],[7.608,46.447],[7.614,46.451],[7.618,46.451],[7.631,46.465],[7.633,46.463],[7.632,46.461],[7.637,46.458],[7.626,46.449],[7.627,46.447],[7.624,46.442],[7.629,46.438],[7.633,46.438],[7.636,46.443],[7.639,46.443],[7.64,46.44],[7.644,46.439],[7.644,46.443],[7.64,46.443],[7.638,46.445],[7.64,46.447],[7.647,46.451],[7.649,46.449],[7.652,46.449],[7.652,46.452],[7.65,46.454],[7.653,46.456],[7.663,46.458],[7.675,46.454],[7.679,46.45],[7.683,46.453],[7.697,46.452],[7.718,46.438],[7.728,46.441],[7.732,46.44],[7.738,46.441],[7.751,46.447],[7.75,46.449],[7.751,46.45],[7.756,46.451],[7.762,46.456],[7.761,46.457],[7.758,46.455],[7.755,46.456],[7.759,46.46],[7.764,46.462],[7.766,46.465],[7.762,46.467],[7.761,46.47],[7.754,46.47],[7.753,46.467],[7.748,46.467],[7.745,46.465],[7.744,46.463],[7.748,46.463],[7.75,46.46],[7.748,46.459],[7.738,46.459],[7.732,46.457],[7.719,46.461],[7.716,46.463],[7.715,46.468],[7.712,46.466],[7.706,46.466],[7.7,46.47],[7.696,46.468],[7.693,46.47],[7.676,46.471],[7.673,46.474],[7.676,46.479],[7.68,46.478],[7.681,46.483],[7.683,46.485],[7.693,46.483],[7.696,46.485],[7.694,46.488],[7.696,46.489],[7.709,46.491],[7.712,46.49],[7.722,46.493],[7.728,46.492],[7.741,46.493],[7.746,46.494],[7.748,46.496],[7.738,46.501],[7.739,46.505],[7.736,46.508],[7.737,46.512],[7.736,46.514],[7.729,46.517],[7.729,46.519],[7.725,46.517],[7.727,46.514],[7.722,46.511],[7.716,46.511],[7.706,46.515],[7.702,46.513],[7.695,46.515],[7.697,46.519],[7.705,46.526],[7.709,46.525],[7.712,46.528],[7.718,46.528],[7.71,46.535],[7.709,46.538],[7.702,46.539],[7.698,46.544],[7.698,46.548],[7.693,46.551],[7.699,46.562],[7.706,46.56],[7.712,46.552],[7.716,46.551],[7.719,46.548],[7.722,46.548],[7.722,46.545],[7.715,46.544],[7.715,46.541],[7.718,46.539],[7.716,46.537],[7.722,46.538],[7.725,46.536],[7.745,46.542],[7.747,46.541],[7.747,46.539],[7.744,46.535],[7.745,46.534],[7.755,46.54],[7.765,46.536],[7.778,46.536],[7.781,46.527],[7.785,46.526],[7.787,46.523],[7.794,46.522],[7.796,46.523],[7.792,46.528],[7.798,46.532],[7.794,46.535],[7.787,46.536],[7.786,46.539],[7.795,46.541],[7.797,46.543],[7.794,46.546],[7.784,46.55],[7.784,46.553],[7.775,46.555],[7.775,46.557],[7.77,46.559],[7.771,46.561],[7.781,46.561],[7.799,46.566],[7.807,46.575],[7.807,46.577],[7.799,46.579],[7.798,46.582],[7.804,46.584],[7.805,46.586],[7.794,46.587],[7.791,46.584],[7.778,46.58],[7.776,46.584],[7.779,46.586],[7.781,46.591],[7.776,46.593],[7.776,46.598],[7.794,46.599],[7.797,46.597],[7.808,46.597],[7.808,46.602],[7.805,46.606],[7.805,46.609],[7.809,46.609],[7.81,46.606],[7.814,46.604],[7.818,46.604],[7.82,46.606],[7.823,46.604],[7.827,46.604],[7.83,46.606],[7.834,46.606],[7.837,46.609],[7.84,46.618],[7.846,46.627],[7.856,46.625],[7.864,46.626],[7.866,46.628],[7.871,46.624],[7.86,46.622],[7.856,46.62],[7.855,46.617],[7.852,46.615],[7.853,46.614],[7.863,46.615],[7.867,46.613],[7.86,46.607],[7.856,46.607],[7.846,46.6],[7.848,46.595],[7.846,46.591],[7.842,46.588],[7.842,46.586],[7.843,46.585],[7.862,46.597],[7.869,46.597],[7.876,46.601],[7.878,46.597],[7.872,46.593],[7.871,46.59],[7.866,46.586],[7.872,46.581],[7.876,46.585],[7.879,46.581],[7.876,46.577],[7.879,46.578],[7.881,46.575],[7.876,46.571],[7.864,46.568],[7.865,46.561],[7.862,46.56],[7.859,46.562],[7.849,46.559],[7.849,46.557],[7.853,46.554],[7.856,46.554],[7.864,46.55],[7.862,46.549],[7.849,46.548],[7.843,46.55],[7.84,46.553],[7.836,46.553],[7.841,46.55],[7.836,46.544],[7.835,46.539],[7.833,46.537],[7.829,46.537],[7.828,46.532],[7.824,46.528],[7.83,46.527],[7.832,46.523],[7.829,46.521],[7.833,46.521],[7.836,46.522],[7.839,46.527],[7.843,46.525],[7.852,46.531],[7.855,46.53],[7.856,46.527],[7.857,46.53],[7.859,46.531],[7.864,46.53],[7.865,46.528],[7.872,46.529],[7.875,46.532],[7.874,46.534],[7.875,46.535],[7.882,46.535],[7.883,46.534],[7.881,46.532],[7.887,46.53],[7.881,46.525],[7.865,46.519],[7.864,46.516],[7.861,46.514],[7.862,46.507],[7.872,46.513],[7.875,46.511],[7.882,46.511],[7.884,46.509],[7.888,46.509],[7.911,46.513],[7.913,46.521],[7.916,46.525],[7.924,46.524],[7.929,46.534],[7.927,46.537],[7.919,46.541],[7.919,46.548],[7.923,46.55],[7.921,46.553],[7.918,46.554],[7.917,46.559],[7.921,46.562],[7.924,46.56],[7.935,46.559],[7.937,46.563],[7.957,46.561],[7.955,46.563],[7.959,46.565],[7.96,46.569],[7.968,46.572],[7.967,46.575],[7.964,46.576],[7.964,46.579],[7.959,46.583],[7.958,46.586],[7.961,46.588],[7.97,46.587],[7.973,46.59],[7.98,46.589],[7.993,46.594],[7.998,46.594],[8.006,46.598],[8.013,46.598],[8.023,46.602],[8.026,46.601],[8.036,46.605],[8.042,46.604],[8.044,46.599],[8.048,46.596],[8.042,46.589],[8.045,46.591],[8.052,46.59],[8.058,46.586],[8.072,46.587],[8.075,46.589],[8.085,46.589],[8.086,46.592],[8.078,46.597],[8.072,46.595],[8.069,46.596],[8.07,46.601],[8.075,46.603],[8.066,46.605],[8.065,46.612],[8.062,46.611],[8.057,46.614],[8.062,46.618],[8.069,46.62],[8.075,46.625],[8.083,46.623],[8.085,46.625],[8.088,46.621],[8.091,46.62],[8.102,46.623],[8.098,46.623],[8.095,46.625],[8.092,46.628],[8.093,46.63],[8.086,46.634],[8.095,46.643],[8.093,46.646],[8.093,46.65],[8.1,46.655],[8.095,46.658],[8.088,46.659],[8.091,46.664],[8.09,46.666],[8.085,46.664],[8.082,46.669],[8.078250000000013,46.66675000000001],[8.079,46.667],[8.079,46.665],[8.076642857142858,46.66578571428571],[8.072,46.663],[8.069,46.666],[8.068,46.661],[8.066,46.66],[8.056,46.659],[8.049,46.664],[8.041,46.659],[8.042,46.657],[8.036,46.655],[8.033,46.655],[8.03,46.658],[8.017,46.66],[8.013,46.658],[8.007,46.661],[8.004,46.657],[7.997,46.664],[7.994,46.661],[7.984,46.66],[7.981,46.658],[7.968,46.661],[7.958,46.66],[7.955,46.665],[7.952,46.665],[7.946,46.669],[7.943,46.673],[7.946,46.676],[7.947,46.68],[7.95,46.682],[7.949,46.685],[7.959,46.687],[7.965,46.69],[7.975,46.687],[7.973,46.689],[7.975,46.69],[7.981,46.688],[7.985,46.691],[7.983,46.693],[7.984,46.695],[7.988,46.698],[7.998,46.701],[8.001,46.7],[8.001,46.698],[8.004,46.7],[8.007,46.697],[8.016,46.696],[8.011,46.692],[8.007,46.692],[8.001,46.689],[8.004,46.688],[8.007,46.69],[8.02,46.69],[8.024,46.692],[8.027,46.689],[8.03,46.69],[8.036,46.686],[8.04,46.688],[8.046,46.687],[8.047,46.69],[8.037,46.695],[8.038,46.698],[8.036,46.7],[8.044,46.702],[8.046,46.704],[8.036,46.704],[8.039,46.709],[8.037,46.711],[8.04,46.713],[8.05,46.713],[8.057,46.717],[8.063,46.716],[8.065,46.713],[8.07,46.714],[8.075,46.711],[8.083,46.71],[8.093,46.712],[8.102,46.716],[8.109,46.716],[8.112,46.719],[8.117,46.717],[8.115,46.715],[8.129,46.714],[8.132,46.712],[8.135,46.713],[8.133,46.715],[8.135,46.717],[8.138,46.717],[8.141,46.713],[8.146,46.711],[8.145,46.708],[8.142,46.709],[8.141,46.708],[8.152,46.701],[8.142,46.699],[8.143,46.697],[8.135,46.695],[8.132,46.691],[8.118,46.692],[8.114,46.686],[8.118,46.684],[8.116,46.681],[8.1,46.677],[8.104,46.673],[8.102,46.668],[8.103,46.666],[8.102,46.665],[8.099,46.667],[8.098,46.663],[8.108,46.663],[8.11,46.661],[8.109,46.659],[8.118,46.657],[8.116,46.659],[8.118,46.661],[8.121,46.66],[8.132,46.663],[8.135,46.666],[8.132,46.67],[8.135,46.672],[8.141,46.67],[8.145,46.675],[8.148,46.676],[8.154,46.672],[8.153,46.668],[8.15,46.666],[8.149,46.663],[8.151,46.663],[8.152,46.666],[8.155,46.668],[8.155,46.672],[8.157,46.673],[8.164,46.672],[8.17,46.669],[8.174,46.673],[8.174,46.675],[8.168,46.681],[8.18,46.69],[8.184,46.69],[8.184,46.692],[8.187,46.694],[8.194,46.694],[8.195,46.692],[8.189,46.688],[8.189,46.686],[8.186,46.683],[8.186,46.679],[8.184,46.677],[8.185,46.674],[8.179,46.672],[8.179,46.665],[8.176,46.663],[8.177,46.66],[8.187,46.657],[8.192,46.652],[8.188,46.65],[8.189,46.647],[8.202,46.64],[8.213,46.638],[8.222,46.641],[8.231,46.636],[8.231,46.633],[8.225,46.631],[8.221,46.627],[8.222,46.624],[8.243,46.633],[8.243,46.636],[8.246,46.638],[8.238,46.642],[8.237,46.645],[8.232,46.65],[8.218,46.654],[8.223,46.656],[8.222,46.658],[8.223,46.667],[8.224,46.67],[8.229,46.675],[8.231,46.674],[8.232,46.667],[8.239,46.662],[8.258,46.66],[8.26,46.658],[8.255,46.654],[8.252,46.648],[8.255,46.647],[8.275,46.649],[8.284,46.646],[8.29,46.642],[8.287,46.64],[8.286,46.635],[8.283,46.633],[8.283,46.631],[8.293,46.629],[8.293,46.626],[8.289,46.624],[8.295,46.622],[8.287,46.62],[8.278,46.623],[8.276,46.617],[8.28,46.615],[8.273,46.608],[8.273,46.606],[8.275,46.606],[8.277,46.609],[8.287,46.612],[8.294,46.611],[8.298,46.608],[8.294,46.606],[8.295,46.604],[8.304,46.604],[8.306,46.601],[8.313,46.597],[8.312,46.592],[8.313,46.59],[8.319,46.586],[8.323,46.58],[8.326,46.582],[8.334,46.579],[8.329,46.577],[8.326,46.573],[8.323,46.574],[8.321,46.577],[8.309,46.578],[8.303,46.575],[8.294,46.575],[8.283,46.573],[8.28,46.571],[8.27,46.575],[8.267,46.578],[8.264,46.576],[8.244,46.576],[8.241,46.578],[8.234,46.578],[8.231,46.575],[8.229,46.575],[8.228,46.572],[8.218,46.574],[8.212,46.578],[8.208,46.576],[8.199,46.579],[8.187,46.578],[8.205,46.577],[8.207,46.575],[8.225,46.569],[8.231,46.569],[8.234,46.571],[8.247,46.566],[8.261,46.564],[8.277,46.558],[8.298,46.563],[8.316,46.57],[8.322,46.569],[8.329,46.57],[8.332,46.573],[8.336,46.572],[8.333,46.574],[8.339,46.578],[8.342,46.578],[8.336,46.588],[8.34,46.59],[8.334,46.592],[8.337,46.594],[8.337,46.597],[8.334,46.599],[8.334,46.606],[8.324,46.61],[8.328,46.615],[8.336,46.616],[8.339,46.619],[8.345,46.621],[8.34,46.625],[8.336,46.622],[8.334,46.624],[8.334,46.628],[8.33,46.63],[8.328,46.628],[8.329,46.622],[8.323,46.62],[8.32,46.622],[8.318,46.626],[8.32,46.629],[8.318,46.631],[8.321,46.635],[8.317,46.637],[8.318,46.642],[8.315,46.644],[8.319,46.646],[8.315,46.651],[8.321,46.653],[8.321,46.662],[8.317,46.662],[8.311,46.665],[8.309,46.667],[8.308,46.672],[8.302,46.673],[8.302,46.676],[8.299,46.678],[8.3,46.68],[8.295,46.681],[8.288,46.679],[8.286,46.68],[8.285,46.688],[8.282,46.69],[8.275,46.69],[8.272,46.688],[8.269,46.689],[8.27,46.692],[8.26,46.699],[8.262,46.701],[8.275,46.7],[8.282,46.705],[8.295,46.705],[8.298,46.708],[8.302,46.709],[8.305,46.707],[8.308,46.71],[8.321,46.71],[8.323,46.709],[8.321,46.705],[8.324,46.703],[8.324,46.7],[8.331,46.7],[8.334,46.698],[8.347,46.699],[8.353,46.696],[8.349,46.691],[8.35,46.689],[8.355,46.687],[8.357,46.681],[8.36,46.686],[8.364,46.688],[8.367,46.687],[8.368,46.689],[8.362,46.691],[8.364,46.692],[8.364,46.694],[8.362,46.695],[8.364,46.697],[8.364,46.7],[8.357,46.702],[8.354,46.705],[8.347,46.706],[8.344,46.712],[8.337,46.716],[8.342,46.72],[8.342,46.723],[8.348,46.727],[8.351,46.726],[8.354,46.731],[8.361,46.731],[8.364,46.729],[8.374,46.732],[8.384,46.732],[8.39,46.73],[8.41,46.731],[8.413,46.73],[8.424,46.733],[8.423,46.735],[8.42,46.736],[8.417,46.734],[8.413,46.734],[8.412,46.736],[8.414,46.738],[8.407,46.739],[8.395,46.745],[8.387,46.747],[8.391,46.75],[8.401,46.751],[8.406,46.758],[8.414,46.762],[8.415,46.765],[8.411,46.765],[8.407,46.768],[8.407,46.765],[8.409,46.765],[8.404,46.762],[8.397,46.763],[8.394,46.761],[8.391,46.763],[8.388,46.761],[8.383,46.761],[8.381,46.759],[8.375,46.759],[8.368,46.755],[8.352,46.755],[8.348,46.753],[8.331,46.75],[8.318,46.743],[8.299,46.738],[8.298,46.739],[8.306,46.744],[8.312,46.752],[8.322,46.757],[8.324,46.761],[8.332,46.764],[8.341,46.765],[8.338,46.768],[8.344,46.774],[8.342,46.777],[8.349,46.779],[8.353,46.777],[8.35,46.774],[8.359,46.772],[8.363,46.774],[8.365,46.779],[8.352,46.779],[8.342,46.783],[8.332,46.782],[8.319,46.775],[8.316,46.771],[8.309,46.769],[8.293,46.757],[8.289,46.757],[8.28,46.751],[8.276,46.751],[8.27,46.746],[8.263,46.744],[8.259,46.739],[8.25,46.733],[8.247,46.733],[8.243,46.735],[8.243,46.739],[8.24,46.742],[8.235,46.744],[8.236,46.746],[8.235,46.748],[8.237,46.75],[8.245,46.75],[8.247,46.753],[8.243,46.755],[8.248,46.759],[8.247,46.76],[8.227,46.758],[8.211,46.766],[8.214,46.768],[8.221,46.765],[8.229,46.768],[8.231,46.771],[8.228,46.773],[8.228,46.778],[8.225,46.784],[8.221,46.785],[8.219,46.789],[8.225,46.795],[8.241,46.793],[8.246,46.795],[8.244,46.8],[8.251,46.801],[8.254,46.803],[8.261,46.803],[8.263,46.802],[8.259,46.8],[8.259,46.797],[8.254,46.793],[8.253,46.789],[8.247,46.782],[8.247,46.779],[8.264,46.786],[8.274,46.787],[8.287,46.792],[8.289,46.791],[8.289,46.788],[8.293,46.789],[8.297,46.788],[8.294,46.79],[8.298,46.793],[8.298,46.795],[8.304,46.797],[8.311,46.804],[8.318,46.806],[8.317,46.808],[8.306,46.811],[8.31,46.815],[8.314,46.815],[8.314,46.822],[8.312,46.824],[8.313,46.826],[8.321,46.828],[8.323,46.831],[8.318,46.833],[8.324,46.835],[8.33,46.843],[8.337,46.838],[8.343,46.839],[8.352,46.833],[8.354,46.83],[8.343,46.829],[8.34,46.827],[8.336,46.827],[8.333,46.829],[8.323,46.822],[8.326,46.82],[8.333,46.82],[8.339,46.814],[8.343,46.816],[8.345,46.815],[8.348,46.813],[8.349,46.806],[8.352,46.81],[8.356,46.811],[8.361,46.806],[8.357,46.801],[8.368,46.794],[8.369,46.795],[8.367,46.799],[8.369,46.801],[8.378,46.797],[8.385,46.796],[8.391,46.792],[8.391,46.79],[8.395,46.791],[8.398,46.794],[8.395,46.796],[8.407,46.796],[8.414,46.801],[8.418,46.799],[8.421,46.8],[8.423,46.798],[8.424,46.792],[8.428,46.795],[8.434,46.796],[8.443,46.794],[8.444,46.785],[8.454,46.785],[8.463,46.788],[8.467,46.784],[8.473,46.785],[8.48,46.787],[8.478,46.789],[8.483,46.792],[8.49,46.792],[8.496,46.795],[8.504,46.795],[8.504,46.798],[8.508,46.802],[8.507,46.804],[8.509,46.807],[8.507,46.809],[8.51,46.811],[8.512,46.816],[8.508,46.82],[8.511,46.822],[8.508,46.825],[8.508,46.827],[8.513,46.831],[8.513,46.834],[8.507,46.83],[8.5,46.829],[8.5,46.826],[8.505,46.825],[8.497,46.818],[8.493,46.817],[8.487,46.81],[8.477,46.805],[8.47,46.804],[8.461,46.809],[8.461,46.812],[8.467,46.816],[8.465,46.818],[8.464,46.824],[8.454,46.823],[8.451,46.821],[8.444,46.823],[8.447,46.83],[8.451,46.834],[8.445,46.836],[8.447,46.839],[8.447,46.843],[8.445,46.846],[8.442,46.846],[8.432,46.851],[8.429,46.848],[8.422,46.847],[8.419,46.848],[8.421,46.85],[8.419,46.851],[8.417,46.843],[8.415,46.842],[8.411,46.846],[8.411,46.848],[8.406,46.85],[8.41,46.853],[8.409,46.857],[8.4,46.862],[8.403,46.864],[8.412,46.864],[8.408,46.871],[8.409,46.872],[8.413,46.872],[8.419,46.866],[8.422,46.865],[8.426,46.867],[8.429,46.866],[8.439,46.869],[8.442,46.868],[8.454,46.872],[8.439,46.876],[8.439,46.878],[8.455,46.88],[8.459,46.883],[8.472,46.886],[8.475,46.891],[8.478,46.888],[8.482,46.887],[8.502,46.892],[8.505,46.892],[8.506,46.89],[8.498,46.886],[8.493,46.886],[8.492,46.884],[8.485,46.884],[8.482,46.882],[8.474,46.881],[8.478,46.877],[8.498,46.874],[8.501,46.87],[8.5,46.867],[8.502,46.865],[8.508,46.867],[8.516,46.867],[8.517,46.869],[8.521,46.87],[8.518,46.872],[8.521,46.876],[8.527,46.878],[8.534,46.884],[8.536,46.883],[8.536,46.878],[8.541,46.873],[8.558,46.876],[8.56,46.878],[8.567,46.88],[8.568,46.885],[8.57,46.886],[8.579,46.885],[8.579,46.882],[8.576,46.878],[8.578,46.876],[8.577,46.874],[8.567,46.872],[8.559,46.867],[8.559,46.86],[8.556,46.858],[8.558,46.853],[8.555,46.851],[8.559,46.847],[8.564,46.847],[8.565,46.844],[8.558,46.84],[8.559,46.837],[8.563,46.836],[8.559,46.834],[8.559,46.83],[8.566,46.829],[8.569,46.832],[8.579,46.834],[8.602,46.836],[8.605,46.833],[8.605,46.831],[8.61,46.83],[8.608,46.828],[8.602,46.827],[8.599,46.828],[8.599,46.831],[8.598,46.828],[8.589,46.827],[8.582,46.823],[8.568,46.82],[8.566,46.818],[8.558,46.82],[8.555,46.817],[8.549,46.815],[8.548,46.813],[8.542,46.811],[8.547,46.809],[8.547,46.806],[8.545,46.804],[8.546,46.803],[8.549,46.805],[8.55,46.804],[8.548,46.8],[8.549,46.799],[8.555,46.802],[8.555,46.805],[8.559,46.807],[8.565,46.801],[8.572,46.8],[8.578,46.805],[8.589,46.806],[8.592,46.804],[8.593,46.801],[8.604,46.798],[8.611,46.802],[8.614,46.798],[8.622,46.797],[8.627,46.794],[8.626,46.792],[8.627,46.79],[8.624,46.788],[8.621,46.792],[8.604,46.793],[8.601,46.79],[8.603,46.788],[8.603,46.785],[8.608,46.783],[8.61,46.779],[8.605,46.776],[8.592,46.774],[8.595,46.77],[8.59,46.768],[8.589,46.765],[8.594,46.76],[8.604,46.757],[8.606,46.754],[8.6,46.751],[8.592,46.754],[8.593,46.756],[8.584,46.76],[8.581,46.763],[8.574,46.764],[8.572,46.766],[8.568,46.764],[8.561,46.769],[8.554,46.766],[8.554,46.763],[8.557,46.761],[8.557,46.759],[8.555,46.757],[8.551,46.759],[8.554,46.756],[8.558,46.756],[8.563,46.752],[8.577,46.749],[8.581,46.743],[8.583,46.736],[8.587,46.734],[8.583,46.732],[8.574,46.736],[8.578,46.739],[8.574,46.737],[8.57,46.74],[8.561,46.742],[8.554,46.741],[8.538,46.747],[8.531,46.747],[8.525,46.75],[8.527,46.755],[8.524,46.755],[8.524,46.75],[8.518,46.749],[8.516,46.75],[8.517,46.755],[8.51,46.759],[8.506,46.766],[8.502,46.767],[8.499,46.767],[8.495,46.764],[8.495,46.762],[8.501,46.757],[8.498,46.755],[8.5,46.751],[8.499,46.748],[8.493,46.751],[8.482,46.749],[8.48,46.751],[8.476,46.751],[8.473,46.753],[8.467,46.749],[8.467,46.746],[8.464,46.746],[8.465,46.749],[8.462,46.749],[8.462,46.744],[8.456,46.74],[8.456,46.736],[8.469,46.744],[8.489,46.741],[8.491,46.739],[8.498,46.737],[8.506,46.737],[8.518,46.729],[8.528,46.729],[8.536,46.725],[8.537,46.723],[8.529,46.719],[8.53,46.716],[8.533,46.714],[8.544,46.71],[8.549,46.712],[8.55,46.715],[8.55,46.712],[8.554,46.711],[8.56,46.713],[8.562,46.712],[8.572,46.705],[8.57,46.703],[8.56,46.702],[8.558,46.7],[8.561,46.698],[8.552,46.692],[8.556,46.69],[8.566,46.691],[8.569,46.689],[8.569,46.687],[8.56,46.684],[8.545,46.683],[8.54,46.68],[8.539,46.683],[8.535,46.683],[8.536,46.68],[8.533,46.677],[8.53,46.681],[8.527,46.679],[8.524,46.681],[8.514,46.681],[8.507,46.684],[8.494,46.686],[8.499,46.679],[8.5,46.673],[8.51,46.67],[8.519,46.665],[8.502,46.663],[8.5,46.66],[8.494,46.657],[8.487,46.658],[8.477,46.657],[8.475,46.659],[8.471,46.659],[8.461,46.663],[8.458,46.662],[8.455,46.665],[8.444,46.661],[8.451,46.66],[8.452,46.656],[8.461,46.652],[8.464,46.648],[8.464,46.645],[8.467,46.643],[8.474,46.645],[8.484,46.642],[8.493,46.642],[8.5,46.645],[8.503,46.644],[8.51,46.645],[8.516,46.648],[8.526,46.647],[8.533,46.65],[8.546,46.65],[8.559,46.654],[8.569,46.654],[8.57,46.651],[8.559,46.642],[8.552,46.641],[8.542,46.63],[8.532,46.63],[8.53,46.631],[8.529,46.634],[8.528,46.631],[8.52,46.629],[8.518,46.627],[8.519,46.625],[8.522,46.625],[8.526,46.622],[8.519,46.619],[8.516,46.619],[8.513,46.622],[8.509,46.621],[8.506,46.623],[8.502,46.62],[8.504,46.618],[8.503,46.616],[8.496,46.612],[8.487,46.616],[8.481,46.616],[8.479,46.614],[8.48,46.613],[8.491,46.607],[8.486,46.605],[8.478,46.598],[8.48,46.596],[8.477,46.593],[8.47,46.595],[8.457,46.595],[8.442,46.589],[8.45,46.588],[8.453,46.59],[8.46,46.589],[8.467,46.587],[8.472,46.582],[8.486,46.582],[8.486,46.579],[8.484,46.577],[8.463,46.564],[8.466,46.562],[8.485,46.57],[8.493,46.568],[8.495,46.572],[8.498,46.569],[8.502,46.568],[8.502,46.58],[8.505,46.586],[8.51,46.591],[8.519,46.597],[8.527,46.6],[8.538,46.601],[8.542,46.604],[8.545,46.603],[8.548,46.607],[8.551,46.608],[8.555,46.608],[8.556,46.606],[8.555,46.601],[8.55,46.595],[8.554,46.585],[8.564,46.582],[8.565,46.588],[8.571,46.592],[8.58,46.59],[8.587,46.591],[8.589,46.592],[8.585,46.597],[8.577,46.599],[8.576,46.601],[8.581,46.606],[8.579,46.613],[8.581,46.616],[8.584,46.617],[8.591,46.614],[8.594,46.615],[8.595,46.619],[8.593,46.621],[8.594,46.625],[8.614,46.625],[8.624,46.623],[8.635,46.614],[8.636,46.61],[8.64,46.611],[8.649,46.604],[8.66,46.603],[8.665,46.601],[8.666,46.604],[8.66,46.609],[8.661,46.614],[8.658,46.616],[8.657,46.621],[8.64,46.634],[8.637,46.634],[8.634,46.639],[8.629,46.641],[8.633,46.643],[8.633,46.648],[8.645,46.657],[8.657,46.661],[8.667,46.66],[8.679,46.668],[8.667,46.666],[8.664,46.667],[8.651,46.663],[8.634,46.661],[8.628,46.657],[8.624,46.657],[8.618,46.654],[8.607,46.655],[8.604,46.657],[8.608,46.661],[8.614,46.664],[8.615,46.667],[8.625,46.67],[8.63,46.677],[8.622,46.681],[8.618,46.68],[8.616,46.682],[8.621,46.684],[8.619,46.691],[8.62,46.695],[8.626,46.702],[8.642,46.705],[8.652,46.7],[8.651,46.697],[8.653,46.695],[8.654,46.69],[8.658,46.695],[8.661,46.694],[8.662,46.695],[8.661,46.698],[8.665,46.699],[8.663,46.702],[8.672,46.708],[8.672,46.711],[8.665,46.709],[8.663,46.711],[8.667,46.713],[8.663,46.715],[8.665,46.72],[8.675,46.721],[8.679,46.724],[8.672,46.725],[8.668,46.724],[8.661,46.726],[8.668,46.728],[8.675,46.735],[8.667,46.738],[8.667,46.742],[8.672,46.744],[8.674,46.749],[8.672,46.751],[8.675,46.753],[8.682,46.754],[8.689,46.759],[8.692,46.755],[8.695,46.756],[8.698,46.753],[8.694,46.751],[8.697,46.749],[8.698,46.74],[8.704,46.737],[8.704,46.732],[8.711,46.732],[8.713,46.73],[8.714,46.725],[8.724,46.725],[8.726,46.728],[8.725,46.732],[8.728,46.735],[8.728,46.744],[8.734,46.745],[8.738,46.749],[8.751,46.752],[8.741,46.755],[8.748,46.757],[8.748,46.759],[8.751,46.76],[8.754,46.759],[8.758,46.763],[8.761,46.763],[8.762,46.764],[8.761,46.766],[8.764,46.768],[8.767,46.765],[8.771,46.765],[8.774,46.768],[8.772,46.77],[8.773,46.772],[8.774,46.773],[8.778,46.772],[8.781,46.776],[8.798,46.777],[8.801,46.772],[8.801,46.774],[8.808,46.781],[8.804,46.784],[8.795,46.786],[8.808,46.797],[8.808,46.802],[8.806,46.803],[8.809,46.808],[8.818,46.809],[8.821,46.812],[8.814,46.815],[8.811,46.813],[8.808,46.814],[8.807,46.81],[8.801,46.804],[8.798,46.805],[8.795,46.802],[8.788,46.799],[8.771,46.797],[8.762,46.793],[8.758,46.793],[8.748,46.787],[8.735,46.789],[8.726,46.793],[8.716,46.793],[8.709,46.79],[8.701,46.796],[8.703,46.798],[8.706,46.797],[8.707,46.798],[8.704,46.8],[8.703,46.803],[8.699,46.805],[8.708,46.809],[8.708,46.814],[8.701,46.818],[8.703,46.823],[8.697,46.819],[8.693,46.82],[8.694,46.826],[8.693,46.827],[8.684,46.831],[8.681,46.83],[8.673,46.836],[8.677,46.838],[8.694,46.837],[8.697,46.84],[8.71,46.84],[8.711,46.85],[8.717,46.852],[8.724,46.85],[8.727,46.852],[8.73,46.851],[8.733,46.854],[8.733,46.856],[8.737,46.859],[8.743,46.856],[8.747,46.856],[8.749,46.854],[8.749,46.851],[8.74,46.851],[8.733,46.848],[8.732,46.84],[8.741,46.833],[8.746,46.833],[8.748,46.831],[8.743,46.828],[8.736,46.832],[8.733,46.83],[8.73,46.831],[8.723,46.83],[8.722,46.829],[8.723,46.827],[8.733,46.824],[8.736,46.827],[8.739,46.825],[8.743,46.825],[8.745,46.82],[8.749,46.818],[8.762,46.819],[8.767,46.817],[8.766,46.82],[8.769,46.822],[8.772,46.82],[8.77,46.822],[8.771,46.824],[8.784,46.831],[8.78,46.84],[8.783,46.844],[8.783,46.846],[8.781,46.847],[8.782,46.851],[8.786,46.852],[8.789,46.855],[8.793,46.853],[8.793,46.855],[8.799,46.859],[8.803,46.859],[8.809,46.856],[8.813,46.857],[8.815,46.86],[8.819,46.86],[8.825,46.857],[8.829,46.858],[8.83,46.859],[8.827,46.862],[8.829,46.864],[8.827,46.866],[8.832,46.871],[8.826,46.878],[8.813,46.876],[8.81,46.878],[8.81,46.88],[8.806,46.88],[8.803,46.883],[8.79,46.883],[8.784,46.885],[8.774,46.892],[8.767,46.892],[8.764,46.894],[8.757,46.893],[8.754,46.895],[8.731,46.899],[8.721,46.908],[8.719,46.913],[8.705,46.912],[8.7,46.915],[8.689,46.915],[8.686,46.918],[8.673,46.918],[8.668,46.922],[8.668,46.924],[8.663,46.925],[8.657,46.929],[8.664,46.933],[8.669,46.933],[8.669,46.931],[8.666,46.929],[8.672,46.929],[8.672,46.931],[8.676,46.933],[8.68,46.932],[8.683,46.935],[8.687,46.931],[8.687,46.935],[8.692,46.937],[8.696,46.941],[8.7,46.941],[8.713,46.946],[8.718,46.946],[8.743,46.954],[8.759,46.954],[8.761,46.952],[8.758,46.95],[8.758,46.946],[8.755,46.944],[8.755,46.941],[8.735,46.929],[8.732,46.931],[8.722,46.923],[8.729,46.925],[8.742,46.926],[8.745,46.925],[8.748,46.926],[8.748,46.929],[8.758,46.931],[8.763,46.928],[8.758,46.927],[8.757,46.923],[8.753,46.919],[8.748,46.917],[8.741,46.917],[8.731,46.912],[8.745,46.912],[8.755,46.909],[8.758,46.91],[8.765,46.907],[8.768,46.91],[8.764,46.909],[8.761,46.912],[8.768,46.918],[8.769,46.923],[8.779,46.923],[8.781,46.925],[8.785,46.925],[8.781,46.926],[8.776,46.93],[8.785,46.932],[8.787,46.939],[8.78,46.941],[8.776,46.946],[8.783,46.952],[8.792,46.956],[8.795,46.955],[8.798,46.951],[8.802,46.952],[8.807,46.947],[8.801,46.944],[8.8,46.941],[8.794,46.936],[8.795,46.935],[8.811,46.938],[8.814,46.936],[8.813,46.932],[8.807,46.927],[8.807,46.925],[8.812,46.929],[8.821,46.932],[8.824,46.935],[8.827,46.931],[8.823,46.927],[8.823,46.925],[8.826,46.922],[8.827,46.918],[8.83,46.916],[8.829,46.909],[8.827,46.907],[8.812,46.905],[8.81,46.903],[8.809,46.898],[8.806,46.896],[8.806,46.893],[8.809,46.896],[8.823,46.901],[8.83,46.901],[8.84,46.904],[8.843,46.904],[8.846,46.899],[8.853,46.897],[8.856,46.899],[8.86,46.897],[8.86,46.9],[8.853,46.904],[8.854,46.909],[8.86,46.909],[8.868,46.913],[8.871,46.917],[8.865,46.922],[8.857,46.924],[8.852,46.927],[8.857,46.928],[8.86,46.931],[8.861,46.933],[8.855,46.94],[8.861,46.947],[8.865,46.949],[8.864,46.952],[8.857,46.952],[8.853,46.954],[8.861,46.955],[8.871,46.96],[8.891,46.966],[8.878,46.968],[8.868,46.967],[8.861,46.971],[8.857,46.976],[8.856,46.981],[8.865,46.987],[8.863,46.989],[8.868,46.994],[8.866,46.996],[8.872,46.998],[8.871,47.005],[8.877,47.01],[8.889,47.011],[8.895,47.014],[8.905,47.016],[8.919,47.002],[8.928,46.999],[8.932,46.993],[8.941,46.989],[8.947,46.992],[8.95,46.99],[8.951,46.993],[8.961,46.999],[8.962,47.004],[8.958,47.006],[8.944,47.005],[8.934,47.016],[8.951,47.014],[8.954,47.015],[8.958,47.012],[8.961,47.014],[8.968,47.014],[8.977,47.012],[8.977,47.015],[8.98,47.017],[8.991,47.019],[8.997,47.018],[9.001,47.02],[9.004,47.018],[9.007,47.02],[9.01,47.019],[9.013,47.021],[9.014,47.024],[9.02,47.021],[9.027,47.02],[9.032,47.016],[9.028,47.012],[9.032,47.005],[9.03,47.004],[9.027,47.006],[9.018,47.003],[9.013,46.999],[9.006,46.999],[9.006,46.981],[9.003,46.979],[8.986,46.98],[8.983,46.978],[8.98,46.98],[8.976,46.977],[8.97,46.977],[8.966,46.973],[8.965,46.975],[8.963,46.975],[8.959,46.972],[8.976,46.971],[8.983,46.969],[8.986,46.97],[8.993,46.967],[9.007,46.965],[9.002,46.962],[8.996,46.962],[8.986,46.959],[8.973,46.959],[8.974,46.957],[8.971,46.954],[8.971,46.952],[8.966,46.95],[8.963,46.953],[8.959,46.946],[8.955,46.943],[8.955,46.941],[8.961,46.934],[8.969,46.935],[8.97,46.934],[8.968,46.93],[8.962,46.926],[8.955,46.926],[8.952,46.924],[8.939,46.921],[8.929,46.915],[8.921,46.915],[8.918,46.912],[8.912,46.911],[8.909,46.908],[8.905,46.908],[8.899,46.904],[8.889,46.902],[8.888,46.901],[8.893,46.897],[8.892,46.896],[8.879,46.893],[8.878,46.886],[8.875,46.884],[8.871,46.884],[8.869,46.879],[8.862,46.879],[8.858,46.877],[8.858,46.875],[8.869,46.875],[8.871,46.872],[8.872,46.865],[8.875,46.87],[8.895,46.881],[8.907,46.881],[8.919,46.885],[8.921,46.887],[8.925,46.887],[8.935,46.891],[8.941,46.896],[8.944,46.896],[8.951,46.901],[8.957,46.898],[8.964,46.899],[8.966,46.896],[8.961,46.892],[8.957,46.892],[8.954,46.89],[8.944,46.89],[8.941,46.888],[8.931,46.886],[8.931,46.883],[8.932,46.878],[8.941,46.878],[8.944,46.88],[8.96,46.879],[8.961,46.878],[8.957,46.877],[8.954,46.874],[8.95,46.872],[8.947,46.873],[8.941,46.87],[8.94,46.868],[8.947,46.867],[8.954,46.868],[8.957,46.866],[8.963,46.866],[8.965,46.864],[8.957,46.863],[8.951,46.86],[8.95,46.857],[8.947,46.86],[8.948,46.853],[8.943,46.85],[8.94,46.85],[8.939,46.845],[8.934,46.84],[8.94,46.835],[8.949,46.834],[8.951,46.831],[8.949,46.829],[8.949,46.826],[8.952,46.826],[8.956,46.823],[8.962,46.825],[8.965,46.823],[8.97,46.828],[8.97,46.831],[8.967,46.833],[8.969,46.836],[8.973,46.835],[8.966,46.84],[8.971,46.844],[8.968,46.846],[8.968,46.849],[8.972,46.851],[8.969,46.855],[8.983,46.862],[8.986,46.858],[8.996,46.854],[8.999,46.848],[9.002,46.848],[9.008,46.844],[9.008,46.839],[9.004,46.832],[9.007,46.83],[9.004,46.826],[9.005,46.823],[9.005,46.826],[9.018,46.83],[9.017,46.848],[9.018,46.85],[9.016,46.853],[9.012,46.851],[9.009,46.852],[9.006,46.857],[9.004,46.857],[9.003,46.86],[9.0,46.862],[9.0,46.866],[8.996,46.868],[8.996,46.87],[9.003,46.872],[9.003,46.874],[9.0,46.877],[9.003,46.88],[9.006,46.879],[9.01,46.88],[9.013,46.883],[9.017,46.884],[9.013,46.885],[9.011,46.889],[9.023,46.892],[9.027,46.895],[9.03,46.893],[9.04,46.891],[9.04,46.888],[9.05,46.89],[9.048,46.893],[9.057,46.895],[9.058,46.901],[9.05,46.904],[9.054,46.906],[9.055,46.91],[9.046,46.92],[9.041,46.924],[9.035,46.926],[9.041,46.93],[9.049,46.926],[9.07,46.928],[9.064,46.935],[9.067,46.937],[9.074,46.937],[9.077,46.939],[9.075,46.942],[9.087,46.942],[9.088,46.946],[9.094,46.952],[9.1,46.946],[9.1,46.942],[9.104,46.944],[9.107,46.942],[9.107,46.946],[9.105,46.948],[9.109,46.952],[9.107,46.955],[9.108,46.957],[9.114,46.96],[9.114,46.962],[9.111,46.962],[9.109,46.964],[9.107,46.968],[9.108,46.971],[9.106,46.973],[9.111,46.975],[9.112,46.979],[9.115,46.981],[9.121,46.98],[9.124,46.977],[9.123,46.975],[9.124,46.974],[9.137,46.971],[9.14,46.965],[9.144,46.964],[9.144,46.962],[9.134,46.962],[9.125,46.959],[9.124,46.956],[9.13,46.95],[9.13,46.948],[9.133,46.951],[9.137,46.949],[9.143,46.949],[9.145,46.947],[9.142,46.945],[9.145,46.941],[9.139,46.938],[9.14,46.936],[9.139,46.933],[9.147,46.932],[9.146,46.929],[9.142,46.928],[9.132,46.932],[9.131,46.925],[9.129,46.922],[9.118,46.928],[9.106,46.925],[9.11,46.925],[9.115,46.916],[9.12,46.912],[9.116,46.91],[9.112,46.912],[9.111,46.905],[9.102,46.905],[9.099,46.9],[9.092,46.901],[9.089,46.899],[9.088,46.894],[9.085,46.89],[9.091,46.885],[9.102,46.887],[9.113,46.885],[9.115,46.883],[9.114,46.878],[9.118,46.877],[9.121,46.873],[9.131,46.872],[9.135,46.876],[9.132,46.878],[9.136,46.88],[9.138,46.885],[9.136,46.887],[9.139,46.891],[9.155,46.893],[9.156,46.9],[9.161,46.903],[9.175,46.906],[9.177,46.909],[9.179,46.909],[9.181,46.899],[9.187,46.898],[9.189,46.899],[9.187,46.902],[9.197,46.903],[9.201,46.905],[9.204,46.903],[9.207,46.906],[9.207,46.908],[9.204,46.909],[9.201,46.913],[9.2,46.915],[9.201,46.917],[9.208,46.919],[9.211,46.917],[9.214,46.919],[9.218,46.917],[9.219,46.919],[9.214,46.922],[9.224,46.923],[9.225,46.924],[9.223,46.926],[9.239,46.932],[9.228,46.935],[9.225,46.938],[9.225,46.935],[9.221,46.933],[9.214,46.937],[9.213,46.94],[9.209,46.942],[9.205,46.942],[9.202,46.938],[9.199,46.94],[9.195,46.939],[9.196,46.942],[9.193,46.944],[9.192,46.949],[9.188,46.951],[9.196,46.952],[9.202,46.955],[9.207,46.955],[9.212,46.959],[9.225,46.962],[9.228,46.964],[9.227,46.966],[9.233,46.969],[9.232,46.971],[9.235,46.973],[9.233,46.975],[9.233,46.978],[9.235999999999999,46.98],[9.233,46.986],[9.231,46.987],[9.235,46.989],[9.235,46.991],[9.23,46.993],[9.232,46.996],[9.23,46.998],[9.234,47.004],[9.231,47.007],[9.234,47.009],[9.234,47.012],[9.231,47.014],[9.227,47.01],[9.221,47.011],[9.216,47.009],[9.212,46.996],[9.21,46.994],[9.212,46.991],[9.209,46.987],[9.21,46.983],[9.213,46.984],[9.215,46.982],[9.207,46.981],[9.203,46.976],[9.2,46.977],[9.2,46.98],[9.196,46.983],[9.19,46.983],[9.185,46.985],[9.189,46.989],[9.184,46.99],[9.178,46.996],[9.178,46.999],[9.184,47.004],[9.195,47.005],[9.193,47.007],[9.194,47.01],[9.198,47.011],[9.201,47.01],[9.205,47.016],[9.205,47.019],[9.201,47.019],[9.199,47.021],[9.205,47.023],[9.203,47.027],[9.197,47.028],[9.195,47.018],[9.188,47.015],[9.178,47.015],[9.175,47.017],[9.168,47.018],[9.165,47.025],[9.162,47.022],[9.159,47.026],[9.155,47.028],[9.158,47.026],[9.156,47.021],[9.158,47.015],[9.157,47.012],[9.152,47.012],[9.145,47.007],[9.137,47.015],[9.128,47.017],[9.124,47.02],[9.117,47.022],[9.121,47.029],[9.123,47.03],[9.119,47.033],[9.12,47.04],[9.118,47.042],[9.118,47.045],[9.11,47.045],[9.105,47.047],[9.104,47.049],[9.106,47.056],[9.108,47.058],[9.105,47.063],[9.114,47.071],[9.116,47.067],[9.113,47.065],[9.114,47.063],[9.124,47.065],[9.122,47.067],[9.13,47.066],[9.134,47.068],[9.14,47.065],[9.144,47.066],[9.145,47.064],[9.138,47.06],[9.143,47.057],[9.147,47.059],[9.153,47.059],[9.157,47.063],[9.167,47.065],[9.17,47.068],[9.177,47.07],[9.188,47.068],[9.185,47.066],[9.185,47.061],[9.179,47.057],[9.18,47.055],[9.176,47.051],[9.169,47.051],[9.168,47.048],[9.16,47.042],[9.166,47.041],[9.176,47.045],[9.179,47.043],[9.192,47.049],[9.199,47.049],[9.202,47.047],[9.205,47.048],[9.207,47.05],[9.207,47.054],[9.214,47.059],[9.21,47.075],[9.213,47.077],[9.216,47.075],[9.22,47.078],[9.222,47.077],[9.222,47.074],[9.227,47.074],[9.231,47.077],[9.233,47.081],[9.24,47.079],[9.238,47.076],[9.243,47.078],[9.263,47.076],[9.27,47.078],[9.272,47.076],[9.269,47.072],[9.263,47.072],[9.261,47.069],[9.262,47.067],[9.249,47.064],[9.235,47.052],[9.242,47.055],[9.251,47.051],[9.251,47.049],[9.247,47.045],[9.252,47.04],[9.251,47.038],[9.258,47.039],[9.261,47.036],[9.257,47.033],[9.254,47.026],[9.256,47.022],[9.261,47.021],[9.274,47.024],[9.277,47.023],[9.284,47.027],[9.289,47.028],[9.29,47.03],[9.294,47.031],[9.296,47.035],[9.296,47.04],[9.3,47.042],[9.298,47.044],[9.304,47.048],[9.303,47.051],[9.311,47.053],[9.314,47.056],[9.318,47.057],[9.322,47.055],[9.308,47.048],[9.311,47.043],[9.317,47.043],[9.319,47.041],[9.314,47.041],[9.313,47.039],[9.3,47.031],[9.3,47.029],[9.307,47.032],[9.309,47.03],[9.309,47.026],[9.313,47.025],[9.317,47.029],[9.32,47.029],[9.323,47.033],[9.328,47.032],[9.337,47.034],[9.342,47.032],[9.338,47.03],[9.338,47.028],[9.348,47.023],[9.331,47.021],[9.329,47.019],[9.329,47.016],[9.334,47.014],[9.334,47.01],[9.329,47.008],[9.316,47.015],[9.312,47.012],[9.314,47.01],[9.313,47.006],[9.309,47.004],[9.306,47.004],[9.3,47.008],[9.293,47.009],[9.293,47.006],[9.299,47.006],[9.301,47.003],[9.293,47.002],[9.294,46.999],[9.297,46.997],[9.296,46.995],[9.286,46.989],[9.276,46.987],[9.267,46.99],[9.27,46.993],[9.27,46.996],[9.266,46.997],[9.268,46.999],[9.267,47.002],[9.26,46.994],[9.252,46.991],[9.252,46.988],[9.249,46.987],[9.248,46.984],[9.249,46.983],[9.253,46.981],[9.257,46.982],[9.259,46.985],[9.264,46.982],[9.265,46.979],[9.259,46.973],[9.251,46.973],[9.251,46.97],[9.258,46.966],[9.261,46.959],[9.258,46.958],[9.258,46.956],[9.26,46.955],[9.258,46.952],[9.261,46.949],[9.268,46.95],[9.27,46.957],[9.266,46.959],[9.268,46.961],[9.277,46.963],[9.276,46.966],[9.295,46.969],[9.297,46.968],[9.297,46.965],[9.294,46.963],[9.297,46.961],[9.298,46.958],[9.301,46.96],[9.311,46.96],[9.318,46.968],[9.318,46.975],[9.323,46.974],[9.324,46.968],[9.338,46.975],[9.34,46.974],[9.34,46.969],[9.345,46.964],[9.341,46.963],[9.337,46.965],[9.334,46.962],[9.343,46.958],[9.344,46.955],[9.36,46.959],[9.37,46.966],[9.37,46.969],[9.364,46.971],[9.366,46.973],[9.365,46.975],[9.367,46.982],[9.374,46.979],[9.381,46.979],[9.386,46.982],[9.387,46.984],[9.383,46.986],[9.382,46.993],[9.389,46.997],[9.389,47.0],[9.387,47.002],[9.391,47.004],[9.392,47.008],[9.398,47.006],[9.403,47.002],[9.407,46.987],[9.411,46.993],[9.414,46.994],[9.418,46.99],[9.427,46.988],[9.434,46.991],[9.437,46.994],[9.44,46.994],[9.451,46.992],[9.455,46.987],[9.44,46.979],[9.432,46.979],[9.43,46.977],[9.423,46.979],[9.42,46.978],[9.419,46.974],[9.422,46.972],[9.413,46.971],[9.412,46.968],[9.406,46.966],[9.406,46.963],[9.42,46.961],[9.419,46.957],[9.425,46.954],[9.446,46.951],[9.447,46.947],[9.445,46.946],[9.426,46.95],[9.427,46.947],[9.419,46.946],[9.415,46.943],[9.419,46.939],[9.428,46.937],[9.431,46.934],[9.425,46.932],[9.413,46.932],[9.408,46.93],[9.407,46.932],[9.409,46.934],[9.405,46.937],[9.389,46.938],[9.388,46.937],[9.389,46.934],[9.392,46.932],[9.391,46.93],[9.393,46.928],[9.393,46.925],[9.388,46.922],[9.382,46.924],[9.376,46.928],[9.376,46.93],[9.372,46.93],[9.37,46.933],[9.363,46.936],[9.353,46.935],[9.35,46.938],[9.343,46.938],[9.34,46.94],[9.33,46.938],[9.326,46.94],[9.317,46.934],[9.31,46.937],[9.303,46.933],[9.296,46.932],[9.296,46.929],[9.287,46.926],[9.28,46.926],[9.279,46.923],[9.276,46.921],[9.277,46.918],[9.278,46.921],[9.283,46.923],[9.304,46.92],[9.316,46.923],[9.319,46.922],[9.319,46.92],[9.316,46.917],[9.323,46.921],[9.333,46.918],[9.339,46.92],[9.345,46.917],[9.344,46.915],[9.346,46.914],[9.349,46.916],[9.359,46.915],[9.362,46.913],[9.36,46.91],[9.362,46.909],[9.365,46.911],[9.368,46.91],[9.372,46.911],[9.375,46.908],[9.391,46.909],[9.408,46.905],[9.404,46.903],[9.391,46.904],[9.384,46.902],[9.383,46.899],[9.376,46.892],[9.378,46.89],[9.381,46.892],[9.385,46.892],[9.393,46.889],[9.377,46.888],[9.374,46.88],[9.367,46.878],[9.363,46.879],[9.369,46.874],[9.366,46.87],[9.369,46.867],[9.363,46.863],[9.358,46.868],[9.356,46.868],[9.359,46.865],[9.359,46.861],[9.357,46.859],[9.354,46.863],[9.344,46.864],[9.342,46.866],[9.344,46.868],[9.341,46.867],[9.335,46.87],[9.333,46.875],[9.326,46.879],[9.325,46.882],[9.321,46.883],[9.318,46.876],[9.315,46.88],[9.31,46.882],[9.31,46.884],[9.302,46.888],[9.295,46.888],[9.297,46.891],[9.292,46.892],[9.287,46.889],[9.299,46.875],[9.297,46.873],[9.3,46.871],[9.3,46.866],[9.302,46.864],[9.298,46.86],[9.295,46.862],[9.288,46.861],[9.281,46.862],[9.269,46.872],[9.255,46.872],[9.245,46.874],[9.245,46.872],[9.248,46.869],[9.239,46.866],[9.238,46.863],[9.229,46.857],[9.222,46.857],[9.218,46.859],[9.221,46.856],[9.21,46.854],[9.191,46.854],[9.194,46.852],[9.215,46.848],[9.222,46.844],[9.223,46.84],[9.218,46.839],[9.217,46.836],[9.215,46.835],[9.212,46.837],[9.205,46.837],[9.195,46.84],[9.191,46.839],[9.197,46.832],[9.185,46.83],[9.179,46.834],[9.176,46.84],[9.169,46.842],[9.167,46.844],[9.163,46.842],[9.156,46.843],[9.155,46.844],[9.159,46.848],[9.153,46.849],[9.152,46.846],[9.146,46.844],[9.146,46.841],[9.149,46.839],[9.149,46.836],[9.155,46.833],[9.156,46.825],[9.146,46.82],[9.139,46.819],[9.134,46.822],[9.135,46.828],[9.133,46.833],[9.128,46.833],[9.131,46.837],[9.131,46.84],[9.127,46.843],[9.123,46.843],[9.12,46.845],[9.113,46.838],[9.107,46.845],[9.102,46.847],[9.093,46.845],[9.091,46.843],[9.083,46.843],[9.082,46.84],[9.084,46.838],[9.089,46.836],[9.099,46.827],[9.097,46.825],[9.09,46.823],[9.073,46.825],[9.072,46.82],[9.067,46.818],[9.071,46.816],[9.075,46.809],[9.068,46.805],[9.068,46.802],[9.065,46.8],[9.063,46.799],[9.058,46.802],[9.054,46.807],[9.048,46.809],[9.048,46.814],[9.037,46.815],[9.027,46.815],[9.024,46.813],[9.018,46.813],[9.004,46.808],[8.99,46.806],[8.991,46.801],[8.998,46.8],[9.008,46.801],[9.011,46.804],[9.027,46.808],[9.034,46.799],[9.037,46.798],[9.034,46.796],[9.038,46.794],[9.037,46.791],[9.039,46.789],[9.023,46.788],[9.02,46.79],[9.017,46.785],[9.007,46.784],[9.002,46.778],[8.994,46.777],[8.99,46.777],[8.98,46.781],[8.98,46.779],[8.977,46.777],[8.974,46.782],[8.964,46.783],[8.958,46.78],[8.954,46.775],[8.95,46.775],[8.951,46.772],[8.965,46.765],[8.953,46.763],[8.952,46.766],[8.944,46.768],[8.939,46.761],[8.934,46.759],[8.931,46.76],[8.928,46.758],[8.924,46.76],[8.924,46.758],[8.926,46.757],[8.918,46.756],[8.915,46.759],[8.913,46.757],[8.916,46.753],[8.915,46.75],[8.911,46.751],[8.908,46.755],[8.909,46.757],[8.905,46.76],[8.905,46.764],[8.899,46.766],[8.899,46.769],[8.889,46.771],[8.892,46.776],[8.896,46.778],[8.896,46.782],[8.887,46.782],[8.886,46.785],[8.882,46.783],[8.881,46.785],[8.884,46.789],[8.879,46.792],[8.876,46.792],[8.875,46.789],[8.872,46.787],[8.877,46.787],[8.874,46.778],[8.874,46.773],[8.869,46.771],[8.859,46.774],[8.856,46.777],[8.855,46.774],[8.857,46.771],[8.853,46.77],[8.843,46.776],[8.854,46.767],[8.856,46.761],[8.862,46.763],[8.872,46.757],[8.878,46.756],[8.881,46.753],[8.878,46.75],[8.88,46.746],[8.879,46.744],[8.881,46.742],[8.878,46.738],[8.872,46.741],[8.868,46.741],[8.864,46.738],[8.864,46.733],[8.861,46.732],[8.852,46.735],[8.848,46.732],[8.849,46.726],[8.845,46.723],[8.827,46.725],[8.822,46.72],[8.819,46.722],[8.815,46.721],[8.809,46.722],[8.807,46.72],[8.807,46.716],[8.809,46.713],[8.807,46.711],[8.799,46.708],[8.792,46.708],[8.788,46.705],[8.789,46.701],[8.794,46.7],[8.792,46.699],[8.785,46.699],[8.782,46.701],[8.772,46.702],[8.767,46.712],[8.763,46.713],[8.76,46.71],[8.755,46.71],[8.756,46.701],[8.755,46.694],[8.753,46.693],[8.746,46.691],[8.743,46.692],[8.74,46.696],[8.74,46.699],[8.736,46.7],[8.733,46.698],[8.727,46.702],[8.726,46.699],[8.729,46.694],[8.728,46.692],[8.731,46.69],[8.73,46.686],[8.726,46.685],[8.723,46.682],[8.72,46.682],[8.711,46.688],[8.711,46.69],[8.709,46.69],[8.709,46.688],[8.707,46.687],[8.703,46.689],[8.702,46.683],[8.704,46.679],[8.702,46.674],[8.692,46.674],[8.691,46.677],[8.688,46.677],[8.682,46.67],[8.69,46.662],[8.69,46.658],[8.68,46.66],[8.671,46.659],[8.674,46.654],[8.668,46.645],[8.671,46.643],[8.673,46.639],[8.676,46.645],[8.677,46.643],[8.686,46.64],[8.693,46.641],[8.696,46.644],[8.705,46.638],[8.702,46.633],[8.692,46.631],[8.69,46.629],[8.69,46.625],[8.707,46.625],[8.709,46.62],[8.708,46.618],[8.71,46.616],[8.711,46.61],[8.714,46.607],[8.714,46.604],[8.716,46.609],[8.721,46.609],[8.724,46.615],[8.724,46.627],[8.727,46.629],[8.722,46.634],[8.723,46.638],[8.721,46.64],[8.72,46.645],[8.725,46.65],[8.735,46.648],[8.738,46.651],[8.742,46.65],[8.742,46.654],[8.752,46.651],[8.748,46.644],[8.743,46.64],[8.753,46.633],[8.746,46.631],[8.753,46.626],[8.749,46.62],[8.75,46.617],[8.747,46.615],[8.748,46.611],[8.751,46.609],[8.753,46.613],[8.758,46.615],[8.761,46.62],[8.764,46.62],[8.77,46.626],[8.775,46.635],[8.774,46.637],[8.776,46.64],[8.773,46.642],[8.778,46.645],[8.781,46.645],[8.785,46.649],[8.785,46.653],[8.791,46.658],[8.795,46.657],[8.796,46.655],[8.794,46.651],[8.797,46.648],[8.805,46.646],[8.81,46.647],[8.813,46.65],[8.812,46.655],[8.814,46.658],[8.817,46.654],[8.827,46.651],[8.827,46.649],[8.819,46.646],[8.819,46.641],[8.813,46.639],[8.809,46.635],[8.811,46.632],[8.802,46.63],[8.807,46.626],[8.805,46.621],[8.807,46.619],[8.804,46.617],[8.807,46.612],[8.801,46.606],[8.791,46.603],[8.79,46.601],[8.794,46.597],[8.791,46.59],[8.789,46.588],[8.783,46.587],[8.766,46.588],[8.766,46.586],[8.77,46.586],[8.773,46.583],[8.785,46.579],[8.772,46.57],[8.774,46.565],[8.772,46.562],[8.779,46.564],[8.782,46.567],[8.789,46.567],[8.79,46.563],[8.788,46.559],[8.791,46.552],[8.79,46.55],[8.791,46.547],[8.779,46.543],[8.781,46.539],[8.79,46.541],[8.791,46.537],[8.794,46.539],[8.801,46.539],[8.802,46.538],[8.798,46.538],[8.795,46.536],[8.807,46.53],[8.82,46.53],[8.824,46.527],[8.822,46.524],[8.83,46.522],[8.833,46.523],[8.838,46.517],[8.846,46.515],[8.849,46.511],[8.852,46.51],[8.856,46.511],[8.862,46.507],[8.869,46.505],[8.882,46.507],[8.888,46.506],[8.882,46.505],[8.875,46.5],[8.872,46.5],[8.871,46.495],[8.868,46.493],[8.865,46.492],[8.863,46.495],[8.864,46.497],[8.856,46.506],[8.849,46.506],[8.839,46.511],[8.826,46.515],[8.82,46.515],[8.816,46.513],[8.815,46.515],[8.816,46.518],[8.814,46.519],[8.81,46.515],[8.804,46.519],[8.797,46.521],[8.791,46.52],[8.784,46.515],[8.774,46.519],[8.768,46.519],[8.765,46.517],[8.758,46.519],[8.755,46.523],[8.752,46.522],[8.749,46.523],[8.749,46.526],[8.742,46.528],[8.739,46.531],[8.703,46.535],[8.699,46.539],[8.715,46.539],[8.715,46.544],[8.72,46.547],[8.733,46.545],[8.735,46.543],[8.752,46.546],[8.759,46.554],[8.756,46.552],[8.746,46.552],[8.739,46.55],[8.734,46.552],[8.734,46.555],[8.726,46.555],[8.717,46.56],[8.704,46.559],[8.7,46.556],[8.69,46.553],[8.689,46.555],[8.692,46.557],[8.693,46.56],[8.687,46.561],[8.684,46.559],[8.683,46.555],[8.677,46.551],[8.682,46.551],[8.682,46.548],[8.671,46.544],[8.661,46.551],[8.661,46.553],[8.664,46.558],[8.675,46.564],[8.677,46.567],[8.675,46.569],[8.675,46.574],[8.674,46.571],[8.662,46.57],[8.652,46.564],[8.642,46.565],[8.638,46.562],[8.636,46.558],[8.625,46.558],[8.621,46.556],[8.621,46.554],[8.617,46.551],[8.602,46.549],[8.596,46.545],[8.589,46.547],[8.59,46.552],[8.58,46.548],[8.57,46.55],[8.567,46.553],[8.56,46.552],[8.559,46.548],[8.568,46.541],[8.563,46.538],[8.56,46.534],[8.543,46.533],[8.537,46.53],[8.534,46.532],[8.53,46.532],[8.527,46.527],[8.524,46.526],[8.513,46.528],[8.511,46.525],[8.512,46.521],[8.511,46.52],[8.499,46.519],[8.497,46.518],[8.497,46.514],[8.494,46.511],[8.488,46.513],[8.469,46.501],[8.468,46.499],[8.465,46.5],[8.459,46.497],[8.462,46.494],[8.454,46.486],[8.45,46.486],[8.45,46.483],[8.448,46.481],[8.441,46.478],[8.429,46.477],[8.431,46.475],[8.435,46.475],[8.438,46.473],[8.451,46.473],[8.461,46.477],[8.467,46.477],[8.47,46.479],[8.477,46.478],[8.481,46.481],[8.48,46.483],[8.484,46.483],[8.487,46.486],[8.491,46.485],[8.497,46.488],[8.503,46.484],[8.512,46.485],[8.509,46.492],[8.517,46.496],[8.523,46.495],[8.526,46.5],[8.534,46.501],[8.539,46.498],[8.539,46.495],[8.543,46.493],[8.546,46.495],[8.552,46.495],[8.55,46.505],[8.553,46.506],[8.562,46.502],[8.572,46.503],[8.575,46.511],[8.579,46.508],[8.585,46.507],[8.592,46.51],[8.605,46.508],[8.615,46.51],[8.616,46.506],[8.62,46.502],[8.626,46.5],[8.627,46.498],[8.631,46.499],[8.634,46.498],[8.637,46.5],[8.64,46.499],[8.643,46.493],[8.647,46.497],[8.653,46.494],[8.66,46.496],[8.662,46.495],[8.659,46.493],[8.662,46.492],[8.667,46.497],[8.677,46.495],[8.679,46.489],[8.705,46.492],[8.708,46.487],[8.701,46.483],[8.708,46.477],[8.724,46.474],[8.727,46.469],[8.726,46.467],[8.731,46.465],[8.731,46.463],[8.727,46.462],[8.726,46.46],[8.73,46.458],[8.73,46.456],[8.727,46.454],[8.721,46.454],[8.724,46.449],[8.75,46.437],[8.759,46.441],[8.772,46.44],[8.786,46.444],[8.789,46.439],[8.796,46.437],[8.789,46.428],[8.779,46.425],[8.772,46.425],[8.77,46.424],[8.769,46.421],[8.759,46.42],[8.754,46.417],[8.756,46.414],[8.764,46.413],[8.765,46.41],[8.762,46.409],[8.762,46.403],[8.765,46.408],[8.768,46.406],[8.775,46.405],[8.778,46.403],[8.775,46.401],[8.778,46.4],[8.781,46.402],[8.785,46.402],[8.79,46.399],[8.788,46.395],[8.781,46.396],[8.778,46.398],[8.774,46.397],[8.771,46.398],[8.768,46.395],[8.762,46.4],[8.752,46.398],[8.745,46.4],[8.742,46.403],[8.739,46.403],[8.738,46.399],[8.732,46.395],[8.731,46.39],[8.734,46.388],[8.735,46.385],[8.738,46.386],[8.737,46.388],[8.739,46.39],[8.739,46.384],[8.751,46.38],[8.761,46.373],[8.764,46.374],[8.768,46.373],[8.774,46.376],[8.777,46.374],[8.771,46.369],[8.764,46.369],[8.755,46.373],[8.751,46.371],[8.745,46.374],[8.743,46.372],[8.74,46.372],[8.734,46.375],[8.729,46.374],[8.722,46.376],[8.716,46.381],[8.712,46.382],[8.725,46.388],[8.723,46.392],[8.719,46.392],[8.713,46.395],[8.716,46.397],[8.723,46.398],[8.726,46.397],[8.729,46.4],[8.73,46.402],[8.722,46.406],[8.723,46.408],[8.736,46.406],[8.733,46.408],[8.736,46.409],[8.737,46.411],[8.73,46.415],[8.727,46.425],[8.71,46.426],[8.707,46.428],[8.701,46.425],[8.701,46.42],[8.695,46.418],[8.694,46.416],[8.691,46.417],[8.687,46.415],[8.682,46.418],[8.687,46.419],[8.691,46.422],[8.686,46.429],[8.688,46.431],[8.694,46.429],[8.693,46.431],[8.697,46.432],[8.698,46.434],[8.695,46.436],[8.691,46.435],[8.688,46.44],[8.69,46.443],[8.694,46.443],[8.697,46.445],[8.691,46.448],[8.688,46.444],[8.685,46.445],[8.683,46.45],[8.688,46.456],[8.701,46.455],[8.703,46.456],[8.7,46.461],[8.695,46.463],[8.701,46.467],[8.702,46.47],[8.689,46.471],[8.679,46.469],[8.676,46.472],[8.669,46.474],[8.669,46.472],[8.666,46.471],[8.663,46.472],[8.666,46.477],[8.663,46.48],[8.657,46.479],[8.656,46.476],[8.655,46.479],[8.647,46.484],[8.637,46.487],[8.63,46.487],[8.626,46.491],[8.614,46.498],[8.601,46.498],[8.601,46.495],[8.592,46.493],[8.588,46.494],[8.585,46.491],[8.582,46.491],[8.588,46.487],[8.591,46.487],[8.594,46.483],[8.601,46.485],[8.611,46.483],[8.612,46.482],[8.608,46.48],[8.608,46.475],[8.611,46.474],[8.617,46.478],[8.62,46.476],[8.627,46.475],[8.623,46.473],[8.623,46.47],[8.62,46.469],[8.623,46.463],[8.63,46.464],[8.63,46.466],[8.633,46.467],[8.635,46.466],[8.635,46.461],[8.64,46.462],[8.643,46.461],[8.642,46.457],[8.638,46.454],[8.641,46.45],[8.629,46.449],[8.625,46.45],[8.63,46.446],[8.629,46.441],[8.632,46.439],[8.631,46.434],[8.635,46.43],[8.632,46.428],[8.626,46.429],[8.619,46.436],[8.616,46.435],[8.609,46.437],[8.612,46.441],[8.609,46.444],[8.612,46.448],[8.61,46.452],[8.604,46.457],[8.595,46.459],[8.598,46.462],[8.594,46.46],[8.591,46.462],[8.593,46.464],[8.591,46.465],[8.585,46.464],[8.586,46.462],[8.578,46.457],[8.579,46.455],[8.578,46.454],[8.574,46.454],[8.571,46.451],[8.571,46.448],[8.574,46.447],[8.584,46.45],[8.587,46.448],[8.586,46.446],[8.581,46.44],[8.571,46.438],[8.566,46.435],[8.567,46.432],[8.571,46.432],[8.574,46.428],[8.58,46.426],[8.579,46.421],[8.577,46.419],[8.569,46.415],[8.57,46.414],[8.574,46.416],[8.574,46.412],[8.577,46.408],[8.58,46.409],[8.588,46.406],[8.587,46.403],[8.583,46.401],[8.58,46.403],[8.576,46.402],[8.567,46.409],[8.555,46.41],[8.553,46.413],[8.555,46.417],[8.552,46.422],[8.535,46.426],[8.538,46.431],[8.537,46.433],[8.512,46.444],[8.511,46.447],[8.519,46.451],[8.509,46.452],[8.507,46.438],[8.511,46.436],[8.509,46.433],[8.513,46.431],[8.509,46.427],[8.505,46.426],[8.505,46.424],[8.499,46.418],[8.498,46.415],[8.489,46.409],[8.489,46.406],[8.495,46.398],[8.504,46.4],[8.511,46.399],[8.513,46.397],[8.509,46.395],[8.511,46.391],[8.515,46.391],[8.501,46.385],[8.5,46.384],[8.502,46.379],[8.489,46.38],[8.487,46.377],[8.493,46.373],[8.489,46.371],[8.485,46.365],[8.481,46.365],[8.475,46.362],[8.478,46.359],[8.481,46.359],[8.483,46.355],[8.49,46.353],[8.491,46.351],[8.501,46.346],[8.507,46.348],[8.51,46.345],[8.517,46.346],[8.529,46.343],[8.529,46.345],[8.525,46.348],[8.53,46.349],[8.533,46.347],[8.536,46.349],[8.546,46.35],[8.548,46.345],[8.547,46.343],[8.563,46.341],[8.566,46.332],[8.565,46.331],[8.562,46.33],[8.559,46.331],[8.558,46.332],[8.56,46.334],[8.556,46.337],[8.539,46.34],[8.536,46.337],[8.533,46.337],[8.53,46.334],[8.526,46.333],[8.507,46.336],[8.5,46.335],[8.494,46.332],[8.491,46.334],[8.487,46.334],[8.481,46.34],[8.477,46.337],[8.478,46.334],[8.471,46.332],[8.468,46.329],[8.461,46.329],[8.458,46.326],[8.456,46.33],[8.459,46.333],[8.461,46.34],[8.463,46.342],[8.463,46.353],[8.46,46.355],[8.466,46.362],[8.467,46.368],[8.463,46.371],[8.463,46.38],[8.46,46.382],[8.46,46.391],[8.467,46.395],[8.467,46.398],[8.463,46.4],[8.463,46.409],[8.467,46.411],[8.467,46.413],[8.46,46.418],[8.46,46.421],[8.457,46.423],[8.457,46.428],[8.454,46.429],[8.454,46.438],[8.458,46.441],[8.458,46.445],[8.461,46.447],[8.461,46.449],[8.455,46.454],[8.454,46.457],[8.444,46.464],[8.435,46.464],[8.431,46.461],[8.405,46.459],[8.395,46.453],[8.392,46.453],[8.389,46.45],[8.366,46.451],[8.353,46.442],[8.346,46.44],[8.33,46.428],[8.326,46.428],[8.317,46.424],[8.307,46.424],[8.303,46.422],[8.303,46.419],[8.296,46.415],[8.297,46.413],[8.293,46.41],[8.293,46.408],[8.303,46.408],[8.313,46.403],[8.313,46.399],[8.316,46.397],[8.315,46.381],[8.306,46.375],[8.303,46.375],[8.296,46.37],[8.293,46.37],[8.283,46.364],[8.267,46.366],[8.264,46.364],[8.26,46.361],[8.26,46.354],[8.263,46.352],[8.263,46.348],[8.26,46.346],[8.251,46.346],[8.25,46.343],[8.244,46.339],[8.231,46.339],[8.227,46.337],[8.227,46.334],[8.221,46.33],[8.221,46.325],[8.217,46.323],[8.217,46.319],[8.214,46.317],[8.213,46.314],[8.214,46.31],[8.211,46.308],[8.207,46.308],[8.178,46.297],[8.171,46.297],[8.169,46.295],[8.152,46.297],[8.149,46.299],[8.143,46.299],[8.136,46.302],[8.13,46.297],[8.123,46.295],[8.123,46.292],[8.113,46.283],[8.094,46.27],[8.087,46.266],[8.083,46.266],[8.08,46.263],[8.08,46.261],[8.087,46.256],[8.097,46.256],[8.103,46.252],[8.106,46.252],[8.109,46.25],[8.109,46.247],[8.113,46.245],[8.113,46.24],[8.128,46.229],[8.139,46.227],[8.141,46.225],[8.14,46.22],[8.135,46.216],[8.129,46.218],[8.125,46.217],[8.116,46.222],[8.112,46.22],[8.096,46.22],[8.094,46.223],[8.091,46.223],[8.089,46.221],[8.089,46.216],[8.096,46.209],[8.092,46.205],[8.091,46.2],[8.088,46.2],[8.077,46.207],[8.061,46.214],[8.062,46.216],[8.056,46.223],[8.056,46.228],[8.059,46.23],[8.051,46.227],[8.041,46.233],[8.022,46.232],[8.023,46.237],[8.027,46.243],[8.032,46.244],[8.036,46.248],[8.035,46.25],[8.038,46.252],[8.048,46.25],[8.056,46.254],[8.057,46.257],[8.054,46.259],[8.056,46.261],[8.047,46.268],[8.048,46.273],[8.058,46.277],[8.063,46.277],[8.065,46.279],[8.065,46.284],[8.063,46.286],[8.068,46.287],[8.071,46.284],[8.081,46.289],[8.087,46.284],[8.091,46.288],[8.092,46.293],[8.087,46.297],[8.098,46.306],[8.097,46.307],[8.094,46.305],[8.091,46.306],[8.081,46.303],[8.075,46.308],[8.083,46.315],[8.068,46.316],[8.065,46.312],[8.062,46.312],[8.059,46.313],[8.063,46.317],[8.062,46.319],[8.054,46.324],[8.055,46.328],[8.062,46.327],[8.065,46.33],[8.068,46.328],[8.071,46.331],[8.072,46.341],[8.082,46.337],[8.086,46.342],[8.084,46.349],[8.088,46.35],[8.095,46.348],[8.098,46.354],[8.104,46.35],[8.117,46.348],[8.122,46.36],[8.144,46.364],[8.148,46.362],[8.145,46.357],[8.153,46.357],[8.155,46.355],[8.153,46.351],[8.142,46.351],[8.137,46.348],[8.135,46.344],[8.132,46.342],[8.133,46.34],[8.127,46.335],[8.126,46.333],[8.127,46.332],[8.143,46.336],[8.147,46.34],[8.153,46.341],[8.158,46.339],[8.159,46.337],[8.151,46.328],[8.159,46.33],[8.172,46.329],[8.173,46.333],[8.179,46.335],[8.184,46.332],[8.185,46.328],[8.192,46.326],[8.195,46.327],[8.197,46.332],[8.194,46.335],[8.193,46.339],[8.206,46.344],[8.19,46.348],[8.199,46.359],[8.202,46.358],[8.209,46.36],[8.215,46.356],[8.218,46.356],[8.22,46.357],[8.221,46.36],[8.228,46.361],[8.229,46.366],[8.235,46.37],[8.239,46.37],[8.24,46.373],[8.248,46.373],[8.263,46.379],[8.261,46.381],[8.254,46.383],[8.245,46.382],[8.241,46.383],[8.238,46.381],[8.222,46.38],[8.22,46.382],[8.221,46.384],[8.229,46.391],[8.228,46.392],[8.225,46.389],[8.206,46.387],[8.189,46.382],[8.18,46.384],[8.178,46.389],[8.18,46.39],[8.186,46.388],[8.189,46.389],[8.202,46.396],[8.206,46.396],[8.212,46.4],[8.216,46.4],[8.228,46.409],[8.225,46.41],[8.216,46.408],[8.203,46.403],[8.196,46.403],[8.193,46.401],[8.186,46.402],[8.182,46.407],[8.19,46.409],[8.19,46.412],[8.196,46.412],[8.2,46.418],[8.206,46.418],[8.209,46.42],[8.209,46.424],[8.219,46.424],[8.219,46.431],[8.226,46.431],[8.232,46.438],[8.242,46.437],[8.245,46.438],[8.248,46.44],[8.243,46.444],[8.249,46.448],[8.254,46.447],[8.256,46.444],[8.262,46.441],[8.264,46.435],[8.268,46.431],[8.271,46.431],[8.278,46.427],[8.29,46.428],[8.288,46.431],[8.293,46.435],[8.291,46.437],[8.286,46.437],[8.288,46.438],[8.289,46.442],[8.281,46.447],[8.273,46.456],[8.275,46.458],[8.281,46.458],[8.282,46.46],[8.282,46.464],[8.278,46.469],[8.285,46.471],[8.294,46.464],[8.294,46.462],[8.298,46.46],[8.304,46.46],[8.306,46.462],[8.306,46.469],[8.297,46.476],[8.296,46.48],[8.301,46.484],[8.31,46.484],[8.313,46.489],[8.321,46.494],[8.324,46.494],[8.331,46.49],[8.337,46.495],[8.344,46.493],[8.35,46.489],[8.35,46.486],[8.364,46.48],[8.366,46.476],[8.373,46.476],[8.374,46.482],[8.372,46.486],[8.374,46.488],[8.367,46.493],[8.369,46.495],[8.368,46.498],[8.367,46.499],[8.364,46.497],[8.362,46.5],[8.344,46.507],[8.343,46.509],[8.351,46.513],[8.352,46.518],[8.358,46.518],[8.361,46.524],[8.37,46.522],[8.377,46.518],[8.387,46.516],[8.39,46.514],[8.392,46.515],[8.392,46.518],[8.388,46.522],[8.39,46.523],[8.409,46.517],[8.413,46.514],[8.419,46.516],[8.422,46.514],[8.425,46.515],[8.423,46.522],[8.417,46.524],[8.416,46.53],[8.406,46.53],[8.397,46.534],[8.394,46.54],[8.39,46.542],[8.387,46.541],[8.377,46.544],[8.376,46.551],[8.382,46.556],[8.381,46.557],[8.371,46.556],[8.358,46.56],[8.391,46.573],[8.406,46.574],[8.394,46.577],[8.384,46.577],[8.381,46.579],[8.371,46.579],[8.357,46.572],[8.355,46.566],[8.348,46.564],[8.348,46.56],[8.352,46.554],[8.347,46.549],[8.335,46.546],[8.332,46.542],[8.328,46.542],[8.325,46.54],[8.322,46.535],[8.315,46.535],[8.309,46.539],[8.299,46.539],[8.298,46.536],[8.305,46.535],[8.31,46.529],[8.309,46.527],[8.302,46.526],[8.299,46.528],[8.292,46.528],[8.29,46.53],[8.287,46.53],[8.285,46.527],[8.291,46.521],[8.289,46.519],[8.279,46.526],[8.275,46.523],[8.278,46.521],[8.278,46.516],[8.276,46.514],[8.267,46.519],[8.26,46.52],[8.259,46.514],[8.263,46.509],[8.263,46.506],[8.253,46.51],[8.242,46.519],[8.242,46.521],[8.237,46.523],[8.227,46.522],[8.226,46.519],[8.229,46.517],[8.23,46.512],[8.237,46.506],[8.242,46.496],[8.227,46.488],[8.214,46.497],[8.213,46.494],[8.207,46.494],[8.209,46.492],[8.209,46.487],[8.214,46.481],[8.214,46.478],[8.211,46.476],[8.208,46.476],[8.204,46.48],[8.189,46.488],[8.186,46.488],[8.184,46.484],[8.181,46.486],[8.18,46.485],[8.191,46.474],[8.19,46.47],[8.193,46.467],[8.185,46.465],[8.186,46.461],[8.184,46.459],[8.179,46.461],[8.173,46.461],[8.173,46.458],[8.176,46.456],[8.177,46.452],[8.171,46.451],[8.167,46.448],[8.161,46.448],[8.156,46.452],[8.155,46.456],[8.15,46.456],[8.145,46.463],[8.136,46.468],[8.138,46.47],[8.141,46.47],[8.142,46.474],[8.14,46.477],[8.14,46.481],[8.143,46.483],[8.142,46.487],[8.138,46.486],[8.139,46.483],[8.137,46.479],[8.121,46.475],[8.12,46.468],[8.117,46.466],[8.122,46.459],[8.117,46.454],[8.117,46.452],[8.121,46.448],[8.121,46.445],[8.111,46.436],[8.115,46.435],[8.117,46.432],[8.107,46.427],[8.106,46.425],[8.108,46.423],[8.107,46.421],[8.095,46.415],[8.09,46.407],[8.087,46.407],[8.084,46.41],[8.082,46.41],[8.08,46.414],[8.083,46.416],[8.082,46.417],[8.073,46.408],[8.066,46.406],[8.063,46.407],[8.066,46.41],[8.065,46.416],[8.068,46.419],[8.07,46.428],[8.058,46.432],[8.055,46.434],[8.055,46.437],[8.064,46.441],[8.065,46.443],[8.06,46.447],[8.048,46.45],[8.047,46.448],[8.055,46.443],[8.053,46.439],[8.042,46.43],[8.044,46.427],[8.047,46.428],[8.049,46.423],[8.044,46.422],[8.037,46.424],[8.035,46.421],[8.035,46.417],[8.03,46.415],[8.024,46.409],[8.014,46.411],[8.008,46.415],[8.004,46.415],[8.002,46.417],[7.992,46.421],[7.985,46.422],[7.983,46.424],[7.978,46.424],[7.995,46.416],[7.999,46.412],[7.999,46.405],[7.995,46.404],[7.993,46.406],[7.99,46.406],[7.988,46.404],[7.99,46.394],[7.987,46.392],[7.987,46.388],[7.989,46.385],[7.988,46.384],[7.981,46.383],[7.972,46.377],[7.968,46.377],[7.962,46.382],[7.957,46.381],[7.957,46.379],[7.951,46.372],[7.953,46.37],[7.951,46.363],[7.953,46.361],[7.956,46.347],[7.955,46.344],[7.95,46.347],[7.951,46.349],[7.948,46.354],[7.947,46.361],[7.944,46.363],[7.944,46.368],[7.941,46.37],[7.937,46.377],[7.932,46.379],[7.937,46.381],[7.937,46.383],[7.926,46.391],[7.925,46.39],[7.927,46.388],[7.926,46.384],[7.916,46.394],[7.915,46.39],[7.92,46.383],[7.921,46.379],[7.92,46.376],[7.915,46.377],[7.92,46.372],[7.917,46.368],[7.919,46.365],[7.924,46.363],[7.921,46.361],[7.923,46.358],[7.918,46.354],[7.923,46.352],[7.918,46.35],[7.919,46.348],[7.922,46.347],[7.919,46.345],[7.924,46.343],[7.922,46.341],[7.916,46.34],[7.903,46.345],[7.905,46.352],[7.899,46.354],[7.9,46.359],[7.899,46.361],[7.897,46.363],[7.893,46.362],[7.89,46.365],[7.888,46.365],[7.889,46.368],[7.886,46.37],[7.891,46.377],[7.887,46.376],[7.886,46.377],[7.885,46.379],[7.887,46.382],[7.881,46.378],[7.877,46.381],[7.876,46.377],[7.863,46.37],[7.864,46.366],[7.857,46.363],[7.865,46.357],[7.863,46.348],[7.865,46.345],[7.861,46.338],[7.854,46.345],[7.85,46.345],[7.845,46.348],[7.848,46.35],[7.844,46.352],[7.845,46.354],[7.85,46.357],[7.843,46.359],[7.843,46.361],[7.847,46.363],[7.846,46.366],[7.841,46.367],[7.835,46.373],[7.826,46.368],[7.826,46.363],[7.822,46.358],[7.818,46.359],[7.812,46.355],[7.805,46.359],[7.808,46.357],[7.806,46.352],[7.804,46.355],[7.797,46.359],[7.796,46.363],[7.795,46.359],[7.797,46.357],[7.797,46.352],[7.793,46.345],[7.786,46.353],[7.784,46.352],[7.785,46.348],[7.783,46.346],[7.777,46.346],[7.782,46.352],[7.782,46.357],[7.776,46.358],[7.775,46.361],[7.782,46.368],[7.772,46.373],[7.773,46.382],[7.777,46.384],[7.783,46.384],[7.784,46.386],[7.782,46.388],[7.783,46.39],[7.79,46.388],[7.793,46.392],[7.799,46.392],[7.801,46.393],[7.801,46.395],[7.809,46.397],[7.808,46.402],[7.812,46.404],[7.816,46.403],[7.82,46.406],[7.822,46.41],[7.829,46.409],[7.83,46.411],[7.827,46.413],[7.829,46.416],[7.839,46.418],[7.845,46.423],[7.858,46.426],[7.871,46.434],[7.896,46.444],[7.897,46.448],[7.899,46.449],[7.891,46.45],[7.888,46.452],[7.881,46.452],[7.878,46.45],[7.871,46.45],[7.865,46.448],[7.858,46.452],[7.854,46.444],[7.852,46.443],[7.847,46.447],[7.842,46.448],[7.839,46.446],[7.832,46.449],[7.841,46.44],[7.839,46.438],[7.832,46.44],[7.826,46.436],[7.822,46.436],[7.81,46.445],[7.806,46.445],[7.805,46.442],[7.808,46.44],[7.811,46.433],[7.803,46.428],[7.796,46.425],[7.79,46.426],[7.78,46.421],[7.777,46.422],[7.774,46.417],[7.767,46.414],[7.764,46.415],[7.76,46.413],[7.757,46.414],[7.751,46.41],[7.748,46.412],[7.734,46.405],[7.74,46.402],[7.738,46.399],[7.734,46.398],[7.732,46.393],[7.739,46.391],[7.738,46.388],[7.732,46.384],[7.736,46.377],[7.736,46.366],[7.738,46.364],[7.728,46.347],[7.724,46.348],[7.715,46.344],[7.711,46.345],[7.705,46.343],[7.702,46.344],[7.702,46.346],[7.69,46.348],[7.689,46.352],[7.685,46.353],[7.684,46.355],[7.687,46.357],[7.686,46.362],[7.676,46.353],[7.678,46.348],[7.666,46.346],[7.661,46.35],[7.66,46.358],[7.648,46.362],[7.651,46.364],[7.652,46.368],[7.65,46.37],[7.642,46.368],[7.641,46.371],[7.643,46.375],[7.665,46.389],[7.663,46.398],[7.666,46.401],[7.67,46.402],[7.674,46.407],[7.673,46.408],[7.653,46.405],[7.651,46.402],[7.627,46.402],[7.611,46.396],[7.607,46.389],[7.609,46.386],[7.604,46.383],[7.601,46.378],[7.597,46.378],[7.599,46.375],[7.598,46.374],[7.591,46.373],[7.587,46.369],[7.588,46.366],[7.594,46.362],[7.592,46.36],[7.592,46.357],[7.594,46.348],[7.591,46.347],[7.585,46.348],[7.575,46.345],[7.562,46.354],[7.556,46.354],[7.539,46.358],[7.533,46.357],[7.531,46.355],[7.536,46.351],[7.53,46.346],[7.528,46.346],[7.527,46.348],[7.52,46.347],[7.513,46.343],[7.5,46.351],[7.5,46.348],[7.504,46.344],[7.504,46.341],[7.489,46.339],[7.488,46.342],[7.486,46.342],[7.48,46.337],[7.483,46.335],[7.482,46.33],[7.474,46.331],[7.468,46.329],[7.464,46.33],[7.472,46.337],[7.474,46.342],[7.478,46.346],[7.477,46.351],[7.479,46.355],[7.478,46.356],[7.467,46.355],[7.466,46.351],[7.463,46.348],[7.458,46.347],[7.456,46.348],[7.459,46.351],[7.459,46.353],[7.455,46.355],[7.445,46.356],[7.439,46.36],[7.435,46.36],[7.429,46.363],[7.416,46.362],[7.413,46.364],[7.409,46.364],[7.408,46.362],[7.41,46.357],[7.415,46.355],[7.419,46.35],[7.422,46.35],[7.428,46.346],[7.426,46.343],[7.422,46.341],[7.42,46.342],[7.42,46.344],[7.418,46.344],[7.417,46.342],[7.422,46.337],[7.419,46.335],[7.421,46.333],[7.418,46.328],[7.409,46.322],[7.406,46.322],[7.403,46.317],[7.396,46.316],[7.394,46.312],[7.39,46.313],[7.387,46.311],[7.383,46.311],[7.378,46.315],[7.376,46.319],[7.37,46.321],[7.367,46.32],[7.365,46.319],[7.366,46.308],[7.364,46.306],[7.361,46.309],[7.36,46.308],[7.363,46.306],[7.363,46.303],[7.358,46.302],[7.354,46.304],[7.353,46.301],[7.355,46.299],[7.351,46.297],[7.348,46.302],[7.341,46.303],[7.345,46.305],[7.344,46.31],[7.348,46.31],[7.345,46.312],[7.345,46.317],[7.335,46.316],[7.332,46.318],[7.325,46.318],[7.322,46.32],[7.319,46.314],[7.317,46.315],[7.317,46.319],[7.314,46.321],[7.313,46.324],[7.309,46.324],[7.306,46.322],[7.296,46.322],[7.292,46.319],[7.291,46.312],[7.299,46.304],[7.306,46.301],[7.299,46.299],[7.298,46.292],[7.295,46.288],[7.286,46.286],[7.286,46.283],[7.288,46.281],[7.279,46.281],[7.282,46.276],[7.276,46.273],[7.272,46.274],[7.272,46.272],[7.269,46.27],[7.264,46.262],[7.262,46.263],[7.263,46.267],[7.261,46.27],[7.262,46.274],[7.255,46.281],[7.255,46.283],[7.251,46.285],[7.25,46.288],[7.252,46.29],[7.25,46.293],[7.26,46.296],[7.265,46.299],[7.265,46.301],[7.257,46.304],[7.237,46.304],[7.234,46.302],[7.226,46.308],[7.221,46.308],[7.211,46.301],[7.214,46.299],[7.215,46.296],[7.212,46.295],[7.205,46.299],[7.203,46.296],[7.206,46.29],[7.194,46.287],[7.194,46.285],[7.206,46.283],[7.202,46.276],[7.205,46.272],[7.202,46.269],[7.205,46.268],[7.212,46.271],[7.214,46.274],[7.221,46.278],[7.224,46.276],[7.223,46.272],[7.224,46.263],[7.22,46.26],[7.22,46.256],[7.226,46.254],[7.223,46.249],[7.229,46.245],[7.224,46.24],[7.217,46.238],[7.22,46.236],[7.22,46.233],[7.212,46.234],[7.209,46.236],[7.205,46.235],[7.202,46.237],[7.199,46.235],[7.193,46.238],[7.188,46.238],[7.183,46.234],[7.176,46.234],[7.173,46.232],[7.166,46.234],[7.162,46.231],[7.163,46.227],[7.16,46.224],[7.16,46.22],[7.154,46.216],[7.144,46.219],[7.137,46.217],[7.14,46.209],[7.143,46.206],[7.139,46.2],[7.148,46.197],[7.146,46.191],[7.149,46.186],[7.147,46.184],[7.144,46.188],[7.143,46.193],[7.141,46.195],[7.137,46.195],[7.127,46.184],[7.125,46.178],[7.113,46.177],[7.113,46.172],[7.105,46.171],[7.102,46.173],[7.092,46.171],[7.092,46.166],[7.088,46.163]],[[7.611,46.454],[7.608,46.457],[7.607,46.456],[7.611,46.454]],[[8.247,46.753],[8.25,46.754],[8.251,46.755],[8.248,46.755],[8.247,46.753]],[[8.444,46.785],[8.44,46.783],[8.44,46.78],[8.441,46.783],[8.444,46.785]],[[8.464,46.645],[8.46,46.643],[8.463,46.643],[8.464,46.645]],[[8.931,46.883],[8.924,46.878],[8.925,46.876],[8.93,46.878],[8.931,46.883]],[[8.241,46.541],[8.262,46.543],[8.27,46.545],[8.274,46.548],[8.267,46.549],[8.26,46.546],[8.247,46.544],[8.245,46.546],[8.247,46.548],[8.259,46.552],[8.254,46.553],[8.242,46.546],[8.247,46.543],[8.241,46.541]],[[7.403,46.339],[7.409,46.345],[7.413,46.343],[7.414,46.346],[7.413,46.347],[7.408,46.346],[7.399,46.339],[7.403,46.339]]],[[[7.14,46.276],[7.131,46.272],[7.127,46.272],[7.121,46.267],[7.113,46.271],[7.121,46.275],[7.124,46.279],[7.129,46.278],[7.134,46.279],[7.14,46.276]]],[[[8.741,46.755],[8.738,46.754],[8.738,46.756],[8.741,46.755]]],[[[9.266,46.997],[9.269,46.995],[9.266,46.993],[9.264,46.995],[9.266,46.997]]],[[[8.752,46.651],[8.75,46.656],[8.755,46.66],[8.756,46.658],[8.753,46.656],[8.752,46.651]]],[[[8.791,46.547],[8.795,46.548],[8.796,46.547],[8.795,46.545],[8.791,46.544],[8.791,46.547]]],[[[8.063,46.407],[8.063,46.404],[8.044,46.394],[8.039,46.394],[8.041,46.396],[8.041,46.399],[8.052,46.403],[8.053,46.405],[8.063,46.407]]],[[[7.903,46.345],[7.906,46.343],[7.903,46.339],[7.898,46.338],[7.903,46.345]]],[[[9.199,46.512],[9.195,46.517],[9.2,46.519],[9.199,46.521],[9.204,46.524],[9.209,46.519],[9.209,46.517],[9.219,46.514],[9.224,46.516],[9.226,46.521],[9.231,46.525],[9.237,46.52],[9.247,46.519],[9.248,46.518],[9.244,46.518],[9.24,46.515],[9.229,46.514],[9.245,46.512],[9.239,46.507],[9.243,46.504],[9.248,46.503],[9.252,46.498],[9.241,46.492],[9.235,46.485],[9.242,46.482],[9.25,46.482],[9.251,46.48],[9.248,46.478],[9.25,46.476],[9.25,46.473],[9.247,46.469],[9.248,46.468],[9.252,46.469],[9.257,46.473],[9.257,46.476],[9.262,46.477],[9.264,46.48],[9.26,46.484],[9.26,46.487],[9.265,46.491],[9.269,46.491],[9.27,46.498],[9.268,46.5],[9.268,46.505],[9.276,46.51],[9.276,46.512],[9.274,46.513],[9.274,46.518],[9.265,46.527],[9.27,46.531],[9.29,46.535],[9.292,46.533],[9.289,46.531],[9.29,46.529],[9.298,46.529],[9.293,46.525],[9.289,46.525],[9.286,46.527],[9.289,46.524],[9.278,46.518],[9.279,46.515],[9.286,46.519],[9.302,46.519],[9.306,46.517],[9.309,46.522],[9.315,46.523],[9.319,46.52],[9.322,46.52],[9.318,46.516],[9.318,46.514],[9.323,46.513],[9.327,46.51],[9.335,46.51],[9.341,46.512],[9.343,46.519],[9.346,46.521],[9.346,46.524],[9.343,46.526],[9.349,46.528],[9.346,46.53],[9.344,46.535],[9.345,46.536],[9.348,46.534],[9.355,46.533],[9.361,46.534],[9.362,46.535],[9.357,46.539],[9.36,46.541],[9.358,46.544],[9.362,46.545],[9.364,46.548],[9.368,46.547],[9.37,46.552],[9.373,46.552],[9.374,46.546],[9.368,46.542],[9.368,46.54],[9.371,46.537],[9.37,46.532],[9.364,46.53],[9.367,46.52],[9.371,46.523],[9.386,46.527],[9.39,46.53],[9.392,46.534],[9.397,46.535],[9.399,46.543],[9.396,46.545],[9.396,46.547],[9.401,46.552],[9.408,46.553],[9.409,46.552],[9.406,46.547],[9.408,46.546],[9.417,46.548],[9.419,46.543],[9.417,46.541],[9.416,46.534],[9.412,46.529],[9.412,46.522],[9.403,46.514],[9.4,46.516],[9.402,46.514],[9.4,46.512],[9.397,46.514],[9.399,46.511],[9.396,46.509],[9.4,46.511],[9.402,46.509],[9.398,46.505],[9.398,46.502],[9.389,46.5],[9.393,46.494],[9.398,46.491],[9.394,46.489],[9.391,46.485],[9.394,46.484],[9.399,46.486],[9.406,46.492],[9.409,46.491],[9.409,46.493],[9.413,46.495],[9.414,46.498],[9.424,46.504],[9.431,46.511],[9.442,46.509],[9.444,46.506],[9.438,46.5],[9.435,46.5],[9.434,46.497],[9.428,46.493],[9.428,46.491],[9.424,46.488],[9.424,46.479],[9.421,46.478],[9.421,46.475],[9.417,46.473],[9.417,46.471],[9.414,46.468],[9.411,46.467],[9.408,46.469],[9.401,46.469],[9.392,46.474],[9.389,46.474],[9.387,46.478],[9.383,46.48],[9.382,46.483],[9.379,46.483],[9.37,46.489],[9.37,46.492],[9.367,46.494],[9.367,46.498],[9.371,46.501],[9.371,46.505],[9.364,46.508],[9.354,46.508],[9.351,46.506],[9.344,46.506],[9.341,46.504],[9.338,46.504],[9.334,46.507],[9.325,46.507],[9.318,46.504],[9.308,46.504],[9.302,46.5],[9.295,46.5],[9.292,46.498],[9.281,46.498],[9.281,46.493],[9.277,46.491],[9.278,46.489],[9.274,46.486],[9.275,46.484],[9.274,46.48],[9.278,46.477],[9.278,46.475],[9.274,46.473],[9.274,46.466],[9.277,46.464],[9.277,46.459],[9.261,46.449],[9.251,46.449],[9.247,46.446],[9.246,46.442],[9.244,46.441],[9.238,46.441],[9.233,46.444],[9.232,46.449],[9.226,46.451],[9.227,46.458],[9.229,46.46],[9.226,46.465],[9.222,46.467],[9.217,46.474],[9.208,46.476],[9.208,46.481],[9.213,46.48],[9.214,46.483],[9.21,46.485],[9.207,46.49],[9.213,46.493],[9.217,46.493],[9.223,46.497],[9.236,46.5],[9.238,46.501],[9.238,46.503],[9.23,46.506],[9.22,46.502],[9.217,46.499],[9.2,46.493],[9.192,46.504],[9.193,46.506],[9.199,46.508],[9.199,46.512]]],[[[9.436,47.102],[9.421,47.102],[9.414,47.107],[9.413,47.11],[9.405,47.11],[9.403,47.112],[9.407,47.114],[9.401,47.121],[9.404,47.125],[9.409,47.127],[9.412,47.121],[9.425,47.12],[9.427,47.118],[9.425,47.114],[9.432,47.109],[9.431,47.107],[9.436,47.102]]],[[[9.317,47.237],[9.311,47.234],[9.307,47.233],[9.303,47.235],[9.308,47.237],[9.31,47.244],[9.315,47.25],[9.318,47.25],[9.321,47.253],[9.331,47.255],[9.338,47.259],[9.339,47.261],[9.348,47.264],[9.358,47.27],[9.365,47.271],[9.374,47.27],[9.368,47.266],[9.365,47.261],[9.358,47.257],[9.361,47.255],[9.368,47.256],[9.37,47.254],[9.364,47.252],[9.362,47.25],[9.364,47.248],[9.367,47.251],[9.374,47.252],[9.377,47.249],[9.381,47.253],[9.401,47.26],[9.406,47.256],[9.395,47.252],[9.39,47.248],[9.387,47.25],[9.384,47.249],[9.387,47.249],[9.389,47.247],[9.386,47.245],[9.394,47.242],[9.399,47.242],[9.406,47.247],[9.415,47.247],[9.41,47.245],[9.41,47.242],[9.412,47.24],[9.402,47.236],[9.4,47.233],[9.397,47.232],[9.396,47.234],[9.398,47.236],[9.392,47.236],[9.379,47.232],[9.377,47.23],[9.373,47.23],[9.367,47.234],[9.36,47.229],[9.357,47.231],[9.355,47.227],[9.347,47.226],[9.341,47.23],[9.346,47.232],[9.343,47.234],[9.347,47.235],[9.351,47.239],[9.351,47.243],[9.344,47.242],[9.338,47.245],[9.334,47.243],[9.331,47.244],[9.324,47.239],[9.317,47.237]]],[[[9.402,47.128],[9.399,47.123],[9.393,47.131],[9.388,47.132],[9.38,47.137],[9.367,47.137],[9.357,47.134],[9.354,47.138],[9.355,47.14],[9.36,47.141],[9.363,47.139],[9.367,47.14],[9.377,47.146],[9.391,47.146],[9.393,47.143],[9.395,47.146],[9.394,47.148],[9.397,47.149],[9.407,47.146],[9.41,47.147],[9.412,47.146],[9.412,47.141],[9.41,47.138],[9.405,47.137],[9.408,47.134],[9.402,47.128]]],[[[8.859,46.625],[8.869,46.627],[8.87,46.632],[8.872,46.634],[8.881,46.636],[8.882,46.64],[8.888,46.636],[8.892,46.639],[8.898,46.639],[8.908,46.642],[8.903,46.649],[8.904,46.652],[8.897,46.654],[8.902,46.658],[8.901,46.661],[8.894,46.665],[8.899,46.666],[8.902,46.669],[8.906,46.669],[8.904,46.672],[8.899,46.673],[8.895,46.676],[8.899,46.682],[8.904,46.685],[8.904,46.688],[8.896,46.693],[8.89,46.693],[8.888,46.695],[8.896,46.696],[8.903,46.695],[8.909,46.692],[8.907,46.69],[8.908,46.685],[8.909,46.683],[8.914,46.683],[8.91,46.681],[8.912,46.68],[8.919,46.679],[8.922,46.681],[8.929,46.682],[8.931,46.68],[8.922,46.672],[8.918,46.672],[8.919,46.671],[8.932,46.668],[8.938,46.669],[8.941,46.666],[8.955,46.667],[8.952,46.664],[8.957,46.662],[8.943,46.658],[8.941,46.655],[8.943,46.653],[8.938,46.653],[8.934,46.65],[8.928,46.65],[8.923,46.645],[8.924,46.643],[8.934,46.646],[8.941,46.646],[8.944,46.648],[8.961,46.65],[8.97,46.644],[8.974,46.647],[8.983,46.647],[8.993,46.641],[8.996,46.641],[8.998,46.639],[8.996,46.637],[8.999,46.636],[9.016,46.635],[9.016,46.639],[9.011,46.641],[9.009,46.645],[9.017,46.652],[9.008,46.659],[9.008,46.661],[9.014,46.664],[9.014,46.666],[9.008,46.668],[9.012,46.673],[9.007,46.682],[9.003,46.686],[8.998,46.69],[8.99,46.691],[8.995,46.693],[8.996,46.7],[8.998,46.702],[9.005,46.703],[9.011,46.7],[9.014,46.703],[9.018,46.699],[9.022,46.702],[9.024,46.707],[9.029,46.708],[9.029,46.711],[9.027,46.713],[9.028,46.714],[9.038,46.718],[9.041,46.717],[9.043,46.715],[9.04,46.708],[9.034,46.706],[9.055,46.699],[9.053,46.696],[9.046,46.695],[9.049,46.692],[9.047,46.689],[9.043,46.689],[9.042,46.686],[9.046,46.682],[9.056,46.683],[9.059,46.681],[9.052,46.679],[9.05,46.677],[9.046,46.677],[9.042,46.674],[9.039,46.668],[9.033,46.666],[9.026,46.666],[9.025,46.663],[9.039,46.661],[9.059,46.666],[9.064,46.663],[9.064,46.661],[9.062,46.66],[9.056,46.662],[9.046,46.657],[9.036,46.655],[9.034,46.648],[9.032,46.646],[9.036,46.644],[9.045,46.644],[9.05,46.641],[9.045,46.639],[9.034,46.639],[9.032,46.636],[9.034,46.634],[9.035,46.629],[9.038,46.627],[9.062,46.625],[9.054,46.622],[9.041,46.621],[9.039,46.618],[9.053,46.611],[9.054,46.609],[9.047,46.608],[9.045,46.605],[9.051,46.602],[9.052,46.6],[9.067,46.6],[9.069,46.598],[9.066,46.595],[9.066,46.593],[9.07,46.59],[9.073,46.594],[9.08,46.592],[9.08,46.595],[9.083,46.597],[9.081,46.604],[9.083,46.606],[9.093,46.603],[9.096,46.608],[9.103,46.608],[9.1,46.614],[9.098,46.615],[9.1,46.622],[9.112,46.622],[9.114,46.624],[9.11,46.629],[9.114,46.632],[9.117,46.632],[9.118,46.637],[9.12,46.639],[9.13,46.639],[9.134,46.637],[9.137,46.639],[9.141,46.639],[9.143,46.641],[9.149,46.641],[9.153,46.643],[9.16,46.643],[9.161,46.641],[9.153,46.636],[9.146,46.635],[9.144,46.63],[9.132,46.624],[9.138,46.621],[9.129,46.62],[9.128,46.617],[9.123,46.615],[9.125,46.613],[9.123,46.611],[9.113,46.608],[9.112,46.606],[9.125,46.604],[9.112,46.594],[9.107,46.593],[9.105,46.59],[9.095,46.586],[9.097,46.581],[9.096,46.58],[9.089,46.578],[9.076,46.58],[9.069,46.578],[9.06,46.579],[9.055,46.578],[9.053,46.576],[9.046,46.578],[9.043,46.576],[9.042,46.578],[9.039,46.578],[9.042,46.575],[9.042,46.573],[9.039,46.571],[9.045,46.569],[9.036,46.56],[9.026,46.553],[9.033,46.554],[9.037,46.551],[9.031,46.54],[9.031,46.533],[9.034,46.526],[9.035,46.525],[9.037,46.526],[9.037,46.531],[9.039,46.535],[9.042,46.532],[9.042,46.535],[9.04,46.535],[9.042,46.538],[9.045,46.539],[9.048,46.544],[9.053,46.546],[9.05,46.555],[9.053,46.56],[9.066,46.563],[9.073,46.562],[9.072,46.559],[9.062,46.552],[9.062,46.549],[9.079,46.557],[9.082,46.56],[9.089,46.559],[9.087,46.555],[9.09,46.552],[9.088,46.549],[9.084,46.548],[9.09,46.546],[9.09,46.541],[9.081,46.535],[9.07,46.537],[9.071,46.532],[9.075,46.532],[9.077,46.53],[9.076,46.523],[9.079,46.523],[9.111,46.537],[9.114,46.533],[9.115,46.536],[9.112,46.538],[9.11,46.545],[9.117,46.546],[9.118,46.547],[9.116,46.55],[9.118,46.552],[9.112,46.556],[9.108,46.564],[9.113,46.565],[9.116,46.57],[9.121,46.569],[9.124,46.572],[9.131,46.568],[9.141,46.569],[9.142,46.572],[9.139,46.576],[9.141,46.582],[9.151,46.584],[9.154,46.582],[9.156,46.583],[9.155,46.587],[9.158,46.589],[9.162,46.589],[9.17,46.594],[9.182,46.589],[9.183,46.587],[9.179,46.582],[9.181,46.578],[9.167,46.566],[9.154,46.564],[9.146,46.558],[9.152,46.556],[9.153,46.553],[9.163,46.554],[9.167,46.553],[9.17,46.556],[9.176,46.557],[9.183,46.562],[9.189,46.564],[9.192,46.569],[9.196,46.572],[9.206,46.575],[9.205,46.578],[9.207,46.578],[9.207,46.575],[9.211,46.573],[9.219,46.574],[9.226,46.577],[9.223,46.578],[9.221,46.582],[9.218,46.584],[9.215,46.589],[9.215,46.595],[9.212,46.598],[9.212,46.6],[9.214,46.601],[9.217,46.599],[9.22,46.601],[9.224,46.601],[9.227,46.599],[9.231,46.604],[9.228,46.606],[9.229,46.609],[9.234,46.612],[9.241,46.613],[9.235,46.618],[9.228,46.62],[9.227,46.622],[9.221,46.623],[9.216,46.627],[9.211,46.628],[9.207,46.634],[9.201,46.638],[9.205,46.639],[9.212,46.634],[9.215,46.634],[9.225,46.638],[9.231,46.636],[9.235,46.639],[9.238,46.642],[9.233,46.647],[9.229,46.654],[9.219,46.653],[9.215,46.656],[9.222,46.658],[9.222,46.662],[9.229,46.663],[9.232,46.667],[9.236,46.669],[9.239,46.666],[9.245,46.667],[9.248,46.669],[9.249,46.672],[9.255,46.67],[9.258,46.671],[9.257,46.673],[9.259,46.675],[9.264,46.676],[9.265,46.679],[9.272,46.684],[9.274,46.689],[9.27,46.691],[9.273,46.693],[9.273,46.696],[9.267,46.7],[9.269,46.702],[9.277,46.702],[9.277,46.705],[9.286,46.711],[9.284,46.714],[9.285,46.716],[9.292,46.713],[9.288,46.709],[9.291,46.707],[9.285,46.702],[9.286,46.7],[9.289,46.7],[9.282,46.699],[9.282,46.697],[9.284,46.696],[9.279,46.689],[9.281,46.687],[9.275,46.678],[9.268,46.675],[9.264,46.669],[9.258,46.665],[9.258,46.66],[9.255,46.658],[9.251,46.658],[9.254,46.656],[9.254,46.653],[9.258,46.653],[9.261,46.651],[9.254,46.642],[9.254,46.638],[9.25,46.635],[9.25,46.625],[9.257,46.619],[9.25,46.618],[9.249,46.608],[9.263,46.609],[9.267,46.604],[9.256,46.598],[9.25,46.598],[9.249,46.596],[9.251,46.595],[9.246,46.591],[9.243,46.591],[9.242,46.588],[9.256,46.587],[9.269,46.589],[9.272,46.591],[9.279,46.591],[9.282,46.594],[9.289,46.596],[9.295,46.596],[9.296,46.599],[9.294,46.601],[9.3,46.603],[9.3,46.605],[9.303,46.607],[9.303,46.61],[9.3,46.614],[9.3,46.619],[9.296,46.618],[9.294,46.621],[9.3,46.623],[9.301,46.626],[9.297,46.628],[9.3,46.629],[9.3,46.635],[9.302,46.639],[9.299,46.641],[9.296,46.648],[9.297,46.649],[9.303,46.644],[9.307,46.643],[9.31,46.649],[9.317,46.65],[9.318,46.652],[9.316,46.657],[9.32,46.668],[9.324,46.666],[9.324,46.663],[9.326,46.661],[9.325,46.659],[9.327,46.658],[9.33,46.66],[9.334,46.656],[9.332,46.654],[9.346,46.649],[9.344,46.654],[9.349,46.656],[9.348,46.658],[9.35,46.659],[9.353,46.666],[9.355,46.665],[9.356,46.662],[9.37,46.663],[9.373,46.661],[9.389,46.66],[9.391,46.658],[9.389,46.656],[9.384,46.656],[9.384,46.653],[9.382,46.652],[9.375,46.652],[9.371,46.649],[9.371,46.647],[9.377,46.642],[9.372,46.641],[9.369,46.643],[9.361,46.643],[9.36,46.64],[9.355,46.636],[9.37,46.629],[9.368,46.627],[9.361,46.626],[9.355,46.628],[9.345,46.628],[9.342,46.626],[9.334,46.625],[9.34,46.62],[9.35,46.616],[9.34,46.614],[9.34,46.611],[9.351,46.608],[9.358,46.608],[9.361,46.606],[9.364,46.608],[9.367,46.606],[9.366,46.604],[9.377,46.601],[9.378,46.599],[9.36,46.598],[9.357,46.596],[9.344,46.599],[9.34,46.598],[9.343,46.596],[9.341,46.594],[9.325,46.598],[9.32,46.598],[9.318,46.596],[9.318,46.591],[9.324,46.59],[9.332,46.585],[9.329,46.58],[9.33,46.579],[9.334,46.581],[9.336,46.58],[9.334,46.577],[9.329,46.576],[9.327,46.574],[9.324,46.576],[9.317,46.576],[9.311,46.578],[9.308,46.581],[9.304,46.581],[9.301,46.579],[9.295,46.582],[9.285,46.58],[9.271,46.581],[9.271,46.579],[9.267,46.577],[9.268,46.576],[9.272,46.574],[9.281,46.575],[9.291,46.573],[9.297,46.569],[9.296,46.565],[9.294,46.564],[9.284,46.568],[9.278,46.564],[9.271,46.563],[9.258,46.566],[9.256,46.568],[9.249,46.57],[9.245,46.568],[9.25,46.566],[9.245,46.564],[9.239,46.566],[9.232,46.565],[9.228,46.566],[9.224,46.564],[9.225,46.562],[9.222,46.56],[9.218,46.562],[9.215,46.557],[9.216,46.555],[9.212,46.551],[9.204,46.553],[9.206,46.557],[9.21,46.559],[9.209,46.56],[9.199,46.553],[9.189,46.552],[9.18,46.544],[9.176,46.537],[9.172,46.538],[9.169,46.534],[9.153,46.534],[9.138,46.529],[9.138,46.527],[9.136,46.526],[9.133,46.528],[9.126,46.527],[9.119,46.523],[9.117,46.519],[9.113,46.519],[9.109,46.516],[9.113,46.515],[9.116,46.517],[9.12,46.517],[9.126,46.522],[9.131,46.52],[9.123,46.514],[9.119,46.514],[9.119,46.511],[9.11,46.508],[9.093,46.508],[9.09,46.51],[9.086,46.51],[9.084,46.508],[9.07,46.508],[9.064,46.506],[9.061,46.503],[9.088,46.501],[9.09,46.497],[9.093,46.499],[9.096,46.497],[9.103,46.496],[9.116,46.496],[9.136,46.501],[9.148,46.509],[9.159,46.512],[9.165,46.512],[9.169,46.508],[9.169,46.506],[9.165,46.506],[9.163,46.504],[9.163,46.497],[9.155,46.495],[9.148,46.496],[9.145,46.493],[9.147,46.491],[9.147,46.488],[9.144,46.486],[9.145,46.482],[9.138,46.478],[9.138,46.476],[9.145,46.476],[9.154,46.481],[9.163,46.477],[9.161,46.473],[9.157,46.471],[9.154230769230773,46.47284615384615],[9.157,46.468],[9.143,46.464],[9.154,46.46],[9.157,46.461],[9.159,46.459],[9.16,46.453],[9.167,46.45],[9.168,46.448],[9.166,46.447],[9.163,46.449],[9.157,46.445],[9.153,46.445],[9.144,46.449],[9.134,46.449],[9.131,46.445],[9.127,46.445],[9.123,46.451],[9.123,46.455],[9.124,46.456],[9.131,46.454],[9.135,46.457],[9.129,46.459],[9.129,46.466],[9.126,46.469],[9.126,46.473],[9.122,46.475],[9.118,46.474],[9.112,46.477],[9.107,46.473],[9.111,46.471],[9.111,46.464],[9.116,46.462],[9.114,46.46],[9.114,46.457],[9.108,46.456],[9.094,46.449],[9.095,46.448],[9.101,46.452],[9.104,46.449],[9.091,46.437],[9.098,46.441],[9.1,46.44],[9.101,46.437],[9.097,46.431],[9.098,46.43],[9.101,46.432],[9.103,46.431],[9.1,46.422],[9.106,46.415],[9.097,46.409],[9.094,46.409],[9.094,46.406],[9.112,46.406],[9.106,46.402],[9.093,46.398],[9.09,46.395],[9.089,46.39],[9.087,46.389],[9.074,46.39],[9.065,46.395],[9.064,46.397],[9.06,46.398],[9.077,46.399],[9.079,46.404],[9.082,46.406],[9.078,46.409],[9.071,46.409],[9.068,46.412],[9.061,46.412],[9.061,46.415],[9.071,46.414],[9.074,46.417],[9.076,46.415],[9.087,46.416],[9.094,46.418],[9.095,46.42],[9.089,46.431],[9.078,46.432],[9.073,46.436],[9.072,46.438],[9.076,46.44],[9.076,46.442],[9.067,46.449],[9.07,46.454],[9.069,46.456],[9.08,46.462],[9.08,46.467],[9.082,46.469],[9.073,46.472],[9.05,46.47],[9.045,46.472],[9.044,46.477],[9.042,46.479],[9.034,46.481],[9.029,46.486],[9.034,46.488],[9.028,46.488],[9.024,46.49],[9.018,46.489],[9.013,46.493],[9.008,46.493],[9.006,46.495],[9.006,46.506],[9.01,46.513],[9.004,46.515],[9.004,46.52],[9.01,46.524],[9.01,46.526],[9.013,46.529],[9.0,46.531],[9.001,46.536],[8.997,46.539],[8.99,46.54],[8.982,46.549],[8.983,46.552],[8.986,46.554],[8.985,46.556],[8.986,46.558],[8.991,46.561],[8.992,46.556],[8.994,46.555],[9.0,46.553],[9.004,46.554],[9.007,46.552],[9.012,46.553],[9.015,46.556],[9.014,46.563],[9.01,46.563],[9.006,46.567],[9.008,46.569],[9.003,46.574],[9.001,46.581],[9.008,46.583],[9.011,46.582],[9.024,46.586],[9.027,46.584],[9.031,46.591],[9.018,46.592],[9.008,46.594],[9.005,46.596],[8.998,46.594],[8.995,46.597],[8.992,46.595],[8.99,46.596],[8.989,46.6],[8.985,46.602],[8.978,46.601],[8.977,46.597],[8.98,46.594],[8.975,46.591],[8.974,46.597],[8.969,46.6],[8.959,46.593],[8.957,46.595],[8.949,46.597],[8.947,46.599],[8.947,46.602],[8.94,46.608],[8.939,46.611],[8.933,46.612],[8.93,46.609],[8.932,46.606],[8.93,46.602],[8.93,46.597],[8.921,46.593],[8.921,46.588],[8.914,46.588],[8.919,46.591],[8.919,46.593],[8.913,46.591],[8.913,46.588],[8.92,46.582],[8.913,46.58],[8.91,46.575],[8.903,46.578],[8.897,46.578],[8.89,46.573],[8.883,46.574],[8.878,46.571],[8.872,46.564],[8.864,46.565],[8.844,46.563],[8.842,46.562],[8.847,46.56],[8.863,46.558],[8.864,46.555],[8.857,46.55],[8.84,46.547],[8.834,46.553],[8.815,46.565],[8.815,46.567],[8.812,46.57],[8.805,46.574],[8.805,46.579],[8.809,46.581],[8.808,46.588],[8.81,46.59],[8.815,46.593],[8.821,46.594],[8.825,46.599],[8.824,46.601],[8.83,46.603],[8.83,46.61],[8.832,46.616],[8.832,46.614],[8.836,46.612],[8.837,46.607],[8.839,46.607],[8.841,46.601],[8.84,46.598],[8.842,46.597],[8.845,46.599],[8.85,46.596],[8.845,46.585],[8.848,46.582],[8.855,46.587],[8.861,46.588],[8.864,46.592],[8.868,46.591],[8.871,46.593],[8.886,46.593],[8.891,46.595],[8.892,46.598],[8.887,46.598],[8.878,46.601],[8.871,46.6],[8.869,46.603],[8.874,46.607],[8.865,46.612],[8.858,46.619],[8.857,46.623],[8.859,46.625]],[[9.318,46.596],[9.315,46.599],[9.314,46.598],[9.318,46.596]],[[9.145,46.493],[9.139,46.494],[9.135,46.491],[9.135,46.488],[9.138,46.49],[9.142,46.49],[9.145,46.493]],[[9.154111111111114,46.473055555555554],[9.158,46.475],[9.153,46.475],[9.154111111111114,46.473055555555554]]],[[[8.855,46.629],[8.859,46.625],[8.855,46.624],[8.853,46.627],[8.855,46.629]]],[[[9.056,46.683],[9.06,46.686],[9.064,46.683],[9.056,46.683]]],[[[9.232,47.148],[9.229,47.146],[9.222,47.148],[9.219,47.147],[9.215,47.15],[9.21,47.151],[9.212,47.153],[9.216,47.152],[9.219,47.155],[9.222,47.155],[9.229,47.161],[9.232,47.161],[9.234,47.164],[9.239,47.166],[9.242,47.163],[9.252,47.166],[9.255,47.163],[9.256,47.166],[9.259,47.168],[9.266,47.168],[9.266,47.166],[9.275,47.163],[9.282,47.165],[9.285,47.163],[9.295,47.167],[9.302,47.166],[9.304,47.168],[9.315,47.17],[9.314,47.174],[9.319,47.176],[9.321,47.174],[9.321,47.164],[9.328,47.17],[9.331,47.168],[9.333,47.169],[9.337,47.174],[9.339,47.174],[9.342,47.167],[9.341,47.162],[9.338,47.158],[9.331,47.158],[9.331,47.153],[9.324,47.152],[9.324,47.149],[9.321,47.148],[9.311,47.155],[9.295,47.155],[9.293,47.157],[9.288,47.158],[9.275,47.155],[9.272,47.153],[9.252,47.154],[9.24,47.151],[9.239,47.149],[9.232,47.148]]],[[[9.286,46.72],[9.283,46.716],[9.28,46.718],[9.276,46.717],[9.274,46.718],[9.274,46.72],[9.279,46.723],[9.273,46.727],[9.277,46.729],[9.282,46.729],[9.279,46.734],[9.287,46.734],[9.29,46.737],[9.29,46.741],[9.287,46.743],[9.288,46.745],[9.28,46.752],[9.284,46.753],[9.287,46.751],[9.291,46.753],[9.296,46.752],[9.296,46.749],[9.304,46.749],[9.307,46.747],[9.3,46.744],[9.303,46.741],[9.31,46.741],[9.313,46.738],[9.31,46.735],[9.298,46.734],[9.297,46.732],[9.286,46.725],[9.289,46.72],[9.286,46.72]]],[[[9.284,46.306],[9.28,46.306],[9.28,46.309],[9.277,46.311],[9.279,46.315],[9.278,46.318],[9.274,46.322],[9.274,46.325],[9.271,46.327],[9.276,46.33],[9.279,46.328],[9.286,46.33],[9.292,46.328],[9.297,46.324],[9.295,46.32],[9.284,46.311],[9.284,46.306]]],[[[9.295,46.34],[9.293,46.338],[9.29,46.338],[9.284,46.34],[9.287,46.344],[9.29,46.344],[9.292,46.347],[9.29,46.35],[9.281,46.351],[9.284,46.353],[9.284,46.356],[9.293,46.358],[9.296,46.356],[9.295,46.34]]],[[[9.28,46.363],[9.274,46.359],[9.271,46.361],[9.266,46.37],[9.268,46.372],[9.266,46.374],[9.268,46.376],[9.269,46.381],[9.266,46.383],[9.27,46.385],[9.269,46.392],[9.267,46.394],[9.267,46.397],[9.262,46.398],[9.26,46.401],[9.272,46.405],[9.276,46.41],[9.279,46.411],[9.281,46.41],[9.281,46.403],[9.278,46.401],[9.278,46.389],[9.282,46.389],[9.284,46.385],[9.277,46.378],[9.277,46.367],[9.28,46.365],[9.28,46.363]]],[[[9.262,46.281],[9.258,46.276],[9.25,46.284],[9.252,46.286],[9.259,46.286],[9.265,46.29],[9.27,46.289],[9.27,46.286],[9.262,46.281]]],[[[9.257,46.273],[9.251,46.267],[9.242,46.268],[9.237,46.271],[9.238,46.276],[9.242,46.276],[9.241,46.273],[9.245,46.272],[9.252,46.277],[9.257,46.275],[9.257,46.273]]],[[[9.208,46.212],[9.201,46.208],[9.199,46.209],[9.198,46.212],[9.19,46.216],[9.195,46.219],[9.201,46.217],[9.208,46.218],[9.215,46.226],[9.215,46.231],[9.212,46.235],[9.208,46.234],[9.206,46.236],[9.206,46.24],[9.215,46.244],[9.221,46.237],[9.225,46.237],[9.228,46.239],[9.231,46.237],[9.234,46.238],[9.241,46.236],[9.244,46.239],[9.246,46.237],[9.246,46.235],[9.244,46.234],[9.234,46.234],[9.231,46.231],[9.224,46.232],[9.22,46.229],[9.219,46.215],[9.208,46.212]]],[[[9.234,46.674],[9.229,46.67],[9.226,46.675],[9.22,46.678],[9.216,46.678],[9.214,46.679],[9.214,46.681],[9.216,46.682],[9.22,46.68],[9.227,46.681],[9.233,46.676],[9.234,46.674]]],[[[9.166,46.371],[9.154,46.37],[9.152,46.374],[9.154,46.377],[9.159,46.378],[9.165,46.382],[9.163,46.385],[9.158,46.388],[9.145,46.388],[9.143,46.39],[9.145,46.392],[9.155,46.393],[9.165,46.397],[9.171,46.398],[9.175,46.397],[9.181,46.401],[9.191,46.399],[9.191,46.397],[9.187,46.396],[9.186,46.391],[9.191,46.39],[9.191,46.388],[9.18,46.387],[9.176,46.385],[9.186,46.38],[9.177,46.374],[9.171,46.374],[9.166,46.371]]],[[[9.184,46.411],[9.178,46.41],[9.172,46.413],[9.159,46.412],[9.156,46.414],[9.159,46.417],[9.167,46.418],[9.169,46.42],[9.173,46.418],[9.185,46.421],[9.188,46.418],[9.184,46.411]]],[[[9.185,47.079],[9.17,47.078],[9.168,47.08],[9.177,47.086],[9.181,47.084],[9.18,47.081],[9.184,47.083],[9.186,47.082],[9.185,47.079]]],[[[9.179,46.362],[9.167,46.361],[9.162,46.365],[9.162,46.367],[9.167,46.371],[9.17,46.37],[9.174,46.371],[9.179,46.369],[9.181,46.364],[9.179,46.362]]],[[[9.177,46.173],[9.171,46.17],[9.164,46.174],[9.158,46.171],[9.151,46.173],[9.155,46.176],[9.168,46.179],[9.174,46.177],[9.177,46.173]]],[[[9.162,46.338],[9.16,46.335],[9.158,46.34],[9.152,46.344],[9.152,46.349],[9.154,46.351],[9.165,46.344],[9.166,46.341],[9.175,46.34],[9.162,46.338]]],[[[9.166,46.432],[9.163,46.428],[9.154,46.434],[9.156,46.437],[9.16,46.437],[9.166,46.442],[9.17,46.441],[9.171,46.439],[9.165,46.434],[9.166,46.432]]],[[[9.157,47.074],[9.147,47.069],[9.135,47.071],[9.139,47.073],[9.14,47.076],[9.139,47.078],[9.144,47.08],[9.147,47.08],[9.15,47.077],[9.154,47.078],[9.157,47.077],[9.16,47.08],[9.167,47.079],[9.17,47.077],[9.157,47.074]]],[[[9.159,46.419],[9.152,46.418],[9.145,46.426],[9.159,46.428],[9.162,46.424],[9.167,46.423],[9.162,46.422],[9.159,46.419]]],[[[9.162,46.324],[9.159,46.318],[9.153,46.318],[9.147,46.322],[9.156,46.331],[9.154,46.335],[9.156,46.337],[9.159,46.335],[9.161,46.331],[9.162,46.324]]],[[[9.081,46.336],[9.069,46.335],[9.063,46.339],[9.064,46.343],[9.053,46.347],[9.049,46.347],[9.046,46.345],[9.027,46.345],[9.017,46.349],[9.02,46.352],[9.024,46.35],[9.05,46.35],[9.056,46.354],[9.073,46.356],[9.074,46.364],[9.072,46.366],[9.076,46.367],[9.079,46.362],[9.091,46.361],[9.092,46.355],[9.095,46.358],[9.098,46.356],[9.097,46.352],[9.095,46.351],[9.078,46.348],[9.068,46.343],[9.068,46.341],[9.079,46.343],[9.081,46.336]]],[[[9.053,46.294],[9.047,46.294],[9.046,46.305],[9.048,46.308],[9.052,46.307],[9.063,46.312],[9.063,46.314],[9.067,46.316],[9.069,46.319],[9.069,46.321],[9.065,46.324],[9.059,46.324],[9.056,46.326],[9.054,46.33],[9.059,46.334],[9.069,46.331],[9.072,46.332],[9.078,46.33],[9.078,46.328],[9.074,46.325],[9.075,46.324],[9.081,46.331],[9.083,46.33],[9.083,46.327],[9.086,46.325],[9.087,46.321],[9.086,46.318],[9.076,46.314],[9.076,46.312],[9.071,46.308],[9.073,46.305],[9.073,46.298],[9.068,46.297],[9.06,46.299],[9.053,46.294]]],[[[8.906,47.04],[8.899,47.035],[8.893,47.037],[8.889,47.041],[8.889,47.045],[8.9,47.047],[8.906,47.051],[8.919,47.052],[8.926,47.056],[8.929,47.056],[8.927,47.058],[8.936,47.065],[8.941,47.067],[8.942,47.072],[8.944,47.074],[8.946,47.075],[8.95,47.074],[8.955,47.076],[8.954,47.078],[8.956,47.08],[8.96,47.081],[8.963,47.08],[8.958,47.069],[8.952,47.065],[8.952,47.05],[8.954,47.056],[8.966,47.062],[8.976,47.062],[8.979,47.065],[9.003,47.066],[9.005,47.069],[8.992,47.07],[8.99,47.071],[8.992,47.074],[9.007,47.073],[9.012,47.075],[9.023,47.075],[9.025,47.077],[9.032,47.077],[9.03,47.075],[9.031,47.073],[9.03,47.07],[9.028,47.069],[9.03,47.066],[9.014,47.062],[9.012,47.06],[8.995,47.054],[8.989,47.057],[8.985,47.056],[8.978,47.05],[8.969,47.047],[8.959,47.046],[8.952,47.047],[8.946,47.05],[8.936,47.045],[8.925,47.043],[8.919,47.039],[8.917,47.041],[8.909,47.039],[8.906,47.04]]],[[[8.963,47.08],[8.961,47.083],[8.964,47.087],[8.953,47.09],[8.95,47.092],[8.948,47.096],[8.95,47.098],[8.954,47.096],[8.951,47.094],[8.978,47.087],[8.963,47.08]]],[[[9.021,46.448],[9.017,46.446],[9.015,46.448],[9.01,46.449],[9.0,46.449],[8.995,46.452],[8.996,46.455],[8.992,46.457],[8.992,46.459],[8.989,46.461],[8.989,46.464],[8.976,46.473],[8.977,46.48],[8.992,46.483],[8.995,46.485],[9.015,46.487],[9.016,46.486],[9.01,46.481],[9.016,46.479],[9.01,46.475],[9.01,46.47],[9.019,46.463],[9.017,46.46],[9.014,46.46],[9.007,46.456],[9.01,46.456],[9.014,46.453],[9.02,46.455],[9.021,46.454],[9.019,46.45],[9.021,46.448]]],[[[8.92,46.24],[8.926,46.24],[8.921,46.237],[8.913,46.238],[8.907,46.236],[8.9,46.237],[8.891,46.239],[8.885,46.247],[8.888,46.249],[8.891,46.245],[8.894,46.248],[8.901,46.245],[8.904,46.246],[8.907,46.245],[8.91,46.247],[8.914,46.246],[8.92,46.248],[8.921,46.246],[8.918,46.242],[8.92,46.24]]],[[[8.926,46.24],[8.939,46.239],[8.941,46.237],[8.938,46.235],[8.942,46.232],[8.946,46.233],[8.948,46.228],[8.939,46.225],[8.936,46.231],[8.926,46.235],[8.926,46.24]]],[[[8.922,46.303],[8.915,46.3],[8.906,46.305],[8.909,46.308],[8.911,46.307],[8.91,46.305],[8.912,46.303],[8.915,46.304],[8.922,46.303]]],[[[8.919,46.273],[8.911,46.272],[8.908,46.275],[8.895,46.274],[8.891,46.278],[8.902,46.282],[8.908,46.277],[8.914,46.277],[8.919,46.273]]],[[[8.876,46.303],[8.875,46.308],[8.878,46.31],[8.878,46.312],[8.877,46.316],[8.875,46.317],[8.883,46.321],[8.885,46.319],[8.882,46.317],[8.886,46.312],[8.889,46.311],[8.899,46.314],[8.902,46.31],[8.904,46.31],[8.896,46.307],[8.883,46.306],[8.876,46.303]]],[[[8.893,47.066],[8.887,47.058],[8.879,47.061],[8.877,47.064],[8.882,47.066],[8.88,47.066],[8.879,47.068],[8.88,47.069],[8.893,47.066]]],[[[8.843,46.313],[8.837,46.311],[8.836,46.313],[8.837,46.317],[8.84,46.319],[8.84,46.322],[8.836,46.329],[8.83,46.331],[8.835,46.335],[8.845,46.333],[8.851,46.336],[8.852,46.333],[8.85,46.326],[8.851,46.325],[8.854,46.327],[8.857,46.324],[8.87,46.325],[8.873,46.324],[8.873,46.321],[8.87,46.32],[8.851,46.32],[8.849,46.322],[8.846,46.322],[8.842,46.319],[8.848,46.317],[8.843,46.313]]],[[[8.792,46.999],[8.783,46.998],[8.779,46.999],[8.79,47.004],[8.793,47.008],[8.798,47.006],[8.81,47.006],[8.82,47.011],[8.836,47.023],[8.84,47.023],[8.841,47.021],[8.838,47.015],[8.839,47.012],[8.856,47.023],[8.857,47.026],[8.867,47.028],[8.864,47.03],[8.869,47.032],[8.871,47.03],[8.868,47.021],[8.862,47.014],[8.86,47.014],[8.862,47.012],[8.86,47.007],[8.856,47.004],[8.842,47.003],[8.839,47.006],[8.832,47.002],[8.816,47.003],[8.809,47.001],[8.8,47.002],[8.792,46.999]]],[[[8.85,46.358],[8.848,46.356],[8.843,46.36],[8.832,46.362],[8.831,46.365],[8.826,46.367],[8.828,46.371],[8.825,46.374],[8.824,46.378],[8.82,46.38],[8.818,46.383],[8.819,46.385],[8.82,46.386],[8.826,46.384],[8.83,46.386],[8.835,46.385],[8.837,46.382],[8.833,46.381],[8.831,46.378],[8.834,46.369],[8.844,46.369],[8.852,46.367],[8.85,46.358]]],[[[8.852,46.367],[8.851,46.369],[8.858,46.369],[8.855,46.366],[8.852,46.367]]],[[[8.819,46.398],[8.81,46.389],[8.807,46.391],[8.798,46.392],[8.81,46.396],[8.809,46.399],[8.81,46.4],[8.814,46.4],[8.817,46.402],[8.819,46.401],[8.819,46.398]]],[[[8.764,46.329],[8.75,46.329],[8.749,46.33],[8.752,46.332],[8.747,46.334],[8.744,46.333],[8.737,46.335],[8.728,46.335],[8.72,46.341],[8.715,46.348],[8.712,46.349],[8.705,46.349],[8.702,46.351],[8.692,46.347],[8.692,46.35],[8.687,46.355],[8.689,46.357],[8.696,46.354],[8.699,46.357],[8.699,46.366],[8.717,46.366],[8.715,46.364],[8.712,46.365],[8.711,46.364],[8.719,46.362],[8.72,46.359],[8.723,46.357],[8.719,46.355],[8.721,46.348],[8.725,46.349],[8.731,46.345],[8.744,46.341],[8.748,46.339],[8.746,46.336],[8.75,46.334],[8.763,46.333],[8.767,46.334],[8.768,46.332],[8.764,46.329]]],[[[8.698,46.96],[8.661,46.96],[8.667,46.964],[8.677,46.965],[8.684,46.963],[8.687,46.964],[8.69,46.961],[8.698,46.96]]],[[[8.624,46.38],[8.618,46.379],[8.605,46.386],[8.596,46.383],[8.596,46.381],[8.592,46.381],[8.581,46.388],[8.57,46.392],[8.573,46.396],[8.576,46.397],[8.576,46.399],[8.58,46.4],[8.583,46.4],[8.594,46.394],[8.602,46.395],[8.606,46.393],[8.609,46.396],[8.611,46.392],[8.609,46.389],[8.612,46.392],[8.617,46.389],[8.618,46.386],[8.626,46.385],[8.624,46.383],[8.624,46.38]]],[[[8.624,46.259],[8.622,46.255],[8.616,46.258],[8.606,46.258],[8.603,46.26],[8.599,46.258],[8.594,46.264],[8.603,46.265],[8.606,46.262],[8.609,46.263],[8.611,46.261],[8.622,46.26],[8.624,46.259]]],[[[8.562,46.257],[8.554,46.254],[8.551,46.256],[8.544,46.257],[8.541,46.255],[8.529,46.26],[8.515,46.257],[8.505,46.258],[8.502,46.256],[8.497,46.26],[8.5,46.262],[8.502,46.269],[8.518,46.267],[8.528,46.269],[8.548,46.268],[8.55,46.269],[8.549,46.271],[8.558,46.274],[8.569,46.269],[8.564,46.266],[8.562,46.262],[8.562,46.257]]],[[[8.464,46.897],[8.452,46.897],[8.44,46.904],[8.43,46.905],[8.426,46.907],[8.43,46.908],[8.433,46.907],[8.434,46.909],[8.436,46.909],[8.446,46.907],[8.448,46.908],[8.449,46.912],[8.453,46.911],[8.456,46.913],[8.466,46.915],[8.466,46.917],[8.469,46.92],[8.474,46.919],[8.477,46.924],[8.486,46.927],[8.492,46.924],[8.496,46.925],[8.498,46.921],[8.5,46.921],[8.501,46.924],[8.505,46.925],[8.519,46.926],[8.528,46.923],[8.519,46.922],[8.512,46.918],[8.502,46.915],[8.492,46.915],[8.491,46.91],[8.489,46.909],[8.469,46.906],[8.468,46.904],[8.471,46.901],[8.471,46.899],[8.464,46.897]]],[[[8.503,46.226],[8.498,46.228],[8.495,46.227],[8.492,46.23],[8.486,46.231],[8.485,46.233],[8.469,46.232],[8.467,46.236],[8.464,46.238],[8.464,46.245],[8.456,46.245],[8.453,46.248],[8.444,46.248],[8.441,46.252],[8.442,46.256],[8.448,46.263],[8.452,46.265],[8.452,46.267],[8.457,46.269],[8.46,46.268],[8.463,46.271],[8.467,46.27],[8.469,46.269],[8.463,46.266],[8.462,46.263],[8.458,46.261],[8.457,46.256],[8.453,46.259],[8.45,46.256],[8.463,46.251],[8.47,46.253],[8.473,46.257],[8.481,46.254],[8.476,46.251],[8.479,46.251],[8.481,46.249],[8.474,46.247],[8.476,46.24],[8.479,46.239],[8.482,46.235],[8.489,46.236],[8.503,46.229],[8.503,46.226]]],[[[8.455,46.327],[8.462,46.324],[8.463,46.321],[8.459,46.317],[8.459,46.312],[8.453,46.308],[8.461,46.304],[8.467,46.306],[8.475,46.305],[8.458,46.299],[8.457,46.294],[8.457,46.297],[8.445,46.299],[8.436,46.292],[8.431,46.293],[8.429,46.297],[8.426,46.299],[8.432,46.303],[8.435,46.303],[8.436,46.306],[8.44,46.308],[8.44,46.31],[8.443,46.312],[8.443,46.315],[8.446,46.317],[8.45,46.324],[8.455,46.327]]],[[[8.211,46.771],[8.208,46.769],[8.201,46.77],[8.188,46.769],[8.185,46.771],[8.183,46.775],[8.188,46.779],[8.192,46.776],[8.191,46.773],[8.198,46.772],[8.205,46.774],[8.211,46.771]]],[[[8.156,46.168],[8.151,46.168],[8.152,46.171],[8.148,46.173],[8.148,46.176],[8.145,46.178],[8.151,46.179],[8.154,46.182],[8.166,46.18],[8.155,46.171],[8.156,46.168]]],[[[7.145,45.936],[7.153,45.941],[7.154,45.943],[7.153,45.945],[7.155,45.947],[7.16,45.948],[7.162,45.954],[7.166,45.957],[7.163,45.959],[7.166,45.961],[7.166,45.963],[7.171,45.969],[7.177,45.971],[7.183,45.97],[7.184,45.966],[7.183,45.964],[7.186,45.959],[7.179,45.955],[7.181,45.953],[7.188,45.952],[7.188,45.95],[7.192,45.946],[7.192,45.937],[7.19,45.935],[7.188,45.937],[7.189,45.939],[7.187,45.94],[7.186,45.937],[7.188,45.932],[7.186,45.928],[7.179,45.923],[7.178,45.919],[7.174,45.921],[7.166,45.916],[7.188,45.919],[7.19,45.916],[7.187,45.907],[7.182,45.905],[7.176,45.898],[7.18,45.896],[7.181,45.891],[7.187,45.899],[7.196,45.898],[7.211,45.903],[7.212,45.905],[7.206,45.907],[7.205,45.91],[7.209,45.914],[7.205,45.923],[7.212,45.93],[7.216,45.937],[7.232,45.931],[7.236,45.931],[7.239,45.933],[7.242,45.931],[7.252,45.929],[7.255,45.931],[7.255,45.933],[7.248,45.939],[7.247,45.941],[7.248,45.943],[7.25,45.943],[7.248,45.945],[7.236,45.946],[7.227,45.95],[7.224,45.955],[7.234,45.957],[7.234,45.961],[7.225,45.97],[7.224,45.973],[7.231,45.975],[7.239,45.981],[7.239,45.984],[7.237,45.984],[7.235,45.981],[7.223,45.986],[7.219,45.988],[7.218,45.991],[7.222,45.991],[7.225,45.995],[7.219,45.998],[7.215,45.997],[7.206,45.999],[7.205,46.0],[7.206,46.002],[7.22,46.004],[7.221,46.006],[7.213,46.012],[7.201,46.015],[7.201,46.018],[7.198,46.02],[7.198,46.027],[7.2,46.03],[7.203,46.027],[7.206,46.031],[7.213,46.032],[7.214,46.027],[7.212,46.024],[7.216,46.026],[7.219,46.024],[7.226,46.026],[7.231,46.031],[7.232,46.034],[7.235,46.035],[7.245,46.033],[7.246,46.036],[7.244,46.038],[7.245,46.039],[7.248,46.039],[7.258,46.033],[7.261,46.035],[7.269,46.033],[7.274,46.037],[7.276,46.036],[7.275,46.027],[7.283,46.027],[7.29,46.02],[7.294,46.022],[7.289,46.027],[7.288,46.029],[7.29,46.03],[7.306,46.029],[7.313,46.024],[7.316,46.019],[7.319,46.021],[7.321,46.02],[7.324,46.018],[7.324,46.015],[7.329,46.011],[7.326,46.006],[7.329,46.003],[7.335,46.004],[7.343,46.0],[7.347,45.995],[7.345,45.993],[7.347,45.991],[7.346,45.982],[7.347,45.971],[7.344,45.962],[7.348,45.959],[7.348,45.956],[7.351,45.955],[7.352,45.952],[7.355,45.952],[7.361,45.945],[7.365,45.945],[7.379,45.95],[7.376,45.953],[7.362,45.955],[7.366,45.962],[7.364,45.965],[7.361,45.96],[7.36,45.962],[7.359,45.971],[7.362,45.973],[7.362,45.977],[7.357,45.982],[7.357,45.986],[7.359,45.989],[7.354,45.993],[7.359,45.995],[7.357,45.998],[7.359,46.002],[7.353,46.004],[7.352,46.01],[7.349,46.013],[7.35,46.018],[7.348,46.021],[7.345,46.022],[7.346,46.025],[7.345,46.027],[7.33,46.033],[7.33,46.036],[7.332,46.038],[7.326,46.037],[7.316,46.04],[7.317,46.045],[7.322,46.05],[7.319,46.05],[7.313,46.045],[7.309,46.047],[7.306,46.045],[7.301,46.049],[7.3,46.052],[7.295,46.054],[7.293,46.057],[7.29,46.057],[7.285,46.06],[7.288,46.067],[7.284,46.071],[7.277,46.073],[7.271,46.079],[7.267,46.079],[7.255,46.085],[7.256,46.087],[7.249,46.092],[7.258,46.098],[7.258,46.102],[7.256,46.103],[7.261,46.106],[7.254,46.108],[7.246,46.117],[7.248,46.119],[7.258,46.118],[7.261,46.116],[7.267,46.12],[7.27,46.117],[7.272,46.119],[7.264,46.128],[7.263,46.132],[7.27,46.133],[7.277,46.132],[7.28,46.13],[7.283,46.133],[7.287,46.132],[7.288,46.135],[7.285,46.137],[7.285,46.139],[7.288,46.141],[7.288,46.144],[7.296,46.148],[7.303,46.147],[7.304,46.144],[7.303,46.142],[7.298,46.141],[7.301,46.137],[7.3,46.128],[7.301,46.126],[7.295,46.119],[7.296,46.117],[7.303,46.118],[7.307,46.121],[7.322,46.115],[7.325,46.116],[7.327,46.121],[7.324,46.123],[7.323,46.126],[7.329,46.128],[7.33,46.132],[7.329,46.135],[7.332,46.139],[7.332,46.144],[7.336,46.146],[7.339,46.153],[7.334,46.157],[7.335,46.159],[7.338,46.159],[7.34,46.162],[7.348,46.164],[7.351,46.167],[7.358,46.165],[7.366,46.171],[7.367,46.177],[7.369,46.175],[7.369,46.159],[7.373,46.155],[7.373,46.153],[7.37,46.15],[7.373,46.148],[7.374,46.144],[7.374,46.142],[7.369,46.137],[7.37,46.135],[7.369,46.132],[7.378,46.128],[7.377,46.121],[7.382,46.117],[7.379,46.114],[7.385,46.108],[7.385,46.103],[7.383,46.101],[7.384,46.1],[7.387,46.102],[7.392,46.099],[7.393,46.096],[7.391,46.094],[7.397,46.087],[7.4,46.089],[7.403,46.087],[7.413,46.087],[7.422,46.089],[7.426,46.087],[7.423,46.09],[7.421,46.097],[7.418,46.099],[7.423,46.106],[7.421,46.114],[7.416,46.115],[7.414,46.117],[7.417,46.119],[7.413,46.123],[7.416,46.124],[7.418,46.13],[7.422,46.135],[7.42,46.141],[7.417,46.144],[7.419,46.146],[7.432,46.145],[7.437,46.141],[7.436,46.137],[7.433,46.135],[7.435,46.132],[7.429,46.129],[7.428,46.126],[7.429,46.125],[7.432,46.124],[7.439,46.13],[7.449,46.13],[7.45,46.128],[7.45,46.126],[7.447,46.123],[7.442,46.122],[7.439,46.118],[7.435,46.119],[7.439,46.116],[7.445,46.119],[7.447,46.117],[7.442,46.112],[7.437,46.11],[7.439,46.11],[7.443,46.106],[7.442,46.104],[7.438,46.103],[7.442,46.097],[7.445,46.096],[7.447,46.103],[7.461,46.112],[7.465,46.111],[7.468,46.106],[7.482,46.103],[7.48,46.101],[7.482,46.099],[7.474,46.094],[7.482,46.09],[7.477,46.088],[7.471,46.088],[7.47,46.085],[7.474,46.087],[7.476,46.085],[7.469,46.081],[7.48,46.076],[7.48,46.072],[7.477,46.07],[7.479,46.067],[7.47,46.058],[7.461,46.055],[7.463,46.049],[7.471,46.048],[7.478,46.043],[7.474,46.041],[7.467,46.031],[7.464,46.029],[7.464,46.02],[7.471,46.02],[7.478,46.011],[7.477,46.008],[7.485,46.004],[7.487,45.997],[7.49,45.996],[7.491,46.002],[7.494,46.005],[7.497,45.999],[7.5,45.998],[7.502,46.0],[7.499,46.004],[7.5,46.009],[7.497,46.015],[7.489,46.02],[7.494,46.023],[7.5,46.036],[7.503,46.038],[7.501,46.043],[7.502,46.047],[7.508,46.054],[7.502,46.056],[7.501,46.061],[7.509,46.072],[7.519,46.071],[7.531,46.067],[7.54,46.058],[7.541,46.056],[7.538,46.054],[7.539,46.053],[7.542,46.055],[7.544,46.054],[7.547,46.049],[7.545,46.048],[7.544,46.042],[7.542,46.04],[7.543,46.038],[7.537,46.036],[7.539,46.034],[7.542,46.033],[7.55,46.045],[7.557,46.047],[7.558,46.053],[7.559,46.049],[7.563,46.047],[7.56,46.045],[7.565,46.039],[7.568,46.042],[7.572,46.04],[7.572,46.042],[7.568,46.046],[7.562,46.049],[7.567,46.051],[7.565,46.054],[7.566,46.063],[7.556,46.067],[7.556,46.069],[7.559,46.072],[7.547,46.078],[7.556,46.085],[7.552,46.085],[7.549,46.087],[7.551,46.09],[7.542,46.091],[7.538,46.094],[7.543,46.099],[7.539,46.103],[7.54,46.108],[7.539,46.111],[7.536,46.11],[7.533,46.114],[7.533,46.119],[7.523,46.124],[7.513,46.125],[7.512,46.128],[7.513,46.13],[7.507,46.132],[7.506,46.135],[7.508,46.139],[7.507,46.14],[7.5,46.142],[7.494,46.14],[7.492,46.141],[7.489,46.144],[7.498,46.155],[7.492,46.157],[7.49,46.16],[7.484,46.161],[7.477,46.169],[7.475,46.175],[7.471,46.179],[7.466,46.18],[7.468,46.188],[7.475,46.191],[7.476,46.204],[7.463,46.209],[7.463,46.211],[7.465,46.213],[7.472,46.213],[7.481,46.226],[7.488,46.225],[7.49,46.221],[7.494,46.22],[7.495,46.218],[7.494,46.216],[7.506,46.209],[7.505,46.207],[7.507,46.206],[7.51,46.209],[7.513,46.208],[7.515,46.209],[7.515,46.213],[7.52,46.215],[7.528,46.222],[7.53,46.225],[7.527,46.229],[7.529,46.232],[7.536,46.232],[7.545,46.222],[7.548,46.216],[7.547,46.213],[7.555,46.211],[7.554,46.207],[7.555,46.204],[7.56,46.2],[7.559,46.195],[7.561,46.191],[7.558,46.187],[7.551,46.186],[7.557,46.182],[7.556,46.177],[7.552,46.173],[7.556,46.171],[7.554,46.168],[7.555,46.162],[7.558,46.159],[7.562,46.16],[7.567,46.155],[7.564,46.153],[7.564,46.15],[7.565,46.149],[7.571,46.151],[7.573,46.139],[7.564,46.135],[7.566,46.132],[7.568,46.119],[7.571,46.12],[7.577,46.112],[7.581,46.114],[7.584,46.112],[7.572,46.121],[7.573,46.123],[7.571,46.126],[7.574,46.13],[7.578,46.13],[7.578,46.132],[7.581,46.134],[7.582,46.144],[7.579,46.146],[7.581,46.148],[7.579,46.15],[7.58,46.153],[7.579,46.155],[7.575,46.158],[7.571,46.156],[7.568,46.16],[7.578,46.161],[7.58,46.159],[7.585,46.159],[7.585,46.162],[7.581,46.161],[7.579,46.164],[7.582,46.166],[7.584,46.17],[7.588,46.165],[7.594,46.163],[7.604,46.154],[7.61,46.153],[7.606,46.148],[7.608,46.146],[7.603,46.144],[7.603,46.141],[7.61,46.14],[7.615,46.135],[7.613,46.133],[7.61,46.133],[7.609,46.13],[7.615,46.126],[7.617,46.119],[7.621,46.117],[7.623,46.11],[7.629,46.105],[7.629,46.102],[7.631,46.101],[7.629,46.099],[7.628,46.092],[7.625,46.087],[7.626,46.082],[7.63,46.085],[7.634,46.092],[7.639,46.095],[7.642,46.094],[7.649,46.099],[7.655,46.1],[7.658,46.098],[7.662,46.1],[7.668,46.1],[7.668,46.103],[7.66,46.108],[7.652,46.11],[7.653,46.112],[7.643,46.119],[7.651,46.123],[7.65,46.126],[7.653,46.13],[7.654,46.135],[7.65,46.139],[7.65,46.146],[7.643,46.156],[7.632,46.164],[7.644,46.168],[7.647,46.171],[7.633,46.171],[7.626,46.175],[7.635,46.18],[7.637,46.184],[7.63,46.186],[7.623,46.191],[7.624,46.193],[7.618,46.2],[7.618,46.207],[7.615,46.209],[7.615,46.211],[7.617,46.213],[7.631,46.213],[7.633,46.216],[7.631,46.22],[7.622,46.227],[7.62,46.231],[7.616,46.231],[7.614,46.236],[7.605,46.238],[7.606,46.243],[7.611,46.247],[7.611,46.252],[7.607,46.257],[7.602,46.258],[7.599,46.263],[7.602,46.267],[7.6,46.27],[7.604,46.271],[7.617,46.271],[7.62,46.273],[7.628,46.267],[7.636,46.266],[7.638,46.267],[7.64,46.274],[7.643,46.276],[7.653,46.273],[7.652,46.269],[7.656,46.268],[7.666,46.268],[7.667,46.269],[7.665,46.272],[7.672,46.271],[7.675,46.273],[7.68,46.272],[7.681,46.269],[7.689,46.265],[7.694,46.256],[7.688,46.249],[7.698,46.25],[7.703,46.247],[7.703,46.245],[7.701,46.241],[7.7,46.229],[7.698,46.227],[7.698,46.224],[7.7,46.222],[7.696,46.215],[7.691,46.212],[7.688,46.202],[7.69,46.2],[7.689,46.193],[7.687,46.191],[7.688,46.176],[7.694,46.184],[7.701,46.183],[7.707,46.194],[7.712,46.195],[7.706,46.197],[7.708,46.2],[7.703,46.206],[7.719,46.211],[7.719,46.218],[7.721,46.219],[7.722,46.222],[7.727,46.225],[7.734,46.226],[7.725,46.229],[7.725,46.233],[7.728,46.236],[7.725,46.238],[7.727,46.243],[7.725,46.247],[7.727,46.249],[7.722,46.254],[7.738,46.256],[7.737,46.258],[7.731,46.26],[7.73,46.266],[7.732,46.267],[7.732,46.272],[7.729,46.274],[7.731,46.275],[7.732,46.278],[7.737,46.279],[7.744,46.276],[7.75,46.277],[7.754,46.274],[7.755,46.267],[7.765,46.267],[7.766,46.258],[7.762,46.253],[7.766,46.253],[7.769,46.248],[7.776,46.25],[7.779,46.249],[7.786,46.255],[7.789,46.26],[7.792,46.26],[7.795,46.257],[7.808,46.258],[7.811,46.256],[7.811,46.254],[7.819,46.251],[7.818,46.248],[7.821,46.238],[7.819,46.235],[7.811,46.234],[7.808,46.229],[7.798,46.23],[7.791,46.222],[7.793,46.22],[7.792,46.219],[7.785,46.218],[7.784,46.215],[7.785,46.214],[7.801,46.211],[7.8,46.208],[7.795,46.205],[7.788,46.205],[7.776,46.199],[7.784,46.193],[7.774,46.186],[7.777,46.184],[7.778,46.181],[7.775,46.18],[7.772,46.182],[7.769,46.177],[7.764,46.175],[7.772,46.168],[7.769,46.166],[7.766,46.167],[7.759,46.166],[7.764,46.164],[7.764,46.161],[7.759,46.154],[7.772,46.154],[7.773,46.152],[7.764,46.146],[7.764,46.139],[7.765,46.137],[7.767,46.137],[7.766,46.132],[7.77,46.13],[7.765,46.129],[7.761,46.125],[7.76,46.119],[7.746,46.11],[7.754,46.11],[7.756,46.108],[7.754,46.105],[7.755,46.099],[7.76,46.096],[7.751,46.092],[7.752,46.089],[7.746,46.086],[7.742,46.086],[7.739,46.084],[7.733,46.086],[7.726,46.083],[7.73,46.082],[7.736,46.077],[7.746,46.075],[7.752,46.077],[7.756,46.076],[7.757,46.074],[7.755,46.069],[7.75,46.065],[7.751,46.062],[7.754,46.06],[7.748,46.056],[7.747,46.053],[7.748,46.051],[7.737,46.047],[7.735,46.044],[7.735,46.038],[7.732,46.036],[7.72,46.037],[7.717,46.035],[7.718,46.029],[7.726,46.024],[7.713,46.017],[7.697,46.019],[7.687,46.017],[7.683,46.018],[7.682,46.015],[7.672,46.015],[7.675,46.018],[7.668,46.016],[7.661,46.021],[7.658,46.014],[7.645,46.014],[7.642,46.01],[7.634,46.006],[7.635,46.001],[7.642,46.003],[7.648,46.003],[7.658,46.0],[7.661,46.002],[7.665,46.001],[7.668,46.002],[7.71,45.997],[7.713,45.995],[7.706,45.993],[7.705,45.99],[7.702,45.988],[7.719,45.991],[7.726,45.984],[7.735,45.982],[7.738,45.979],[7.738,45.977],[7.742,45.975],[7.737,45.968],[7.739,45.967],[7.751,45.971],[7.759,45.968],[7.761,45.965],[7.768,45.966],[7.771,45.964],[7.778,45.963],[7.784,45.966],[7.793,45.96],[7.794,45.961],[7.791,45.963],[7.79,45.966],[7.797,45.973],[7.803,45.971],[7.806,45.966],[7.81,45.966],[7.812,45.968],[7.809,45.97],[7.809,45.974],[7.804,45.979],[7.811,45.986],[7.8,45.982],[7.787,45.985],[7.755,45.985],[7.749,45.99],[7.753,45.993],[7.742,45.995],[7.752,45.995],[7.768,46.001],[7.777,45.998],[7.779,45.999],[7.778,46.002],[7.781,46.003],[7.794,46.006],[7.804,46.006],[7.809,46.008],[7.807,46.012],[7.803,46.013],[7.805,46.017],[7.791,46.023],[7.783,46.035],[7.786,46.038],[7.783,46.04],[7.794,46.049],[7.797,46.048],[7.8,46.055],[7.804,46.055],[7.807,46.052],[7.806,46.042],[7.813,46.05],[7.817,46.049],[7.823,46.042],[7.833,46.036],[7.839,46.04],[7.841,46.044],[7.833,46.051],[7.833,46.054],[7.822,46.06],[7.822,46.062],[7.828,46.067],[7.83,46.072],[7.817,46.072],[7.81,46.074],[7.806,46.078],[7.806,46.082],[7.817,46.086],[7.822,46.094],[7.816,46.094],[7.814,46.092],[7.808,46.094],[7.817,46.1],[7.818,46.105],[7.813,46.107],[7.821,46.112],[7.823,46.118],[7.82,46.123],[7.824,46.126],[7.824,46.13],[7.82,46.13],[7.818,46.132],[7.819,46.136],[7.818,46.139],[7.821,46.141],[7.815,46.148],[7.823,46.15],[7.823,46.152],[7.827,46.155],[7.833,46.147],[7.835,46.152],[7.837,46.153],[7.842,46.152],[7.843,46.149],[7.844,46.152],[7.85,46.154],[7.845,46.159],[7.85,46.161],[7.851,46.163],[7.847,46.174],[7.85,46.177],[7.848,46.179],[7.85,46.181],[7.854,46.181],[7.857,46.183],[7.855,46.188],[7.859,46.19],[7.86,46.193],[7.869,46.196],[7.871,46.195],[7.872,46.183],[7.876,46.185],[7.882,46.185],[7.884,46.183],[7.881,46.181],[7.881,46.179],[7.876,46.177],[7.865,46.177],[7.866,46.174],[7.872,46.176],[7.874,46.174],[7.874,46.17],[7.868,46.165],[7.876,46.165],[7.882,46.168],[7.899,46.17],[7.898,46.162],[7.9,46.161],[7.901,46.158],[7.912,46.154],[7.911,46.151],[7.905,46.152],[7.9,46.145],[7.903,46.143],[7.9,46.141],[7.913,46.134],[7.913,46.131],[7.907,46.125],[7.908,46.124],[7.914,46.126],[7.916,46.122],[7.915,46.12],[7.911,46.119],[7.904,46.121],[7.9,46.118],[7.899,46.116],[7.9,46.111],[7.897,46.109],[7.899,46.107],[7.898,46.105],[7.891,46.101],[7.89,46.098],[7.887,46.096],[7.887,46.093],[7.888,46.092],[7.891,46.095],[7.901,46.097],[7.904,46.093],[7.912,46.091],[7.92,46.095],[7.926,46.095],[7.936,46.1],[7.94,46.098],[7.946,46.091],[7.944,46.089],[7.946,46.084],[7.944,46.082],[7.947,46.077],[7.945,46.075],[7.948,46.071],[7.948,46.064],[7.945,46.062],[7.955,46.054],[7.961,46.053],[7.96,46.05],[7.955,46.049],[7.952,46.047],[7.952,46.045],[7.954,46.044],[7.96,46.032],[7.964,46.032],[7.963,46.039],[7.965,46.042],[7.963,46.044],[7.964,46.05],[7.961,46.055],[7.964,46.057],[7.964,46.062],[7.97,46.071],[7.967,46.073],[7.967,46.077],[7.969,46.078],[7.975,46.077],[7.985,46.071],[7.988,46.075],[7.991,46.072],[7.993,46.073],[7.993,46.075],[7.985,46.084],[7.972,46.086],[7.975,46.088],[7.98,46.088],[7.98,46.091],[7.97,46.098],[7.975,46.101],[7.979,46.1],[7.993,46.104],[7.992,46.106],[7.982,46.109],[7.98,46.111],[7.969,46.112],[7.966,46.11],[7.961,46.113],[7.96,46.116],[7.955,46.12],[7.963,46.122],[7.961,46.125],[7.956,46.126],[7.954,46.129],[7.956,46.131],[7.961,46.131],[7.963,46.133],[7.964,46.136],[7.962,46.138],[7.962,46.143],[7.97,46.147],[7.969,46.148],[7.96,46.145],[7.954,46.152],[7.951,46.158],[7.951,46.161],[7.954,46.163],[7.953,46.172],[7.95,46.174],[7.944,46.172],[7.94,46.175],[7.935,46.176],[7.936,46.181],[7.944,46.186],[7.941,46.186],[7.929,46.192],[7.932,46.197],[7.929,46.201],[7.932,46.203],[7.93,46.206],[7.932,46.21],[7.931,46.213],[7.921,46.22],[7.917,46.221],[7.917,46.224],[7.918,46.225],[7.925,46.223],[7.935,46.224],[7.928,46.227],[7.927,46.23],[7.934,46.231],[7.938,46.23],[7.936,46.235],[7.938,46.236],[7.938,46.24],[7.935,46.246],[7.937,46.251],[7.936,46.253],[7.938,46.254],[7.94,46.246],[7.944,46.242],[7.944,46.239],[7.947,46.235],[7.943,46.233],[7.944,46.232],[7.947,46.234],[7.951,46.232],[7.952,46.228],[7.955,46.226],[7.959,46.219],[7.956,46.217],[7.957,46.216],[7.96,46.218],[7.967,46.216],[7.968,46.217],[7.969,46.228],[7.963,46.237],[7.964,46.24],[7.968,46.241],[7.966,46.25],[7.969,46.253],[7.966,46.262],[7.971,46.271],[7.975,46.275],[7.973,46.277],[7.977,46.285],[7.98,46.285],[7.987,46.289],[7.994,46.286],[7.995,46.282],[7.993,46.276],[7.988,46.277],[7.986,46.28],[7.986,46.277],[7.988,46.275],[7.986,46.273],[7.99,46.271],[7.993,46.267],[8.003,46.268],[8.006,46.266],[8.01,46.266],[8.012,46.268],[8.022,46.27],[8.025,46.266],[8.024,46.261],[8.006,46.25],[8.002,46.246],[8.0,46.223],[8.019,46.219],[8.021,46.216],[8.028,46.212],[8.03,46.207],[8.029,46.203],[8.025,46.199],[8.022,46.199],[8.021,46.196],[8.028,46.193],[8.038,46.194],[8.039,46.189],[8.05,46.187],[8.056,46.183],[8.056,46.18],[8.053,46.178],[8.056,46.174],[8.05,46.167],[8.046,46.165],[8.045,46.16],[8.04,46.156],[8.04,46.153],[8.053,46.15],[8.063,46.154],[8.07,46.154],[8.073,46.155],[8.074,46.158],[8.072,46.16],[8.076,46.164],[8.079,46.163],[8.083,46.164],[8.083,46.169],[8.086,46.17],[8.091,46.167],[8.087,46.162],[8.094,46.158],[8.087,46.146],[8.087,46.137],[8.089,46.133],[8.082,46.13],[8.079,46.132],[8.075,46.131],[8.076,46.124],[8.074,46.122],[8.076,46.117],[8.079,46.115],[8.086,46.119],[8.092,46.125],[8.102,46.126],[8.102,46.137],[8.105,46.139],[8.108,46.138],[8.111,46.142],[8.118,46.147],[8.122,46.148],[8.122,46.153],[8.127,46.155],[8.127,46.157],[8.131,46.161],[8.133,46.157],[8.13,46.155],[8.131,46.153],[8.145,46.155],[8.147,46.157],[8.149,46.153],[8.153,46.15],[8.153,46.146],[8.143,46.139],[8.134,46.138],[8.131,46.135],[8.128,46.136],[8.124,46.135],[8.115,46.129],[8.114,46.119],[8.108,46.113],[8.104,46.113],[8.098,46.109],[8.085,46.109],[8.082,46.107],[8.068,46.106],[8.066,46.104],[8.059,46.104],[8.056,46.102],[8.04,46.1],[8.033,46.095],[8.033,46.09],[8.03,46.089],[8.03,46.084],[8.026,46.081],[8.023,46.075],[8.026,46.072],[8.026,46.061],[8.029,46.059],[8.029,46.054],[8.033,46.052],[8.033,46.045],[8.019,46.037],[8.019,46.034],[8.016,46.032],[8.016,46.023],[8.013,46.021],[8.013,46.014],[8.01,46.012],[8.0,46.01],[8.0,46.007],[7.993,46.003],[7.993,46.001],[7.987,45.996],[7.981,45.996],[7.978,45.999],[7.967,45.999],[7.965,45.997],[7.939,45.997],[7.936,45.995],[7.923,45.994],[7.907,45.995],[7.9,45.985],[7.886,45.976],[7.88,45.974],[7.88,45.961],[7.877,45.959],[7.877,45.952],[7.874,45.95],[7.873,45.945],[7.87,45.943],[7.87,45.936],[7.877,45.929],[7.877,45.927],[7.864,45.918],[7.858,45.92],[7.845,45.921],[7.842,45.923],[7.832,45.923],[7.829,45.925],[7.819,45.927],[7.819,45.925],[7.812,45.921],[7.806,45.921],[7.803,45.918],[7.796,45.918],[7.79,45.921],[7.79,45.923],[7.783,45.928],[7.78,45.928],[7.771,45.934],[7.767,45.934],[7.764,45.936],[7.765,45.939],[7.748,45.939],[7.741,45.934],[7.741,45.932],[7.735,45.93],[7.735,45.925],[7.732,45.923],[7.719,45.923],[7.713,45.928],[7.713,45.93],[7.706,45.934],[7.707,45.95],[7.703,45.95],[7.697,45.955],[7.684,45.955],[7.68,45.957],[7.674,45.961],[7.675,45.966],[7.662,45.975],[7.648,45.975],[7.642,45.971],[7.622,45.971],[7.62,45.973],[7.616,45.973],[7.61,45.968],[7.6,45.968],[7.597,45.971],[7.587,45.971],[7.578,45.977],[7.578,45.982],[7.571,45.986],[7.567,45.986],[7.564,45.984],[7.548,45.984],[7.548,45.982],[7.544,45.98],[7.544,45.977],[7.542,45.975],[7.545,45.973],[7.545,45.966],[7.548,45.964],[7.542,45.957],[7.538,45.957],[7.535,45.955],[7.532,45.957],[7.522,45.957],[7.516,45.962],[7.506,45.962],[7.497,45.957],[7.477,45.953],[7.47,45.948],[7.471,45.945],[7.474,45.944],[7.474,45.939],[7.468,45.935],[7.458,45.935],[7.455,45.933],[7.445,45.931],[7.435,45.924],[7.435,45.921],[7.426,45.915],[7.416,45.912],[7.41,45.908],[7.4,45.91],[7.396,45.908],[7.396,45.905],[7.394,45.903],[7.387,45.899],[7.377,45.899],[7.375,45.901],[7.365,45.903],[7.359,45.908],[7.355,45.908],[7.352,45.91],[7.352,45.912],[7.348,45.912],[7.345,45.915],[7.323,45.91],[7.313,45.917],[7.303,45.917],[7.294,45.921],[7.29,45.921],[7.286,45.914],[7.28,45.91],[7.28,45.907],[7.255,45.89],[7.252,45.89],[7.245,45.894],[7.239,45.89],[7.225,45.892],[7.22,45.887],[7.216,45.887],[7.2,45.876],[7.2,45.865],[7.197,45.862],[7.19,45.86],[7.188,45.858],[7.184,45.861],[7.171,45.865],[7.163,45.871],[7.163,45.874],[7.152,45.878],[7.149,45.876],[7.139,45.876],[7.136,45.874],[7.136,45.871],[7.126,45.865],[7.123,45.865],[7.123,45.862],[7.12,45.86],[7.116,45.86],[7.114,45.858],[7.104,45.858],[7.095,45.864],[7.095,45.869],[7.091,45.871],[7.091,45.876],[7.082,45.882],[7.082,45.885],[7.075,45.889],[7.075,45.894],[7.072,45.896],[7.068,45.896],[7.062,45.9],[7.062,45.912],[7.058,45.912],[7.046,45.92],[7.046,45.923],[7.043,45.925],[7.043,45.927],[7.039,45.929],[7.039,45.932],[7.033,45.938],[7.033,45.95],[7.036,45.952],[7.036,45.954],[7.016,45.959],[7.007,45.967],[7.007,45.972],[7.013,45.976],[7.013,45.979],[7.016,45.981],[7.016,45.983],[7.01,45.988],[7.01,45.999],[6.993,45.999],[6.987,46.004],[6.981,46.006],[6.981,46.017],[6.974,46.021],[6.971,46.024],[6.971,46.026],[6.955,46.037],[6.955,46.039],[6.958,46.042],[6.967,46.043],[6.97,46.048],[6.974,46.05],[6.979,46.044],[6.977,46.04],[6.976,46.035],[6.977,46.034],[6.98,46.034],[6.987,46.038],[6.996,46.034],[7.0,46.034],[7.006,46.03],[7.008,46.028],[7.006,46.024],[7.013,46.026],[7.019,46.023],[7.025,46.023],[7.032,46.026],[7.026,46.031],[7.026,46.035],[7.013,46.044],[7.014,46.046],[7.013,46.048],[7.008,46.053],[7.016,46.054],[7.018,46.053],[7.019,46.049],[7.028,46.054],[7.037,46.053],[7.038,46.058],[7.041,46.059],[7.048,46.057],[7.052,46.058],[7.052,46.055],[7.05,46.053],[7.044,46.051],[7.043,46.049],[7.045,46.046],[7.044,46.044],[7.047,46.042],[7.048,46.038],[7.058,46.042],[7.067,46.042],[7.07,46.04],[7.07,46.037],[7.077,46.039],[7.081,46.037],[7.071,46.032],[7.067,46.034],[7.061,46.031],[7.06,46.024],[7.061,46.022],[7.087,46.023],[7.09,46.02],[7.093,46.026],[7.098,46.022],[7.092,46.017],[7.083,46.013],[7.082,46.01],[7.088,46.011],[7.093,46.005],[7.1,46.005],[7.101,46.002],[7.1,46.0],[7.092,45.999],[7.08,46.002],[7.076,45.999],[7.076,45.997],[7.069,45.992],[7.07,45.99],[7.066,45.988],[7.066,45.986],[7.068,45.985],[7.077,45.988],[7.081,45.985],[7.086,45.984],[7.086,45.981],[7.09,45.978],[7.094,45.979],[7.096,45.977],[7.094,45.974],[7.087,45.973],[7.084,45.971],[7.081,45.973],[7.077,45.97],[7.081,45.972],[7.088,45.966],[7.09,45.961],[7.083,45.957],[7.084,45.954],[7.08,45.952],[7.083,45.95],[7.081,45.946],[7.071,45.948],[7.067,45.943],[7.071,45.935],[7.078,45.933],[7.081,45.93],[7.077,45.925],[7.078,45.918],[7.087,45.92],[7.088,45.918],[7.086,45.912],[7.088,45.907],[7.085,45.905],[7.088,45.904],[7.097,45.91],[7.111,45.903],[7.108,45.9],[7.1,45.898],[7.097,45.893],[7.11,45.895],[7.114,45.894],[7.125,45.887],[7.126,45.885],[7.13,45.888],[7.135,45.889],[7.134,45.896],[7.129,45.898],[7.13,45.912],[7.129,45.914],[7.124,45.923],[7.12,45.926],[7.115,45.927],[7.113,45.93],[7.126,45.934],[7.122,45.939],[7.126,45.943],[7.133,45.945],[7.132,45.948],[7.127,45.952],[7.139,45.957],[7.141,45.954],[7.149,45.949],[7.15,45.945],[7.148,45.939],[7.145,45.936]],[[7.14,45.936],[7.145,45.936],[7.142,45.938],[7.14,45.936]],[[7.345,45.993],[7.34,45.993],[7.338,45.991],[7.338,45.986],[7.339,45.989],[7.345,45.993]],[[7.3,46.128],[7.296,46.132],[7.293000000000004,46.13],[7.3,46.128]],[[7.413,46.035],[7.415,46.036],[7.414,46.04],[7.405,46.049],[7.407,46.056],[7.406,46.057],[7.403,46.055],[7.402,46.056],[7.402,46.063],[7.399,46.067],[7.406,46.079],[7.402,46.081],[7.397,46.077],[7.393,46.08],[7.392,46.074],[7.387,46.072],[7.386,46.07],[7.387,46.069],[7.394,46.072],[7.391,46.061],[7.393,46.055],[7.398,46.049],[7.403,46.036],[7.413,46.035]]],[[[7.995,46.782],[7.985,46.775],[7.979,46.775],[7.974,46.779],[7.985,46.779],[7.991,46.783],[7.992,46.786],[7.999,46.788],[8.002,46.787],[8.012,46.789],[8.015,46.788],[8.008,46.785],[8.006,46.783],[8.007,46.781],[8.005,46.78],[7.995,46.782]]],[[[8.015,46.788],[8.013,46.79],[8.016,46.792],[8.018,46.796],[8.025,46.796],[8.028,46.798],[8.031,46.796],[8.037,46.799],[8.042,46.799],[8.044,46.797],[8.054,46.798],[8.058,46.8],[8.064,46.798],[8.071,46.8],[8.074,46.799],[8.077,46.802],[8.082,46.801],[8.08,46.799],[8.08,46.796],[8.088,46.796],[8.088,46.799],[8.094,46.799],[8.095,46.803],[8.1,46.805],[8.103,46.805],[8.107,46.801],[8.117,46.802],[8.119,46.798],[8.106,46.796],[8.105,46.794],[8.111,46.792],[8.11,46.79],[8.107,46.791],[8.103,46.785],[8.104,46.783],[8.104,46.78],[8.1,46.777],[8.097,46.782],[8.087,46.787],[8.074,46.786],[8.071,46.788],[8.064,46.788],[8.061,46.786],[8.057,46.786],[8.055,46.788],[8.049,46.788],[8.044,46.784],[8.028,46.79],[8.015,46.788]]],[[[8.092,46.171],[8.089,46.169],[8.086,46.174],[8.089,46.174],[8.092,46.171]]],[[[8.091,46.895],[8.085,46.896],[8.079,46.9],[8.083,46.902],[8.08,46.904],[8.08,46.907],[8.085,46.91],[8.089,46.907],[8.087,46.902],[8.088,46.899],[8.091,46.898],[8.091,46.895]]],[[[7.963,46.826],[7.956,46.824],[7.953,46.826],[7.951,46.831],[7.953,46.833],[7.953,46.838],[7.96,46.839],[7.966,46.842],[7.966,46.845],[7.971,46.84],[7.963,46.826]]],[[[7.964,46.59],[7.951,46.583],[7.946,46.583],[7.942,46.586],[7.945,46.59],[7.944,46.592],[7.947,46.595],[7.952,46.595],[7.964,46.59]]],[[[7.897,46.787],[7.894,46.782],[7.89,46.784],[7.884,46.782],[7.882,46.786],[7.871,46.786],[7.871,46.782],[7.867,46.782],[7.864,46.784],[7.863,46.788],[7.877,46.791],[7.894,46.79],[7.9,46.792],[7.913,46.792],[7.916,46.79],[7.897,46.787]]],[[[7.765,46.596],[7.758,46.592],[7.752,46.593],[7.752,46.598],[7.755,46.602],[7.762,46.604],[7.763,46.607],[7.765,46.608],[7.771,46.608],[7.775,46.61],[7.777,46.609],[7.778,46.607],[7.771,46.603],[7.771,46.6],[7.777,46.6],[7.771,46.596],[7.765,46.596]]],[[[7.61,46.616],[7.608,46.615],[7.605,46.618],[7.608,46.62],[7.609,46.625],[7.615,46.627],[7.612,46.632],[7.615,46.634],[7.619,46.634],[7.625,46.638],[7.636,46.636],[7.631,46.632],[7.625,46.633],[7.623,46.632],[7.621,46.63],[7.621,46.627],[7.623,46.625],[7.618,46.624],[7.616,46.62],[7.61,46.618],[7.61,46.616]]],[[[7.591,46.591],[7.586,46.591],[7.583,46.596],[7.585,46.597],[7.589,46.595],[7.588,46.598],[7.591,46.6],[7.585,46.603],[7.584,46.607],[7.599,46.604],[7.595,46.608],[7.595,46.61],[7.605,46.611],[7.602,46.614],[7.605,46.615],[7.606,46.611],[7.61,46.609],[7.604,46.605],[7.6,46.598],[7.591,46.591]]],[[[7.579,46.573],[7.576,46.565],[7.572,46.566],[7.57,46.571],[7.572,46.573],[7.572,46.58],[7.568,46.582],[7.567,46.587],[7.569,46.59],[7.576,46.591],[7.582,46.586],[7.589,46.586],[7.591,46.584],[7.585,46.58],[7.579,46.573]]],[[[7.448,46.537],[7.435,46.533],[7.433,46.535],[7.437,46.537],[7.434,46.54],[7.439,46.541],[7.443,46.544],[7.441,46.546],[7.446,46.551],[7.446,46.553],[7.448,46.554],[7.455,46.549],[7.451,46.542],[7.452,46.541],[7.462,46.549],[7.467,46.549],[7.467,46.544],[7.461,46.537],[7.455,46.535],[7.448,46.537]]],[[[7.452,46.565],[7.442,46.558],[7.433,46.562],[7.433,46.564],[7.435,46.566],[7.442,46.566],[7.443,46.569],[7.448,46.572],[7.452,46.572],[7.458,46.577],[7.46,46.576],[7.461,46.572],[7.463,46.571],[7.455,46.565],[7.452,46.565]]],[[[7.447,46.701],[7.427,46.701],[7.43,46.704],[7.429,46.706],[7.435,46.706],[7.435,46.704],[7.439,46.702],[7.44,46.706],[7.448,46.709],[7.449,46.708],[7.446,46.706],[7.447,46.701]]],[[[7.397,46.425],[7.4,46.427],[7.396,46.425],[7.394,46.427],[7.396,46.43],[7.4,46.429],[7.406,46.434],[7.409,46.429],[7.403,46.425],[7.4,46.421],[7.397,46.423],[7.397,46.425]]],[[[7.4,46.461],[7.396,46.463],[7.401,46.468],[7.406,46.468],[7.405,46.465],[7.4,46.461]]],[[[7.361,46.436],[7.354,46.439],[7.335,46.442],[7.331,46.445],[7.335,46.446],[7.338,46.443],[7.34,46.445],[7.341,46.45],[7.344,46.45],[7.346,46.454],[7.345,46.456],[7.348,46.459],[7.349,46.463],[7.357,46.464],[7.359,46.463],[7.359,46.461],[7.357,46.459],[7.357,46.454],[7.362,46.45],[7.356,46.443],[7.364,46.443],[7.366,46.441],[7.366,46.438],[7.361,46.436]]],[[[7.336,46.638],[7.328,46.632],[7.325,46.634],[7.325,46.636],[7.321,46.637],[7.311,46.637],[7.308,46.635],[7.305,46.636],[7.303,46.641],[7.3,46.643],[7.301,46.645],[7.305,46.646],[7.324,46.646],[7.33,46.643],[7.327,46.641],[7.328,46.64],[7.334,46.644],[7.336,46.638]]],[[[7.227,46.423],[7.214,46.414],[7.211,46.414],[7.205,46.418],[7.199,46.425],[7.199,46.429],[7.201,46.431],[7.204,46.429],[7.208,46.43],[7.213,46.434],[7.217,46.434],[7.218,46.431],[7.23,46.429],[7.231,46.427],[7.237,46.432],[7.243,46.432],[7.251,46.429],[7.244,46.424],[7.24,46.426],[7.234,46.425],[7.231000000000001,46.427],[7.232,46.425],[7.231,46.423],[7.227,46.423]]],[[[7.248,46.124],[7.245,46.119],[7.232,46.124],[7.228,46.124],[7.225,46.122],[7.222,46.124],[7.219,46.122],[7.212,46.122],[7.21,46.123],[7.21,46.126],[7.212,46.128],[7.222,46.131],[7.228,46.131],[7.241,46.125],[7.245,46.126],[7.248,46.124]]],[[[7.231,46.386],[7.227,46.386],[7.231,46.39],[7.232,46.389],[7.231,46.386]]],[[[7.123,46.388],[7.13,46.39],[7.136,46.397],[7.144,46.397],[7.146,46.399],[7.156,46.397],[7.159,46.392],[7.163,46.393],[7.16,46.395],[7.162,46.399],[7.166,46.399],[7.169,46.397],[7.172,46.392],[7.185,46.393],[7.188,46.391],[7.195,46.395],[7.198,46.393],[7.198,46.391],[7.206,46.389],[7.201,46.382],[7.203,46.38],[7.204,46.375],[7.211,46.381],[7.221,46.382],[7.224,46.387],[7.23,46.384],[7.22,46.375],[7.22,46.373],[7.214,46.369],[7.194,46.366],[7.183,46.366],[7.185,46.368],[7.189,46.368],[7.19,46.373],[7.182,46.376],[7.172,46.376],[7.169,46.374],[7.156,46.375],[7.146,46.38],[7.114,46.377],[7.107,46.378],[7.107,46.38],[7.111,46.384],[7.109,46.386],[7.11,46.39],[7.114,46.389],[7.12,46.392],[7.123,46.388]],[[7.123,46.388],[7.119,46.386],[7.121,46.386],[7.123,46.388]]],[[[7.191,46.438],[7.178,46.437],[7.173,46.44],[7.193,46.445],[7.192,46.449],[7.195,46.451],[7.198,46.445],[7.206,46.445],[7.204,46.442],[7.198,46.439],[7.195,46.44],[7.191,46.438]]],[[[7.203,46.036],[7.2,46.032],[7.187,46.04],[7.183,46.04],[7.193,46.044],[7.201,46.045],[7.202,46.042],[7.199,46.04],[7.199,46.038],[7.203,46.036]]],[[[7.138,46.517],[7.136,46.514],[7.132,46.515],[7.131,46.517],[7.135,46.521],[7.134,46.528],[7.139,46.53],[7.145,46.53],[7.149,46.528],[7.144,46.523],[7.136,46.519],[7.138,46.517]]],[[[7.149,46.528],[7.148,46.53],[7.15,46.532],[7.149,46.534],[7.145,46.534],[7.142,46.537],[7.145,46.541],[7.155,46.534],[7.168,46.538],[7.174,46.537],[7.174,46.535],[7.17,46.532],[7.165,46.531],[7.158,46.527],[7.152,46.53],[7.149,46.528]]],[[[7.149,46.539],[7.159,46.544],[7.161,46.541],[7.155,46.537],[7.149,46.539]]],[[[7.149,46.539],[7.148,46.541],[7.149,46.542],[7.15,46.541],[7.149,46.539]]],[[[7.13,46.297],[7.112,46.296],[7.114,46.299],[7.117,46.297],[7.124,46.3],[7.127,46.303],[7.133,46.301],[7.13,46.297]]],[[[7.115,46.496],[7.106,46.495],[7.104,46.496],[7.106,46.499],[7.113,46.499],[7.113,46.503],[7.116,46.505],[7.124,46.501],[7.119,46.5],[7.115,46.496]]],[[[7.003,46.375],[7.0,46.37],[6.992,46.374],[6.994,46.377],[6.992,46.379],[6.993,46.382],[7.0,46.38],[7.006,46.383],[7.01,46.388],[7.019,46.392],[7.023,46.392],[7.025,46.388],[7.028,46.388],[7.029,46.39],[7.03,46.386],[7.027,46.384],[7.026,46.381],[7.017,46.379],[7.018,46.377],[7.013,46.373],[7.01,46.376],[7.007,46.373],[7.003,46.375]]],[[[6.906,46.051],[6.89,46.044],[6.88,46.044],[6.877,46.046],[6.873,46.046],[6.867,46.05],[6.867,46.052],[6.87,46.054],[6.87,46.059],[6.874,46.061],[6.874,46.066],[6.883,46.072],[6.887,46.073],[6.886,46.084],[6.883,46.086],[6.883,46.097],[6.886,46.099],[6.886,46.102],[6.889,46.104],[6.889,46.106],[6.893,46.109],[6.892,46.125],[6.856,46.124],[6.853,46.127],[6.843,46.129],[6.841,46.131],[6.814,46.131],[6.808,46.135],[6.798,46.135],[6.795,46.137],[6.796,46.14],[6.793,46.142],[6.793,46.146],[6.789,46.149],[6.791,46.155],[6.801,46.159],[6.803,46.158],[6.804,46.154],[6.811,46.155],[6.814,46.157],[6.817,46.156],[6.814,46.151],[6.808,46.149],[6.8,46.149],[6.799,46.146],[6.804,46.144],[6.812,46.144],[6.817,46.146],[6.837,46.146],[6.839,46.149],[6.853,46.15],[6.863,46.144],[6.879,46.144],[6.882,46.142],[6.882,46.147],[6.89,46.158],[6.887,46.16],[6.89,46.167],[6.901,46.167],[6.905,46.169],[6.9,46.174],[6.901,46.175],[6.911,46.175],[6.914,46.178],[6.917,46.178],[6.918,46.181],[6.921,46.183],[6.927,46.182],[6.93,46.185],[6.934,46.183],[6.939,46.185],[6.941,46.188],[6.94,46.19],[6.943,46.192],[6.946,46.19],[6.946,46.186],[6.953,46.187],[6.955,46.185],[6.969,46.185],[6.971,46.181],[6.963,46.178],[6.959,46.179],[6.959,46.176],[6.961,46.174],[6.956,46.169],[6.96,46.169],[6.969,46.162],[6.973,46.162],[6.976,46.158],[6.979,46.157],[6.982,46.16],[6.986,46.157],[6.989,46.158],[6.992,46.156],[6.999,46.156],[7.0,46.152],[6.995,46.151],[6.992,46.153],[6.973,46.151],[6.969,46.154],[6.957,46.148],[6.955,46.145],[6.951,46.143],[6.951,46.14],[6.953,46.138],[6.958,46.138],[6.973,46.144],[6.983,46.137],[7.001,46.134],[6.996,46.13],[6.979,46.13],[6.976,46.128],[6.976,46.126],[6.979,46.129],[6.984,46.125],[6.983,46.122],[6.979,46.121],[6.973,46.123],[6.981,46.118],[6.979,46.117],[6.973,46.119],[6.96,46.12],[6.959,46.118],[6.953,46.116],[6.954,46.114],[6.967,46.111],[6.976,46.105],[6.977,46.102],[6.96,46.096],[6.956,46.098],[6.959,46.095],[6.959,46.093],[6.957,46.092],[6.954,46.094],[6.953,46.093],[6.955,46.091],[6.95,46.086],[6.955,46.084],[6.944,46.076],[6.941,46.078],[6.941,46.075],[6.938,46.07],[6.936,46.071],[6.935,46.076],[6.931,46.076],[6.928,46.074],[6.919,46.077],[6.917,46.084],[6.908,46.099],[6.908,46.091],[6.904,46.088],[6.905,46.086],[6.912,46.085],[6.915,46.081],[6.918,46.08],[6.918,46.077],[6.914,46.075],[6.915,46.072],[6.929,46.066],[6.925,46.063],[6.918,46.062],[6.915,46.06],[6.915,46.057],[6.906,46.051]]],[[[6.823,46.171],[6.807,46.167],[6.804,46.169],[6.805,46.171],[6.801,46.17],[6.798,46.173],[6.804,46.178],[6.806,46.178],[6.805,46.18],[6.807,46.182],[6.811,46.18],[6.808,46.182],[6.808,46.191],[6.805,46.194],[6.805,46.198],[6.801,46.2],[6.802,46.205],[6.804,46.206],[6.808,46.205],[6.808,46.207],[6.81,46.208],[6.819,46.203],[6.82,46.201],[6.822,46.203],[6.823,46.208],[6.826,46.202],[6.83,46.204],[6.829,46.207],[6.83,46.208],[6.836,46.209],[6.842,46.207],[6.844,46.21],[6.848,46.21],[6.85,46.207],[6.843,46.201],[6.848,46.198],[6.846,46.196],[6.836,46.196],[6.83,46.194],[6.83,46.192],[6.823,46.189],[6.823,46.187],[6.827,46.185],[6.846,46.181],[6.847,46.18],[6.845,46.176],[6.843,46.174],[6.84,46.177],[6.833,46.177],[6.827,46.179],[6.819,46.178],[6.818,46.176],[6.822,46.174],[6.823,46.171]]],[[[6.798,46.333],[6.789,46.331],[6.784,46.333],[6.784,46.335],[6.78,46.337],[6.781,46.34],[6.786,46.342],[6.786,46.344],[6.789,46.346],[6.792,46.344],[6.802,46.344],[6.805,46.341],[6.811,46.34],[6.809,46.337],[6.805,46.338],[6.796,46.335],[6.798,46.333]]]]},"properties":{"value":20,"fill":"#99F0B2","zIndex":2},"id":"1"},{"type":"Feature","geometry":{"type":"MultiPolygon","coordinates":[[[[10.475,46.566],[10.47,46.569],[10.471,46.571],[10.469,46.574],[10.475,46.58],[10.463,46.582],[10.452,46.587],[10.453,46.589],[10.457,46.592],[10.464,46.594],[10.467,46.591],[10.473,46.589],[10.483,46.59],[10.484,46.58],[10.477,46.573],[10.475,46.566]]],[[[10.467,46.541],[10.443,46.54],[10.452,46.542],[10.444,46.544],[10.45,46.549],[10.444,46.554],[10.448,46.56],[10.446,46.565],[10.45,46.567],[10.448,46.572],[10.449,46.573],[10.456,46.572],[10.463,46.567],[10.456,46.567],[10.449,46.56],[10.455,46.558],[10.458,46.561],[10.464,46.562],[10.463,46.565],[10.465,46.565],[10.466,46.56],[10.468,46.559],[10.475,46.563],[10.479,46.557],[10.474,46.555],[10.473,46.551],[10.475,46.548],[10.471,46.548],[10.467,46.541]]],[[[10.398,46.699],[10.392,46.699],[10.388,46.706],[10.379,46.706],[10.372,46.709],[10.367,46.716],[10.359,46.718],[10.359,46.725],[10.364,46.725],[10.366,46.723],[10.383,46.725],[10.392,46.723],[10.4,46.724],[10.398,46.726],[10.4,46.728],[10.389,46.73],[10.383,46.734],[10.373,46.733],[10.37,46.735],[10.373,46.74],[10.372,46.742],[10.361,46.746],[10.351,46.745],[10.338,46.74],[10.328,46.742],[10.327,46.744],[10.335,46.749],[10.336,46.752],[10.332,46.757],[10.322,46.763],[10.323,46.768],[10.332,46.763],[10.332,46.767],[10.343,46.768],[10.34,46.77],[10.34,46.773],[10.336,46.777],[10.336,46.779],[10.343,46.778],[10.346,46.776],[10.353,46.778],[10.358,46.777],[10.361,46.774],[10.36,46.772],[10.361,46.77],[10.359,46.768],[10.372,46.765],[10.388,46.766],[10.391,46.769],[10.389,46.774],[10.405,46.77],[10.41,46.764],[10.409,46.762],[10.399,46.758],[10.404,46.753],[10.407,46.754],[10.41,46.751],[10.414,46.752],[10.417,46.75],[10.423,46.75],[10.42,46.745],[10.413,46.743],[10.412,46.741],[10.401,46.735],[10.417,46.723],[10.417,46.717],[10.414,46.714],[10.413,46.71],[10.408,46.706],[10.399,46.706],[10.398,46.699]]],[[[10.423,46.75],[10.421,46.752],[10.422,46.757],[10.419,46.766],[10.429,46.768],[10.424,46.773],[10.431,46.775],[10.433,46.777],[10.428,46.781],[10.426,46.786],[10.418,46.793],[10.418,46.795],[10.408,46.802],[10.409,46.805],[10.406,46.807],[10.407,46.809],[10.414,46.811],[10.415,46.807],[10.42,46.803],[10.423,46.807],[10.426,46.805],[10.43,46.805],[10.432,46.811],[10.436,46.813],[10.446,46.813],[10.449,46.815],[10.449,46.817],[10.453,46.819],[10.449,46.821],[10.45,46.824],[10.454,46.826],[10.455,46.812],[10.451,46.81],[10.451,46.808],[10.447,46.806],[10.447,46.804],[10.444,46.801],[10.427,46.791],[10.43,46.788],[10.43,46.784],[10.432,46.782],[10.435,46.783],[10.437,46.781],[10.436,46.779],[10.44,46.777],[10.439,46.774],[10.443,46.772],[10.442,46.754],[10.433,46.753],[10.423,46.75]]],[[[10.454,46.826],[10.453,46.83],[10.449,46.833],[10.447,46.837],[10.448,46.839],[10.451,46.837],[10.454,46.839],[10.458,46.839],[10.462,46.837],[10.458,46.835],[10.454,46.826]]],[[[9.798,46.677],[9.789,46.682],[9.798,46.682],[9.81,46.686],[9.799,46.695],[9.805,46.697],[9.813,46.697],[9.816,46.699],[9.815,46.702],[9.812,46.702],[9.81,46.704],[9.812,46.708],[9.81,46.711],[9.806,46.711],[9.802,46.715],[9.81,46.719],[9.809,46.722],[9.81,46.724],[9.816,46.726],[9.811,46.731],[9.816,46.733],[9.817,46.737],[9.822,46.733],[9.823,46.728],[9.826,46.727],[9.83,46.729],[9.83,46.726],[9.823,46.724],[9.821,46.722],[9.823,46.72],[9.836,46.719],[9.834,46.717],[9.839,46.711],[9.848,46.708],[9.835,46.704],[9.832,46.701],[9.827,46.701],[9.823,46.697],[9.828,46.69],[9.831,46.693],[9.835,46.692],[9.838,46.696],[9.851,46.703],[9.855,46.7],[9.861,46.703],[9.859,46.707],[9.862,46.708],[9.865,46.708],[9.867,46.705],[9.863,46.7],[9.864,46.697],[9.872,46.705],[9.875,46.705],[9.882,46.698],[9.887,46.697],[9.89,46.702],[9.887,46.704],[9.886,46.707],[9.887,46.711],[9.878,46.716],[9.875,46.723],[9.865,46.725],[9.869,46.728],[9.872,46.736],[9.869,46.737],[9.863,46.743],[9.863,46.748],[9.861,46.752],[9.867,46.754],[9.869,46.75],[9.873,46.748],[9.876,46.75],[9.874,46.754],[9.877,46.757],[9.885,46.754],[9.886,46.752],[9.886,46.745],[9.881,46.743],[9.879,46.738],[9.876,46.736],[9.88,46.729],[9.883,46.729],[9.888,46.736],[9.896,46.738],[9.902,46.733],[9.902,46.729],[9.908,46.723],[9.918,46.718],[9.916,46.715],[9.921,46.71],[9.937,46.71],[9.947,46.714],[9.947,46.717],[9.94,46.718],[9.938,46.724],[9.931,46.73],[9.932,46.733],[9.928,46.735],[9.927,46.737],[9.928,46.74],[9.925,46.741],[9.924,46.746],[9.92,46.751],[9.922,46.755],[9.915,46.76],[9.916,46.765],[9.91,46.768],[9.898,46.778],[9.897,46.781],[9.899,46.783],[9.891,46.789],[9.888,46.792],[9.888,46.794],[9.892,46.794],[9.893,46.792],[9.901,46.788],[9.905,46.79],[9.909,46.785],[9.915,46.783],[9.917,46.78],[9.92,46.781],[9.93,46.773],[9.933,46.773],[9.936,46.77],[9.941,46.769],[9.942,46.766],[9.949,46.761],[9.95,46.764],[9.946,46.77],[9.947,46.773],[9.939,46.784],[9.941,46.79],[9.928,46.796],[9.925,46.802],[9.921,46.802],[9.915,46.807],[9.912,46.807],[9.911,46.81],[9.903,46.817],[9.89,46.822],[9.883,46.823],[9.882,46.826],[9.884,46.834],[9.887,46.831],[9.893,46.831],[9.9,46.824],[9.903,46.824],[9.909,46.82],[9.916,46.821],[9.918,46.823],[9.913,46.832],[9.909,46.834],[9.907,46.838],[9.896,46.841],[9.892,46.844],[9.907,46.844],[9.91,46.846],[9.917,46.843],[9.921,46.843],[9.923,46.846],[9.937,46.845],[9.94,46.848],[9.942,46.847],[9.947,46.84],[9.947,46.838],[9.944,46.836],[9.946,46.834],[9.956,46.831],[9.965,46.825],[9.968,46.821],[9.972,46.82],[9.976,46.813],[9.974,46.811],[9.968,46.814],[9.967,46.813],[9.972,46.808],[9.974,46.802],[9.977,46.801],[9.979,46.804],[9.983,46.806],[9.997,46.806],[10.003,46.804],[10.015,46.805],[10.01,46.81],[10.004,46.813],[9.994,46.811],[9.988,46.812],[9.997,46.815],[9.995,46.817],[10.001,46.817],[10.01,46.823],[10.008,46.825],[9.995,46.823],[9.991,46.821],[9.988,46.823],[9.985,46.826],[9.984,46.831],[9.978,46.84],[9.979,46.842],[9.976,46.846],[9.977,46.851],[9.983,46.853],[9.99,46.846],[9.993,46.851],[9.999,46.853],[10.006,46.852],[10.01,46.855],[10.013,46.855],[10.017,46.848],[10.021,46.845],[10.029,46.845],[10.042,46.848],[10.047,46.852],[10.042,46.853],[10.032,46.852],[10.031,46.854],[10.036,46.856],[10.029,46.863],[10.029,46.867],[10.032,46.87],[10.032,46.872],[10.03,46.874],[10.026,46.874],[10.024,46.872],[10.02,46.872],[10.017,46.875],[10.009,46.877],[10.01,46.882],[10.007,46.884],[10.004,46.884],[10.002,46.882],[10.001,46.88],[10.002,46.877],[9.997,46.871],[9.994,46.873],[9.986,46.871],[9.984,46.873],[9.977,46.872],[9.977,46.869],[9.972,46.869],[9.967,46.873],[9.954,46.876],[9.95,46.879],[9.955,46.881],[9.951,46.882],[9.948,46.88],[9.942,46.884],[9.935,46.881],[9.932,46.883],[9.925,46.882],[9.919,46.886],[9.916,46.892],[9.909,46.895],[9.91,46.901],[9.916,46.897],[9.914,46.9],[9.932,46.897],[9.952,46.899],[9.978,46.893],[9.979,46.894],[9.974,46.901],[9.963,46.909],[9.946,46.91],[9.947,46.912],[9.953,46.915],[9.969,46.915],[9.976,46.91],[9.979,46.91],[10.001,46.899],[10.005,46.898],[10.011,46.901],[10.021,46.901],[10.026,46.897],[10.027,46.894],[10.03,46.893],[10.04,46.884],[10.052,46.879],[10.052,46.866],[10.056,46.864],[10.072,46.864],[10.088,46.861],[10.09,46.86],[10.09,46.857],[10.094,46.855],[10.093,46.853],[10.097,46.85],[10.097,46.848],[10.104,46.843],[10.107,46.842],[10.111,46.846],[10.12,46.849],[10.14,46.848],[10.147,46.853],[10.153,46.853],[10.156,46.851],[10.163,46.85],[10.174,46.858],[10.18,46.859],[10.194,46.868],[10.21,46.867],[10.213,46.87],[10.231,46.87],[10.231,46.877],[10.238,46.879],[10.238,46.885],[10.234,46.886],[10.229,46.89],[10.229,46.895],[10.226,46.897],[10.233,46.901],[10.235,46.905],[10.24,46.906],[10.24,46.921],[10.243,46.931],[10.256,46.929],[10.263,46.93],[10.275,46.926],[10.282,46.926],[10.285,46.924],[10.296,46.924],[10.298,46.926],[10.311,46.925],[10.313,46.926],[10.313,46.929],[10.318,46.929],[10.322,46.937],[10.319,46.939],[10.315,46.938],[10.307,46.94],[10.308,46.949],[10.313,46.952],[10.319,46.952],[10.326,46.956],[10.334,46.957],[10.335,46.977],[10.339,46.98],[10.339,46.982],[10.349,46.984],[10.349,46.988],[10.354,46.992],[10.374,46.991],[10.376,46.992],[10.376,46.997],[10.381,47.0],[10.394,47.0],[10.401,46.994],[10.403,46.989],[10.4,46.985],[10.397,46.984],[10.39,46.987],[10.384,46.987],[10.383,46.985],[10.374,46.984],[10.368,46.981],[10.369,46.979],[10.382,46.976],[10.38,46.973],[10.376,46.971],[10.373,46.972],[10.366,46.971],[10.357,46.973],[10.354,46.966],[10.348,46.964],[10.353,46.961],[10.351,46.957],[10.339,46.951],[10.332,46.949],[10.326,46.95],[10.318,46.946],[10.319,46.944],[10.324,46.942],[10.323,46.937],[10.327,46.935],[10.328,46.932],[10.331,46.937],[10.335,46.937],[10.333,46.935],[10.334,46.923],[10.337,46.92],[10.341,46.924],[10.346,46.925],[10.346,46.928],[10.349,46.93],[10.351,46.934],[10.352,46.928],[10.348,46.923],[10.349,46.921],[10.347,46.919],[10.346,46.914],[10.347,46.913],[10.36,46.916],[10.363,46.914],[10.37,46.92],[10.375,46.927],[10.373,46.929],[10.377,46.931],[10.377,46.934],[10.383,46.938],[10.382,46.94],[10.385,46.941],[10.386,46.938],[10.384,46.936],[10.387,46.931],[10.379,46.916],[10.38,46.914],[10.386,46.912],[10.39,46.917],[10.392,46.917],[10.393,46.921],[10.4,46.925],[10.403,46.923],[10.405,46.924],[10.408,46.933],[10.411,46.936],[10.413,46.928],[10.417,46.93],[10.42,46.928],[10.421,46.933],[10.431,46.934],[10.432,46.939],[10.437,46.941],[10.44,46.938],[10.444,46.94],[10.444,46.936],[10.447,46.934],[10.456,46.932],[10.453,46.929],[10.443,46.925],[10.444,46.923],[10.443,46.918],[10.433,46.922],[10.433,46.919],[10.436,46.917],[10.436,46.912],[10.421,46.912],[10.429,46.906],[10.428,46.904],[10.422,46.903],[10.412,46.898],[10.409,46.9],[10.402,46.895],[10.398,46.895],[10.395,46.897],[10.395,46.886],[10.388,46.887],[10.385,46.89],[10.382,46.889],[10.379,46.891],[10.38,46.889],[10.378,46.888],[10.377,46.884],[10.379,46.88],[10.375,46.879],[10.373,46.875],[10.374,46.873],[10.376,46.873],[10.377,46.868],[10.367,46.864],[10.363,46.864],[10.359,46.867],[10.365,46.869],[10.366,46.871],[10.364,46.875],[10.364,46.88],[10.358,46.884],[10.355,46.884],[10.353,46.887],[10.36,46.894],[10.359,46.896],[10.356,46.898],[10.353,46.897],[10.35,46.901],[10.345,46.901],[10.343,46.898],[10.34,46.901],[10.336,46.899],[10.333,46.902],[10.326,46.9],[10.325,46.901],[10.329,46.903],[10.329,46.906],[10.312,46.908],[10.311,46.911],[10.313,46.913],[10.32,46.915],[10.321,46.917],[10.318,46.92],[10.305,46.922],[10.301,46.92],[10.298,46.912],[10.288,46.912],[10.288,46.907],[10.284,46.904],[10.297,46.903],[10.3,46.9],[10.3,46.895],[10.302,46.893],[10.299,46.891],[10.31,46.891],[10.31,46.888],[10.312,46.886],[10.306,46.884],[10.29,46.89],[10.286,46.888],[10.282,46.889],[10.281,46.882],[10.276,46.879],[10.271,46.873],[10.272,46.87],[10.277,46.869],[10.277,46.866],[10.272,46.865],[10.271,46.862],[10.275,46.861],[10.282,46.862],[10.285,46.864],[10.295,46.859],[10.296,46.861],[10.293,46.866],[10.299,46.866],[10.301,46.862],[10.306,46.861],[10.306,46.859],[10.301,46.855],[10.304,46.851],[10.311,46.848],[10.312,46.845],[10.31,46.844],[10.298,46.849],[10.288,46.847],[10.284,46.849],[10.284,46.846],[10.291,46.845],[10.293,46.841],[10.283,46.839],[10.281,46.837],[10.274,46.837],[10.267,46.834],[10.257,46.838],[10.259,46.835],[10.257,46.835],[10.253,46.831],[10.256,46.826],[10.254,46.825],[10.25,46.827],[10.247,46.82],[10.23,46.819],[10.224,46.825],[10.216,46.83],[10.215,46.832],[10.218,46.834],[10.214,46.836],[10.211,46.846],[10.212,46.848],[10.219,46.849],[10.224,46.852],[10.231,46.859],[10.231,46.861],[10.229,46.862],[10.225,46.856],[10.22,46.854],[10.212,46.854],[10.206,46.85],[10.199,46.855],[10.199,46.846],[10.196,46.845],[10.189,46.838],[10.172,46.838],[10.172,46.835],[10.175,46.835],[10.179,46.831],[10.192,46.83],[10.193,46.828],[10.187,46.824],[10.185,46.819],[10.186,46.817],[10.18,46.815],[10.183,46.808],[10.174,46.807],[10.172,46.808],[10.173,46.813],[10.17,46.813],[10.17,46.808],[10.164,46.805],[10.157,46.813],[10.156,46.818],[10.152,46.823],[10.136,46.829],[10.132,46.828],[10.126,46.833],[10.123,46.832],[10.128,46.825],[10.126,46.821],[10.133,46.807],[10.131,46.803],[10.128,46.804],[10.124,46.8],[10.124,46.796],[10.121,46.793],[10.117,46.794],[10.114,46.792],[10.108,46.794],[10.104,46.799],[10.1,46.801],[10.101,46.805],[10.094,46.812],[10.093,46.817],[10.096,46.819],[10.093,46.818],[10.089,46.819],[10.086,46.816],[10.084,46.817],[10.08,46.826],[10.079,46.822],[10.083,46.815],[10.079,46.811],[10.079,46.806],[10.081,46.792],[10.084,46.788],[10.083,46.786],[10.081,46.784],[10.075,46.783],[10.058,46.788],[10.055,46.787],[10.053,46.784],[10.058,46.778],[10.062,46.777],[10.06,46.773],[10.066,46.77],[10.064,46.768],[10.061,46.769],[10.052,46.766],[10.034,46.767],[10.028,46.771],[10.018,46.773],[10.006,46.78],[10.0,46.778],[10.015,46.765],[10.015,46.762],[10.008,46.762],[10.002,46.76],[9.998,46.761],[9.997,46.758],[9.981,46.751],[9.978,46.752],[9.974,46.757],[9.971,46.757],[9.973,46.752],[9.969,46.75],[9.952,46.75],[9.961,46.746],[9.963,46.743],[9.978,46.744],[9.98,46.741],[9.978,46.729],[9.965,46.716],[9.966,46.713],[9.98,46.718],[9.987,46.718],[9.992,46.727],[9.999,46.733],[9.998,46.736],[10.0,46.738],[10.004,46.738],[10.011,46.735],[10.012,46.738],[10.008,46.74],[10.01,46.744],[10.02,46.737],[10.021,46.737],[10.019,46.742],[10.02,46.744],[10.023,46.742],[10.027,46.743],[10.029,46.744],[10.03,46.747],[10.037,46.746],[10.043,46.743],[10.05,46.743],[10.05,46.74],[10.045,46.739],[10.046,46.736],[10.048,46.735],[10.048,46.732],[10.039,46.729],[10.029,46.729],[10.025,46.726],[10.035,46.717],[10.026,46.713],[10.023,46.71],[10.033,46.708],[10.035,46.71],[10.041,46.709],[10.05,46.712],[10.051,46.708],[10.059,46.71],[10.058,46.705],[10.056,46.703],[10.057,46.701],[10.053,46.698],[10.047,46.697],[10.038,46.701],[10.032,46.699],[10.035,46.697],[10.03,46.692],[10.029,46.688],[10.034,46.686],[10.034,46.684],[10.024,46.686],[10.022,46.683],[9.996,46.682],[9.997,46.678],[10.001,46.677],[10.004,46.674],[10.007,46.674],[10.014,46.668],[10.013,46.667],[10.007,46.668],[9.997,46.674],[9.984,46.676],[9.979,46.675],[9.978,46.673],[9.981,46.669],[9.984,46.669],[9.983,46.666],[9.987,46.666],[9.989,46.664],[9.994,46.657],[9.993,46.656],[9.967,46.662],[9.961,46.666],[9.948,46.667],[9.934,46.674],[9.942,46.678],[9.942,46.681],[9.926,46.68],[9.92,46.681],[9.916,46.685],[9.914,46.679],[9.912,46.678],[9.892,46.673],[9.883,46.669],[9.879,46.671],[9.882,46.669],[9.875,46.662],[9.877,46.66],[9.874,46.655],[9.875,46.654],[9.877,46.655],[9.876,46.657],[9.886,46.664],[9.899,46.665],[9.919,46.672],[9.918,46.665],[9.92,46.659],[9.915,46.657],[9.915,46.654],[9.918,46.652],[9.928,46.652],[9.928,46.65],[9.922,46.645],[9.914,46.643],[9.909,46.639],[9.923,46.634],[9.92,46.629],[9.923,46.631],[9.927,46.629],[9.924,46.632],[9.926,46.636],[9.937,46.635],[9.94,46.638],[9.943,46.638],[9.944,46.636],[9.943,46.633],[9.946,46.631],[9.95,46.636],[9.955,46.638],[9.96,46.637],[9.962,46.635],[9.96,46.633],[9.944,46.627],[9.94,46.622],[9.933,46.621],[9.928,46.618],[9.923,46.619],[9.919,46.613],[9.916,46.613],[9.91,46.619],[9.906,46.618],[9.903,46.612],[9.896,46.612],[9.893,46.614],[9.89,46.611],[9.881,46.608],[9.889,46.603],[9.883,46.601],[9.873,46.601],[9.856,46.595],[9.853,46.595],[9.853,46.597],[9.85,46.598],[9.847,46.596],[9.843,46.597],[9.837,46.596],[9.835,46.595],[9.838,46.593],[9.837,46.592],[9.83,46.593],[9.824,46.59],[9.811,46.591],[9.819,46.596],[9.808,46.599],[9.805,46.602],[9.777,46.603],[9.776,46.606],[9.779,46.607],[9.798,46.607],[9.801,46.605],[9.805,46.606],[9.812,46.605],[9.815,46.607],[9.814,46.609],[9.823,46.611],[9.822,46.614],[9.815,46.617],[9.807,46.618],[9.789,46.627],[9.793,46.63],[9.797,46.628],[9.799,46.625],[9.802,46.625],[9.802,46.628],[9.806,46.628],[9.808,46.63],[9.806,46.633],[9.813,46.635],[9.821,46.634],[9.822,46.627],[9.825,46.624],[9.828,46.626],[9.829,46.625],[9.831,46.622],[9.829,46.62],[9.83,46.618],[9.835,46.616],[9.832,46.611],[9.834,46.609],[9.844,46.609],[9.85,46.615],[9.85,46.617],[9.847,46.62],[9.848,46.622],[9.857,46.624],[9.855,46.627],[9.851,46.628],[9.851,46.631],[9.843,46.636],[9.855,46.641],[9.865,46.642],[9.87,46.646],[9.869,46.65],[9.865,46.649],[9.862,46.653],[9.859,46.651],[9.845,46.654],[9.846,46.659],[9.853,46.662],[9.857,46.662],[9.853,46.664],[9.858,46.671],[9.858,46.674],[9.853,46.676],[9.856,46.68],[9.854,46.682],[9.851,46.68],[9.847,46.681],[9.847,46.678],[9.844,46.674],[9.838,46.672],[9.837,46.669],[9.832,46.67],[9.835,46.676],[9.841,46.678],[9.841,46.681],[9.834,46.676],[9.825,46.674],[9.817,46.666],[9.814,46.666],[9.811,46.663],[9.807,46.664],[9.805,46.661],[9.789,46.659],[9.793,46.661],[9.794,46.664],[9.804,46.669],[9.816,46.681],[9.815,46.682],[9.811,46.68],[9.808,46.681],[9.798,46.677]]],[[[10.342,46.545],[10.337,46.544],[10.327,46.551],[10.321,46.551],[10.318,46.549],[10.301,46.549],[10.296,46.551],[10.294,46.56],[10.29,46.562],[10.286,46.569],[10.276,46.575],[10.26,46.579],[10.26,46.581],[10.264,46.581],[10.267,46.585],[10.264,46.59],[10.268,46.592],[10.268,46.585],[10.27,46.583],[10.274,46.586],[10.277,46.585],[10.282,46.587],[10.284,46.591],[10.287,46.59],[10.289,46.589],[10.29,46.585],[10.297,46.585],[10.297,46.58],[10.294,46.576],[10.296,46.574],[10.299,46.574],[10.307,46.578],[10.309,46.575],[10.303,46.569],[10.303,46.562],[10.305,46.561],[10.311,46.564],[10.315,46.571],[10.322,46.571],[10.326,46.568],[10.328,46.564],[10.332,46.568],[10.338,46.57],[10.341,46.568],[10.364,46.568],[10.377,46.572],[10.395,46.569],[10.4,46.565],[10.407,46.568],[10.4,46.573],[10.399,46.575],[10.401,46.577],[10.407,46.577],[10.417,46.58],[10.424,46.575],[10.412,46.573],[10.417,46.572],[10.423,46.568],[10.426,46.568],[10.417,46.564],[10.415,46.561],[10.416,46.559],[10.422,46.56],[10.428,46.559],[10.429,46.556],[10.435,46.554],[10.436,46.552],[10.435,46.549],[10.422,46.549],[10.416,46.552],[10.409,46.551],[10.406,46.549],[10.393,46.549],[10.378,46.553],[10.377,46.559],[10.354,46.56],[10.352,46.556],[10.349,46.554],[10.349,46.552],[10.342,46.547],[10.342,46.545]]],[[[10.41,46.635],[10.397,46.631],[10.387,46.635],[10.381,46.634],[10.372,46.637],[10.378,46.646],[10.375,46.648],[10.375,46.65],[10.382,46.65],[10.385,46.652],[10.385,46.654],[10.375,46.659],[10.375,46.661],[10.378,46.664],[10.376,46.665],[10.373,46.663],[10.366,46.668],[10.363,46.668],[10.363,46.675],[10.367,46.679],[10.377,46.679],[10.38,46.682],[10.38,46.684],[10.373,46.688],[10.37,46.691],[10.37,46.693],[10.378,46.693],[10.388,46.69],[10.385,46.688],[10.384,46.679],[10.387,46.678],[10.388,46.675],[10.392,46.672],[10.391,46.665],[10.394,46.663],[10.392,46.656],[10.396,46.652],[10.395,46.647],[10.399,46.645],[10.399,46.641],[10.401,46.639],[10.415,46.638],[10.41,46.635]]],[[[10.359,46.584],[10.345,46.58],[10.339,46.581],[10.338,46.586],[10.323,46.59],[10.313,46.595],[10.312,46.598],[10.317,46.598],[10.32,46.6],[10.32,46.602],[10.314,46.606],[10.304,46.605],[10.298,46.606],[10.291,46.61],[10.285,46.611],[10.282,46.614],[10.281,46.619],[10.272,46.628],[10.275,46.63],[10.283,46.629],[10.289,46.635],[10.293,46.633],[10.298,46.627],[10.293,46.623],[10.295,46.62],[10.298,46.619],[10.302,46.621],[10.305,46.616],[10.308,46.616],[10.313,46.613],[10.318,46.614],[10.321,46.611],[10.324,46.611],[10.321,46.609],[10.324,46.607],[10.33,46.607],[10.341,46.602],[10.347,46.597],[10.344,46.595],[10.346,46.593],[10.356,46.592],[10.367,46.585],[10.365,46.582],[10.359,46.584]]],[[[10.205,46.713],[10.204,46.715],[10.206,46.717],[10.202,46.721],[10.2,46.727],[10.203,46.728],[10.206,46.727],[10.216,46.731],[10.219,46.73],[10.223,46.731],[10.223,46.728],[10.218,46.724],[10.223,46.721],[10.218,46.717],[10.226,46.715],[10.23,46.712],[10.227,46.708],[10.226,46.703],[10.231,46.699],[10.244,46.7],[10.253,46.695],[10.263,46.698],[10.257,46.703],[10.264,46.704],[10.267,46.701],[10.273,46.704],[10.277,46.703],[10.279,46.704],[10.28,46.707],[10.283,46.707],[10.287,46.706],[10.277,46.7],[10.28,46.694],[10.286,46.696],[10.293,46.695],[10.296,46.694],[10.297,46.69],[10.302,46.687],[10.31,46.688],[10.313,46.685],[10.313,46.683],[10.317,46.683],[10.324,46.685],[10.325,46.687],[10.325,46.692],[10.321,46.697],[10.324,46.699],[10.325,46.705],[10.326,46.706],[10.329,46.704],[10.332,46.705],[10.333,46.708],[10.336,46.707],[10.338,46.705],[10.339,46.7],[10.334,46.696],[10.338,46.694],[10.345,46.694],[10.348,46.692],[10.348,46.689],[10.338,46.684],[10.334,46.685],[10.334,46.681],[10.336,46.68],[10.331,46.678],[10.337,46.676],[10.334,46.673],[10.327,46.672],[10.324,46.669],[10.327,46.666],[10.334,46.665],[10.332,46.66],[10.325,46.656],[10.326,46.654],[10.324,46.651],[10.316,46.652],[10.314,46.654],[10.307,46.651],[10.293,46.652],[10.29,46.654],[10.303,46.656],[10.303,46.659],[10.301,46.661],[10.297,46.661],[10.294,46.663],[10.294,46.666],[10.298,46.67],[10.297,46.675],[10.301,46.677],[10.294,46.677],[10.289,46.68],[10.285,46.679],[10.282,46.683],[10.276,46.677],[10.278,46.673],[10.274,46.671],[10.274,46.668],[10.272,46.667],[10.266,46.671],[10.259,46.671],[10.258,46.676],[10.259,46.68],[10.256,46.683],[10.247,46.683],[10.249,46.685],[10.246,46.688],[10.233,46.689],[10.227,46.685],[10.22,46.685],[10.218,46.683],[10.213,46.683],[10.21,46.68],[10.207,46.68],[10.206,46.681],[10.213,46.69],[10.208,46.693],[10.208,46.695],[10.204,46.695],[10.198,46.698],[10.194,46.694],[10.187,46.693],[10.187,46.698],[10.185,46.699],[10.175,46.7],[10.172,46.702],[10.165,46.701],[10.165,46.707],[10.169,46.707],[10.178,46.711],[10.179,46.714],[10.16,46.718],[10.153,46.717],[10.15,46.719],[10.152,46.716],[10.143,46.716],[10.142,46.714],[10.137,46.713],[10.13,46.717],[10.124,46.718],[10.12,46.722],[10.112,46.726],[10.116,46.731],[10.125,46.737],[10.129,46.737],[10.131,46.739],[10.134,46.736],[10.141,46.739],[10.144,46.736],[10.151,46.736],[10.161,46.739],[10.174,46.747],[10.181,46.746],[10.181,46.743],[10.178,46.738],[10.177,46.732],[10.175,46.732],[10.169,46.727],[10.173,46.728],[10.174,46.727],[10.172,46.723],[10.173,46.721],[10.175,46.723],[10.183,46.722],[10.181,46.716],[10.189,46.715],[10.192,46.713],[10.192,46.71],[10.195,46.713],[10.205,46.713]],[[10.205,46.713],[10.208,46.711],[10.21,46.713],[10.205,46.713]]],[[[10.268,46.729],[10.261,46.724],[10.253,46.727],[10.252,46.73],[10.261,46.734],[10.247,46.739],[10.247,46.741],[10.249,46.744],[10.252,46.74],[10.254,46.743],[10.252,46.745],[10.256,46.746],[10.26,46.75],[10.262,46.748],[10.26,46.745],[10.262,46.742],[10.266,46.75],[10.268,46.75],[10.272,46.744],[10.276,46.743],[10.276,46.74],[10.282,46.738],[10.272,46.737],[10.268,46.734],[10.268,46.73],[10.272,46.735],[10.276,46.734],[10.274,46.731],[10.275,46.729],[10.268,46.729]]],[[[10.099,46.601],[10.095,46.599],[10.092,46.6],[10.09,46.603],[10.095,46.605],[10.094,46.608],[10.086,46.612],[10.082,46.612],[10.084,46.617],[10.086,46.617],[10.089,46.62],[10.093,46.62],[10.093,46.622],[10.077,46.628],[10.07,46.626],[10.064,46.628],[10.056,46.626],[10.054,46.631],[10.063,46.633],[10.061,46.635],[10.064,46.637],[10.07,46.632],[10.081,46.639],[10.087,46.634],[10.085,46.639],[10.091,46.642],[10.092,46.644],[10.09,46.646],[10.091,46.647],[10.097,46.646],[10.094,46.64],[10.092,46.639],[10.093,46.635],[10.103,46.646],[10.11,46.646],[10.105,46.641],[10.105,46.639],[10.097,46.628],[10.102,46.623],[10.113,46.631],[10.116,46.629],[10.115,46.621],[10.119,46.618],[10.126,46.624],[10.129,46.62],[10.135,46.625],[10.135,46.627],[10.139,46.627],[10.14,46.624],[10.138,46.621],[10.14,46.62],[10.152,46.622],[10.155,46.624],[10.167,46.622],[10.158,46.617],[10.151,46.617],[10.15,46.615],[10.141,46.61],[10.131,46.608],[10.118,46.608],[10.112,46.611],[10.102,46.611],[10.099,46.601]]],[[[10.127,46.377],[10.121,46.377],[10.117,46.38],[10.125,46.384],[10.127,46.387],[10.13,46.386],[10.133,46.389],[10.137,46.39],[10.133,46.393],[10.137,46.393],[10.14,46.396],[10.147,46.397],[10.15,46.399],[10.146,46.404],[10.147,46.407],[10.154,46.411],[10.162,46.41],[10.161,46.401],[10.162,46.399],[10.16,46.393],[10.15,46.394],[10.148,46.392],[10.148,46.388],[10.146,46.385],[10.134,46.384],[10.127,46.377]]],[[[10.1,46.405],[10.095,46.404],[10.088,46.407],[10.086,46.41],[10.079,46.414],[10.079,46.417],[10.069,46.421],[10.06,46.428],[10.077,46.429],[10.082,46.426],[10.083,46.422],[10.089,46.421],[10.096,46.421],[10.106,46.429],[10.119,46.427],[10.122,46.43],[10.129,46.43],[10.142,46.427],[10.142,46.424],[10.132,46.428],[10.125,46.424],[10.119,46.425],[10.119,46.422],[10.125,46.419],[10.125,46.417],[10.115,46.419],[10.093,46.418],[10.09,46.416],[10.09,46.414],[10.096,46.412],[10.096,46.409],[10.1,46.405]]],[[[10.106,46.344],[10.104,46.344],[10.105,46.349],[10.101,46.351],[10.105,46.353],[10.105,46.355],[10.102,46.358],[10.106,46.36],[10.106,46.344]]],[[[9.975,46.462],[9.971,46.46],[9.968,46.462],[9.964,46.462],[9.959,46.467],[9.955,46.468],[9.943,46.476],[9.942,46.479],[9.949,46.478],[9.952,46.48],[9.952,46.483],[9.94,46.491],[9.937,46.491],[9.93,46.496],[9.927,46.496],[9.927,46.503],[9.922,46.503],[9.908,46.512],[9.912,46.513],[9.921,46.508],[9.931,46.509],[9.933,46.51],[9.931,46.513],[9.92,46.519],[9.922,46.521],[9.934,46.517],[9.942,46.523],[9.935,46.525],[9.917,46.537],[9.915,46.54],[9.929,46.54],[9.931,46.541],[9.931,46.544],[9.933,46.544],[9.933,46.539],[9.935,46.537],[9.939,46.54],[9.949,46.542],[9.952,46.544],[9.955,46.543],[9.955,46.541],[9.95,46.537],[9.954,46.534],[9.953,46.532],[9.958,46.53],[9.961,46.532],[9.968,46.533],[9.967,46.536],[9.971,46.537],[9.975,46.534],[9.976,46.531],[9.968,46.525],[9.967,46.522],[9.963,46.521],[9.961,46.514],[9.964,46.512],[9.964,46.509],[9.958,46.505],[9.969,46.496],[9.968,46.493],[9.972,46.491],[9.969,46.489],[9.974,46.491],[9.978,46.495],[9.979,46.498],[9.976,46.5],[9.976,46.504],[9.98,46.511],[9.983,46.511],[9.982,46.513],[9.983,46.516],[9.987,46.52],[9.99,46.52],[9.993,46.516],[9.991,46.513],[9.993,46.511],[9.998,46.511],[9.993,46.502],[9.989,46.5],[9.991,46.495],[9.988,46.493],[9.992,46.495],[9.998,46.493],[9.998,46.49],[10.001,46.493],[9.999,46.495],[10.002,46.497],[10.002,46.504],[10.009,46.506],[10.021,46.497],[10.022,46.49],[10.025,46.485],[10.031,46.483],[10.036,46.485],[10.027,46.488],[10.028,46.49],[10.031,46.49],[10.034,46.494],[10.033,46.499],[10.031,46.501],[10.034,46.503],[10.031,46.505],[10.026,46.514],[10.022,46.517],[10.022,46.521],[10.012,46.528],[10.009,46.533],[10.003,46.535],[10.002,46.538],[10.017,46.536],[10.029,46.526],[10.039,46.522],[10.046,46.525],[10.039,46.529],[10.036,46.534],[10.036,46.537],[10.032,46.539],[10.036,46.546],[10.034,46.547],[10.03,46.545],[10.018,46.553],[10.007,46.553],[10.006,46.556],[9.99,46.56],[9.986,46.564],[9.976,46.569],[9.966,46.569],[9.961,46.572],[9.966,46.575],[9.979,46.573],[9.983,46.575],[9.986,46.571],[9.992,46.571],[9.996,46.574],[9.996,46.576],[10.002,46.576],[10.006,46.578],[10.006,46.575],[10.0,46.569],[10.002,46.565],[10.015,46.57],[10.018,46.567],[10.019,46.573],[10.022,46.574],[10.022,46.571],[10.028,46.566],[10.025,46.564],[10.025,46.56],[10.028,46.558],[10.034,46.563],[10.038,46.559],[10.04,46.566],[10.043,46.568],[10.041,46.57],[10.041,46.573],[10.045,46.577],[10.05,46.573],[10.049,46.568],[10.055,46.566],[10.054,46.563],[10.051,46.561],[10.051,46.557],[10.054,46.555],[10.062,46.559],[10.063,46.561],[10.067,46.561],[10.07,46.563],[10.068,46.565],[10.07,46.568],[10.076,46.57],[10.077,46.572],[10.078,46.567],[10.075,46.565],[10.075,46.561],[10.07,46.558],[10.067,46.553],[10.056,46.546],[10.053,46.547],[10.048,46.543],[10.048,46.534],[10.053,46.523],[10.05,46.521],[10.05,46.516],[10.047,46.514],[10.047,46.512],[10.043,46.51],[10.043,46.503],[10.046,46.501],[10.046,46.487],[10.044,46.483],[10.045,46.478],[10.053,46.469],[10.044,46.469],[10.042,46.471],[10.042,46.474],[10.04,46.475],[10.037,46.473],[10.017,46.476],[10.015,46.474],[9.998,46.474],[9.994,46.472],[9.991,46.473],[9.989,46.47],[9.981,46.471],[9.976,46.466],[9.975,46.462]]],[[[10.077,46.572],[10.073,46.574],[10.073,46.577],[10.068,46.586],[10.065,46.588],[10.06,46.588],[10.062,46.59],[10.065,46.589],[10.069,46.595],[10.072,46.592],[10.071,46.59],[10.075,46.589],[10.078,46.585],[10.098,46.586],[10.094,46.582],[10.091,46.582],[10.084,46.578],[10.081,46.573],[10.077,46.572]]],[[[10.061,46.23],[10.057,46.228],[10.054,46.231],[10.051,46.229],[10.049,46.233],[10.056,46.239],[10.058,46.243],[10.062,46.241],[10.062,46.239],[10.058,46.237],[10.061,46.23]]],[[[10.045,46.442],[10.042,46.44],[10.038,46.441],[10.035,46.444],[10.032,46.444],[10.029,46.447],[10.025,46.447],[10.022,46.449],[10.009,46.449],[10.006,46.451],[10.003,46.449],[9.998,46.452],[10.0,46.454],[10.0,46.457],[10.01,46.463],[10.018,46.465],[10.02,46.468],[10.027,46.467],[10.03,46.468],[10.036,46.465],[10.05,46.462],[10.047,46.46],[10.048,46.458],[10.044,46.456],[10.044,46.453],[10.04,46.451],[10.041,46.449],[10.04,46.447],[10.045,46.442]]],[[[10.031,46.418],[10.024,46.417],[10.024,46.42],[10.022,46.422],[10.027,46.427],[10.025,46.429],[10.015,46.426],[10.011,46.427],[10.008,46.429],[10.007,46.434],[10.015,46.439],[10.029,46.438],[10.035,46.434],[10.041,46.436],[10.045,46.431],[10.044,46.428],[10.038,46.43],[10.033,46.429],[10.038,46.424],[10.041,46.423],[10.041,46.421],[10.034,46.42],[10.031,46.418]]],[[[9.65,46.291],[9.645,46.287],[9.625,46.287],[9.623,46.289],[9.624,46.296],[9.622,46.297],[9.616,46.296],[9.577,46.298],[9.574,46.297],[9.571,46.299],[9.577,46.308],[9.581,46.308],[9.584,46.311],[9.587,46.304],[9.59,46.306],[9.598,46.305],[9.609,46.307],[9.606,46.31],[9.616,46.316],[9.617,46.321],[9.613,46.328],[9.617,46.33],[9.627,46.33],[9.63,46.335],[9.639,46.334],[9.636,46.329],[9.637,46.328],[9.643,46.329],[9.644,46.327],[9.641,46.322],[9.641,46.316],[9.643,46.314],[9.646,46.318],[9.653,46.321],[9.656,46.326],[9.666,46.328],[9.668,46.331],[9.66,46.333],[9.662,46.338],[9.66,46.341],[9.667,46.342],[9.67,46.344],[9.67,46.347],[9.673,46.349],[9.671,46.353],[9.674,46.355],[9.683,46.355],[9.683,46.358],[9.68,46.363],[9.687,46.365],[9.688,46.367],[9.683,46.371],[9.69,46.373],[9.69,46.376],[9.694,46.373],[9.697,46.374],[9.701,46.366],[9.698,46.364],[9.697,46.361],[9.694,46.36],[9.693,46.355],[9.694,46.346],[9.693,46.344],[9.695,46.335],[9.694,46.33],[9.696,46.328],[9.696,46.335],[9.699,46.336],[9.701,46.339],[9.698,46.344],[9.699,46.347],[9.701,46.348],[9.702,46.353],[9.706,46.353],[9.709,46.357],[9.713,46.358],[9.714,46.362],[9.722,46.359],[9.726,46.363],[9.725,46.373],[9.722,46.375],[9.721,46.379],[9.723,46.384],[9.72,46.386],[9.72,46.391],[9.717,46.394],[9.717,46.396],[9.724,46.398],[9.734,46.396],[9.736,46.397],[9.735,46.399],[9.738,46.402],[9.738,46.395],[9.744,46.392],[9.746,46.386],[9.75,46.381],[9.748,46.374],[9.749,46.367],[9.75,46.365],[9.755,46.363],[9.755,46.368],[9.759,46.369],[9.76,46.37],[9.758,46.372],[9.762,46.372],[9.764,46.376],[9.765,46.383],[9.762,46.388],[9.762,46.397],[9.764,46.397],[9.769,46.388],[9.773,46.387],[9.771,46.383],[9.772,46.382],[9.779,46.383],[9.791,46.365],[9.798,46.37],[9.801,46.37],[9.795,46.394],[9.788,46.398],[9.793,46.403],[9.794,46.409],[9.783,46.416],[9.78,46.416],[9.78,46.419],[9.79,46.425],[9.79,46.428],[9.793,46.43],[9.797,46.43],[9.81,46.436],[9.817,46.435],[9.82,46.443],[9.827,46.443],[9.828,46.44],[9.837,46.435],[9.838,46.438],[9.832,46.445],[9.834,46.445],[9.837,46.45],[9.841,46.451],[9.833,46.451],[9.829,46.454],[9.829,46.458],[9.836,46.463],[9.835,46.465],[9.845,46.467],[9.843,46.471],[9.844,46.473],[9.85,46.473],[9.85,46.476],[9.858,46.478],[9.857,46.48],[9.864,46.479],[9.871,46.481],[9.872,46.48],[9.869,46.473],[9.872,46.471],[9.868,46.466],[9.862,46.462],[9.861,46.457],[9.857,46.455],[9.851,46.444],[9.848,46.442],[9.847,46.435],[9.844,46.433],[9.847,46.429],[9.846,46.426],[9.841,46.422],[9.838,46.417],[9.844,46.411],[9.843,46.408],[9.839,46.406],[9.838,46.403],[9.833,46.4],[9.841,46.387],[9.844,46.391],[9.848,46.39],[9.85,46.392],[9.847,46.395],[9.861,46.406],[9.864,46.404],[9.885,46.405],[9.872,46.423],[9.884,46.425],[9.882,46.428],[9.878,46.429],[9.878,46.432],[9.88,46.432],[9.881,46.437],[9.894,46.452],[9.894,46.457],[9.901,46.459],[9.903,46.464],[9.906,46.46],[9.909,46.462],[9.915,46.457],[9.923,46.454],[9.922,46.451],[9.91,46.443],[9.911,46.439],[9.916,46.441],[9.915,46.438],[9.911,46.438],[9.909,46.434],[9.918,46.425],[9.918,46.42],[9.914,46.42],[9.912,46.418],[9.912,46.416],[9.918,46.411],[9.916,46.4],[9.919,46.4],[9.923,46.406],[9.929,46.411],[9.93,46.414],[9.936,46.411],[9.949,46.411],[9.955,46.413],[9.945,46.417],[9.946,46.424],[9.951,46.426],[9.951,46.429],[9.947,46.431],[9.947,46.433],[9.953,46.435],[9.952,46.442],[9.954,46.445],[9.961,46.442],[9.963,46.44],[9.963,46.436],[9.967,46.438],[9.97,46.437],[9.973,46.431],[9.973,46.433],[9.976,46.434],[9.98,46.432],[9.98,46.43],[9.977,46.428],[9.977,46.423],[9.98,46.421],[9.979,46.414],[9.982,46.413],[9.992,46.418],[9.997,46.412],[9.991,46.405],[9.998,46.403],[10.001,46.405],[10.005,46.405],[10.006,46.407],[10.009,46.407],[10.011,46.406],[10.01,46.402],[10.017,46.402],[10.022,46.393],[10.02,46.39],[10.01,46.389],[10.001,46.382],[9.997,46.382],[9.988,46.378],[9.989,46.371],[9.992,46.369],[10.001692307692307,46.370384615384616],[10.001,46.369],[10.002,46.367],[10.006,46.367],[10.009,46.37],[10.013,46.369],[10.017,46.366],[10.018,46.361],[10.02,46.359],[10.019,46.357],[10.012,46.357],[10.008,46.355],[10.005,46.357],[10.0,46.353],[10.002,46.349],[9.998,46.346],[9.996,46.342],[9.998,46.34],[9.997,46.337],[9.99,46.338],[9.993,46.342],[9.992,46.352],[9.985,46.352],[9.984,46.354],[9.977,46.358],[9.976,46.361],[9.97,46.361],[9.964,46.365],[9.965,46.379],[9.948,46.38],[9.944,46.377],[9.941,46.378],[9.928,46.369],[9.924,46.369],[9.918,46.372],[9.915,46.371],[9.912,46.376],[9.905,46.381],[9.902,46.381],[9.899,46.378],[9.892,46.377],[9.886,46.372],[9.881,46.372],[9.872,46.363],[9.846,46.364],[9.843,46.362],[9.833,46.362],[9.829,46.359],[9.829,46.357],[9.823,46.353],[9.812,46.351],[9.809,46.348],[9.8,46.345],[9.793,46.345],[9.79,46.342],[9.786,46.342],[9.78,46.338],[9.776,46.338],[9.773,46.336],[9.767,46.336],[9.754,46.346],[9.751,46.346],[9.746,46.35],[9.742,46.351],[9.738,46.351],[9.735,46.348],[9.719,46.349],[9.717,46.339],[9.716,46.296],[9.687,46.295],[9.681,46.3],[9.675,46.302],[9.676,46.304],[9.665,46.305],[9.663,46.297],[9.652,46.296],[9.65,46.291]]],[[[9.884,46.922],[9.871,46.916],[9.864,46.919],[9.858,46.924],[9.853,46.923],[9.851,46.928],[9.832,46.935],[9.833,46.937],[9.841,46.939],[9.847,46.944],[9.836,46.953],[9.839,46.955],[9.847,46.955],[9.848,46.953],[9.845,46.951],[9.846,46.949],[9.85,46.952],[9.853,46.952],[9.856,46.948],[9.862,46.948],[9.869,46.945],[9.873,46.945],[9.874,46.95],[9.87,46.955],[9.874,46.959],[9.866,46.963],[9.864,46.966],[9.867,46.966],[9.869,46.97],[9.87,46.973],[9.867,46.976],[9.869,46.977],[9.867,46.978],[9.863,46.977],[9.859,46.984],[9.861,46.985],[9.864,46.982],[9.875,46.979],[9.872,46.981],[9.872,46.984],[9.877,46.983],[9.884,46.985],[9.884,46.982],[9.879,46.979],[9.881,46.975],[9.877,46.974],[9.876,46.972],[9.877,46.97],[9.872,46.966],[9.878,46.959],[9.876,46.95],[9.881,46.945],[9.88,46.936],[9.885,46.935],[9.888,46.932],[9.896,46.931],[9.891,46.927],[9.885,46.925],[9.884,46.922]]],[[[9.888,46.992],[9.884,46.989],[9.882,46.99],[9.887,46.997],[9.879,47.002],[9.885,47.002],[9.888,46.999],[9.888,46.992]]],[[[9.875111111111112,46.57585185185185],[9.874,46.574],[9.858,46.575],[9.862,46.575],[9.865,46.578],[9.869,46.575],[9.871,46.579],[9.875,46.581],[9.877,46.579],[9.875312500000001,46.5761875],[9.88,46.579],[9.885,46.58],[9.888,46.578],[9.882,46.572],[9.878,46.572],[9.875111111111112,46.57585185185185]]],[[[9.878,47.002],[9.875,47.001],[9.874,47.004],[9.871,47.006],[9.871,47.011],[9.867,47.018],[9.872,47.018],[9.874,47.015],[9.872,47.011],[9.873,47.008],[9.879,47.004],[9.878,47.002]]],[[[9.797,46.857],[9.805,46.864],[9.816,46.865],[9.819,46.867],[9.826,46.865],[9.829,46.862],[9.836,46.865],[9.842,46.863],[9.849,46.863],[9.85,46.858],[9.845,46.857],[9.829,46.859],[9.826,46.861],[9.822,46.86],[9.816,46.855],[9.812,46.857],[9.819,46.852],[9.818,46.85],[9.825,46.85],[9.83,46.845],[9.827,46.838],[9.821,46.838],[9.817,46.836],[9.818,46.831],[9.824,46.83],[9.821,46.827],[9.807,46.828],[9.805,46.826],[9.801,46.826],[9.801,46.828],[9.798,46.83],[9.792,46.83],[9.788,46.826],[9.782,46.83],[9.782,46.835],[9.779,46.833],[9.775,46.836],[9.772,46.833],[9.765,46.832],[9.761,46.84],[9.762,46.842],[9.76,46.844],[9.763,46.845],[9.766,46.844],[9.765,46.842],[9.769,46.842],[9.771,46.844],[9.77,46.846],[9.771,46.849],[9.769,46.851],[9.778,46.853],[9.784,46.853],[9.786,46.851],[9.796,46.852],[9.8,46.85],[9.796,46.854],[9.797,46.857]]],[[[9.679,46.477],[9.673,46.477],[9.675,46.479],[9.672,46.483],[9.669,46.481],[9.666,46.482],[9.671,46.488],[9.671,46.491],[9.662,46.495],[9.686,46.497],[9.688,46.499],[9.687,46.502],[9.683,46.506],[9.677,46.508],[9.673,46.506],[9.67,46.508],[9.661,46.509],[9.677,46.511],[9.68,46.513],[9.68,46.516],[9.677,46.518],[9.67,46.518],[9.67,46.52],[9.676,46.522],[9.687,46.531],[9.681,46.532],[9.675,46.529],[9.674,46.527],[9.671,46.528],[9.666,46.536],[9.674,46.54],[9.661,46.549],[9.665,46.55],[9.668,46.548],[9.677,46.554],[9.665,46.553],[9.658,46.558],[9.659,46.561],[9.672,46.561],[9.678,46.565],[9.677,46.567],[9.679,46.569],[9.683,46.569],[9.686,46.571],[9.689,46.571],[9.694,46.567],[9.69,46.565],[9.69,46.562],[9.698,46.559],[9.705,46.56],[9.711,46.558],[9.714,46.56],[9.713,46.562],[9.716,46.564],[9.707,46.571],[9.708,46.575],[9.711,46.578],[9.709,46.582],[9.692,46.585],[9.699,46.586],[9.701,46.589],[9.695,46.594],[9.684,46.6],[9.68,46.598],[9.674,46.601],[9.671,46.599],[9.667,46.6],[9.664,46.599],[9.661,46.601],[9.661,46.604],[9.663,46.606],[9.67,46.61],[9.674,46.61],[9.681,46.615],[9.684,46.612],[9.688,46.614],[9.691,46.612],[9.694,46.614],[9.694,46.612],[9.7,46.608],[9.701,46.609],[9.699,46.612],[9.699,46.618],[9.701,46.62],[9.706,46.618],[9.704,46.618],[9.701,46.614],[9.704,46.612],[9.707,46.617],[9.713,46.618],[9.717,46.618],[9.713,46.614],[9.72,46.61],[9.727,46.613],[9.737,46.613],[9.731,46.609],[9.73,46.606],[9.721,46.6],[9.729,46.596],[9.742,46.595],[9.736,46.593],[9.732,46.595],[9.723,46.594],[9.719,46.589],[9.72,46.586],[9.726,46.584],[9.725,46.581],[9.729,46.583],[9.739,46.582],[9.741,46.579],[9.74,46.577],[9.733,46.575],[9.733,46.573],[9.738,46.569],[9.744,46.567],[9.751,46.57],[9.761,46.571],[9.762,46.572],[9.76,46.574],[9.759,46.579],[9.761,46.58],[9.764,46.577],[9.767,46.579],[9.764,46.581],[9.764,46.583],[9.768,46.584],[9.771,46.58],[9.783,46.576],[9.779,46.574],[9.78,46.573],[9.798,46.574],[9.801,46.571],[9.808,46.569],[9.79,46.566],[9.787,46.564],[9.783,46.565],[9.781,46.563],[9.781,46.56],[9.773,46.56],[9.768,46.558],[9.767,46.556],[9.757,46.555],[9.743,46.545],[9.74,46.539],[9.734,46.534],[9.734,46.53],[9.736,46.528],[9.742,46.53],[9.754,46.541],[9.763,46.544],[9.769,46.543],[9.772,46.538],[9.769,46.529],[9.78,46.538],[9.781,46.54],[9.779,46.542],[9.776,46.542],[9.778,46.547],[9.793,46.551],[9.806,46.557],[9.816,46.558],[9.825,46.556],[9.832,46.557],[9.836,46.555],[9.831,46.546],[9.841,46.544],[9.842,46.539],[9.838,46.532],[9.831,46.531],[9.828,46.528],[9.824,46.527],[9.821,46.528],[9.817,46.524],[9.808,46.522],[9.808,46.519],[9.811,46.517],[9.82,46.515],[9.821,46.512],[9.819,46.51],[9.813,46.508],[9.807,46.501],[9.787,46.501],[9.786,46.502],[9.79,46.504],[9.778,46.506],[9.772,46.504],[9.775,46.498],[9.773,46.495],[9.774,46.493],[9.78,46.493],[9.79,46.488],[9.79,46.486],[9.786,46.487],[9.787,46.482],[9.784,46.479],[9.776,46.482],[9.773,46.479],[9.763,46.481],[9.76,46.482],[9.762,46.484],[9.76,46.486],[9.757,46.486],[9.754,46.481],[9.751,46.484],[9.744,46.482],[9.741,46.485],[9.738,46.484],[9.736,46.487],[9.734,46.487],[9.732,46.483],[9.728,46.48],[9.724,46.48],[9.721,46.481],[9.721,46.483],[9.718,46.485],[9.715,46.485],[9.713,46.49],[9.711,46.49],[9.705,46.488],[9.705,46.485],[9.702,46.481],[9.698,46.481],[9.695,46.483],[9.695,46.486],[9.688,46.486],[9.689,46.483],[9.68,46.479],[9.679,46.477]]],[[[9.784,46.862],[9.793,46.867],[9.8,46.866],[9.797,46.862],[9.799,46.859],[9.795,46.857],[9.786,46.857],[9.783,46.86],[9.784,46.862]]],[[[9.775,46.681],[9.792,46.679],[9.792,46.677],[9.788,46.675],[9.778,46.674],[9.775,46.672],[9.764,46.673],[9.756,46.677],[9.749,46.678],[9.765,46.681],[9.769,46.678],[9.775,46.681]]],[[[9.747,46.858],[9.72,46.852],[9.709,46.859],[9.711,46.861],[9.727,46.86],[9.731,46.864],[9.734,46.863],[9.733,46.865],[9.737,46.867],[9.737,46.872],[9.741,46.87],[9.755,46.874],[9.757,46.872],[9.766,46.876],[9.767,46.878],[9.765,46.882],[9.768,46.883],[9.771,46.882],[9.77,46.878],[9.777,46.876],[9.78,46.873],[9.787,46.871],[9.791,46.868],[9.787,46.864],[9.78,46.866],[9.773,46.864],[9.767,46.866],[9.761,46.862],[9.761,46.86],[9.757,46.859],[9.75,46.859],[9.744,46.863],[9.747,46.858]]],[[[9.605,46.715],[9.593,46.709],[9.587,46.713],[9.59,46.715],[9.594,46.715],[9.594,46.718],[9.597,46.717],[9.604,46.718],[9.606,46.721],[9.601,46.726],[9.604,46.728],[9.601,46.727],[9.6,46.728],[9.599,46.737],[9.598,46.738],[9.594,46.735],[9.587,46.744],[9.596,46.751],[9.591,46.762],[9.595,46.767],[9.588,46.778],[9.588,46.782],[9.59,46.784],[9.593,46.785],[9.596,46.782],[9.603,46.781],[9.604,46.778],[9.609,46.775],[9.612,46.777],[9.619,46.776],[9.625,46.772],[9.635,46.77],[9.634,46.766],[9.63,46.764],[9.629,46.761],[9.634,46.759],[9.622,46.757],[9.621,46.753],[9.639,46.754],[9.639,46.757],[9.641,46.758],[9.653,46.752],[9.651,46.748],[9.644,46.747],[9.642,46.745],[9.645,46.743],[9.645,46.741],[9.641,46.736],[9.637,46.734],[9.637,46.732],[9.643,46.731],[9.669,46.74],[9.668,46.743],[9.673,46.748],[9.684,46.754],[9.693,46.755],[9.703,46.752],[9.704,46.753],[9.7,46.754],[9.699,46.756],[9.707,46.758],[9.709,46.76],[9.703,46.764],[9.702,46.767],[9.699,46.769],[9.707,46.771],[9.714,46.77],[9.724,46.772],[9.724,46.775],[9.715,46.778],[9.717,46.781],[9.724,46.78],[9.721,46.782],[9.726,46.784],[9.727,46.786],[9.742,46.786],[9.749,46.791],[9.737,46.795],[9.733,46.798],[9.735,46.799],[9.742,46.797],[9.741,46.8],[9.751,46.802],[9.754,46.804],[9.753,46.806],[9.755,46.806],[9.758,46.802],[9.761,46.801],[9.769,46.801],[9.777,46.805],[9.779,46.801],[9.777,46.799],[9.777,46.796],[9.79,46.794],[9.783,46.789],[9.773,46.789],[9.77,46.786],[9.762,46.786],[9.761,46.784],[9.764,46.781],[9.757,46.78],[9.754,46.775],[9.76,46.774],[9.762,46.77],[9.747,46.773],[9.743,46.776],[9.742,46.775],[9.746,46.773],[9.746,46.77],[9.74,46.768],[9.737,46.769],[9.736,46.767],[9.748,46.759],[9.743,46.757],[9.736,46.759],[9.732,46.757],[9.73,46.759],[9.724,46.757],[9.726,46.751],[9.729,46.748],[9.736,46.746],[9.729,46.745],[9.726,46.746],[9.723,46.744],[9.726,46.742],[9.728,46.737],[9.725,46.737],[9.713,46.743],[9.693,46.737],[9.693,46.731],[9.689,46.727],[9.687,46.729],[9.682,46.727],[9.676,46.728],[9.673,46.725],[9.669,46.726],[9.666,46.724],[9.663,46.728],[9.662,46.725],[9.659,46.723],[9.656,46.725],[9.653,46.722],[9.643,46.722],[9.64,46.72],[9.633,46.721],[9.63,46.723],[9.619,46.723],[9.617,46.725],[9.616,46.723],[9.618,46.719],[9.617,46.718],[9.613,46.721],[9.612,46.719],[9.614,46.717],[9.614,46.714],[9.61,46.716],[9.605,46.715]]],[[[9.499,46.363],[9.497,46.366],[9.492,46.366],[9.489,46.369],[9.479,46.369],[9.477,46.371],[9.473,46.371],[9.47,46.374],[9.464,46.375],[9.461,46.378],[9.461,46.38],[9.464,46.382],[9.464,46.387],[9.468,46.389],[9.465,46.391],[9.465,46.409],[9.462,46.411],[9.462,46.414],[9.454,46.42],[9.453,46.423],[9.454,46.429],[9.457,46.432],[9.459,46.446],[9.463,46.443],[9.468,46.432],[9.475,46.426],[9.477,46.422],[9.481,46.42],[9.478,46.416],[9.487,46.417],[9.491,46.416],[9.492,46.413],[9.49,46.408],[9.493,46.406],[9.494,46.397],[9.484,46.391],[9.479,46.386],[9.48,46.385],[9.496,46.393],[9.512,46.391],[9.52,46.395],[9.509,46.398],[9.51,46.401],[9.515,46.406],[9.51,46.417],[9.516,46.419],[9.517,46.421],[9.506,46.429],[9.51,46.433],[9.504,46.437],[9.498,46.436],[9.491,46.44],[9.491,46.442],[9.5,46.444],[9.501,46.447],[9.494,46.451],[9.497,46.456],[9.494,46.462],[9.496,46.466],[9.504,46.462],[9.508,46.458],[9.512,46.458],[9.515,46.454],[9.512,46.449],[9.515,46.444],[9.518,46.446],[9.524,46.446],[9.531,46.449],[9.539,46.444],[9.535,46.441],[9.527,46.439],[9.524,46.435],[9.53,46.434],[9.534,46.435],[9.538,46.426],[9.537,46.423],[9.54,46.422],[9.542,46.419],[9.542,46.417],[9.539,46.414],[9.543,46.415],[9.546,46.409],[9.552,46.409],[9.553,46.41],[9.552,46.412],[9.559,46.412],[9.563,46.414],[9.557,46.416],[9.557,46.419],[9.562,46.421],[9.565,46.427],[9.563,46.429],[9.559,46.428],[9.557,46.43],[9.563,46.434],[9.561,46.436],[9.564,46.439],[9.563,46.443],[9.573,46.443],[9.575,46.438],[9.579,46.44],[9.583,46.438],[9.593,46.429],[9.595,46.424],[9.598,46.428],[9.602,46.427],[9.599,46.429],[9.602,46.433],[9.602,46.436],[9.596,46.445],[9.595,46.449],[9.59,46.454],[9.586,46.454],[9.572,46.461],[9.571,46.464],[9.569,46.463],[9.569,46.461],[9.564,46.459],[9.558,46.465],[9.551,46.466],[9.542,46.472],[9.537,46.473],[9.544,46.475],[9.542,46.479],[9.532,46.48],[9.526,46.485],[9.522,46.484],[9.522,46.489],[9.52,46.49],[9.513,46.488],[9.509,46.489],[9.507,46.492],[9.503,46.491],[9.5,46.494],[9.487,46.499],[9.484,46.502],[9.484,46.505],[9.488,46.506],[9.504,46.504],[9.507,46.51],[9.514,46.51],[9.523,46.507],[9.523,46.511],[9.517,46.517],[9.501,46.518],[9.498,46.52],[9.491,46.521],[9.491,46.523],[9.485,46.527],[9.479,46.525],[9.472,46.528],[9.469,46.528],[9.465,46.525],[9.463,46.526],[9.466,46.53],[9.465,46.533],[9.459,46.533],[9.452,46.537],[9.452,46.54],[9.46,46.544],[9.463,46.542],[9.469,46.542],[9.472,46.544],[9.476,46.544],[9.476,46.547],[9.479,46.547],[9.486,46.543],[9.49,46.544],[9.495,46.542],[9.499,46.545],[9.502,46.543],[9.505,46.544],[9.506,46.541],[9.504,46.539],[9.504,46.534],[9.505,46.532],[9.502,46.53],[9.505,46.528],[9.508,46.53],[9.515,46.53],[9.518,46.533],[9.521,46.533],[9.526,46.541],[9.525,46.543],[9.531,46.546],[9.538,46.546],[9.54,46.54],[9.543,46.538],[9.531,46.532],[9.53,46.529],[9.532,46.527],[9.527,46.525],[9.527,46.521],[9.534,46.518],[9.54,46.521],[9.553,46.521],[9.557,46.524],[9.558,46.522],[9.563,46.522],[9.57,46.517],[9.566,46.517],[9.563,46.513],[9.55,46.51],[9.548,46.509],[9.55,46.506],[9.546,46.506],[9.537,46.502],[9.539,46.5],[9.56,46.499],[9.566,46.502],[9.572,46.497],[9.578,46.497],[9.582,46.495],[9.578,46.494],[9.573,46.49],[9.575,46.488],[9.581,46.491],[9.582,46.488],[9.57,46.479],[9.571,46.478],[9.58,46.481],[9.585,46.486],[9.593,46.49],[9.598,46.491],[9.601,46.488],[9.604,46.488],[9.607,46.49],[9.608,46.494],[9.614,46.495],[9.615,46.494],[9.612,46.49],[9.614,46.487],[9.608,46.483],[9.608,46.481],[9.61,46.479],[9.614,46.479],[9.619,46.474],[9.613,46.471],[9.626,46.468],[9.626,46.466],[9.621,46.46],[9.623,46.456],[9.619,46.455],[9.616,46.451],[9.617,46.449],[9.616,46.447],[9.611,46.445],[9.612,46.443],[9.615,46.446],[9.617,46.442],[9.619,46.442],[9.638,46.452],[9.642,46.452],[9.645,46.449],[9.645,46.439],[9.64,46.435],[9.638,46.431],[9.641,46.428],[9.661,46.438],[9.667,46.437],[9.67,46.443],[9.671,46.453],[9.681,46.455],[9.687,46.453],[9.694,46.453],[9.696,46.454],[9.697,46.459],[9.704,46.461],[9.711,46.461],[9.714,46.459],[9.717,46.46],[9.716,46.465],[9.717,46.467],[9.721,46.467],[9.724,46.47],[9.74,46.47],[9.743,46.468],[9.751,46.469],[9.776,46.459],[9.766,46.458],[9.764,46.457],[9.766,46.455],[9.757,46.453],[9.756,46.45],[9.748,46.449],[9.747,46.446],[9.739,46.446],[9.736,46.443],[9.719,46.442],[9.713,46.437],[9.704,46.434],[9.7,46.429],[9.696,46.43],[9.691,46.427],[9.69,46.425],[9.697,46.425],[9.697,46.423],[9.689,46.418],[9.679,46.417],[9.68,46.414],[9.676,46.411],[9.66,46.411],[9.656,46.409],[9.647,46.411],[9.643,46.407],[9.636,46.413],[9.632,46.413],[9.632,46.406],[9.63,46.405],[9.624,46.406],[9.62,46.403],[9.611,46.404],[9.601,46.4],[9.597,46.402],[9.594,46.399],[9.589,46.398],[9.589,46.395],[9.592,46.393],[9.61,46.386],[9.62,46.388],[9.626,46.387],[9.629,46.39],[9.636,46.388],[9.629,46.385],[9.623,46.386],[9.619,46.383],[9.611,46.382],[9.612,46.379],[9.609,46.372],[9.593,46.372],[9.59,46.374],[9.586,46.373],[9.58,46.374],[9.574,46.371],[9.567,46.371],[9.561,46.369],[9.547,46.371],[9.544,46.366],[9.525,46.367],[9.521,46.364],[9.512,46.366],[9.502,46.365],[9.499,46.363]]],[[[9.557,46.524],[9.557,46.527],[9.569,46.535],[9.569,46.538],[9.573,46.54],[9.572,46.544],[9.574,46.546],[9.582,46.549],[9.585,46.549],[9.584,46.546],[9.587,46.545],[9.597,46.547],[9.594,46.544],[9.595,46.542],[9.594,46.537],[9.583,46.535],[9.584,46.531],[9.581,46.526],[9.576,46.525],[9.573,46.526],[9.57,46.524],[9.567,46.526],[9.56,46.523],[9.557,46.524]]],[[[9.608,46.494],[9.604,46.492],[9.601,46.496],[9.601,46.501],[9.606,46.501],[9.606,46.496],[9.608,46.494]]],[[[9.692,46.873],[9.698,46.873],[9.705,46.869],[9.705,46.866],[9.711,46.863],[9.703,46.861],[9.698,46.863],[9.691,46.863],[9.682,46.868],[9.678,46.868],[9.675,46.866],[9.659,46.866],[9.649,46.864],[9.642,46.865],[9.626,46.871],[9.623,46.869],[9.619,46.869],[9.616,46.87],[9.615,46.872],[9.63,46.875],[9.631,46.881],[9.635,46.883],[9.637,46.887],[9.644,46.887],[9.652,46.891],[9.65,46.896],[9.653,46.898],[9.655,46.898],[9.656,46.892],[9.659,46.891],[9.658,46.889],[9.659,46.885],[9.653,46.882],[9.653,46.88],[9.647,46.878],[9.645,46.876],[9.646,46.875],[9.656,46.874],[9.669,46.87],[9.675,46.87],[9.685,46.877],[9.692,46.873]]],[[[9.643,47.049],[9.624,47.051],[9.619,47.054],[9.627,47.055],[9.63,47.052],[9.634,47.052],[9.637,47.055],[9.64,47.052],[9.645,47.056],[9.643,47.058],[9.647,47.061],[9.663,47.06],[9.65,47.057],[9.649,47.051],[9.643,47.049]]],[[[9.663,47.06],[9.667,47.06],[9.673,47.063],[9.68,47.063],[9.683,47.061],[9.687,47.061],[9.693,47.056],[9.698,47.055],[9.696,47.053],[9.686,47.055],[9.681,47.057],[9.677,47.061],[9.673,47.059],[9.663,47.06]]],[[[9.668,46.615],[9.661,46.61],[9.651,46.615],[9.655,46.619],[9.656,46.621],[9.655,46.623],[9.645,46.615],[9.638,46.617],[9.636,46.621],[9.63,46.624],[9.631,46.629],[9.633,46.629],[9.633,46.626],[9.636,46.625],[9.638,46.626],[9.639,46.63],[9.642,46.629],[9.646,46.63],[9.645,46.626],[9.652,46.624],[9.655,46.624],[9.659,46.627],[9.668,46.618],[9.677,46.623],[9.678,46.625],[9.68,46.619],[9.671,46.613],[9.668,46.615]]],[[[9.657,46.756],[9.654,46.755],[9.649,46.757],[9.652,46.759],[9.651,46.761],[9.655,46.765],[9.664,46.767],[9.666,46.765],[9.665,46.763],[9.658,46.759],[9.657,46.756]]],[[[9.574,47.054],[9.564,47.049],[9.554,47.05],[9.554,47.052],[9.56,47.053],[9.559,47.055],[9.561,47.056],[9.578,47.057],[9.581,47.059],[9.581,47.063],[9.585,47.062],[9.587,47.064],[9.595,47.065],[9.597,47.068],[9.608,47.067],[9.609,47.065],[9.606,47.063],[9.612,47.059],[9.607,47.055],[9.601,47.056],[9.598,47.054],[9.6,47.052],[9.594,47.05],[9.584,47.054],[9.578,47.052],[9.574,47.054]]],[[[9.575,46.549],[9.571,46.547],[9.57,46.549],[9.574,46.555],[9.576,46.555],[9.574,46.558],[9.578,46.561],[9.581,46.561],[9.582,46.56],[9.581,46.558],[9.578,46.558],[9.578,46.553],[9.575,46.549]]],[[[9.502,46.55],[9.502,46.547],[9.499,46.55],[9.496,46.55],[9.493,46.554],[9.489,46.554],[9.489,46.556],[9.493,46.559],[9.493,46.562],[9.489,46.562],[9.486,46.56],[9.48,46.561],[9.479,46.562],[9.48,46.564],[9.476,46.569],[9.477,46.571],[9.482,46.568],[9.485,46.568],[9.487,46.57],[9.497,46.57],[9.492,46.582],[9.49,46.584],[9.484,46.583],[9.481,46.584],[9.471,46.591],[9.462,46.591],[9.467,46.593],[9.468,46.595],[9.471,46.595],[9.475,46.592],[9.488,46.593],[9.494,46.591],[9.496,46.593],[9.495,46.602],[9.504,46.602],[9.505,46.6],[9.501,46.595],[9.502,46.593],[9.499,46.586],[9.504,46.585],[9.504,46.582],[9.507,46.58],[9.516,46.578],[9.523,46.583],[9.526,46.583],[9.527,46.586],[9.53,46.588],[9.533,46.585],[9.533,46.582],[9.53,46.58],[9.521,46.577],[9.521,46.574],[9.519,46.573],[9.519,46.568],[9.516,46.568],[9.511,46.563],[9.512,46.56],[9.516,46.561],[9.516,46.557],[9.512,46.554],[9.506,46.556],[9.503,46.555],[9.505,46.552],[9.502,46.55]]],[[[9.51,46.617],[9.505,46.616],[9.505,46.618],[9.496,46.624],[9.495,46.627],[9.502,46.63],[9.51,46.617]]],[[[9.505,46.611],[9.491,46.602],[9.487,46.607],[9.479,46.611],[9.471,46.618],[9.472,46.621],[9.488,46.611],[9.489,46.611],[9.486,46.613],[9.488,46.616],[9.495,46.616],[9.505,46.611]]],[[[8.651,46.667],[8.641,46.663],[8.631,46.665],[8.63,46.666],[8.633,46.668],[8.631,46.669],[8.627,46.668],[8.628,46.673],[8.633,46.677],[8.623,46.682],[8.627,46.684],[8.623,46.686],[8.625,46.695],[8.628,46.7],[8.632,46.698],[8.641,46.7],[8.641,46.702],[8.649,46.7],[8.649,46.697],[8.651,46.695],[8.65,46.688],[8.654,46.683],[8.658,46.688],[8.661,46.683],[8.662,46.688],[8.666,46.69],[8.667,46.693],[8.666,46.702],[8.671,46.703],[8.681,46.71],[8.685,46.71],[8.684,46.714],[8.678,46.715],[8.675,46.71],[8.666,46.715],[8.668,46.718],[8.678,46.72],[8.681,46.724],[8.678,46.726],[8.674,46.726],[8.675,46.731],[8.678,46.731],[8.68,46.735],[8.672,46.74],[8.675,46.742],[8.677,46.749],[8.679,46.751],[8.682,46.751],[8.689,46.755],[8.695,46.754],[8.696,46.753],[8.692,46.751],[8.692,46.747],[8.685,46.742],[8.684,46.737],[8.688,46.737],[8.695,46.742],[8.698,46.738],[8.702,46.737],[8.701,46.735],[8.704,46.73],[8.708,46.73],[8.711,46.728],[8.711,46.725],[8.714,46.723],[8.719,46.724],[8.718,46.721],[8.721,46.72],[8.725,46.721],[8.731,46.728],[8.728,46.73],[8.727,46.733],[8.73,46.735],[8.731,46.741],[8.734,46.743],[8.741,46.743],[8.742,46.744],[8.739,46.746],[8.751,46.75],[8.752,46.752],[8.751,46.754],[8.748,46.755],[8.755,46.757],[8.757,46.761],[8.762,46.761],[8.767,46.764],[8.771,46.763],[8.777,46.77],[8.787,46.775],[8.797,46.775],[8.8,46.77],[8.804,46.769],[8.804,46.772],[8.807,46.774],[8.81,46.772],[8.808,46.779],[8.81,46.781],[8.8,46.79],[8.804,46.793],[8.809,46.794],[8.811,46.797],[8.809,46.799],[8.811,46.806],[8.826,46.812],[8.826,46.814],[8.824,46.815],[8.811,46.814],[8.808,46.817],[8.806,46.81],[8.801,46.805],[8.797,46.806],[8.795,46.803],[8.791,46.801],[8.781,46.801],[8.779,46.799],[8.772,46.799],[8.769,46.797],[8.758,46.795],[8.752,46.791],[8.748,46.791],[8.745,46.788],[8.742,46.79],[8.728,46.793],[8.725,46.795],[8.724,46.798],[8.712,46.794],[8.704,46.796],[8.709,46.798],[8.706,46.8],[8.706,46.803],[8.712,46.809],[8.712,46.814],[8.716,46.814],[8.721,46.818],[8.713,46.82],[8.71,46.817],[8.703,46.818],[8.703,46.821],[8.706,46.823],[8.703,46.824],[8.697,46.823],[8.698,46.82],[8.696,46.82],[8.696,46.825],[8.699,46.829],[8.694,46.831],[8.69,46.83],[8.687,46.831],[8.679,46.836],[8.687,46.837],[8.69,46.835],[8.694,46.835],[8.7,46.838],[8.712,46.838],[8.714,46.841],[8.712,46.847],[8.713,46.85],[8.73,46.849],[8.733,46.85],[8.734,46.849],[8.731,46.847],[8.73,46.842],[8.733,46.837],[8.739,46.834],[8.733,46.832],[8.726,46.834],[8.718,46.827],[8.733,46.822],[8.739,46.822],[8.748,46.818],[8.744,46.815],[8.745,46.813],[8.755,46.812],[8.758,46.813],[8.746,46.815],[8.755,46.818],[8.762,46.814],[8.765,46.816],[8.779,46.817],[8.776,46.824],[8.784,46.828],[8.785,46.83],[8.789,46.831],[8.785,46.837],[8.785,46.846],[8.783,46.849],[8.799,46.854],[8.803,46.853],[8.816,46.856],[8.83,46.857],[8.831,46.859],[8.829,46.862],[8.831,46.864],[8.828,46.866],[8.835,46.871],[8.835,46.875],[8.838,46.877],[8.838,46.88],[8.836,46.881],[8.833,46.88],[8.828,46.882],[8.813,46.879],[8.811,46.882],[8.793,46.885],[8.789,46.885],[8.789571428571428,46.88614285714286],[8.787,46.887],[8.784,46.89],[8.78,46.89],[8.774,46.893],[8.761,46.896],[8.757,46.894],[8.741,46.899],[8.731,46.9],[8.719,46.914],[8.689,46.917],[8.686,46.921],[8.676,46.919],[8.669,46.924],[8.67,46.926],[8.677,46.929],[8.68,46.929],[8.68,46.924],[8.685,46.926],[8.685,46.929],[8.689,46.929],[8.687,46.924],[8.693,46.923],[8.694,46.931],[8.691,46.933],[8.692,46.935],[8.693,46.936],[8.699,46.932],[8.699,46.937],[8.702,46.94],[8.712,46.944],[8.716,46.944],[8.729,46.949],[8.742,46.948],[8.742,46.95],[8.747,46.953],[8.759,46.953],[8.752,46.94],[8.742,46.934],[8.729,46.93],[8.721,46.924],[8.722,46.922],[8.729,46.924],[8.748,46.923],[8.752,46.927],[8.755,46.927],[8.756,46.923],[8.752,46.92],[8.748,46.918],[8.739,46.917],[8.735,46.914],[8.728,46.912],[8.731,46.91],[8.745,46.911],[8.751,46.908],[8.758,46.908],[8.764,46.904],[8.768,46.904],[8.769,46.905],[8.767,46.907],[8.77,46.91],[8.764,46.912],[8.767,46.916],[8.771,46.92],[8.775,46.92],[8.788,46.925],[8.78,46.93],[8.791,46.93],[8.797,46.934],[8.811,46.937],[8.811,46.931],[8.804,46.926],[8.804,46.923],[8.807,46.922],[8.817,46.929],[8.822,46.925],[8.824,46.92],[8.828,46.916],[8.828,46.911],[8.827,46.909],[8.82,46.908],[8.817,46.906],[8.804,46.909],[8.801,46.905],[8.803,46.902],[8.807,46.902],[8.809,46.9],[8.805,46.896],[8.805,46.893],[8.807,46.891],[8.816,46.898],[8.82,46.898],[8.823,46.9],[8.833,46.899],[8.839,46.902],[8.843,46.901],[8.845,46.897],[8.849,46.895],[8.863,46.897],[8.862,46.9],[8.859,46.901],[8.857,46.904],[8.857,46.906],[8.865,46.911],[8.872,46.913],[8.873,46.915],[8.87,46.921],[8.855,46.927],[8.863,46.931],[8.863,46.933],[8.856,46.94],[8.861,46.944],[8.862,46.947],[8.867,46.949],[8.868,46.951],[8.857,46.954],[8.861,46.954],[8.863,46.956],[8.877,46.961],[8.887,46.962],[8.894,46.967],[8.874,46.969],[8.865,46.972],[8.861,46.975],[8.863,46.98],[8.868,46.985],[8.866,46.989],[8.873,46.996],[8.875,47.004],[8.879,47.007],[8.889,47.009],[8.893,47.012],[8.906,47.014],[8.907,47.011],[8.916,47.005],[8.917,47.002],[8.927,46.998],[8.93,46.993],[8.937,46.989],[8.947,46.987],[8.95,46.989],[8.954,46.989],[8.953,46.993],[8.954,46.994],[8.961,46.998],[8.964,46.997],[8.963,47.002],[8.964,47.004],[8.961,47.007],[8.954,47.006],[8.948,47.008],[8.944,47.007],[8.94,47.011],[8.941,47.013],[8.948,47.014],[8.961,47.01],[8.968,47.013],[8.974,47.01],[8.98,47.01],[8.981,47.015],[8.984,47.017],[8.997,47.016],[9.001,47.017],[9.007,47.014],[9.01,47.016],[9.014,47.016],[9.017,47.022],[9.02,47.019],[9.029,47.017],[9.026,47.012],[9.028,47.008],[9.002,46.997],[9.005,46.994],[9.004,46.983],[9.005,46.981],[8.999,46.98],[8.986,46.981],[8.983,46.979],[8.98,46.981],[8.967,46.976],[8.963,46.976],[8.96,46.973],[8.956,46.973],[8.96,46.971],[8.976,46.97],[8.983,46.968],[8.986,46.969],[8.995,46.965],[8.989,46.964],[8.988,46.963],[8.989,46.961],[8.986,46.96],[8.968,46.959],[8.97,46.952],[8.966,46.951],[8.963,46.954],[8.961,46.95],[8.958,46.948],[8.958,46.946],[8.955,46.943],[8.955,46.939],[8.958,46.934],[8.965,46.933],[8.967,46.93],[8.962,46.927],[8.949,46.926],[8.935,46.921],[8.932,46.918],[8.919,46.915],[8.915,46.912],[8.912,46.912],[8.909,46.909],[8.902,46.908],[8.892,46.903],[8.886,46.902],[8.89,46.899],[8.889,46.896],[8.886,46.897],[8.882,46.895],[8.877,46.895],[8.875,46.893],[8.877,46.888],[8.875,46.885],[8.872,46.886],[8.869,46.882],[8.855,46.876],[8.855,46.874],[8.859,46.873],[8.868,46.873],[8.87,46.87],[8.87,46.866],[8.872,46.865],[8.878,46.868],[8.878,46.87],[8.883,46.87],[8.882,46.872],[8.888,46.874],[8.894,46.879],[8.898,46.88],[8.908,46.879],[8.911,46.881],[8.928,46.885],[8.929,46.883],[8.924,46.88],[8.921,46.876],[8.924,46.873],[8.928,46.876],[8.931,46.875],[8.941,46.877],[8.944,46.879],[8.947,46.876],[8.934,46.867],[8.944,46.865],[8.957,46.865],[8.953,46.862],[8.945,46.86],[8.946,46.853],[8.937,46.849],[8.938,46.847],[8.937,46.844],[8.927,46.844],[8.927,46.848],[8.917,46.843],[8.914,46.844],[8.911,46.84],[8.908,46.84],[8.907,46.843],[8.907,46.84],[8.909,46.838],[8.907,46.834],[8.917,46.839],[8.934,46.838],[8.94,46.834],[8.949,46.831],[8.947,46.829],[8.947,46.826],[8.954,46.824],[8.956,46.821],[8.962,46.821],[8.965,46.819],[8.973,46.826],[8.979,46.828],[8.976,46.831],[8.972,46.832],[8.975,46.835],[8.971,46.837],[8.976,46.842],[8.972,46.846],[8.977,46.849],[8.977,46.851],[8.974,46.853],[8.981,46.857],[8.981,46.86],[8.984,46.86],[8.986,46.85],[8.991,46.848],[8.996,46.85],[8.997,46.848],[9.004,46.846],[9.005,46.844],[9.004,46.841],[9.007,46.839],[9.001,46.832],[9.002,46.828],[9.001,46.826],[9.002,46.823],[9.008,46.823],[9.012,46.821],[9.015,46.822],[9.017307692307691,46.824769230769235],[9.015,46.824],[9.014,46.826],[9.017586206896551,46.82510344827587],[9.02,46.828],[9.025,46.843],[9.02,46.848],[9.022,46.85],[9.019,46.853],[9.012,46.855],[9.002,46.862],[9.001,46.864],[9.002,46.866],[8.999,46.868],[9.0,46.87],[9.005,46.871],[9.004,46.875],[9.006,46.877],[9.013,46.878],[9.019,46.884],[9.017,46.886],[9.018,46.888],[9.027,46.894],[9.035,46.89],[9.029,46.883],[9.029,46.88],[9.033,46.882],[9.036,46.886],[9.046,46.885],[9.049,46.887],[9.052,46.886],[9.053,46.883],[9.052,46.892],[9.061,46.895],[9.059,46.897],[9.063,46.902],[9.053,46.904],[9.056,46.906],[9.058,46.91],[9.057,46.912],[9.054,46.913],[9.048,46.92],[9.042,46.924],[9.044,46.926],[9.058,46.924],[9.058,46.926],[9.06,46.927],[9.067,46.925],[9.07,46.926],[9.074,46.93],[9.069,46.93],[9.07,46.934],[9.077,46.935],[9.077,46.937],[9.08,46.938],[9.087,46.938],[9.093,46.941],[9.091,46.944],[9.096,46.946],[9.098,46.946],[9.097,46.941],[9.1,46.939],[9.103,46.941],[9.107,46.94],[9.109,46.941],[9.11,46.943],[9.108,46.948],[9.112,46.952],[9.11,46.956],[9.118,46.959],[9.11,46.966],[9.109,46.973],[9.114,46.975],[9.113,46.977],[9.114,46.979],[9.119,46.977],[9.117,46.975],[9.12,46.97],[9.116,46.968],[9.121,46.969],[9.124,46.973],[9.134,46.966],[9.137,46.967],[9.139,46.963],[9.134,46.963],[9.122,46.959],[9.123,46.952],[9.128,46.95],[9.125,46.943],[9.126,46.942],[9.13,46.944],[9.133,46.948],[9.14,46.948],[9.141,46.947],[9.139,46.945],[9.142,46.941],[9.137,46.939],[9.138,46.932],[9.136,46.931],[9.133,46.934],[9.126,46.935],[9.122,46.932],[9.122,46.93],[9.106,46.926],[9.105,46.925],[9.11,46.923],[9.115,46.914],[9.11,46.912],[9.11,46.907],[9.102,46.907],[9.099,46.909],[9.096,46.908],[9.096,46.905],[9.1,46.903],[9.09,46.901],[9.087,46.899],[9.086,46.893],[9.081,46.892],[9.092,46.883],[9.098,46.886],[9.112,46.884],[9.113,46.88],[9.111,46.878],[9.113,46.876],[9.11,46.874],[9.111,46.871],[9.117,46.871],[9.117,46.869],[9.121,46.867],[9.124,46.87],[9.132,46.871],[9.139,46.875],[9.136,46.878],[9.139,46.88],[9.138,46.882],[9.141,46.884],[9.139,46.887],[9.141,46.889],[9.151,46.888],[9.154,46.892],[9.159,46.895],[9.159,46.9],[9.165,46.901],[9.168,46.899],[9.174,46.903],[9.177,46.902],[9.177,46.9],[9.18,46.897],[9.194,46.897],[9.194,46.899],[9.197,46.901],[9.208,46.904],[9.209,46.908],[9.205,46.91],[9.203,46.913],[9.204,46.916],[9.221,46.917],[9.221,46.919],[9.217,46.922],[9.224,46.922],[9.226,46.926],[9.238,46.927],[9.241,46.93],[9.243,46.93],[9.241,46.934],[9.231,46.936],[9.222,46.942],[9.22,46.939],[9.221,46.937],[9.217,46.937],[9.216,46.94],[9.209,46.944],[9.205,46.945],[9.202,46.939],[9.195,46.944],[9.196,46.95],[9.203,46.951],[9.206,46.954],[9.212,46.954],[9.214,46.955],[9.215,46.958],[9.219,46.958],[9.228,46.962],[9.232,46.967],[9.235,46.968],[9.239,46.978],[9.244,46.975],[9.243,46.973],[9.246,46.971],[9.245,46.968],[9.246,46.966],[9.246,46.968],[9.249,46.97],[9.257,46.964],[9.257,46.952],[9.261,46.948],[9.257,46.946],[9.268,46.944],[9.269,46.945],[9.265,46.948],[9.271,46.95],[9.272,46.957],[9.268,46.959],[9.278,46.962],[9.282,46.965],[9.288,46.965],[9.291,46.963],[9.294,46.956],[9.316,46.96],[9.32,46.967],[9.321,46.972],[9.324,46.964],[9.331,46.97],[9.335,46.967],[9.335,46.965],[9.33,46.96],[9.334,46.957],[9.341,46.956],[9.337,46.955],[9.335,46.951],[9.341,46.951],[9.35,46.956],[9.357,46.95],[9.36,46.955],[9.369,46.955],[9.362,46.957],[9.375,46.964],[9.375,46.968],[9.369,46.971],[9.368,46.978],[9.371,46.979],[9.377,46.977],[9.387,46.98],[9.39,46.984],[9.385,46.986],[9.385,46.991],[9.39,46.995],[9.391,47.0],[9.395,47.002],[9.395,47.004],[9.399,47.004],[9.4,47.0],[9.403,46.997],[9.404,46.985],[9.407,46.984],[9.411,46.989],[9.417,46.99],[9.42,46.987],[9.434,46.985],[9.436,46.985],[9.44,46.989],[9.447,46.987],[9.448,46.985],[9.446,46.983],[9.43,46.979],[9.415,46.979],[9.413,46.976],[9.417,46.976],[9.418,46.972],[9.413,46.972],[9.41,46.969],[9.403,46.966],[9.403,46.968],[9.4,46.969],[9.4,46.964],[9.416,46.961],[9.417,46.956],[9.428,46.952],[9.424,46.95],[9.424,46.947],[9.419,46.947],[9.412,46.944],[9.409,46.946],[9.405,46.945],[9.406,46.943],[9.41,46.943],[9.41,46.941],[9.422,46.937],[9.426,46.934],[9.412,46.933],[9.406,46.939],[9.399,46.94],[9.393,46.943],[9.386,46.94],[9.384,46.941],[9.387,46.944],[9.386,46.944],[9.38,46.941],[9.384,46.939],[9.385,46.935],[9.389,46.932],[9.388,46.928],[9.385,46.926],[9.375,46.935],[9.369,46.936],[9.366,46.94],[9.359,46.939],[9.353,46.944],[9.35,46.941],[9.343,46.94],[9.341,46.942],[9.33,46.94],[9.327,46.942],[9.317,46.936],[9.31,46.939],[9.3,46.933],[9.297,46.934],[9.291,46.932],[9.29,46.929],[9.289,46.932],[9.286,46.932],[9.286,46.929],[9.284,46.927],[9.28,46.927],[9.277,46.924],[9.274,46.925],[9.271,46.923],[9.274,46.921],[9.274,46.918],[9.277,46.917],[9.281,46.918],[9.281,46.921],[9.29,46.921],[9.296,46.918],[9.306,46.918],[9.312,46.913],[9.319,46.913],[9.324,46.915],[9.323,46.918],[9.332,46.916],[9.339,46.918],[9.343,46.915],[9.339,46.91],[9.352,46.912],[9.355,46.91],[9.352,46.906],[9.355,46.907],[9.365,46.907],[9.368,46.909],[9.372,46.908],[9.369,46.906],[9.371,46.904],[9.374684210526315,46.90363157894737],[9.374,46.905],[9.378,46.905],[9.375782608695655,46.90352173913043],[9.381,46.903],[9.382,46.901],[9.374,46.893],[9.374,46.886],[9.37,46.885],[9.369,46.888],[9.364,46.89],[9.364,46.887],[9.367,46.885],[9.365,46.883],[9.366,46.881],[9.364,46.88],[9.36,46.883],[9.359,46.886],[9.357,46.886],[9.357,46.883],[9.367,46.874],[9.364,46.87],[9.364,46.867],[9.357,46.874],[9.35,46.867],[9.345,46.87],[9.344,46.873],[9.343,46.87],[9.339,46.87],[9.337,46.875],[9.33,46.877],[9.329,46.882],[9.322,46.885],[9.318,46.882],[9.311,46.886],[9.31,46.889],[9.312,46.889],[9.313,46.891],[9.312,46.893],[9.309,46.889],[9.305,46.888],[9.3,46.891],[9.299,46.894],[9.289,46.892],[9.286,46.894],[9.285,46.891],[9.282,46.889],[9.278,46.889],[9.281,46.887],[9.289,46.886],[9.289,46.882],[9.292,46.881],[9.297,46.875],[9.294,46.873],[9.298,46.87],[9.298,46.866],[9.278,46.866],[9.265,46.875],[9.256,46.874],[9.246,46.876],[9.242,46.874],[9.242,46.869],[9.239,46.869],[9.235,46.863],[9.226,46.861],[9.219,46.862],[9.214,46.861],[9.209,46.857],[9.187,46.855],[9.185,46.852],[9.196,46.851],[9.207,46.847],[9.209,46.844],[9.213,46.843],[9.214,46.841],[9.212,46.838],[9.192,46.842],[9.188,46.841],[9.182,46.835],[9.179,46.841],[9.169,46.846],[9.169,46.848],[9.166,46.847],[9.156,46.852],[9.152,46.851],[9.15,46.846],[9.146,46.846],[9.143,46.844],[9.141,46.837],[9.145,46.833],[9.144,46.83],[9.147,46.828],[9.143,46.827],[9.135,46.837],[9.135,46.84],[9.123,46.847],[9.117,46.847],[9.114,46.844],[9.104,46.851],[9.097,46.846],[9.091,46.844],[9.081,46.844],[9.078,46.847],[9.076,46.845],[9.077,46.841],[9.08,46.838],[9.09,46.835],[9.093,46.83],[9.096,46.829],[9.096,46.827],[9.09,46.826],[9.087,46.828],[9.083,46.826],[9.077,46.829],[9.077,46.827],[9.067,46.827],[9.061,46.825],[9.06,46.82],[9.057,46.818],[9.064,46.816],[9.07,46.812],[9.07,46.809],[9.06,46.806],[9.055,46.809],[9.051,46.814],[9.031,46.817],[9.024,46.814],[9.014,46.813],[9.008,46.81],[8.991,46.808],[8.988,46.805],[8.986,46.808],[8.984,46.808],[8.983,46.806],[8.988,46.801],[8.994,46.798],[9.011,46.8],[9.014,46.802],[9.027,46.805],[9.029,46.803],[9.028,46.796],[9.024,46.794],[9.03,46.794],[9.036,46.789],[9.02,46.791],[9.014,46.788],[9.012,46.79],[9.004,46.79],[9.005,46.787],[8.997,46.787],[8.99,46.782],[8.984,46.786],[8.977,46.783],[8.969,46.786],[8.964,46.786],[8.96,46.784],[8.956,46.779],[8.948,46.777],[8.947,46.775],[8.949,46.772],[8.941,46.768],[8.936,46.761],[8.924,46.763],[8.921,46.759],[8.918,46.759],[8.915,46.761],[8.911,46.761],[8.907,46.766],[8.902,46.769],[8.892,46.771],[8.898,46.775],[8.898,46.778],[8.903,46.782],[8.891,46.784],[8.885,46.787],[8.887,46.798],[8.885,46.798],[8.885,46.794],[8.883,46.792],[8.87,46.796],[8.873,46.794],[8.874,46.791],[8.873,46.789],[8.866,46.792],[8.866,46.791],[8.874,46.785],[8.871,46.773],[8.866,46.773],[8.859,46.776],[8.856,46.779],[8.849,46.78],[8.846,46.782],[8.846,46.779],[8.853,46.774],[8.849,46.773],[8.84,46.779],[8.843,46.774],[8.853,46.765],[8.851,46.762],[8.852,46.758],[8.859,46.759],[8.862,46.761],[8.869,46.756],[8.879,46.753],[8.875,46.752],[8.87,46.746],[8.872,46.744],[8.863,46.74],[8.862,46.733],[8.855,46.736],[8.848,46.735],[8.845,46.731],[8.845,46.725],[8.825,46.727],[8.819,46.73],[8.818,46.727],[8.815,46.725],[8.809,46.726],[8.806,46.722],[8.802,46.721],[8.799,46.723],[8.795,46.723],[8.802,46.718],[8.801,46.716],[8.804,46.714],[8.802,46.711],[8.792,46.713],[8.79,46.711],[8.791,46.709],[8.786,46.705],[8.786,46.703],[8.782,46.702],[8.772,46.705],[8.769,46.712],[8.764,46.714],[8.767,46.716],[8.76,46.723],[8.758,46.721],[8.76,46.717],[8.756,46.715],[8.756,46.728],[8.754,46.733],[8.75,46.736],[8.75,46.734],[8.753,46.732],[8.752,46.723],[8.75,46.719],[8.754,46.707],[8.753,46.694],[8.746,46.693],[8.742,46.694],[8.742,46.699],[8.74,46.701],[8.732,46.701],[8.727,46.705],[8.725,46.703],[8.725,46.699],[8.727,46.694],[8.724,46.692],[8.726,46.689],[8.721,46.688],[8.723,46.685],[8.719,46.685],[8.718,46.688],[8.713,46.689],[8.707,46.695],[8.7,46.688],[8.699,46.677],[8.697,46.675],[8.693,46.677],[8.69,46.682],[8.683,46.679],[8.683,46.674],[8.68,46.671],[8.674,46.669],[8.664,46.67],[8.66,46.667],[8.654,46.666],[8.651,46.667]],[[9.221,46.919],[9.228,46.919],[9.224,46.92],[9.221,46.919]],[[9.352,46.906],[9.349,46.907],[9.349,46.905],[9.352,46.906]]],[[[9.378,46.905],[9.381,46.907],[9.385,46.907],[9.391,46.905],[9.385,46.903],[9.378,46.905]]],[[[8.957,46.865],[8.963,46.865],[8.96,46.864],[8.957,46.865]]],[[[9.42,46.475],[9.411,46.467],[9.408,46.47],[9.405,46.469],[9.392,46.475],[9.389,46.475],[9.384,46.482],[9.374,46.487],[9.368,46.494],[9.368,46.498],[9.372,46.501],[9.372,46.505],[9.361,46.509],[9.354,46.509],[9.351,46.506],[9.344,46.507],[9.341,46.504],[9.333,46.508],[9.344,46.512],[9.344,46.517],[9.352,46.526],[9.35,46.528],[9.355,46.532],[9.361,46.532],[9.361,46.528],[9.364,46.525],[9.363,46.523],[9.367,46.518],[9.374,46.523],[9.381,46.522],[9.384,46.525],[9.387,46.524],[9.397,46.533],[9.404,46.536],[9.401,46.536],[9.401,46.543],[9.398,46.545],[9.401,46.546],[9.407,46.541],[9.409,46.545],[9.417,46.543],[9.414,46.538],[9.414,46.533],[9.409,46.529],[9.411,46.522],[9.407,46.523],[9.407,46.518],[9.4,46.517],[9.394,46.514],[9.398,46.511],[9.394,46.509],[9.397,46.507],[9.396,46.504],[9.39,46.501],[9.38,46.5],[9.379,46.498],[9.38,46.496],[9.383,46.5],[9.389,46.496],[9.389,46.493],[9.393,46.493],[9.396,46.491],[9.39,46.487],[9.389,46.482],[9.392,46.48],[9.399,46.481],[9.402,46.482],[9.406,46.487],[9.412,46.488],[9.417,46.491],[9.417,46.495],[9.423,46.497],[9.421,46.5],[9.425,46.501],[9.429,46.507],[9.432,46.509],[9.439,46.509],[9.439,46.502],[9.433,46.5],[9.433,46.497],[9.427,46.493],[9.423,46.486],[9.424,46.479],[9.421,46.478],[9.42,46.475]]],[[[9.418,47.112],[9.415,47.11],[9.41,47.112],[9.409,47.119],[9.424,47.118],[9.422,47.115],[9.418,47.114],[9.418,47.112]]],[[[9.405,47.132],[9.399,47.126],[9.393,47.133],[9.386,47.134],[9.383,47.137],[9.383,47.142],[9.39,47.143],[9.394,47.141],[9.403,47.146],[9.409,47.143],[9.409,47.141],[9.406,47.141],[9.402,47.137],[9.405,47.132]]],[[[9.393,47.237],[9.377,47.232],[9.373,47.232],[9.367,47.235],[9.36,47.232],[9.357,47.233],[9.354,47.236],[9.355,47.241],[9.357,47.243],[9.354,47.245],[9.347,47.244],[9.338,47.247],[9.328,47.244],[9.321,47.24],[9.315,47.244],[9.318,47.246],[9.318,47.249],[9.325,47.251],[9.325,47.253],[9.331,47.253],[9.358,47.269],[9.361,47.268],[9.372,47.27],[9.365,47.266],[9.363,47.261],[9.354,47.255],[9.355,47.254],[9.358,47.255],[9.363,47.252],[9.359,47.25],[9.359,47.248],[9.368,47.247],[9.372,47.25],[9.375,47.25],[9.374,47.247],[9.38,47.246],[9.384,47.243],[9.388,47.243],[9.394,47.24],[9.397,47.242],[9.4,47.241],[9.404,47.244],[9.407,47.242],[9.404,47.238],[9.393,47.237]]],[[[9.2,46.555],[9.183,46.552],[9.178,46.555],[9.183,46.56],[9.195,46.564],[9.196,46.569],[9.203,46.568],[9.206,46.572],[9.219,46.571],[9.227,46.573],[9.228,46.577],[9.223,46.58],[9.218,46.586],[9.216,46.593],[9.22,46.595],[9.226,46.592],[9.233,46.591],[9.231,46.595],[9.228,46.597],[9.233,46.602],[9.231,46.606],[9.232,46.609],[9.235,46.611],[9.24,46.61],[9.243,46.612],[9.248,46.606],[9.26,46.605],[9.258,46.601],[9.253,46.601],[9.249,46.599],[9.246,46.597],[9.246,46.593],[9.24,46.591],[9.237,46.588],[9.246,46.585],[9.267,46.588],[9.275,46.586],[9.282,46.591],[9.298,46.596],[9.297,46.601],[9.303,46.601],[9.302,46.604],[9.304,46.605],[9.306,46.61],[9.301,46.614],[9.302,46.619],[9.299,46.621],[9.304,46.625],[9.301,46.628],[9.304,46.632],[9.304,46.641],[9.313,46.643],[9.311,46.646],[9.319,46.65],[9.32,46.658],[9.334,46.652],[9.329,46.65],[9.328,46.645],[9.343,46.645],[9.351,46.652],[9.353,46.661],[9.365,46.66],[9.366,46.661],[9.369,46.659],[9.385,46.658],[9.376,46.654],[9.37,46.654],[9.369,46.652],[9.368,46.654],[9.362,46.654],[9.364,46.651],[9.362,46.649],[9.369,46.651],[9.369,46.645],[9.36,46.645],[9.358,46.643],[9.358,46.64],[9.355,46.639],[9.35,46.634],[9.361,46.629],[9.345,46.63],[9.335,46.629],[9.322,46.626],[9.319,46.623],[9.322,46.621],[9.331,46.621],[9.332,46.618],[9.336,46.616],[9.332,46.614],[9.325,46.614],[9.323,46.612],[9.323,46.609],[9.325,46.608],[9.328,46.61],[9.329,46.609],[9.331,46.604],[9.335,46.604],[9.338,46.606],[9.344,46.604],[9.356,46.607],[9.357,46.604],[9.341,46.601],[9.337,46.598],[9.331,46.597],[9.325,46.6],[9.318,46.599],[9.315,46.6],[9.31,46.598],[9.315,46.596],[9.318,46.589],[9.33,46.585],[9.324,46.578],[9.316,46.578],[9.314,46.58],[9.316,46.583],[9.314,46.584],[9.301,46.581],[9.295,46.584],[9.285,46.582],[9.272,46.583],[9.269,46.581],[9.269,46.579],[9.262,46.577],[9.259,46.574],[9.268,46.572],[9.285,46.573],[9.289,46.572],[9.289,46.569],[9.288,46.568],[9.284,46.569],[9.278,46.566],[9.271,46.565],[9.245,46.572],[9.242,46.57],[9.242,46.566],[9.229,46.568],[9.222,46.564],[9.219,46.564],[9.216,46.561],[9.211,46.562],[9.205,46.56],[9.2,46.555]]],[[[9.205,47.021],[9.206,47.025],[9.205,47.028],[9.202,47.03],[9.196,47.028],[9.193,47.019],[9.187,47.016],[9.178,47.016],[9.17,47.019],[9.169,47.024],[9.167,47.026],[9.165,47.027],[9.162,47.025],[9.156,47.029],[9.154,47.028],[9.157,47.024],[9.154,47.021],[9.156,47.017],[9.155,47.013],[9.152,47.014],[9.149,47.013],[9.149,47.01],[9.145,47.009],[9.139,47.016],[9.132,47.017],[9.129,47.02],[9.122,47.022],[9.124,47.031],[9.123,47.038],[9.12,47.042],[9.121,47.047],[9.12,47.048],[9.11,47.046],[9.106,47.049],[9.11,47.051],[9.111,47.058],[9.11,47.061],[9.13,47.064],[9.136,47.055],[9.132,47.053],[9.134,47.051],[9.14,47.055],[9.143,47.054],[9.156,47.057],[9.16,47.06],[9.16,47.062],[9.169,47.064],[9.173,47.068],[9.18,47.068],[9.183,47.066],[9.183,47.061],[9.176,47.055],[9.176,47.053],[9.169,47.052],[9.166,47.049],[9.156,47.047],[9.153,47.045],[9.149,47.046],[9.146,47.042],[9.149,47.036],[9.152,47.036],[9.156,47.039],[9.176,47.041],[9.195,47.048],[9.197,47.048],[9.196,47.046],[9.202,47.043],[9.21,47.05],[9.21,47.054],[9.216,47.058],[9.214,47.068],[9.212,47.07],[9.213,47.073],[9.219,47.07],[9.229,47.074],[9.233,47.071],[9.24,47.072],[9.238,47.074],[9.243,47.075],[9.263,47.074],[9.259,47.072],[9.256,47.068],[9.252,47.07],[9.246,47.066],[9.24,47.065],[9.239,47.063],[9.236,47.064],[9.235,47.063],[9.236,47.061],[9.243,47.061],[9.235,47.055],[9.233,47.056],[9.232,47.06],[9.232,47.054],[9.229,47.052],[9.232,47.047],[9.244,47.052],[9.248,47.051],[9.249,47.049],[9.246,47.047],[9.245,47.042],[9.251,47.037],[9.255,47.038],[9.259,47.036],[9.253,47.027],[9.255,47.022],[9.26,47.02],[9.267,47.02],[9.277,47.022],[9.28,47.021],[9.284,47.025],[9.291,47.024],[9.29,47.026],[9.294,47.027],[9.297,47.03],[9.299,47.026],[9.297,47.024],[9.298,47.021],[9.303,47.021],[9.307,47.024],[9.323,47.025],[9.325,47.021],[9.321,47.019],[9.331,47.014],[9.329,47.012],[9.326,47.012],[9.32,47.015],[9.316,47.015],[9.313,47.014],[9.311,47.012],[9.312,47.01],[9.306,47.006],[9.3,47.009],[9.293,47.01],[9.29,47.006],[9.293,47.004],[9.291,47.001],[9.295,46.997],[9.294,46.995],[9.289,46.993],[9.287,46.99],[9.283,46.991],[9.279,46.988],[9.269,46.99],[9.273,46.992],[9.273,46.999],[9.27,47.0],[9.269,47.002],[9.264,47.002],[9.259,46.995],[9.251,46.991],[9.246,46.984],[9.253,46.98],[9.262,46.981],[9.264,46.979],[9.256,46.974],[9.246,46.975],[9.243,46.977],[9.243,46.983],[9.235,46.984],[9.236,46.988],[9.239,46.989],[9.232,46.998],[9.235,47.0],[9.234,47.002],[9.236,47.004],[9.234,47.007],[9.236,47.011],[9.233,47.014],[9.224,47.013],[9.221,47.014],[9.219,47.011],[9.215,47.009],[9.211,46.998],[9.208,46.994],[9.208,46.985],[9.203,46.979],[9.197,46.985],[9.19,46.985],[9.189,46.987],[9.192,46.989],[9.18,46.996],[9.194,47.003],[9.198,47.009],[9.202,47.007],[9.206,47.018],[9.205,47.021]]],[[[9.297,47.03],[9.296,47.033],[9.297,47.034],[9.3,47.033],[9.297,47.03]]],[[[9.322,47.152],[9.321,47.15],[9.311,47.156],[9.305,47.155],[9.302,47.156],[9.301,47.158],[9.295,47.157],[9.287,47.161],[9.288,47.163],[9.295,47.16],[9.295,47.165],[9.298,47.165],[9.303,47.163],[9.301,47.161],[9.302,47.16],[9.305,47.162],[9.307,47.161],[9.308,47.158],[9.31,47.158],[9.319,47.174],[9.321,47.161],[9.325,47.165],[9.329,47.158],[9.328,47.154],[9.322,47.152]]],[[[9.244,46.442],[9.235,46.444],[9.233,46.449],[9.229,46.451],[9.23,46.46],[9.229,46.463],[9.222,46.469],[9.219,46.474],[9.212,46.476],[9.215,46.481],[9.213,46.487],[9.224,46.492],[9.23,46.497],[9.24,46.499],[9.243,46.503],[9.249,46.499],[9.25,46.498],[9.243,46.493],[9.239,46.492],[9.237,46.487],[9.233,46.485],[9.248,46.48],[9.248,46.473],[9.244,46.467],[9.248,46.463],[9.255,46.465],[9.255,46.467],[9.262,46.472],[9.267,46.48],[9.265,46.483],[9.262,46.484],[9.264,46.489],[9.269,46.489],[9.272,46.491],[9.271,46.502],[9.275,46.504],[9.275,46.507],[9.278,46.509],[9.277,46.513],[9.286,46.517],[9.306,46.515],[9.312,46.519],[9.315,46.517],[9.315,46.512],[9.326,46.508],[9.318,46.505],[9.308,46.505],[9.302,46.5],[9.295,46.501],[9.292,46.498],[9.285,46.499],[9.281,46.498],[9.28,46.493],[9.276,46.491],[9.273,46.482],[9.273,46.48],[9.277,46.477],[9.277,46.475],[9.274,46.473],[9.273,46.466],[9.277,46.464],[9.276,46.459],[9.261,46.449],[9.258,46.45],[9.25,46.449],[9.246,46.446],[9.244,46.442]]],[[[9.302,46.738],[9.293,46.732],[9.291,46.734],[9.292,46.74],[9.289,46.743],[9.29,46.746],[9.302,46.738]]],[[[9.286,46.313],[9.281,46.315],[9.281,46.318],[9.276,46.322],[9.274,46.327],[9.276,46.328],[9.279,46.326],[9.286,46.328],[9.292,46.327],[9.295,46.324],[9.294,46.32],[9.286,46.315],[9.286,46.313]]],[[[9.28,46.52],[9.276,46.519],[9.273,46.52],[9.268,46.527],[9.273,46.53],[9.286,46.533],[9.287,46.531],[9.284,46.527],[9.285,46.525],[9.28,46.52]]],[[[9.279,46.365],[9.274,46.361],[9.271,46.363],[9.27,46.367],[9.267,46.37],[9.269,46.372],[9.268,46.374],[9.271,46.376],[9.271,46.381],[9.268,46.383],[9.272,46.386],[9.27,46.39],[9.271,46.392],[9.268,46.397],[9.262,46.401],[9.276,46.403],[9.277,46.39],[9.282,46.389],[9.284,46.387],[9.284,46.385],[9.281,46.384],[9.28,46.381],[9.276,46.378],[9.275,46.367],[9.279,46.365]]],[[[9.238,47.151],[9.225,47.148],[9.222,47.151],[9.22,47.151],[9.229,47.157],[9.242,47.158],[9.245,47.16],[9.253,47.159],[9.255,47.161],[9.259,47.161],[9.262,47.164],[9.275,47.161],[9.28,47.157],[9.268,47.154],[9.245,47.156],[9.244,47.153],[9.242,47.152],[9.239,47.153],[9.238,47.151]]],[[[9.229,46.656],[9.231,46.658],[9.227,46.66],[9.229,46.661],[9.245,46.662],[9.252,46.667],[9.258,46.669],[9.259,46.667],[9.252,46.659],[9.234,46.656],[9.232,46.654],[9.229,46.656]]],[[[9.229,46.656],[9.225,46.656],[9.225,46.659],[9.229,46.656]]],[[[9.231,46.622],[9.212,46.629],[9.215,46.631],[9.222,46.631],[9.225,46.634],[9.234,46.634],[9.236,46.638],[9.241,46.64],[9.239,46.645],[9.232,46.651],[9.235,46.654],[9.239,46.654],[9.242,46.652],[9.251,46.654],[9.256,46.649],[9.254,46.646],[9.251,46.645],[9.251,46.638],[9.248,46.639],[9.244,46.638],[9.248,46.631],[9.248,46.626],[9.246,46.622],[9.249,46.62],[9.244,46.613],[9.238,46.618],[9.232,46.62],[9.231,46.622]],[[9.231,46.622],[9.236,46.624],[9.234,46.625],[9.231,46.622]]],[[[9.207,46.501],[9.204,46.498],[9.2,46.499],[9.2,46.501],[9.197,46.502],[9.201,46.505],[9.204,46.513],[9.211,46.513],[9.214,46.512],[9.213,46.51],[9.215,46.51],[9.227,46.516],[9.228,46.514],[9.238,46.51],[9.237,46.506],[9.233,46.505],[9.223,46.51],[9.223,46.505],[9.217,46.506],[9.216,46.505],[9.219,46.503],[9.21,46.5],[9.207,46.501]]],[[[9.214,46.215],[9.208,46.213],[9.208,46.215],[9.215,46.222],[9.218,46.228],[9.218,46.215],[9.214,46.215]]],[[[9.161,46.371],[9.154,46.374],[9.156,46.376],[9.165,46.378],[9.167,46.382],[9.166,46.385],[9.158,46.389],[9.161,46.391],[9.166,46.391],[9.163,46.394],[9.168,46.396],[9.178,46.395],[9.181,46.399],[9.189,46.398],[9.185,46.396],[9.183,46.391],[9.189,46.389],[9.178,46.387],[9.173,46.382],[9.182,46.38],[9.177,46.376],[9.161,46.371]]],[[[9.097,46.433],[9.091,46.429],[9.09,46.431],[9.085,46.433],[9.078,46.433],[9.075,46.435],[9.074,46.438],[9.078,46.442],[9.07,46.447],[9.071,46.451],[9.08,46.458],[9.082,46.462],[9.082,46.467],[9.084,46.469],[9.082,46.471],[9.073,46.473],[9.06,46.473],[9.053,46.471],[9.049,46.472],[9.044,46.479],[9.033,46.483],[9.033,46.486],[9.038,46.49],[9.034,46.49],[9.028,46.493],[9.018,46.491],[9.012,46.495],[9.007,46.495],[9.008,46.497],[9.013,46.499],[9.013,46.502],[9.008,46.504],[9.012,46.513],[9.006,46.517],[9.009,46.521],[9.012,46.522],[9.013,46.526],[9.016,46.529],[9.013,46.531],[9.008,46.531],[9.0,46.539],[8.995,46.54],[8.991,46.547],[8.994,46.549],[8.999,46.545],[8.999,46.542],[9.001,46.542],[9.001,46.545],[9.003,46.546],[9.016,46.546],[9.017,46.549],[9.015,46.553],[9.017,46.554],[9.023,46.552],[9.033,46.552],[9.034,46.546],[9.03,46.542],[9.029,46.537],[9.022,46.532],[9.022,46.53],[9.026,46.533],[9.029,46.532],[9.03,46.526],[9.032,46.524],[9.032,46.522],[9.024,46.517],[9.025,46.516],[9.033,46.522],[9.046,46.521],[9.046,46.528],[9.044,46.53],[9.048,46.537],[9.051,46.539],[9.049,46.542],[9.055,46.545],[9.059,46.544],[9.065,46.549],[9.075,46.553],[9.079,46.55],[9.074,46.544],[9.075,46.543],[9.085,46.545],[9.088,46.541],[9.081,46.537],[9.071,46.538],[9.059,46.535],[9.062,46.532],[9.068,46.534],[9.071,46.531],[9.075,46.53],[9.076,46.528],[9.073,46.523],[9.074,46.522],[9.078,46.521],[9.087,46.525],[9.091,46.525],[9.104,46.519],[9.105,46.523],[9.101,46.53],[9.104,46.531],[9.107,46.529],[9.111,46.532],[9.117,46.53],[9.118,46.532],[9.115,46.543],[9.121,46.545],[9.121,46.548],[9.12,46.552],[9.113,46.559],[9.117,46.563],[9.117,46.565],[9.128,46.567],[9.137,46.565],[9.132,46.563],[9.134,46.561],[9.142,46.563],[9.145,46.567],[9.143,46.574],[9.144,46.575],[9.151,46.572],[9.154,46.573],[9.155,46.576],[9.158,46.578],[9.159,46.583],[9.168,46.585],[9.168,46.587],[9.171,46.588],[9.173,46.585],[9.171,46.583],[9.173,46.58],[9.172,46.574],[9.169,46.569],[9.16,46.566],[9.151,46.566],[9.144,46.563],[9.146,46.56],[9.144,46.559],[9.143,46.554],[9.147,46.555],[9.153,46.551],[9.166,46.551],[9.176,46.554],[9.18,46.553],[9.182,46.551],[9.171,46.547],[9.17,46.544],[9.175,46.542],[9.173,46.54],[9.166,46.536],[9.15,46.534],[9.14,46.53],[9.133,46.53],[9.12,46.525],[9.117,46.527],[9.116,46.525],[9.117,46.522],[9.115,46.52],[9.108,46.518],[9.105,46.514],[9.11,46.513],[9.116,46.515],[9.118,46.514],[9.117,46.511],[9.11,46.509],[9.093,46.509],[9.087,46.511],[9.08,46.509],[9.071,46.509],[9.061,46.506],[9.058,46.503],[9.059,46.501],[9.064,46.5],[9.085,46.501],[9.087,46.499],[9.086,46.493],[9.09,46.496],[9.116,46.494],[9.119,46.494],[9.121,46.496],[9.129,46.495],[9.142,46.501],[9.145,46.501],[9.149,46.505],[9.154,46.5],[9.153,46.497],[9.139,46.495],[9.135,46.493],[9.132,46.489],[9.127,46.487],[9.129,46.485],[9.138,46.489],[9.144,46.489],[9.142,46.486],[9.142,46.482],[9.135,46.477],[9.136,46.475],[9.151,46.476],[9.152,46.475],[9.149,46.47],[9.152,46.468],[9.144,46.466],[9.138,46.467],[9.134,46.465],[9.131,46.466],[9.128,46.469],[9.127,46.473],[9.122,46.476],[9.11,46.478],[9.105,46.473],[9.11,46.469],[9.109,46.462],[9.112,46.457],[9.108,46.458],[9.092,46.449],[9.091,46.446],[9.095,46.444],[9.09,46.438],[9.092,46.435],[9.095,46.438],[9.097,46.433]]],[[[9.134,46.45],[9.131,46.446],[9.126,46.451],[9.127,46.453],[9.137,46.451],[9.14,46.453],[9.135,46.459],[9.137,46.464],[9.141,46.465],[9.15,46.459],[9.149,46.452],[9.151,46.45],[9.147,46.449],[9.134,46.45]]],[[[9.13,46.627],[9.12,46.626],[9.122,46.633],[9.124,46.635],[9.12,46.636],[9.12,46.638],[9.127,46.638],[9.13,46.637],[9.13,46.635],[9.136,46.633],[9.141,46.635],[9.144,46.632],[9.136,46.629],[9.133,46.626],[9.13,46.627]]],[[[9.097,46.588],[9.089,46.588],[9.086,46.586],[9.084,46.588],[9.083,46.593],[9.086,46.597],[9.085,46.602],[9.087,46.603],[9.092,46.599],[9.096,46.599],[9.096,46.606],[9.1,46.606],[9.103,46.603],[9.116,46.603],[9.119,46.601],[9.106,46.593],[9.099,46.592],[9.097,46.588]]],[[[9.087,46.39],[9.08,46.39],[9.078,46.391],[9.077,46.394],[9.074,46.395],[9.079,46.397],[9.084,46.407],[9.071,46.411],[9.077,46.413],[9.081,46.412],[9.091,46.414],[9.1,46.42],[9.102,46.417],[9.101,46.413],[9.091,46.408],[9.091,46.406],[9.098,46.406],[9.1,46.404],[9.103,46.404],[9.093,46.399],[9.089,46.395],[9.087,46.39]]],[[[9.066,46.343],[9.059,46.347],[9.048,46.348],[9.053,46.348],[9.056,46.35],[9.066,46.352],[9.073,46.352],[9.074,46.355],[9.079,46.359],[9.082,46.358],[9.086,46.36],[9.09,46.359],[9.089,46.354],[9.093,46.352],[9.079,46.349],[9.066,46.343]]],[[[8.814,46.59],[8.829,46.596],[8.832,46.593],[8.835,46.596],[8.848,46.596],[8.849,46.594],[8.845,46.59],[8.841,46.59],[8.841,46.587],[8.848,46.577],[8.851,46.582],[8.858,46.584],[8.864,46.59],[8.871,46.591],[8.874,46.586],[8.877,46.589],[8.881,46.588],[8.881,46.591],[8.902,46.598],[8.898,46.6],[8.886,46.6],[8.88,46.602],[8.878,46.605],[8.878,46.609],[8.871,46.611],[8.861,46.618],[8.863,46.621],[8.861,46.623],[8.868,46.625],[8.872,46.628],[8.878,46.628],[8.884,46.634],[8.888,46.632],[8.892,46.633],[8.894,46.636],[8.901,46.639],[8.912,46.64],[8.907,46.647],[8.908,46.65],[8.912,46.653],[8.915,46.653],[8.918,46.652],[8.916,46.649],[8.923,46.647],[8.921,46.645],[8.918,46.645],[8.916,46.642],[8.928,46.641],[8.931,46.643],[8.938,46.642],[8.936,46.644],[8.944,46.645],[8.947,46.647],[8.95,46.644],[8.964,46.646],[8.969,46.642],[8.97,46.639],[8.977,46.643],[8.98,46.641],[8.983,46.645],[8.986,46.644],[8.988,46.641],[8.993,46.639],[8.991,46.637],[8.996,46.635],[8.994,46.63],[8.998,46.628],[8.984,46.621],[8.97,46.621],[8.97,46.619],[8.979,46.618],[8.982,46.616],[8.999,46.622],[9.012,46.63],[9.016,46.631],[9.019,46.628],[9.019,46.63],[9.022,46.632],[9.025,46.63],[9.025,46.627],[9.029,46.628],[9.042,46.625],[9.038,46.624],[9.034,46.618],[9.039,46.614],[9.051,46.609],[9.048,46.609],[9.037,46.603],[9.038,46.601],[9.041,46.604],[9.047,46.603],[9.05,46.599],[9.065,46.598],[9.061,46.593],[9.067,46.591],[9.07,46.588],[9.08,46.588],[9.086,46.582],[9.092,46.582],[9.088,46.579],[9.085,46.579],[9.083,46.581],[9.076,46.581],[9.059,46.58],[9.053,46.577],[9.047,46.58],[9.04,46.58],[9.037,46.578],[9.039,46.573],[9.038,46.571],[9.042,46.569],[9.04,46.566],[9.033,46.559],[9.023,46.555],[9.022,46.558],[9.017,46.563],[9.01,46.565],[9.009,46.567],[9.01,46.569],[9.012,46.569],[9.012,46.571],[9.007,46.575],[9.007,46.578],[9.011,46.581],[9.017,46.578],[9.014,46.578],[9.012,46.576],[9.014,46.575],[9.02,46.577],[9.024,46.579],[9.027,46.583],[9.032,46.585],[9.031,46.587],[9.033,46.591],[9.031,46.595],[9.024,46.593],[9.017,46.594],[9.015,46.597],[9.011,46.598],[9.009,46.601],[9.009,46.605],[9.007,46.601],[8.998,46.597],[8.997,46.603],[8.999,46.605],[8.999,46.608],[8.989,46.602],[8.982,46.604],[8.972,46.6],[8.969,46.602],[8.956,46.596],[8.949,46.599],[8.942,46.611],[8.951,46.615],[8.943,46.613],[8.937,46.617],[8.933,46.616],[8.93,46.618],[8.927,46.616],[8.924,46.619],[8.92,46.615],[8.924,46.613],[8.923,46.608],[8.927,46.608],[8.929,46.604],[8.928,46.6],[8.925,46.597],[8.912,46.591],[8.911,46.588],[8.913,46.586],[8.913,46.583],[8.916,46.582],[8.911,46.58],[8.91,46.577],[8.897,46.579],[8.887,46.574],[8.883,46.575],[8.876,46.573],[8.867,46.566],[8.86,46.565],[8.831,46.564],[8.817,46.572],[8.812,46.572],[8.808,46.574],[8.808,46.579],[8.814,46.581],[8.811,46.585],[8.814,46.59]]],[[[9.017,46.578],[9.015,46.58],[9.017,46.582],[9.019,46.58],[9.017,46.578]]],[[[9.025,46.63],[9.02,46.634],[9.019,46.639],[9.012,46.646],[9.016,46.647],[9.02,46.652],[9.02,46.655],[9.012,46.659],[9.012,46.661],[9.017,46.665],[9.026,46.661],[9.045,46.659],[9.039,46.657],[9.025,46.657],[9.025,46.65],[9.028,46.648],[9.029,46.645],[9.038,46.641],[9.03,46.639],[9.029,46.636],[9.031,46.634],[9.03,46.632],[9.025,46.63]]],[[[8.835,46.596],[8.829,46.596],[8.827,46.599],[8.832,46.6],[8.835,46.596]]],[[[9.063,46.301],[9.055,46.297],[9.051,46.297],[9.051,46.301],[9.048,46.302],[9.048,46.305],[9.055,46.306],[9.065,46.311],[9.066,46.314],[9.069,46.316],[9.07,46.321],[9.072,46.322],[9.078,46.324],[9.084,46.321],[9.083,46.318],[9.075,46.315],[9.074,46.312],[9.067,46.305],[9.064,46.305],[9.063,46.301]]],[[[9.076,46.328],[9.068,46.323],[9.065,46.325],[9.059,46.325],[9.057,46.33],[9.059,46.333],[9.069,46.33],[9.075,46.331],[9.076,46.328]]],[[[9.024,46.701],[9.04,46.697],[9.044,46.7],[9.049,46.699],[9.048,46.697],[9.044,46.697],[9.041,46.695],[9.041,46.692],[9.035,46.693],[9.03,46.691],[9.036,46.688],[9.036,46.686],[9.033,46.683],[9.026,46.681],[9.03,46.678],[9.033,46.681],[9.035,46.679],[9.04,46.679],[9.041,46.677],[9.04,46.676],[9.033,46.674],[9.023,46.675],[9.02,46.677],[9.017,46.675],[9.004,46.688],[9.0,46.689],[9.0,46.691],[9.004,46.691],[9.002,46.693],[9.004,46.694],[9.014,46.696],[9.024,46.691],[9.026,46.693],[9.022,46.699],[9.024,46.701]]],[[[9.036,46.702],[9.034,46.699],[9.032,46.702],[9.036,46.702]]],[[[8.97,47.049],[8.959,47.048],[8.955,47.05],[8.955,47.054],[8.969,47.058],[8.965,47.06],[8.976,47.061],[8.979,47.063],[8.995,47.062],[8.999,47.064],[9.009,47.064],[9.012,47.062],[8.995,47.056],[8.992,47.058],[8.986,47.058],[8.979,47.052],[8.97,47.049]]],[[[9.012,47.062],[9.01,47.064],[9.01,47.066],[9.015,47.069],[8.995,47.071],[9.002,47.072],[9.005,47.071],[9.025,47.075],[9.03,47.073],[9.028,47.071],[9.027,47.066],[9.012,47.062]]],[[[9.029,46.65],[9.026,46.652],[9.029,46.654],[9.029,46.65]]],[[[9.001333333333335,46.467444444444446],[9.004,46.463],[9.008,46.467],[9.01,46.463],[9.013,46.461],[9.011,46.459],[8.997,46.456],[8.992,46.464],[8.988,46.466],[8.989,46.468],[8.988,46.47],[8.98,46.473],[8.98,46.475],[8.984,46.48],[9.008,46.485],[9.01,46.484],[9.007,46.481],[9.01,46.479],[9.005,46.473],[9.007,46.468],[9.004,46.467],[9.001333333333335,46.467444444444446]]],[[[8.958,46.892],[8.941,46.89],[8.939,46.892],[8.941,46.894],[8.951,46.896],[8.954,46.899],[8.962,46.894],[8.958,46.892]]],[[[8.904,47.038],[8.899,47.037],[8.893,47.041],[8.899,47.042],[8.9,47.043],[8.898,47.045],[8.906,47.049],[8.92,47.049],[8.922,47.052],[8.932,47.054],[8.931,47.056],[8.933,47.059],[8.939,47.064],[8.946,47.067],[8.946,47.072],[8.956,47.073],[8.958,47.071],[8.951,47.065],[8.949,47.06],[8.95,47.054],[8.948,47.051],[8.936,47.046],[8.923,47.043],[8.919,47.04],[8.918,47.043],[8.909,47.04],[8.903,47.041],[8.904,47.038]]],[[[8.931,46.656],[8.921,46.654],[8.915,46.654],[8.911,46.656],[8.913,46.658],[8.912,46.659],[8.905,46.657],[8.907,46.661],[8.901,46.663],[8.902,46.665],[8.909,46.666],[8.912,46.662],[8.915,46.662],[8.916,46.663],[8.915,46.665],[8.922,46.667],[8.923,46.665],[8.928,46.663],[8.935,46.666],[8.941,46.663],[8.95,46.662],[8.946,46.66],[8.933,46.658],[8.931,46.656]]],[[[8.833,47.004],[8.82,47.003],[8.816,47.005],[8.813,47.003],[8.796,47.002],[8.794,47.004],[8.81,47.005],[8.816,47.008],[8.819,47.007],[8.822,47.008],[8.823,47.011],[8.833,47.012],[8.829,47.015],[8.833,47.016],[8.836,47.016],[8.837,47.012],[8.839,47.011],[8.849,47.016],[8.85,47.012],[8.86,47.012],[8.857,47.005],[8.842,47.004],[8.839,47.007],[8.836,47.007],[8.833,47.004]]],[[[7.082,46.168],[7.079,46.167],[7.071,46.175],[7.082,46.177],[7.086,46.181],[7.089,46.18],[7.089,46.186],[7.086,46.184],[7.082,46.187],[7.079,46.193],[7.059,46.206],[7.066,46.208],[7.067,46.211],[7.061,46.217],[7.07,46.22],[7.072,46.224],[7.071,46.231],[7.072,46.232],[7.081,46.235],[7.081,46.238],[7.089,46.241],[7.09,46.238],[7.082,46.232],[7.079,46.232],[7.077,46.226],[7.074,46.224],[7.077,46.224],[7.082,46.227],[7.083,46.226],[7.083,46.224],[7.079,46.221],[7.079,46.218],[7.102,46.217],[7.108,46.222],[7.107,46.224],[7.111,46.228],[7.115,46.228],[7.115,46.231],[7.112,46.233],[7.116,46.238],[7.116,46.242],[7.114,46.244],[7.121,46.249],[7.131,46.253],[7.13,46.256],[7.138,46.26],[7.137,46.263],[7.14,46.265],[7.14,46.267],[7.158,46.276],[7.147,46.279],[7.14,46.277],[7.139,46.278],[7.14,46.28],[7.148,46.283],[7.15,46.287],[7.149,46.292],[7.153,46.293],[7.16,46.291],[7.163,46.292],[7.165,46.294],[7.163,46.297],[7.167,46.301],[7.153,46.304],[7.134,46.302],[7.133,46.303],[7.138,46.305],[7.143,46.313],[7.156,46.316],[7.157,46.319],[7.159,46.32],[7.166,46.316],[7.179,46.316],[7.187,46.321],[7.188,46.326],[7.192,46.332],[7.195,46.33],[7.192,46.333],[7.189,46.332],[7.181,46.335],[7.185,46.341],[7.198,46.343],[7.206,46.341],[7.211,46.349],[7.222,46.35],[7.228,46.353],[7.237,46.352],[7.24,46.35],[7.237,46.347],[7.236,46.344],[7.237,46.342],[7.244,46.344],[7.25,46.349],[7.254,46.35],[7.257,46.355],[7.255,46.359],[7.257,46.363],[7.266,46.365],[7.27,46.368],[7.276,46.367],[7.279,46.364],[7.286,46.363],[7.293,46.364],[7.289,46.365],[7.289,46.367],[7.302,46.368],[7.303,46.369],[7.301,46.371],[7.303,46.373],[7.298,46.378],[7.299,46.38],[7.304,46.38],[7.306,46.384],[7.309,46.385],[7.312,46.383],[7.318,46.387],[7.326,46.387],[7.326,46.384],[7.321,46.382],[7.329,46.38],[7.331,46.374],[7.341,46.376],[7.344,46.382],[7.351,46.382],[7.352,46.38],[7.361,46.381],[7.365,46.384],[7.364,46.387],[7.365,46.389],[7.363,46.391],[7.372,46.396],[7.364,46.398],[7.357,46.397],[7.354,46.4],[7.36,46.402],[7.362,46.405],[7.38,46.407],[7.381,46.405],[7.38,46.402],[7.377,46.4],[7.383,46.394],[7.396,46.395],[7.419,46.402],[7.421,46.4],[7.404,46.393],[7.403,46.391],[7.409,46.389],[7.413,46.39],[7.419,46.386],[7.447,46.396],[7.455,46.397],[7.46,46.402],[7.461,46.407],[7.481,46.408],[7.484,46.407],[7.49,46.409],[7.503,46.416],[7.505,46.418],[7.504,46.42],[7.51,46.424],[7.517,46.424],[7.52,46.427],[7.528,46.429],[7.52,46.434],[7.513,46.434],[7.507,46.44],[7.494,46.443],[7.488,46.447],[7.496,46.45],[7.497,46.455],[7.5,46.449],[7.506,46.452],[7.507,46.45],[7.515,46.447],[7.52,46.447],[7.532,46.454],[7.54,46.455],[7.543,46.458],[7.548,46.452],[7.547,46.45],[7.549,46.449],[7.553,46.45],[7.551,46.452],[7.562,46.451],[7.574,46.454],[7.579,46.453],[7.591,46.461],[7.585,46.462],[7.581,46.465],[7.584,46.47],[7.582,46.472],[7.595,46.473],[7.601,46.477],[7.605,46.476],[7.605,46.479],[7.607,46.481],[7.606,46.483],[7.608,46.484],[7.611,46.483],[7.619,46.488],[7.616,46.492],[7.612,46.494],[7.618,46.496],[7.621,46.495],[7.622,46.492],[7.627,46.489],[7.645,46.488],[7.636,46.485],[7.63,46.485],[7.627,46.487],[7.625,46.483],[7.616,46.476],[7.614,46.472],[7.61,46.47],[7.606,46.465],[7.611,46.458],[7.608,46.458],[7.603,46.454],[7.606,46.452],[7.605,46.449],[7.602,46.447],[7.608,46.444],[7.611,46.447],[7.624,46.45],[7.626,46.447],[7.623,46.443],[7.623,46.44],[7.617,46.436],[7.621,46.431],[7.626,46.434],[7.619,46.436],[7.624,46.44],[7.627,46.437],[7.634,46.437],[7.637,46.44],[7.639,46.438],[7.644,46.437],[7.647,46.438],[7.645,46.445],[7.655,46.449],[7.652,46.454],[7.663,46.456],[7.666,46.453],[7.67,46.455],[7.673,46.454],[7.676,46.452],[7.679,46.446],[7.683,46.444],[7.682,46.447],[7.687,46.449],[7.686,46.452],[7.696,46.451],[7.698,46.449],[7.694,46.447],[7.696,46.446],[7.699,46.449],[7.705,46.445],[7.705,46.442],[7.71,46.44],[7.707,46.436],[7.712,46.433],[7.718,46.437],[7.722,46.437],[7.725,46.439],[7.738,46.439],[7.742,46.44],[7.747,46.445],[7.751,46.444],[7.754,46.448],[7.759,46.449],[7.759,46.451],[7.766,46.458],[7.765,46.46],[7.768,46.465],[7.764,46.467],[7.763,46.469],[7.764,46.472],[7.754,46.472],[7.748,46.469],[7.741,46.462],[7.73,46.46],[7.719,46.463],[7.718,46.467],[7.715,46.468],[7.709,46.467],[7.702,46.471],[7.689,46.47],[7.68,46.472],[7.686,46.476],[7.688,46.474],[7.694,46.474],[7.687,46.476],[7.684,46.483],[7.686,46.484],[7.692,46.481],[7.696,46.481],[7.699,46.483],[7.701,46.488],[7.709,46.49],[7.719,46.489],[7.722,46.491],[7.735,46.49],[7.75,46.496],[7.741,46.501],[7.739,46.508],[7.745,46.512],[7.739,46.514],[7.738,46.516],[7.732,46.516],[7.731,46.517],[7.733,46.519],[7.729,46.52],[7.726,46.519],[7.719,46.512],[7.713,46.514],[7.712,46.516],[7.703,46.515],[7.699,46.519],[7.706,46.523],[7.719,46.526],[7.721,46.528],[7.715,46.532],[7.718,46.535],[7.72,46.535],[7.723,46.532],[7.726,46.535],[7.745,46.54],[7.746,46.539],[7.742,46.535],[7.745,46.532],[7.751,46.536],[7.765,46.535],[7.766,46.532],[7.763,46.53],[7.764,46.527],[7.778,46.533],[7.779,46.528],[7.777,46.526],[7.777,46.523],[7.784,46.525],[7.79,46.521],[7.787,46.518],[7.787,46.516],[7.79,46.515],[7.792,46.517],[7.791,46.519],[7.797,46.521],[7.798,46.523],[7.795,46.528],[7.8,46.53],[7.801,46.532],[7.791,46.537],[7.797,46.54],[7.804,46.539],[7.794,46.548],[7.787,46.55],[7.787,46.553],[7.778,46.555],[7.772,46.559],[7.791,46.562],[7.797,46.565],[7.801,46.564],[7.81,46.574],[7.814,46.573],[7.814,46.575],[7.81,46.575],[7.81,46.579],[7.805,46.579],[7.805,46.582],[7.808,46.586],[7.801,46.589],[7.791,46.587],[7.78,46.582],[7.779,46.584],[7.784,46.588],[7.783,46.591],[7.78,46.593],[7.781,46.595],[7.798,46.596],[7.804,46.592],[7.807,46.593],[7.811,46.6],[7.808,46.604],[7.837,46.604],[7.84,46.61],[7.842,46.611],[7.843,46.618],[7.846,46.62],[7.847,46.624],[7.85,46.625],[7.858,46.622],[7.854,46.62],[7.85,46.613],[7.863,46.613],[7.863,46.611],[7.86,46.609],[7.856,46.61],[7.844,46.6],[7.844,46.597],[7.846,46.595],[7.838,46.584],[7.839,46.582],[7.84,46.581],[7.846,46.587],[7.853,46.589],[7.854,46.591],[7.866,46.595],[7.873,46.595],[7.87,46.593],[7.87,46.59],[7.866,46.59],[7.863,46.588],[7.866,46.584],[7.866,46.581],[7.869,46.582],[7.875,46.579],[7.874,46.577],[7.877,46.575],[7.876,46.572],[7.872,46.573],[7.868,46.57],[7.863,46.569],[7.859,46.563],[7.844,46.557],[7.846,46.555],[7.85,46.555],[7.86,46.55],[7.849,46.549],[7.843,46.553],[7.833,46.555],[7.836,46.55],[7.833,46.546],[7.833,46.543],[7.835,46.541],[7.828,46.537],[7.826,46.532],[7.822,46.528],[7.824,46.525],[7.829,46.523],[7.828,46.521],[7.83,46.52],[7.839,46.52],[7.843,46.522],[7.846,46.521],[7.852,46.527],[7.858,46.525],[7.859,46.528],[7.862,46.529],[7.865,46.525],[7.869,46.527],[7.875,46.527],[7.878,46.525],[7.875,46.525],[7.872,46.522],[7.863,46.519],[7.862,46.516],[7.859,46.514],[7.861,46.51],[7.86,46.507],[7.862,46.505],[7.869,46.509],[7.875,46.51],[7.882,46.51],[7.885,46.508],[7.898,46.508],[7.901,46.51],[7.908,46.51],[7.914,46.513],[7.915,46.514],[7.914,46.516],[7.917,46.521],[7.916,46.523],[7.924,46.523],[7.927,46.525],[7.931,46.534],[7.921,46.542],[7.925,46.55],[7.92,46.554],[7.921,46.559],[7.928,46.557],[7.937,46.559],[7.938,46.561],[7.941,46.562],[7.947,46.56],[7.961,46.561],[7.96,46.563],[7.961,46.568],[7.97,46.572],[7.97,46.574],[7.963,46.581],[7.964,46.586],[7.97,46.586],[7.974,46.584],[7.975,46.586],[7.98,46.586],[7.986,46.59],[8.008,46.594],[8.013,46.597],[8.026,46.598],[8.036,46.604],[8.039,46.604],[8.042,46.601],[8.042,46.598],[8.046,46.596],[8.041,46.59],[8.042,46.588],[8.045,46.589],[8.058,46.585],[8.058,46.581],[8.061,46.583],[8.06,46.585],[8.071,46.585],[8.078,46.588],[8.085,46.587],[8.088,46.589],[8.088,46.592],[8.085,46.596],[8.081,46.596],[8.078,46.599],[8.075,46.598],[8.073,46.601],[8.075,46.601],[8.076,46.603],[8.075,46.605],[8.068,46.605],[8.067,46.612],[8.061,46.612],[8.061,46.614],[8.062,46.617],[8.069,46.619],[8.075,46.624],[8.091,46.618],[8.095,46.618],[8.096,46.621],[8.104,46.623],[8.096,46.625],[8.093,46.632],[8.089,46.634],[8.098,46.644],[8.102,46.646],[8.098,46.65],[8.103,46.655],[8.095,46.661],[8.093,46.661],[8.094,46.666],[8.088,46.668],[8.086,46.671],[8.076,46.671],[8.063,46.666],[8.058,46.666],[8.057,46.668],[8.06,46.671],[8.059,46.672],[8.056,46.669],[8.057,46.664],[8.056,46.663],[8.05,46.665],[8.046,46.664],[8.043,46.666],[8.04,46.664],[8.04,46.662],[8.036,46.661],[8.035,46.659],[8.039,46.657],[8.033,46.656],[8.027,46.66],[8.004,46.664],[8.005,46.666],[8.004,46.667],[7.994,46.663],[7.987,46.663],[7.978,46.659],[7.971,46.662],[7.973,46.664],[7.971,46.666],[7.965,46.662],[7.958,46.662],[7.959,46.667],[7.955,46.666],[7.948,46.671],[7.953,46.676],[7.959,46.678],[7.961,46.682],[7.962,46.68],[7.965,46.679],[7.971,46.679],[7.981,46.682],[7.978,46.687],[7.981,46.687],[7.987,46.691],[7.986,46.693],[7.988,46.694],[7.998,46.694],[8.004,46.696],[8.01,46.693],[7.994,46.691],[7.996,46.689],[7.994,46.686],[7.997,46.685],[8.024,46.69],[8.032,46.686],[8.046,46.685],[8.048,46.686],[8.05,46.691],[8.039,46.695],[8.041,46.698],[8.048,46.702],[8.049,46.704],[8.045,46.707],[8.05,46.711],[8.053,46.711],[8.055,46.709],[8.056,46.705],[8.068,46.706],[8.079,46.71],[8.099,46.712],[8.102,46.711],[8.105,46.702],[8.109,46.707],[8.119,46.706],[8.128,46.709],[8.135,46.709],[8.15,46.701],[8.141,46.701],[8.138,46.703],[8.138,46.697],[8.128,46.692],[8.122,46.692],[8.122,46.696],[8.113,46.695],[8.112,46.693],[8.115,46.69],[8.111,46.686],[8.117,46.684],[8.113,46.681],[8.102,46.68],[8.1,46.682],[8.088,46.682],[8.092,46.681],[8.099,46.675],[8.096,46.673],[8.099,46.671],[8.096,46.666],[8.098,46.662],[8.105,46.662],[8.107,46.661],[8.106,46.659],[8.108,46.657],[8.118,46.655],[8.134,46.663],[8.136,46.668],[8.138,46.669],[8.149,46.668],[8.147,46.66],[8.151,46.661],[8.157,46.67],[8.163,46.67],[8.162,46.668],[8.164,46.664],[8.167,46.667],[8.17,46.666],[8.174,46.669],[8.176,46.668],[8.176,46.665],[8.172,46.663],[8.174,46.661],[8.173,46.659],[8.177,46.659],[8.187,46.655],[8.188,46.652],[8.185,46.65],[8.186,46.647],[8.19,46.646],[8.199,46.64],[8.206,46.639],[8.209,46.637],[8.224,46.636],[8.221,46.631],[8.222,46.629],[8.215,46.622],[8.215,46.62],[8.223,46.622],[8.225,46.625],[8.238,46.63],[8.245,46.631],[8.249,46.638],[8.238,46.647],[8.226,46.654],[8.225,46.658],[8.227,46.663],[8.226,46.668],[8.229,46.669],[8.231,46.665],[8.236,46.663],[8.236,46.661],[8.232,46.66],[8.258,46.658],[8.253,46.654],[8.252,46.651],[8.248,46.649],[8.248,46.646],[8.252,46.645],[8.258,46.647],[8.269,46.647],[8.272,46.644],[8.273,46.647],[8.276,46.647],[8.287,46.642],[8.281,46.633],[8.284,46.628],[8.29,46.626],[8.285,46.624],[8.278,46.624],[8.275,46.622],[8.275,46.617],[8.279,46.615],[8.272,46.608],[8.272,46.606],[8.274,46.604],[8.277,46.607],[8.287,46.61],[8.296,46.608],[8.291,46.606],[8.292,46.604],[8.297,46.602],[8.301,46.604],[8.301,46.601],[8.31,46.598],[8.311,46.59],[8.318,46.586],[8.321,46.579],[8.309,46.579],[8.287,46.574],[8.278,46.575],[8.277,46.574],[8.267,46.578],[8.244,46.577],[8.238,46.58],[8.225,46.575],[8.205,46.58],[8.194,46.58],[8.185,46.578],[8.189,46.576],[8.205,46.575],[8.22,46.568],[8.234,46.566],[8.232,46.564],[8.237,46.562],[8.245,46.561],[8.247,46.563],[8.257,46.563],[8.264,46.562],[8.272,46.557],[8.267,46.553],[8.259,46.555],[8.254,46.554],[8.244,46.548],[8.229,46.544],[8.231,46.543],[8.24,46.54],[8.247,46.54],[8.27,46.544],[8.276,46.548],[8.273,46.55],[8.273,46.552],[8.276,46.556],[8.283,46.557],[8.299,46.563],[8.303,46.563],[8.316,46.569],[8.329,46.567],[8.334,46.57],[8.342,46.572],[8.345,46.574],[8.346,46.579],[8.342,46.584],[8.339,46.585],[8.338,46.588],[8.342,46.59],[8.338,46.594],[8.341,46.599],[8.336,46.601],[8.337,46.606],[8.327,46.61],[8.333,46.614],[8.339,46.613],[8.341,46.615],[8.339,46.617],[8.349,46.619],[8.342,46.626],[8.336,46.627],[8.334,46.633],[8.335,46.635],[8.333,46.636],[8.332,46.633],[8.323,46.624],[8.321,46.626],[8.323,46.631],[8.321,46.633],[8.323,46.635],[8.319,46.637],[8.32,46.642],[8.318,46.644],[8.321,46.646],[8.319,46.649],[8.324,46.654],[8.323,46.658],[8.325,46.662],[8.321,46.664],[8.317,46.663],[8.314,46.666],[8.311,46.666],[8.311,46.671],[8.308,46.673],[8.304,46.673],[8.301,46.678],[8.305,46.68],[8.295,46.684],[8.292,46.681],[8.288,46.681],[8.287,46.685],[8.289,46.687],[8.287,46.689],[8.282,46.691],[8.272,46.69],[8.27,46.694],[8.266,46.696],[8.269,46.698],[8.278,46.698],[8.282,46.702],[8.285,46.7],[8.289,46.7],[8.287,46.703],[8.295,46.703],[8.302,46.707],[8.305,46.705],[8.308,46.708],[8.312,46.707],[8.315,46.71],[8.32,46.707],[8.319,46.705],[8.323,46.703],[8.322,46.7],[8.324,46.699],[8.331,46.699],[8.334,46.697],[8.344,46.698],[8.351,46.696],[8.347,46.691],[8.35,46.687],[8.352,46.687],[8.357,46.679],[8.361,46.68],[8.368,46.684],[8.369,46.689],[8.366,46.695],[8.366,46.7],[8.36,46.702],[8.357,46.705],[8.349,46.707],[8.34,46.716],[8.344,46.723],[8.347,46.725],[8.351,46.724],[8.354,46.725],[8.354,46.727],[8.358,46.729],[8.364,46.728],[8.384,46.73],[8.403,46.728],[8.41,46.73],[8.417,46.729],[8.429,46.733],[8.423,46.737],[8.417,46.736],[8.416,46.738],[8.406,46.74],[8.406,46.742],[8.404,46.743],[8.39,46.747],[8.403,46.751],[8.404,46.754],[8.418,46.762],[8.416,46.765],[8.407,46.769],[8.401,46.764],[8.397,46.765],[8.394,46.763],[8.391,46.764],[8.368,46.757],[8.355,46.756],[8.329,46.75],[8.309,46.741],[8.309,46.746],[8.316,46.751],[8.322,46.751],[8.323,46.752],[8.322,46.754],[8.328,46.761],[8.35,46.765],[8.344,46.77],[8.349,46.772],[8.362,46.771],[8.365,46.774],[8.371,46.776],[8.371,46.779],[8.368,46.78],[8.362,46.78],[8.346,46.784],[8.336,46.784],[8.326,46.779],[8.319,46.778],[8.314,46.772],[8.303,46.765],[8.299,46.764],[8.293,46.759],[8.289,46.758],[8.286,46.755],[8.273,46.752],[8.27,46.748],[8.265,46.746],[8.25,46.734],[8.247,46.735],[8.244,46.741],[8.251,46.748],[8.249,46.75],[8.255,46.755],[8.257,46.759],[8.253,46.759],[8.249,46.762],[8.244,46.763],[8.237,46.762],[8.234,46.76],[8.221,46.761],[8.221,46.763],[8.234,46.766],[8.235,46.768],[8.228,46.784],[8.236,46.786],[8.234,46.791],[8.241,46.791],[8.246,46.793],[8.249,46.795],[8.249,46.798],[8.251,46.798],[8.254,46.801],[8.257,46.801],[8.258,46.797],[8.254,46.795],[8.252,46.793],[8.251,46.788],[8.247,46.786],[8.248,46.784],[8.245,46.782],[8.245,46.78],[8.247,46.778],[8.254,46.78],[8.256,46.782],[8.272,46.784],[8.287,46.789],[8.287,46.786],[8.29,46.785],[8.293,46.787],[8.3,46.787],[8.302,46.788],[8.299,46.79],[8.302,46.793],[8.301,46.795],[8.311,46.797],[8.312,46.802],[8.314,46.804],[8.32,46.805],[8.325,46.808],[8.323,46.81],[8.32,46.809],[8.311,46.811],[8.312,46.813],[8.317,46.815],[8.315,46.817],[8.318,46.82],[8.318,46.822],[8.314,46.824],[8.32,46.826],[8.323,46.82],[8.326,46.818],[8.33,46.82],[8.333,46.819],[8.339,46.813],[8.346,46.814],[8.349,46.804],[8.356,46.808],[8.358,46.806],[8.355,46.803],[8.356,46.799],[8.365,46.794],[8.372,46.793],[8.375,46.79],[8.382,46.787],[8.385,46.792],[8.396,46.787],[8.405,46.785],[8.406,46.787],[8.401,46.792],[8.401,46.795],[8.408,46.794],[8.412,46.796],[8.414,46.799],[8.421,46.799],[8.422,46.794],[8.421,46.79],[8.43,46.794],[8.441,46.794],[8.443,46.792],[8.439,46.78],[8.44,46.779],[8.443,46.783],[8.454,46.783],[8.456,46.785],[8.463,46.786],[8.467,46.782],[8.47,46.782],[8.473,46.784],[8.48,46.785],[8.482,46.787],[8.481,46.789],[8.483,46.79],[8.49,46.79],[8.496,46.794],[8.506,46.795],[8.505,46.798],[8.511,46.8],[8.511,46.807],[8.509,46.809],[8.512,46.811],[8.516,46.818],[8.514,46.82],[8.516,46.827],[8.52,46.828],[8.523,46.826],[8.528,46.829],[8.527,46.833],[8.52,46.831],[8.517,46.834],[8.51,46.834],[8.507,46.832],[8.496,46.832],[8.495,46.827],[8.5,46.823],[8.497,46.819],[8.49,46.816],[8.487,46.812],[8.481,46.809],[8.47,46.807],[8.464,46.809],[8.464,46.812],[8.469,46.814],[8.471,46.818],[8.467,46.823],[8.464,46.825],[8.451,46.824],[8.449,46.825],[8.448,46.827],[8.453,46.834],[8.447,46.836],[8.45,46.839],[8.448,46.845],[8.438,46.85],[8.435,46.85],[8.437,46.852],[8.435,46.853],[8.425,46.849],[8.422,46.853],[8.419,46.853],[8.415,46.849],[8.412,46.85],[8.414,46.852],[8.414,46.855],[8.407,46.859],[8.41,46.862],[8.416,46.864],[8.413,46.866],[8.416,46.868],[8.419,46.864],[8.425,46.861],[8.426,46.864],[8.429,46.865],[8.439,46.867],[8.445,46.865],[8.447,46.868],[8.458,46.872],[8.452,46.875],[8.449,46.874],[8.447,46.877],[8.455,46.878],[8.459,46.881],[8.469,46.883],[8.472,46.885],[8.478,46.883],[8.473,46.881],[8.471,46.879],[8.472,46.878],[8.482,46.876],[8.485,46.874],[8.498,46.873],[8.5,46.87],[8.498,46.864],[8.501,46.862],[8.504,46.864],[8.508,46.863],[8.514,46.866],[8.527,46.867],[8.523,46.869],[8.523,46.874],[8.532,46.876],[8.534,46.878],[8.537,46.873],[8.545,46.872],[8.547,46.87],[8.55,46.872],[8.557,46.873],[8.568,46.878],[8.573,46.883],[8.571,46.885],[8.576,46.885],[8.577,46.882],[8.575,46.878],[8.576,46.876],[8.57,46.872],[8.567,46.873],[8.56,46.869],[8.558,46.862],[8.555,46.858],[8.556,46.853],[8.553,46.851],[8.553,46.849],[8.55,46.846],[8.545,46.845],[8.54,46.84],[8.536,46.84],[8.537,46.839],[8.546,46.84],[8.55,46.843],[8.556,46.841],[8.558,46.835],[8.556,46.831],[8.559,46.828],[8.572,46.828],[8.579,46.832],[8.586,46.833],[8.591,46.828],[8.579,46.823],[8.566,46.82],[8.559,46.821],[8.554,46.817],[8.543,46.815],[8.54,46.811],[8.545,46.806],[8.542,46.802],[8.546,46.801],[8.55,46.797],[8.556,46.797],[8.56,46.799],[8.557,46.802],[8.563,46.802],[8.565,46.796],[8.572,46.794],[8.581,46.797],[8.582,46.802],[8.587,46.799],[8.582,46.797],[8.585,46.795],[8.591,46.8],[8.608,46.796],[8.607,46.799],[8.611,46.8],[8.614,46.797],[8.614,46.794],[8.601,46.793],[8.598,46.792],[8.598,46.788],[8.594,46.787],[8.591,46.789],[8.586,46.786],[8.583,46.783],[8.584,46.782],[8.601,46.783],[8.607,46.781],[8.608,46.779],[8.601,46.776],[8.591,46.776],[8.589,46.774],[8.591,46.771],[8.587,46.77],[8.588,46.768],[8.584,46.764],[8.582,46.765],[8.581,46.769],[8.578,46.766],[8.574,46.766],[8.571,46.768],[8.568,46.766],[8.562,46.77],[8.558,46.769],[8.555,46.77],[8.552,46.766],[8.553,46.763],[8.556,46.761],[8.555,46.759],[8.551,46.761],[8.548,46.759],[8.564,46.75],[8.576,46.748],[8.577,46.745],[8.574,46.743],[8.574,46.741],[8.567,46.742],[8.564,46.744],[8.551,46.743],[8.548,46.745],[8.544,46.745],[8.543,46.748],[8.545,46.753],[8.541,46.752],[8.538,46.749],[8.528,46.75],[8.532,46.754],[8.535,46.753],[8.535,46.755],[8.525,46.757],[8.522,46.753],[8.519,46.757],[8.512,46.76],[8.511,46.762],[8.512,46.766],[8.502,46.768],[8.492,46.766],[8.493,46.762],[8.499,46.757],[8.496,46.755],[8.496,46.751],[8.492,46.752],[8.482,46.75],[8.473,46.754],[8.467,46.751],[8.466,46.749],[8.46,46.749],[8.459,46.744],[8.455,46.74],[8.456,46.734],[8.459,46.737],[8.472,46.743],[8.485,46.741],[8.495,46.736],[8.502,46.736],[8.518,46.727],[8.528,46.727],[8.533,46.723],[8.527,46.721],[8.527,46.716],[8.531,46.715],[8.537,46.71],[8.544,46.708],[8.55,46.708],[8.551,46.71],[8.563,46.709],[8.57,46.705],[8.563,46.703],[8.56,46.705],[8.556,46.703],[8.556,46.696],[8.549,46.694],[8.547,46.692],[8.55,46.689],[8.567,46.689],[8.566,46.686],[8.556,46.686],[8.55,46.684],[8.537,46.685],[8.527,46.68],[8.524,46.684],[8.514,46.682],[8.51,46.683],[8.502,46.69],[8.493,46.692],[8.495,46.69],[8.492,46.688],[8.493,46.685],[8.499,46.676],[8.497,46.674],[8.498,46.672],[8.51,46.669],[8.512,46.667],[8.511,46.665],[8.5,46.665],[8.494,46.661],[8.483,46.658],[8.477,46.658],[8.451,46.669],[8.444,46.67],[8.446,46.668],[8.445,46.666],[8.44,46.663],[8.445,46.659],[8.448,46.659],[8.45,46.656],[8.458,46.653],[8.462,46.647],[8.457,46.645],[8.457,46.642],[8.461,46.641],[8.474,46.644],[8.478,46.643],[8.483,46.64],[8.493,46.642],[8.497,46.641],[8.506,46.644],[8.513,46.644],[8.516,46.646],[8.526,46.645],[8.533,46.648],[8.536,46.647],[8.536,46.649],[8.564,46.649],[8.556,46.644],[8.549,46.643],[8.549,46.639],[8.546,46.638],[8.539,46.631],[8.532,46.631],[8.529,46.635],[8.526,46.631],[8.523,46.631],[8.519,46.634],[8.516,46.631],[8.513,46.632],[8.508,46.629],[8.513,46.627],[8.513,46.624],[8.509,46.625],[8.501,46.622],[8.501,46.625],[8.498,46.625],[8.499,46.62],[8.493,46.616],[8.473,46.621],[8.473,46.618],[8.487,46.607],[8.486,46.606],[8.473,46.597],[8.47,46.598],[8.463,46.595],[8.453,46.596],[8.447,46.594],[8.445,46.591],[8.438,46.587],[8.443,46.586],[8.464,46.587],[8.469,46.582],[8.478,46.58],[8.482,46.577],[8.466,46.567],[8.454,46.562],[8.463,46.56],[8.485,46.569],[8.489,46.568],[8.492,46.563],[8.494,46.564],[8.495,46.568],[8.5,46.564],[8.502,46.56],[8.505,46.559],[8.506,46.562],[8.503,46.566],[8.505,46.567],[8.506,46.571],[8.504,46.573],[8.507,46.584],[8.518,46.595],[8.522,46.595],[8.541,46.602],[8.548,46.603],[8.551,46.602],[8.55,46.597],[8.547,46.595],[8.549,46.593],[8.551,46.586],[8.551,46.575],[8.547,46.574],[8.544,46.576],[8.544,46.574],[8.547,46.572],[8.546,46.57],[8.55,46.568],[8.544,46.568],[8.537,46.565],[8.534,46.562],[8.531,46.564],[8.527,46.561],[8.531,46.563],[8.537,46.56],[8.549,46.563],[8.549,46.566],[8.551,46.568],[8.554,46.567],[8.557,46.57],[8.565,46.572],[8.566,46.579],[8.568,46.581],[8.567,46.586],[8.569,46.59],[8.571,46.591],[8.577,46.588],[8.587,46.587],[8.591,46.59],[8.592,46.594],[8.579,46.601],[8.58,46.604],[8.584,46.604],[8.585,46.606],[8.582,46.61],[8.582,46.613],[8.584,46.615],[8.597,46.61],[8.598,46.612],[8.597,46.615],[8.607,46.618],[8.608,46.619],[8.604,46.621],[8.611,46.624],[8.624,46.621],[8.627,46.619],[8.626,46.617],[8.627,46.615],[8.633,46.614],[8.634,46.61],[8.64,46.609],[8.649,46.603],[8.65,46.596],[8.645,46.594],[8.646,46.592],[8.652,46.593],[8.656,46.596],[8.665,46.595],[8.672,46.6],[8.663,46.609],[8.664,46.612],[8.665,46.614],[8.675,46.618],[8.669,46.619],[8.663,46.617],[8.661,46.623],[8.656,46.625],[8.656,46.628],[8.653,46.627],[8.649,46.63],[8.652,46.632],[8.652,46.634],[8.645,46.634],[8.645,46.637],[8.638,46.643],[8.64,46.648],[8.65,46.652],[8.651,46.655],[8.656,46.657],[8.656,46.659],[8.664,46.66],[8.67,46.656],[8.671,46.654],[8.665,46.645],[8.667,46.641],[8.675,46.636],[8.673,46.632],[8.681,46.625],[8.678,46.623],[8.682,46.619],[8.685,46.617],[8.696,46.623],[8.702,46.625],[8.705,46.624],[8.707,46.613],[8.71,46.609],[8.708,46.604],[8.714,46.598],[8.721,46.602],[8.724,46.599],[8.726,46.604],[8.724,46.609],[8.732,46.613],[8.726,46.62],[8.727,46.627],[8.731,46.628],[8.738,46.625],[8.748,46.626],[8.749,46.624],[8.748,46.622],[8.744,46.62],[8.745,46.615],[8.738,46.613],[8.746,46.611],[8.745,46.604],[8.747,46.601],[8.75,46.606],[8.754,46.609],[8.757,46.609],[8.764,46.615],[8.764,46.617],[8.77,46.624],[8.78,46.631],[8.781,46.634],[8.777,46.634],[8.777,46.636],[8.783,46.637],[8.783,46.64],[8.787,46.643],[8.79,46.64],[8.794,46.642],[8.794,46.644],[8.8,46.642],[8.804,46.643],[8.81,46.641],[8.811,46.639],[8.805,46.637],[8.806,46.633],[8.794,46.626],[8.793,46.624],[8.8,46.627],[8.804,46.626],[8.803,46.621],[8.799,46.617],[8.804,46.612],[8.799,46.608],[8.789,46.604],[8.788,46.601],[8.791,46.597],[8.79,46.592],[8.779,46.592],[8.776,46.59],[8.766,46.591],[8.764,46.588],[8.766,46.584],[8.769,46.584],[8.772,46.581],[8.782,46.579],[8.776,46.578],[8.769,46.57],[8.742,46.57],[8.742,46.568],[8.75,46.568],[8.756,46.565],[8.766,46.567],[8.768,46.566],[8.769,46.563],[8.756,46.557],[8.753,46.554],[8.743,46.553],[8.736,46.556],[8.726,46.556],[8.717,46.561],[8.7,46.56],[8.687,46.563],[8.681,46.555],[8.672,46.555],[8.678,46.549],[8.671,46.548],[8.665,46.553],[8.667,46.558],[8.681,46.566],[8.683,46.569],[8.681,46.574],[8.675,46.576],[8.671,46.571],[8.662,46.571],[8.648,46.566],[8.635,46.565],[8.632,46.56],[8.625,46.56],[8.616,46.555],[8.612,46.556],[8.613,46.554],[8.609,46.551],[8.599,46.55],[8.589,46.556],[8.591,46.558],[8.591,46.561],[8.58,46.56],[8.567,46.564],[8.565,46.563],[8.565,46.559],[8.567,46.556],[8.56,46.553],[8.556,46.548],[8.563,46.542],[8.56,46.542],[8.555,46.536],[8.553,46.535],[8.55,46.536],[8.548,46.539],[8.537,46.538],[8.534,46.535],[8.53,46.535],[8.524,46.527],[8.517,46.531],[8.514,46.531],[8.51,46.528],[8.51,46.523],[8.508,46.521],[8.504,46.522],[8.494,46.52],[8.494,46.524],[8.49,46.521],[8.491,46.518],[8.495,46.517],[8.494,46.513],[8.488,46.515],[8.479,46.51],[8.471,46.503],[8.465,46.502],[8.461,46.499],[8.451,46.499],[8.448,46.495],[8.451,46.492],[8.451,46.49],[8.447,46.488],[8.443,46.483],[8.438,46.481],[8.412,46.482],[8.405,46.479],[8.406,46.477],[8.411,46.475],[8.441,46.471],[8.451,46.471],[8.471,46.477],[8.477,46.474],[8.48,46.477],[8.484,46.478],[8.484,46.481],[8.486,46.483],[8.49,46.484],[8.493,46.482],[8.497,46.482],[8.5,46.485],[8.506,46.481],[8.51,46.48],[8.513,46.481],[8.516,46.483],[8.516,46.485],[8.511,46.49],[8.512,46.492],[8.517,46.494],[8.52,46.492],[8.523,46.493],[8.526,46.492],[8.53,46.494],[8.527,46.496],[8.53,46.498],[8.536,46.496],[8.536,46.494],[8.542,46.489],[8.546,46.492],[8.553,46.489],[8.555,46.484],[8.556,46.493],[8.554,46.496],[8.556,46.499],[8.575,46.499],[8.578,46.5],[8.577,46.505],[8.585,46.504],[8.592,46.506],[8.596,46.504],[8.601,46.504],[8.611,46.506],[8.614,46.504],[8.611,46.502],[8.607,46.502],[8.608,46.5],[8.605,46.499],[8.598,46.499],[8.596,46.498],[8.596,46.495],[8.592,46.495],[8.593,46.498],[8.591,46.498],[8.591,46.495],[8.585,46.494],[8.578,46.496],[8.576,46.493],[8.579,46.491],[8.578,46.49],[8.569,46.493],[8.568,46.489],[8.572,46.49],[8.573,46.487],[8.578,46.485],[8.579,46.487],[8.582,46.488],[8.588,46.486],[8.594,46.481],[8.606,46.482],[8.604,46.475],[8.61,46.473],[8.617,46.474],[8.619,46.47],[8.617,46.468],[8.623,46.458],[8.63,46.461],[8.632,46.459],[8.633,46.452],[8.626,46.452],[8.62,46.448],[8.623,46.445],[8.626,46.445],[8.627,46.443],[8.626,46.441],[8.627,46.439],[8.623,46.435],[8.622,46.437],[8.616,46.437],[8.614,46.441],[8.613,46.444],[8.617,46.45],[8.594,46.467],[8.581,46.468],[8.575,46.47],[8.565,46.469],[8.561,46.467],[8.562,46.466],[8.565,46.468],[8.571,46.467],[8.583,46.462],[8.577,46.46],[8.576,46.457],[8.57,46.453],[8.569,46.448],[8.574,46.446],[8.581,46.447],[8.583,46.446],[8.581,46.441],[8.564,46.437],[8.563,46.433],[8.568,46.43],[8.57,46.426],[8.575,46.426],[8.578,46.424],[8.578,46.421],[8.57,46.419],[8.564,46.415],[8.567,46.412],[8.56,46.41],[8.557,46.419],[8.553,46.422],[8.538,46.426],[8.543,46.431],[8.541,46.434],[8.523,46.44],[8.53,46.442],[8.529,46.444],[8.535,46.446],[8.536,46.449],[8.522,46.456],[8.523,46.458],[8.52,46.46],[8.517,46.46],[8.512,46.458],[8.511,46.456],[8.515,46.453],[8.509,46.452],[8.505,46.449],[8.506,46.44],[8.499,46.439],[8.496,46.436],[8.496,46.433],[8.499,46.432],[8.509,46.432],[8.509,46.429],[8.505,46.427],[8.497,46.415],[8.488,46.411],[8.486,46.408],[8.482,46.409],[8.479,46.407],[8.482,46.404],[8.489,46.405],[8.489,46.402],[8.482,46.395],[8.48,46.398],[8.476,46.398],[8.469,46.395],[8.468,46.398],[8.464,46.4],[8.464,46.409],[8.468,46.411],[8.458,46.423],[8.458,46.427],[8.456,46.429],[8.455,46.434],[8.456,46.438],[8.462,46.447],[8.46,46.451],[8.448,46.462],[8.444,46.464],[8.435,46.464],[8.431,46.462],[8.418,46.462],[8.415,46.46],[8.405,46.46],[8.399,46.455],[8.389,46.451],[8.366,46.451],[8.353,46.442],[8.346,46.44],[8.33,46.429],[8.327,46.429],[8.323,46.426],[8.319,46.426],[8.317,46.424],[8.306,46.424],[8.302,46.422],[8.302,46.419],[8.295,46.415],[8.296,46.413],[8.293,46.41],[8.293,46.408],[8.3,46.407],[8.303,46.408],[8.312,46.403],[8.312,46.399],[8.315,46.397],[8.314,46.381],[8.306,46.375],[8.293,46.371],[8.283,46.364],[8.277,46.364],[8.275,46.366],[8.266,46.366],[8.26,46.362],[8.259,46.354],[8.263,46.352],[8.263,46.348],[8.26,46.346],[8.251,46.346],[8.25,46.343],[8.244,46.34],[8.234,46.339],[8.231,46.34],[8.227,46.337],[8.227,46.334],[8.22,46.33],[8.22,46.325],[8.213,46.317],[8.213,46.31],[8.211,46.308],[8.195,46.304],[8.191,46.301],[8.165,46.295],[8.162,46.295],[8.161,46.297],[8.152,46.297],[8.149,46.3],[8.136,46.302],[8.13,46.297],[8.122,46.295],[8.122,46.292],[8.119,46.29],[8.119,46.288],[8.113,46.283],[8.079,46.263],[8.079,46.261],[8.087,46.256],[8.097,46.256],[8.102,46.252],[8.106,46.252],[8.109,46.25],[8.109,46.247],[8.112,46.245],[8.112,46.241],[8.115,46.238],[8.125,46.232],[8.127,46.229],[8.14,46.225],[8.138,46.221],[8.135,46.219],[8.129,46.221],[8.126,46.219],[8.122,46.22],[8.121,46.225],[8.119,46.226],[8.113,46.223],[8.09,46.225],[8.087,46.223],[8.086,46.218],[8.088,46.214],[8.094,46.209],[8.093,46.206],[8.086,46.208],[8.083,46.206],[8.075,46.209],[8.074,46.212],[8.076,46.216],[8.074,46.217],[8.07,46.216],[8.067,46.213],[8.064,46.214],[8.059,46.225],[8.062,46.232],[8.061,46.234],[8.058,46.231],[8.051,46.23],[8.038,46.235],[8.032,46.235],[8.029,46.241],[8.038,46.244],[8.04,46.246],[8.04,46.25],[8.042,46.251],[8.048,46.249],[8.058,46.254],[8.061,46.253],[8.061,46.259],[8.058,46.263],[8.05,46.266],[8.05,46.27],[8.052,46.272],[8.058,46.272],[8.061,46.275],[8.068,46.274],[8.069,46.275],[8.066,46.284],[8.068,46.285],[8.07,46.284],[8.071,46.28],[8.073,46.284],[8.081,46.287],[8.087,46.283],[8.091,46.283],[8.093,46.286],[8.094,46.295],[8.09,46.297],[8.09,46.299],[8.103,46.308],[8.101,46.311],[8.084,46.305],[8.078,46.306],[8.077,46.308],[8.082,46.313],[8.085,46.314],[8.085,46.317],[8.068,46.318],[8.065,46.319],[8.062,46.323],[8.057,46.324],[8.058,46.326],[8.059,46.327],[8.065,46.325],[8.072,46.327],[8.073,46.335],[8.075,46.338],[8.082,46.336],[8.087,46.338],[8.089,46.342],[8.087,46.347],[8.093,46.346],[8.098,46.349],[8.098,46.351],[8.104,46.348],[8.109,46.349],[8.111,46.347],[8.117,46.346],[8.12,46.349],[8.121,46.353],[8.124,46.355],[8.125,46.36],[8.132,46.36],[8.137,46.362],[8.144,46.36],[8.143,46.357],[8.15,46.356],[8.152,46.355],[8.152,46.353],[8.14,46.352],[8.137,46.353],[8.134,46.346],[8.128,46.342],[8.125,46.337],[8.12,46.336],[8.117,46.333],[8.118,46.328],[8.143,46.334],[8.146,46.337],[8.153,46.34],[8.158,46.337],[8.15,46.329],[8.146,46.327],[8.146,46.324],[8.159,46.329],[8.163,46.327],[8.169,46.328],[8.172,46.327],[8.179,46.334],[8.183,46.328],[8.182,46.323],[8.185,46.325],[8.195,46.324],[8.2,46.326],[8.202,46.328],[8.195,46.336],[8.195,46.338],[8.198,46.34],[8.206,46.341],[8.209,46.344],[8.194,46.348],[8.195,46.353],[8.199,46.356],[8.202,46.355],[8.208,46.358],[8.212,46.357],[8.215,46.353],[8.22,46.35],[8.222,46.35],[8.225,46.353],[8.229,46.352],[8.227,46.355],[8.223,46.357],[8.232,46.361],[8.23,46.364],[8.234,46.368],[8.244,46.372],[8.251,46.371],[8.26,46.375],[8.261,46.378],[8.264,46.377],[8.274,46.381],[8.276,46.384],[8.275,46.386],[8.267,46.389],[8.264,46.384],[8.238,46.387],[8.232,46.384],[8.228,46.384],[8.226,46.386],[8.236,46.393],[8.232,46.395],[8.212,46.388],[8.206,46.388],[8.186,46.383],[8.183,46.384],[8.181,46.386],[8.183,46.388],[8.193,46.388],[8.194,46.391],[8.21,46.395],[8.225,46.404],[8.232,46.406],[8.237,46.411],[8.236,46.413],[8.238,46.415],[8.235,46.416],[8.199,46.404],[8.191,46.404],[8.19,46.407],[8.193,46.411],[8.196,46.41],[8.199,46.413],[8.199,46.416],[8.209,46.415],[8.211,46.42],[8.213,46.421],[8.222,46.42],[8.221,46.424],[8.226,46.429],[8.232,46.426],[8.233,46.429],[8.23,46.431],[8.232,46.437],[8.235,46.436],[8.235,46.433],[8.239,46.434],[8.245,46.432],[8.251,46.44],[8.249,46.443],[8.245,46.444],[8.249,46.446],[8.252,46.446],[8.254,46.444],[8.253,46.44],[8.255,46.439],[8.258,46.441],[8.26,46.44],[8.262,46.433],[8.265,46.43],[8.272,46.429],[8.275,46.426],[8.291,46.422],[8.294,46.423],[8.294,46.428],[8.291,46.431],[8.298,46.437],[8.293,46.44],[8.291,46.444],[8.287,46.444],[8.279,46.451],[8.278,46.454],[8.283,46.455],[8.285,46.457],[8.284,46.464],[8.281,46.467],[8.281,46.469],[8.284,46.469],[8.288,46.464],[8.291,46.464],[8.295,46.459],[8.301,46.459],[8.305,46.458],[8.307,46.455],[8.311,46.455],[8.309,46.462],[8.311,46.464],[8.311,46.467],[8.302,46.473],[8.3,46.476],[8.305,46.481],[8.308,46.482],[8.315,46.48],[8.322,46.489],[8.321,46.492],[8.328,46.49],[8.331,46.487],[8.334,46.488],[8.337,46.493],[8.347,46.49],[8.349,46.489],[8.35,46.485],[8.354,46.484],[8.364,46.477],[8.36,46.475],[8.353,46.477],[8.344,46.474],[8.339,46.469],[8.34,46.468],[8.344,46.468],[8.347,46.471],[8.353,46.473],[8.357,46.472],[8.36,46.474],[8.362,46.468],[8.364,46.468],[8.379,46.475],[8.377,46.477],[8.375,46.488],[8.37,46.493],[8.373,46.498],[8.37,46.501],[8.357,46.502],[8.346,46.509],[8.354,46.51],[8.355,46.511],[8.354,46.516],[8.357,46.516],[8.361,46.52],[8.367,46.521],[8.393,46.512],[8.396,46.513],[8.403,46.507],[8.404,46.511],[8.4,46.515],[8.403,46.517],[8.409,46.515],[8.409,46.512],[8.413,46.512],[8.422,46.508],[8.426,46.511],[8.429,46.511],[8.44,46.519],[8.44,46.522],[8.438,46.522],[8.428,46.517],[8.426,46.52],[8.427,46.522],[8.422,46.524],[8.428,46.531],[8.423,46.529],[8.421,46.531],[8.422,46.535],[8.42,46.536],[8.417,46.533],[8.41,46.531],[8.4,46.534],[8.397,46.537],[8.394,46.546],[8.381,46.544],[8.38,46.545],[8.382,46.549],[8.381,46.551],[8.379,46.551],[8.384,46.555],[8.384,46.559],[8.371,46.557],[8.363,46.561],[8.368,46.561],[8.373,46.565],[8.384,46.566],[8.391,46.571],[8.397,46.571],[8.4,46.569],[8.404,46.571],[8.407,46.57],[8.409,46.574],[8.401,46.577],[8.371,46.581],[8.369,46.578],[8.362,46.576],[8.348,46.568],[8.346,46.563],[8.349,46.554],[8.345,46.55],[8.338,46.55],[8.332,46.547],[8.325,46.548],[8.322,46.546],[8.315,46.545],[8.315,46.541],[8.319,46.539],[8.319,46.537],[8.302,46.542],[8.297,46.539],[8.296,46.536],[8.297,46.534],[8.305,46.533],[8.307,46.532],[8.307,46.529],[8.302,46.528],[8.296,46.529],[8.286,46.533],[8.281,46.53],[8.283,46.527],[8.276,46.527],[8.274,46.525],[8.273,46.523],[8.276,46.518],[8.269,46.518],[8.263,46.522],[8.26,46.522],[8.257,46.521],[8.256,46.518],[8.253,46.521],[8.251,46.519],[8.261,46.51],[8.259,46.508],[8.253,46.511],[8.243,46.522],[8.237,46.524],[8.227,46.523],[8.224,46.519],[8.227,46.517],[8.228,46.512],[8.236,46.503],[8.234,46.501],[8.237,46.5],[8.239,46.496],[8.236,46.495],[8.233,46.496],[8.231,46.492],[8.227,46.49],[8.223,46.491],[8.214,46.5],[8.207,46.501],[8.211,46.499],[8.21,46.496],[8.207,46.496],[8.206,46.494],[8.207,46.49],[8.206,46.487],[8.212,46.483],[8.207,46.48],[8.196,46.485],[8.191,46.489],[8.178,46.488],[8.18,46.483],[8.189,46.474],[8.185,46.472],[8.187,46.468],[8.19,46.467],[8.184,46.467],[8.177,46.464],[8.173,46.465],[8.168,46.463],[8.171,46.461],[8.17,46.456],[8.174,46.454],[8.164,46.449],[8.158,46.454],[8.155,46.459],[8.151,46.46],[8.147,46.465],[8.138,46.467],[8.142,46.469],[8.148,46.468],[8.151,46.474],[8.148,46.478],[8.145,46.477],[8.143,46.481],[8.145,46.483],[8.142,46.489],[8.137,46.486],[8.135,46.479],[8.126,46.476],[8.119,46.477],[8.116,46.472],[8.117,46.47],[8.115,46.466],[8.116,46.463],[8.121,46.459],[8.115,46.456],[8.114,46.45],[8.119,46.448],[8.119,46.445],[8.105,46.434],[8.11,46.432],[8.109,46.43],[8.102,46.427],[8.101,46.425],[8.104,46.423],[8.102,46.421],[8.096,46.42],[8.089,46.414],[8.085,46.414],[8.087,46.421],[8.086,46.423],[8.082,46.421],[8.08,46.416],[8.073,46.409],[8.07,46.41],[8.069,46.412],[8.069,46.415],[8.073,46.416],[8.074,46.419],[8.075,46.425],[8.073,46.428],[8.083,46.434],[8.086,46.434],[8.086,46.439],[8.08,46.437],[8.077,46.434],[8.073,46.435],[8.066,46.434],[8.06,46.436],[8.068,46.443],[8.067,46.453],[8.06,46.45],[8.054,46.45],[8.045,46.452],[8.037,46.457],[8.048,46.446],[8.048,46.443],[8.051,46.441],[8.051,46.439],[8.04,46.431],[8.041,46.428],[8.034,46.423],[8.033,46.421],[8.034,46.418],[8.03,46.416],[8.027,46.415],[8.017,46.42],[8.014,46.419],[8.011,46.414],[8.008,46.416],[8.004,46.416],[8.004,46.419],[7.995,46.422],[7.988,46.422],[7.982,46.426],[7.974,46.426],[7.978,46.422],[7.992,46.417],[7.996,46.41],[7.995,46.408],[7.988,46.406],[7.986,46.403],[7.988,46.395],[7.985,46.39],[7.985,46.386],[7.978,46.385],[7.972,46.381],[7.972,46.379],[7.966,46.383],[7.965,46.387],[7.961,46.392],[7.955,46.392],[7.953,46.388],[7.954,46.381],[7.947,46.376],[7.948,46.374],[7.945,46.372],[7.941,46.374],[7.942,46.376],[7.944,46.376],[7.94,46.379],[7.942,46.381],[7.936,46.387],[7.933,46.388],[7.934,46.39],[7.933,46.392],[7.923,46.393],[7.922,46.395],[7.916,46.395],[7.912,46.397],[7.913,46.395],[7.91,46.393],[7.91,46.391],[7.913,46.393],[7.913,46.388],[7.916,46.386],[7.916,46.383],[7.912,46.377],[7.913,46.374],[7.918,46.372],[7.911,46.368],[7.912,46.365],[7.92,46.363],[7.915,46.359],[7.918,46.356],[7.914,46.354],[7.918,46.347],[7.916,46.344],[7.909,46.347],[7.912,46.35],[7.91,46.356],[7.906,46.357],[7.899,46.363],[7.894,46.365],[7.894,46.37],[7.891,46.372],[7.893,46.374],[7.893,46.377],[7.889,46.379],[7.887,46.383],[7.884,46.38],[7.877,46.382],[7.871,46.376],[7.862,46.375],[7.866,46.372],[7.861,46.371],[7.858,46.373],[7.857,46.372],[7.86,46.37],[7.86,46.366],[7.854,46.362],[7.849,46.366],[7.841,46.369],[7.84,46.372],[7.835,46.374],[7.832,46.374],[7.828,46.37],[7.822,46.368],[7.823,46.366],[7.819,46.365],[7.812,46.359],[7.808,46.359],[7.802,46.362],[7.799,46.361],[7.796,46.37],[7.791,46.366],[7.792,46.361],[7.795,46.357],[7.793,46.353],[7.789,46.353],[7.786,46.357],[7.779,46.361],[7.785,46.364],[7.787,46.37],[7.775,46.373],[7.775,46.382],[7.78,46.381],[7.792,46.388],[7.793,46.391],[7.799,46.39],[7.809,46.395],[7.812,46.397],[7.811,46.402],[7.812,46.403],[7.819,46.401],[7.823,46.404],[7.823,46.406],[7.833,46.408],[7.83,46.413],[7.835,46.416],[7.842,46.416],[7.844,46.42],[7.852,46.424],[7.861,46.427],[7.865,46.426],[7.866,46.429],[7.868,46.43],[7.874,46.431],[7.875,46.433],[7.887,46.437],[7.89,46.44],[7.899,46.442],[7.904,46.448],[7.911,46.453],[7.905,46.455],[7.904,46.458],[7.902,46.455],[7.903,46.453],[7.901,46.451],[7.897,46.453],[7.894,46.452],[7.891,46.456],[7.888,46.454],[7.878,46.455],[7.871,46.451],[7.865,46.452],[7.862,46.46],[7.852,46.445],[7.844,46.449],[7.842,46.452],[7.84,46.451],[7.841,46.449],[7.839,46.448],[7.832,46.451],[7.829,46.449],[7.834,46.444],[7.836,46.444],[7.836,46.44],[7.832,46.441],[7.822,46.437],[7.816,46.444],[7.806,46.446],[7.803,46.44],[7.808,46.435],[7.808,46.433],[7.803,46.43],[7.793,46.426],[7.791,46.431],[7.789,46.431],[7.787,46.427],[7.783,46.425],[7.78,46.427],[7.777,46.425],[7.774,46.426],[7.77,46.424],[7.77,46.422],[7.763,46.42],[7.761,46.416],[7.754,46.417],[7.751,46.412],[7.744,46.413],[7.741,46.411],[7.738,46.413],[7.731,46.404],[7.738,46.402],[7.737,46.4],[7.731,46.397],[7.728,46.391],[7.734,46.39],[7.736,46.388],[7.727,46.384],[7.729,46.382],[7.718,46.375],[7.721,46.374],[7.731,46.378],[7.734,46.377],[7.735,46.375],[7.732,46.368],[7.735,46.364],[7.735,46.361],[7.728,46.349],[7.724,46.35],[7.715,46.346],[7.705,46.345],[7.702,46.348],[7.692,46.349],[7.69,46.353],[7.699,46.36],[7.699,46.362],[7.692,46.366],[7.69,46.366],[7.689,46.364],[7.686,46.365],[7.682,46.359],[7.676,46.356],[7.672,46.351],[7.666,46.351],[7.663,46.359],[7.671,46.366],[7.669,46.37],[7.666,46.364],[7.656,46.366],[7.655,46.371],[7.647,46.373],[7.646,46.375],[7.656,46.382],[7.66,46.383],[7.664,46.382],[7.662,46.384],[7.668,46.386],[7.669,46.391],[7.666,46.395],[7.667,46.4],[7.676,46.405],[7.681,46.411],[7.679,46.412],[7.666,46.408],[7.66,46.409],[7.656,46.407],[7.65,46.407],[7.648,46.404],[7.637,46.404],[7.63,46.402],[7.627,46.403],[7.608,46.396],[7.606,46.391],[7.607,46.386],[7.605,46.384],[7.601,46.385],[7.601,46.382],[7.597,46.38],[7.596,46.375],[7.589,46.373],[7.586,46.369],[7.586,46.366],[7.592,46.362],[7.59,46.36],[7.59,46.353],[7.588,46.351],[7.582,46.351],[7.575,46.348],[7.573,46.351],[7.576,46.353],[7.572,46.352],[7.559,46.357],[7.536,46.359],[7.531,46.362],[7.53,46.366],[7.526,46.363],[7.524,46.357],[7.53,46.35],[7.513,46.346],[7.507,46.35],[7.504,46.35],[7.5,46.354],[7.497,46.348],[7.501,46.344],[7.497,46.343],[7.494,46.345],[7.483,46.342],[7.478,46.337],[7.481,46.335],[7.481,46.332],[7.473,46.335],[7.483,46.351],[7.478,46.358],[7.468,46.357],[7.465,46.353],[7.461,46.353],[7.452,46.358],[7.432,46.364],[7.426,46.365],[7.419,46.363],[7.409,46.365],[7.406,46.364],[7.406,46.36],[7.408,46.357],[7.413,46.352],[7.422,46.349],[7.426,46.346],[7.422,46.344],[7.413,46.348],[7.406,46.347],[7.4,46.342],[7.399,46.339],[7.4,46.337],[7.406,46.337],[7.409,46.341],[7.413,46.341],[7.415,46.339],[7.414,46.335],[7.418,46.33],[7.41,46.328],[7.411,46.326],[7.404,46.324],[7.402,46.321],[7.387,46.315],[7.384,46.312],[7.381,46.315],[7.38,46.319],[7.374,46.321],[7.374,46.323],[7.361,46.319],[7.361,46.317],[7.358,46.317],[7.361,46.316],[7.361,46.314],[7.358,46.312],[7.351,46.311],[7.348,46.312],[7.348,46.32],[7.338,46.317],[7.328,46.321],[7.328,46.324],[7.322,46.321],[7.312,46.325],[7.306,46.323],[7.296,46.323],[7.291,46.319],[7.286,46.312],[7.292,46.308],[7.291,46.306],[7.3,46.301],[7.293,46.299],[7.288,46.301],[7.296,46.297],[7.294,46.29],[7.286,46.288],[7.283,46.282],[7.28,46.283],[7.276,46.281],[7.27,46.281],[7.265,46.279],[7.264,46.277],[7.26,46.278],[7.253,46.288],[7.254,46.292],[7.268,46.299],[7.267,46.302],[7.26,46.303],[7.254,46.306],[7.231,46.306],[7.229,46.308],[7.224,46.309],[7.218,46.307],[7.212,46.308],[7.211,46.305],[7.213,46.303],[7.208,46.3],[7.202,46.299],[7.2,46.296],[7.202,46.295],[7.203,46.292],[7.202,46.289],[7.195,46.289],[7.188,46.285],[7.191,46.283],[7.199,46.284],[7.203,46.281],[7.201,46.274],[7.203,46.272],[7.195,46.266],[7.195,46.263],[7.205,46.266],[7.212,46.265],[7.212,46.269],[7.216,46.272],[7.216,46.274],[7.221,46.274],[7.223,46.269],[7.221,46.265],[7.222,46.263],[7.218,46.262],[7.217,46.258],[7.222,46.251],[7.22,46.249],[7.226,46.245],[7.225,46.242],[7.215,46.24],[7.209,46.237],[7.189,46.239],[7.183,46.235],[7.173,46.236],[7.17,46.234],[7.164,46.236],[7.16,46.231],[7.162,46.229],[7.16,46.225],[7.154,46.217],[7.144,46.221],[7.137,46.222],[7.134,46.219],[7.13,46.22],[7.138,46.211],[7.135,46.209],[7.135,46.206],[7.139,46.202],[7.137,46.2],[7.132,46.2],[7.135,46.193],[7.125,46.183],[7.115,46.18],[7.109,46.175],[7.105,46.174],[7.092,46.176],[7.089,46.173],[7.083,46.174],[7.082,46.168]],[[7.931,46.534],[7.936,46.536],[7.934,46.538],[7.931,46.534]],[[8.525,46.757],[8.525,46.761],[8.524,46.759],[8.525,46.757]],[[8.483,46.64],[8.48,46.638],[8.48,46.636],[8.483,46.64]],[[7.822,46.368],[7.819,46.369],[7.818,46.368],[7.819,46.367],[7.822,46.368]],[[7.904,46.458],[7.905,46.46],[7.901,46.462],[7.904,46.458]],[[7.358,46.317],[7.354,46.317],[7.354,46.315],[7.358,46.317]],[[8.596,46.559],[8.598,46.563],[8.606,46.567],[8.607,46.57],[8.601,46.57],[8.6,46.567],[8.593,46.565],[8.593,46.561],[8.596,46.559]],[[8.507,46.836],[8.51,46.841],[8.517,46.843],[8.519,46.845],[8.517,46.846],[8.506,46.843],[8.505,46.84],[8.507,46.836]],[[8.283,46.586],[8.297,46.59],[8.284,46.594],[8.277,46.592],[8.263,46.595],[8.261,46.593],[8.267,46.594],[8.274,46.588],[8.283,46.586]],[[8.093,46.443],[8.095,46.445],[8.09,46.45],[8.092,46.452],[8.09,46.454],[8.091,46.457],[8.087,46.459],[8.09,46.46],[8.09,46.465],[8.087,46.468],[8.083,46.468],[8.086,46.462],[8.088,46.461],[8.086,46.46],[8.087,46.452],[8.085,46.448],[8.085,46.443],[8.093,46.443]],[[7.679,46.37],[7.68,46.373],[7.678,46.375],[7.683,46.377],[7.682,46.378],[7.672,46.375],[7.673,46.372],[7.676,46.373],[7.679,46.37]]],[[[7.38,46.407],[7.377,46.411],[7.38,46.413],[7.387,46.41],[7.39,46.412],[7.391,46.411],[7.39,46.409],[7.383,46.406],[7.38,46.407]]],[[[8.075,46.598],[8.071,46.596],[8.072,46.599],[8.075,46.598]]],[[[7.961,46.682],[7.952,46.676],[7.949,46.678],[7.952,46.682],[7.952,46.685],[7.958,46.685],[7.965,46.688],[7.977,46.684],[7.965,46.681],[7.961,46.682]]],[[[8.614,46.794],[8.618,46.796],[8.621,46.794],[8.614,46.794]]],[[[8.598,46.788],[8.602,46.788],[8.601,46.786],[8.598,46.788]]],[[[8.482,46.395],[8.479,46.394],[8.479,46.396],[8.482,46.395]]],[[[8.768,46.543],[8.772,46.543],[8.774,46.541],[8.772,46.538],[8.776,46.536],[8.772,46.534],[8.773,46.532],[8.77,46.53],[8.771,46.529],[8.775,46.529],[8.777,46.532],[8.789,46.532],[8.789,46.529],[8.791,46.528],[8.797,46.53],[8.807,46.525],[8.804,46.523],[8.794,46.523],[8.784,46.517],[8.771,46.522],[8.765,46.52],[8.76,46.521],[8.765,46.523],[8.766,46.525],[8.758,46.526],[8.752,46.524],[8.749,46.528],[8.743,46.53],[8.742,46.532],[8.732,46.534],[8.719,46.534],[8.719,46.536],[8.723,46.539],[8.726,46.537],[8.729,46.539],[8.742,46.536],[8.751,46.536],[8.765,46.538],[8.767,46.539],[8.766,46.541],[8.768,46.543]]],[[[8.768,46.543],[8.768,46.545],[8.758,46.55],[8.765,46.557],[8.779,46.562],[8.782,46.566],[8.787,46.563],[8.785,46.558],[8.788,46.552],[8.787,46.547],[8.783,46.545],[8.768,46.543]]],[[[8.783,46.95],[8.792,46.952],[8.792,46.95],[8.795,46.947],[8.798,46.949],[8.802,46.949],[8.803,46.947],[8.802,46.945],[8.798,46.944],[8.792,46.934],[8.79,46.934],[8.789,46.936],[8.79,46.939],[8.782,46.941],[8.779,46.945],[8.783,46.95]]],[[[8.737,46.438],[8.74,46.439],[8.75,46.434],[8.756,46.435],[8.759,46.44],[8.774,46.437],[8.776,46.439],[8.785,46.441],[8.793,46.437],[8.789,46.43],[8.782,46.429],[8.779,46.432],[8.776,46.432],[8.766,46.423],[8.759,46.423],[8.752,46.42],[8.751,46.413],[8.759,46.411],[8.76,46.408],[8.758,46.404],[8.761,46.401],[8.752,46.4],[8.747,46.402],[8.746,46.404],[8.739,46.406],[8.74,46.411],[8.737,46.415],[8.738,46.417],[8.736,46.42],[8.733,46.42],[8.727,46.426],[8.71,46.429],[8.707,46.431],[8.706,46.429],[8.697,46.425],[8.694,46.426],[8.693,46.427],[8.701,46.431],[8.701,46.436],[8.703,46.438],[8.7,46.44],[8.701,46.443],[8.699,46.449],[8.704,46.451],[8.708,46.447],[8.711,46.453],[8.712,46.451],[8.721,46.45],[8.724,46.447],[8.72,46.445],[8.722,46.442],[8.737,46.441],[8.737,46.438]]],[[[8.742,46.633],[8.728,46.636],[8.724,46.64],[8.735,46.646],[8.744,46.645],[8.739,46.638],[8.741,46.636],[8.745,46.637],[8.747,46.635],[8.742,46.633]]],[[[8.723,46.46],[8.714,46.459],[8.708,46.462],[8.706,46.465],[8.708,46.467],[8.711,46.464],[8.721,46.465],[8.726,46.463],[8.723,46.46]]],[[[8.681,46.472],[8.6818,46.4736],[8.679,46.475],[8.669,46.477],[8.66,46.484],[8.661,46.481],[8.656,46.48],[8.655,46.486],[8.656,46.488],[8.663,46.489],[8.666,46.486],[8.668,46.492],[8.67,46.494],[8.673,46.494],[8.679,46.487],[8.686,46.485],[8.699,46.486],[8.7,46.481],[8.704,46.479],[8.702,46.477],[8.698,46.477],[8.695,46.474],[8.692,46.475],[8.685,46.472],[8.68233333333333,46.473333333333336],[8.683,46.472],[8.681,46.472]]],[[[8.643,46.488],[8.636,46.488],[8.632,46.491],[8.635,46.493],[8.63,46.491],[8.622,46.495],[8.637,46.496],[8.64,46.495],[8.641,46.49],[8.643,46.488]]],[[[8.557,46.264],[8.551,46.258],[8.544,46.26],[8.541,46.258],[8.525,46.261],[8.514,46.265],[8.528,46.266],[8.542,46.264],[8.545,46.267],[8.548,46.267],[8.557,46.264]]],[[[8.5,46.338],[8.491,46.336],[8.481,46.342],[8.471,46.34],[8.464,46.341],[8.463,46.346],[8.464,46.353],[8.461,46.355],[8.464,46.357],[8.469,46.368],[8.478,46.368],[8.481,46.366],[8.473,46.362],[8.474,46.357],[8.472,46.353],[8.478,46.349],[8.48,46.353],[8.488,46.353],[8.488,46.351],[8.486,46.35],[8.488,46.348],[8.494,46.348],[8.497,46.343],[8.507,46.343],[8.5,46.338]]],[[[8.507,46.343],[8.52,46.343],[8.517,46.34],[8.507,46.343]]],[[[8.507,46.339],[8.513,46.341],[8.516,46.339],[8.513,46.337],[8.507,46.339]]],[[[8.478,46.376],[8.469,46.369],[8.464,46.373],[8.464,46.38],[8.46,46.384],[8.462,46.392],[8.466,46.394],[8.467,46.389],[8.469,46.388],[8.479,46.393],[8.482,46.391],[8.498,46.397],[8.505,46.398],[8.507,46.395],[8.505,46.392],[8.499,46.388],[8.495,46.389],[8.493,46.388],[8.498,46.382],[8.495,46.381],[8.488,46.383],[8.479,46.383],[8.477,46.382],[8.478,46.378],[8.484,46.377],[8.478,46.376]],[[8.482,46.391],[8.482,46.388],[8.485,46.388],[8.486,46.389],[8.482,46.391]]],[[[8.468,46.899],[8.456,46.898],[8.449,46.899],[8.446,46.902],[8.462,46.913],[8.469,46.911],[8.476,46.915],[8.479,46.915],[8.482,46.923],[8.489,46.924],[8.492,46.922],[8.496,46.923],[8.499,46.919],[8.504,46.917],[8.499,46.916],[8.495,46.918],[8.489,46.917],[8.489,46.91],[8.482,46.91],[8.467,46.906],[8.466,46.904],[8.468,46.899]]],[[[8.431,46.294],[8.432,46.299],[8.433,46.297],[8.431,46.294]]],[[[8.432,46.299],[8.431,46.301],[8.438,46.304],[8.437,46.306],[8.438,46.307],[8.441,46.308],[8.446,46.303],[8.441,46.302],[8.435,46.298],[8.432,46.299]]],[[[8.346,46.831],[8.34,46.828],[8.333,46.83],[8.33,46.828],[8.328,46.831],[8.33,46.833],[8.327,46.835],[8.33,46.84],[8.333,46.839],[8.337,46.834],[8.338,46.837],[8.343,46.839],[8.346,46.835],[8.346,46.831]]],[[[7.194,45.861],[7.188,45.859],[7.171,45.866],[7.164,45.871],[7.164,45.874],[7.152,45.879],[7.149,45.877],[7.142,45.876],[7.139,45.877],[7.135,45.873],[7.135,45.871],[7.126,45.865],[7.123,45.865],[7.122,45.862],[7.114,45.859],[7.104,45.858],[7.095,45.864],[7.096,45.867],[7.092,45.871],[7.092,45.876],[7.083,45.882],[7.083,45.885],[7.076,45.889],[7.076,45.894],[7.073,45.896],[7.068,45.896],[7.064,45.9],[7.063,45.911],[7.058,45.912],[7.046,45.92],[7.047,45.923],[7.043,45.925],[7.037,45.936],[7.033,45.938],[7.033,45.95],[7.036,45.951],[7.036,45.955],[7.032,45.954],[7.029,45.957],[7.016,45.959],[7.014,45.963],[7.007,45.967],[7.007,45.972],[7.013,45.976],[7.013,45.979],[7.016,45.981],[7.016,45.984],[7.01,45.988],[7.01,45.999],[6.993,45.999],[6.987,46.004],[6.981,46.006],[6.981,46.017],[6.974,46.022],[6.971,46.027],[6.956,46.037],[6.957,46.04],[6.967,46.041],[6.97,46.046],[6.974,46.049],[6.977,46.042],[6.975,46.039],[6.974,46.032],[6.99,46.036],[7.003,46.031],[7.006,46.028],[7.004,46.024],[7.006,46.023],[7.013,46.025],[7.016,46.023],[7.025,46.022],[7.036,46.024],[7.022,46.04],[7.017,46.042],[7.016,46.044],[7.02,46.046],[7.021,46.049],[7.038,46.052],[7.043,46.046],[7.042,46.044],[7.046,46.042],[7.044,46.037],[7.048,46.036],[7.054,46.039],[7.058,46.037],[7.058,46.04],[7.067,46.04],[7.066,46.035],[7.059,46.031],[7.058,46.024],[7.057,46.028],[7.054,46.03],[7.05,46.026],[7.052,46.024],[7.047,46.022],[7.042,46.017],[7.048,46.021],[7.058,46.02],[7.064,46.022],[7.07,46.019],[7.074,46.021],[7.08,46.021],[7.086,46.015],[7.08,46.011],[7.079,46.008],[7.08,46.006],[7.087,46.009],[7.088,46.004],[7.08,46.003],[7.074,46.0],[7.068,45.995],[7.066,45.99],[7.059,45.988],[7.061,45.986],[7.061,45.983],[7.058,45.981],[7.062,45.981],[7.064,45.983],[7.071,45.984],[7.077,45.987],[7.083,45.981],[7.09,45.977],[7.087,45.974],[7.081,45.974],[7.077,45.972],[7.074,45.969],[7.074,45.967],[7.077,45.969],[7.083,45.968],[7.08,45.966],[7.081,45.963],[7.082,45.966],[7.084,45.967],[7.088,45.961],[7.081,45.959],[7.078,45.956],[7.077,45.952],[7.08,45.95],[7.078,45.948],[7.07,45.95],[7.068,45.947],[7.064,45.945],[7.066,45.943],[7.062,45.941],[7.079,45.93],[7.076,45.927],[7.076,45.918],[7.084,45.918],[7.086,45.916],[7.084,45.913],[7.085,45.909],[7.083,45.905],[7.091,45.903],[7.094,45.906],[7.097,45.905],[7.1,45.908],[7.104,45.905],[7.106,45.903],[7.104,45.9],[7.1,45.899],[7.094,45.891],[7.097,45.89],[7.1,45.892],[7.113,45.893],[7.117,45.891],[7.124,45.885],[7.119,45.88],[7.12,45.877],[7.13,45.884],[7.136,45.884],[7.137,45.891],[7.136,45.896],[7.132,45.903],[7.13,45.921],[7.126,45.922],[7.123,45.927],[7.121,45.927],[7.121,45.93],[7.129,45.933],[7.132,45.933],[7.136,45.93],[7.146,45.932],[7.152,45.937],[7.163,45.939],[7.162,45.943],[7.168,45.95],[7.181,45.952],[7.183,45.948],[7.181,45.945],[7.184,45.947],[7.187,45.946],[7.186,45.941],[7.184,45.94],[7.177,45.941],[7.174,45.939],[7.17,45.939],[7.173,45.934],[7.182,45.932],[7.177,45.93],[7.182,45.928],[7.174,45.925],[7.171,45.921],[7.166,45.919],[7.162,45.915],[7.158,45.914],[7.157,45.912],[7.162,45.911],[7.171,45.914],[7.176,45.914],[7.178,45.916],[7.184,45.917],[7.187,45.916],[7.184,45.914],[7.181,45.907],[7.178,45.905],[7.178,45.903],[7.172,45.896],[7.175,45.896],[7.181,45.889],[7.176,45.885],[7.178,45.882],[7.186,45.889],[7.187,45.892],[7.191,45.89],[7.191,45.892],[7.188,45.894],[7.191,45.897],[7.196,45.896],[7.197,45.893],[7.2,45.898],[7.216,45.898],[7.215,45.901],[7.22,45.902],[7.22,45.908],[7.217,45.91],[7.217,45.912],[7.22,45.919],[7.216,45.921],[7.213,45.92],[7.21,45.923],[7.213,45.926],[7.22,45.924],[7.22,45.927],[7.215,45.932],[7.216,45.934],[7.223,45.933],[7.226,45.931],[7.239,45.93],[7.245,45.926],[7.258,45.926],[7.264,45.932],[7.258,45.932],[7.258,45.934],[7.253,45.939],[7.252,45.946],[7.245,45.949],[7.242,45.947],[7.236,45.947],[7.231,45.95],[7.232,45.952],[7.239,45.949],[7.241,45.95],[7.24,45.952],[7.243,45.959],[7.242,45.961],[7.231,45.966],[7.232,45.968],[7.245,45.97],[7.245,45.973],[7.243,45.975],[7.244,45.979],[7.242,45.981],[7.244,45.984],[7.231,45.988],[7.234,45.993],[7.232,45.995],[7.234,45.997],[7.232,46.0],[7.227,46.002],[7.228,46.006],[7.226,46.009],[7.208,46.015],[7.209,46.02],[7.216,46.023],[7.226,46.021],[7.232,46.025],[7.235,46.03],[7.245,46.029],[7.248,46.032],[7.251,46.029],[7.255,46.032],[7.264,46.03],[7.271,46.032],[7.274,46.029],[7.268,46.024],[7.271,46.022],[7.28,46.025],[7.286,46.022],[7.284,46.016],[7.277,46.012],[7.277,46.008],[7.279,46.006],[7.278,46.002],[7.281,45.998],[7.284,46.009],[7.29,46.017],[7.294,46.015],[7.296,46.018],[7.303,46.016],[7.304,46.018],[7.303,46.02],[7.293,46.023],[7.292,46.027],[7.306,46.027],[7.31,46.025],[7.31,46.022],[7.313,46.023],[7.314,46.02],[7.312,46.018],[7.313,46.015],[7.316,46.018],[7.321,46.018],[7.321,46.015],[7.327,46.011],[7.324,46.009],[7.324,46.006],[7.319,46.001],[7.319,45.998],[7.326,46.005],[7.329,46.001],[7.336,46.002],[7.344,45.998],[7.342,45.995],[7.339,45.995],[7.334,45.989],[7.339,45.983],[7.343,45.989],[7.344,45.982],[7.346,45.98],[7.346,45.975],[7.344,45.973],[7.345,45.97],[7.343,45.968],[7.341,45.959],[7.346,45.959],[7.346,45.955],[7.35,45.953],[7.351,45.95],[7.35,45.948],[7.359,45.946],[7.36,45.937],[7.358,45.935],[7.354,45.935],[7.355,45.934],[7.368,45.935],[7.377,45.929],[7.387,45.93],[7.39,45.927],[7.394,45.926],[7.397,45.927],[7.405,45.935],[7.423,45.943],[7.43,45.948],[7.426,45.946],[7.412,45.944],[7.406,45.938],[7.397,45.939],[7.394,45.941],[7.393,45.944],[7.39,45.945],[7.384,45.944],[7.377,45.945],[7.376,45.948],[7.382,45.95],[7.383,45.953],[7.37,45.955],[7.369,45.959],[7.37,45.962],[7.367,45.964],[7.365,45.968],[7.366,45.971],[7.361,45.982],[7.361,45.984],[7.369,45.991],[7.364,45.992],[7.361,45.995],[7.361,46.002],[7.355,46.007],[7.355,46.009],[7.358,46.011],[7.352,46.013],[7.354,46.018],[7.348,46.022],[7.346,46.029],[7.333,46.033],[7.333,46.036],[7.337,46.038],[7.339,46.041],[7.335,46.039],[7.326,46.038],[7.318,46.042],[7.319,46.045],[7.328,46.054],[7.325,46.054],[7.313,46.047],[7.309,46.048],[7.306,46.046],[7.303,46.049],[7.303,46.052],[7.306,46.052],[7.307,46.054],[7.305,46.056],[7.306,46.058],[7.301,46.06],[7.301,46.063],[7.297,46.061],[7.292,46.065],[7.293,46.067],[7.29,46.068],[7.288,46.072],[7.28,46.074],[7.282,46.076],[7.277,46.078],[7.274,46.086],[7.271,46.084],[7.265,46.087],[7.268,46.09],[7.264,46.092],[7.267,46.099],[7.264,46.105],[7.25,46.114],[7.251,46.116],[7.258,46.116],[7.267,46.113],[7.274,46.116],[7.274,46.12],[7.272,46.123],[7.267,46.126],[7.266,46.128],[7.267,46.13],[7.277,46.13],[7.28,46.128],[7.283,46.13],[7.29,46.124],[7.296,46.127],[7.298,46.126],[7.296,46.122],[7.283,46.119],[7.296,46.115],[7.296,46.109],[7.3,46.108],[7.303,46.113],[7.305,46.112],[7.304,46.108],[7.309,46.107],[7.31,46.108],[7.307,46.11],[7.307,46.112],[7.308,46.117],[7.31,46.117],[7.312,46.114],[7.319,46.113],[7.316,46.112],[7.315,46.105],[7.319,46.108],[7.325,46.104],[7.337,46.103],[7.338,46.107],[7.341,46.11],[7.333,46.112],[7.336,46.114],[7.335,46.117],[7.332,46.119],[7.334,46.121],[7.328,46.123],[7.33,46.126],[7.34,46.13],[7.338,46.133],[7.332,46.134],[7.335,46.139],[7.335,46.144],[7.342,46.144],[7.348,46.148],[7.344,46.15],[7.344,46.153],[7.34,46.155],[7.354,46.163],[7.358,46.162],[7.361,46.159],[7.371,46.156],[7.371,46.154],[7.367,46.153],[7.364,46.156],[7.366,46.146],[7.357,46.144],[7.359,46.141],[7.364,46.139],[7.362,46.137],[7.365,46.135],[7.364,46.13],[7.362,46.128],[7.37,46.123],[7.366,46.121],[7.367,46.117],[7.369,46.117],[7.368,46.119],[7.373,46.121],[7.371,46.123],[7.374,46.124],[7.376,46.119],[7.379,46.117],[7.377,46.114],[7.368,46.112],[7.369,46.11],[7.374,46.11],[7.38,46.103],[7.38,46.101],[7.384,46.097],[7.388,46.096],[7.387,46.094],[7.388,46.092],[7.391,46.09],[7.384,46.087],[7.38,46.087],[7.378,46.085],[7.379,46.081],[7.38,46.08],[7.391,46.085],[7.393,46.088],[7.397,46.084],[7.401,46.083],[7.393,46.082],[7.39,46.076],[7.385,46.072],[7.382,46.067],[7.387,46.067],[7.389,46.065],[7.39,46.063],[7.388,46.061],[7.391,46.058],[7.395,46.049],[7.397,46.048],[7.397,46.04],[7.4,46.039],[7.4,46.036],[7.403,46.034],[7.411,46.034],[7.416,46.03],[7.424,46.031],[7.423,46.036],[7.424,46.038],[7.423,46.041],[7.416,46.043],[7.414,46.047],[7.415,46.054],[7.413,46.061],[7.41,46.059],[7.402,46.067],[7.402,46.07],[7.41,46.075],[7.409,46.079],[7.411,46.081],[7.41,46.083],[7.408,46.083],[7.416,46.085],[7.426,46.083],[7.429,46.088],[7.425,46.097],[7.426,46.102],[7.435,46.092],[7.435,46.089],[7.442,46.089],[7.445,46.093],[7.448,46.094],[7.448,46.096],[7.455,46.095],[7.46,46.099],[7.461,46.103],[7.465,46.098],[7.468,46.1],[7.471,46.099],[7.472,46.097],[7.47,46.094],[7.472,46.092],[7.471,46.091],[7.46,46.09],[7.469,46.083],[7.46,46.081],[7.461,46.078],[7.471,46.074],[7.474,46.067],[7.468,46.061],[7.461,46.06],[7.459,46.056],[7.455,46.054],[7.455,46.052],[7.458,46.047],[7.468,46.047],[7.472,46.045],[7.472,46.043],[7.467,46.043],[7.467,46.04],[7.464,46.038],[7.461,46.039],[7.453,46.036],[7.452,46.034],[7.455,46.032],[7.458,46.036],[7.464,46.036],[7.465,46.034],[7.464,46.031],[7.449,46.025],[7.447,46.022],[7.461,46.015],[7.468,46.017],[7.474,46.013],[7.475,46.009],[7.478,46.007],[7.48,46.0],[7.484,45.998],[7.484,45.995],[7.477,45.991],[7.484,45.991],[7.49,45.993],[7.493,45.99],[7.495,45.991],[7.491,45.993],[7.494,45.995],[7.497,45.995],[7.5,45.992],[7.502,45.995],[7.504,46.0],[7.502,46.007],[7.505,46.009],[7.501,46.013],[7.501,46.016],[7.503,46.018],[7.5,46.016],[7.496,46.018],[7.496,46.02],[7.501,46.025],[7.503,46.029],[7.502,46.031],[7.51,46.035],[7.506,46.039],[7.505,46.043],[7.506,46.046],[7.511,46.047],[7.51,46.049],[7.511,46.054],[7.514,46.056],[7.514,46.063],[7.511,46.067],[7.513,46.069],[7.516,46.069],[7.521,46.06],[7.524,46.06],[7.523,46.063],[7.525,46.065],[7.529,46.065],[7.534,46.058],[7.534,46.054],[7.536,46.051],[7.539,46.049],[7.542,46.053],[7.544,46.051],[7.544,46.049],[7.541,46.047],[7.542,46.044],[7.539,46.043],[7.534,46.034],[7.536,46.032],[7.542,46.03],[7.548,46.04],[7.555,46.044],[7.563,46.04],[7.56,46.036],[7.561,46.033],[7.565,46.035],[7.568,46.04],[7.574,46.036],[7.574,46.033],[7.575,46.038],[7.574,46.042],[7.566,46.049],[7.569,46.051],[7.567,46.054],[7.571,46.056],[7.568,46.058],[7.569,46.06],[7.568,46.063],[7.565,46.066],[7.56,46.067],[7.561,46.072],[7.56,46.074],[7.555,46.076],[7.56,46.081],[7.561,46.085],[7.556,46.09],[7.559,46.092],[7.559,46.094],[7.558,46.095],[7.555,46.092],[7.545,46.093],[7.544,46.094],[7.549,46.099],[7.544,46.108],[7.542,46.109],[7.54,46.119],[7.532,46.126],[7.517,46.13],[7.517,46.141],[7.513,46.144],[7.507,46.142],[7.5,46.144],[7.495,46.148],[7.508,46.157],[7.49,46.164],[7.491,46.166],[7.487,46.165],[7.484,46.169],[7.48,46.171],[7.482,46.173],[7.479,46.177],[7.475,46.18],[7.468,46.182],[7.471,46.187],[7.477,46.189],[7.481,46.205],[7.466,46.209],[7.478,46.216],[7.484,46.224],[7.491,46.218],[7.492,46.213],[7.497,46.213],[7.503,46.206],[7.507,46.205],[7.516,46.206],[7.519,46.209],[7.518,46.211],[7.52,46.213],[7.522,46.211],[7.526,46.212],[7.531,46.209],[7.531,46.207],[7.527,46.204],[7.529,46.203],[7.533,46.205],[7.536,46.209],[7.53,46.213],[7.533,46.215],[7.539,46.215],[7.542,46.209],[7.55,46.207],[7.55,46.204],[7.548,46.202],[7.552,46.201],[7.555,46.203],[7.558,46.2],[7.555,46.193],[7.559,46.191],[7.558,46.19],[7.552,46.19],[7.549,46.193],[7.543,46.195],[7.544,46.2],[7.542,46.201],[7.538,46.189],[7.544,46.184],[7.545,46.181],[7.552,46.182],[7.554,46.18],[7.553,46.177],[7.549,46.175],[7.545,46.177],[7.545,46.174],[7.551,46.171],[7.549,46.167],[7.542,46.164],[7.545,46.164],[7.547,46.162],[7.548,46.157],[7.552,46.16],[7.555,46.159],[7.557,46.155],[7.555,46.154],[7.555,46.15],[7.562,46.151],[7.563,46.148],[7.561,46.146],[7.563,46.144],[7.562,46.142],[7.558,46.142],[7.558,46.14],[7.562,46.141],[7.563,46.139],[7.558,46.138],[7.555,46.135],[7.551,46.135],[7.548,46.132],[7.552,46.13],[7.562,46.13],[7.565,46.119],[7.571,46.115],[7.571,46.111],[7.574,46.111],[7.584,46.105],[7.582,46.103],[7.584,46.1],[7.59,46.099],[7.593,46.096],[7.595,46.096],[7.598,46.101],[7.597,46.103],[7.594,46.102],[7.585,46.105],[7.591,46.111],[7.591,46.115],[7.584,46.115],[7.578,46.119],[7.582,46.128],[7.582,46.132],[7.585,46.135],[7.585,46.144],[7.597,46.145],[7.599,46.141],[7.592,46.139],[7.607,46.135],[7.604,46.13],[7.612,46.123],[7.61,46.119],[7.62,46.113],[7.62,46.11],[7.615,46.11],[7.614,46.108],[7.618,46.105],[7.623,46.104],[7.626,46.106],[7.627,46.105],[7.627,46.094],[7.623,46.087],[7.623,46.083],[7.629,46.076],[7.63,46.083],[7.633,46.086],[7.637,46.081],[7.637,46.074],[7.64,46.074],[7.639,46.085],[7.646,46.095],[7.655,46.098],[7.668,46.098],[7.671,46.1],[7.671,46.103],[7.667,46.105],[7.665,46.108],[7.666,46.11],[7.659,46.109],[7.655,46.111],[7.654,46.114],[7.648,46.119],[7.652,46.119],[7.659,46.123],[7.654,46.126],[7.656,46.13],[7.656,46.135],[7.654,46.139],[7.656,46.144],[7.652,46.148],[7.654,46.153],[7.652,46.155],[7.649,46.153],[7.646,46.155],[7.646,46.157],[7.64,46.159],[7.639,46.162],[7.643,46.165],[7.651,46.166],[7.651,46.168],[7.65,46.171],[7.647,46.173],[7.637,46.175],[7.642,46.18],[7.639,46.182],[7.639,46.184],[7.633,46.186],[7.626,46.192],[7.628,46.198],[7.621,46.204],[7.622,46.207],[7.62,46.209],[7.63,46.21],[7.635,46.213],[7.636,46.216],[7.632,46.222],[7.626,46.227],[7.628,46.229],[7.627,46.232],[7.62,46.233],[7.617,46.236],[7.617,46.238],[7.609,46.238],[7.607,46.24],[7.609,46.243],[7.613,46.245],[7.614,46.252],[7.612,46.258],[7.606,46.267],[7.607,46.269],[7.617,46.269],[7.62,46.267],[7.62,46.265],[7.623,46.268],[7.636,46.263],[7.64,46.265],[7.641,46.267],[7.64,46.27],[7.643,46.274],[7.646,46.272],[7.65,46.272],[7.651,46.267],[7.666,46.266],[7.669,46.27],[7.675,46.271],[7.685,46.265],[7.692,46.256],[7.685,46.249],[7.691,46.248],[7.695,46.249],[7.7,46.247],[7.698,46.245],[7.699,46.242],[7.697,46.24],[7.699,46.238],[7.699,46.231],[7.696,46.227],[7.697,46.222],[7.695,46.22],[7.695,46.217],[7.691,46.215],[7.688,46.207],[7.686,46.206],[7.687,46.2],[7.685,46.195],[7.686,46.193],[7.684,46.177],[7.686,46.173],[7.685,46.166],[7.681,46.165],[7.68,46.161],[7.688,46.156],[7.689,46.164],[7.691,46.166],[7.69,46.17],[7.694,46.174],[7.695,46.168],[7.698,46.164],[7.703,46.166],[7.704,46.168],[7.708,46.168],[7.702,46.173],[7.703,46.177],[7.7,46.179],[7.7,46.182],[7.704,46.183],[7.707,46.182],[7.707,46.179],[7.711,46.178],[7.713,46.179],[7.712,46.182],[7.708,46.184],[7.707,46.189],[7.716,46.193],[7.716,46.195],[7.71,46.2],[7.709,46.204],[7.714,46.208],[7.717,46.207],[7.726,46.211],[7.723,46.215],[7.727,46.222],[7.737,46.224],[7.739,46.227],[7.729,46.231],[7.73,46.236],[7.729,46.238],[7.731,46.242],[7.728,46.251],[7.73,46.253],[7.734,46.251],[7.744,46.256],[7.734,46.26],[7.736,46.272],[7.751,46.274],[7.746,46.265],[7.761,46.265],[7.761,46.256],[7.759,46.253],[7.766,46.251],[7.769,46.246],[7.773,46.247],[7.776,46.245],[7.779,46.246],[7.786,46.251],[7.792,46.252],[7.795,46.255],[7.805,46.254],[7.816,46.247],[7.811,46.242],[7.817,46.24],[7.818,46.238],[7.816,46.235],[7.811,46.235],[7.808,46.233],[7.805,46.234],[7.802,46.23],[7.798,46.231],[7.787,46.22],[7.781,46.217],[7.781,46.213],[7.794,46.211],[7.796,46.208],[7.794,46.206],[7.788,46.206],[7.779,46.202],[7.775,46.202],[7.765,46.195],[7.779,46.195],[7.782,46.193],[7.771,46.184],[7.769,46.179],[7.763,46.177],[7.762,46.175],[7.767,46.17],[7.766,46.168],[7.759,46.168],[7.756,46.166],[7.76,46.164],[7.761,46.159],[7.756,46.155],[7.761,46.152],[7.77,46.152],[7.765,46.147],[7.762,46.146],[7.763,46.141],[7.761,46.137],[7.764,46.13],[7.759,46.128],[7.76,46.125],[7.758,46.123],[7.759,46.12],[7.755,46.119],[7.75,46.114],[7.745,46.112],[7.746,46.108],[7.749,46.109],[7.751,46.107],[7.747,46.105],[7.752,46.103],[7.753,46.098],[7.756,46.096],[7.748,46.092],[7.748,46.089],[7.746,46.088],[7.722,46.085],[7.723,46.08],[7.719,46.076],[7.72,46.075],[7.723,46.077],[7.726,46.075],[7.729,46.077],[7.736,46.074],[7.752,46.073],[7.753,46.069],[7.748,46.065],[7.744,46.051],[7.742,46.049],[7.739,46.05],[7.735,46.047],[7.734,46.04],[7.732,46.037],[7.723,46.038],[7.72,46.043],[7.716,46.043],[7.711,46.038],[7.71,46.031],[7.713,46.028],[7.72,46.027],[7.72,46.024],[7.716,46.021],[7.703,46.02],[7.7,46.023],[7.694,46.02],[7.69,46.022],[7.681,46.021],[7.678,46.019],[7.671,46.02],[7.668,46.019],[7.664,46.022],[7.666,46.024],[7.664,46.027],[7.658,46.018],[7.652,46.017],[7.65,46.015],[7.645,46.015],[7.639,46.012],[7.635,46.013],[7.638,46.011],[7.637,46.009],[7.632,46.008],[7.625,46.002],[7.629,46.0],[7.645,45.998],[7.647,45.995],[7.656,45.995],[7.655,45.997],[7.658,45.998],[7.665,45.996],[7.671,45.998],[7.681,45.996],[7.694,45.996],[7.697,45.994],[7.7,45.995],[7.702,45.993],[7.7,45.989],[7.695,45.986],[7.697,45.983],[7.706,45.987],[7.713,45.987],[7.719,45.989],[7.723,45.984],[7.735,45.98],[7.737,45.977],[7.741,45.975],[7.739,45.971],[7.735,45.971],[7.731,45.968],[7.739,45.965],[7.748,45.965],[7.755,45.968],[7.758,45.962],[7.771,45.962],[7.777,45.96],[7.78,45.962],[7.787,45.963],[7.797,45.956],[7.8,45.961],[7.806,45.96],[7.813,45.963],[7.819,45.963],[7.82,45.965],[7.819,45.967],[7.814,45.97],[7.813,45.973],[7.806,45.979],[7.813,45.983],[7.822,45.983],[7.819,45.986],[7.81,45.987],[7.8,45.984],[7.798,45.986],[7.801,45.988],[7.8,45.989],[7.797,45.987],[7.79,45.986],[7.787,45.987],[7.781,45.985],[7.771,45.985],[7.765,45.99],[7.768,45.999],[7.784,45.992],[7.787,45.992],[7.788,45.995],[7.783,45.999],[7.784,46.0],[7.797,46.004],[7.81,46.005],[7.812,46.006],[7.813,46.009],[7.824,46.015],[7.812,46.019],[7.81,46.021],[7.807,46.02],[7.804,46.022],[7.794,46.023],[7.786,46.033],[7.787,46.034],[7.791,46.034],[7.794,46.032],[7.8,46.034],[7.803,46.032],[7.804,46.033],[7.801,46.035],[7.802,46.037],[7.813,46.045],[7.82,46.044],[7.823,46.04],[7.82,46.036],[7.816,46.034],[7.816,46.032],[7.826,46.038],[7.833,46.034],[7.84,46.035],[7.843,46.037],[7.841,46.04],[7.842,46.043],[7.844,46.044],[7.837,46.049],[7.837,46.053],[7.84,46.055],[7.841,46.058],[7.833,46.057],[7.831,46.058],[7.83,46.061],[7.827,46.062],[7.832,46.067],[7.833,46.073],[7.837,46.078],[7.826,46.074],[7.813,46.076],[7.82,46.077],[7.824,46.08],[7.823,46.081],[7.82,46.078],[7.817,46.08],[7.817,46.082],[7.823,46.085],[7.826,46.089],[7.824,46.091],[7.828,46.094],[7.828,46.096],[7.823,46.096],[7.82,46.099],[7.821,46.105],[7.818,46.107],[7.82,46.11],[7.824,46.109],[7.825,46.112],[7.827,46.113],[7.826,46.121],[7.824,46.123],[7.827,46.125],[7.83,46.122],[7.831,46.123],[7.83,46.13],[7.831,46.132],[7.827,46.133],[7.823,46.139],[7.827,46.141],[7.824,46.144],[7.82,46.145],[7.82,46.147],[7.824,46.147],[7.827,46.149],[7.83,46.148],[7.83,46.145],[7.833,46.145],[7.837,46.142],[7.837,46.144],[7.835,46.145],[7.837,46.146],[7.848,46.147],[7.846,46.15],[7.853,46.154],[7.85,46.156],[7.853,46.16],[7.859,46.162],[7.861,46.161],[7.863,46.156],[7.864,46.161],[7.866,46.163],[7.872,46.164],[7.879,46.163],[7.88,46.165],[7.885,46.167],[7.895,46.167],[7.899,46.159],[7.897,46.156],[7.903,46.152],[7.898,46.145],[7.9,46.143],[7.897,46.138],[7.901,46.138],[7.904,46.135],[7.91,46.134],[7.911,46.132],[7.905,46.125],[7.911,46.123],[7.912,46.12],[7.904,46.122],[7.898,46.121],[7.897,46.116],[7.892,46.111],[7.895,46.11],[7.897,46.107],[7.891,46.103],[7.888,46.098],[7.884,46.096],[7.885,46.093],[7.888,46.091],[7.891,46.094],[7.898,46.095],[7.899,46.091],[7.901,46.09],[7.906,46.091],[7.911,46.089],[7.92,46.093],[7.934,46.091],[7.94,46.097],[7.944,46.093],[7.942,46.089],[7.943,46.086],[7.936,46.085],[7.936,46.082],[7.94,46.082],[7.942,46.08],[7.942,46.077],[7.939,46.074],[7.939,46.072],[7.943,46.074],[7.947,46.066],[7.943,46.062],[7.939,46.062],[7.937,46.059],[7.949,46.057],[7.95,46.055],[7.946,46.055],[7.946,46.053],[7.949,46.052],[7.951,46.048],[7.949,46.045],[7.942,46.044],[7.935,46.035],[7.949,46.043],[7.953,46.041],[7.953,46.037],[7.958,46.032],[7.957,46.03],[7.958,46.023],[7.965,46.024],[7.967,46.026],[7.968,46.028],[7.965,46.037],[7.968,46.041],[7.969,46.046],[7.968,46.061],[7.97,46.064],[7.975,46.066],[7.968,46.075],[7.975,46.076],[7.981,46.072],[7.986,46.066],[7.991,46.065],[7.995,46.066],[8.004,46.061],[8.002,46.066],[7.997,46.07],[7.998,46.074],[7.984,46.088],[7.983,46.091],[7.973,46.097],[7.975,46.099],[7.98,46.097],[7.982,46.099],[7.991,46.101],[7.998,46.1],[7.999,46.104],[7.991,46.109],[7.985,46.11],[7.982,46.113],[7.966,46.114],[7.964,46.116],[7.966,46.12],[7.964,46.125],[7.959,46.127],[7.964,46.129],[7.966,46.134],[7.97,46.136],[7.967,46.14],[7.969,46.144],[7.973,46.147],[7.974,46.154],[7.97,46.154],[7.972,46.151],[7.97,46.149],[7.959,46.149],[7.958,46.152],[7.96,46.154],[7.956,46.152],[7.954,46.161],[7.956,46.163],[7.956,46.172],[7.959,46.174],[7.946,46.174],[7.937,46.176],[7.94,46.18],[7.946,46.181],[7.949,46.185],[7.947,46.188],[7.938,46.19],[7.934,46.194],[7.933,46.208],[7.935,46.212],[7.924,46.219],[7.934,46.221],[7.937,46.224],[7.934,46.226],[7.938,46.227],[7.941,46.224],[7.944,46.227],[7.947,46.222],[7.951,46.222],[7.952,46.219],[7.955,46.217],[7.951,46.215],[7.954,46.213],[7.972,46.212],[7.97,46.214],[7.962,46.214],[7.97,46.215],[7.972,46.217],[7.971,46.226],[7.972,46.228],[7.967,46.235],[7.966,46.239],[7.97,46.241],[7.971,46.248],[7.97,46.251],[7.974,46.252],[7.974,46.254],[7.97,46.257],[7.971,46.266],[7.974,46.268],[7.973,46.271],[7.982,46.277],[7.978,46.28],[7.98,46.282],[7.985,46.28],[7.983,46.27],[7.987,46.271],[7.993,46.264],[8.003,46.266],[8.009,46.264],[8.021,46.268],[8.023,46.268],[8.024,46.266],[8.022,46.263],[8.016,46.26],[8.009,46.258],[8.006,46.26],[7.999,46.253],[8.001,46.246],[7.998,46.237],[7.999,46.228],[7.996,46.223],[7.998,46.221],[7.996,46.219],[8.002,46.221],[8.012,46.22],[8.022,46.215],[8.026,46.212],[8.028,46.207],[8.025,46.202],[8.021,46.201],[8.019,46.194],[8.028,46.191],[8.034,46.192],[8.041,46.187],[8.048,46.187],[8.053,46.183],[8.053,46.18],[8.051,46.178],[8.053,46.176],[8.05,46.175],[8.049,46.171],[8.05,46.169],[8.046,46.167],[8.043,46.16],[8.038,46.156],[8.038,46.153],[8.053,46.148],[8.057,46.15],[8.067,46.149],[8.07,46.151],[8.076,46.15],[8.083,46.153],[8.083,46.155],[8.075,46.16],[8.076,46.162],[8.083,46.162],[8.086,46.157],[8.09,46.155],[8.084,46.146],[8.087,46.144],[8.085,46.142],[8.084,46.135],[8.072,46.131],[8.07,46.124],[8.071,46.122],[8.069,46.12],[8.057,46.117],[8.062,46.115],[8.062,46.113],[8.065,46.113],[8.066,46.115],[8.082,46.114],[8.086,46.115],[8.095,46.125],[8.104,46.126],[8.105,46.137],[8.111,46.137],[8.111,46.139],[8.117,46.142],[8.118,46.145],[8.123,46.146],[8.125,46.148],[8.125,46.151],[8.128,46.153],[8.131,46.151],[8.141,46.153],[8.144,46.15],[8.147,46.151],[8.145,46.153],[8.148,46.153],[8.151,46.151],[8.152,46.148],[8.141,46.138],[8.134,46.139],[8.131,46.136],[8.124,46.136],[8.119,46.133],[8.112,46.126],[8.113,46.119],[8.108,46.114],[8.103,46.113],[8.102,46.111],[8.059,46.105],[8.056,46.102],[8.05,46.103],[8.046,46.1],[8.04,46.1],[8.033,46.096],[8.032,46.09],[8.029,46.088],[8.029,46.084],[8.026,46.081],[8.026,46.079],[8.022,46.077],[8.026,46.07],[8.026,46.061],[8.029,46.059],[8.029,46.054],[8.032,46.052],[8.032,46.045],[8.019,46.037],[8.019,46.034],[8.015,46.032],[8.016,46.025],[8.012,46.021],[8.012,46.014],[7.999,46.01],[7.999,46.007],[7.993,46.003],[7.99,45.998],[7.981,45.997],[7.978,45.999],[7.966,45.999],[7.965,45.997],[7.939,45.997],[7.936,45.995],[7.907,45.995],[7.906,45.992],[7.899,45.985],[7.886,45.976],[7.881,45.975],[7.88,45.963],[7.877,45.959],[7.876,45.952],[7.873,45.949],[7.873,45.945],[7.87,45.943],[7.87,45.936],[7.873,45.934],[7.876,45.927],[7.864,45.918],[7.861,45.918],[7.858,45.921],[7.832,45.923],[7.822,45.928],[7.819,45.928],[7.818,45.925],[7.812,45.921],[7.805,45.921],[7.803,45.919],[7.793,45.919],[7.791,45.923],[7.783,45.928],[7.78,45.928],[7.771,45.935],[7.765,45.936],[7.765,45.939],[7.748,45.939],[7.742,45.935],[7.741,45.932],[7.735,45.93],[7.735,45.925],[7.732,45.923],[7.719,45.923],[7.713,45.928],[7.713,45.93],[7.707,45.934],[7.706,45.951],[7.701,45.952],[7.698,45.955],[7.684,45.955],[7.68,45.957],[7.675,45.961],[7.675,45.966],[7.661,45.976],[7.648,45.976],[7.642,45.971],[7.622,45.971],[7.62,45.973],[7.615,45.973],[7.61,45.969],[7.6,45.969],[7.597,45.971],[7.587,45.971],[7.578,45.977],[7.578,45.982],[7.571,45.987],[7.568,45.987],[7.558,45.984],[7.547,45.984],[7.547,45.982],[7.541,45.975],[7.544,45.973],[7.544,45.966],[7.547,45.964],[7.544,45.962],[7.544,45.959],[7.542,45.958],[7.539,45.958],[7.535,45.955],[7.532,45.958],[7.522,45.958],[7.517,45.962],[7.506,45.962],[7.5,45.96],[7.497,45.957],[7.493,45.958],[7.49,45.955],[7.476,45.953],[7.47,45.948],[7.47,45.946],[7.473,45.944],[7.473,45.939],[7.468,45.935],[7.458,45.936],[7.455,45.933],[7.445,45.931],[7.437,45.926],[7.434,45.923],[7.434,45.921],[7.427,45.917],[7.426,45.915],[7.416,45.913],[7.41,45.908],[7.406,45.908],[7.4,45.911],[7.396,45.908],[7.396,45.905],[7.387,45.899],[7.377,45.899],[7.374,45.902],[7.371,45.901],[7.368,45.904],[7.362,45.905],[7.36,45.908],[7.355,45.908],[7.352,45.913],[7.348,45.913],[7.345,45.915],[7.323,45.911],[7.314,45.917],[7.303,45.917],[7.3,45.92],[7.297,45.919],[7.294,45.922],[7.29,45.922],[7.285,45.914],[7.28,45.91],[7.28,45.907],[7.255,45.89],[7.252,45.89],[7.246,45.894],[7.242,45.893],[7.239,45.89],[7.225,45.892],[7.22,45.888],[7.216,45.888],[7.211,45.885],[7.199,45.876],[7.199,45.865],[7.194,45.861]],[[7.361,46.159],[7.356,46.157],[7.358,46.154],[7.361,46.159]],[[7.536,46.051],[7.532,46.051],[7.53,46.049],[7.536,46.051]],[[7.623,46.087],[7.62,46.088],[7.616,46.085],[7.623,46.087]]],[[[7.394,45.941],[7.396,45.939],[7.394,45.936],[7.392,45.939],[7.394,45.941]]],[[[7.384,45.944],[7.385,45.941],[7.382,45.941],[7.384,45.944]]],[[[7.813,46.076],[7.81,46.075],[7.81,46.077],[7.813,46.076]]],[[[8.084,46.787],[8.074,46.787],[8.071,46.791],[8.061,46.787],[8.051,46.79],[8.044,46.786],[8.028,46.792],[8.021,46.79],[8.019,46.792],[8.021,46.794],[8.031,46.793],[8.035,46.796],[8.051,46.795],[8.058,46.797],[8.074,46.797],[8.08,46.794],[8.087,46.795],[8.09,46.794],[8.1,46.802],[8.104,46.801],[8.105,46.798],[8.103,46.798],[8.101,46.794],[8.105,46.792],[8.102,46.789],[8.09,46.788],[8.087,46.789],[8.084,46.787]]],[[[7.952,46.586],[7.944,46.586],[7.95,46.59],[7.947,46.592],[7.948,46.593],[7.951,46.594],[7.958,46.59],[7.954,46.59],[7.952,46.586]]],[[[7.894,46.784],[7.89,46.784],[7.884,46.787],[7.867,46.788],[7.89,46.79],[7.9,46.788],[7.895,46.786],[7.894,46.784]]],[[[7.869,46.167],[7.856,46.163],[7.852,46.165],[7.854,46.17],[7.851,46.172],[7.852,46.179],[7.86,46.181],[7.863,46.179],[7.862,46.177],[7.859,46.176],[7.858,46.174],[7.859,46.173],[7.863,46.176],[7.866,46.171],[7.869,46.174],[7.872,46.172],[7.869,46.167]]],[[[7.859,46.348],[7.854,46.347],[7.851,46.348],[7.85,46.35],[7.852,46.359],[7.854,46.361],[7.855,46.359],[7.861,46.357],[7.861,46.35],[7.859,46.348]]],[[[7.758,46.599],[7.762,46.6],[7.764,46.598],[7.762,46.595],[7.758,46.593],[7.755,46.595],[7.758,46.599]]],[[[7.762,46.6],[7.766,46.604],[7.771,46.604],[7.768,46.597],[7.762,46.6]]],[[[7.714,46.544],[7.712,46.536],[7.712,46.539],[7.706,46.539],[7.703,46.541],[7.701,46.548],[7.697,46.55],[7.696,46.554],[7.706,46.557],[7.71,46.553],[7.708,46.55],[7.712,46.551],[7.717,46.548],[7.719,46.546],[7.714,46.544]]],[[[7.644,46.506],[7.644,46.504],[7.641,46.505],[7.639,46.506],[7.639,46.508],[7.634,46.51],[7.641,46.517],[7.643,46.512],[7.649,46.51],[7.641,46.508],[7.644,46.506]]],[[[7.596,46.15],[7.584,46.15],[7.581,46.155],[7.591,46.162],[7.594,46.157],[7.597,46.158],[7.599,46.157],[7.59766666666667,46.15522222222222],[7.6,46.156],[7.601,46.155],[7.597500000000003,46.155],[7.596,46.153],[7.596,46.15]]],[[[7.587,46.584],[7.579,46.576],[7.576,46.578],[7.576,46.581],[7.571,46.584],[7.572,46.587],[7.576,46.589],[7.579,46.584],[7.587,46.584]]],[[[7.494,46.463],[7.488,46.472],[7.481,46.474],[7.481,46.477],[7.474,46.479],[7.48,46.483],[7.482,46.49],[7.479,46.492],[7.478,46.496],[7.471,46.499],[7.467,46.499],[7.471,46.501],[7.47,46.504],[7.474,46.505],[7.475,46.508],[7.478,46.51],[7.494,46.51],[7.501,46.508],[7.503,46.513],[7.507,46.513],[7.509,46.517],[7.504,46.52],[7.497,46.521],[7.497,46.524],[7.488,46.527],[7.483,46.531],[7.474,46.532],[7.467,46.535],[7.468,46.54],[7.475,46.542],[7.478,46.539],[7.482,46.54],[7.484,46.536],[7.491,46.535],[7.497,46.53],[7.507,46.526],[7.514,46.524],[7.517,46.526],[7.523,46.525],[7.531,46.528],[7.53,46.532],[7.525,46.533],[7.53,46.535],[7.529,46.537],[7.53,46.538],[7.538,46.542],[7.535,46.546],[7.537,46.551],[7.531,46.553],[7.53,46.555],[7.533,46.557],[7.538,46.557],[7.543,46.56],[7.549,46.556],[7.556,46.559],[7.569,46.559],[7.57,46.557],[7.564,46.553],[7.566,46.548],[7.563,46.546],[7.563,46.542],[7.562,46.541],[7.559,46.542],[7.56,46.544],[7.556,46.545],[7.55,46.542],[7.55,46.537],[7.548,46.537],[7.549,46.539],[7.546,46.541],[7.543,46.539],[7.541,46.537],[7.542,46.535],[7.539,46.533],[7.539,46.528],[7.532,46.522],[7.53,46.517],[7.524,46.515],[7.514,46.506],[7.516,46.501],[7.511,46.499],[7.51,46.496],[7.505,46.497],[7.505,46.499],[7.503,46.499],[7.494,46.497],[7.492,46.495],[7.493,46.488],[7.488,46.481],[7.492,46.477],[7.492,46.474],[7.494,46.473],[7.497,46.475],[7.5,46.472],[7.504,46.471],[7.514,46.476],[7.517,46.476],[7.518,46.474],[7.501,46.465],[7.497,46.465],[7.494,46.463]]],[[[7.532,46.218],[7.529,46.215],[7.526,46.218],[7.531,46.222],[7.533,46.226],[7.536,46.226],[7.537,46.222],[7.541,46.22],[7.532,46.218]]],[[[7.449,46.564],[7.445,46.564],[7.448,46.567],[7.448,46.569],[7.457,46.573],[7.458,46.576],[7.46,46.571],[7.449,46.564]]],[[[7.426,46.112],[7.42,46.121],[7.422,46.123],[7.426,46.12],[7.435,46.123],[7.439,46.122],[7.43,46.119],[7.438,46.115],[7.435,46.113],[7.426,46.112]]],[[[7.426,46.112],[7.427,46.11],[7.425,46.11],[7.426,46.112]]],[[[7.359,46.447],[7.351,46.441],[7.348,46.441],[7.343,46.443],[7.345,46.447],[7.355,46.452],[7.358,46.452],[7.36,46.45],[7.359,46.447]]],[[[7.254,46.093],[7.267,46.09],[7.261,46.088],[7.254,46.091],[7.254,46.093]]],[[[7.23,46.425],[7.214,46.416],[7.208,46.417],[7.201,46.425],[7.211,46.43],[7.212,46.427],[7.214,46.426],[7.22,46.429],[7.227,46.429],[7.23,46.425]]],[[[7.208,46.37],[7.205,46.367],[7.198,46.369],[7.195,46.367],[7.191,46.368],[7.192,46.373],[7.19,46.375],[7.182,46.377],[7.175,46.376],[7.172,46.377],[7.168,46.375],[7.153,46.377],[7.15,46.382],[7.136,46.381],[7.13,46.379],[7.109,46.379],[7.11,46.382],[7.114,46.385],[7.13,46.383],[7.135,46.388],[7.133,46.391],[7.136,46.396],[7.146,46.396],[7.149,46.393],[7.156,46.395],[7.157,46.393],[7.155,46.391],[7.156,46.39],[7.166,46.392],[7.169,46.395],[7.169,46.391],[7.172,46.39],[7.183,46.391],[7.185,46.389],[7.188,46.389],[7.192,46.39],[7.195,46.393],[7.198,46.387],[7.202,46.389],[7.202,46.386],[7.199,46.382],[7.203,46.375],[7.205,46.374],[7.207,46.375],[7.208,46.378],[7.215,46.377],[7.216,46.38],[7.222,46.38],[7.222,46.377],[7.218,46.373],[7.208,46.37]]],[[[7.122,46.269],[7.119,46.269],[7.118,46.271],[7.124,46.277],[7.131,46.276],[7.134,46.278],[7.139,46.276],[7.127,46.273],[7.122,46.269]]],[[[7.007,46.377],[7.007,46.375],[7.004,46.377],[7.005,46.379],[7.011,46.381],[7.009,46.384],[7.011,46.386],[7.023,46.391],[7.022,46.384],[7.019,46.381],[7.007,46.377]]],[[[6.896,46.049],[6.89,46.044],[6.88,46.044],[6.877,46.046],[6.873,46.046],[6.868,46.05],[6.868,46.052],[6.871,46.055],[6.871,46.059],[6.874,46.061],[6.874,46.066],[6.883,46.072],[6.887,46.073],[6.887,46.084],[6.883,46.086],[6.884,46.093],[6.883,46.097],[6.886,46.099],[6.886,46.102],[6.89,46.104],[6.89,46.106],[6.893,46.109],[6.893,46.124],[6.856,46.125],[6.848,46.129],[6.843,46.129],[6.841,46.131],[6.814,46.131],[6.808,46.136],[6.796,46.137],[6.797,46.14],[6.794,46.142],[6.795,46.145],[6.801,46.143],[6.808,46.144],[6.812,46.142],[6.83,46.142],[6.841,46.144],[6.841,46.147],[6.85,46.146],[6.853,46.148],[6.866,46.143],[6.872,46.144],[6.882,46.14],[6.884,46.142],[6.884,46.147],[6.887,46.151],[6.894,46.156],[6.89,46.16],[6.891,46.163],[6.89,46.165],[6.895,46.167],[6.901,46.166],[6.905,46.168],[6.905,46.172],[6.914,46.174],[6.92,46.179],[6.92,46.181],[6.934,46.181],[6.937,46.184],[6.941,46.185],[6.943,46.191],[6.945,46.185],[6.955,46.183],[6.969,46.183],[6.969,46.181],[6.959,46.18],[6.959,46.174],[6.956,46.171],[6.953,46.172],[6.956,46.167],[6.96,46.168],[6.969,46.16],[6.972,46.159],[6.973,46.156],[6.963,46.153],[6.96,46.154],[6.957,46.151],[6.95,46.15],[6.948,46.149],[6.951,46.147],[6.951,46.145],[6.946,46.143],[6.953,46.137],[6.973,46.142],[6.977,46.141],[6.982,46.136],[6.986,46.136],[6.988,46.134],[6.986,46.132],[6.979,46.132],[6.97,46.121],[6.966,46.12],[6.96,46.121],[6.951,46.118],[6.95,46.111],[6.96,46.112],[6.967,46.11],[6.974,46.105],[6.975,46.102],[6.96,46.097],[6.957,46.099],[6.955,46.098],[6.955,46.095],[6.951,46.092],[6.947,46.094],[6.945,46.091],[6.949,46.089],[6.947,46.088],[6.947,46.086],[6.943,46.084],[6.944,46.082],[6.941,46.079],[6.931,46.077],[6.929,46.075],[6.925,46.077],[6.92,46.077],[6.92,46.082],[6.914,46.089],[6.914,46.093],[6.909,46.1],[6.907,46.1],[6.906,46.095],[6.907,46.091],[6.903,46.088],[6.904,46.086],[6.912,46.084],[6.914,46.082],[6.915,46.077],[6.913,46.073],[6.918,46.069],[6.922,46.069],[6.925,46.066],[6.925,46.064],[6.917,46.062],[6.914,46.059],[6.914,46.057],[6.906,46.051],[6.896,46.049]]],[[[6.973,46.156],[6.976,46.157],[6.982,46.154],[6.986,46.154],[6.989,46.157],[6.997,46.154],[6.979,46.153],[6.974,46.154],[6.973,46.156]]],[[[6.822,46.18],[6.814,46.18],[6.809,46.182],[6.808,46.185],[6.809,46.191],[6.806,46.194],[6.806,46.198],[6.803,46.2],[6.803,46.203],[6.804,46.205],[6.807,46.203],[6.81,46.206],[6.817,46.203],[6.82,46.199],[6.824,46.201],[6.825,46.198],[6.827,46.197],[6.832,46.207],[6.836,46.208],[6.843,46.203],[6.839,46.198],[6.83,46.196],[6.827,46.191],[6.82,46.192],[6.82,46.186],[6.817,46.184],[6.82,46.183],[6.82,46.181],[6.822,46.18]]],[[[6.82,46.171],[6.807,46.17],[6.804,46.173],[6.801,46.171],[6.799,46.173],[6.804,46.177],[6.811,46.175],[6.814,46.178],[6.817,46.174],[6.821,46.174],[6.82,46.171]]],[[[6.797,46.149],[6.795,46.147],[6.792,46.148],[6.79,46.151],[6.791,46.153],[6.798,46.154],[6.801,46.156],[6.804,46.151],[6.809,46.151],[6.797,46.149]]],[[[6.796,46.333],[6.789,46.332],[6.786,46.333],[6.788,46.335],[6.782,46.337],[6.783,46.339],[6.789,46.339],[6.792,46.342],[6.796,46.342],[6.799,46.338],[6.803,46.338],[6.791,46.335],[6.796,46.333]]]]},"properties":{"value":50,"fill":"#53BD9F","zIndex":3},"id":"2"},{"type":"Feature","geometry":{"type":"MultiPolygon","coordinates":[[[[10.483,46.588],[10.482,46.579],[10.473,46.582],[10.466,46.582],[10.457,46.587],[10.46,46.59],[10.463,46.588],[10.476,46.585],[10.483,46.588]]],[[[10.464,46.542],[10.457,46.543],[10.451,46.547],[10.452,46.549],[10.446,46.554],[10.448,46.556],[10.456,46.556],[10.458,46.551],[10.461,46.554],[10.467,46.553],[10.466,46.551],[10.468,46.548],[10.468,46.544],[10.464,46.542]]],[[[10.428,46.784],[10.42,46.793],[10.421,46.795],[10.426,46.798],[10.429,46.797],[10.431,46.799],[10.431,46.804],[10.433,46.806],[10.446,46.806],[10.446,46.803],[10.426,46.791],[10.43,46.788],[10.428,46.784]]],[[[10.433,46.754],[10.427,46.752],[10.42,46.766],[10.434,46.764],[10.437,46.766],[10.434,46.766],[10.427,46.773],[10.434,46.773],[10.436,46.775],[10.435,46.777],[10.438,46.778],[10.438,46.775],[10.442,46.772],[10.441,46.754],[10.433,46.754]]],[[[10.375,46.882],[10.371,46.88],[10.368,46.883],[10.36,46.885],[10.359,46.889],[10.362,46.892],[10.366,46.893],[10.364,46.898],[10.359,46.899],[10.356,46.902],[10.349,46.903],[10.346,46.906],[10.337,46.904],[10.327,46.909],[10.315,46.91],[10.324,46.912],[10.324,46.92],[10.326,46.921],[10.312,46.924],[10.314,46.928],[10.315,46.929],[10.318,46.928],[10.322,46.936],[10.326,46.933],[10.328,46.929],[10.331,46.932],[10.334,46.921],[10.337,46.917],[10.344,46.92],[10.346,46.912],[10.356,46.907],[10.363,46.91],[10.373,46.911],[10.373,46.914],[10.37,46.916],[10.375,46.92],[10.377,46.924],[10.379,46.922],[10.378,46.913],[10.383,46.912],[10.386,46.908],[10.396,46.913],[10.399,46.912],[10.4,46.92],[10.406,46.916],[10.41,46.917],[10.41,46.926],[10.42,46.921],[10.421,46.919],[10.419,46.918],[10.414,46.908],[10.418,46.906],[10.412,46.904],[10.409,46.907],[10.406,46.907],[10.405,46.903],[10.406,46.901],[10.399,46.898],[10.395,46.902],[10.392,46.893],[10.387,46.895],[10.388,46.893],[10.385,46.891],[10.379,46.892],[10.372,46.886],[10.375,46.882]]],[[[10.42,46.921],[10.42,46.924],[10.423,46.929],[10.427,46.928],[10.423,46.932],[10.427,46.933],[10.434,46.928],[10.43,46.923],[10.42,46.921]]],[[[10.431,46.55],[10.422,46.549],[10.416,46.553],[10.409,46.552],[10.407,46.55],[10.386,46.55],[10.383,46.553],[10.379,46.553],[10.379,46.558],[10.381,46.56],[10.39,46.557],[10.396,46.558],[10.398,46.56],[10.397,46.562],[10.409,46.566],[10.41,46.57],[10.417,46.571],[10.422,46.568],[10.415,46.564],[10.413,46.561],[10.414,46.559],[10.419,46.556],[10.422,46.558],[10.425,46.557],[10.424,46.554],[10.431,46.55]]],[[[10.3945625,46.755375],[10.397,46.757],[10.4,46.755],[10.398,46.749],[10.401,46.746],[10.403,46.751],[10.408,46.753],[10.414,46.744],[10.401,46.735],[10.414,46.726],[10.417,46.721],[10.416,46.717],[10.413,46.714],[10.413,46.71],[10.398,46.706],[10.391,46.707],[10.379,46.714],[10.375,46.713],[10.366,46.719],[10.362,46.72],[10.363,46.723],[10.372,46.72],[10.376,46.72],[10.379,46.723],[10.405,46.721],[10.407,46.726],[10.406,46.728],[10.4,46.73],[10.397,46.733],[10.386,46.734],[10.383,46.736],[10.377,46.735],[10.374,46.743],[10.37,46.743],[10.368,46.745],[10.361,46.747],[10.351,46.747],[10.349,46.745],[10.344,46.744],[10.339,46.748],[10.339,46.752],[10.33,46.759],[10.332,46.761],[10.335,46.76],[10.337,46.761],[10.337,46.764],[10.346,46.763],[10.344,46.77],[10.346,46.772],[10.35,46.772],[10.353,46.776],[10.358,46.772],[10.356,46.768],[10.361,46.765],[10.381,46.763],[10.388,46.765],[10.395,46.771],[10.405,46.769],[10.406,46.764],[10.408,46.762],[10.395,46.758],[10.3945625,46.755375]],[[10.394428571428572,46.75457142857143],[10.394,46.752],[10.396,46.753],[10.394428571428572,46.75457142857143]]],[[[10.386,46.643],[10.390800000000002,46.643],[10.395,46.646],[10.398,46.645],[10.398,46.641],[10.404,46.638],[10.401,46.636],[10.394,46.635],[10.392,46.636],[10.395,46.638],[10.394,46.64],[10.388,46.641],[10.386,46.643]]],[[[10.321,46.94],[10.309,46.939],[10.309,46.949],[10.313,46.951],[10.319,46.951],[10.326,46.956],[10.335,46.957],[10.336,46.977],[10.339,46.98],[10.339,46.982],[10.349,46.984],[10.35,46.988],[10.354,46.991],[10.368,46.99],[10.377,46.992],[10.377,46.997],[10.381,47.0],[10.394,46.999],[10.398,46.996],[10.395,46.992],[10.401,46.989],[10.397,46.985],[10.393,46.987],[10.391,46.991],[10.377,46.99],[10.374,46.986],[10.367,46.985],[10.362,46.977],[10.352,46.973],[10.351,46.97],[10.353,46.968],[10.341,46.962],[10.343,46.959],[10.349,46.961],[10.349,46.956],[10.346,46.957],[10.339,46.952],[10.333,46.95],[10.326,46.952],[10.323,46.95],[10.316,46.95],[10.311,46.947],[10.311,46.944],[10.323,46.942],[10.321,46.94]]],[[[10.373,46.668],[10.37,46.669],[10.368,46.673],[10.37,46.677],[10.387,46.677],[10.387,46.675],[10.391,46.672],[10.39,46.666],[10.393,46.663],[10.392,46.661],[10.389,46.659],[10.378,46.659],[10.382,46.666],[10.373,46.668]],[[10.373,46.668],[10.376,46.67],[10.381,46.67],[10.38,46.671],[10.375,46.673],[10.375,46.67],[10.373,46.668]]],[[[10.363,46.585],[10.349,46.584],[10.346,46.586],[10.326,46.59],[10.317,46.595],[10.323,46.6],[10.324,46.603],[10.327,46.603],[10.331,46.6],[10.33,46.597],[10.338,46.593],[10.339,46.591],[10.349,46.588],[10.356,46.588],[10.363,46.585]]],[[[10.341,46.545],[10.336,46.545],[10.327,46.552],[10.321,46.552],[10.318,46.55],[10.298,46.55],[10.297,46.555],[10.294,46.558],[10.295,46.56],[10.289,46.564],[10.289,46.57],[10.303,46.574],[10.304,46.573],[10.301,46.569],[10.3,46.562],[10.3,46.56],[10.302,46.559],[10.318,46.56],[10.322,46.569],[10.324,46.568],[10.322,46.566],[10.323,46.564],[10.334,46.556],[10.342,46.559],[10.338,46.56],[10.334,46.559],[10.334,46.563],[10.338,46.565],[10.344,46.565],[10.348,46.563],[10.357,46.564],[10.363,46.56],[10.354,46.56],[10.348,46.554],[10.348,46.552],[10.341,46.547],[10.341,46.545]]],[[[10.322,46.661],[10.317,46.659],[10.315,46.661],[10.31,46.662],[10.31,46.665],[10.307,46.666],[10.303,46.663],[10.297,46.663],[10.3,46.666],[10.299,46.668],[10.302,46.672],[10.303,46.677],[10.294,46.679],[10.289,46.683],[10.285,46.681],[10.282,46.686],[10.276,46.681],[10.269,46.684],[10.276,46.689],[10.276,46.691],[10.273,46.692],[10.266,46.689],[10.269,46.687],[10.266,46.686],[10.262,46.68],[10.261,46.682],[10.251,46.687],[10.262,46.694],[10.266,46.694],[10.269,46.696],[10.265,46.698],[10.267,46.7],[10.276,46.698],[10.278,46.693],[10.283,46.69],[10.288,46.693],[10.294,46.693],[10.294,46.69],[10.291,46.686],[10.299,46.686],[10.301,46.684],[10.298,46.681],[10.302,46.68],[10.308,46.682],[10.318,46.681],[10.331,46.687],[10.327,46.69],[10.328,46.691],[10.333,46.689],[10.341,46.689],[10.342,46.687],[10.335,46.687],[10.332,46.685],[10.331,46.681],[10.321,46.672],[10.318,46.674],[10.316,46.672],[10.313,46.667],[10.314,46.665],[10.317,46.668],[10.321,46.668],[10.324,46.665],[10.32,46.663],[10.322,46.661]]],[[[9.962,46.752],[9.959,46.754],[9.952,46.752],[9.949,46.754],[9.942,46.751],[9.939,46.753],[9.939,46.759],[9.949,46.756],[9.957,46.764],[9.952,46.764],[9.949,46.768],[9.957,46.77],[9.948,46.777],[9.946,46.782],[9.948,46.784],[9.946,46.786],[9.948,46.789],[9.944,46.793],[9.934,46.797],[9.934,46.8],[9.931,46.8],[9.929,46.803],[9.931,46.807],[9.927,46.807],[9.925,46.805],[9.919,46.81],[9.91,46.814],[9.912,46.816],[9.919,46.816],[9.919,46.821],[9.921,46.823],[9.918,46.832],[9.905,46.839],[9.905,46.841],[9.92,46.838],[9.931,46.838],[9.927,46.843],[9.94,46.845],[9.943,46.843],[9.945,46.84],[9.943,46.837],[9.94,46.836],[9.94,46.834],[9.946,46.833],[9.947,46.831],[9.956,46.83],[9.961,46.824],[9.97,46.82],[9.97,46.817],[9.968,46.816],[9.963,46.818],[9.966,46.815],[9.965,46.812],[9.959,46.811],[9.953,46.806],[9.968,46.809],[9.971,46.807],[9.97,46.799],[9.967,46.798],[9.964,46.8],[9.969,46.795],[9.968,46.79],[9.97,46.787],[9.973,46.79],[9.978,46.79],[9.975,46.792],[9.977,46.794],[9.983,46.792],[9.987,46.794],[9.984,46.797],[9.985,46.799],[9.995,46.801],[9.997,46.803],[10.007,46.802],[10.009,46.801],[10.008,46.799],[10.01,46.798],[10.02,46.798],[10.018,46.801],[10.02,46.801],[10.021,46.803],[10.012,46.81],[10.014,46.811],[10.014,46.813],[10.003,46.814],[10.017,46.819],[10.017,46.823],[10.027,46.825],[10.008,46.827],[10.004,46.825],[9.998,46.825],[9.995,46.827],[9.991,46.825],[9.987,46.828],[9.99,46.833],[9.985,46.834],[9.98,46.84],[9.992,46.846],[10.006,46.846],[10.005,46.848],[10.007,46.85],[10.012,46.852],[10.014,46.848],[10.012,46.846],[10.019,46.846],[10.022,46.842],[10.025,46.844],[10.036,46.843],[10.045,46.845],[10.05,46.852],[10.039,46.854],[10.035,46.861],[10.037,46.868],[10.036,46.87],[10.03,46.876],[10.02,46.874],[10.016,46.877],[10.023,46.884],[10.032,46.886],[10.032,46.888],[10.034,46.888],[10.043,46.881],[10.051,46.879],[10.05,46.867],[10.056,46.864],[10.082,46.863],[10.088,46.861],[10.09,46.86],[10.09,46.857],[10.093,46.855],[10.096,46.848],[10.107,46.842],[10.114,46.847],[10.117,46.846],[10.119,46.848],[10.127,46.849],[10.14,46.848],[10.143,46.849],[10.145,46.852],[10.15,46.853],[10.153,46.853],[10.157,46.85],[10.163,46.85],[10.172,46.855],[10.174,46.858],[10.18,46.859],[10.197,46.868],[10.21,46.867],[10.213,46.869],[10.232,46.87],[10.232,46.877],[10.238,46.879],[10.239,46.885],[10.237,46.887],[10.232,46.888],[10.23,46.89],[10.23,46.895],[10.227,46.897],[10.231,46.899],[10.233,46.903],[10.241,46.906],[10.242,46.925],[10.246,46.925],[10.247,46.923],[10.245,46.92],[10.248,46.913],[10.25,46.912],[10.248,46.911],[10.248,46.909],[10.252,46.911],[10.255,46.909],[10.258,46.911],[10.259,46.907],[10.264,46.902],[10.268,46.903],[10.269,46.905],[10.267,46.909],[10.27,46.912],[10.269,46.918],[10.272,46.927],[10.279,46.925],[10.282,46.926],[10.285,46.923],[10.295,46.923],[10.298,46.925],[10.304,46.924],[10.301,46.924],[10.299,46.922],[10.297,46.915],[10.291,46.915],[10.288,46.913],[10.285,46.914],[10.285,46.907],[10.276,46.9],[10.288,46.9],[10.291,46.902],[10.296,46.9],[10.298,46.893],[10.296,46.891],[10.29,46.892],[10.287,46.889],[10.28,46.89],[10.28,46.884],[10.273,46.878],[10.269,46.878],[10.267,46.876],[10.269,46.873],[10.267,46.871],[10.276,46.866],[10.272,46.866],[10.266,46.862],[10.271,46.858],[10.271,46.855],[10.273,46.858],[10.278,46.86],[10.285,46.858],[10.288,46.86],[10.295,46.856],[10.298,46.856],[10.301,46.852],[10.285,46.851],[10.283,46.85],[10.283,46.846],[10.281,46.844],[10.277,46.842],[10.271,46.843],[10.268,46.84],[10.264,46.839],[10.256,46.842],[10.255,46.845],[10.248,46.841],[10.241,46.832],[10.231,46.826],[10.224,46.829],[10.221,46.828],[10.219,46.83],[10.222,46.836],[10.218,46.837],[10.218,46.84],[10.222,46.84],[10.225,46.843],[10.225,46.841],[10.228,46.838],[10.227,46.836],[10.235,46.838],[10.232,46.842],[10.226,46.845],[10.226,46.85],[10.232,46.853],[10.242,46.854],[10.243,46.856],[10.237,46.858],[10.229,46.864],[10.223,46.859],[10.219,46.859],[10.219,46.857],[10.216,46.855],[10.209,46.854],[10.206,46.855],[10.203,46.859],[10.207,46.861],[10.206,46.862],[10.197,46.855],[10.198,46.85],[10.197,46.848],[10.189,46.839],[10.185,46.839],[10.183,46.842],[10.176,46.841],[10.173,46.843],[10.167,46.84],[10.166,46.838],[10.169,46.831],[10.173,46.831],[10.17,46.829],[10.17,46.826],[10.172,46.824],[10.175,46.829],[10.185,46.828],[10.187,46.826],[10.185,46.821],[10.181,46.821],[10.178,46.818],[10.174,46.817],[10.178,46.815],[10.178,46.812],[10.161,46.817],[10.159,46.822],[10.155,46.824],[10.154,46.829],[10.142,46.829],[10.137,46.832],[10.133,46.839],[10.13,46.839],[10.127,46.842],[10.124,46.841],[10.124,46.836],[10.121,46.832],[10.123,46.829],[10.121,46.827],[10.126,46.826],[10.126,46.823],[10.123,46.821],[10.127,46.816],[10.124,46.814],[10.13,46.809],[10.118,46.803],[10.115,46.807],[10.113,46.805],[10.117,46.801],[10.116,46.798],[10.121,46.796],[10.115,46.794],[10.112,46.798],[10.112,46.801],[10.108,46.803],[10.104,46.808],[10.099,46.81],[10.1,46.819],[10.107,46.826],[10.099,46.822],[10.097,46.823],[10.098,46.826],[10.094,46.826],[10.094,46.824],[10.09,46.822],[10.087,46.824],[10.087,46.826],[10.091,46.83],[10.09,46.832],[10.087,46.832],[10.084,46.828],[10.079,46.826],[10.077,46.822],[10.079,46.815],[10.075,46.813],[10.078,46.808],[10.076,46.806],[10.077,46.799],[10.08,46.797],[10.079,46.792],[10.082,46.79],[10.082,46.788],[10.078,46.786],[10.071,46.786],[10.061,46.788],[10.059,46.793],[10.055,46.793],[10.051,46.791],[10.051,46.786],[10.048,46.785],[10.045,46.787],[10.042,46.784],[10.049,46.777],[10.052,46.777],[10.049,46.78],[10.052,46.783],[10.058,46.777],[10.055,46.775],[10.058,46.773],[10.059,46.77],[10.046,46.768],[10.041,46.771],[10.035,46.77],[10.026,46.776],[10.015,46.778],[10.009,46.781],[10.004,46.785],[10.004,46.787],[10.011,46.794],[10.01,46.795],[9.999,46.788],[9.996,46.79],[9.995,46.783],[9.993,46.781],[9.996,46.781],[9.994,46.774],[10.005,46.771],[10.01,46.767],[10.01,46.765],[10.005,46.763],[9.992,46.763],[9.988,46.759],[9.989,46.756],[9.985,46.754],[9.979,46.756],[9.972,46.761],[9.967,46.759],[9.97,46.757],[9.968,46.755],[9.962,46.757],[9.965,46.754],[9.962,46.752]]],[[[10.287,46.571],[10.268,46.579],[10.272,46.581],[10.274,46.585],[10.275,46.581],[10.277,46.58],[10.283,46.582],[10.287,46.586],[10.295,46.58],[10.291,46.576],[10.292,46.573],[10.287,46.571]]],[[[10.269,46.736],[10.265,46.733],[10.26,46.736],[10.26,46.739],[10.262,46.74],[10.265,46.737],[10.268,46.738],[10.268,46.741],[10.265,46.745],[10.266,46.746],[10.269,46.745],[10.27,46.741],[10.269,46.736]]],[[[10.228,46.688],[10.22,46.686],[10.217,46.687],[10.215,46.688],[10.218,46.692],[10.218,46.695],[10.217,46.696],[10.211,46.694],[10.21,46.697],[10.208,46.698],[10.198,46.699],[10.191,46.696],[10.188,46.701],[10.182,46.7],[10.176,46.702],[10.177,46.705],[10.175,46.707],[10.186,46.712],[10.19,46.709],[10.192,46.705],[10.195,46.704],[10.195,46.706],[10.198,46.708],[10.202,46.707],[10.211,46.71],[10.214,46.713],[10.208,46.715],[10.209,46.716],[10.212,46.717],[10.218,46.715],[10.225,46.711],[10.225,46.709],[10.221,46.71],[10.217,46.708],[10.217,46.706],[10.222,46.701],[10.22,46.699],[10.224,46.697],[10.231,46.697],[10.238,46.694],[10.237,46.692],[10.23,46.693],[10.228,46.688]]],[[[10.179,46.718],[10.169,46.717],[10.163,46.718],[10.161,46.723],[10.167,46.723],[10.168,46.721],[10.173,46.719],[10.176,46.721],[10.179,46.718]]],[[[10.143,46.719],[10.137,46.716],[10.13,46.719],[10.126,46.719],[10.128,46.722],[10.121,46.726],[10.117,46.726],[10.12,46.731],[10.124,46.73],[10.126,46.731],[10.123,46.733],[10.125,46.736],[10.133,46.735],[10.132,46.733],[10.134,46.731],[10.141,46.73],[10.144,46.731],[10.147,46.729],[10.15,46.73],[10.147,46.733],[10.151,46.735],[10.165,46.73],[10.156,46.728],[10.155,46.725],[10.148,46.721],[10.147,46.718],[10.143,46.719]]],[[[10.116,46.423],[10.109,46.419],[10.099,46.423],[10.106,46.428],[10.118,46.427],[10.116,46.423]]],[[[10.099,46.607],[10.095,46.608],[10.09,46.612],[10.109,46.624],[10.113,46.618],[10.112,46.612],[10.102,46.612],[10.099,46.607]]],[[[10.012,46.555],[9.998,46.558],[9.997,46.56],[10.005,46.564],[10.012,46.561],[10.018,46.562],[10.021,46.56],[10.021,46.557],[10.012,46.555]]],[[[10.021,46.557],[10.038,46.555],[10.037,46.557],[10.044,46.558],[10.047,46.555],[10.044,46.552],[10.046,46.55],[10.05,46.55],[10.05,46.553],[10.058,46.552],[10.063,46.554],[10.064,46.552],[10.057,46.547],[10.053,46.547],[10.047,46.543],[10.046,46.539],[10.047,46.534],[10.046,46.532],[10.039,46.541],[10.039,46.544],[10.041,46.546],[10.04,46.548],[10.037,46.55],[10.034,46.549],[10.024,46.552],[10.02,46.555],[10.021,46.557]]],[[[9.974,46.464],[9.971,46.463],[9.961,46.466],[9.953,46.471],[9.951,46.474],[9.957,46.476],[9.959,46.481],[9.962,46.48],[9.959,46.482],[9.96,46.485],[9.957,46.489],[9.962,46.491],[9.961,46.494],[9.958,46.494],[9.957,46.491],[9.953,46.489],[9.95,46.491],[9.946,46.491],[9.945,46.492],[9.948,46.494],[9.946,46.496],[9.937,46.498],[9.933,46.508],[9.941,46.51],[9.944,46.509],[9.945,46.507],[9.942,46.505],[9.944,46.504],[9.947,46.506],[9.951,46.505],[9.952,46.503],[9.948,46.501],[9.949,46.498],[9.952,46.498],[9.953,46.502],[9.963,46.499],[9.965,46.496],[9.964,46.493],[9.968,46.491],[9.964,46.487],[9.965,46.484],[9.97,46.484],[9.971,46.487],[9.975,46.486],[9.982,46.487],[9.983,46.489],[9.982,46.494],[9.986,46.494],[9.989,46.49],[9.992,46.49],[9.994,46.488],[9.991,46.484],[9.995,46.481],[9.992,46.484],[10.005,46.486],[10.007,46.49],[10.006,46.493],[10.012,46.497],[10.017,46.495],[10.01,46.49],[10.011,46.489],[10.015,46.488],[10.018,46.485],[10.021,46.485],[10.024,46.482],[10.027,46.483],[10.034,46.481],[10.039,46.483],[10.037,46.487],[10.034,46.489],[10.036,46.492],[10.035,46.501],[10.038,46.503],[10.038,46.51],[10.029,46.513],[10.025,46.517],[10.032,46.522],[10.049,46.522],[10.049,46.516],[10.046,46.514],[10.042,46.507],[10.042,46.503],[10.045,46.501],[10.045,46.487],[10.042,46.483],[10.044,46.482],[10.044,46.478],[10.048,46.476],[10.046,46.473],[10.04,46.478],[10.037,46.475],[10.021,46.478],[10.014,46.477],[10.008,46.478],[10.004,46.475],[9.994,46.474],[9.991,46.475],[9.988,46.471],[9.981,46.472],[9.976,46.468],[9.974,46.464]]],[[[10.042,46.442],[10.038,46.443],[10.029,46.45],[10.024,46.449],[10.023,46.452],[10.009,46.456],[10.01,46.458],[10.02,46.461],[10.025,46.465],[10.033,46.465],[10.036,46.463],[10.046,46.461],[10.047,46.458],[10.043,46.456],[10.043,46.453],[10.039,46.451],[10.04,46.447],[10.043,46.444],[10.042,46.442]]],[[[9.874,46.664],[9.869,46.656],[9.865,46.662],[9.864,46.667],[9.866,46.667],[9.867,46.669],[9.862,46.673],[9.858,46.68],[9.864,46.683],[9.867,46.681],[9.876,46.682],[9.87,46.685],[9.854,46.686],[9.858,46.692],[9.848,46.692],[9.846,46.696],[9.851,46.698],[9.854,46.695],[9.856,46.696],[9.855,46.698],[9.853,46.698],[9.861,46.7],[9.863,46.698],[9.862,46.696],[9.864,46.693],[9.865,46.696],[9.871,46.701],[9.875,46.698],[9.873,46.696],[9.873,46.693],[9.881,46.695],[9.886,46.693],[9.884,46.691],[9.894,46.694],[9.897,46.692],[9.898,46.693],[9.892,46.698],[9.897,46.703],[9.903,46.706],[9.901,46.708],[9.897,46.705],[9.894,46.706],[9.893,46.709],[9.898,46.709],[9.898,46.712],[9.888,46.714],[9.886,46.716],[9.889,46.718],[9.885,46.72],[9.888,46.723],[9.894,46.725],[9.893,46.727],[9.895,46.728],[9.897,46.727],[9.895,46.724],[9.901,46.72],[9.901,46.718],[9.903,46.72],[9.9,46.722],[9.902,46.724],[9.908,46.72],[9.911,46.72],[9.912,46.717],[9.91,46.715],[9.916,46.713],[9.916,46.711],[9.911,46.708],[9.913,46.706],[9.907,46.704],[9.914,46.702],[9.917,46.703],[9.92,46.701],[9.921,46.706],[9.927,46.708],[9.933,46.706],[9.94,46.708],[9.95,46.715],[9.963,46.712],[9.966,46.709],[9.982,46.707],[9.979,46.71],[9.973,46.712],[9.976,46.714],[9.983,46.712],[9.984,46.714],[9.99,46.713],[9.994,46.716],[9.996,46.723],[10.007,46.724],[10.01,46.729],[10.002,46.731],[10.003,46.732],[10.013,46.736],[10.016,46.732],[10.02,46.734],[10.033,46.733],[10.019,46.726],[10.024,46.722],[10.025,46.719],[10.03,46.717],[10.022,46.712],[10.015,46.711],[10.022,46.707],[10.025,46.707],[10.028,46.703],[10.032,46.701],[10.029,46.699],[10.03,46.695],[10.028,46.691],[10.024,46.695],[10.019,46.688],[10.021,46.687],[10.021,46.685],[10.014,46.684],[10.008,46.687],[9.998,46.685],[9.994,46.686],[9.991,46.684],[9.991,46.681],[9.996,46.677],[9.991,46.675],[9.988,46.677],[9.978,46.677],[9.975,46.673],[9.976,46.669],[9.974,46.667],[9.974,46.663],[9.955,46.67],[9.948,46.668],[9.944000000000003,46.672],[9.941,46.672],[9.942,46.673],[9.9435,46.6725],[9.942,46.674],[9.95,46.678],[9.949,46.682],[9.939,46.683],[9.936,46.681],[9.927,46.681],[9.926,46.686],[9.916,46.688],[9.914,46.686],[9.913,46.68],[9.903,46.679],[9.901,46.677],[9.889,46.673],[9.883,46.674],[9.88,46.677],[9.877,46.671],[9.878,46.669],[9.872,46.669],[9.874,46.664]],[[9.911,46.708],[9.907,46.711],[9.907,46.708],[9.911,46.708]]],[[[9.885,46.72],[9.88,46.72],[9.881,46.725],[9.883,46.725],[9.885,46.72]]],[[[10.028,46.888],[10.017,46.887],[10.011,46.89],[10.008,46.889],[10.002,46.895],[10.009,46.9],[10.021,46.9],[10.026,46.897],[10.026,46.895],[10.032,46.89],[10.028,46.888]]],[[[10.028,46.43],[10.015,46.428],[10.013,46.429],[10.014,46.432],[10.011,46.434],[10.015,46.438],[10.029,46.436],[10.031,46.433],[10.028,46.43]]],[[[9.65,46.291],[9.642,46.287],[9.625,46.288],[9.625,46.294],[9.622,46.297],[9.572,46.299],[9.577,46.304],[9.583,46.306],[9.584,46.308],[9.587,46.301],[9.59,46.303],[9.6,46.303],[9.603,46.301],[9.608,46.303],[9.61,46.306],[9.614,46.307],[9.614,46.312],[9.623,46.314],[9.625,46.316],[9.62,46.318],[9.62,46.323],[9.614,46.327],[9.617,46.329],[9.63,46.329],[9.631,46.332],[9.634,46.334],[9.635,46.329],[9.64,46.327],[9.641,46.322],[9.639,46.314],[9.634,46.311],[9.634,46.309],[9.636,46.308],[9.644,46.313],[9.646,46.316],[9.65,46.316],[9.652,46.314],[9.654,46.315],[9.656,46.324],[9.663,46.326],[9.666,46.325],[9.673,46.329],[9.673,46.331],[9.665,46.333],[9.665,46.34],[9.672,46.342],[9.673,46.344],[9.676,46.349],[9.674,46.351],[9.677,46.353],[9.68,46.352],[9.685,46.355],[9.685,46.358],[9.683,46.36],[9.69,46.364],[9.692,46.362],[9.69,46.358],[9.691,46.355],[9.688,46.351],[9.693,46.35],[9.693,46.347],[9.686,46.342],[9.693,46.342],[9.694,46.339],[9.692,46.338],[9.692,46.33],[9.695,46.326],[9.699,46.333],[9.703,46.335],[9.705,46.333],[9.707,46.341],[9.706,46.344],[9.703,46.346],[9.708,46.348],[9.705,46.35],[9.709,46.351],[9.71,46.355],[9.714,46.357],[9.716,46.36],[9.719,46.36],[9.725,46.355],[9.73,46.354],[9.732,46.356],[9.727,46.361],[9.728,46.363],[9.726,46.366],[9.726,46.368],[9.73,46.37],[9.724,46.375],[9.729,46.381],[9.728,46.384],[9.722,46.388],[9.724,46.394],[9.72,46.395],[9.73,46.395],[9.736,46.393],[9.74,46.39],[9.736,46.388],[9.737,46.386],[9.743,46.388],[9.748,46.379],[9.747,46.365],[9.755,46.36],[9.758,46.359],[9.762,46.361],[9.762,46.365],[9.766,46.372],[9.765,46.377],[9.769,46.38],[9.772,46.38],[9.782,46.375],[9.789,46.367],[9.791,46.362],[9.799,46.364],[9.803,46.371],[9.803,46.375],[9.801,46.377],[9.801,46.38],[9.798,46.382],[9.799,46.389],[9.794,46.398],[9.796,46.4],[9.8,46.4],[9.796,46.404],[9.796,46.409],[9.786,46.416],[9.786,46.419],[9.793,46.421],[9.797,46.424],[9.81,46.423],[9.806,46.427],[9.807,46.429],[9.81,46.432],[9.82,46.432],[9.823,46.439],[9.827,46.439],[9.83,46.435],[9.833,46.434],[9.839,46.435],[9.84,46.437],[9.844,46.429],[9.842,46.428],[9.837,46.417],[9.835,46.416],[9.835,46.414],[9.842,46.412],[9.842,46.41],[9.832,46.4],[9.832,46.391],[9.834,46.389],[9.838,46.39],[9.841,46.384],[9.844,46.389],[9.847,46.388],[9.853,46.39],[9.852,46.395],[9.854,46.399],[9.861,46.404],[9.871,46.4],[9.874,46.401],[9.877,46.4],[9.885,46.403],[9.897,46.4],[9.887,46.405],[9.884,46.41],[9.885,46.414],[9.881,46.415],[9.877,46.419],[9.881,46.423],[9.888,46.425],[9.883,46.428],[9.887,46.43],[9.883,46.432],[9.89,46.434],[9.888,46.437],[9.892,46.443],[9.899,46.443],[9.898,46.448],[9.907,46.447],[9.903,46.445],[9.908,46.44],[9.898,46.436],[9.909,46.429],[9.907,46.425],[9.908,46.423],[9.905,46.421],[9.907,46.419],[9.911,46.422],[9.912,46.42],[9.911,46.416],[9.917,46.411],[9.917,46.409],[9.913,46.408],[9.908,46.409],[9.913,46.407],[9.911,46.405],[9.914,46.402],[9.914,46.398],[9.916,46.397],[9.923,46.403],[9.926,46.404],[9.932,46.401],[9.939,46.407],[9.946,46.409],[9.959,46.41],[9.968,46.406],[9.972,46.408],[9.965,46.408],[9.962,46.413],[9.955,46.417],[9.954,46.419],[9.956,46.421],[9.958,46.419],[9.962,46.419],[9.959,46.423],[9.959,46.426],[9.956,46.428],[9.953,46.427],[9.953,46.431],[9.957,46.433],[9.96,46.432],[9.966,46.425],[9.969,46.424],[9.968,46.421],[9.976,46.422],[9.976,46.419],[9.973,46.415],[9.978,46.408],[9.985,46.411],[9.991,46.41],[9.992,46.407],[9.986,46.401],[9.988,46.4],[9.994,46.403],[9.997,46.401],[10.001,46.403],[10.007,46.403],[10.01,46.399],[10.017,46.399],[10.021,46.393],[10.02,46.391],[10.016,46.39],[10.013,46.392],[10.007,46.389],[9.997,46.389],[9.993,46.386],[9.991,46.38],[9.982,46.374],[9.983,46.371],[9.989,46.37],[9.996,46.366],[9.999,46.367],[10.001,46.364],[10.001,46.36],[10.004,46.358],[9.997,46.353],[10.0,46.349],[9.995,46.341],[9.993,46.347],[9.994,46.351],[9.992,46.353],[9.985,46.353],[9.977,46.358],[9.976,46.361],[9.964,46.365],[9.966,46.379],[9.964,46.38],[9.948,46.38],[9.939,46.377],[9.928,46.369],[9.924,46.369],[9.921,46.372],[9.913,46.373],[9.913,46.375],[9.909,46.379],[9.902,46.381],[9.886,46.373],[9.882,46.373],[9.872,46.363],[9.846,46.364],[9.843,46.362],[9.833,46.362],[9.829,46.359],[9.829,46.357],[9.823,46.353],[9.812,46.351],[9.8,46.345],[9.793,46.345],[9.787,46.343],[9.773,46.336],[9.765,46.338],[9.758,46.344],[9.751,46.346],[9.745,46.351],[9.738,46.351],[9.735,46.349],[9.719,46.349],[9.717,46.348],[9.715,46.296],[9.687,46.296],[9.681,46.3],[9.678,46.3],[9.675,46.305],[9.665,46.305],[9.663,46.297],[9.652,46.296],[9.65,46.295],[9.65,46.291]],[[9.673,46.344],[9.676,46.341],[9.678,46.342],[9.673,46.344]]],[[[9.743,46.388],[9.741,46.39],[9.744,46.39],[9.743,46.388]]],[[[9.991,46.41],[9.989,46.412],[9.99,46.414],[9.992,46.415],[9.995,46.413],[9.996,46.412],[9.995,46.41],[9.991,46.41]]],[[[9.996,46.875],[9.99,46.873],[9.977,46.874],[9.97,46.878],[9.972,46.88],[9.972,46.885],[9.975,46.888],[9.981,46.888],[9.985,46.89],[9.987,46.893],[9.985,46.897],[9.978,46.897],[9.977,46.903],[9.986,46.905],[9.988,46.903],[9.992,46.903],[10.0,46.9],[10.001,46.898],[10.004,46.898],[9.995,46.889],[9.997,46.887],[9.996,46.884],[9.999,46.882],[9.996,46.878],[9.996,46.875]]],[[[9.951,46.721],[9.944,46.723],[9.938,46.728],[9.938,46.73],[9.941,46.73],[9.945,46.734],[9.945,46.737],[9.949,46.739],[9.948,46.74],[9.941,46.735],[9.938,46.738],[9.935,46.736],[9.931,46.737],[9.936,46.742],[9.929,46.746],[9.928,46.749],[9.93,46.751],[9.926,46.753],[9.92,46.76],[9.926,46.761],[9.928,46.76],[9.935,46.753],[9.935,46.75],[9.937,46.748],[9.942,46.747],[9.948,46.749],[9.955,46.745],[9.958,46.745],[9.961,46.741],[9.963,46.741],[9.961,46.739],[9.958,46.74],[9.955,46.739],[9.953,46.737],[9.954,46.735],[9.968,46.741],[9.977,46.738],[9.97,46.734],[9.97,46.732],[9.976,46.732],[9.97,46.724],[9.967,46.723],[9.964,46.725],[9.96,46.725],[9.957,46.721],[9.954,46.723],[9.951,46.721]]],[[[9.969,46.883],[9.964,46.881],[9.959,46.883],[9.955,46.882],[9.945,46.887],[9.942,46.887],[9.935,46.882],[9.923,46.886],[9.925,46.888],[9.929,46.887],[9.932,46.889],[9.935,46.887],[9.942,46.891],[9.948,46.888],[9.949,46.89],[9.956,46.892],[9.959,46.896],[9.96,46.892],[9.959,46.89],[9.961,46.887],[9.968,46.887],[9.97,46.885],[9.969,46.883]]],[[[9.947,46.516],[9.951,46.52],[9.954,46.518],[9.951,46.514],[9.953,46.512],[9.952,46.51],[9.944,46.51],[9.943,46.512],[9.944,46.514],[9.95,46.514],[9.947,46.516]]],[[[9.947,46.516],[9.943,46.516],[9.944,46.517],[9.947,46.516]]],[[[9.954,46.518],[9.954,46.523],[9.949,46.525],[9.951,46.528],[9.955,46.527],[9.961,46.529],[9.964,46.527],[9.963,46.525],[9.965,46.523],[9.962,46.521],[9.961,46.518],[9.954,46.518]]],[[[9.831,46.595],[9.825,46.593],[9.824,46.6],[9.82,46.6],[9.821,46.598],[9.817,46.597],[9.814,46.599],[9.807,46.6],[9.809,46.603],[9.818,46.604],[9.821,46.606],[9.826,46.604],[9.822,46.607],[9.828,46.61],[9.829,46.609],[9.828,46.607],[9.835,46.607],[9.837,46.604],[9.844,46.607],[9.846,46.606],[9.847,46.602],[9.849,46.606],[9.852,46.608],[9.852,46.611],[9.863,46.613],[9.857,46.614],[9.854,46.617],[9.855,46.62],[9.858,46.621],[9.861,46.619],[9.86,46.624],[9.863,46.628],[9.862,46.631],[9.858,46.634],[9.847,46.636],[9.852,46.636],[9.854,46.638],[9.858,46.638],[9.865,46.641],[9.875,46.639],[9.872,46.642],[9.875,46.644],[9.875,46.651],[9.881,46.648],[9.885,46.648],[9.882,46.655],[9.887,46.657],[9.885,46.659],[9.887,46.662],[9.894,46.662],[9.898,46.659],[9.905,46.657],[9.901,46.652],[9.905,46.653],[9.908,46.65],[9.911,46.651],[9.924,46.65],[9.919,46.647],[9.919,46.645],[9.914,46.645],[9.908,46.639],[9.918,46.634],[9.917,46.629],[9.915,46.627],[9.916,46.625],[9.923,46.629],[9.926,46.627],[9.93,46.628],[9.932,46.627],[9.934,46.622],[9.916,46.621],[9.913,46.619],[9.91,46.626],[9.907,46.623],[9.9,46.626],[9.899,46.623],[9.9,46.621],[9.897,46.618],[9.89,46.616],[9.88,46.616],[9.871,46.613],[9.872,46.61],[9.879,46.606],[9.879,46.603],[9.867,46.602],[9.863,46.604],[9.86,46.602],[9.851,46.602],[9.851,46.599],[9.847,46.597],[9.844,46.599],[9.841,46.597],[9.831,46.598],[9.831,46.595]],[[9.908,46.65],[9.908,46.647],[9.909,46.648],[9.908,46.65]]],[[[9.905,46.657],[9.9,46.661],[9.903,46.664],[9.912,46.664],[9.916,46.668],[9.916,46.661],[9.908,46.657],[9.905,46.657]]],[[[9.876,46.925],[9.871,46.923],[9.868,46.926],[9.865,46.925],[9.858,46.932],[9.849,46.931],[9.845,46.932],[9.844,46.933],[9.845,46.934],[9.849,46.935],[9.847,46.937],[9.851,46.941],[9.849,46.947],[9.866,46.944],[9.875,46.944],[9.879,46.946],[9.88,46.936],[9.888,46.932],[9.885,46.93],[9.881,46.93],[9.876,46.932],[9.875,46.935],[9.874,46.93],[9.876,46.925]]],[[[9.844,46.449],[9.842,46.449],[9.839,46.456],[9.841,46.458],[9.84,46.46],[9.848,46.465],[9.847,46.469],[9.852,46.471],[9.854,46.469],[9.862,46.469],[9.865,46.466],[9.86,46.464],[9.857,46.457],[9.854,46.457],[9.853,46.452],[9.847,46.453],[9.844,46.449]]],[[[9.821,46.674],[9.816,46.677],[9.819,46.679],[9.819,46.683],[9.821,46.686],[9.825,46.688],[9.835,46.689],[9.837,46.687],[9.84,46.687],[9.844,46.69],[9.847,46.687],[9.834,46.678],[9.824,46.677],[9.821,46.674]]],[[[9.718,46.492],[9.706,46.498],[9.702,46.496],[9.703,46.503],[9.7,46.506],[9.701,46.508],[9.7,46.511],[9.697,46.508],[9.699,46.505],[9.702,46.504],[9.701,46.501],[9.696,46.502],[9.693,46.501],[9.686,46.506],[9.685,46.513],[9.689,46.515],[9.69,46.519],[9.691,46.515],[9.694,46.515],[9.694,46.526],[9.69,46.527],[9.689,46.529],[9.693,46.533],[9.681,46.533],[9.673,46.536],[9.678,46.54],[9.685,46.542],[9.688,46.541],[9.689,46.544],[9.681,46.547],[9.675,46.547],[9.678,46.551],[9.685,46.551],[9.68,46.556],[9.669,46.556],[9.672,46.559],[9.685,46.564],[9.69,46.56],[9.686,46.558],[9.688,46.557],[9.695,46.559],[9.701,46.557],[9.72,46.557],[9.722,46.559],[9.717,46.562],[9.719,46.566],[9.718,46.568],[9.715,46.567],[9.71,46.571],[9.718,46.574],[9.725,46.573],[9.721,46.575],[9.725,46.58],[9.729,46.582],[9.736,46.577],[9.732,46.576],[9.728,46.57],[9.729,46.568],[9.731,46.57],[9.734,46.565],[9.751,46.566],[9.758,46.565],[9.755,46.568],[9.771,46.571],[9.773,46.574],[9.77,46.576],[9.774,46.577],[9.776,46.576],[9.775,46.574],[9.783,46.572],[9.775,46.57],[9.777,46.568],[9.783,46.567],[9.778,46.565],[9.779,46.563],[9.767,46.561],[9.763,46.563],[9.763,46.559],[9.76,46.557],[9.757,46.559],[9.753,46.556],[9.753,46.553],[9.747,46.552],[9.737,46.537],[9.733,46.538],[9.73,46.535],[9.724,46.535],[9.724,46.532],[9.721,46.528],[9.736,46.526],[9.742,46.52],[9.746,46.521],[9.743,46.525],[9.751,46.532],[9.756,46.533],[9.756,46.536],[9.759,46.54],[9.766,46.54],[9.769,46.539],[9.77,46.536],[9.766,46.529],[9.767,46.527],[9.765,46.525],[9.764,46.52],[9.768,46.518],[9.771,46.525],[9.775,46.529],[9.778,46.528],[9.78,46.529],[9.782,46.531],[9.781,46.533],[9.788,46.538],[9.784,46.542],[9.792,46.547],[9.799,46.548],[9.8,46.549],[9.799,46.551],[9.802,46.554],[9.806,46.555],[9.809,46.552],[9.815,46.55],[9.822,46.554],[9.826,46.553],[9.827,46.55],[9.822,46.548],[9.824,46.546],[9.822,46.544],[9.824,46.539],[9.831,46.539],[9.837,46.537],[9.831,46.535],[9.829,46.532],[9.814,46.53],[9.811,46.527],[9.808,46.531],[9.809,46.535],[9.801,46.532],[9.798,46.533],[9.795,46.529],[9.797,46.526],[9.803,46.526],[9.8,46.522],[9.802,46.519],[9.798,46.516],[9.794,46.516],[9.794,46.514],[9.801,46.514],[9.803,46.513],[9.803,46.51],[9.797,46.507],[9.791,46.508],[9.773,46.507],[9.769,46.504],[9.769,46.502],[9.772,46.5],[9.771,46.498],[9.769,46.498],[9.771,46.496],[9.77,46.493],[9.774,46.489],[9.78,46.49],[9.782,46.488],[9.782,46.486],[9.777,46.484],[9.774,46.486],[9.774,46.488],[9.773,46.485],[9.775,46.484],[9.766,46.482],[9.769,46.489],[9.757,46.492],[9.755,46.489],[9.753,46.489],[9.744,46.494],[9.748,46.495],[9.748,46.497],[9.746,46.498],[9.737,46.494],[9.738,46.492],[9.728,46.484],[9.725,46.487],[9.72,46.487],[9.718,46.492]],[[9.765,46.525],[9.762,46.528],[9.762,46.526],[9.765,46.525]],[[9.716,46.496],[9.715,46.494],[9.718,46.495],[9.719,46.497],[9.716,46.496]]],[[[9.782,46.531],[9.779,46.53],[9.779,46.532],[9.782,46.531]]],[[[9.783,46.567],[9.782,46.569],[9.784,46.572],[9.793,46.571],[9.787,46.569],[9.792,46.567],[9.783,46.567]]],[[[9.731,46.57],[9.735,46.571],[9.735,46.569],[9.731,46.57]]],[[[9.825,46.71],[9.819,46.707],[9.817,46.71],[9.82,46.713],[9.818,46.715],[9.819,46.717],[9.823,46.718],[9.826,46.715],[9.833,46.715],[9.826,46.713],[9.825,46.71]]],[[[9.814,46.832],[9.802,46.832],[9.799,46.835],[9.795,46.833],[9.792,46.838],[9.785,46.837],[9.779,46.84],[9.776,46.839],[9.773,46.84],[9.776,46.845],[9.779,46.846],[9.782,46.844],[9.782,46.842],[9.786,46.843],[9.792,46.848],[9.799,46.846],[9.808,46.85],[9.809,46.853],[9.812,46.845],[9.818,46.841],[9.815,46.838],[9.808,46.838],[9.808,46.836],[9.814,46.832]]],[[[9.773,46.797],[9.767,46.789],[9.761,46.793],[9.757,46.792],[9.751,46.795],[9.751,46.797],[9.756,46.797],[9.757,46.795],[9.764,46.796],[9.767,46.798],[9.773,46.797]]],[[[9.521,46.365],[9.515,46.368],[9.508,46.366],[9.492,46.366],[9.489,46.369],[9.479,46.369],[9.47,46.374],[9.466,46.374],[9.461,46.378],[9.464,46.382],[9.465,46.387],[9.468,46.389],[9.465,46.391],[9.466,46.409],[9.463,46.411],[9.463,46.414],[9.455,46.42],[9.454,46.423],[9.455,46.429],[9.458,46.432],[9.459,46.441],[9.462,46.439],[9.467,46.429],[9.478,46.42],[9.478,46.417],[9.473,46.413],[9.474,46.412],[9.487,46.415],[9.49,46.413],[9.488,46.409],[9.491,46.402],[9.491,46.397],[9.482,46.391],[9.476,46.384],[9.48,46.382],[9.486,46.387],[9.496,46.391],[9.503,46.392],[9.506,46.39],[9.516,46.388],[9.524,46.392],[9.519,46.396],[9.511,46.399],[9.513,46.402],[9.523,46.403],[9.519,46.404],[9.516,46.408],[9.518,46.41],[9.517,46.413],[9.512,46.415],[9.512,46.417],[9.517,46.418],[9.519,46.422],[9.513,46.428],[9.512,46.433],[9.508,46.437],[9.498,46.438],[9.494,46.44],[9.508,46.445],[9.51,46.444],[9.511,46.439],[9.513,46.442],[9.518,46.444],[9.521,46.443],[9.531,46.446],[9.532,46.444],[9.523,46.437],[9.52,46.433],[9.52,46.43],[9.527,46.433],[9.534,46.433],[9.533,46.429],[9.536,46.426],[9.535,46.423],[9.54,46.419],[9.537,46.414],[9.54,46.412],[9.542,46.407],[9.546,46.406],[9.549,46.408],[9.552,46.407],[9.556,46.411],[9.565,46.413],[9.566,46.414],[9.562,46.417],[9.559,46.417],[9.558,46.419],[9.562,46.419],[9.568,46.425],[9.566,46.429],[9.562,46.43],[9.579,46.436],[9.581,46.434],[9.579,46.429],[9.586,46.431],[9.589,46.43],[9.592,46.422],[9.59,46.42],[9.592,46.419],[9.598,46.423],[9.601,46.421],[9.603,46.422],[9.604,46.436],[9.601,46.438],[9.596,46.447],[9.609,46.455],[9.613,46.454],[9.612,46.451],[9.615,46.449],[9.604,46.44],[9.605,46.439],[9.612,46.437],[9.617,46.44],[9.628,46.441],[9.632,46.444],[9.638,46.445],[9.643,46.439],[9.638,46.438],[9.636,46.433],[9.631,46.431],[9.629,46.428],[9.634,46.425],[9.644,46.425],[9.657,46.433],[9.661,46.432],[9.664,46.435],[9.676,46.439],[9.679,46.445],[9.674,46.447],[9.672,46.45],[9.674,46.452],[9.681,46.453],[9.684,46.452],[9.684,46.447],[9.687,46.451],[9.694,46.451],[9.7,46.456],[9.704,46.455],[9.708,46.456],[9.71,46.453],[9.713,46.455],[9.717,46.453],[9.723,46.457],[9.731,46.458],[9.73,46.46],[9.723,46.461],[9.721,46.463],[9.722,46.465],[9.727,46.465],[9.729,46.467],[9.737,46.466],[9.739,46.462],[9.741,46.462],[9.743,46.465],[9.75,46.463],[9.753,46.464],[9.755,46.462],[9.753,46.46],[9.759,46.462],[9.765,46.459],[9.756,46.457],[9.753,46.451],[9.746,46.449],[9.746,46.447],[9.744,46.446],[9.737,46.447],[9.737,46.444],[9.723,46.444],[9.72,46.445],[9.72,46.448],[9.716,46.44],[9.703,46.434],[9.677,46.419],[9.673,46.414],[9.669,46.412],[9.656,46.41],[9.647,46.413],[9.643,46.411],[9.641,46.412],[9.637,46.419],[9.626,46.408],[9.62,46.405],[9.617,46.407],[9.619,46.404],[9.617,46.403],[9.604,46.404],[9.601,46.401],[9.597,46.404],[9.596,46.402],[9.587,46.398],[9.587,46.396],[9.597,46.389],[9.608,46.386],[9.599,46.38],[9.599,46.377],[9.59,46.375],[9.577,46.375],[9.574,46.373],[9.56,46.37],[9.547,46.371],[9.541,46.367],[9.534,46.369],[9.525,46.368],[9.521,46.365]],[[9.753,46.46],[9.748,46.46],[9.749,46.456],[9.753,46.46]],[[9.7,46.436],[9.7,46.438],[9.696499999999999,46.436],[9.7,46.436]]],[[[9.715,46.755],[9.711,46.755],[9.712,46.758],[9.716,46.76],[9.709,46.762],[9.71,46.764],[9.712,46.764],[9.712,46.767],[9.717,46.768],[9.721,46.766],[9.726,46.766],[9.727,46.768],[9.73,46.762],[9.726,46.762],[9.715,46.755]]],[[[9.71,46.584],[9.704,46.584],[9.706,46.587],[9.711,46.589],[9.709,46.59],[9.703,46.588],[9.697,46.594],[9.697,46.596],[9.692,46.598],[9.697,46.599],[9.713,46.596],[9.716,46.597],[9.718,46.593],[9.714,46.591],[9.714,46.587],[9.71,46.584]]],[[[9.702,46.488],[9.699,46.487],[9.695,46.49],[9.685,46.486],[9.682,46.488],[9.676,46.487],[9.674,46.493],[9.696,46.498],[9.704,46.492],[9.702,46.488]]],[[[9.69,46.735],[9.683,46.735],[9.682,46.738],[9.68,46.739],[9.673,46.739],[9.673,46.741],[9.678,46.742],[9.677,46.744],[9.673,46.745],[9.677,46.748],[9.683,46.746],[9.69,46.747],[9.696,46.744],[9.698,46.742],[9.69,46.738],[9.69,46.735]]],[[[9.688,46.603],[9.677,46.602],[9.672,46.603],[9.671,46.605],[9.672,46.608],[9.677,46.61],[9.687,46.61],[9.692,46.607],[9.688,46.603]]],[[[9.623,46.732],[9.62,46.731],[9.617,46.733],[9.614,46.731],[9.611,46.733],[9.613,46.737],[9.611,46.739],[9.608,46.739],[9.605,46.742],[9.598,46.742],[9.596,46.746],[9.6,46.753],[9.608,46.754],[9.618,46.748],[9.625,46.751],[9.631,46.749],[9.64,46.75],[9.635,46.748],[9.641,46.747],[9.641,46.745],[9.634,46.744],[9.631,46.741],[9.627,46.741],[9.624,46.739],[9.624,46.736],[9.621,46.738],[9.619,46.737],[9.622,46.735],[9.623,46.732]]],[[[9.631,46.741],[9.634,46.743],[9.634,46.739],[9.631,46.741]]],[[[9.615,46.762],[9.618,46.764],[9.618,46.761],[9.615,46.762]]],[[[9.615,46.762],[9.602,46.759],[9.597,46.762],[9.599,46.765],[9.609,46.769],[9.615,46.77],[9.622,46.768],[9.618,46.764],[9.615,46.766],[9.613,46.764],[9.615,46.762]]],[[[9.622,46.768],[9.625,46.769],[9.627,46.766],[9.624,46.766],[9.622,46.768]]],[[[9.569,46.466],[9.568,46.468],[9.561,46.47],[9.558,46.466],[9.554,46.467],[9.543,46.473],[9.547,46.475],[9.548,46.479],[9.552,46.479],[9.552,46.482],[9.548,46.482],[9.545,46.48],[9.542,46.482],[9.532,46.482],[9.528,46.489],[9.519,46.494],[9.516,46.495],[9.513,46.492],[9.507,46.493],[9.492,46.499],[9.492,46.501],[9.494,46.502],[9.497,46.499],[9.499,46.501],[9.504,46.501],[9.507,46.503],[9.507,46.506],[9.514,46.507],[9.527,46.503],[9.529,46.507],[9.523,46.514],[9.54,46.514],[9.543,46.517],[9.551,46.52],[9.55,46.518],[9.552,46.513],[9.538,46.507],[9.534,46.502],[9.528,46.498],[9.529,46.495],[9.532,46.498],[9.536,46.499],[9.543,46.497],[9.546,46.494],[9.552,46.494],[9.555,46.497],[9.559,46.498],[9.566,46.497],[9.572,46.494],[9.574,46.492],[9.57,46.488],[9.571,46.485],[9.573,46.484],[9.572,46.481],[9.565,46.48],[9.562,46.477],[9.565,46.476],[9.571,46.476],[9.581,46.48],[9.584,46.479],[9.591,46.481],[9.589,46.483],[9.591,46.486],[9.594,46.485],[9.597,46.48],[9.601,46.484],[9.604,46.483],[9.602,46.481],[9.607,46.48],[9.612,46.476],[9.61,46.474],[9.606,46.474],[9.61,46.472],[9.611,46.469],[9.616,46.467],[9.618,46.462],[9.606,46.461],[9.602,46.454],[9.596,46.452],[9.587,46.456],[9.587,46.458],[9.585,46.459],[9.58,46.459],[9.577,46.461],[9.577,46.464],[9.569,46.466]]],[[[9.595,47.052],[9.59,47.052],[9.584,47.055],[9.586,47.057],[9.583,47.059],[9.584,47.061],[9.591,47.06],[9.594,47.062],[9.596,47.059],[9.592,47.055],[9.595,47.052]]],[[[9.521,46.518],[9.504,46.518],[9.496,46.521],[9.505,46.526],[9.508,46.524],[9.524,46.525],[9.525,46.523],[9.521,46.518]]],[[[9.506,46.559],[9.502,46.559],[9.504,46.561],[9.501,46.564],[9.502,46.566],[9.499,46.57],[9.5,46.573],[9.503,46.572],[9.514,46.575],[9.517,46.572],[9.509,46.568],[9.51,46.563],[9.506,46.559]]],[[[9.511,46.451],[9.505,46.445],[9.498,46.449],[9.497,46.451],[9.502,46.46],[9.505,46.454],[9.511,46.451]]],[[[9.497,46.528],[9.492,46.527],[9.482,46.529],[9.479,46.528],[9.475,46.53],[9.482,46.537],[9.489,46.536],[9.492,46.538],[9.495,46.537],[9.5,46.532],[9.498,46.529],[9.495,46.531],[9.493,46.53],[9.497,46.528]]],[[[9.473,46.533],[9.469,46.532],[9.463,46.535],[9.465,46.537],[9.463,46.54],[9.473,46.543],[9.476,46.542],[9.479,46.545],[9.481,46.544],[9.481,46.541],[9.479,46.539],[9.472,46.535],[9.469,46.535],[9.473,46.533]]],[[[9.399,46.943],[9.398,46.946],[9.394,46.948],[9.393,46.953],[9.39,46.953],[9.388,46.948],[9.383,46.95],[9.382,46.955],[9.384,46.957],[9.377,46.955],[9.378,46.946],[9.373,46.942],[9.37,46.946],[9.363,46.943],[9.355,46.946],[9.36,46.954],[9.367,46.952],[9.373,46.953],[9.371,46.957],[9.372,46.96],[9.386,46.968],[9.387,46.971],[9.38,46.972],[9.377,46.971],[9.369,46.975],[9.371,46.977],[9.38,46.973],[9.387,46.975],[9.393,46.984],[9.388,46.986],[9.387,46.991],[9.394,46.992],[9.401,46.996],[9.402,46.986],[9.405,46.981],[9.398,46.979],[9.397,46.977],[9.4,46.975],[9.404,46.976],[9.411,46.985],[9.414,46.985],[9.414,46.988],[9.44,46.983],[9.43,46.98],[9.42,46.981],[9.414,46.98],[9.408,46.977],[9.408,46.975],[9.413,46.972],[9.41,46.97],[9.4,46.971],[9.398,46.964],[9.4,46.962],[9.412,46.961],[9.405,46.957],[9.405,46.954],[9.403,46.952],[9.409,46.951],[9.411,46.952],[9.409,46.953],[9.409,46.955],[9.416,46.955],[9.419,46.951],[9.422,46.95],[9.412,46.946],[9.409,46.949],[9.401,46.948],[9.399,46.943]]],[[[9.412,46.468],[9.408,46.47],[9.402,46.47],[9.396,46.473],[9.396,46.475],[9.399,46.478],[9.409,46.482],[9.408,46.484],[9.409,46.485],[9.416,46.486],[9.42,46.491],[9.419,46.493],[9.422,46.495],[9.429,46.499],[9.432,46.498],[9.425,46.493],[9.426,46.491],[9.423,46.488],[9.423,46.479],[9.421,46.479],[9.415,46.47],[9.412,46.468]]],[[[9.388,46.512],[9.387,46.509],[9.394,46.505],[9.39,46.502],[9.38,46.501],[9.378,46.498],[9.38,46.495],[9.383,46.497],[9.386,46.496],[9.389,46.492],[9.393,46.492],[9.389,46.49],[9.386,46.485],[9.386,46.482],[9.379,46.486],[9.376,46.486],[9.369,46.494],[9.369,46.498],[9.374,46.501],[9.37,46.507],[9.357,46.51],[9.351,46.507],[9.347,46.507],[9.343,46.51],[9.346,46.512],[9.348,46.516],[9.355,46.517],[9.35,46.519],[9.351,46.521],[9.354,46.52],[9.358,46.523],[9.361,46.523],[9.367,46.517],[9.376,46.521],[9.387,46.521],[9.39,46.525],[9.394,46.526],[9.4,46.525],[9.404,46.527],[9.406,46.525],[9.401,46.518],[9.388,46.512]]],[[[9.387,47.235],[9.38,47.233],[9.375,47.236],[9.377,47.238],[9.375,47.241],[9.372,47.241],[9.37,47.238],[9.367,47.237],[9.358,47.245],[9.367,47.246],[9.371,47.244],[9.377,47.245],[9.38,47.241],[9.39,47.241],[9.397,47.238],[9.39,47.238],[9.387,47.235]]],[[[9.397,47.238],[9.395,47.24],[9.399,47.24],[9.397,47.238]]],[[[8.656,46.668],[8.643,46.67],[8.643,46.673],[8.64,46.677],[8.641,46.679],[8.645,46.679],[8.647,46.682],[8.639,46.682],[8.639,46.679],[8.637,46.679],[8.638,46.682],[8.63,46.684],[8.635,46.688],[8.638,46.685],[8.638,46.688],[8.644,46.693],[8.638,46.695],[8.638,46.697],[8.642,46.698],[8.648,46.695],[8.648,46.688],[8.652,46.682],[8.665,46.679],[8.663,46.684],[8.664,46.685],[8.674,46.686],[8.671,46.688],[8.672,46.69],[8.669,46.693],[8.671,46.701],[8.675,46.699],[8.672,46.702],[8.674,46.704],[8.684,46.706],[8.687,46.703],[8.689,46.706],[8.686,46.71],[8.688,46.712],[8.688,46.715],[8.694,46.717],[8.701,46.717],[8.707,46.715],[8.727,46.718],[8.73,46.716],[8.731,46.717],[8.728,46.719],[8.74,46.721],[8.744,46.726],[8.737,46.726],[8.733,46.73],[8.733,46.741],[8.744,46.743],[8.749,46.748],[8.754,46.75],[8.754,46.752],[8.751,46.755],[8.76,46.757],[8.758,46.759],[8.773,46.763],[8.777,46.768],[8.784,46.773],[8.792,46.77],[8.793,46.765],[8.798,46.763],[8.799,46.761],[8.796,46.759],[8.797,46.757],[8.8,46.759],[8.803,46.766],[8.807,46.769],[8.809,46.761],[8.806,46.756],[8.806,46.753],[8.813,46.762],[8.813,46.767],[8.811,46.77],[8.814,46.772],[8.81,46.776],[8.81,46.779],[8.812,46.781],[8.805,46.788],[8.808,46.79],[8.805,46.792],[8.816,46.797],[8.817,46.799],[8.81,46.799],[8.814,46.806],[8.824,46.81],[8.831,46.811],[8.834,46.814],[8.825,46.817],[8.825,46.819],[8.824,46.817],[8.821,46.816],[8.811,46.815],[8.808,46.818],[8.805,46.811],[8.801,46.814],[8.8,46.813],[8.801,46.811],[8.804,46.81],[8.801,46.807],[8.789,46.806],[8.793,46.804],[8.788,46.802],[8.778,46.806],[8.778,46.809],[8.775,46.806],[8.772,46.81],[8.765,46.809],[8.762,46.806],[8.755,46.807],[8.75,46.804],[8.749,46.799],[8.745,46.798],[8.738,46.802],[8.738,46.807],[8.74,46.809],[8.736,46.81],[8.729,46.807],[8.725,46.809],[8.732,46.813],[8.727,46.816],[8.728,46.818],[8.72,46.82],[8.718,46.822],[8.723,46.824],[8.73,46.823],[8.731,46.82],[8.739,46.818],[8.738,46.816],[8.739,46.815],[8.749,46.811],[8.762,46.812],[8.772,46.816],[8.782,46.817],[8.785,46.82],[8.781,46.824],[8.793,46.833],[8.792,46.837],[8.786,46.844],[8.802,46.85],[8.805636363636362,46.84854545454545],[8.804,46.851],[8.806,46.851],[8.806,46.8484],[8.812,46.846],[8.822,46.852],[8.824,46.855],[8.833,46.857],[8.832,46.866],[8.836,46.868],[8.839,46.869],[8.845,46.867],[8.853,46.868],[8.855,46.871],[8.865,46.872],[8.869,46.87],[8.868,46.866],[8.875,46.864],[8.891,46.873],[8.898,46.871],[8.911,46.871],[8.911,46.874],[8.916,46.876],[8.915,46.879],[8.924,46.881],[8.92,46.876],[8.921,46.871],[8.928,46.869],[8.926,46.872],[8.927,46.873],[8.937,46.872],[8.933,46.869],[8.932,46.865],[8.947,46.864],[8.95,46.862],[8.944,46.861],[8.943,46.86],[8.945,46.853],[8.938,46.851],[8.933,46.846],[8.927,46.85],[8.92,46.845],[8.913,46.845],[8.91,46.841],[8.907,46.844],[8.905,46.843],[8.905,46.84],[8.908,46.838],[8.903,46.834],[8.903,46.832],[8.907,46.831],[8.917,46.837],[8.923,46.837],[8.926,46.835],[8.934,46.836],[8.943,46.833],[8.947,46.831],[8.946,46.829],[8.941,46.829],[8.939,46.826],[8.946,46.822],[8.944,46.815],[8.942,46.813],[8.938,46.813],[8.939,46.812],[8.943,46.813],[8.952,46.818],[8.958,46.815],[8.952,46.811],[8.96,46.815],[8.959,46.817],[8.967,46.817],[8.979,46.824],[8.977,46.826],[8.979,46.826],[8.98,46.828],[8.976,46.835],[8.976,46.846],[8.981,46.851],[8.983,46.856],[8.987,46.846],[8.989,46.845],[8.992,46.847],[9.003,46.844],[8.998,46.839],[9.003,46.835],[8.998,46.833],[9.0,46.828],[9.0,46.821],[9.005,46.821],[9.011,46.818],[9.02,46.825],[9.022,46.828],[9.022,46.832],[9.025,46.834],[9.025,46.846],[9.027,46.852],[9.024,46.855],[9.012,46.857],[9.004,46.862],[9.003,46.864],[9.009,46.868],[9.013,46.868],[9.007,46.873],[9.019,46.879],[9.018,46.882],[9.021,46.884],[9.019,46.886],[9.026,46.891],[9.03,46.888],[9.028,46.879],[9.033,46.876],[9.039,46.877],[9.035,46.879],[9.039,46.884],[9.046,46.884],[9.052,46.882],[9.054,46.883],[9.055,46.89],[9.063,46.894],[9.063,46.899],[9.066,46.901],[9.063,46.903],[9.055,46.904],[9.06,46.904],[9.062,46.906],[9.059,46.908],[9.059,46.913],[9.056,46.915],[9.054,46.922],[9.063,46.924],[9.07,46.923],[9.073,46.924],[9.073,46.927],[9.077,46.925],[9.077,46.927],[9.074,46.928],[9.076,46.93],[9.074,46.933],[9.087,46.935],[9.09,46.932],[9.101,46.932],[9.107,46.935],[9.108,46.937],[9.107,46.939],[9.112,46.941],[9.11,46.948],[9.115,46.95],[9.114,46.955],[9.12,46.959],[9.121,46.952],[9.123,46.95],[9.126,46.95],[9.122,46.943],[9.13,46.942],[9.131,46.939],[9.13,46.937],[9.126,46.937],[9.123,46.935],[9.12,46.93],[9.109,46.928],[9.103,46.925],[9.103,46.923],[9.11,46.919],[9.108,46.916],[9.113,46.914],[9.106,46.91],[9.103,46.912],[9.098,46.912],[9.096,46.915],[9.091,46.912],[9.088,46.912],[9.086,46.915],[9.079,46.915],[9.073,46.91],[9.073,46.907],[9.083,46.913],[9.086,46.912],[9.089,46.908],[9.089,46.905],[9.096,46.904],[9.097,46.903],[9.092,46.903],[9.084,46.899],[9.085,46.897],[9.084,46.894],[9.079,46.892],[9.078,46.89],[9.082,46.887],[9.085,46.887],[9.087,46.885],[9.088,46.88],[9.098,46.88],[9.11,46.883],[9.108,46.874],[9.111,46.87],[9.118,46.868],[9.121,46.865],[9.127,46.866],[9.128,46.867],[9.126,46.869],[9.135,46.871],[9.141,46.875],[9.143,46.878],[9.14,46.882],[9.144,46.884],[9.145,46.887],[9.161,46.888],[9.16,46.895],[9.167,46.898],[9.171,46.898],[9.173,46.902],[9.175,46.902],[9.178,46.897],[9.191,46.894],[9.194,46.894],[9.197,46.9],[9.206,46.899],[9.211,46.906],[9.211,46.908],[9.208,46.91],[9.215,46.913],[9.212,46.915],[9.221,46.916],[9.222,46.915],[9.219,46.913],[9.224,46.912],[9.226,46.915],[9.225,46.917],[9.234,46.919],[9.227,46.924],[9.241,46.926],[9.247,46.93],[9.246,46.932],[9.251,46.936],[9.255,46.934],[9.252,46.939],[9.258,46.943],[9.261,46.943],[9.264,46.939],[9.271,46.943],[9.269,46.948],[9.277,46.952],[9.274,46.954],[9.275,46.957],[9.278,46.959],[9.287,46.959],[9.294,46.955],[9.318,46.959],[9.319,46.958],[9.317,46.954],[9.324,46.959],[9.33,46.956],[9.324,46.951],[9.344,46.95],[9.35,46.948],[9.352,46.944],[9.33,46.943],[9.324,46.944],[9.32,46.942],[9.317,46.938],[9.31,46.943],[9.307,46.943],[9.304,46.947],[9.303,46.945],[9.306,46.94],[9.304,46.937],[9.294,46.936],[9.287,46.933],[9.281,46.937],[9.279,46.936],[9.283,46.934],[9.277,46.928],[9.27,46.927],[9.268,46.925],[9.272,46.918],[9.275,46.916],[9.275,46.914],[9.278,46.912],[9.283,46.911],[9.286,46.913],[9.29,46.913],[9.294,46.911],[9.297,46.914],[9.3,46.911],[9.3,46.913],[9.303,46.915],[9.319,46.911],[9.329,46.914],[9.336,46.913],[9.34,46.908],[9.345,46.908],[9.348,46.904],[9.366,46.901],[9.378,46.901],[9.379,46.899],[9.371,46.897],[9.373,46.894],[9.371,46.89],[9.368,46.89],[9.362,46.894],[9.363,46.897],[9.358,46.897],[9.364,46.892],[9.36,46.89],[9.362,46.888],[9.362,46.885],[9.354,46.888],[9.356,46.881],[9.354,46.88],[9.354,46.879],[9.357,46.881],[9.363,46.876],[9.357,46.876],[9.351,46.873],[9.344,46.874],[9.342,46.877],[9.344,46.88],[9.348,46.881],[9.341,46.882],[9.337,46.877],[9.335,46.883],[9.331,46.882],[9.325,46.885],[9.322,46.889],[9.319,46.888],[9.318,46.885],[9.318,46.888],[9.314,46.891],[9.317,46.893],[9.315,46.899],[9.314,46.895],[9.305,46.89],[9.299,46.895],[9.292,46.894],[9.29,46.896],[9.282,46.898],[9.281,46.894],[9.283,46.891],[9.272,46.89],[9.269,46.892],[9.269,46.889],[9.272,46.886],[9.276,46.885],[9.289,46.884],[9.282,46.884],[9.281,46.882],[9.289,46.881],[9.294,46.878],[9.296,46.875],[9.291,46.87],[9.282,46.872],[9.278,46.868],[9.274,46.871],[9.275,46.873],[9.272,46.873],[9.266,46.878],[9.243,46.877],[9.239,46.879],[9.241,46.876],[9.236,46.867],[9.229,46.865],[9.222,46.866],[9.217,46.863],[9.209,46.862],[9.206,46.86],[9.203,46.861],[9.205,46.859],[9.203,46.858],[9.193,46.858],[9.182,46.855],[9.182,46.852],[9.189,46.85],[9.196,46.845],[9.192,46.843],[9.182,46.842],[9.178,46.843],[9.176,46.848],[9.171,46.85],[9.163,46.857],[9.149,46.853],[9.147,46.848],[9.14,46.849],[9.137,46.847],[9.133,46.847],[9.129,46.849],[9.116,46.849],[9.114,46.847],[9.097,46.854],[9.096,46.849],[9.091,46.844],[9.084,46.847],[9.074,46.848],[9.077,46.839],[9.091,46.833],[9.087,46.833],[9.084,46.831],[9.084,46.828],[9.077,46.831],[9.061,46.828],[9.059,46.827],[9.057,46.822],[9.049,46.821],[9.051,46.818],[9.041,46.819],[9.028,46.818],[9.024,46.815],[9.014,46.814],[9.008,46.811],[8.991,46.808],[8.985,46.809],[8.979,46.806],[8.983,46.801],[8.981,46.799],[8.988,46.799],[8.991,46.797],[8.997,46.798],[9.004,46.797],[9.017,46.801],[9.02,46.798],[9.017,46.797],[9.015,46.794],[9.017,46.792],[9.021,46.792],[9.004,46.791],[9.001,46.793],[8.994,46.787],[8.984,46.787],[8.981,46.785],[8.964,46.788],[8.96,46.786],[8.954,46.779],[8.948,46.78],[8.941,46.774],[8.938,46.775],[8.932,46.773],[8.931,46.768],[8.928,46.771],[8.918,46.765],[8.916,46.771],[8.922,46.777],[8.922,46.78],[8.91,46.773],[8.914,46.771],[8.912,46.768],[8.905,46.768],[8.9,46.773],[8.907,46.78],[8.906,46.784],[8.905,46.786],[8.904,46.784],[8.898,46.784],[8.897,46.787],[8.894,46.789],[8.897,46.793],[8.894,46.798],[8.897,46.8],[8.896,46.801],[8.89,46.796],[8.889,46.792],[8.889,46.796],[8.886,46.8],[8.882,46.798],[8.882,46.796],[8.879,46.794],[8.87,46.798],[8.868,46.796],[8.871,46.794],[8.872,46.791],[8.863,46.794],[8.873,46.784],[8.867,46.773],[8.863,46.777],[8.851,46.783],[8.844,46.783],[8.844,46.778],[8.836,46.781],[8.851,46.765],[8.848,46.762],[8.843,46.761],[8.841,46.756],[8.838,46.754],[8.839,46.753],[8.849,46.76],[8.852,46.757],[8.859,46.757],[8.868,46.753],[8.871,46.749],[8.861,46.744],[8.86,46.74],[8.862,46.738],[8.861,46.735],[8.849,46.737],[8.845,46.733],[8.842,46.733],[8.84,46.731],[8.841,46.729],[8.838,46.728],[8.822,46.73],[8.819,46.732],[8.808,46.727],[8.806,46.724],[8.799,46.724],[8.793,46.726],[8.791,46.725],[8.797,46.72],[8.796,46.718],[8.792,46.718],[8.789,46.712],[8.782,46.711],[8.774,46.716],[8.773,46.719],[8.77,46.717],[8.765,46.721],[8.763,46.723],[8.764,46.728],[8.76,46.732],[8.756,46.732],[8.753,46.737],[8.754,46.739],[8.75,46.738],[8.745,46.734],[8.74,46.735],[8.74,46.733],[8.742,46.732],[8.737,46.73],[8.744,46.729],[8.747,46.734],[8.752,46.732],[8.748,46.719],[8.75,46.717],[8.753,46.705],[8.752,46.701],[8.749,46.699],[8.743,46.699],[8.737,46.705],[8.731,46.705],[8.733,46.707],[8.737,46.706],[8.737,46.708],[8.727,46.707],[8.723,46.704],[8.72,46.707],[8.717,46.706],[8.723,46.703],[8.725,46.694],[8.72,46.693],[8.717,46.694],[8.716,46.692],[8.713,46.691],[8.707,46.698],[8.705,46.697],[8.704,46.694],[8.7,46.697],[8.699,46.694],[8.701,46.69],[8.694,46.688],[8.696,46.686],[8.694,46.683],[8.687,46.685],[8.687,46.681],[8.684,46.681],[8.682,46.679],[8.681,46.674],[8.679,46.672],[8.673,46.672],[8.675,46.677],[8.674,46.679],[8.67,46.674],[8.667,46.674],[8.662,46.67],[8.656,46.668]],[[9.103,46.923],[9.099,46.921],[9.102,46.921],[9.103,46.923]]],[[[8.775,46.806],[8.772,46.801],[8.756,46.797],[8.757,46.8],[8.754,46.802],[8.755,46.806],[8.765,46.804],[8.772,46.807],[8.775,46.806]]],[[[8.729,46.807],[8.737,46.8],[8.735,46.796],[8.731,46.795],[8.726,46.799],[8.722,46.799],[8.712,46.796],[8.711,46.8],[8.719,46.805],[8.725,46.804],[8.729,46.807]]],[[[8.739,46.818],[8.738,46.82],[8.741,46.82],[8.739,46.818]]],[[[9.054,46.922],[9.052,46.919],[9.05,46.919],[9.043,46.924],[9.047,46.925],[9.054,46.922]]],[[[9.258,46.943],[9.251,46.941],[9.248,46.935],[9.235,46.937],[9.229,46.939],[9.234,46.942],[9.232,46.943],[9.228,46.94],[9.227,46.942],[9.228,46.945],[9.23,46.946],[9.228,46.953],[9.225,46.954],[9.219,46.951],[9.217,46.953],[9.219,46.956],[9.226,46.958],[9.226,46.96],[9.229,46.961],[9.232,46.965],[9.242,46.968],[9.245,46.965],[9.256,46.964],[9.255,46.958],[9.249,46.963],[9.248,46.959],[9.245,46.957],[9.252,46.957],[9.254,46.955],[9.256,46.95],[9.248,46.948],[9.247,46.946],[9.255,46.945],[9.258,46.943]]],[[[8.931,46.768],[8.931,46.766],[8.926,46.766],[8.928,46.769],[8.931,46.768]]],[[[9.361,47.252],[9.351,47.245],[9.347,47.246],[9.341,47.249],[9.334,47.246],[9.324,47.245],[9.319,47.248],[9.326,47.25],[9.328,47.252],[9.334,47.252],[9.338,47.254],[9.342,47.259],[9.358,47.268],[9.362,47.266],[9.363,47.263],[9.351,47.255],[9.349,47.252],[9.361,47.252]]],[[[9.319,46.632],[9.306,46.63],[9.306,46.639],[9.31,46.639],[9.316,46.642],[9.326,46.64],[9.336,46.644],[9.341,46.643],[9.337,46.641],[9.342,46.638],[9.336,46.632],[9.323,46.634],[9.319,46.632]]],[[[9.279,46.493],[9.275,46.492],[9.273,46.498],[9.274,46.502],[9.279,46.507],[9.292,46.504],[9.29,46.506],[9.292,46.508],[9.299,46.509],[9.301,46.511],[9.308,46.513],[9.323,46.508],[9.315,46.505],[9.308,46.505],[9.302,46.501],[9.282,46.499],[9.28,46.498],[9.279,46.493]]],[[[9.182,47.019],[9.178,47.024],[9.175,47.019],[9.171,47.021],[9.172,47.026],[9.165,47.029],[9.152,47.031],[9.152,47.033],[9.156,47.037],[9.166,47.04],[9.182,47.039],[9.192,47.045],[9.196,47.045],[9.199,47.042],[9.203,47.041],[9.205,47.045],[9.212,47.044],[9.214,47.045],[9.212,47.054],[9.218,47.056],[9.218,47.059],[9.221,47.061],[9.216,47.063],[9.215,47.068],[9.216,47.069],[9.222,47.068],[9.226,47.066],[9.229,47.068],[9.229,47.072],[9.235,47.067],[9.232,47.064],[9.229,47.065],[9.226,47.061],[9.23,47.059],[9.23,47.056],[9.221,47.05],[9.223,47.047],[9.217,47.045],[9.216,47.043],[9.218,47.04],[9.22,47.043],[9.225,47.045],[9.228,47.044],[9.243,47.047],[9.243,47.043],[9.248,47.038],[9.251,47.036],[9.257,47.036],[9.252,47.027],[9.252,47.022],[9.254,47.02],[9.267,47.018],[9.287,47.022],[9.297,47.017],[9.301,47.017],[9.303,47.02],[9.31,47.022],[9.321,47.021],[9.317,47.019],[9.318,47.017],[9.31,47.015],[9.309,47.01],[9.306,47.008],[9.293,47.012],[9.289,47.008],[9.289,47.001],[9.293,46.996],[9.292,46.994],[9.286,46.995],[9.281,46.993],[9.28,46.99],[9.278,46.99],[9.276,46.994],[9.277,47.002],[9.267,47.004],[9.263,47.003],[9.257,46.995],[9.252,46.993],[9.248,46.989],[9.245,46.989],[9.246,46.993],[9.236,46.998],[9.24,47.0],[9.24,47.006],[9.236,47.007],[9.24,47.009],[9.229,47.016],[9.221,47.017],[9.217,47.012],[9.213,47.012],[9.211,47.001],[9.209,47.0],[9.206,46.994],[9.2,46.994],[9.195,46.998],[9.204,47.007],[9.207,47.014],[9.208,47.021],[9.206,47.03],[9.208,47.033],[9.212,47.032],[9.209,47.034],[9.205,47.035],[9.195,47.032],[9.196,47.03],[9.193,47.028],[9.194,47.023],[9.193,47.021],[9.188,47.018],[9.182,47.019]],[[9.182,47.019],[9.185,47.02],[9.189,47.025],[9.188,47.026],[9.183,47.023],[9.184,47.021],[9.182,47.019]]],[[[9.278,46.38],[9.272,46.383],[9.274,46.385],[9.271,46.39],[9.272,46.392],[9.27,46.394],[9.27,46.397],[9.267,46.399],[9.275,46.401],[9.277,46.396],[9.276,46.392],[9.278,46.388],[9.282,46.389],[9.284,46.387],[9.278,46.38]]],[[[9.245,46.444],[9.241,46.446],[9.238,46.445],[9.235,46.449],[9.231,46.451],[9.234,46.453],[9.231,46.458],[9.231,46.462],[9.222,46.47],[9.221,46.474],[9.217,46.476],[9.22,46.478],[9.22,46.481],[9.216,46.484],[9.217,46.488],[9.233,46.496],[9.24,46.496],[9.243,46.499],[9.246,46.499],[9.246,46.496],[9.239,46.493],[9.231,46.485],[9.233,46.483],[9.244,46.48],[9.246,46.476],[9.245,46.471],[9.238,46.463],[9.238,46.46],[9.248,46.46],[9.26,46.464],[9.262,46.466],[9.265,46.476],[9.268,46.475],[9.269,46.478],[9.266,46.484],[9.267,46.487],[9.273,46.487],[9.272,46.48],[9.277,46.475],[9.273,46.473],[9.273,46.466],[9.276,46.464],[9.275,46.459],[9.261,46.45],[9.251,46.45],[9.245,46.446],[9.245,46.444]]],[[[9.274,46.376],[9.275,46.381],[9.276,46.369],[9.274,46.367],[9.269,46.37],[9.271,46.372],[9.271,46.375],[9.274,46.376]]],[[[9.255,46.577],[9.249,46.572],[9.248,46.575],[9.232,46.575],[9.226,46.579],[9.222,46.584],[9.223,46.586],[9.226,46.586],[9.243,46.583],[9.259,46.584],[9.26,46.583],[9.258,46.581],[9.266,46.581],[9.266,46.579],[9.255,46.577]]],[[[9.24,46.593],[9.236,46.592],[9.235,46.593],[9.236,46.6],[9.243,46.602],[9.246,46.605],[9.251,46.604],[9.252,46.602],[9.246,46.601],[9.24,46.593]]],[[[9.215,46.942],[9.213,46.944],[9.214,46.949],[9.209,46.949],[9.205,46.951],[9.215,46.953],[9.218,46.951],[9.219,46.946],[9.215,46.942]]],[[[9.181,46.389],[9.171,46.383],[9.163,46.389],[9.171,46.391],[9.174,46.39],[9.181,46.392],[9.182,46.391],[9.181,46.389]]],[[[9.166,47.05],[9.15,47.047],[9.148,47.049],[9.151,47.051],[9.149,47.053],[9.166,47.06],[9.173,47.061],[9.177,47.064],[9.177,47.066],[9.181,47.066],[9.182,47.064],[9.18,47.06],[9.173,47.053],[9.169,47.053],[9.166,47.05]]],[[[9.141,46.531],[9.123,46.528],[9.122,46.529],[9.12,46.532],[9.12,46.538],[9.118,46.543],[9.133,46.545],[9.133,46.547],[9.124,46.548],[9.122,46.55],[9.124,46.557],[9.141,46.56],[9.142,46.558],[9.139,46.554],[9.14,46.551],[9.147,46.547],[9.15,46.55],[9.163,46.549],[9.163,46.546],[9.16,46.542],[9.166,46.543],[9.169,46.542],[9.17,46.54],[9.166,46.537],[9.146,46.535],[9.141,46.531]]],[[[9.142,47.017],[9.136,47.019],[9.127,47.026],[9.126,47.035],[9.127,47.038],[9.124,47.042],[9.124,47.047],[9.127,47.048],[9.13,47.045],[9.14,47.046],[9.143,47.048],[9.146,47.046],[9.147,47.044],[9.145,47.04],[9.148,47.037],[9.148,47.033],[9.152,47.03],[9.155,47.024],[9.153,47.021],[9.154,47.017],[9.152,47.016],[9.149,47.017],[9.145,47.013],[9.142,47.017]],[[9.142,47.017],[9.146,47.019],[9.145,47.021],[9.142,47.017]]],[[[9.09,46.435],[9.088,46.433],[9.078,46.434],[9.076,46.438],[9.08,46.442],[9.072,46.447],[9.075,46.449],[9.079,46.449],[9.082,46.453],[9.081,46.456],[9.085,46.458],[9.086,46.472],[9.07,46.474],[9.067,46.476],[9.07,46.479],[9.057,46.475],[9.05,46.476],[9.044,46.482],[9.036,46.483],[9.036,46.486],[9.042,46.49],[9.031,46.495],[9.018,46.492],[9.015,46.495],[9.024,46.499],[9.023,46.502],[9.018,46.5],[9.015,46.502],[9.011,46.508],[9.015,46.512],[9.019,46.51],[9.019,46.511],[9.012,46.514],[9.008,46.517],[9.009,46.518],[9.017,46.52],[9.019,46.516],[9.025,46.514],[9.032,46.519],[9.033,46.515],[9.03,46.513],[9.032,46.508],[9.038,46.515],[9.041,46.513],[9.048,46.516],[9.054,46.514],[9.056,46.515],[9.054,46.519],[9.049,46.521],[9.052,46.524],[9.055,46.523],[9.047,46.53],[9.05,46.533],[9.052,46.534],[9.058,46.531],[9.062,46.531],[9.068,46.533],[9.07,46.53],[9.074,46.528],[9.067,46.519],[9.068,46.517],[9.071,46.52],[9.084,46.519],[9.091,46.523],[9.1,46.519],[9.103,46.516],[9.1,46.512],[9.097,46.511],[9.093,46.511],[9.092,46.514],[9.09,46.515],[9.088,46.512],[9.08,46.51],[9.077,46.511],[9.074,46.51],[9.067,46.513],[9.064,46.509],[9.061,46.508],[9.051,46.508],[9.049,46.499],[9.051,46.495],[9.063,46.499],[9.083,46.5],[9.085,46.498],[9.084,46.494],[9.086,46.492],[9.089,46.494],[9.103,46.491],[9.122,46.491],[9.126,46.493],[9.127,46.491],[9.125,46.49],[9.124,46.484],[9.128,46.483],[9.132,46.485],[9.136,46.482],[9.133,46.475],[9.148,46.473],[9.145,46.468],[9.142,46.468],[9.141,46.471],[9.138,46.469],[9.13,46.468],[9.129,46.473],[9.122,46.477],[9.118,46.477],[9.115,46.479],[9.098,46.478],[9.1,46.473],[9.109,46.469],[9.109,46.467],[9.106,46.462],[9.106,46.458],[9.092,46.45],[9.086,46.444],[9.09,46.44],[9.09,46.435]]],[[[9.119,47.049],[9.11,47.046],[9.109,47.049],[9.114,47.053],[9.113,47.058],[9.114,47.059],[9.13,47.062],[9.131,47.06],[9.127,47.056],[9.13,47.057],[9.132,47.056],[9.13,47.05],[9.119,47.049]]],[[[9.084,46.39],[9.081,46.393],[9.081,46.395],[9.085,46.399],[9.083,46.402],[9.09,46.405],[9.095,46.404],[9.096,46.401],[9.089,46.397],[9.087,46.391],[9.084,46.39]]],[[[9.09,46.933],[9.085,46.937],[9.09,46.938],[9.095,46.937],[9.09,46.933]]],[[[9.076,46.539],[9.056,46.537],[9.053,46.539],[9.054,46.542],[9.059,46.542],[9.062,46.546],[9.065,46.547],[9.073,46.546],[9.071,46.544],[9.071,46.541],[9.075,46.541],[9.076,46.539]]],[[[9.073,46.582],[9.056,46.58],[9.05,46.585],[9.047,46.582],[9.038,46.582],[9.039,46.589],[9.035,46.596],[9.044,46.599],[9.047,46.597],[9.057,46.597],[9.059,46.595],[9.055,46.593],[9.056,46.591],[9.072,46.586],[9.074,46.584],[9.073,46.582]]],[[[9.031,46.598],[9.018,46.602],[9.016,46.603],[9.018,46.605],[9.01,46.607],[9.009,46.61],[9.004,46.614],[9.005,46.616],[9.015,46.616],[9.018,46.613],[9.022,46.613],[9.022,46.616],[9.024,46.618],[9.018,46.623],[9.022,46.626],[9.032,46.624],[9.032,46.62],[9.027,46.618],[9.035,46.611],[9.038,46.612],[9.041,46.609],[9.041,46.607],[9.037,46.605],[9.031,46.598]]],[[[9.04,46.659],[9.02,46.657],[9.016,46.659],[9.016,46.662],[9.04,46.659]]],[[[9.037,46.564],[9.026,46.556],[9.023,46.559],[9.023,46.562],[9.027,46.562],[9.029,46.564],[9.027,46.569],[9.022,46.571],[9.027,46.576],[9.025,46.578],[9.027,46.581],[9.03,46.582],[9.033,46.58],[9.03,46.576],[9.029,46.571],[9.033,46.573],[9.036,46.571],[9.035,46.569],[9.037,46.568],[9.037,46.564]]],[[[9.027,46.537],[9.019,46.529],[9.009,46.533],[9.003,46.538],[9.003,46.541],[9.006,46.543],[9.01,46.542],[9.013,46.544],[9.019,46.542],[9.02,46.549],[9.03,46.552],[9.032,46.551],[9.033,46.548],[9.031,46.544],[9.027,46.542],[9.027,46.537]]],[[[9.03,46.524],[9.022,46.518],[9.019,46.52],[9.019,46.526],[9.025,46.531],[9.029,46.531],[9.028,46.526],[9.03,46.524]]],[[[8.853,46.875],[8.849,46.875],[8.839,46.881],[8.829,46.884],[8.816,46.881],[8.806,46.885],[8.793,46.886],[8.79,46.889],[8.764,46.895],[8.76,46.898],[8.772,46.905],[8.772,46.91],[8.769,46.912],[8.769,46.914],[8.771,46.917],[8.778,46.921],[8.78,46.918],[8.788,46.919],[8.799,46.916],[8.798,46.918],[8.817,46.926],[8.821,46.925],[8.825,46.918],[8.824,46.916],[8.821,46.916],[8.824,46.909],[8.82,46.908],[8.814,46.913],[8.81,46.914],[8.81,46.911],[8.804,46.912],[8.791,46.91],[8.79,46.909],[8.792,46.907],[8.798,46.905],[8.794,46.902],[8.787,46.905],[8.78,46.903],[8.784,46.903],[8.79,46.899],[8.798,46.9],[8.8,46.902],[8.807,46.901],[8.808,46.9],[8.804,46.896],[8.804,46.893],[8.809,46.889],[8.813,46.893],[8.817,46.893],[8.819,46.896],[8.823,46.895],[8.824,46.893],[8.836,46.894],[8.837,46.893],[8.835,46.891],[8.846,46.89],[8.859,46.893],[8.86,46.895],[8.865,46.897],[8.858,46.904],[8.859,46.906],[8.865,46.906],[8.864,46.908],[8.866,46.91],[8.869,46.906],[8.872,46.908],[8.868,46.911],[8.878,46.911],[8.873,46.908],[8.876,46.907],[8.879,46.908],[8.881,46.911],[8.877,46.915],[8.882,46.92],[8.889,46.922],[8.887,46.924],[8.873,46.922],[8.871,46.924],[8.862,46.924],[8.859,46.927],[8.867,46.929],[8.869,46.933],[8.867,46.936],[8.864,46.936],[8.859,46.94],[8.86,46.942],[8.862,46.942],[8.864,46.947],[8.867,46.948],[8.87,46.947],[8.865,46.944],[8.865,46.942],[8.867,46.941],[8.874,46.944],[8.88,46.943],[8.882,46.946],[8.881,46.949],[8.874,46.953],[8.871,46.952],[8.866,46.953],[8.866,46.956],[8.871,46.956],[8.874,46.959],[8.894,46.964],[8.898,46.969],[8.894,46.969],[8.891,46.971],[8.874,46.97],[8.871,46.973],[8.87,46.983],[8.872,46.987],[8.87,46.989],[8.872,46.994],[8.878,46.999],[8.878,47.003],[8.881,47.005],[8.888,47.007],[8.892,47.006],[8.892,47.009],[8.895,47.011],[8.902,47.008],[8.905,47.011],[8.911,47.007],[8.911,47.004],[8.915,47.004],[8.918,47.001],[8.927,46.998],[8.931,46.992],[8.936,46.989],[8.927,46.982],[8.926,46.977],[8.928,46.977],[8.93,46.981],[8.936,46.984],[8.937,46.987],[8.944,46.987],[8.95,46.98],[8.952,46.984],[8.955,46.986],[8.955,46.993],[8.967,46.994],[8.974,46.997],[8.965,46.999],[8.965,47.002],[8.969,47.004],[8.967,47.008],[8.954,47.007],[8.944,47.009],[8.942,47.011],[8.944,47.013],[8.954,47.012],[8.961,47.009],[8.964,47.009],[8.965,47.011],[8.968,47.012],[8.974,47.009],[8.981,47.008],[8.984,47.01],[8.983,47.015],[9.001,47.016],[9.007,47.012],[9.02,47.018],[9.026,47.014],[9.024,47.012],[9.027,47.01],[9.027,47.007],[9.017,47.005],[9.01,47.0],[9.007,47.001],[9.0,46.996],[8.992,46.995],[8.987,46.99],[8.982,46.988],[8.981024390243899,46.98629268292682],[8.987,46.988],[8.997,46.994],[9.001,46.994],[9.003,46.996],[9.005,46.994],[9.002,46.99],[9.004,46.988],[9.003,46.985],[8.999,46.985],[9.003,46.981],[8.986,46.982],[8.983,46.98],[8.98,46.983],[8.98,46.984500000000004],[8.978,46.981],[8.954,46.973],[8.966,46.969],[8.979,46.969],[8.985,46.965],[8.984,46.963],[8.979,46.963],[8.967,46.959],[8.954,46.943],[8.954,46.939],[8.957,46.934],[8.965,46.931],[8.965,46.929],[8.955,46.928],[8.952,46.926],[8.935,46.922],[8.925,46.916],[8.912,46.913],[8.906,46.909],[8.902,46.909],[8.899,46.906],[8.888,46.904],[8.882,46.897],[8.873,46.895],[8.874,46.89],[8.876,46.888],[8.875,46.887],[8.872,46.887],[8.866,46.881],[8.862,46.881],[8.86,46.879],[8.853,46.877],[8.853,46.875]],[[8.957,46.968],[8.96,46.97],[8.955,46.968],[8.96,46.965],[8.963,46.966],[8.957,46.968]]],[[[9.01,47.062],[8.985,47.058],[8.983,47.06],[8.985,47.062],[8.995,47.06],[8.999,47.063],[9.01,47.062]]],[[[8.996,46.466],[8.992,46.466],[8.994,46.47],[8.987,46.473],[8.989,46.475],[8.987,46.477],[8.988,46.48],[8.997,46.473],[8.995,46.47],[8.996,46.466]]],[[[8.969,46.603],[8.953,46.598],[8.946,46.606],[8.945,46.611],[8.953,46.614],[8.969,46.616],[8.978,46.612],[8.989,46.61],[8.993,46.605],[8.969,46.603]]],[[[8.867,46.569],[8.851,46.565],[8.831,46.565],[8.818,46.573],[8.811,46.574],[8.816,46.576],[8.814,46.578],[8.818,46.581],[8.815,46.586],[8.819,46.59],[8.82,46.587],[8.827,46.587],[8.827,46.59],[8.832,46.59],[8.835,46.595],[8.84,46.592],[8.838,46.588],[8.831,46.582],[8.831,46.58],[8.835,46.58],[8.836,46.583],[8.841,46.584],[8.848,46.575],[8.851,46.58],[8.859,46.582],[8.867,46.589],[8.871,46.588],[8.873,46.584],[8.879,46.584],[8.887,46.586],[8.887,46.589],[8.893,46.593],[8.906,46.595],[8.908,46.598],[8.9,46.601],[8.881,46.604],[8.881,46.609],[8.878,46.611],[8.873,46.611],[8.867,46.618],[8.866,46.621],[8.872,46.623],[8.875,46.626],[8.878,46.624],[8.885,46.629],[8.884,46.632],[8.888,46.631],[8.891,46.628],[8.893,46.629],[8.891,46.632],[8.895,46.633],[8.897,46.636],[8.921,46.641],[8.926,46.638],[8.931,46.63],[8.932,46.633],[8.93,46.635],[8.934,46.638],[8.93,46.64],[8.941,46.643],[8.951,46.643],[8.954,46.64],[8.957,46.642],[8.964,46.643],[8.966,46.642],[8.963,46.64],[8.964,46.639],[8.967,46.641],[8.97,46.636],[8.973,46.64],[8.98,46.639],[8.983,46.641],[8.986,46.635],[8.99,46.636],[8.993,46.635],[8.993,46.627],[8.983,46.623],[8.976,46.623],[8.97,46.625],[8.966,46.624],[8.964,46.622],[8.965,46.619],[8.96,46.616],[8.95,46.617],[8.947,46.615],[8.943,46.615],[8.94,46.619],[8.934,46.618],[8.932,46.62],[8.927,46.621],[8.922,46.62],[8.916,46.613],[8.917,46.612],[8.92,46.614],[8.922,46.613],[8.921,46.611],[8.916,46.609],[8.92,46.608],[8.923,46.605],[8.927,46.605],[8.927,46.602],[8.921,46.6],[8.919,46.595],[8.911,46.591],[8.91,46.589],[8.913,46.582],[8.91,46.58],[8.903,46.579],[8.897,46.582],[8.887,46.576],[8.883,46.577],[8.87,46.574],[8.867,46.569]]],[[[8.922,47.043],[8.909,47.042],[8.906,47.043],[8.905,47.045],[8.906,47.047],[8.916,47.049],[8.919,47.048],[8.923,47.05],[8.929,47.05],[8.932,47.048],[8.936,47.049],[8.937,47.047],[8.922,47.043]]],[[[8.936,47.049],[8.939,47.054],[8.936,47.056],[8.943,47.063],[8.949,47.065],[8.95,47.063],[8.947,47.058],[8.948,47.054],[8.94,47.049],[8.936,47.049]]],[[[8.854,47.005],[8.846,47.004],[8.838,47.008],[8.842,47.008],[8.846,47.012],[8.849,47.008],[8.851,47.01],[8.856,47.01],[8.857,47.008],[8.854,47.005]]],[[[8.607,46.554],[8.599,46.552],[8.596,46.556],[8.6,46.563],[8.608,46.565],[8.611,46.569],[8.606,46.571],[8.596,46.57],[8.591,46.565],[8.59,46.562],[8.583,46.563],[8.577,46.562],[8.567,46.565],[8.574,46.572],[8.578,46.572],[8.581,46.574],[8.575,46.577],[8.57,46.577],[8.57,46.59],[8.58,46.585],[8.591,46.585],[8.593,46.587],[8.597,46.587],[8.593,46.589],[8.593,46.592],[8.595,46.594],[8.586,46.601],[8.588,46.603],[8.588,46.608],[8.591,46.61],[8.593,46.608],[8.597,46.608],[8.6,46.61],[8.599,46.612],[8.601,46.614],[8.604,46.613],[8.614,46.616],[8.62,46.611],[8.623,46.614],[8.63,46.612],[8.633,46.607],[8.64,46.608],[8.643,46.604],[8.647,46.603],[8.648,46.598],[8.646,46.596],[8.639,46.593],[8.633,46.596],[8.629,46.595],[8.626,46.597],[8.625,46.594],[8.629,46.59],[8.639,46.587],[8.642,46.589],[8.646,46.588],[8.648,46.585],[8.645,46.583],[8.645,46.581],[8.65,46.587],[8.648,46.589],[8.649,46.59],[8.652,46.591],[8.653,46.589],[8.656,46.589],[8.662,46.592],[8.675,46.591],[8.676,46.594],[8.687,46.605],[8.688,46.614],[8.693,46.614],[8.695,46.611],[8.702,46.615],[8.706,46.613],[8.708,46.608],[8.704,46.6],[8.705,46.599],[8.708,46.6],[8.713,46.593],[8.71,46.586],[8.711,46.584],[8.716,46.589],[8.717,46.593],[8.72,46.595],[8.724,46.592],[8.726,46.593],[8.725,46.597],[8.728,46.6],[8.728,46.605],[8.726,46.606],[8.727,46.609],[8.744,46.611],[8.743,46.604],[8.745,46.6],[8.739,46.591],[8.74,46.587],[8.75,46.601],[8.754,46.601],[8.756,46.599],[8.755,46.597],[8.757,46.596],[8.757,46.6],[8.755,46.602],[8.757,46.602],[8.761,46.606],[8.761,46.611],[8.766,46.615],[8.767,46.618],[8.772,46.619],[8.774,46.625],[8.779,46.626],[8.78,46.629],[8.787,46.63],[8.79,46.637],[8.794,46.636],[8.8,46.64],[8.804,46.635],[8.791,46.624],[8.796,46.621],[8.796,46.617],[8.8,46.615],[8.801,46.612],[8.8,46.61],[8.793,46.608],[8.787,46.604],[8.786,46.601],[8.789,46.597],[8.786,46.593],[8.78,46.594],[8.776,46.592],[8.766,46.592],[8.763,46.593],[8.764,46.59],[8.762,46.586],[8.769,46.582],[8.773,46.578],[8.773,46.576],[8.767,46.572],[8.759,46.571],[8.745,46.573],[8.74,46.571],[8.738,46.573],[8.73,46.573],[8.723,46.575],[8.718,46.568],[8.72,46.567],[8.725,46.571],[8.733,46.571],[8.737,46.569],[8.736,46.566],[8.74,46.565],[8.766,46.564],[8.75,46.554],[8.746,46.554],[8.739,46.557],[8.73,46.556],[8.72,46.561],[8.7,46.561],[8.688,46.566],[8.684,46.565],[8.686,46.569],[8.683,46.575],[8.685,46.578],[8.691,46.576],[8.69,46.58],[8.685,46.581],[8.674,46.58],[8.672,46.573],[8.662,46.572],[8.642,46.566],[8.635,46.566],[8.632,46.563],[8.62,46.558],[8.609,46.556],[8.607,46.554]]],[[[8.791,46.524],[8.784,46.519],[8.78,46.52],[8.778,46.529],[8.784,46.528],[8.788,46.529],[8.791,46.526],[8.797,46.528],[8.801,46.527],[8.802,46.525],[8.801,46.524],[8.797,46.526],[8.791,46.524]]],[[[8.777,46.545],[8.772,46.544],[8.765,46.547],[8.763,46.55],[8.765,46.554],[8.783,46.561],[8.782,46.552],[8.777,46.55],[8.778,46.548],[8.785,46.552],[8.785,46.547],[8.778,46.547],[8.777,46.545]]],[[[8.777,46.523],[8.774,46.522],[8.771,46.523],[8.765,46.528],[8.758,46.528],[8.755,46.531],[8.762,46.534],[8.765,46.531],[8.768,46.531],[8.772,46.527],[8.777,46.525],[8.777,46.523]]],[[[8.749,46.423],[8.746,46.416],[8.743,46.417],[8.745,46.42],[8.74,46.424],[8.733,46.423],[8.73,46.427],[8.727,46.427],[8.717,46.432],[8.71,46.431],[8.704,46.436],[8.706,46.44],[8.702,46.447],[8.704,46.449],[8.711,46.445],[8.717,46.445],[8.716,46.442],[8.73,46.439],[8.734,46.44],[8.734,46.435],[8.737,46.434],[8.74,46.436],[8.742,46.433],[8.759,46.433],[8.763,46.438],[8.775,46.435],[8.772,46.432],[8.766,46.434],[8.764,46.433],[8.769,46.43],[8.765,46.426],[8.759,46.426],[8.753,46.423],[8.749,46.423]]],[[[8.711,46.917],[8.709,46.916],[8.702,46.918],[8.702,46.924],[8.697,46.928],[8.699,46.93],[8.703,46.929],[8.709,46.925],[8.71,46.928],[8.704,46.933],[8.715,46.937],[8.719,46.942],[8.729,46.944],[8.732,46.94],[8.733,46.942],[8.744,46.946],[8.744,46.948],[8.746,46.949],[8.75,46.948],[8.756,46.95],[8.756,46.947],[8.752,46.941],[8.742,46.935],[8.729,46.931],[8.714,46.919],[8.709,46.919],[8.711,46.917]]],[[[8.752,46.905],[8.751,46.897],[8.745,46.9],[8.732,46.903],[8.726,46.908],[8.742,46.908],[8.745,46.91],[8.752,46.905]]],[[[8.739,46.615],[8.734,46.613],[8.73,46.615],[8.729,46.618],[8.732,46.622],[8.731,46.624],[8.735,46.625],[8.738,46.622],[8.741,46.625],[8.746,46.624],[8.741,46.618],[8.739,46.618],[8.739,46.615]]],[[[8.735,46.915],[8.725,46.913],[8.715,46.917],[8.725,46.922],[8.744,46.921],[8.743,46.919],[8.735,46.915]]],[[[8.721,46.831],[8.719,46.831],[8.719,46.834],[8.715,46.838],[8.719,46.845],[8.716,46.847],[8.717,46.848],[8.727,46.847],[8.729,46.84],[8.731,46.838],[8.72,46.834],[8.721,46.831]]],[[[8.708,46.724],[8.701,46.72],[8.698,46.722],[8.694,46.721],[8.688,46.725],[8.685,46.722],[8.679,46.728],[8.681,46.73],[8.685,46.728],[8.688,46.73],[8.69,46.728],[8.695,46.729],[8.701,46.725],[8.704,46.726],[8.703,46.728],[8.704,46.729],[8.709,46.726],[8.708,46.724]]],[[[8.69,46.474],[8.685,46.474],[8.686,46.48],[8.676,46.477],[8.673,46.479],[8.676,46.481],[8.679,46.48],[8.676,46.483],[8.677,46.486],[8.683,46.486],[8.686,46.481],[8.689,46.484],[8.693,46.479],[8.69,46.474]]],[[[8.683,46.744],[8.682,46.736],[8.679,46.737],[8.676,46.74],[8.679,46.742],[8.678,46.746],[8.68,46.749],[8.688,46.751],[8.687,46.746],[8.683,46.744]]],[[[8.678,46.621],[8.676,46.619],[8.666,46.619],[8.655,46.632],[8.66,46.636],[8.663,46.633],[8.669,46.633],[8.677,46.627],[8.678,46.621]]],[[[8.658,46.636],[8.653,46.635],[8.647,46.636],[8.648,46.639],[8.644,46.641],[8.65,46.645],[8.655,46.645],[8.654,46.649],[8.649,46.65],[8.66,46.658],[8.662,46.657],[8.663,46.653],[8.668,46.652],[8.667,46.65],[8.663,46.649],[8.662,46.645],[8.656,46.641],[8.658,46.636]]],[[[8.345,46.567],[8.343,46.57],[8.346,46.572],[8.348,46.579],[8.345,46.585],[8.339,46.588],[8.346,46.592],[8.341,46.594],[8.344,46.599],[8.34,46.601],[8.34,46.606],[8.337,46.608],[8.343,46.612],[8.346,46.612],[8.347,46.617],[8.352,46.621],[8.346,46.623],[8.343,46.629],[8.338,46.63],[8.337,46.635],[8.333,46.638],[8.327,46.631],[8.324,46.633],[8.325,46.635],[8.322,46.64],[8.328,46.658],[8.327,46.661],[8.333,46.664],[8.33,46.666],[8.317,46.665],[8.316,46.669],[8.318,46.671],[8.316,46.673],[8.306,46.676],[8.313,46.682],[8.311,46.683],[8.301,46.684],[8.295,46.689],[8.285,46.691],[8.283,46.692],[8.284,46.694],[8.282,46.696],[8.279,46.693],[8.275,46.693],[8.268,46.696],[8.292,46.698],[8.299,46.703],[8.308,46.703],[8.308,46.705],[8.312,46.705],[8.315,46.703],[8.315,46.697],[8.318,46.7],[8.321,46.698],[8.321,46.696],[8.324,46.699],[8.328,46.699],[8.334,46.696],[8.347,46.697],[8.349,46.696],[8.346,46.691],[8.354,46.68],[8.357,46.678],[8.367,46.679],[8.372,46.682],[8.37,46.686],[8.372,46.689],[8.368,46.693],[8.369,46.695],[8.367,46.702],[8.362,46.702],[8.361,46.71],[8.357,46.707],[8.349,46.711],[8.346,46.716],[8.348,46.717],[8.348,46.719],[8.346,46.72],[8.346,46.723],[8.354,46.724],[8.357,46.727],[8.361,46.728],[8.364,46.726],[8.377,46.729],[8.39,46.727],[8.397,46.728],[8.4,46.726],[8.409,46.729],[8.42,46.728],[8.423,46.73],[8.433,46.73],[8.437,46.733],[8.431,46.735],[8.43,46.737],[8.426,46.736],[8.422,46.74],[8.417,46.739],[8.411,46.74],[8.406,46.745],[8.392,46.747],[8.397,46.747],[8.404,46.75],[8.407,46.754],[8.422,46.762],[8.413,46.767],[8.411,46.769],[8.411,46.772],[8.404,46.769],[8.401,46.766],[8.374,46.761],[8.365,46.757],[8.361,46.758],[8.355,46.757],[8.332,46.751],[8.326,46.752],[8.33,46.756],[8.329,46.759],[8.353,46.765],[8.352,46.768],[8.362,46.77],[8.365,46.773],[8.372,46.773],[8.375,46.776],[8.375,46.781],[8.368,46.781],[8.359,46.785],[8.352,46.784],[8.336,46.786],[8.346,46.791],[8.346,46.793],[8.336,46.789],[8.328,46.788],[8.323,46.785],[8.316,46.784],[8.313,46.786],[8.316,46.789],[8.323,46.792],[8.319,46.794],[8.317,46.797],[8.32,46.802],[8.318,46.804],[8.331,46.808],[8.331,46.81],[8.326,46.813],[8.323,46.812],[8.321,46.813],[8.326,46.817],[8.33,46.817],[8.333,46.813],[8.336,46.815],[8.342,46.81],[8.343,46.807],[8.346,46.81],[8.348,46.808],[8.347,46.804],[8.349,46.801],[8.362,46.796],[8.368,46.792],[8.372,46.792],[8.375,46.789],[8.379,46.788],[8.381,46.785],[8.383,46.788],[8.388,46.789],[8.391,46.787],[8.398,46.786],[8.401,46.783],[8.408,46.784],[8.409,46.787],[8.404,46.792],[8.416,46.796],[8.419,46.796],[8.421,46.794],[8.42,46.789],[8.429,46.792],[8.437,46.791],[8.441,46.793],[8.441,46.788],[8.437,46.777],[8.447,46.783],[8.458,46.782],[8.463,46.784],[8.469,46.78],[8.472,46.78],[8.473,46.782],[8.483,46.783],[8.485,46.789],[8.493,46.788],[8.496,46.79],[8.5,46.79],[8.501,46.793],[8.507,46.795],[8.507,46.798],[8.52,46.802],[8.512,46.802],[8.516,46.816],[8.52,46.817],[8.516,46.82],[8.519,46.822],[8.519,46.825],[8.522,46.825],[8.526,46.821],[8.53,46.822],[8.533,46.821],[8.534,46.822],[8.533,46.824],[8.529,46.824],[8.533,46.825],[8.538,46.829],[8.538,46.831],[8.532,46.833],[8.531,46.836],[8.533,46.837],[8.543,46.839],[8.557,46.838],[8.546,46.824],[8.553,46.827],[8.563,46.828],[8.572,46.827],[8.576,46.829],[8.579,46.827],[8.582,46.829],[8.583,46.826],[8.58,46.824],[8.559,46.821],[8.539,46.814],[8.538,46.811],[8.529,46.802],[8.539,46.806],[8.541,46.804],[8.54,46.802],[8.546,46.8],[8.546,46.798],[8.544,46.797],[8.552,46.796],[8.562,46.798],[8.568,46.793],[8.572,46.792],[8.578,46.793],[8.581,46.796],[8.583,46.795],[8.591,46.79],[8.585,46.787],[8.582,46.783],[8.584,46.781],[8.591,46.781],[8.584,46.769],[8.574,46.773],[8.573,46.77],[8.571,46.77],[8.568,46.767],[8.56,46.772],[8.558,46.776],[8.555,46.773],[8.55,46.775],[8.548,46.78],[8.545,46.777],[8.547,46.775],[8.544,46.773],[8.545,46.77],[8.548,46.774],[8.55,46.773],[8.552,46.768],[8.55,46.766],[8.552,46.764],[8.541,46.753],[8.538,46.753],[8.535,46.758],[8.531,46.757],[8.527,46.759],[8.528,46.761],[8.532,46.762],[8.532,46.764],[8.524,46.762],[8.524,46.759],[8.522,46.757],[8.518,46.759],[8.519,46.762],[8.515,46.762],[8.514,46.764],[8.519,46.769],[8.499,46.768],[8.491,46.766],[8.492,46.764],[8.49,46.76],[8.495,46.757],[8.496,46.753],[8.489,46.752],[8.473,46.755],[8.466,46.751],[8.459,46.752],[8.457,46.746],[8.458,46.744],[8.456,46.742],[8.453,46.742],[8.456,46.73],[8.459,46.736],[8.466,46.737],[8.468,46.74],[8.473,46.742],[8.485,46.74],[8.489,46.736],[8.498,46.735],[8.502,46.732],[8.505,46.733],[8.511,46.731],[8.515,46.727],[8.523,46.726],[8.523,46.719],[8.526,46.717],[8.523,46.712],[8.524,46.711],[8.527,46.714],[8.531,46.713],[8.534,46.71],[8.546,46.705],[8.545,46.701],[8.549,46.696],[8.544,46.692],[8.545,46.689],[8.559,46.687],[8.546,46.684],[8.543,46.686],[8.537,46.686],[8.53,46.683],[8.52,46.689],[8.519,46.685],[8.513,46.683],[8.504,46.69],[8.49,46.694],[8.488,46.69],[8.498,46.676],[8.495,46.674],[8.497,46.671],[8.504,46.67],[8.503,46.667],[8.494,46.665],[8.49,46.662],[8.489,46.665],[8.487,46.666],[8.484,46.661],[8.479,46.661],[8.477,46.659],[8.451,46.669],[8.445,46.673],[8.442,46.672],[8.438,46.673],[8.442,46.667],[8.438,46.665],[8.434,46.666],[8.445,46.657],[8.449,46.657],[8.454,46.652],[8.458,46.651],[8.461,46.647],[8.452,46.645],[8.456,46.641],[8.454,46.639],[8.451,46.641],[8.449,46.639],[8.449,46.634],[8.451,46.633],[8.457,46.639],[8.47,46.641],[8.473,46.643],[8.48,46.641],[8.477,46.634],[8.48,46.634],[8.483,46.638],[8.487,46.638],[8.496,46.633],[8.498,46.634],[8.496,46.634],[8.493,46.638],[8.506,46.643],[8.508,46.642],[8.508,46.64],[8.506,46.64],[8.506,46.637],[8.51,46.639],[8.513,46.638],[8.513,46.641],[8.516,46.645],[8.533,46.643],[8.536,46.645],[8.541,46.642],[8.539,46.64],[8.53,46.638],[8.526,46.633],[8.519,46.636],[8.516,46.634],[8.509,46.633],[8.503,46.626],[8.498,46.627],[8.488,46.622],[8.486,46.619],[8.472,46.623],[8.47,46.62],[8.476,46.614],[8.472,46.611],[8.473,46.609],[8.481,46.609],[8.483,46.606],[8.48,46.603],[8.463,46.598],[8.456,46.598],[8.453,46.603],[8.451,46.6],[8.453,46.598],[8.45,46.595],[8.443,46.594],[8.442,46.591],[8.434,46.587],[8.423,46.578],[8.427,46.577],[8.437,46.584],[8.46,46.586],[8.464,46.584],[8.462,46.582],[8.48,46.578],[8.466,46.568],[8.44,46.558],[8.455,46.557],[8.459,46.559],[8.466,46.559],[8.485,46.568],[8.494,46.559],[8.495,46.556],[8.501,46.555],[8.505,46.552],[8.508,46.553],[8.509,46.555],[8.507,46.559],[8.506,46.573],[8.51,46.577],[8.508,46.579],[8.509,46.582],[8.517,46.586],[8.518,46.591],[8.525,46.593],[8.532,46.592],[8.53,46.595],[8.538,46.596],[8.545,46.6],[8.548,46.6],[8.548,46.598],[8.545,46.595],[8.548,46.591],[8.547,46.586],[8.544,46.584],[8.541,46.586],[8.539,46.584],[8.54,46.581],[8.543,46.579],[8.542,46.577],[8.545,46.57],[8.534,46.569],[8.531,46.566],[8.528,46.566],[8.521,46.559],[8.524,46.555],[8.531,46.56],[8.541,46.56],[8.544,46.562],[8.557,46.564],[8.56,46.561],[8.559,46.559],[8.56,46.557],[8.556,46.548],[8.56,46.543],[8.557,46.539],[8.55,46.539],[8.547,46.541],[8.54,46.539],[8.537,46.54],[8.534,46.539],[8.534,46.536],[8.53,46.536],[8.521,46.531],[8.514,46.533],[8.509,46.53],[8.508,46.523],[8.504,46.523],[8.501,46.525],[8.491,46.525],[8.488,46.521],[8.488,46.517],[8.482,46.515],[8.481,46.512],[8.473,46.512],[8.476,46.51],[8.471,46.505],[8.468,46.507],[8.465,46.505],[8.46,46.506],[8.463,46.503],[8.462,46.501],[8.457,46.501],[8.455,46.505],[8.454,46.501],[8.448,46.498],[8.442,46.496],[8.438,46.497],[8.434,46.495],[8.448,46.49],[8.445,46.487],[8.438,46.487],[8.432,46.491],[8.43,46.488],[8.437,46.483],[8.415,46.485],[8.403,46.481],[8.401,46.479],[8.405,46.475],[8.425,46.471],[8.431,46.472],[8.451,46.469],[8.467,46.473],[8.47,46.471],[8.477,46.473],[8.48,46.471],[8.484,46.474],[8.488,46.474],[8.486,46.481],[8.487,46.482],[8.495,46.481],[8.497,46.479],[8.5,46.483],[8.513,46.478],[8.519,46.483],[8.513,46.49],[8.515,46.492],[8.518,46.492],[8.521,46.489],[8.526,46.488],[8.531,46.48],[8.539,46.482],[8.541,46.48],[8.545,46.48],[8.54,46.482],[8.549,46.486],[8.554,46.482],[8.553,46.48],[8.555,46.478],[8.551,46.476],[8.552,46.472],[8.559,46.48],[8.565,46.475],[8.568,46.475],[8.572,46.476],[8.576,46.48],[8.573,46.482],[8.575,46.484],[8.578,46.483],[8.585,46.486],[8.591,46.482],[8.581,46.481],[8.579,46.475],[8.581,46.474],[8.585,46.477],[8.598,46.477],[8.6,46.473],[8.604,46.474],[8.61,46.471],[8.614,46.471],[8.616,46.47],[8.616,46.464],[8.621,46.459],[8.62,46.457],[8.617,46.455],[8.613,46.458],[8.61,46.456],[8.605,46.462],[8.594,46.469],[8.581,46.469],[8.578,46.471],[8.567,46.471],[8.555,46.464],[8.551,46.464],[8.553,46.462],[8.551,46.46],[8.561,46.464],[8.565,46.463],[8.571,46.465],[8.579,46.462],[8.574,46.457],[8.565,46.453],[8.566,46.448],[8.574,46.444],[8.577,46.446],[8.58,46.444],[8.577,46.441],[8.57,46.442],[8.568,46.44],[8.563,46.44],[8.558,46.435],[8.559,46.431],[8.564,46.429],[8.566,46.426],[8.564,46.424],[8.567,46.425],[8.572,46.421],[8.567,46.42],[8.564,46.416],[8.551,46.425],[8.541,46.426],[8.545,46.429],[8.544,46.433],[8.527,46.44],[8.533,46.442],[8.531,46.444],[8.532,46.445],[8.539,46.444],[8.54,46.446],[8.538,46.449],[8.534,46.451],[8.538,46.453],[8.535,46.454],[8.532,46.452],[8.526,46.459],[8.516,46.462],[8.511,46.46],[8.514,46.465],[8.505,46.463],[8.506,46.46],[8.5,46.46],[8.496,46.458],[8.499,46.453],[8.503,46.453],[8.506,46.451],[8.499,46.45],[8.494,46.447],[8.496,46.445],[8.503,46.446],[8.503,46.444],[8.489,46.443],[8.488,46.445],[8.484,46.445],[8.487,46.442],[8.48,46.442],[8.473,46.438],[8.466,46.438],[8.467,46.436],[8.47,46.435],[8.476,46.435],[8.483,46.438],[8.486,46.437],[8.489,46.439],[8.496,46.44],[8.497,46.438],[8.494,46.436],[8.494,46.433],[8.496,46.431],[8.507,46.429],[8.504,46.427],[8.496,46.415],[8.479,46.408],[8.475,46.402],[8.477,46.4],[8.469,46.397],[8.465,46.4],[8.465,46.409],[8.47,46.409],[8.468,46.413],[8.462,46.418],[8.462,46.42],[8.458,46.423],[8.458,46.429],[8.46,46.432],[8.457,46.432],[8.456,46.434],[8.457,46.438],[8.465,46.443],[8.462,46.445],[8.462,46.449],[8.46,46.452],[8.453,46.459],[8.444,46.465],[8.435,46.464],[8.431,46.462],[8.405,46.46],[8.399,46.455],[8.389,46.451],[8.366,46.452],[8.353,46.443],[8.346,46.441],[8.33,46.429],[8.32,46.427],[8.317,46.424],[8.307,46.425],[8.302,46.422],[8.302,46.419],[8.297,46.416],[8.294,46.417],[8.295,46.422],[8.298,46.424],[8.296,46.426],[8.297,46.429],[8.295,46.431],[8.3,46.437],[8.297,46.439],[8.297,46.442],[8.295,46.444],[8.288,46.445],[8.281,46.451],[8.285,46.452],[8.288,46.455],[8.291,46.452],[8.294,46.455],[8.294,46.457],[8.298,46.455],[8.301,46.451],[8.304,46.455],[8.311,46.452],[8.314,46.455],[8.313,46.46],[8.311,46.462],[8.313,46.466],[8.304,46.473],[8.304,46.476],[8.317,46.478],[8.319,46.482],[8.324,46.486],[8.328,46.486],[8.334,46.483],[8.337,46.484],[8.34,46.486],[8.339,46.491],[8.341,46.491],[8.347,46.489],[8.347,46.486],[8.359,46.48],[8.357,46.478],[8.35,46.478],[8.334,46.47],[8.327,46.471],[8.331,46.469],[8.331,46.466],[8.333,46.464],[8.348,46.468],[8.353,46.471],[8.358,46.471],[8.363,46.466],[8.373,46.47],[8.379,46.467],[8.382,46.468],[8.379,46.471],[8.384,46.473],[8.38,46.479],[8.383,46.486],[8.387,46.488],[8.383,46.49],[8.376,46.489],[8.373,46.492],[8.372,46.493],[8.375,46.497],[8.373,46.502],[8.357,46.504],[8.36,46.51],[8.365,46.511],[8.374,46.516],[8.38,46.514],[8.387,46.514],[8.392,46.511],[8.39,46.509],[8.396,46.51],[8.401,46.506],[8.406,46.505],[8.407,46.506],[8.405,46.508],[8.405,46.511],[8.402,46.515],[8.403,46.516],[8.407,46.515],[8.409,46.509],[8.419,46.509],[8.422,46.507],[8.432,46.511],[8.436,46.51],[8.436,46.513],[8.442,46.515],[8.438,46.517],[8.441,46.519],[8.443,46.524],[8.436,46.521],[8.429,46.521],[8.426,46.524],[8.433,46.532],[8.433,46.534],[8.427,46.54],[8.416,46.538],[8.417,46.535],[8.413,46.533],[8.401,46.535],[8.398,46.538],[8.398,46.542],[8.402,46.544],[8.402,46.547],[8.39,46.549],[8.387,46.546],[8.386,46.547],[8.386,46.551],[8.39,46.554],[8.387,46.56],[8.384,46.562],[8.383,46.56],[8.378,46.559],[8.372,46.56],[8.377,46.563],[8.388,46.565],[8.388,46.567],[8.391,46.57],[8.397,46.57],[8.414,46.564],[8.411,46.574],[8.404,46.577],[8.384,46.58],[8.378,46.583],[8.371,46.583],[8.368,46.582],[8.366,46.578],[8.345,46.567]],[[8.46,46.432],[8.462,46.429],[8.464,46.429],[8.463,46.432],[8.46,46.432]]],[[[7.109,46.177],[7.102,46.176],[7.099,46.179],[7.099,46.182],[7.093,46.186],[7.095,46.19],[7.092,46.192],[7.089,46.189],[7.086,46.189],[7.076,46.198],[7.069,46.202],[7.067,46.204],[7.077,46.213],[7.076,46.214],[7.073,46.211],[7.069,46.211],[7.064,46.215],[7.064,46.217],[7.066,46.218],[7.07,46.217],[7.075,46.222],[7.077,46.222],[7.078,46.22],[7.077,46.217],[7.079,46.216],[7.082,46.217],[7.102,46.215],[7.111,46.22],[7.109,46.222],[7.115,46.224],[7.117,46.229],[7.115,46.233],[7.118,46.235],[7.119,46.238],[7.117,46.244],[7.123,46.249],[7.127,46.249],[7.131,46.252],[7.137,46.253],[7.14,46.258],[7.147,46.263],[7.148,46.269],[7.161,46.276],[7.156,46.279],[7.15,46.279],[7.145,46.281],[7.152,46.283],[7.151,46.285],[7.152,46.292],[7.154,46.292],[7.154,46.29],[7.158,46.287],[7.163,46.287],[7.169,46.292],[7.173,46.299],[7.172,46.301],[7.167,46.303],[7.151,46.305],[7.146,46.308],[7.147,46.31],[7.153,46.309],[7.159,46.317],[7.179,46.315],[7.19,46.323],[7.19,46.326],[7.192,46.328],[7.198,46.327],[7.199,46.328],[7.192,46.334],[7.189,46.333],[7.183,46.335],[7.185,46.34],[7.189,46.339],[7.192,46.341],[7.21,46.341],[7.212,46.346],[7.215,46.348],[7.228,46.352],[7.234,46.35],[7.237,46.342],[7.239,46.341],[7.242,46.341],[7.25,46.345],[7.253,46.344],[7.254,46.34],[7.257,46.344],[7.257,46.347],[7.254,46.348],[7.26,46.35],[7.259,46.357],[7.257,46.359],[7.258,46.362],[7.276,46.365],[7.279,46.363],[7.291,46.362],[7.285,46.357],[7.279,46.356],[7.278,46.355],[7.279,46.353],[7.292,46.353],[7.299,46.359],[7.302,46.357],[7.304,46.36],[7.301,46.362],[7.305,46.369],[7.303,46.371],[7.305,46.375],[7.3,46.378],[7.312,46.38],[7.317,46.375],[7.322,46.375],[7.325,46.377],[7.336,46.373],[7.325,46.366],[7.330555555555556,46.364888888888885],[7.33,46.366],[7.341,46.369],[7.342,46.371],[7.34,46.373],[7.341,46.374],[7.344,46.375],[7.348,46.372],[7.348,46.378],[7.361,46.379],[7.367,46.384],[7.366,46.387],[7.368,46.389],[7.377,46.393],[7.392,46.393],[7.406,46.397],[7.409,46.396],[7.396,46.391],[7.406,46.385],[7.416,46.385],[7.439,46.392],[7.445,46.389],[7.442,46.391],[7.442,46.393],[7.455,46.396],[7.464,46.405],[7.471,46.407],[7.478,46.405],[7.481,46.407],[7.484,46.403],[7.491,46.406],[7.494,46.404],[7.493,46.409],[7.5,46.414],[7.51,46.416],[7.507,46.42],[7.517,46.423],[7.519,46.425],[7.53,46.427],[7.53,46.431],[7.512,46.438],[7.513,46.443],[7.521,46.443],[7.517,46.441],[7.523,46.44],[7.53,46.444],[7.53,46.447],[7.526,46.447],[7.532,46.45],[7.536,46.448],[7.538,46.45],[7.544,46.45],[7.543,46.445],[7.537,46.445],[7.536,46.442],[7.533,46.441],[7.531,46.438],[7.533,46.438],[7.536,46.435],[7.543,46.437],[7.551,46.436],[7.556,46.438],[7.566,46.438],[7.579,46.443],[7.581,46.445],[7.576,46.447],[7.579,46.45],[7.582,46.45],[7.592,46.457],[7.601,46.458],[7.603,46.456],[7.6,46.454],[7.603,46.449],[7.601,46.447],[7.608,46.442],[7.614,46.446],[7.624,46.449],[7.625,46.447],[7.612,46.431],[7.614,46.427],[7.622,46.429],[7.627,46.432],[7.631,46.432],[7.632,46.434],[7.64,46.437],[7.649,46.434],[7.647,46.431],[7.65,46.428],[7.653,46.434],[7.663,46.429],[7.66,46.434],[7.649,46.44],[7.648,46.445],[7.65,46.446],[7.656,46.443],[7.657,46.443],[7.662,46.443],[7.66,46.445],[7.663,46.446],[7.663,46.45],[7.66,46.448],[7.656,46.452],[7.663,46.455],[7.67,46.45],[7.673,46.453],[7.677,46.449],[7.678,46.445],[7.682,46.443],[7.682,46.44],[7.686,46.445],[7.696,46.444],[7.698,46.445],[7.697,46.447],[7.699,46.448],[7.703,46.445],[7.705,46.44],[7.702,46.431],[7.705,46.427],[7.705,46.424],[7.706,46.431],[7.709,46.433],[7.717,46.431],[7.719,46.436],[7.728,46.435],[7.731,46.438],[7.741,46.437],[7.745,46.438],[7.745,46.44],[7.748,46.442],[7.754,46.442],[7.758,46.445],[7.757,46.447],[7.761,46.449],[7.761,46.451],[7.767,46.455],[7.775,46.456],[7.774,46.458],[7.771,46.456],[7.769,46.458],[7.771,46.46],[7.77,46.465],[7.764,46.47],[7.771,46.475],[7.778,46.483],[7.77,46.481],[7.767,46.477],[7.761,46.474],[7.754,46.473],[7.746,46.469],[7.741,46.464],[7.738,46.468],[7.732,46.463],[7.728,46.462],[7.725,46.463],[7.724,46.465],[7.726,46.467],[7.722,46.47],[7.712,46.468],[7.707,46.47],[7.706,46.472],[7.702,46.472],[7.696,46.475],[7.691,46.479],[7.702,46.478],[7.704,46.483],[7.707,46.485],[7.705,46.488],[7.718,46.487],[7.722,46.489],[7.732,46.489],[7.735,46.487],[7.738,46.489],[7.741,46.487],[7.746,46.487],[7.745,46.49],[7.748,46.491],[7.753,46.496],[7.751,46.499],[7.745,46.501],[7.741,46.508],[7.749,46.512],[7.745,46.515],[7.738,46.517],[7.735,46.521],[7.725,46.52],[7.722,46.517],[7.716,46.515],[7.709,46.519],[7.712,46.521],[7.716,46.521],[7.717,46.523],[7.722,46.525],[7.725,46.533],[7.732,46.536],[7.735,46.535],[7.726,46.526],[7.732,46.525],[7.735,46.527],[7.742,46.525],[7.752,46.53],[7.755,46.534],[7.756,46.532],[7.762,46.53],[7.761,46.528],[7.764,46.525],[7.774,46.528],[7.775,46.523],[7.774,46.521],[7.782,46.521],[7.781,46.523],[7.784,46.524],[7.786,46.521],[7.786,46.517],[7.784,46.51],[7.78,46.508],[7.781,46.507],[7.797,46.516],[7.804,46.516],[7.813,46.519],[7.81,46.519],[7.807,46.522],[7.8,46.521],[7.8,46.528],[7.804,46.53],[7.804,46.532],[7.793,46.537],[7.797,46.538],[7.807,46.536],[7.814,46.541],[7.813,46.543],[7.813,46.541],[7.81,46.54],[7.802,46.543],[7.797,46.546],[7.798,46.548],[7.797,46.549],[7.79,46.55],[7.786,46.555],[7.791,46.559],[7.795,46.557],[7.794,46.559],[7.797,46.563],[7.81,46.564],[7.81,46.567],[7.818,46.57],[7.821,46.575],[7.812,46.584],[7.814,46.585],[7.815,46.588],[7.81,46.593],[7.811,46.595],[7.814,46.594],[7.814,46.598],[7.81,46.602],[7.811,46.603],[7.83,46.601],[7.837,46.603],[7.839,46.602],[7.84,46.597],[7.844,46.595],[7.844,46.593],[7.84,46.59],[7.839,46.586],[7.833,46.581],[7.837,46.583],[7.84,46.578],[7.843,46.583],[7.846,46.58],[7.853,46.585],[7.856,46.583],[7.863,46.586],[7.863,46.581],[7.865,46.579],[7.86,46.577],[7.861,46.575],[7.859,46.574],[7.852,46.573],[7.849,46.568],[7.859,46.571],[7.861,46.57],[7.861,46.568],[7.859,46.565],[7.846,46.56],[7.84,46.556],[7.829,46.557],[7.823,46.554],[7.821,46.55],[7.833,46.542],[7.826,46.536],[7.825,46.532],[7.821,46.528],[7.823,46.523],[7.827,46.523],[7.827,46.521],[7.83,46.519],[7.86,46.521],[7.856,46.523],[7.865,46.523],[7.869,46.526],[7.872,46.524],[7.862,46.519],[7.856,46.512],[7.86,46.51],[7.858,46.507],[7.862,46.503],[7.865,46.505],[7.872,46.506],[7.875,46.503],[7.878,46.506],[7.885,46.507],[7.888,46.505],[7.892,46.505],[7.895,46.502],[7.898,46.502],[7.905,46.505],[7.901,46.507],[7.904,46.509],[7.915,46.509],[7.915,46.512],[7.921,46.516],[7.924,46.514],[7.927,46.516],[7.921,46.52],[7.921,46.523],[7.924,46.521],[7.927,46.522],[7.934,46.532],[7.938,46.532],[7.937,46.534],[7.941,46.538],[7.937,46.543],[7.934,46.544],[7.931,46.541],[7.932,46.538],[7.928,46.538],[7.926,46.541],[7.928,46.543],[7.926,46.545],[7.928,46.547],[7.931,46.547],[7.931,46.551],[7.928,46.551],[7.925,46.554],[7.937,46.557],[7.941,46.56],[7.954,46.558],[7.964,46.559],[7.963,46.565],[7.964,46.568],[7.97,46.569],[7.98,46.574],[7.97,46.576],[7.97,46.579],[7.98,46.578],[7.982,46.579],[7.976,46.581],[7.989,46.588],[7.996,46.588],[8.006,46.591],[8.009,46.59],[7.993,46.584],[7.99,46.581],[8.003,46.583],[8.006,46.587],[8.016,46.59],[8.019,46.595],[8.024,46.594],[8.032,46.598],[8.034,46.596],[8.032,46.592],[8.042,46.595],[8.043,46.594],[8.04,46.59],[8.045,46.585],[8.056,46.585],[8.055,46.581],[8.058,46.58],[8.065,46.58],[8.071,46.584],[8.084,46.586],[8.092,46.589],[8.092,46.592],[8.087,46.594],[8.085,46.6],[8.077,46.601],[8.079,46.605],[8.078,46.606],[8.068,46.609],[8.068,46.612],[8.063,46.614],[8.072,46.619],[8.075,46.623],[8.097,46.616],[8.1,46.616],[8.099,46.619],[8.101,46.621],[8.108,46.618],[8.108,46.621],[8.105,46.624],[8.097,46.625],[8.095,46.628],[8.096,46.632],[8.095,46.634],[8.093,46.634],[8.098,46.636],[8.1,46.639],[8.097,46.641],[8.102,46.644],[8.108,46.653],[8.111,46.651],[8.127,46.654],[8.124,46.657],[8.128,46.659],[8.128,46.654],[8.136,46.654],[8.133,46.661],[8.136,46.663],[8.138,46.668],[8.141,46.663],[8.144,46.665],[8.147,46.659],[8.151,46.66],[8.154,46.664],[8.167,46.662],[8.174,46.655],[8.177,46.657],[8.184,46.647],[8.189,46.645],[8.188,46.643],[8.193,46.642],[8.195,46.64],[8.191,46.638],[8.193,46.637],[8.196,46.636],[8.199,46.638],[8.206,46.635],[8.212,46.636],[8.218,46.634],[8.214,46.631],[8.214,46.627],[8.21,46.625],[8.214,46.62],[8.21,46.618],[8.199,46.618],[8.195,46.616],[8.206,46.608],[8.212,46.608],[8.215,46.611],[8.215,46.619],[8.232,46.62],[8.235,46.627],[8.241,46.629],[8.245,46.628],[8.248,46.63],[8.252,46.629],[8.251,46.633],[8.252,46.638],[8.248,46.64],[8.248,46.644],[8.258,46.643],[8.259,46.645],[8.265,46.645],[8.275,46.641],[8.278,46.644],[8.285,46.64],[8.281,46.637],[8.28,46.631],[8.278,46.629],[8.274,46.63],[8.271,46.628],[8.273,46.622],[8.272,46.617],[8.276,46.615],[8.269,46.611],[8.267,46.599],[8.268,46.602],[8.277,46.605],[8.279,46.604],[8.278,46.602],[8.283,46.599],[8.284,46.6],[8.283,46.602],[8.29,46.604],[8.296,46.602],[8.299,46.599],[8.303,46.6],[8.307,46.599],[8.309,46.597],[8.307,46.592],[8.308,46.59],[8.317,46.586],[8.317,46.583],[8.319,46.581],[8.316,46.58],[8.31,46.582],[8.303,46.578],[8.293,46.58],[8.288,46.579],[8.293,46.578],[8.294,46.577],[8.293,46.576],[8.277,46.577],[8.282,46.579],[8.28,46.58],[8.274,46.576],[8.267,46.579],[8.261,46.578],[8.258,46.579],[8.257,46.581],[8.254,46.579],[8.251,46.58],[8.247,46.578],[8.238,46.581],[8.235,46.579],[8.228,46.578],[8.226,46.58],[8.223,46.58],[8.223,46.577],[8.216,46.577],[8.213,46.58],[8.195,46.581],[8.186,46.58],[8.179,46.585],[8.177,46.584],[8.181,46.582],[8.185,46.575],[8.205,46.574],[8.211,46.57],[8.227,46.564],[8.225,46.562],[8.23,46.559],[8.23,46.562],[8.234,46.562],[8.237,46.56],[8.257,46.561],[8.26,46.559],[8.257,46.556],[8.25,46.555],[8.25,46.552],[8.243,46.55],[8.241,46.548],[8.224,46.544],[8.214,46.539],[8.237,46.542],[8.244,46.539],[8.25,46.539],[8.27,46.543],[8.28,46.547],[8.279,46.554],[8.299,46.562],[8.307,46.563],[8.316,46.569],[8.319,46.567],[8.329,46.566],[8.337,46.57],[8.341,46.57],[8.345,46.567],[8.344,46.565],[8.345,46.558],[8.347,46.556],[8.345,46.552],[8.338,46.551],[8.316,46.553],[8.314,46.552],[8.316,46.55],[8.312,46.549],[8.309,46.545],[8.312,46.543],[8.31,46.541],[8.302,46.544],[8.297,46.541],[8.294,46.536],[8.296,46.532],[8.292,46.531],[8.283,46.535],[8.279,46.53],[8.271,46.528],[8.27,46.526],[8.266,46.526],[8.263,46.523],[8.26,46.524],[8.25,46.522],[8.247,46.52],[8.24,46.525],[8.227,46.524],[8.223,46.519],[8.227,46.514],[8.227,46.511],[8.229,46.51],[8.229,46.505],[8.234,46.503],[8.232,46.499],[8.227,46.497],[8.22,46.498],[8.211,46.503],[8.207,46.503],[8.202,46.499],[8.204,46.495],[8.204,46.484],[8.2,46.484],[8.196,46.488],[8.188,46.492],[8.188,46.495],[8.187,46.492],[8.178,46.49],[8.175,46.493],[8.174,46.492],[8.178,46.485],[8.177,46.481],[8.178,46.479],[8.181,46.479],[8.185,46.476],[8.18,46.472],[8.181,46.469],[8.179,46.467],[8.174,46.467],[8.165,46.463],[8.162,46.459],[8.164,46.456],[8.161,46.455],[8.158,46.459],[8.153,46.461],[8.154,46.463],[8.151,46.465],[8.153,46.47],[8.152,46.472],[8.155,46.474],[8.158,46.486],[8.156,46.492],[8.156,46.499],[8.151,46.499],[8.153,46.497],[8.154,46.492],[8.149,46.483],[8.147,46.483],[8.147,46.486],[8.145,46.486],[8.142,46.49],[8.136,46.486],[8.133,46.481],[8.126,46.478],[8.119,46.48],[8.115,46.477],[8.114,46.472],[8.112,46.471],[8.109,46.472],[8.113,46.468],[8.112,46.465],[8.119,46.458],[8.114,46.457],[8.11,46.45],[8.106,46.448],[8.099,46.448],[8.097,46.45],[8.098,46.457],[8.093,46.459],[8.096,46.461],[8.092,46.463],[8.093,46.466],[8.085,46.47],[8.087,46.477],[8.077,46.482],[8.076,46.484],[8.078,46.486],[8.067,46.49],[8.065,46.488],[8.073,46.482],[8.076,46.482],[8.076,46.477],[8.08,46.473],[8.082,46.473],[8.081,46.468],[8.084,46.461],[8.084,46.452],[8.08,46.447],[8.073,46.445],[8.07,46.447],[8.069,46.455],[8.064,46.463],[8.06,46.462],[8.056,46.464],[8.059,46.461],[8.059,46.459],[8.056,46.457],[8.058,46.452],[8.053,46.452],[8.034,46.46],[8.031,46.46],[8.03,46.459],[8.041,46.452],[8.043,46.448],[8.043,46.443],[8.047,46.443],[8.049,46.439],[8.047,46.437],[8.04,46.437],[8.042,46.434],[8.038,46.432],[8.039,46.428],[8.027,46.419],[8.025,46.421],[8.017,46.422],[8.008,46.417],[8.004,46.42],[7.999,46.421],[7.998,46.424],[7.988,46.423],[7.985,46.427],[7.971,46.426],[7.975,46.422],[7.989,46.415],[7.976,46.415],[7.985,46.41],[7.987,46.406],[7.985,46.401],[7.987,46.397],[7.985,46.393],[7.978,46.392],[7.975,46.39],[7.962,46.394],[7.955,46.394],[7.952,46.39],[7.947,46.388],[7.947,46.385],[7.942,46.384],[7.94,46.388],[7.932,46.395],[7.933,46.397],[7.926,46.394],[7.92,46.397],[7.916,46.396],[7.913,46.399],[7.91,46.399],[7.911,46.397],[7.908,46.39],[7.915,46.386],[7.914,46.381],[7.911,46.377],[7.912,46.372],[7.908,46.368],[7.913,46.363],[7.91,46.359],[7.906,46.362],[7.903,46.361],[7.9,46.365],[7.897,46.365],[7.896,46.368],[7.901,46.372],[7.896,46.374],[7.901,46.379],[7.902,46.386],[7.9,46.387],[7.896,46.386],[7.897,46.383],[7.894,46.379],[7.89,46.381],[7.892,46.383],[7.887,46.387],[7.884,46.383],[7.881,46.382],[7.874,46.384],[7.874,46.381],[7.871,46.381],[7.868,46.376],[7.864,46.376],[7.861,46.378],[7.851,46.367],[7.848,46.368],[7.851,46.37],[7.848,46.373],[7.836,46.377],[7.83,46.375],[7.824,46.37],[7.817,46.37],[7.816,46.377],[7.814,46.373],[7.818,46.366],[7.812,46.361],[7.803,46.364],[7.799,46.363],[7.798,46.366],[7.799,46.368],[7.796,46.372],[7.793,46.368],[7.79,46.371],[7.783,46.372],[7.776,46.379],[7.78,46.38],[7.783,46.378],[7.786,46.381],[7.791,46.379],[7.787,46.382],[7.796,46.389],[7.806,46.389],[7.812,46.391],[7.811,46.393],[7.814,46.395],[7.813,46.399],[7.82,46.399],[7.826,46.402],[7.826,46.404],[7.829,46.406],[7.835,46.408],[7.832,46.413],[7.839,46.415],[7.848,46.415],[7.846,46.417],[7.847,46.42],[7.851,46.422],[7.855,46.421],[7.858,46.423],[7.861,46.422],[7.87,46.426],[7.871,46.429],[7.878,46.431],[7.88,46.433],[7.892,46.435],[7.895,46.44],[7.901,46.441],[7.906,46.444],[7.904,46.446],[7.912,46.451],[7.915,46.455],[7.907,46.456],[7.906,46.458],[7.908,46.46],[7.901,46.465],[7.899,46.464],[7.9,46.46],[7.899,46.458],[7.894,46.456],[7.891,46.457],[7.888,46.455],[7.884,46.457],[7.878,46.457],[7.875,46.455],[7.871,46.457],[7.868,46.462],[7.865,46.46],[7.862,46.463],[7.855,46.451],[7.852,46.449],[7.852,46.447],[7.845,46.45],[7.842,46.454],[7.839,46.454],[7.836,46.45],[7.832,46.453],[7.829,46.451],[7.828,46.449],[7.832,46.444],[7.823,46.441],[7.814,46.447],[7.806,46.447],[7.803,46.445],[7.802,46.442],[7.802,46.438],[7.805,46.436],[7.805,46.433],[7.79,46.433],[7.783,46.426],[7.78,46.428],[7.774,46.428],[7.769,46.424],[7.757,46.419],[7.751,46.423],[7.748,46.42],[7.75,46.415],[7.748,46.414],[7.744,46.414],[7.741,46.416],[7.731,46.414],[7.729,46.413],[7.732,46.411],[7.731,46.408],[7.725,46.411],[7.718,46.408],[7.717,46.407],[7.718,46.405],[7.723,46.404],[7.725,46.406],[7.727,46.404],[7.734,46.402],[7.721,46.397],[7.721,46.394],[7.723,46.393],[7.724,46.389],[7.728,46.388],[7.729,46.386],[7.717,46.38],[7.718,46.377],[7.714,46.375],[7.715,46.371],[7.731,46.374],[7.732,46.373],[7.731,46.37],[7.727,46.366],[7.731,46.366],[7.732,46.359],[7.731,46.356],[7.728,46.36],[7.726,46.359],[7.727,46.357],[7.724,46.354],[7.715,46.353],[7.711,46.356],[7.71,46.353],[7.713,46.35],[7.708,46.348],[7.704,46.348],[7.703,46.353],[7.695,46.353],[7.695,46.355],[7.698,46.357],[7.702,46.357],[7.7,46.359],[7.704,46.366],[7.694,46.366],[7.692,46.373],[7.696,46.377],[7.695,46.378],[7.689,46.374],[7.686,46.377],[7.689,46.378],[7.69,46.382],[7.689,46.383],[7.686,46.38],[7.676,46.378],[7.671,46.375],[7.669,46.371],[7.667,46.373],[7.663,46.373],[7.652,46.377],[7.66,46.381],[7.666,46.381],[7.667,46.384],[7.672,46.386],[7.674,46.391],[7.678,46.393],[7.673,46.395],[7.669,46.4],[7.679,46.404],[7.679,46.406],[7.685,46.411],[7.68,46.413],[7.683,46.416],[7.679,46.416],[7.673,46.412],[7.66,46.412],[7.643,46.406],[7.637,46.407],[7.635,46.404],[7.63,46.403],[7.627,46.404],[7.608,46.397],[7.605,46.391],[7.605,46.386],[7.604,46.385],[7.601,46.387],[7.599,46.382],[7.594,46.38],[7.593,46.375],[7.585,46.371],[7.584,46.369],[7.584,46.366],[7.587,46.364],[7.589,46.36],[7.588,46.356],[7.582,46.36],[7.575,46.356],[7.569,46.356],[7.567,46.357],[7.566,46.36],[7.562,46.358],[7.556,46.358],[7.546,46.361],[7.543,46.364],[7.536,46.364],[7.533,46.362],[7.532,46.366],[7.53,46.367],[7.522,46.36],[7.521,46.357],[7.524,46.355],[7.525,46.351],[7.519,46.351],[7.517,46.349],[7.507,46.354],[7.506,46.355],[7.508,46.357],[7.507,46.358],[7.497,46.356],[7.494,46.351],[7.491,46.355],[7.487,46.353],[7.484,46.354],[7.48,46.357],[7.479,46.36],[7.468,46.358],[7.465,46.356],[7.455,46.357],[7.45,46.36],[7.426,46.366],[7.42,46.364],[7.416,46.366],[7.406,46.365],[7.403,46.359],[7.406,46.358],[7.412,46.351],[7.411,46.348],[7.406,46.348],[7.399,46.342],[7.396,46.337],[7.4,46.335],[7.407,46.335],[7.416,46.33],[7.406,46.33],[7.403,46.327],[7.399,46.328],[7.394,46.326],[7.391,46.328],[7.38,46.327],[7.378,46.326],[7.377,46.321],[7.374,46.325],[7.37,46.322],[7.364,46.322],[7.361,46.32],[7.357,46.32],[7.354,46.324],[7.351,46.322],[7.337,46.324],[7.337,46.321],[7.335,46.32],[7.331,46.321],[7.331,46.324],[7.333,46.326],[7.332,46.327],[7.326,46.326],[7.322,46.323],[7.314,46.326],[7.309,46.326],[7.306,46.329],[7.299,46.331],[7.298,46.33],[7.301,46.326],[7.293,46.322],[7.284,46.312],[7.286,46.309],[7.29,46.308],[7.284,46.306],[7.292,46.303],[7.283,46.301],[7.28,46.303],[7.27,46.299],[7.267,46.305],[7.263,46.304],[7.258,46.306],[7.25,46.306],[7.248,46.308],[7.221,46.309],[7.218,46.311],[7.211,46.308],[7.208,46.311],[7.207,46.31],[7.208,46.305],[7.197,46.301],[7.193,46.296],[7.201,46.292],[7.199,46.29],[7.185,46.285],[7.185,46.283],[7.186,46.281],[7.189,46.28],[7.195,46.283],[7.199,46.283],[7.201,46.281],[7.201,46.272],[7.193,46.265],[7.195,46.261],[7.208,46.26],[7.21,46.263],[7.215,46.265],[7.215,46.27],[7.218,46.272],[7.221,46.271],[7.222,46.269],[7.221,46.267],[7.213,46.258],[7.217,46.254],[7.211,46.251],[7.223,46.245],[7.222,46.242],[7.215,46.241],[7.209,46.237],[7.202,46.24],[7.189,46.24],[7.179,46.236],[7.173,46.236],[7.169,46.238],[7.163,46.236],[7.153,46.236],[7.16,46.229],[7.16,46.227],[7.154,46.219],[7.144,46.224],[7.137,46.223],[7.131,46.225],[7.129,46.224],[7.132,46.222],[7.122,46.215],[7.124,46.214],[7.131,46.218],[7.136,46.211],[7.132,46.209],[7.13,46.206],[7.131,46.204],[7.126,46.202],[7.131,46.198],[7.129,46.195],[7.132,46.193],[7.118,46.188],[7.119,46.186],[7.124,46.188],[7.125,46.19],[7.126,46.188],[7.125,46.185],[7.121,46.183],[7.112,46.18],[7.108,46.182],[7.109,46.177]],[[8.293,46.583],[8.295,46.584],[8.294,46.586],[8.303,46.59],[8.293,46.592],[8.284,46.596],[8.28,46.594],[8.271,46.594],[8.267,46.596],[8.259,46.595],[8.262,46.588],[8.264,46.587],[8.267,46.589],[8.283,46.583],[8.288,46.586],[8.293,46.583]],[[8.248,46.603],[8.254,46.606],[8.265,46.606],[8.267,46.608],[8.261,46.613],[8.258,46.61],[8.248,46.607],[8.248,46.603]],[[8.162,46.557],[8.176,46.564],[8.176,46.571],[8.171,46.564],[8.166,46.562],[8.162,46.557]],[[7.956,46.426],[7.964,46.43],[7.97,46.437],[7.969,46.438],[7.959,46.432],[7.955,46.428],[7.956,46.426]],[[7.608,46.405],[7.614,46.413],[7.615,46.409],[7.619,46.409],[7.624,46.418],[7.615,46.418],[7.618,46.416],[7.607,46.409],[7.608,46.405]]],[[[7.254,46.348],[7.256,46.346],[7.252,46.346],[7.254,46.348]]],[[[7.526,46.447],[7.528,46.445],[7.523,46.445],[7.526,46.447]]],[[[7.657,46.443],[7.654,46.445],[7.657,46.448],[7.66,46.445],[7.657,46.443]]],[[[7.673,46.395],[7.674,46.393],[7.671,46.393],[7.673,46.395]]],[[[8.591,46.79],[8.595,46.792],[8.596,46.79],[8.591,46.79]]],[[[8.559,46.48],[8.556,46.482],[8.558,46.487],[8.558,46.494],[8.562,46.496],[8.565,46.493],[8.566,46.489],[8.571,46.487],[8.571,46.484],[8.565,46.484],[8.559,46.48]]],[[[8.294,46.417],[8.296,46.413],[8.292,46.408],[8.303,46.407],[8.311,46.404],[8.311,46.399],[8.315,46.397],[8.315,46.385],[8.313,46.38],[8.306,46.376],[8.303,46.376],[8.296,46.371],[8.291,46.37],[8.283,46.364],[8.274,46.367],[8.265,46.366],[8.259,46.361],[8.259,46.354],[8.262,46.352],[8.262,46.348],[8.26,46.346],[8.257,46.347],[8.251,46.346],[8.244,46.34],[8.231,46.34],[8.226,46.337],[8.226,46.334],[8.219,46.33],[8.219,46.325],[8.212,46.317],[8.211,46.309],[8.185,46.3],[8.172,46.298],[8.165,46.295],[8.159,46.298],[8.152,46.297],[8.149,46.3],[8.136,46.302],[8.122,46.295],[8.122,46.292],[8.112,46.283],[8.087,46.267],[8.082,46.266],[8.079,46.263],[8.079,46.261],[8.087,46.256],[8.097,46.256],[8.103,46.251],[8.109,46.25],[8.109,46.247],[8.112,46.245],[8.112,46.241],[8.126,46.23],[8.126,46.228],[8.122,46.229],[8.113,46.225],[8.109,46.225],[8.109,46.23],[8.1,46.226],[8.087,46.226],[8.084,46.221],[8.084,46.218],[8.089,46.212],[8.083,46.208],[8.08,46.209],[8.079,46.212],[8.081,46.214],[8.077,46.219],[8.067,46.216],[8.064,46.218],[8.063,46.227],[8.067,46.234],[8.064,46.238],[8.061,46.235],[8.057,46.237],[8.057,46.234],[8.054,46.231],[8.051,46.232],[8.051,46.234],[8.039,46.237],[8.036,46.241],[8.046,46.243],[8.043,46.248],[8.045,46.249],[8.048,46.249],[8.051,46.246],[8.055,46.25],[8.065,46.254],[8.066,46.259],[8.061,46.261],[8.058,46.265],[8.053,46.266],[8.054,46.268],[8.061,46.267],[8.061,46.271],[8.071,46.271],[8.072,46.275],[8.07,46.277],[8.073,46.279],[8.074,46.283],[8.081,46.286],[8.087,46.282],[8.094,46.283],[8.097,46.286],[8.095,46.288],[8.097,46.293],[8.094,46.299],[8.102,46.306],[8.108,46.308],[8.11,46.312],[8.114,46.313],[8.101,46.313],[8.091,46.308],[8.08,46.306],[8.079,46.308],[8.089,46.317],[8.083,46.322],[8.088,46.327],[8.082,46.324],[8.078,46.325],[8.075,46.323],[8.074,46.324],[8.073,46.326],[8.077,46.331],[8.076,46.333],[8.078,46.336],[8.091,46.335],[8.091,46.344],[8.098,46.344],[8.101,46.349],[8.106,46.346],[8.117,46.345],[8.12,46.346],[8.122,46.349],[8.128,46.351],[8.131,46.346],[8.114,46.337],[8.115,46.328],[8.124,46.327],[8.132,46.331],[8.146,46.334],[8.15,46.338],[8.156,46.337],[8.146,46.328],[8.139,46.319],[8.145,46.321],[8.148,46.324],[8.16,46.328],[8.161,46.326],[8.158,46.324],[8.161,46.319],[8.156,46.315],[8.155,46.312],[8.156,46.31],[8.159,46.31],[8.166,46.322],[8.169,46.319],[8.179,46.323],[8.196,46.321],[8.204,46.326],[8.203,46.33],[8.2,46.332],[8.198,46.337],[8.202,46.34],[8.208,46.339],[8.213,46.343],[8.214,46.346],[8.199,46.348],[8.198,46.35],[8.205,46.355],[8.212,46.356],[8.214,46.352],[8.218,46.349],[8.239,46.352],[8.24,46.355],[8.234,46.356],[8.232,46.359],[8.234,46.366],[8.248,46.371],[8.251,46.369],[8.262,46.372],[8.263,46.375],[8.267,46.378],[8.277,46.382],[8.284,46.383],[8.287,46.386],[8.294,46.388],[8.287,46.391],[8.284,46.389],[8.277,46.388],[8.269,46.39],[8.27,46.393],[8.287,46.398],[8.277,46.402],[8.271,46.4],[8.268,46.402],[8.257,46.395],[8.258,46.392],[8.262,46.393],[8.263,46.388],[8.261,46.387],[8.251,46.388],[8.252,46.39],[8.251,46.391],[8.24,46.388],[8.234,46.391],[8.248,46.397],[8.245,46.398],[8.238,46.397],[8.235,46.398],[8.219,46.391],[8.216,46.393],[8.222,46.397],[8.225,46.397],[8.225,46.402],[8.232,46.402],[8.232,46.404],[8.244,46.413],[8.244,46.415],[8.25,46.42],[8.235,46.418],[8.219,46.412],[8.216,46.412],[8.213,46.415],[8.216,46.417],[8.222,46.416],[8.225,46.422],[8.232,46.422],[8.236,46.424],[8.235,46.429],[8.248,46.428],[8.252,46.431],[8.26,46.431],[8.257,46.429],[8.258,46.428],[8.262,46.43],[8.271,46.425],[8.278,46.425],[8.294,46.417]]],[[[8.601,46.502],[8.582,46.497],[8.58,46.498],[8.581,46.5],[8.578,46.502],[8.59,46.502],[8.592,46.504],[8.601,46.502]]],[[[8.474,46.809],[8.47,46.811],[8.467,46.81],[8.466,46.812],[8.47,46.812],[8.473,46.814],[8.472,46.816],[8.473,46.818],[8.469,46.825],[8.473,46.827],[8.464,46.828],[8.461,46.826],[8.451,46.827],[8.452,46.83],[8.456,46.832],[8.455,46.834],[8.449,46.836],[8.451,46.838],[8.459,46.839],[8.452,46.841],[8.453,46.845],[8.444,46.85],[8.452,46.852],[8.461,46.857],[8.457,46.857],[8.455,46.855],[8.448,46.856],[8.429,46.853],[8.422,46.854],[8.41,46.859],[8.416,46.863],[8.424,46.861],[8.435,46.861],[8.429,46.862],[8.428,46.864],[8.442,46.865],[8.446,46.863],[8.452,46.863],[8.453,46.868],[8.462,46.872],[8.464,46.875],[8.457,46.877],[8.472,46.884],[8.476,46.883],[8.47,46.879],[8.469,46.877],[8.471,46.874],[8.475,46.877],[8.491,46.871],[8.495,46.873],[8.498,46.872],[8.499,46.87],[8.497,46.863],[8.511,46.859],[8.514,46.863],[8.517,46.862],[8.531,46.865],[8.537,46.871],[8.544,46.871],[8.546,46.869],[8.549,46.869],[8.557,46.871],[8.559,46.869],[8.557,46.861],[8.553,46.856],[8.555,46.853],[8.55,46.848],[8.546,46.847],[8.54,46.842],[8.533,46.841],[8.517,46.847],[8.514,46.846],[8.51,46.847],[8.507,46.846],[8.501,46.84],[8.491,46.838],[8.483,46.829],[8.483,46.827],[8.487,46.825],[8.49,46.827],[8.49,46.83],[8.494,46.832],[8.495,46.829],[8.491,46.827],[8.496,46.823],[8.497,46.82],[8.49,46.818],[8.487,46.814],[8.485,46.816],[8.487,46.818],[8.484,46.82],[8.48,46.818],[8.477,46.814],[8.475,46.814],[8.474,46.809]]],[[[8.482,46.346],[8.468,46.342],[8.464,46.346],[8.468,46.351],[8.475,46.351],[8.474,46.348],[8.482,46.346]]],[[[8.466,46.38],[8.465,46.378],[8.464,46.382],[8.461,46.384],[8.462,46.387],[8.475,46.386],[8.478,46.384],[8.472,46.38],[8.466,46.38]]],[[[8.256,46.739],[8.25,46.737],[8.247,46.741],[8.253,46.743],[8.253,46.746],[8.256,46.75],[8.261,46.752],[8.259,46.755],[8.262,46.759],[8.267,46.759],[8.27,46.764],[8.275,46.768],[8.283,46.771],[8.293,46.772],[8.3,46.775],[8.301,46.772],[8.306,46.773],[8.31,46.772],[8.303,46.766],[8.299,46.765],[8.286,46.756],[8.28,46.754],[8.276,46.755],[8.276,46.757],[8.273,46.756],[8.268,46.75],[8.268,46.748],[8.256,46.739]]],[[[8.27,46.764],[8.26,46.76],[8.257,46.762],[8.25,46.763],[8.246,46.766],[8.242,46.766],[8.237,46.763],[8.235,46.764],[8.237,46.771],[8.241,46.771],[8.244,46.775],[8.247,46.776],[8.25,46.773],[8.257,46.778],[8.263,46.773],[8.264,46.77],[8.269,46.768],[8.27,46.764]]],[[[8.293,46.779],[8.287,46.78],[8.28,46.778],[8.27,46.778],[8.266,46.779],[8.268,46.782],[8.273,46.782],[8.28,46.785],[8.287,46.785],[8.29,46.783],[8.296,46.786],[8.305,46.786],[8.303,46.782],[8.296,46.782],[8.293,46.779]]],[[[8.15,46.353],[8.143,46.353],[8.137,46.356],[8.13,46.354],[8.126,46.358],[8.14,46.36],[8.141,46.357],[8.148,46.355],[8.15,46.353]]],[[[8.141,46.139],[8.136,46.139],[8.128,46.144],[8.131,46.146],[8.137,46.144],[8.141,46.145],[8.143,46.146],[8.138,46.148],[8.141,46.149],[8.147,46.148],[8.148,46.144],[8.141,46.139]]],[[[8.103,46.43],[8.099,46.429],[8.096,46.432],[8.092,46.43],[8.089,46.432],[8.089,46.438],[8.102,46.441],[8.113,46.448],[8.116,46.448],[8.117,46.445],[8.116,46.443],[8.105,46.436],[8.102,46.432],[8.103,46.43]]],[[[8.029,46.662],[8.027,46.661],[8.02,46.665],[8.016,46.664],[8.009,46.666],[8.004,46.67],[7.994,46.666],[7.987,46.668],[7.981,46.663],[7.978,46.664],[7.978,46.667],[7.968,46.666],[7.966,46.667],[7.965,46.673],[7.958,46.67],[7.951,46.671],[7.964,46.676],[7.971,46.676],[7.978,46.679],[7.981,46.677],[7.984,46.68],[7.988,46.676],[7.993,46.68],[7.994,46.683],[8.001,46.683],[8.007,46.685],[8.017,46.683],[8.02,46.681],[8.03,46.682],[8.025,46.684],[8.024,46.686],[8.014,46.687],[8.03,46.687],[8.035,46.684],[8.035,46.68],[8.04,46.679],[8.046,46.683],[8.051,46.684],[8.051,46.686],[8.06,46.691],[8.056,46.693],[8.042,46.695],[8.043,46.696],[8.05,46.699],[8.053,46.702],[8.073,46.706],[8.078,46.709],[8.086,46.709],[8.089,46.704],[8.092,46.703],[8.096,46.706],[8.099,46.705],[8.102,46.706],[8.104,46.702],[8.102,46.7],[8.095,46.7],[8.101,46.697],[8.097,46.693],[8.1,46.691],[8.101,46.688],[8.109,46.688],[8.112,46.684],[8.115,46.684],[8.109,46.682],[8.102,46.682],[8.095,46.686],[8.092,46.683],[8.084,46.686],[8.082,46.689],[8.079,46.688],[8.075,46.684],[8.075,46.682],[8.07,46.679],[8.069,46.676],[8.066,46.676],[8.063,46.673],[8.062,46.677],[8.067,46.684],[8.053,46.68],[8.056,46.677],[8.055,46.668],[8.053,46.666],[8.043,46.668],[8.043,46.671],[8.04,46.67],[8.034,46.673],[8.03,46.673],[8.034,46.671],[8.03,46.667],[8.026,46.666],[8.029,46.662]]],[[[7.149,45.923],[7.155,45.925],[7.158,45.923],[7.169,45.923],[7.155,45.914],[7.152,45.915],[7.151,45.912],[7.158,45.908],[7.171,45.913],[7.174,45.912],[7.174,45.91],[7.175,45.912],[7.18,45.912],[7.178,45.909],[7.171,45.908],[7.167,45.903],[7.165,45.895],[7.162,45.891],[7.171,45.893],[7.175,45.892],[7.178,45.889],[7.171,45.882],[7.175,45.882],[7.178,45.875],[7.187,45.886],[7.194,45.888],[7.192,45.894],[7.194,45.895],[7.197,45.892],[7.199,45.892],[7.198,45.889],[7.202,45.889],[7.204,45.891],[7.21,45.889],[7.21,45.892],[7.203,45.896],[7.22,45.898],[7.222,45.903],[7.219,45.912],[7.222,45.914],[7.221,45.919],[7.219,45.921],[7.222,45.923],[7.223,45.926],[7.229,45.928],[7.238,45.928],[7.239,45.926],[7.245,45.924],[7.255,45.924],[7.265,45.918],[7.267,45.919],[7.263,45.923],[7.263,45.925],[7.265,45.928],[7.271,45.93],[7.271,45.932],[7.265,45.936],[7.258,45.936],[7.254,45.941],[7.255,45.946],[7.261,45.944],[7.265,45.945],[7.269,45.943],[7.266,45.946],[7.266,45.948],[7.258,45.95],[7.248,45.948],[7.244,45.952],[7.245,45.957],[7.249,45.957],[7.25,45.959],[7.244,45.964],[7.247,45.97],[7.247,45.973],[7.245,45.975],[7.248,45.98],[7.255,45.981],[7.259,45.979],[7.259,45.984],[7.248,45.989],[7.245,45.989],[7.243,45.993],[7.238,45.995],[7.232,46.002],[7.229,46.009],[7.212,46.015],[7.216,46.017],[7.226,46.015],[7.228,46.02],[7.232,46.018],[7.235,46.019],[7.237,46.02],[7.236,46.024],[7.242,46.027],[7.248,46.027],[7.254,46.022],[7.251,46.018],[7.248,46.021],[7.247,46.02],[7.251,46.017],[7.255,46.019],[7.257,46.011],[7.261,46.007],[7.268,46.012],[7.271,46.009],[7.273,46.009],[7.27,46.006],[7.274,46.006],[7.275,46.002],[7.279,45.997],[7.286,45.993],[7.289,45.993],[7.286,45.997],[7.286,46.0],[7.29,46.004],[7.288,46.006],[7.293,46.014],[7.3,46.014],[7.303,46.007],[7.31,46.017],[7.31,46.015],[7.313,46.014],[7.316,46.016],[7.324,46.011],[7.322,46.009],[7.322,46.006],[7.318,46.002],[7.316,45.995],[7.319,45.99],[7.322,45.997],[7.326,46.001],[7.329,45.999],[7.335,46.001],[7.342,45.999],[7.343,45.998],[7.342,45.996],[7.336,45.995],[7.329,45.985],[7.326,45.984],[7.329,45.983],[7.335,45.985],[7.336,45.984],[7.338,45.98],[7.337,45.977],[7.341,45.973],[7.341,45.966],[7.339,45.958],[7.335,45.957],[7.339,45.955],[7.342,45.956],[7.345,45.953],[7.349,45.953],[7.348,45.95],[7.349,45.948],[7.354,45.944],[7.357,45.937],[7.352,45.935],[7.352,45.932],[7.358,45.931],[7.361,45.933],[7.365,45.933],[7.382,45.926],[7.381,45.923],[7.384,45.925],[7.387,45.922],[7.388,45.926],[7.397,45.925],[7.408,45.935],[7.422,45.941],[7.433,45.948],[7.437,45.953],[7.41,45.944],[7.406,45.946],[7.405,45.941],[7.403,45.94],[7.401,45.941],[7.402,45.946],[7.4,45.948],[7.396,45.948],[7.398,45.946],[7.397,45.944],[7.387,45.947],[7.384,45.946],[7.38,45.948],[7.386,45.953],[7.388,45.957],[7.387,45.959],[7.383,45.957],[7.381,45.954],[7.374,45.954],[7.37,45.957],[7.375,45.959],[7.376,45.962],[7.368,45.966],[7.367,45.968],[7.37,45.973],[7.368,45.975],[7.369,45.98],[7.371,45.981],[7.374,45.977],[7.375,45.98],[7.372,45.982],[7.375,45.984],[7.372,45.989],[7.373,45.991],[7.368,45.997],[7.364,45.997],[7.363,46.0],[7.364,46.004],[7.361,46.009],[7.362,46.011],[7.359,46.018],[7.364,46.018],[7.365,46.02],[7.364,46.021],[7.358,46.018],[7.353,46.022],[7.352,46.025],[7.356,46.029],[7.348,46.03],[7.346,46.031],[7.345,46.034],[7.339,46.036],[7.344,46.04],[7.344,46.042],[7.339,46.043],[7.335,46.041],[7.325,46.047],[7.329,46.051],[7.333,46.051],[7.333,46.054],[7.329,46.057],[7.316,46.051],[7.314,46.054],[7.315,46.058],[7.311,46.063],[7.316,46.07],[7.313,46.07],[7.311,46.067],[7.306,46.065],[7.301,46.067],[7.3,46.071],[7.296,46.071],[7.285,46.076],[7.288,46.078],[7.288,46.081],[7.294,46.087],[7.287,46.092],[7.283,46.091],[7.281,46.094],[7.277,46.096],[7.274,46.097],[7.27,46.096],[7.264,46.107],[7.266,46.11],[7.274,46.113],[7.277,46.119],[7.276,46.121],[7.28,46.125],[7.288,46.123],[7.278,46.117],[7.282,46.114],[7.278,46.11],[7.28,46.107],[7.287,46.112],[7.293,46.113],[7.295,46.112],[7.294,46.108],[7.298,46.105],[7.298,46.103],[7.301,46.103],[7.303,46.106],[7.309,46.104],[7.319,46.105],[7.338,46.101],[7.343,46.096],[7.35,46.094],[7.345,46.105],[7.347,46.11],[7.339,46.114],[7.338,46.117],[7.335,46.119],[7.342,46.122],[7.348,46.121],[7.343,46.123],[7.345,46.126],[7.348,46.126],[7.351,46.131],[7.355,46.131],[7.356,46.128],[7.361,46.127],[7.362,46.126],[7.359,46.123],[7.365,46.119],[7.365,46.117],[7.358,46.114],[7.357,46.112],[7.362,46.11],[7.362,46.112],[7.364,46.113],[7.369,46.108],[7.367,46.105],[7.371,46.106],[7.372,46.103],[7.364,46.102],[7.362,46.099],[7.364,46.096],[7.368,46.1],[7.375,46.094],[7.381,46.092],[7.377,46.085],[7.378,46.081],[7.375,46.078],[7.384,46.08],[7.387,46.079],[7.388,46.076],[7.384,46.074],[7.384,46.072],[7.38,46.069],[7.375,46.07],[7.373,46.067],[7.374,46.065],[7.377,46.067],[7.388,46.063],[7.384,46.061],[7.379,46.052],[7.379,46.049],[7.376,46.045],[7.377,46.039],[7.378,46.045],[7.381,46.046],[7.39,46.054],[7.391,46.052],[7.39,46.046],[7.392,46.045],[7.393,46.04],[7.398,46.036],[7.397,46.032],[7.393,46.029],[7.393,46.026],[7.4,46.03],[7.41,46.033],[7.419,46.027],[7.424,46.027],[7.424,46.025],[7.432,46.016],[7.435,46.015],[7.442,46.017],[7.446,46.016],[7.447,46.009],[7.445,46.007],[7.452,46.005],[7.454,46.011],[7.458,46.011],[7.462,46.007],[7.461,46.004],[7.464,46.005],[7.468,46.011],[7.47,46.011],[7.469,46.013],[7.471,46.014],[7.472,46.009],[7.482,45.995],[7.477,45.993],[7.476,45.991],[7.477,45.99],[7.49,45.99],[7.493,45.988],[7.498,45.989],[7.5,45.986],[7.505,45.989],[7.504,45.991],[7.506,45.995],[7.513,45.992],[7.52,45.993],[7.516,45.997],[7.506,45.998],[7.505,46.0],[7.507,46.004],[7.52,46.013],[7.519,46.014],[7.513,46.011],[7.506,46.01],[7.503,46.014],[7.503,46.016],[7.506,46.018],[7.505,46.02],[7.508,46.022],[7.507,46.029],[7.514,46.031],[7.516,46.038],[7.521,46.04],[7.517,46.043],[7.516,46.045],[7.517,46.047],[7.514,46.052],[7.519,46.059],[7.53,46.054],[7.53,46.051],[7.524,46.045],[7.526,46.041],[7.529,46.04],[7.524,46.036],[7.524,46.034],[7.526,46.03],[7.529,46.031],[7.531,46.029],[7.53,46.025],[7.532,46.024],[7.536,46.028],[7.542,46.027],[7.545,46.034],[7.548,46.037],[7.55,46.036],[7.55,46.031],[7.552,46.03],[7.555,46.032],[7.558,46.029],[7.561,46.032],[7.567,46.033],[7.568,46.038],[7.575,46.031],[7.576,46.042],[7.572,46.047],[7.572,46.051],[7.573,46.054],[7.578,46.058],[7.568,46.065],[7.573,46.072],[7.567,46.072],[7.565,46.07],[7.563,46.072],[7.567,46.076],[7.56,46.078],[7.566,46.081],[7.564,46.083],[7.568,46.088],[7.57,46.085],[7.569,46.083],[7.574,46.08],[7.575,46.081],[7.572,46.09],[7.575,46.094],[7.571,46.097],[7.568,46.095],[7.562,46.096],[7.557,46.101],[7.561,46.103],[7.568,46.104],[7.574,46.1],[7.578,46.101],[7.58,46.096],[7.584,46.093],[7.587,46.096],[7.593,46.092],[7.597,46.087],[7.6,46.09],[7.597,46.092],[7.6,46.098],[7.606,46.094],[7.61,46.097],[7.616,46.096],[7.62,46.092],[7.61,46.08],[7.619,46.072],[7.62,46.068],[7.618,46.067],[7.62,46.065],[7.623,46.065],[7.627,46.069],[7.633,46.08],[7.634,46.072],[7.638,46.069],[7.634,46.067],[7.635,46.065],[7.629,46.065],[7.629,46.062],[7.633,46.06],[7.636,46.065],[7.645,46.061],[7.647,46.063],[7.642,46.067],[7.642,46.07],[7.64,46.072],[7.646,46.074],[7.642,46.075],[7.643,46.078],[7.641,46.081],[7.643,46.083],[7.642,46.085],[7.645,46.087],[7.645,46.09],[7.652,46.092],[7.655,46.091],[7.656,46.094],[7.658,46.095],[7.669,46.094],[7.675,46.098],[7.675,46.103],[7.669,46.108],[7.668,46.112],[7.665,46.111],[7.658,46.112],[7.657,46.114],[7.66,46.117],[7.656,46.119],[7.668,46.123],[7.666,46.126],[7.659,46.128],[7.658,46.13],[7.659,46.132],[7.656,46.137],[7.658,46.139],[7.658,46.148],[7.656,46.15],[7.657,46.153],[7.646,46.159],[7.642,46.159],[7.642,46.162],[7.646,46.16],[7.652,46.163],[7.662,46.164],[7.656,46.172],[7.644,46.175],[7.643,46.177],[7.649,46.18],[7.646,46.187],[7.642,46.189],[7.636,46.188],[7.634,46.191],[7.634,46.193],[7.639,46.198],[7.638,46.2],[7.643,46.2],[7.651,46.204],[7.642,46.207],[7.642,46.211],[7.64,46.213],[7.642,46.216],[7.639,46.218],[7.641,46.222],[7.632,46.229],[7.633,46.231],[7.636,46.231],[7.629,46.234],[7.628,46.236],[7.63,46.238],[7.627,46.237],[7.623,46.241],[7.618,46.243],[7.622,46.245],[7.617,46.247],[7.622,46.249],[7.62,46.254],[7.616,46.258],[7.618,46.261],[7.612,46.263],[7.614,46.267],[7.623,46.262],[7.636,46.262],[7.64,46.264],[7.643,46.261],[7.649,46.266],[7.662,46.266],[7.664,46.265],[7.661,46.263],[7.662,46.261],[7.666,46.264],[7.668,46.263],[7.668,46.26],[7.662,46.26],[7.66,46.258],[7.662,46.257],[7.666,46.258],[7.675,46.249],[7.682,46.246],[7.691,46.247],[7.694,46.242],[7.691,46.242],[7.689,46.238],[7.684,46.238],[7.689,46.233],[7.686,46.229],[7.691,46.229],[7.69,46.231],[7.692,46.231],[7.695,46.229],[7.695,46.222],[7.691,46.222],[7.692,46.22],[7.691,46.218],[7.688,46.217],[7.686,46.213],[7.678,46.213],[7.677,46.211],[7.678,46.206],[7.676,46.204],[7.678,46.201],[7.682,46.203],[7.683,46.202],[7.681,46.197],[7.683,46.195],[7.678,46.193],[7.677,46.191],[7.676,46.188],[7.681,46.184],[7.678,46.182],[7.677,46.179],[7.677,46.177],[7.68,46.175],[7.673,46.168],[7.679,46.168],[7.68,46.166],[7.677,46.161],[7.682,46.157],[7.678,46.155],[7.686,46.15],[7.69,46.15],[7.691,46.156],[7.694,46.153],[7.695,46.155],[7.699,46.155],[7.7,46.152],[7.696,46.15],[7.698,46.15],[7.701,46.152],[7.705,46.152],[7.711,46.157],[7.703,46.161],[7.704,46.164],[7.716,46.168],[7.714,46.17],[7.707,46.172],[7.704,46.175],[7.711,46.176],[7.717,46.174],[7.719,46.175],[7.718,46.186],[7.717,46.188],[7.715,46.188],[7.72,46.189],[7.724,46.192],[7.72,46.197],[7.715,46.2],[7.716,46.204],[7.717,46.205],[7.724,46.201],[7.731,46.206],[7.729,46.209],[7.737,46.21],[7.74,46.213],[7.733,46.215],[7.729,46.218],[7.73,46.22],[7.74,46.22],[7.745,46.227],[7.745,46.229],[7.737,46.231],[7.735,46.233],[7.736,46.236],[7.733,46.24],[7.734,46.243],[7.732,46.245],[7.734,46.249],[7.743,46.246],[7.745,46.247],[7.744,46.251],[7.747,46.253],[7.76,46.248],[7.763,46.249],[7.764,46.244],[7.76,46.243],[7.76,46.241],[7.769,46.243],[7.775,46.24],[7.776,46.238],[7.782,46.241],[7.791,46.242],[7.787,46.244],[7.785,46.247],[7.787,46.249],[7.792,46.249],[7.802,46.253],[7.808,46.249],[7.796,46.244],[7.796,46.242],[7.802,46.239],[7.809,46.238],[7.808,46.236],[7.802,46.233],[7.796,46.233],[7.792,46.23],[7.789,46.234],[7.787,46.231],[7.79,46.226],[7.789,46.224],[7.785,46.224],[7.779,46.218],[7.776,46.219],[7.773,46.215],[7.776,46.213],[7.776,46.21],[7.779,46.212],[7.79,46.211],[7.793,46.208],[7.779,46.203],[7.771,46.202],[7.761,46.195],[7.762,46.192],[7.77,46.193],[7.773,46.19],[7.773,46.188],[7.772,46.187],[7.769,46.189],[7.771,46.186],[7.769,46.181],[7.766,46.178],[7.761,46.177],[7.761,46.175],[7.764,46.173],[7.764,46.17],[7.762,46.169],[7.759,46.172],[7.757,46.168],[7.752,46.166],[7.758,46.159],[7.756,46.156],[7.753,46.155],[7.764,46.15],[7.764,46.148],[7.759,46.146],[7.762,46.141],[7.759,46.139],[7.76,46.134],[7.763,46.132],[7.756,46.128],[7.748,46.128],[7.739,46.116],[7.746,46.114],[7.744,46.112],[7.745,46.107],[7.744,46.105],[7.75,46.101],[7.749,46.096],[7.744,46.094],[7.744,46.092],[7.741,46.089],[7.733,46.088],[7.73,46.086],[7.723,46.087],[7.721,46.085],[7.721,46.08],[7.716,46.076],[7.72,46.072],[7.736,46.072],[7.738,46.069],[7.746,46.067],[7.747,46.065],[7.747,46.062],[7.743,46.06],[7.743,46.053],[7.736,46.054],[7.735,46.053],[7.733,46.039],[7.723,46.042],[7.728,46.047],[7.726,46.048],[7.723,46.048],[7.72,46.045],[7.716,46.045],[7.715,46.047],[7.717,46.049],[7.716,46.051],[7.703,46.046],[7.701,46.042],[7.703,46.04],[7.698,46.035],[7.7,46.029],[7.697,46.027],[7.691,46.027],[7.692,46.024],[7.687,46.023],[7.686,46.024],[7.687,46.027],[7.684,46.028],[7.682,46.027],[7.683,46.024],[7.671,46.021],[7.669,46.022],[7.669,46.024],[7.671,46.026],[7.674,46.026],[7.679,46.029],[7.673,46.029],[7.671,46.027],[7.661,46.027],[7.658,46.022],[7.636,46.015],[7.633,46.013],[7.635,46.011],[7.632,46.009],[7.629,46.012],[7.626,46.011],[7.631,46.009],[7.619,46.002],[7.618,46.0],[7.62,45.997],[7.632,45.998],[7.639,45.994],[7.665,45.994],[7.668,45.991],[7.669,45.995],[7.671,45.996],[7.684,45.994],[7.694,45.995],[7.696,45.993],[7.694,45.991],[7.687,45.99],[7.686,45.988],[7.68,45.986],[7.679,45.982],[7.681,45.981],[7.69,45.987],[7.697,45.982],[7.706,45.986],[7.716,45.985],[7.72,45.984],[7.722,45.979],[7.729,45.979],[7.731,45.977],[7.74,45.975],[7.739,45.973],[7.732,45.971],[7.725,45.966],[7.725,45.963],[7.722,45.961],[7.731,45.966],[7.737,45.963],[7.739,45.96],[7.742,45.963],[7.751,45.963],[7.755,45.96],[7.762,45.961],[7.762,45.959],[7.771,45.96],[7.78,45.958],[7.782,45.961],[7.787,45.962],[7.788,45.961],[7.787,45.959],[7.79,45.96],[7.795,45.957],[7.796,45.949],[7.798,45.952],[7.797,45.954],[7.8,45.957],[7.809,45.958],[7.811,45.959],[7.811,45.961],[7.819,45.961],[7.821,45.963],[7.822,45.965],[7.821,45.968],[7.817,45.97],[7.811,45.979],[7.824,45.981],[7.825,45.983],[7.823,45.986],[7.81,45.988],[7.803,45.985],[7.8,45.986],[7.805,45.99],[7.8,45.991],[7.797,45.989],[7.794,45.99],[7.795,45.993],[7.794,45.995],[7.792,45.997],[7.794,45.999],[7.797,45.997],[7.796,45.999],[7.803,46.002],[7.816,46.003],[7.819,46.006],[7.823,46.006],[7.823,46.008],[7.826,46.01],[7.844,46.015],[7.833,46.017],[7.828,46.022],[7.816,46.021],[7.817,46.024],[7.807,46.026],[7.797,46.023],[7.793,46.026],[7.79,46.031],[7.799,46.031],[7.803,46.029],[7.81,46.04],[7.813,46.04],[7.816,46.043],[7.82,46.042],[7.821,46.04],[7.82,46.037],[7.816,46.036],[7.813,46.031],[7.816,46.028],[7.82,46.033],[7.826,46.036],[7.829,46.035],[7.833,46.03],[7.839,46.034],[7.844,46.035],[7.845,46.037],[7.842,46.04],[7.85,46.044],[7.849,46.046],[7.842,46.047],[7.84,46.049],[7.847,46.051],[7.839,46.053],[7.843,46.055],[7.844,46.058],[7.836,46.059],[7.834,46.06],[7.834,46.062],[7.836,46.064],[7.835,46.073],[7.845,46.08],[7.843,46.081],[7.839,46.079],[7.836,46.08],[7.83,46.077],[7.828,46.078],[7.826,46.082],[7.827,46.085],[7.833,46.089],[7.827,46.091],[7.833,46.094],[7.832,46.096],[7.823,46.099],[7.823,46.101],[7.831,46.105],[7.821,46.107],[7.831,46.109],[7.832,46.112],[7.829,46.116],[7.836,46.12],[7.837,46.121],[7.835,46.123],[7.838,46.125],[7.833,46.13],[7.835,46.132],[7.828,46.136],[7.833,46.14],[7.838,46.136],[7.841,46.136],[7.842,46.139],[7.839,46.141],[7.84,46.146],[7.846,46.143],[7.85,46.143],[7.85,46.146],[7.855,46.147],[7.85,46.15],[7.853,46.152],[7.863,46.154],[7.869,46.152],[7.872,46.156],[7.872,46.16],[7.882,46.159],[7.885,46.165],[7.892,46.165],[7.897,46.159],[7.894,46.156],[7.896,46.154],[7.89,46.152],[7.891,46.147],[7.881,46.134],[7.882,46.132],[7.888,46.138],[7.892,46.139],[7.895,46.146],[7.897,46.141],[7.895,46.138],[7.901,46.136],[7.897,46.129],[7.886,46.123],[7.891,46.121],[7.892,46.12],[7.891,46.117],[7.893,46.116],[7.891,46.115],[7.889,46.109],[7.89,46.107],[7.888,46.105],[7.885,46.105],[7.882,46.107],[7.884,46.105],[7.884,46.098],[7.882,46.096],[7.884,46.093],[7.888,46.089],[7.891,46.093],[7.894,46.093],[7.898,46.088],[7.901,46.087],[7.917,46.087],[7.923,46.084],[7.925,46.086],[7.92,46.091],[7.927,46.092],[7.94,46.089],[7.94,46.086],[7.936,46.086],[7.93,46.079],[7.923,46.078],[7.93,46.075],[7.927,46.073],[7.927,46.07],[7.933,46.073],[7.936,46.073],[7.939,46.07],[7.943,46.071],[7.943,46.068],[7.945,46.066],[7.944,46.064],[7.939,46.063],[7.934,46.057],[7.942,46.055],[7.949,46.048],[7.946,46.045],[7.942,46.045],[7.932,46.035],[7.933,46.03],[7.939,46.036],[7.942,46.035],[7.942,46.032],[7.946,46.038],[7.953,46.035],[7.953,46.032],[7.957,46.026],[7.958,46.019],[7.962,46.017],[7.965,46.024],[7.968,46.021],[7.97,46.023],[7.971,46.033],[7.978,46.032],[7.986,46.034],[7.975,46.037],[7.971,46.04],[7.97,46.053],[7.975,46.062],[7.978,46.063],[7.978,46.066],[7.974,46.071],[7.975,46.072],[7.98,46.07],[7.988,46.062],[7.991,46.063],[7.994,46.062],[7.995,46.057],[7.997,46.056],[8.001,46.06],[8.007,46.056],[8.008,46.057],[8.004,46.066],[8.0,46.07],[8.001,46.073],[7.999,46.077],[8.0,46.079],[7.991,46.084],[7.991,46.086],[7.987,46.088],[7.986,46.091],[7.981,46.093],[7.985,46.095],[7.99,46.095],[7.991,46.098],[8.002,46.097],[8.004,46.1],[8.002,46.104],[7.998,46.106],[7.997,46.109],[7.992,46.113],[7.992,46.116],[7.988,46.112],[7.985,46.113],[7.983,46.118],[7.977,46.115],[7.972,46.115],[7.97,46.116],[7.97,46.12],[7.968,46.122],[7.969,46.129],[7.968,46.131],[7.973,46.133],[7.975,46.138],[7.972,46.141],[7.976,46.143],[7.977,46.147],[7.975,46.154],[7.977,46.156],[7.976,46.157],[7.967,46.154],[7.969,46.151],[7.963,46.152],[7.966,46.154],[7.958,46.158],[7.958,46.161],[7.962,46.165],[7.958,46.172],[7.964,46.178],[7.963,46.179],[7.956,46.176],[7.944,46.177],[7.942,46.179],[7.95,46.18],[7.959,46.185],[7.958,46.188],[7.954,46.191],[7.947,46.192],[7.945,46.194],[7.947,46.196],[7.947,46.199],[7.941,46.198],[7.937,46.199],[7.936,46.201],[7.936,46.206],[7.944,46.212],[7.947,46.211],[7.95,46.213],[7.957,46.211],[7.963,46.205],[7.967,46.205],[7.967,46.207],[7.963,46.21],[7.977,46.21],[7.976,46.22],[7.977,46.224],[7.975,46.226],[7.975,46.232],[7.971,46.237],[7.977,46.248],[7.976,46.259],[7.978,46.262],[7.975,46.264],[7.977,46.268],[7.987,46.269],[7.993,46.263],[7.996,46.265],[8.0,46.265],[8.013,46.261],[8.009,46.26],[8.006,46.261],[8.001,46.259],[8.0,46.256],[7.99,46.25],[7.997,46.246],[7.991,46.244],[7.988,46.241],[7.988,46.239],[7.993,46.237],[7.996,46.232],[7.996,46.227],[7.993,46.227],[7.989,46.224],[7.991,46.221],[7.996,46.217],[8.0,46.217],[8.002,46.219],[8.012,46.219],[8.014,46.216],[8.019,46.216],[8.026,46.21],[8.025,46.204],[8.018,46.204],[8.019,46.196],[8.007,46.192],[8.008,46.19],[8.009,46.189],[8.012,46.192],[8.015,46.188],[8.018,46.192],[8.022,46.189],[8.034,46.19],[8.044,46.184],[8.051,46.183],[8.051,46.18],[8.047,46.179],[8.04,46.174],[8.045,46.167],[8.042,46.165],[8.041,46.161],[8.037,46.159],[8.034,46.161],[8.024,46.16],[8.028,46.158],[8.034,46.158],[8.029,46.156],[8.031,46.153],[8.041,46.152],[8.057,46.146],[8.083,46.15],[8.083,46.148],[8.08,46.146],[8.083,46.146],[8.085,46.144],[8.082,46.14],[8.082,46.137],[8.08,46.135],[8.072,46.133],[8.06,46.119],[8.056,46.12],[8.053,46.117],[8.066,46.111],[8.068,46.113],[8.074,46.113],[8.076,46.111],[8.078,46.113],[8.085,46.113],[8.097,46.124],[8.102,46.124],[8.108,46.127],[8.112,46.124],[8.112,46.119],[8.102,46.112],[8.089,46.111],[8.079,46.108],[8.069,46.108],[8.056,46.103],[8.04,46.101],[8.033,46.097],[8.031,46.09],[8.029,46.088],[8.029,46.084],[8.022,46.077],[8.025,46.07],[8.025,46.061],[8.028,46.059],[8.028,46.054],[8.032,46.052],[8.032,46.045],[8.018,46.037],[8.018,46.034],[8.015,46.032],[8.015,46.025],[8.012,46.021],[8.011,46.014],[8.0,46.011],[7.998,46.007],[7.992,46.003],[7.992,46.001],[7.989,45.998],[7.981,45.997],[7.978,46.0],[7.971,46.0],[7.958,45.997],[7.939,45.998],[7.936,45.996],[7.907,45.995],[7.906,45.992],[7.902,45.99],[7.902,45.988],[7.899,45.985],[7.887,45.977],[7.881,45.975],[7.879,45.961],[7.876,45.958],[7.876,45.952],[7.872,45.949],[7.873,45.947],[7.872,45.945],[7.869,45.943],[7.87,45.941],[7.869,45.936],[7.873,45.934],[7.876,45.927],[7.864,45.919],[7.858,45.921],[7.845,45.921],[7.841,45.924],[7.832,45.924],[7.829,45.926],[7.819,45.928],[7.818,45.925],[7.812,45.921],[7.805,45.921],[7.803,45.919],[7.793,45.919],[7.791,45.923],[7.787,45.926],[7.78,45.928],[7.771,45.935],[7.765,45.936],[7.766,45.939],[7.764,45.94],[7.747,45.939],[7.741,45.934],[7.741,45.932],[7.738,45.93],[7.734,45.93],[7.734,45.925],[7.719,45.924],[7.714,45.928],[7.713,45.931],[7.707,45.934],[7.708,45.95],[7.701,45.952],[7.697,45.956],[7.684,45.956],[7.68,45.958],[7.675,45.961],[7.676,45.966],[7.661,45.977],[7.648,45.976],[7.639,45.971],[7.635,45.972],[7.629,45.971],[7.616,45.974],[7.61,45.969],[7.6,45.969],[7.597,45.971],[7.587,45.971],[7.579,45.977],[7.578,45.982],[7.571,45.987],[7.568,45.987],[7.564,45.985],[7.546,45.984],[7.546,45.982],[7.54,45.975],[7.543,45.973],[7.544,45.966],[7.547,45.964],[7.544,45.962],[7.542,45.958],[7.535,45.956],[7.532,45.958],[7.522,45.958],[7.517,45.962],[7.505,45.962],[7.497,45.958],[7.484,45.956],[7.481,45.953],[7.477,45.954],[7.469,45.948],[7.469,45.946],[7.472,45.944],[7.473,45.939],[7.468,45.935],[7.458,45.936],[7.449,45.932],[7.445,45.932],[7.436,45.926],[7.433,45.921],[7.426,45.916],[7.416,45.913],[7.41,45.909],[7.4,45.911],[7.395,45.908],[7.394,45.904],[7.387,45.9],[7.377,45.9],[7.365,45.904],[7.361,45.908],[7.355,45.909],[7.352,45.913],[7.342,45.916],[7.336,45.913],[7.329,45.913],[7.323,45.911],[7.314,45.917],[7.303,45.918],[7.294,45.922],[7.29,45.922],[7.289,45.919],[7.279,45.91],[7.279,45.907],[7.255,45.89],[7.252,45.89],[7.245,45.895],[7.239,45.891],[7.226,45.893],[7.221,45.889],[7.213,45.887],[7.198,45.876],[7.198,45.865],[7.188,45.86],[7.171,45.866],[7.165,45.871],[7.165,45.874],[7.159,45.878],[7.155,45.878],[7.152,45.88],[7.149,45.877],[7.137,45.876],[7.133,45.87],[7.126,45.866],[7.123,45.866],[7.121,45.864],[7.122,45.862],[7.114,45.859],[7.104,45.859],[7.097,45.863],[7.096,45.869],[7.093,45.871],[7.093,45.876],[7.084,45.882],[7.083,45.885],[7.077,45.889],[7.075,45.895],[7.068,45.897],[7.065,45.9],[7.065,45.905],[7.062,45.913],[7.058,45.912],[7.047,45.92],[7.047,45.923],[7.043,45.925],[7.044,45.927],[7.041,45.929],[7.041,45.932],[7.037,45.934],[7.037,45.936],[7.034,45.938],[7.033,45.947],[7.037,45.954],[7.029,45.957],[7.023,45.957],[7.021,45.959],[7.016,45.959],[7.013,45.964],[7.007,45.967],[7.008,45.972],[7.017,45.981],[7.016,45.984],[7.01,45.988],[7.01,45.999],[6.993,46.0],[6.987,46.004],[6.984,46.004],[6.981,46.008],[6.982,46.017],[6.957,46.037],[6.961,46.04],[6.964,46.038],[6.973,46.039],[6.972,46.044],[6.974,46.045],[6.974,46.036],[6.972,46.033],[6.974,46.031],[6.987,46.034],[6.995,46.033],[6.996,46.03],[7.003,46.029],[7.003,46.024],[7.006,46.022],[7.009,46.023],[7.02,46.022],[7.025,46.02],[7.042,46.02],[7.038,46.017],[7.037,46.015],[7.038,46.014],[7.042,46.014],[7.044,46.017],[7.048,46.016],[7.051,46.018],[7.061,46.02],[7.067,46.02],[7.071,46.017],[7.077,46.019],[7.08,46.018],[7.084,46.015],[7.078,46.013],[7.078,46.01],[7.074,46.009],[7.072,46.006],[7.082,46.004],[7.074,46.002],[7.066,45.995],[7.066,45.992],[7.058,45.99],[7.057,45.988],[7.06,45.983],[7.057,45.981],[7.058,45.979],[7.068,45.983],[7.077,45.983],[7.08,45.979],[7.079,45.974],[7.075,45.972],[7.073,45.968],[7.074,45.966],[7.077,45.968],[7.079,45.965],[7.079,45.961],[7.076,45.956],[7.076,45.952],[7.074,45.95],[7.068,45.951],[7.065,45.948],[7.061,45.948],[7.06,45.945],[7.063,45.943],[7.058,45.942],[7.057,45.938],[7.059,45.936],[7.062,45.94],[7.077,45.93],[7.074,45.928],[7.075,45.919],[7.074,45.918],[7.078,45.916],[7.083,45.916],[7.082,45.905],[7.084,45.903],[7.087,45.903],[7.088,45.9],[7.094,45.898],[7.095,45.896],[7.094,45.894],[7.084,45.892],[7.084,45.89],[7.088,45.888],[7.098,45.887],[7.101,45.889],[7.105,45.889],[7.105,45.891],[7.107,45.892],[7.113,45.891],[7.116,45.885],[7.12,45.883],[7.117,45.88],[7.118,45.878],[7.12,45.876],[7.126,45.879],[7.129,45.876],[7.128,45.873],[7.13,45.873],[7.132,45.878],[7.137,45.882],[7.139,45.889],[7.141,45.891],[7.139,45.894],[7.142,45.896],[7.146,45.894],[7.146,45.897],[7.142,45.901],[7.139,45.898],[7.136,45.898],[7.135,45.9],[7.141,45.905],[7.139,45.909],[7.135,45.909],[7.138,45.912],[7.131,45.916],[7.133,45.918],[7.132,45.921],[7.134,45.925],[7.133,45.927],[7.131,45.927],[7.133,45.928],[7.138,45.927],[7.137,45.925],[7.139,45.923],[7.143,45.925],[7.145,45.928],[7.149,45.926],[7.149,45.923]],[[7.175,45.892],[7.171,45.89],[7.171,45.888],[7.174,45.889],[7.175,45.892]],[[7.29,46.004],[7.293,46.001],[7.297,46.0],[7.297,46.002],[7.293,46.005],[7.29,46.004]],[[7.316,45.995],[7.313,45.994],[7.31,45.996],[7.306,45.996],[7.304,45.995],[7.31,45.991],[7.313,45.985],[7.314,45.988],[7.313,45.993],[7.316,45.995]],[[7.882,46.107],[7.887,46.109],[7.884,46.109],[7.882,46.107]],[[7.149,45.923],[7.144,45.921],[7.147,45.918],[7.153,45.918],[7.149,45.923]],[[7.316,45.948],[7.322,45.957],[7.321,45.959],[7.322,45.962],[7.326,45.961],[7.327,45.962],[7.326,45.963],[7.322,45.964],[7.319,45.962],[7.314,45.95],[7.316,45.948]]],[[[7.93,46.075],[7.933,46.076],[7.934,46.075],[7.933,46.074],[7.93,46.075]]],[[[7.516,46.045],[7.513,46.044],[7.51,46.045],[7.516,46.045]]],[[[7.29,46.004],[7.287,46.002],[7.285,46.004],[7.287,46.006],[7.29,46.004]]],[[[8.043,46.788],[8.044,46.79],[8.045,46.788],[8.043,46.788]]],[[[8.044,46.79],[8.041,46.79],[8.038,46.792],[8.044,46.794],[8.051,46.793],[8.058,46.795],[8.072,46.794],[8.058,46.793],[8.048,46.79],[8.044,46.79]]],[[[7.683,46.251],[7.678,46.251],[7.675,46.253],[7.675,46.256],[7.681,46.256],[7.673,46.26],[7.675,46.264],[7.679,46.263],[7.686,46.258],[7.686,46.256],[7.683,46.254],[7.683,46.251]]],[[[7.602,46.11],[7.6,46.102],[7.599,46.103],[7.597,46.108],[7.594,46.108],[7.594,46.112],[7.591,46.116],[7.582,46.119],[7.584,46.123],[7.588,46.123],[7.588,46.128],[7.585,46.13],[7.587,46.136],[7.589,46.137],[7.599,46.135],[7.594,46.13],[7.602,46.126],[7.601,46.123],[7.607,46.121],[7.608,46.117],[7.615,46.114],[7.616,46.112],[7.61,46.111],[7.604,46.113],[7.602,46.11]]],[[[7.605,46.465],[7.598,46.459],[7.588,46.464],[7.587,46.467],[7.588,46.47],[7.592,46.469],[7.594,46.47],[7.593,46.472],[7.597,46.472],[7.601,46.47],[7.604,46.472],[7.605,46.475],[7.611,46.475],[7.612,46.472],[7.608,46.469],[7.6,46.467],[7.605,46.465]]],[[[7.563,46.105],[7.552,46.105],[7.544,46.112],[7.545,46.116],[7.549,46.114],[7.555,46.115],[7.558,46.118],[7.562,46.116],[7.568,46.108],[7.563,46.105]]],[[[7.554,46.551],[7.549,46.549],[7.546,46.552],[7.543,46.55],[7.538,46.553],[7.543,46.557],[7.549,46.555],[7.563,46.557],[7.566,46.555],[7.563,46.553],[7.563,46.551],[7.554,46.551]]],[[[7.536,46.175],[7.538,46.173],[7.541,46.166],[7.54,46.164],[7.542,46.162],[7.545,46.162],[7.545,46.159],[7.549,46.154],[7.552,46.155],[7.554,46.15],[7.551,46.144],[7.543,46.137],[7.545,46.135],[7.544,46.13],[7.55,46.128],[7.545,46.126],[7.543,46.123],[7.554,46.123],[7.551,46.126],[7.555,46.127],[7.557,46.126],[7.559,46.121],[7.555,46.118],[7.551,46.119],[7.549,46.115],[7.542,46.119],[7.523,46.138],[7.519,46.139],[7.516,46.144],[7.51,46.146],[7.51,46.148],[7.507,46.147],[7.504,46.148],[7.51,46.155],[7.513,46.155],[7.51,46.162],[7.507,46.16],[7.497,46.164],[7.494,46.169],[7.487,46.175],[7.488,46.177],[7.487,46.179],[7.481,46.179],[7.475,46.182],[7.479,46.184],[7.478,46.186],[7.474,46.187],[7.487,46.186],[7.485,46.193],[7.487,46.195],[7.492,46.195],[7.49,46.197],[7.487,46.196],[7.485,46.2],[7.487,46.202],[7.49,46.203],[7.494,46.199],[7.497,46.2],[7.495,46.202],[7.499,46.204],[7.497,46.206],[7.495,46.204],[7.492,46.204],[7.484,46.209],[7.482,46.213],[7.484,46.215],[7.493,46.209],[7.5,46.207],[7.503,46.204],[7.502,46.202],[7.503,46.2],[7.507,46.199],[7.511,46.2],[7.508,46.202],[7.513,46.203],[7.516,46.201],[7.526,46.199],[7.529,46.196],[7.53,46.198],[7.529,46.2],[7.536,46.204],[7.539,46.204],[7.541,46.202],[7.534,46.193],[7.537,46.191],[7.536,46.189],[7.534,46.189],[7.532,46.184],[7.538,46.18],[7.536,46.175]]],[[[7.526,46.517],[7.514,46.507],[7.509,46.508],[7.512,46.51],[7.511,46.517],[7.514,46.519],[7.519,46.519],[7.52,46.522],[7.524,46.522],[7.522,46.519],[7.526,46.517]]],[[[7.491,46.486],[7.487,46.483],[7.484,46.485],[7.485,46.492],[7.482,46.495],[7.482,46.497],[7.478,46.501],[7.476,46.501],[7.478,46.508],[7.491,46.507],[7.494,46.508],[7.507,46.506],[7.509,46.504],[7.506,46.501],[7.494,46.498],[7.49,46.495],[7.492,46.492],[7.491,46.486]]],[[[7.432,46.029],[7.428,46.029],[7.427,46.031],[7.428,46.036],[7.426,46.041],[7.421,46.045],[7.417,46.056],[7.417,46.061],[7.406,46.068],[7.405,46.07],[7.411,46.072],[7.412,46.076],[7.411,46.079],[7.416,46.083],[7.426,46.081],[7.429,46.084],[7.433,46.085],[7.432,46.088],[7.452,46.086],[7.461,46.088],[7.464,46.085],[7.456,46.081],[7.459,46.079],[7.46,46.076],[7.467,46.074],[7.469,46.072],[7.472,46.065],[7.464,46.062],[7.461,46.065],[7.457,46.061],[7.456,46.056],[7.449,46.052],[7.448,46.049],[7.464,46.045],[7.459,46.043],[7.46,46.04],[7.455,46.038],[7.452,46.039],[7.449,46.036],[7.448,46.031],[7.445,46.029],[7.442,46.031],[7.439,46.029],[7.437,46.031],[7.443,46.036],[7.436,46.036],[7.437,46.034],[7.432,46.029]]],[[[7.276,46.285],[7.267,46.281],[7.265,46.283],[7.268,46.285],[7.266,46.288],[7.27,46.288],[7.271,46.29],[7.27,46.292],[7.267,46.292],[7.26,46.286],[7.257,46.286],[7.255,46.29],[7.264,46.297],[7.276,46.298],[7.28,46.3],[7.289,46.297],[7.291,46.294],[7.289,46.291],[7.286,46.292],[7.283,46.289],[7.278,46.288],[7.281,46.285],[7.276,46.285]]],[[[7.205,46.368],[7.196,46.371],[7.192,46.377],[7.183,46.377],[7.175,46.38],[7.174,46.382],[7.177,46.384],[7.176,46.386],[7.179,46.387],[7.18,46.384],[7.182,46.383],[7.185,46.386],[7.192,46.385],[7.201,46.375],[7.209,46.371],[7.205,46.368]]],[[[7.17,46.377],[7.161,46.377],[7.153,46.385],[7.146,46.385],[7.14,46.383],[7.136,46.386],[7.14,46.388],[7.139,46.391],[7.143,46.393],[7.146,46.387],[7.149,46.392],[7.153,46.392],[7.156,46.387],[7.158,46.389],[7.161,46.389],[7.162,46.387],[7.164,46.389],[7.167,46.389],[7.169,46.387],[7.175,46.386],[7.169,46.38],[7.17,46.377]]],[[[7.044,46.026],[7.038,46.024],[7.029,46.035],[7.032,46.036],[7.035,46.035],[7.036,46.037],[7.019,46.042],[7.019,46.044],[7.022,46.046],[7.028,46.046],[7.032,46.049],[7.039,46.049],[7.036,46.042],[7.038,46.04],[7.042,46.04],[7.044,46.035],[7.042,46.033],[7.045,46.028],[7.044,46.026]]],[[[7.045,46.028],[7.045,46.033],[7.051,46.036],[7.056,46.035],[7.057,46.033],[7.053,46.031],[7.052,46.028],[7.045,46.028]]],[[[6.896,46.049],[6.89,46.044],[6.88,46.044],[6.878,46.046],[6.873,46.046],[6.868,46.05],[6.868,46.052],[6.871,46.055],[6.871,46.059],[6.875,46.061],[6.875,46.066],[6.883,46.072],[6.886,46.071],[6.888,46.073],[6.887,46.084],[6.884,46.086],[6.883,46.097],[6.887,46.1],[6.887,46.102],[6.891,46.104],[6.89,46.106],[6.894,46.109],[6.893,46.124],[6.856,46.125],[6.85,46.127],[6.847,46.13],[6.843,46.129],[6.84,46.132],[6.814,46.132],[6.808,46.136],[6.796,46.137],[6.798,46.142],[6.801,46.141],[6.808,46.143],[6.814,46.141],[6.827,46.142],[6.83,46.141],[6.837,46.143],[6.842,46.142],[6.847,46.145],[6.856,46.146],[6.863,46.143],[6.876,46.143],[6.881,46.138],[6.885,46.138],[6.888,46.151],[6.895,46.154],[6.896,46.156],[6.895,46.158],[6.9,46.16],[6.899,46.163],[6.895,46.165],[6.905,46.165],[6.908,46.167],[6.907,46.172],[6.911,46.171],[6.917,46.175],[6.922,46.176],[6.921,46.179],[6.924,46.18],[6.934,46.179],[6.937,46.182],[6.943,46.182],[6.947,46.184],[6.951,46.181],[6.948,46.179],[6.95,46.177],[6.956,46.182],[6.961,46.181],[6.958,46.179],[6.957,46.176],[6.958,46.174],[6.956,46.172],[6.953,46.173],[6.951,46.172],[6.955,46.167],[6.96,46.167],[6.968,46.161],[6.966,46.159],[6.963,46.159],[6.96,46.162],[6.953,46.161],[6.944,46.153],[6.93,46.149],[6.94,46.149],[6.944,46.147],[6.945,46.145],[6.942,46.14],[6.953,46.136],[6.96,46.136],[6.966,46.139],[6.976,46.14],[6.985,46.134],[6.978,46.132],[6.971,46.125],[6.97,46.122],[6.954,46.121],[6.948,46.118],[6.947,46.116],[6.941,46.114],[6.939,46.116],[6.944,46.12],[6.944,46.122],[6.934,46.12],[6.933,46.113],[6.934,46.111],[6.937,46.113],[6.941,46.113],[6.95,46.11],[6.967,46.11],[6.973,46.105],[6.972,46.102],[6.963,46.1],[6.96,46.101],[6.954,46.099],[6.951,46.096],[6.947,46.096],[6.943,46.089],[6.945,46.086],[6.941,46.086],[6.941,46.082],[6.931,46.078],[6.922,46.078],[6.922,46.082],[6.915,46.089],[6.914,46.095],[6.91,46.1],[6.905,46.1],[6.905,46.097],[6.902,46.097],[6.901,46.095],[6.906,46.093],[6.902,46.089],[6.903,46.086],[6.913,46.082],[6.914,46.08],[6.912,46.077],[6.912,46.073],[6.915,46.071],[6.916,46.068],[6.922,46.069],[6.923,46.064],[6.919,46.064],[6.916,46.062],[6.913,46.057],[6.906,46.051],[6.896,46.049]]],[[[6.812,46.182],[6.81,46.182],[6.809,46.185],[6.81,46.191],[6.807,46.194],[6.807,46.199],[6.814,46.203],[6.823,46.194],[6.82,46.194],[6.816,46.191],[6.816,46.187],[6.812,46.182]]]]},"properties":{"value":80,"fill":"#3296B4","zIndex":4},"id":"3"},{"type":"Feature","geometry":{"type":"MultiPolygon","coordinates":[[[[10.411,46.552],[10.405,46.553],[10.401,46.562],[10.41,46.564],[10.411,46.559],[10.413,46.557],[10.416,46.557],[10.418,46.554],[10.411,46.552]]],[[[10.4,46.735],[10.396,46.735],[10.395,46.74],[10.393,46.741],[10.391,46.74],[10.392,46.737],[10.39,46.736],[10.383,46.737],[10.381,46.738],[10.382,46.74],[10.377,46.746],[10.374,46.744],[10.361,46.749],[10.358,46.747],[10.353,46.747],[10.35,46.752],[10.344,46.754],[10.342,46.759],[10.343,46.761],[10.349,46.764],[10.35,46.766],[10.348,46.768],[10.352,46.771],[10.357,46.77],[10.353,46.768],[10.358,46.765],[10.376,46.763],[10.378,46.759],[10.388,46.76],[10.391,46.755],[10.389,46.751],[10.39,46.748],[10.403,46.744],[10.41,46.746],[10.411,46.744],[10.41,46.741],[10.4,46.737],[10.4,46.735]]],[[[10.388,46.9],[10.379,46.898],[10.368,46.9],[10.362,46.903],[10.366,46.903],[10.369,46.906],[10.373,46.906],[10.376,46.91],[10.379,46.903],[10.388,46.9]]],[[[10.347,46.978],[10.337,46.969],[10.336,46.973],[10.337,46.978],[10.34,46.98],[10.34,46.982],[10.347,46.982],[10.35,46.984],[10.351,46.987],[10.355,46.986],[10.353,46.982],[10.356,46.979],[10.354,46.976],[10.347,46.978]]],[[[10.295,46.919],[10.278,46.914],[10.275,46.916],[10.278,46.923],[10.282,46.925],[10.285,46.923],[10.296,46.922],[10.295,46.919]]],[[[10.257,46.858],[10.252,46.856],[10.246,46.86],[10.242,46.859],[10.241,46.861],[10.243,46.863],[10.239,46.861],[10.237,46.863],[10.237,46.867],[10.243,46.871],[10.243,46.873],[10.24,46.87],[10.236,46.87],[10.233,46.868],[10.232,46.87],[10.232,46.877],[10.237,46.877],[10.239,46.879],[10.24,46.885],[10.234,46.887],[10.231,46.89],[10.235,46.894],[10.233,46.899],[10.235,46.904],[10.241,46.903],[10.241,46.901],[10.248,46.899],[10.25,46.896],[10.244,46.887],[10.247,46.885],[10.25,46.889],[10.257,46.887],[10.273,46.887],[10.275,46.891],[10.273,46.894],[10.269,46.896],[10.271,46.898],[10.277,46.896],[10.284,46.897],[10.287,46.894],[10.28,46.892],[10.277,46.889],[10.278,46.887],[10.277,46.884],[10.273,46.881],[10.27,46.884],[10.268,46.882],[10.271,46.88],[10.263,46.877],[10.26,46.879],[10.259,46.878],[10.26,46.875],[10.258,46.874],[10.259,46.872],[10.263,46.874],[10.264,46.869],[10.262,46.869],[10.257,46.858]]],[[[10.153,46.836],[10.147,46.836],[10.143,46.84],[10.139,46.838],[10.141,46.843],[10.14,46.845],[10.145,46.849],[10.146,46.852],[10.153,46.852],[10.163,46.849],[10.166,46.852],[10.173,46.853],[10.173,46.856],[10.175,46.858],[10.177,46.859],[10.18,46.858],[10.193,46.867],[10.21,46.866],[10.213,46.869],[10.22,46.869],[10.233,46.867],[10.226,46.862],[10.223,46.863],[10.221,46.861],[10.213,46.865],[10.21,46.863],[10.203,46.863],[10.201,46.859],[10.193,46.853],[10.186,46.852],[10.18,46.844],[10.175,46.844],[10.173,46.847],[10.167,46.842],[10.165,46.842],[10.162,46.844],[10.163,46.847],[10.159,46.847],[10.158,46.845],[10.16,46.842],[10.156,46.837],[10.155,46.84],[10.15,46.84],[10.153,46.836]]],[[[10.022,46.785],[10.019,46.783],[10.012,46.784],[10.01,46.789],[10.015,46.794],[10.011,46.796],[10.028,46.796],[10.024,46.798],[10.024,46.803],[10.026,46.806],[10.03,46.806],[10.035,46.809],[10.033,46.812],[10.038,46.814],[10.037,46.816],[10.032,46.818],[10.034,46.822],[10.043,46.822],[10.04,46.825],[10.051,46.827],[10.038,46.834],[10.034,46.831],[10.031,46.832],[10.024,46.83],[10.02,46.832],[10.018,46.83],[10.008,46.829],[10.008,46.832],[10.016,46.839],[10.01,46.843],[10.015,46.844],[10.022,46.839],[10.025,46.842],[10.038,46.84],[10.045,46.842],[10.062,46.842],[10.058,46.845],[10.066,46.849],[10.061,46.85],[10.058,46.853],[10.052,46.855],[10.045,46.855],[10.041,46.859],[10.047,46.863],[10.069,46.863],[10.075,46.861],[10.078,46.862],[10.089,46.86],[10.089,46.857],[10.092,46.855],[10.092,46.853],[10.096,46.851],[10.096,46.848],[10.106,46.841],[10.109,46.841],[10.11,46.844],[10.116,46.841],[10.12,46.843],[10.122,46.839],[10.117,46.832],[10.119,46.83],[10.116,46.828],[10.109,46.826],[10.106,46.829],[10.101,46.83],[10.103,46.832],[10.093,46.833],[10.09,46.836],[10.083,46.833],[10.083,46.83],[10.077,46.829],[10.077,46.824],[10.072,46.822],[10.077,46.815],[10.07,46.814],[10.066,46.817],[10.065,46.815],[10.069,46.811],[10.067,46.808],[10.068,46.804],[10.059,46.798],[10.056,46.798],[10.055,46.8],[10.049,46.802],[10.046,46.798],[10.047,46.791],[10.045,46.79],[10.039,46.794],[10.038,46.793],[10.041,46.791],[10.038,46.789],[10.039,46.787],[10.042,46.788],[10.043,46.786],[10.04,46.784],[10.042,46.778],[10.033,46.775],[10.02,46.78],[10.023,46.782],[10.022,46.785]],[[10.022,46.785],[10.029,46.787],[10.016,46.787],[10.022,46.785]]],[[[10.021,46.456],[10.029,46.456],[10.026,46.453],[10.021,46.456]]],[[[10.029,46.456],[10.034,46.456],[10.036,46.451],[10.031,46.451],[10.029,46.456]]],[[[10.031,46.89],[10.017,46.89],[10.007,46.895],[10.015,46.9],[10.018,46.9],[10.024,46.898],[10.025,46.895],[10.029,46.893],[10.031,46.89]]],[[[9.953,46.683],[9.946,46.686],[9.939,46.686],[9.936,46.683],[9.932,46.682],[9.93,46.683],[9.93,46.688],[9.92,46.693],[9.916,46.693],[9.91,46.689],[9.905,46.688],[9.903,46.688],[9.902,46.691],[9.913,46.699],[9.917,46.7],[9.927,46.699],[9.93,46.702],[9.937,46.701],[9.943,46.704],[9.953,46.7],[9.956,46.702],[9.959,46.7],[9.964,46.703],[9.963,46.704],[9.959,46.701],[9.952,46.708],[9.963,46.708],[9.966,46.705],[9.97,46.705],[9.982,46.699],[9.986,46.702],[9.995,46.702],[9.999,46.7],[10.005,46.706],[10.009,46.713],[10.012,46.714],[10.015,46.713],[10.013,46.711],[10.013,46.708],[10.015,46.703],[10.022,46.702],[10.024,46.699],[10.015,46.693],[10.012,46.695],[10.017,46.697],[10.012,46.699],[10.008,46.698],[10.005,46.695],[9.995,46.694],[9.992,46.692],[9.988,46.692],[9.982,46.695],[9.979,46.692],[9.975,46.693],[9.972,46.689],[9.969,46.688],[9.961,46.689],[9.958,46.687],[9.959,46.685],[9.953,46.683]]],[[[10.015,46.713],[10.016,46.718],[10.022,46.72],[10.022,46.717],[10.015,46.713]]],[[[9.998,46.83],[9.993,46.83],[9.995,46.835],[10.001,46.837],[9.994,46.839],[9.995,46.843],[9.998,46.841],[10.012,46.841],[10.014,46.839],[10.012,46.837],[10.007,46.837],[9.998,46.83]]],[[[9.999,46.355],[9.985,46.354],[9.978,46.358],[9.976,46.362],[9.97,46.362],[9.965,46.365],[9.965,46.372],[9.967,46.377],[9.976,46.381],[9.975,46.385],[9.977,46.387],[9.98,46.387],[9.984,46.384],[9.985,46.385],[9.983,46.387],[9.985,46.39],[9.985,46.394],[9.99,46.401],[9.993,46.401],[9.994,46.398],[10.003,46.396],[10.003,46.394],[10.0,46.391],[9.993,46.389],[9.989,46.38],[9.983,46.376],[9.98,46.378],[9.979,46.376],[9.981,46.374],[9.981,46.367],[9.983,46.365],[9.986,46.368],[9.989,46.368],[9.993,46.367],[9.999,46.362],[9.997,46.36],[9.999,46.355]]],[[[9.989,46.781],[9.986,46.78],[9.977,46.783],[9.98,46.788],[9.986,46.788],[9.988,46.79],[9.986,46.792],[9.99,46.793],[9.993,46.792],[9.994,46.79],[9.989,46.781]]],[[[9.966,46.678],[9.961,46.677],[9.958,46.681],[9.969,46.685],[9.972,46.688],[9.982,46.69],[9.985,46.692],[9.986,46.691],[9.985,46.688],[9.98,46.687],[9.98,46.684],[9.978,46.682],[9.968,46.68],[9.966,46.678]]],[[[9.645,46.289],[9.625,46.288],[9.625,46.291],[9.629,46.294],[9.631,46.298],[9.629,46.299],[9.626,46.295],[9.623,46.298],[9.613,46.297],[9.606,46.298],[9.605,46.301],[9.61,46.301],[9.613,46.305],[9.62,46.306],[9.625,46.305],[9.623,46.303],[9.626,46.3],[9.629,46.305],[9.633,46.305],[9.636,46.303],[9.643,46.311],[9.655,46.311],[9.655,46.313],[9.664,46.318],[9.663,46.32],[9.675,46.326],[9.675,46.329],[9.679,46.326],[9.681,46.328],[9.68,46.331],[9.688,46.335],[9.689,46.338],[9.692,46.332],[9.687,46.331],[9.687,46.328],[9.69,46.326],[9.687,46.324],[9.688,46.321],[9.692,46.324],[9.694,46.321],[9.694,46.317],[9.69,46.313],[9.691,46.306],[9.692,46.31],[9.7,46.319],[9.7,46.326],[9.702,46.327],[9.703,46.324],[9.708,46.319],[9.711,46.321],[9.709,46.326],[9.71,46.328],[9.709,46.335],[9.711,46.337],[9.708,46.344],[9.712,46.35],[9.712,46.355],[9.719,46.357],[9.722,46.354],[9.729,46.351],[9.734,46.354],[9.735,46.358],[9.739,46.357],[9.74,46.359],[9.736,46.362],[9.73,46.363],[9.729,46.368],[9.733,46.369],[9.733,46.371],[9.73,46.375],[9.743,46.381],[9.746,46.379],[9.745,46.377],[9.746,46.373],[9.737,46.368],[9.737,46.366],[9.742,46.362],[9.745,46.363],[9.758,46.357],[9.764,46.358],[9.765,46.363],[9.769,46.365],[9.766,46.367],[9.766,46.369],[9.767,46.376],[9.769,46.377],[9.775,46.375],[9.778,46.371],[9.788,46.366],[9.791,46.358],[9.794,46.358],[9.797,46.361],[9.801,46.361],[9.804,46.37],[9.814,46.369],[9.816,46.371],[9.809,46.375],[9.807,46.378],[9.811,46.38],[9.806,46.384],[9.806,46.387],[9.808,46.389],[9.811,46.388],[9.814,46.389],[9.813,46.391],[9.815,46.393],[9.818,46.39],[9.821,46.393],[9.825,46.394],[9.83,46.388],[9.834,46.387],[9.837,46.383],[9.84,46.383],[9.85,46.387],[9.86,46.385],[9.861,46.388],[9.856,46.392],[9.861,46.4],[9.87,46.396],[9.878,46.396],[9.88,46.399],[9.884,46.4],[9.887,46.4],[9.889,46.398],[9.9,46.398],[9.903,46.395],[9.906,46.395],[9.908,46.393],[9.907,46.391],[9.909,46.39],[9.915,46.396],[9.917,46.396],[9.918,46.393],[9.922,46.391],[9.923,46.393],[9.921,46.395],[9.921,46.398],[9.923,46.399],[9.935,46.396],[9.937,46.397],[9.936,46.4],[9.942,46.405],[9.949,46.404],[9.959,46.407],[9.962,46.406],[9.966,46.401],[9.969,46.401],[9.975,46.405],[9.982,46.401],[9.983,46.392],[9.981,46.388],[9.974,46.387],[9.973,46.383],[9.967,46.379],[9.948,46.381],[9.932,46.373],[9.928,46.369],[9.924,46.369],[9.921,46.372],[9.915,46.372],[9.908,46.38],[9.902,46.382],[9.899,46.379],[9.889,46.376],[9.886,46.373],[9.88,46.372],[9.872,46.364],[9.849,46.365],[9.844,46.363],[9.836,46.363],[9.828,46.359],[9.828,46.357],[9.823,46.354],[9.813,46.352],[9.808,46.348],[9.803,46.348],[9.8,46.345],[9.793,46.345],[9.787,46.343],[9.774,46.337],[9.767,46.337],[9.754,46.347],[9.751,46.347],[9.742,46.353],[9.732,46.349],[9.719,46.35],[9.716,46.346],[9.715,46.335],[9.715,46.296],[9.687,46.296],[9.681,46.301],[9.678,46.301],[9.675,46.305],[9.665,46.305],[9.663,46.304],[9.662,46.297],[9.652,46.297],[9.649,46.291],[9.645,46.289]]],[[[9.815,46.393],[9.818,46.396],[9.821,46.393],[9.818,46.391],[9.815,46.393]]],[[[9.966,46.766],[9.96,46.77],[9.96,46.775],[9.963,46.778],[9.966,46.777],[9.971,46.779],[9.966,46.782],[9.97,46.783],[9.98,46.779],[9.977,46.777],[9.982,46.774],[9.976,46.772],[9.976,46.768],[9.972,46.769],[9.966,46.766]]],[[[9.948,46.735],[9.951,46.732],[9.946,46.732],[9.948,46.735]]],[[[9.951,46.732],[9.958,46.733],[9.965,46.73],[9.954,46.725],[9.951,46.726],[9.949,46.73],[9.951,46.732]]],[[[9.954,46.793],[9.953,46.785],[9.951,46.786],[9.953,46.788],[9.953,46.795],[9.951,46.797],[9.944,46.799],[9.944,46.802],[9.946,46.804],[9.945,46.807],[9.938,46.805],[9.935,46.807],[9.937,46.809],[9.932,46.812],[9.929,46.812],[9.928,46.809],[9.921,46.812],[9.931,46.818],[9.928,46.823],[9.929,46.825],[9.927,46.827],[9.926,46.832],[9.929,46.833],[9.932,46.828],[9.936,46.826],[9.942,46.826],[9.945,46.822],[9.952,46.824],[9.952,46.82],[9.962,46.815],[9.956,46.813],[9.957,46.811],[9.955,46.81],[9.951,46.812],[9.949,46.811],[9.951,46.809],[9.95,46.804],[9.951,46.803],[9.955,46.804],[9.962,46.802],[9.961,46.8],[9.959,46.8],[9.958,46.795],[9.954,46.793]]],[[[9.903,46.405],[9.9,46.406],[9.9,46.409],[9.897,46.41],[9.894,46.41],[9.893,46.407],[9.889,46.407],[9.888,46.41],[9.891,46.411],[9.892,46.414],[9.886,46.416],[9.894,46.419],[9.887,46.421],[9.901,46.421],[9.903,46.418],[9.9,46.416],[9.903,46.414],[9.906,46.407],[9.903,46.405]]],[[[9.893,46.68],[9.886,46.679],[9.877,46.685],[9.863,46.689],[9.864,46.692],[9.867,46.694],[9.867,46.696],[9.869,46.696],[9.869,46.691],[9.88,46.69],[9.882,46.689],[9.883,46.685],[9.887,46.689],[9.895,46.682],[9.893,46.68]]],[[[9.884,46.623],[9.877,46.622],[9.874,46.624],[9.877,46.626],[9.865,46.63],[9.86,46.635],[9.865,46.638],[9.868,46.638],[9.882,46.635],[9.884,46.633],[9.888,46.634],[9.888,46.626],[9.884,46.623]]],[[[9.869,46.932],[9.865,46.931],[9.85,46.937],[9.852,46.94],[9.862,46.944],[9.869,46.941],[9.875,46.941],[9.876,46.939],[9.869,46.932]]],[[[9.835,46.409],[9.829,46.407],[9.822,46.407],[9.814,46.411],[9.818,46.416],[9.818,46.418],[9.815,46.42],[9.818,46.422],[9.818,46.425],[9.836,46.428],[9.838,46.426],[9.836,46.418],[9.832,46.416],[9.832,46.409],[9.835,46.409]]],[[[9.735,46.502],[9.716,46.501],[9.721,46.505],[9.709,46.512],[9.706,46.507],[9.703,46.506],[9.702,46.513],[9.705,46.515],[9.703,46.516],[9.7,46.514],[9.698,46.517],[9.698,46.522],[9.695,46.528],[9.698,46.531],[9.698,46.533],[9.693,46.537],[9.694,46.54],[9.693,46.544],[9.687,46.547],[9.686,46.549],[9.688,46.552],[9.695,46.55],[9.698,46.551],[9.701,46.549],[9.704,46.551],[9.708,46.548],[9.708,46.554],[9.724,46.553],[9.727,46.557],[9.725,46.559],[9.728,46.561],[9.746,46.559],[9.742,46.552],[9.734,46.552],[9.731,46.55],[9.734,46.548],[9.738,46.548],[9.732,46.546],[9.734,46.543],[9.727,46.542],[9.72,46.546],[9.719,46.544],[9.727,46.541],[9.731,46.537],[9.73,46.536],[9.723,46.537],[9.717,46.54],[9.707,46.54],[9.704,46.542],[9.707,46.539],[9.703,46.535],[9.704,46.533],[9.707,46.532],[9.71,46.535],[9.715,46.533],[9.715,46.53],[9.71,46.528],[9.707,46.523],[9.703,46.525],[9.702,46.524],[9.703,46.521],[9.706,46.519],[9.713,46.52],[9.716,46.524],[9.726,46.524],[9.732,46.521],[9.732,46.515],[9.736,46.514],[9.739,46.519],[9.745,46.514],[9.75,46.514],[9.753,46.511],[9.75,46.509],[9.75,46.505],[9.748,46.504],[9.745,46.508],[9.739,46.508],[9.735,46.502]]],[[[9.735,46.451],[9.73,46.449],[9.728,46.451],[9.731,46.456],[9.737,46.458],[9.74,46.461],[9.745,46.458],[9.743,46.453],[9.739,46.452],[9.736,46.453],[9.735,46.451]]],[[[9.671,46.414],[9.654,46.412],[9.65,46.416],[9.647,46.415],[9.644,46.417],[9.647,46.422],[9.659,46.43],[9.68,46.432],[9.685,46.427],[9.685,46.425],[9.68,46.423],[9.673,46.424],[9.665,46.421],[9.666,46.419],[9.67,46.418],[9.671,46.414]]],[[[9.638,46.316],[9.633,46.313],[9.63,46.316],[9.631,46.318],[9.627,46.32],[9.63,46.324],[9.633,46.325],[9.638,46.323],[9.638,46.32],[9.634,46.318],[9.638,46.316]]],[[[9.522,46.367],[9.515,46.369],[9.505,46.369],[9.502,46.367],[9.492,46.367],[9.489,46.37],[9.482,46.369],[9.463,46.377],[9.462,46.38],[9.465,46.382],[9.466,46.386],[9.469,46.389],[9.466,46.391],[9.467,46.409],[9.464,46.411],[9.464,46.414],[9.458,46.418],[9.456,46.423],[9.458,46.424],[9.462,46.421],[9.465,46.424],[9.473,46.42],[9.475,46.418],[9.474,46.416],[9.468,46.411],[9.471,46.409],[9.484,46.412],[9.486,46.411],[9.485,46.406],[9.486,46.402],[9.484,46.395],[9.475,46.384],[9.476,46.379],[9.499,46.39],[9.503,46.386],[9.509,46.386],[9.512,46.388],[9.519,46.386],[9.522,46.387],[9.528,46.384],[9.53,46.385],[9.533,46.388],[9.527,46.394],[9.529,46.396],[9.529,46.399],[9.526,46.395],[9.515,46.399],[9.523,46.4],[9.525,46.403],[9.524,46.406],[9.525,46.408],[9.516,46.415],[9.523,46.417],[9.525,46.419],[9.524,46.421],[9.526,46.424],[9.53,46.425],[9.531,46.421],[9.536,46.419],[9.534,46.414],[9.538,46.41],[9.539,46.404],[9.549,46.404],[9.555,46.402],[9.555,46.407],[9.558,46.41],[9.569,46.411],[9.569,46.414],[9.565,46.416],[9.566,46.418],[9.57,46.418],[9.576,46.425],[9.582,46.428],[9.589,46.424],[9.589,46.422],[9.583,46.418],[9.585,46.415],[9.592,46.416],[9.598,46.414],[9.605,46.418],[9.608,46.422],[9.614,46.424],[9.608,46.425],[9.605,46.431],[9.608,46.433],[9.618,46.434],[9.625,46.437],[9.628,46.433],[9.63,46.433],[9.619,46.429],[9.619,46.426],[9.628,46.417],[9.625,46.415],[9.624,46.412],[9.62,46.415],[9.618,46.421],[9.611,46.418],[9.607,46.413],[9.607,46.411],[9.614,46.414],[9.619,46.413],[9.62,46.411],[9.615,46.408],[9.615,46.406],[9.604,46.406],[9.598,46.411],[9.591,46.404],[9.588,46.404],[9.586,46.402],[9.583,46.396],[9.601,46.386],[9.592,46.377],[9.587,46.376],[9.58,46.377],[9.571,46.373],[9.56,46.371],[9.545,46.372],[9.541,46.37],[9.529,46.37],[9.522,46.367]]],[[[9.576,46.425],[9.571,46.425],[9.576,46.431],[9.576,46.425]]],[[[9.422,46.48],[9.411,46.469],[9.41,46.471],[9.405,46.47],[9.401,46.471],[9.401,46.473],[9.405,46.478],[9.415,46.481],[9.418,46.484],[9.422,46.484],[9.422,46.48]]],[[[9.385,46.959],[9.376,46.957],[9.376,46.959],[9.383,46.964],[9.383,46.966],[9.389,46.968],[9.39,46.972],[9.394,46.974],[9.398,46.97],[9.397,46.965],[9.39,46.958],[9.387,46.965],[9.384,46.964],[9.386,46.962],[9.385,46.959]]],[[[9.374,46.505],[9.367,46.507],[9.363,46.51],[9.364,46.512],[9.352,46.514],[9.361,46.516],[9.37,46.514],[9.37,46.511],[9.374,46.513],[9.38,46.509],[9.377,46.509],[9.374,46.505]]],[[[9.38,46.509],[9.376,46.516],[9.376,46.519],[9.384,46.517],[9.39,46.52],[9.397,46.519],[9.394,46.516],[9.383,46.512],[9.38,46.509]]],[[[9.142,46.853],[9.123,46.851],[9.125,46.855],[9.121,46.86],[9.129,46.862],[9.131,46.867],[9.143,46.875],[9.145,46.878],[9.143,46.882],[9.144,46.883],[9.154,46.884],[9.171,46.893],[9.174,46.888],[9.177,46.89],[9.201,46.89],[9.198,46.893],[9.198,46.895],[9.2,46.897],[9.204,46.896],[9.209,46.899],[9.214,46.906],[9.213,46.908],[9.214,46.909],[9.221,46.91],[9.224,46.912],[9.234,46.912],[9.229,46.915],[9.241,46.918],[9.241,46.92],[9.233,46.921],[9.234,46.923],[9.244,46.925],[9.249,46.928],[9.249,46.932],[9.251,46.933],[9.261,46.933],[9.261,46.935],[9.257,46.937],[9.257,46.939],[9.264,46.937],[9.268,46.938],[9.273,46.936],[9.265,46.932],[9.266,46.93],[9.264,46.927],[9.267,46.923],[9.264,46.921],[9.271,46.916],[9.273,46.91],[9.29,46.911],[9.299,46.909],[9.309,46.911],[9.316,46.909],[9.326,46.909],[9.327,46.911],[9.332,46.912],[9.334,46.911],[9.332,46.908],[9.329,46.907],[9.326,46.908],[9.325,46.906],[9.332,46.905],[9.339,46.907],[9.355,46.9],[9.376,46.899],[9.368,46.897],[9.361,46.899],[9.352,46.897],[9.348,46.898],[9.347,46.897],[9.351,46.895],[9.354,46.89],[9.351,46.888],[9.353,46.886],[9.35,46.883],[9.341,46.883],[9.339,46.886],[9.339,46.89],[9.341,46.892],[9.345,46.886],[9.347,46.89],[9.339,46.902],[9.337,46.897],[9.339,46.895],[9.338,46.893],[9.335,46.894],[9.328,46.891],[9.326,46.895],[9.327,46.897],[9.325,46.899],[9.316,46.901],[9.306,46.906],[9.294,46.905],[9.293,46.901],[9.289,46.9],[9.289,46.907],[9.283,46.905],[9.283,46.901],[9.279,46.898],[9.276,46.892],[9.264,46.892],[9.265,46.887],[9.262,46.885],[9.266,46.886],[9.271,46.885],[9.272,46.882],[9.287,46.88],[9.285,46.879],[9.268,46.878],[9.256,46.881],[9.246,46.879],[9.233,46.885],[9.233,46.88],[9.223,46.887],[9.221,46.885],[9.234,46.874],[9.234,46.872],[9.229,46.868],[9.216,46.868],[9.213,46.871],[9.211,46.87],[9.215,46.868],[9.213,46.866],[9.196,46.866],[9.195,46.863],[9.193,46.862],[9.183,46.862],[9.173,46.858],[9.166,46.858],[9.163,46.861],[9.159,46.859],[9.153,46.859],[9.15,46.862],[9.147,46.857],[9.143,46.857],[9.145,46.855],[9.142,46.853]],[[9.219666666666665,46.897222222222226],[9.221,46.899],[9.22,46.901],[9.217,46.899],[9.219666666666665,46.897222222222226]],[[9.216,46.89],[9.221,46.892],[9.218,46.895],[9.218999999999996,46.89633333333333],[9.217,46.895],[9.219,46.892],[9.216,46.89]]],[[[9.301,46.94],[9.291,46.937],[9.287,46.938],[9.286,46.941],[9.287,46.942],[9.291,46.944],[9.294,46.943],[9.296,46.945],[9.291,46.95],[9.304,46.95],[9.309,46.952],[9.309,46.949],[9.304,46.949],[9.299,46.945],[9.298,46.943],[9.301,46.94]]],[[[9.209,47.012],[9.211,47.029],[9.22,47.032],[9.224,47.036],[9.223,47.038],[9.226,47.041],[9.235,47.041],[9.245,47.039],[9.248,47.036],[9.254,47.035],[9.255,47.033],[9.251,47.029],[9.251,47.026],[9.248,47.022],[9.249,47.02],[9.257,47.017],[9.267,47.016],[9.277,47.019],[9.28,47.018],[9.282,47.015],[9.279,47.013],[9.278,47.008],[9.276,47.007],[9.27,47.005],[9.263,47.005],[9.26,47.003],[9.256,47.004],[9.255,47.002],[9.258,47.0],[9.258,46.997],[9.251,46.995],[9.241,46.998],[9.245,47.002],[9.243,47.004],[9.242,47.011],[9.241,47.013],[9.238,47.013],[9.234,47.018],[9.221,47.018],[9.211,47.011],[9.209,47.012]]],[[[9.248,46.449],[9.242,46.451],[9.24,46.453],[9.24,46.456],[9.248,46.454],[9.258,46.455],[9.258,46.458],[9.269,46.464],[9.266,46.471],[9.273,46.478],[9.275,46.478],[9.276,46.475],[9.272,46.473],[9.272,46.466],[9.275,46.464],[9.27,46.46],[9.271,46.457],[9.261,46.451],[9.254,46.451],[9.248,46.449]]],[[[9.236,46.955],[9.229,46.957],[9.228,46.96],[9.232,46.961],[9.239,46.967],[9.242,46.967],[9.247,46.962],[9.246,46.959],[9.236,46.957],[9.236,46.955]]],[[[9.234,46.467],[9.229,46.466],[9.225,46.469],[9.221,46.476],[9.221,46.485],[9.226,46.488],[9.23,46.488],[9.23,46.486],[9.228,46.485],[9.229,46.48],[9.233,46.479],[9.236,46.481],[9.239,46.48],[9.239,46.478],[9.236,46.475],[9.231,46.474],[9.235,46.469],[9.234,46.467]]],[[[9.186,47.028],[9.179,47.028],[9.175,47.034],[9.169,47.029],[9.167,47.03],[9.168,47.033],[9.157,47.033],[9.157,47.035],[9.169,47.039],[9.172,47.039],[9.175,47.036],[9.179,47.038],[9.189,47.039],[9.192,47.043],[9.195,47.044],[9.202,47.039],[9.202,47.036],[9.199,47.036],[9.186,47.03],[9.186,47.028]]],[[[9.147,47.024],[9.139,47.022],[9.136,47.024],[9.134,47.026],[9.141,47.031],[9.14,47.033],[9.136,47.034],[9.133,47.037],[9.129,47.037],[9.13,47.04],[9.128,47.042],[9.136,47.044],[9.139,47.039],[9.142,47.042],[9.138,47.044],[9.143,47.044],[9.143,47.04],[9.147,47.037],[9.146,47.033],[9.15,47.031],[9.152,47.028],[9.149,47.027],[9.147,47.024]]],[[[9.12,46.932],[9.113,46.931],[9.11,46.932],[9.11,46.935],[9.112,46.937],[9.11,46.939],[9.12,46.942],[9.123,46.94],[9.13,46.939],[9.12,46.935],[9.116,46.936],[9.114,46.934],[9.12,46.932]]],[[[9.018,46.822],[9.021,46.821],[9.018,46.817],[9.016,46.819],[9.018,46.822]]],[[[9.021,46.821],[9.029,46.825],[9.025,46.826],[9.024,46.828],[9.024,46.832],[9.027,46.834],[9.029,46.843],[9.027,46.846],[9.028,46.852],[9.027,46.855],[9.011,46.859],[9.007,46.862],[9.016,46.863],[9.019,46.866],[9.022,46.862],[9.032,46.862],[9.035499999999997,46.8655],[9.032,46.867],[9.022,46.866],[9.021,46.873],[9.019,46.874],[9.016,46.871],[9.012,46.873],[9.013,46.875],[9.022,46.879],[9.021,46.882],[9.023,46.883],[9.026,46.882],[9.026,46.879],[9.03,46.877],[9.032,46.874],[9.036,46.874],[9.038,46.872],[9.046,46.872],[9.039,46.875],[9.049,46.876],[9.052,46.874],[9.052,46.877],[9.062,46.881],[9.066,46.881],[9.069,46.883],[9.075,46.878],[9.081,46.879],[9.075,46.883],[9.079,46.887],[9.083,46.883],[9.083,46.881],[9.091,46.878],[9.098,46.879],[9.102,46.874],[9.108,46.872],[9.111,46.868],[9.118,46.867],[9.111,46.86],[9.117,46.857],[9.121,46.857],[9.123,46.855],[9.112,46.851],[9.107,46.851],[9.1,46.856],[9.094,46.857],[9.088,46.861],[9.078,46.864],[9.078,46.862],[9.085,46.859],[9.085,46.856],[9.081,46.852],[9.078,46.855],[9.077,46.854],[9.081,46.851],[9.085,46.852],[9.087,46.849],[9.084,46.848],[9.074,46.85],[9.072,46.847],[9.073,46.845],[9.07,46.843],[9.071,46.84],[9.074,46.84],[9.081,46.836],[9.081,46.831],[9.077,46.833],[9.064,46.831],[9.058,46.834],[9.051,46.833],[9.049,46.832],[9.047,46.827],[9.026,46.819],[9.025,46.816],[9.021,46.816],[9.023,46.819],[9.021,46.821]],[[9.036666666666669,46.864999999999995],[9.038,46.863],[9.039,46.864],[9.036666666666669,46.864999999999995]]],[[[9.021,46.821],[9.019,46.823],[9.021,46.825],[9.024,46.823],[9.021,46.821]]],[[[9.047,46.827],[9.051,46.828],[9.053,46.827],[9.047,46.827]]],[[[9.069,46.883],[9.069,46.887],[9.073,46.888],[9.075,46.885],[9.069,46.883]]],[[[9.09,46.92],[9.073,46.913],[9.07,46.915],[9.07,46.918],[9.063,46.914],[9.061,46.915],[9.06,46.918],[9.064,46.922],[9.073,46.92],[9.087,46.925],[9.09,46.928],[9.093,46.924],[9.096,46.926],[9.096,46.928],[9.103,46.929],[9.105,46.928],[9.098,46.923],[9.098,46.919],[9.096,46.918],[9.09,46.92]]],[[[9.096,46.473],[9.092,46.467],[9.086,46.473],[9.073,46.476],[9.077,46.481],[9.073,46.482],[9.059,46.479],[9.057,46.477],[9.053,46.48],[9.05,46.479],[9.046,46.483],[9.048,46.485],[9.049,46.49],[9.041,46.492],[9.047,46.496],[9.051,46.493],[9.057,46.495],[9.064,46.495],[9.067,46.492],[9.07,46.492],[9.077,46.496],[9.08,46.496],[9.081,46.494],[9.077,46.49],[9.077,46.487],[9.082,46.487],[9.086,46.489],[9.088,46.487],[9.089,46.482],[9.093,46.48],[9.093,46.476],[9.096,46.473]]],[[[9.061,46.514],[9.056,46.519],[9.055,46.526],[9.065,46.531],[9.069,46.526],[9.069,46.523],[9.061,46.514]]],[[[9.044,46.503],[9.048,46.504],[9.048,46.502],[9.044,46.503]]],[[[9.044,46.503],[9.047,46.501],[9.046,46.497],[9.038,46.493],[9.025,46.497],[9.028,46.499],[9.028,46.502],[9.018,46.503],[9.023,46.506],[9.021,46.511],[9.022,46.513],[9.028,46.515],[9.028,46.508],[9.031,46.506],[9.035,46.51],[9.046,46.508],[9.044,46.503]]],[[[9.035,46.605],[9.024,46.602],[9.012,46.61],[9.018,46.611],[9.025,46.606],[9.028,46.61],[9.035,46.605]]],[[[8.988,46.992],[8.977,46.986],[8.966,46.988],[8.965,46.99],[8.964,46.993],[8.979,46.995],[8.979,46.997],[8.974,46.999],[8.968,46.999],[8.971,47.002],[8.977,47.004],[8.974,47.004],[8.971,47.008],[8.974,47.009],[8.981,47.006],[8.985,47.008],[8.986,47.013],[8.991,47.014],[8.994,47.013],[9.0,47.015],[9.007,47.011],[9.017,47.013],[9.024,47.01],[9.025,47.008],[9.02,47.007],[9.014,47.008],[9.014,47.003],[9.01,47.001],[9.007,47.002],[9.003,47.001],[9.003,46.999],[8.997,46.996],[8.989,46.995],[8.988,46.992]]],[[[8.79,46.716],[8.786,46.716],[8.784,46.721],[8.779,46.719],[8.773,46.723],[8.765,46.723],[8.768,46.725],[8.769,46.73],[8.767,46.731],[8.763,46.73],[8.76,46.734],[8.767,46.738],[8.767,46.742],[8.762,46.743],[8.762,46.746],[8.765,46.748],[8.765,46.75],[8.754,46.755],[8.764,46.755],[8.767,46.758],[8.771,46.758],[8.777,46.755],[8.78,46.751],[8.789,46.75],[8.789,46.745],[8.793,46.743],[8.795,46.745],[8.793,46.747],[8.79,46.747],[8.793,46.752],[8.797,46.754],[8.8,46.755],[8.803,46.754],[8.802,46.75],[8.803,46.748],[8.808,46.749],[8.807,46.752],[8.819,46.761],[8.815,46.763],[8.814,46.77],[8.816,46.772],[8.812,46.776],[8.815,46.781],[8.815,46.785],[8.812,46.788],[8.815,46.794],[8.823,46.799],[8.821,46.803],[8.817,46.806],[8.838,46.812],[8.838,46.814],[8.834,46.816],[8.831,46.821],[8.828,46.817],[8.825,46.822],[8.811,46.816],[8.808,46.819],[8.804,46.819],[8.805,46.815],[8.801,46.816],[8.797,46.813],[8.797,46.81],[8.792,46.808],[8.785,46.808],[8.77,46.813],[8.779,46.815],[8.785,46.819],[8.789,46.819],[8.789,46.823],[8.785,46.824],[8.792,46.831],[8.799,46.831],[8.801,46.833],[8.796,46.84],[8.799,46.842],[8.815,46.846],[8.829,46.855],[8.835,46.854],[8.842,46.857],[8.839,46.859],[8.839,46.862],[8.849,46.863],[8.849,46.866],[8.859,46.869],[8.865,46.869],[8.865,46.867],[8.86,46.864],[8.862,46.858],[8.865,46.863],[8.868,46.864],[8.875,46.862],[8.884,46.866],[8.888,46.866],[8.889,46.865],[8.887,46.863],[8.891,46.862],[8.898,46.867],[8.904,46.867],[8.904,46.861],[8.911,46.866],[8.914,46.874],[8.918,46.876],[8.921,46.87],[8.928,46.867],[8.924,46.863],[8.941,46.863],[8.942,46.86],[8.939,46.856],[8.944,46.853],[8.927,46.851],[8.924,46.848],[8.919,46.849],[8.914,46.847],[8.907,46.847],[8.904,46.843],[8.898,46.841],[8.905,46.838],[8.901,46.834],[8.899,46.829],[8.913,46.829],[8.923,46.833],[8.93,46.833],[8.932,46.829],[8.935,46.827],[8.931,46.822],[8.929,46.821],[8.927,46.822],[8.928,46.827],[8.926,46.829],[8.919,46.825],[8.92,46.823],[8.924,46.825],[8.924,46.822],[8.927,46.82],[8.926,46.817],[8.929,46.813],[8.933,46.811],[8.933,46.809],[8.936,46.808],[8.942,46.812],[8.945,46.812],[8.948,46.808],[8.947,46.806],[8.949,46.806],[8.952,46.808],[8.956,46.808],[8.959,46.811],[8.959,46.813],[8.971,46.817],[8.972,46.82],[8.979,46.822],[8.982,46.825],[8.982,46.829],[8.978,46.833],[8.98,46.837],[8.978,46.842],[8.979,46.847],[8.982,46.844],[8.992,46.844],[8.995,46.842],[8.987,46.837],[8.989,46.836],[8.995,46.839],[9.0,46.837],[8.996,46.83],[8.998,46.828],[8.997,46.826],[8.989,46.824],[8.986,46.821],[8.987,46.819],[8.995,46.817],[8.987,46.812],[8.99,46.812],[8.991,46.814],[9.004,46.814],[9.008,46.812],[8.998,46.812],[8.991,46.809],[8.976,46.81],[8.976,46.808],[8.971,46.806],[8.971,46.801],[8.979,46.801],[8.975,46.798],[8.969,46.797],[8.978,46.795],[8.988,46.796],[8.99,46.794],[8.986,46.792],[8.986,46.79],[8.978,46.786],[8.964,46.789],[8.963,46.79],[8.968,46.792],[8.967,46.795],[8.965,46.795],[8.964,46.799],[8.962,46.8],[8.958,46.798],[8.951,46.799],[8.949,46.802],[8.941,46.802],[8.936,46.797],[8.947,46.788],[8.942,46.784],[8.945,46.781],[8.938,46.778],[8.935,46.781],[8.925,46.783],[8.922,46.788],[8.915,46.788],[8.906,46.792],[8.905,46.793],[8.907,46.795],[8.906,46.796],[8.902,46.794],[8.899,46.798],[8.903,46.799],[8.903,46.801],[8.898,46.802],[8.9,46.805],[8.892,46.807],[8.895,46.805],[8.894,46.802],[8.887,46.802],[8.889,46.807],[8.883,46.81],[8.882,46.809],[8.885,46.807],[8.886,46.802],[8.88,46.798],[8.876,46.798],[8.87,46.804],[8.867,46.801],[8.862,46.801],[8.863,46.797],[8.866,46.799],[8.867,46.796],[8.861,46.794],[8.861,46.792],[8.87,46.785],[8.866,46.782],[8.867,46.78],[8.866,46.778],[8.861,46.78],[8.862,46.783],[8.856,46.785],[8.858,46.787],[8.857,46.789],[8.859,46.792],[8.855,46.794],[8.855,46.796],[8.853,46.797],[8.85,46.796],[8.855,46.789],[8.85,46.786],[8.847,46.792],[8.846,46.787],[8.84,46.786],[8.837,46.783],[8.831,46.785],[8.834,46.792],[8.83,46.789],[8.825,46.79],[8.83,46.787],[8.83,46.778],[8.833,46.776],[8.836,46.777],[8.84,46.775],[8.84,46.771],[8.838,46.769],[8.85,46.765],[8.84,46.76],[8.836,46.755],[8.833,46.757],[8.833,46.753],[8.822,46.752],[8.819,46.749],[8.819,46.747],[8.826,46.75],[8.839,46.75],[8.842,46.753],[8.856,46.756],[8.853,46.753],[8.849,46.752],[8.846,46.748],[8.842,46.747],[8.845,46.745],[8.846,46.742],[8.852,46.742],[8.855,46.74],[8.845,46.739],[8.842,46.737],[8.839,46.74],[8.835,46.738],[8.835,46.733],[8.819,46.734],[8.816,46.739],[8.813,46.738],[8.814,46.734],[8.812,46.732],[8.809,46.733],[8.81,46.736],[8.809,46.737],[8.801,46.732],[8.804,46.727],[8.799,46.726],[8.793,46.729],[8.789,46.726],[8.786,46.727],[8.795,46.72],[8.79,46.718],[8.79,46.716]],[[8.912,46.795],[8.909,46.791],[8.912,46.791],[8.913,46.793],[8.912,46.795]]],[[[8.995,46.842],[8.994,46.844],[8.996,46.844],[8.995,46.842]]],[[[8.997,46.983],[8.988,46.983],[8.983,46.984],[8.982,46.986],[9.0,46.993],[9.003,46.992],[8.999,46.988],[8.997,46.983]]],[[[8.96,46.619],[8.947,46.618],[8.946,46.62],[8.948,46.624],[8.947,46.625],[8.947,46.622],[8.94,46.621],[8.932,46.626],[8.932,46.629],[8.934,46.632],[8.937,46.63],[8.944,46.629],[8.95,46.63],[8.951,46.633],[8.956,46.635],[8.956,46.637],[8.96,46.639],[8.963,46.635],[8.957,46.633],[8.96,46.629],[8.962,46.631],[8.961,46.633],[8.967,46.638],[8.968,46.635],[8.97,46.634],[8.973,46.638],[8.977,46.638],[8.978,46.637],[8.976,46.635],[8.983,46.635],[8.989,46.63],[8.986,46.626],[8.973,46.625],[8.966,46.631],[8.965,46.626],[8.959,46.624],[8.961,46.622],[8.96,46.619]]],[[[8.96,46.601],[8.953,46.601],[8.952,46.604],[8.948,46.606],[8.953,46.61],[8.964,46.61],[8.969,46.612],[8.973,46.612],[8.976,46.609],[8.982,46.608],[8.976,46.605],[8.966,46.605],[8.96,46.601]]],[[[8.9,46.908],[8.896,46.907],[8.893,46.908],[8.898,46.91],[8.898,46.913],[8.895,46.915],[8.912,46.915],[8.91,46.912],[8.906,46.91],[8.9,46.91],[8.9,46.908]]],[[[8.912,46.915],[8.91,46.917],[8.921,46.921],[8.919,46.924],[8.936,46.93],[8.941,46.934],[8.942,46.937],[8.946,46.936],[8.946,46.941],[8.943,46.944],[8.94,46.939],[8.932,46.934],[8.916,46.933],[8.912,46.935],[8.909,46.933],[8.905,46.933],[8.902,46.93],[8.904,46.928],[8.896,46.926],[8.883,46.927],[8.881,46.929],[8.887,46.931],[8.887,46.933],[8.905,46.937],[8.908,46.939],[8.887,46.94],[8.884,46.942],[8.894,46.949],[8.88,46.95],[8.876,46.953],[8.875,46.958],[8.901,46.966],[8.901,46.971],[8.895,46.971],[8.891,46.973],[8.881,46.973],[8.879,46.971],[8.874,46.971],[8.874,46.975],[8.877,46.976],[8.874,46.98],[8.879,46.985],[8.875,46.992],[8.876,46.994],[8.886,46.998],[8.884,47.0],[8.886,47.005],[8.888,47.006],[8.892,47.004],[8.895,47.005],[8.902,47.004],[8.909,47.007],[8.911,47.002],[8.917,47.0],[8.918,46.998],[8.921,46.999],[8.925,46.998],[8.926,46.995],[8.928,46.995],[8.928,46.992],[8.926,46.991],[8.927,46.988],[8.931,46.988],[8.931,46.986],[8.918,46.978],[8.918,46.975],[8.914,46.973],[8.92,46.969],[8.933,46.977],[8.934,46.982],[8.944,46.983],[8.95,46.976],[8.953,46.978],[8.959,46.975],[8.948,46.973],[8.948,46.97],[8.95,46.97],[8.956,46.965],[8.96,46.965],[8.969,46.961],[8.961,46.954],[8.953,46.943],[8.953,46.939],[8.956,46.934],[8.952,46.932],[8.949,46.934],[8.947,46.932],[8.952,46.927],[8.939,46.925],[8.937,46.923],[8.932,46.922],[8.929,46.919],[8.912,46.915]]],[[[8.907,46.587],[8.903,46.583],[8.897,46.584],[8.89,46.589],[8.897,46.59],[8.9,46.589],[8.903,46.591],[8.902,46.593],[8.91,46.595],[8.91,46.599],[8.907,46.599],[8.901,46.605],[8.897,46.606],[8.894,46.604],[8.887,46.604],[8.884,46.607],[8.884,46.609],[8.88,46.611],[8.879,46.614],[8.882,46.62],[8.879,46.623],[8.885,46.626],[8.888,46.624],[8.891,46.626],[8.895,46.624],[8.896,46.627],[8.895,46.629],[8.898,46.631],[8.901,46.63],[8.904,46.626],[8.905,46.629],[8.902,46.631],[8.904,46.634],[8.911,46.635],[8.914,46.638],[8.918,46.637],[8.921,46.639],[8.923,46.638],[8.925,46.636],[8.926,46.631],[8.933,46.624],[8.933,46.622],[8.93,46.621],[8.921,46.623],[8.918,46.618],[8.914,46.615],[8.914,46.613],[8.911,46.611],[8.907,46.611],[8.914,46.607],[8.917,46.607],[8.918,46.604],[8.92,46.603],[8.916,46.595],[8.913,46.593],[8.907,46.589],[8.907,46.587]]],[[[8.864,46.881],[8.852,46.878],[8.842,46.88],[8.839,46.883],[8.834,46.884],[8.833,46.886],[8.823,46.885],[8.82,46.887],[8.823,46.891],[8.828,46.891],[8.83,46.889],[8.848,46.888],[8.849,46.889],[8.852,46.887],[8.868,46.897],[8.86,46.904],[8.873,46.904],[8.886,46.908],[8.892,46.906],[8.884,46.904],[8.882,46.898],[8.872,46.896],[8.871,46.886],[8.864,46.881]]],[[[8.868,46.573],[8.861,46.573],[8.865,46.576],[8.857,46.576],[8.856,46.578],[8.864,46.58],[8.863,46.582],[8.867,46.585],[8.882,46.582],[8.884,46.58],[8.87,46.577],[8.868,46.573]]],[[[8.835,46.576],[8.841,46.577],[8.845,46.574],[8.846,46.571],[8.851,46.57],[8.854,46.567],[8.831,46.567],[8.837,46.574],[8.835,46.576]]],[[[8.835,46.576],[8.831,46.575],[8.825,46.578],[8.828,46.58],[8.835,46.576]]],[[[8.794,46.759],[8.79,46.754],[8.787,46.758],[8.784,46.755],[8.78,46.756],[8.781,46.759],[8.78,46.76],[8.777,46.758],[8.775,46.759],[8.782,46.766],[8.786,46.768],[8.791,46.768],[8.791,46.765],[8.793,46.763],[8.79,46.761],[8.794,46.759]]],[[[8.784,46.601],[8.765,46.599],[8.761,46.602],[8.763,46.605],[8.767,46.603],[8.776,46.606],[8.775,46.608],[8.777,46.609],[8.777,46.611],[8.773,46.609],[8.769,46.613],[8.77,46.615],[8.775,46.617],[8.775,46.622],[8.777,46.623],[8.78,46.621],[8.794,46.619],[8.787,46.617],[8.786,46.615],[8.788,46.613],[8.787,46.61],[8.781,46.608],[8.785,46.604],[8.784,46.601]]],[[[8.781,46.897],[8.78,46.893],[8.774,46.897],[8.766,46.898],[8.771,46.9],[8.772,46.903],[8.777,46.907],[8.777,46.91],[8.784,46.911],[8.786,46.909],[8.777,46.905],[8.776,46.903],[8.777,46.899],[8.781,46.897]]],[[[8.746,46.575],[8.752,46.579],[8.751,46.581],[8.753,46.584],[8.756,46.582],[8.763,46.583],[8.767,46.579],[8.76,46.577],[8.761,46.575],[8.756,46.573],[8.75,46.573],[8.746,46.575]],[[8.76,46.577],[8.756,46.58],[8.754,46.579],[8.756,46.576],[8.76,46.577]]],[[[8.616,46.558],[8.607,46.558],[8.602,46.561],[8.602,46.563],[8.609,46.564],[8.616,46.562],[8.621,46.565],[8.618,46.569],[8.621,46.572],[8.619,46.573],[8.616,46.57],[8.602,46.574],[8.6,46.576],[8.59,46.57],[8.58,46.579],[8.579,46.581],[8.584,46.583],[8.584,46.581],[8.59,46.578],[8.59,46.581],[8.597,46.582],[8.6,46.585],[8.607,46.583],[8.603,46.59],[8.597,46.592],[8.603,46.595],[8.605,46.597],[8.604,46.599],[8.597,46.598],[8.591,46.601],[8.592,46.606],[8.604,46.605],[8.61,46.607],[8.613,46.605],[8.615,46.601],[8.62,46.6],[8.625,46.592],[8.628,46.59],[8.625,46.587],[8.626,46.585],[8.629,46.587],[8.633,46.587],[8.644,46.585],[8.642,46.571],[8.643,46.574],[8.649,46.577],[8.652,46.583],[8.655,46.585],[8.655,46.587],[8.662,46.589],[8.675,46.586],[8.683,46.596],[8.685,46.597],[8.688,46.594],[8.689,46.596],[8.694,46.598],[8.696,46.598],[8.7,46.593],[8.707,46.589],[8.704,46.587],[8.704,46.585],[8.708,46.588],[8.709,46.582],[8.705,46.58],[8.707,46.579],[8.711,46.58],[8.717,46.588],[8.724,46.587],[8.727,46.59],[8.733,46.586],[8.727,46.584],[8.724,46.586],[8.724,46.583],[8.73,46.581],[8.734,46.583],[8.737,46.581],[8.741,46.584],[8.747,46.593],[8.75,46.59],[8.75,46.586],[8.752,46.584],[8.747,46.582],[8.748,46.579],[8.746,46.575],[8.74,46.574],[8.737,46.576],[8.729,46.575],[8.724,46.577],[8.72,46.574],[8.715,46.573],[8.714,46.57],[8.71,46.572],[8.707,46.571],[8.704,46.577],[8.702,46.569],[8.708,46.564],[8.704,46.561],[8.695,46.564],[8.694,46.567],[8.691,46.567],[8.686,46.571],[8.688,46.573],[8.695,46.575],[8.691,46.582],[8.672,46.582],[8.661,46.576],[8.661,46.573],[8.655,46.575],[8.654,46.571],[8.652,46.57],[8.648,46.57],[8.642,46.567],[8.635,46.567],[8.629,46.563],[8.616,46.558]]],[[[8.746,46.804],[8.742,46.805],[8.741,46.806],[8.742,46.809],[8.735,46.813],[8.739,46.815],[8.742,46.812],[8.755,46.809],[8.762,46.81],[8.763,46.808],[8.755,46.808],[8.746,46.804]]],[[[8.76,46.561],[8.743,46.556],[8.74,46.558],[8.73,46.557],[8.726,46.558],[8.722,46.562],[8.73,46.565],[8.736,46.565],[8.741,46.564],[8.743,46.562],[8.749,46.563],[8.76,46.561]]],[[[8.748,46.703],[8.743,46.702],[8.742,46.703],[8.746,46.705],[8.743,46.709],[8.742,46.705],[8.74,46.704],[8.739,46.708],[8.732,46.71],[8.733,46.715],[8.743,46.72],[8.745,46.719],[8.747,46.717],[8.748,46.712],[8.748,46.703]]],[[[8.738,46.429],[8.733,46.428],[8.73,46.429],[8.723,46.432],[8.719,46.436],[8.724,46.439],[8.732,46.438],[8.732,46.435],[8.738,46.431],[8.738,46.429]]],[[[8.679999999999998,46.695],[8.678,46.699],[8.681,46.702],[8.686,46.699],[8.691,46.699],[8.692,46.704],[8.69,46.708],[8.69,46.713],[8.692,46.715],[8.702,46.715],[8.698,46.713],[8.701,46.711],[8.704,46.713],[8.706,46.712],[8.707,46.708],[8.709,46.71],[8.708,46.712],[8.711,46.714],[8.714,46.714],[8.719,46.71],[8.714,46.705],[8.71,46.705],[8.709,46.701],[8.698,46.697],[8.697,46.691],[8.694,46.691],[8.687,46.695],[8.689,46.692],[8.687,46.69],[8.684,46.691],[8.681,46.687],[8.68,46.688],[8.676,46.695],[8.679999999999998,46.695]]],[[[8.424,46.58],[8.417,46.577],[8.414,46.579],[8.401,46.579],[8.4,46.58],[8.402,46.583],[8.397,46.585],[8.397,46.592],[8.391,46.596],[8.389,46.594],[8.392,46.587],[8.388,46.583],[8.385,46.582],[8.384,46.585],[8.379,46.587],[8.378,46.59],[8.375,46.591],[8.373,46.59],[8.372,46.587],[8.375,46.585],[8.365,46.583],[8.362,46.578],[8.358,46.577],[8.355,46.579],[8.357,46.585],[8.355,46.587],[8.352,46.584],[8.349,46.585],[8.349,46.588],[8.347,46.59],[8.349,46.591],[8.349,46.593],[8.346,46.596],[8.348,46.599],[8.342,46.602],[8.343,46.605],[8.347,46.606],[8.341,46.61],[8.346,46.61],[8.35,46.612],[8.351,46.615],[8.349,46.617],[8.355,46.621],[8.353,46.624],[8.349,46.625],[8.349,46.63],[8.346,46.63],[8.343,46.634],[8.333,46.64],[8.33,46.637],[8.328,46.637],[8.325,46.642],[8.327,46.646],[8.326,46.649],[8.333,46.655],[8.33,46.661],[8.337,46.664],[8.331,46.668],[8.327,46.673],[8.318,46.677],[8.314,46.676],[8.314,46.68],[8.317,46.682],[8.313,46.685],[8.314,46.687],[8.316,46.687],[8.311,46.688],[8.305,46.686],[8.302,46.694],[8.305,46.696],[8.294,46.698],[8.303,46.7],[8.305,46.702],[8.311,46.7],[8.31,46.696],[8.318,46.696],[8.331,46.691],[8.338,46.691],[8.344,46.694],[8.344,46.689],[8.354,46.678],[8.367,46.677],[8.378,46.686],[8.37,46.693],[8.374,46.695],[8.371,46.698],[8.374,46.7],[8.37,46.699],[8.37,46.703],[8.377,46.704],[8.377,46.707],[8.374,46.709],[8.37,46.705],[8.366,46.704],[8.361,46.711],[8.357,46.71],[8.354,46.714],[8.351,46.714],[8.349,46.716],[8.357,46.725],[8.361,46.726],[8.364,46.724],[8.371,46.724],[8.377,46.726],[8.4,46.725],[8.41,46.728],[8.419,46.722],[8.41,46.72],[8.404,46.715],[8.404,46.713],[8.406,46.712],[8.419,46.717],[8.425,46.722],[8.42,46.723],[8.418,46.726],[8.423,46.729],[8.426,46.724],[8.43,46.724],[8.433,46.72],[8.435,46.72],[8.441,46.715],[8.442,46.712],[8.446,46.71],[8.442,46.718],[8.439,46.73],[8.441,46.738],[8.44,46.74],[8.436,46.736],[8.434,46.738],[8.427,46.739],[8.427,46.742],[8.423,46.744],[8.417,46.741],[8.413,46.742],[8.411,46.745],[8.407,46.747],[8.412,46.749],[8.413,46.751],[8.409,46.754],[8.423,46.76],[8.425,46.762],[8.424,46.767],[8.438,46.771],[8.444,46.78],[8.453,46.781],[8.46,46.779],[8.463,46.782],[8.466,46.778],[8.47,46.778],[8.486,46.782],[8.485,46.784],[8.486,46.785],[8.492,46.787],[8.503,46.787],[8.508,46.789],[8.51,46.798],[8.524,46.8],[8.517,46.804],[8.519,46.811],[8.518,46.813],[8.523,46.815],[8.523,46.818],[8.526,46.819],[8.539,46.82],[8.535,46.824],[8.538,46.827],[8.543,46.827],[8.543,46.824],[8.546,46.821],[8.556,46.825],[8.562,46.824],[8.564,46.826],[8.567,46.826],[8.566,46.822],[8.559,46.822],[8.539,46.815],[8.533,46.807],[8.529,46.806],[8.528,46.802],[8.529,46.8],[8.536,46.802],[8.542,46.796],[8.562,46.795],[8.561,46.79],[8.565,46.79],[8.568,46.788],[8.572,46.79],[8.582,46.788],[8.581,46.785],[8.578,46.787],[8.574,46.786],[8.567,46.781],[8.566,46.779],[8.569,46.775],[8.569,46.772],[8.564,46.772],[8.561,46.774],[8.56,46.777],[8.555,46.782],[8.548,46.782],[8.544,46.777],[8.543,46.77],[8.548,46.768],[8.542,46.766],[8.545,46.759],[8.538,46.756],[8.534,46.761],[8.532,46.767],[8.529,46.769],[8.522,46.764],[8.52,46.766],[8.521,46.768],[8.519,46.772],[8.512,46.769],[8.502,46.771],[8.496,46.768],[8.489,46.768],[8.488,46.766],[8.491,46.764],[8.489,46.763],[8.483,46.762],[8.479,46.764],[8.477,46.762],[8.479,46.759],[8.486,46.756],[8.492,46.756],[8.492,46.754],[8.482,46.755],[8.479,46.754],[8.476,46.757],[8.473,46.756],[8.471,46.758],[8.466,46.759],[8.456,46.755],[8.458,46.749],[8.455,46.746],[8.457,46.744],[8.451,46.742],[8.45,46.74],[8.453,46.738],[8.452,46.735],[8.456,46.727],[8.459,46.726],[8.46,46.731],[8.462,46.733],[8.466,46.733],[8.472,46.739],[8.486,46.737],[8.498,46.73],[8.505,46.731],[8.515,46.725],[8.522,46.723],[8.52,46.721],[8.523,46.717],[8.52,46.71],[8.521,46.709],[8.528,46.712],[8.537,46.703],[8.544,46.701],[8.545,46.698],[8.54,46.695],[8.541,46.687],[8.533,46.686],[8.53,46.684],[8.518,46.692],[8.516,46.692],[8.516,46.687],[8.514,46.686],[8.507,46.689],[8.506,46.692],[8.509,46.694],[8.504,46.695],[8.503,46.697],[8.5,46.697],[8.5,46.694],[8.498,46.693],[8.493,46.694],[8.482,46.701],[8.481,46.699],[8.483,46.697],[8.483,46.694],[8.479,46.694],[8.475,46.698],[8.474,46.697],[8.478,46.692],[8.481,46.691],[8.485,46.694],[8.486,46.688],[8.489,46.685],[8.491,46.685],[8.492,46.679],[8.495,46.676],[8.493,46.674],[8.493,46.67],[8.481,46.664],[8.479,46.667],[8.48,46.67],[8.478,46.671],[8.475,46.67],[8.476,46.668],[8.475,46.663],[8.473,46.663],[8.469,46.665],[8.468,46.668],[8.461,46.667],[8.442,46.674],[8.435,46.674],[8.434,46.672],[8.436,46.67],[8.435,46.668],[8.426,46.675],[8.422,46.675],[8.428,46.667],[8.44,46.661],[8.445,46.654],[8.448,46.655],[8.453,46.65],[8.449,46.648],[8.449,46.645],[8.446,46.643],[8.448,46.634],[8.457,46.631],[8.464,46.632],[8.47,46.637],[8.48,46.632],[8.483,46.634],[8.483,46.636],[8.487,46.636],[8.492,46.627],[8.49,46.624],[8.483,46.621],[8.48,46.621],[8.477,46.624],[8.468,46.625],[8.454,46.619],[8.453,46.618],[8.454,46.617],[8.457,46.62],[8.461,46.618],[8.458,46.616],[8.458,46.614],[8.465,46.609],[8.464,46.605],[8.463,46.604],[8.463,46.607],[8.457,46.609],[8.448,46.6],[8.447,46.596],[8.439,46.594],[8.435,46.591],[8.43,46.592],[8.426,46.587],[8.424,46.58]]],[[[8.548,46.768],[8.547,46.77],[8.549,46.77],[8.548,46.768]]],[[[8.477,46.447],[8.47,46.442],[8.463,46.447],[8.463,46.454],[8.48,46.46],[8.48,46.465],[8.483,46.467],[8.492,46.467],[8.495,46.469],[8.491,46.472],[8.49,46.476],[8.493,46.479],[8.503,46.474],[8.51,46.478],[8.513,46.477],[8.523,46.48],[8.526,46.474],[8.529,46.476],[8.544,46.478],[8.547,46.476],[8.544,46.473],[8.549,46.468],[8.552,46.469],[8.558,46.476],[8.562,46.476],[8.565,46.473],[8.558,46.468],[8.548,46.465],[8.539,46.466499999999996],[8.539,46.464],[8.541,46.462],[8.539,46.461],[8.536,46.462],[8.538727272727273,46.466545454545454],[8.536,46.467],[8.529,46.47],[8.526,46.47],[8.52,46.467],[8.519,46.465],[8.509,46.468],[8.503,46.462],[8.5,46.465],[8.496,46.466],[8.491,46.463],[8.492,46.458],[8.491,46.456],[8.501,46.451],[8.483,46.446],[8.477,46.447]]],[[[8.565,46.473],[8.572,46.475],[8.574,46.478],[8.576,46.478],[8.577,46.473],[8.575,46.472],[8.565,46.473]]],[[[8.547538461538451,46.4436923076923],[8.545,46.443],[8.544,46.444],[8.545,46.447],[8.548,46.447],[8.55,46.449],[8.544,46.453],[8.548,46.455],[8.548,46.458],[8.555,46.458],[8.561,46.461],[8.569,46.46],[8.571,46.457],[8.561,46.457],[8.56,46.455],[8.555,46.454],[8.554,46.451],[8.556,46.449],[8.556,46.446],[8.548080000000002,46.44384],[8.549,46.442],[8.556,46.44],[8.556,46.437],[8.553,46.435],[8.551,46.431],[8.552,46.428],[8.55,46.428],[8.55,46.431],[8.548,46.431],[8.545,46.435],[8.536,46.438],[8.538,46.441],[8.542,46.443],[8.545,46.442],[8.547538461538451,46.4436923076923]]],[[[8.458,46.837],[8.461,46.836],[8.452,46.836],[8.458,46.837]]],[[[8.461,46.836],[8.472,46.845],[8.468,46.847],[8.455,46.846],[8.451,46.847],[8.45,46.85],[8.465,46.855],[8.471,46.853],[8.476,46.856],[8.475,46.857],[8.471,46.855],[8.465,46.858],[8.458,46.858],[8.442,46.856],[8.437,46.859],[8.438,46.864],[8.448,46.862],[8.458,46.863],[8.458,46.868],[8.465,46.871],[8.468,46.874],[8.472,46.872],[8.478,46.875],[8.491,46.87],[8.491,46.867],[8.495,46.869],[8.498,46.86],[8.501,46.859],[8.505,46.861],[8.507,46.858],[8.517,46.856],[8.52,46.858],[8.516,46.861],[8.527,46.86],[8.534,46.857],[8.537,46.858],[8.531,46.863],[8.537,46.869],[8.54,46.87],[8.544,46.87],[8.547,46.867],[8.544,46.865],[8.547,46.864],[8.551,46.865],[8.548,46.867],[8.554,46.868],[8.556,46.867],[8.556,46.862],[8.552,46.856],[8.554,46.853],[8.54,46.843],[8.53,46.843],[8.52,46.846],[8.517,46.849],[8.514,46.847],[8.507,46.847],[8.501,46.841],[8.491,46.839],[8.481,46.829],[8.484,46.823],[8.48,46.819],[8.47,46.823],[8.479,46.827],[8.48,46.829],[8.461,46.836]]],[[[8.421,46.497],[8.419,46.495],[8.416,46.499],[8.415,46.502],[8.417,46.506],[8.419,46.507],[8.422,46.504],[8.429,46.505],[8.439,46.503],[8.439,46.513],[8.446,46.517],[8.442,46.52],[8.445,46.522],[8.449,46.521],[8.447,46.524],[8.449,46.526],[8.442,46.529],[8.443,46.526],[8.439,46.526],[8.436,46.523],[8.433,46.524],[8.436,46.529],[8.443,46.533],[8.436,46.534],[8.433,46.54],[8.429,46.54],[8.423,46.544],[8.413,46.542],[8.413,46.538],[8.41,46.536],[8.401,46.538],[8.401,46.54],[8.406,46.542],[8.406,46.547],[8.404,46.55],[8.397,46.552],[8.395,46.56],[8.399,46.565],[8.401,46.565],[8.404,46.562],[8.417,46.559],[8.418,46.565],[8.414,46.571],[8.417,46.575],[8.424,46.574],[8.427,46.575],[8.429,46.573],[8.434,46.573],[8.434,46.576],[8.437,46.579],[8.443,46.578],[8.446,46.581],[8.456,46.582],[8.46,46.579],[8.47,46.578],[8.473,46.575],[8.466,46.571],[8.463,46.571],[8.458,46.566],[8.438,46.558],[8.439,46.552],[8.442,46.555],[8.466,46.558],[8.475,46.562],[8.489,46.562],[8.495,46.552],[8.488,46.552],[8.483,46.55],[8.485,46.55],[8.488,46.547],[8.499,46.544],[8.501,46.542],[8.505,46.546],[8.508,46.546],[8.514,46.55],[8.516,46.555],[8.509,46.561],[8.511,46.566],[8.517,46.573],[8.519,46.573],[8.52,46.57],[8.525,46.57],[8.527,46.568],[8.524,46.565],[8.521,46.565],[8.519,46.561],[8.519,46.557],[8.524,46.549],[8.527,46.54857142857143],[8.527,46.552],[8.531,46.555],[8.536,46.554],[8.539,46.557],[8.539,46.559],[8.544,46.561],[8.547,46.559],[8.54,46.55],[8.545,46.552],[8.547,46.555],[8.55,46.553],[8.554,46.554],[8.555,46.552],[8.555,46.543],[8.553,46.541],[8.55,46.544],[8.54,46.545],[8.537,46.544],[8.534,46.54],[8.524,46.54],[8.521,46.539],[8.521,46.537],[8.511,46.541],[8.498,46.535],[8.481,46.533],[8.481,46.527],[8.488,46.528],[8.488,46.525],[8.481,46.524],[8.482,46.519],[8.478,46.513],[8.471,46.515],[8.468,46.517],[8.468,46.516],[8.47,46.515],[8.47,46.512],[8.472,46.51],[8.455,46.51],[8.453,46.508],[8.452,46.501],[8.442,46.497],[8.432,46.501],[8.429,46.498],[8.421,46.497]]],[[[8.475,46.407],[8.472,46.407],[8.474,46.411],[8.466,46.415],[8.463,46.418],[8.463,46.42],[8.459,46.423],[8.462,46.427],[8.473,46.43],[8.473,46.427],[8.478,46.429],[8.477,46.431],[8.48,46.432],[8.492,46.43],[8.496,46.426],[8.502,46.428],[8.502,46.424],[8.497,46.42],[8.495,46.415],[8.489,46.414],[8.486,46.411],[8.479,46.411],[8.475,46.407]]],[[[8.333,46.752],[8.33,46.752],[8.329,46.754],[8.337,46.759],[8.352,46.762],[8.359,46.765],[8.365,46.77],[8.375,46.771],[8.381,46.774],[8.382,46.779],[8.38,46.781],[8.388,46.788],[8.396,46.785],[8.397,46.778],[8.399,46.778],[8.402,46.781],[8.415,46.783],[8.416,46.785],[8.407,46.792],[8.411,46.793],[8.414,46.792],[8.418,46.794],[8.419,46.789],[8.421,46.788],[8.424,46.79],[8.437,46.79],[8.439,46.787],[8.439,46.783],[8.435,46.778],[8.438,46.774],[8.437,46.772],[8.421,46.772],[8.419,46.771],[8.419,46.769],[8.414,46.768],[8.412,46.769],[8.413,46.772],[8.411,46.773],[8.401,46.768],[8.387,46.765],[8.384,46.763],[8.381,46.764],[8.368,46.759],[8.355,46.758],[8.335,46.754],[8.333,46.752]]],[[[8.301,46.419],[8.299,46.419],[8.3,46.424],[8.304,46.428],[8.304,46.43],[8.301,46.435],[8.303,46.437],[8.303,46.44],[8.3,46.442],[8.3,46.444],[8.304,46.447],[8.311,46.443],[8.319,46.448],[8.321,46.453],[8.317,46.457],[8.317,46.462],[8.321,46.464],[8.324,46.468],[8.327,46.467],[8.329,46.464],[8.323,46.457],[8.327,46.458],[8.33,46.461],[8.34,46.463],[8.343,46.466],[8.353,46.468],[8.355,46.466],[8.354,46.464],[8.35,46.464],[8.352,46.462],[8.351,46.459],[8.347,46.457],[8.34,46.458],[8.332,46.455],[8.337,46.454],[8.337,46.451],[8.327,46.449],[8.327,46.447],[8.333,46.449],[8.337,46.448],[8.346,46.454],[8.36,46.456],[8.369,46.455],[8.376,46.457],[8.379,46.461],[8.376,46.463],[8.376,46.466],[8.386,46.462],[8.409,46.467],[8.416,46.461],[8.405,46.461],[8.399,46.456],[8.389,46.452],[8.387,46.452],[8.386,46.454],[8.368,46.453],[8.363,46.451],[8.356,46.445],[8.346,46.441],[8.33,46.43],[8.327,46.43],[8.317,46.425],[8.307,46.425],[8.301,46.422],[8.301,46.419]]],[[[8.413,46.486],[8.399,46.485],[8.396,46.489],[8.393,46.487],[8.391,46.488],[8.39,46.491],[8.386,46.492],[8.385,46.495],[8.378,46.495],[8.379,46.497],[8.376,46.502],[8.377,46.504],[8.365,46.504],[8.367,46.506],[8.371,46.506],[8.372,46.509],[8.381,46.511],[8.386,46.507],[8.393,46.505],[8.393,46.502],[8.397,46.502],[8.401,46.497],[8.399,46.495],[8.396,46.495],[8.393,46.497],[8.392,46.495],[8.393,46.494],[8.403,46.495],[8.406,46.501],[8.408,46.497],[8.412,46.495],[8.411,46.49],[8.413,46.486]]],[[[8.379,46.783],[8.372,46.782],[8.367,46.783],[8.367,46.785],[8.365,46.786],[8.352,46.786],[8.347,46.788],[8.359,46.796],[8.377,46.788],[8.379,46.783]]],[[[8.34,46.792],[8.336,46.794],[8.333,46.792],[8.329,46.792],[8.329,46.798],[8.334,46.799],[8.324,46.804],[8.333,46.804],[8.336,46.81],[8.339,46.812],[8.341,46.808],[8.337,46.804],[8.346,46.803],[8.355,46.797],[8.34,46.792]]],[[[8.314,46.556],[8.31,46.556],[8.309,46.559],[8.312,46.563],[8.316,46.565],[8.316,46.568],[8.319,46.566],[8.328,46.565],[8.322,46.561],[8.319,46.562],[8.315,46.559],[8.314,46.556]]],[[[8.31,46.379],[8.303,46.376],[8.299,46.377],[8.299,46.379],[8.302,46.381],[8.301,46.383],[8.306,46.384],[8.307,46.386],[8.297,46.386],[8.295,46.388],[8.295,46.392],[8.3,46.395],[8.296,46.395],[8.293,46.393],[8.293,46.397],[8.281,46.406],[8.271,46.402],[8.269,46.404],[8.268,46.409],[8.264,46.402],[8.258,46.403],[8.255,46.401],[8.242,46.401],[8.238,46.399],[8.237,46.404],[8.242,46.408],[8.245,46.407],[8.248,46.414],[8.259,46.415],[8.259,46.417],[8.25,46.424],[8.252,46.425],[8.258,46.423],[8.274,46.423],[8.276,46.422],[8.267,46.42],[8.271,46.416],[8.278,46.419],[8.281,46.417],[8.284,46.418],[8.291,46.416],[8.295,46.413],[8.291,46.408],[8.294,46.406],[8.303,46.407],[8.307,46.404],[8.31,46.404],[8.311,46.399],[8.314,46.397],[8.314,46.385],[8.31,46.379]]],[[[8.081,46.221],[8.078,46.221],[8.073,46.234],[8.057,46.245],[8.058,46.247],[8.068,46.251],[8.068,46.254],[8.071,46.256],[8.072,46.259],[8.067,46.261],[8.067,46.263],[8.068,46.265],[8.071,46.265],[8.076,46.268],[8.076,46.272],[8.078,46.275],[8.097,46.283],[8.1,46.281000000000006],[8.1,46.286],[8.098,46.288],[8.1,46.292],[8.099,46.299],[8.104,46.303],[8.109,46.304],[8.106,46.306],[8.117,46.311],[8.118,46.313],[8.114,46.315],[8.104,46.315],[8.094,46.312],[8.087,46.308],[8.095,46.32],[8.091,46.322],[8.091,46.326],[8.099,46.328],[8.101,46.33],[8.107,46.325],[8.114,46.325],[8.117,46.323],[8.127,46.328],[8.137,46.33],[8.143,46.326],[8.136,46.318],[8.143,46.319],[8.152,46.324],[8.156,46.324],[8.156,46.321],[8.158,46.319],[8.152,46.315],[8.153,46.311],[8.147,46.31],[8.149,46.304],[8.155,46.303],[8.155,46.306],[8.162,46.311],[8.164,46.306],[8.166,46.305],[8.169,46.307],[8.167,46.31],[8.169,46.312],[8.179,46.313],[8.185,46.317],[8.188,46.315],[8.192,46.316],[8.193,46.319],[8.195,46.32],[8.205,46.321],[8.207,46.328],[8.206,46.332],[8.208,46.335],[8.204,46.337],[8.211,46.336],[8.213,46.337],[8.214,46.341],[8.218,46.344],[8.227,46.341],[8.224,46.344],[8.221,46.344],[8.22,46.346],[8.245,46.352],[8.243,46.355],[8.236,46.359],[8.238,46.366],[8.248,46.369],[8.251,46.367],[8.254,46.369],[8.264,46.371],[8.27,46.377],[8.275,46.377],[8.277,46.379],[8.289,46.377],[8.292,46.374],[8.282,46.372],[8.29,46.372],[8.291,46.37],[8.284,46.365],[8.274,46.367],[8.264,46.366],[8.258,46.359],[8.258,46.354],[8.261,46.352],[8.26,46.347],[8.251,46.347],[8.248,46.345],[8.247,46.342],[8.231,46.34],[8.226,46.337],[8.225,46.334],[8.219,46.33],[8.219,46.325],[8.215,46.323],[8.214,46.319],[8.211,46.316],[8.208,46.315],[8.204,46.317],[8.205,46.314],[8.211,46.31],[8.204,46.307],[8.198,46.307],[8.197,46.305],[8.191,46.302],[8.172,46.299],[8.165,46.296],[8.162,46.298],[8.152,46.298],[8.14,46.303],[8.136,46.303],[8.13,46.298],[8.121,46.295],[8.121,46.292],[8.118,46.29],[8.117,46.287],[8.104,46.279],[8.100000000000021,46.28099999999999],[8.103,46.279],[8.094,46.272],[8.081,46.266],[8.078,46.263],[8.078,46.261],[8.087,46.255],[8.097,46.256],[8.101,46.252],[8.108,46.25],[8.108,46.247],[8.111,46.245],[8.111,46.241],[8.114,46.238],[8.112,46.234],[8.105,46.229],[8.1,46.228],[8.093,46.228],[8.091,46.23],[8.094,46.232],[8.093,46.234],[8.083,46.226],[8.081,46.221]]],[[[7.204,46.305],[7.189,46.302],[7.182,46.304],[7.16,46.304],[7.157,46.305],[7.156,46.307],[7.151,46.308],[7.156,46.309],[7.16,46.312],[7.158,46.314],[7.163,46.316],[7.173,46.315],[7.176,46.313],[7.182,46.315],[7.185,46.319],[7.195,46.326],[7.202,46.325],[7.203,46.326],[7.193,46.335],[7.198,46.339],[7.212,46.341],[7.224,46.349],[7.228,46.35],[7.231,46.349],[7.232,46.348],[7.231,46.346],[7.234,46.345],[7.235,46.341],[7.239,46.339],[7.247,46.34],[7.25,46.337],[7.254,46.337],[7.26,46.346],[7.259,46.348],[7.261,46.35],[7.261,46.355],[7.273,46.363],[7.279,46.36],[7.28,46.357],[7.276,46.356],[7.273,46.353],[7.27,46.353],[7.283,46.351],[7.280468749999999,46.34509375],[7.285,46.346],[7.284,46.348],[7.286,46.35],[7.289,46.348],[7.287,46.346],[7.289,46.344],[7.286,46.342],[7.289,46.343],[7.291,46.346],[7.29,46.348],[7.291,46.351],[7.296,46.355],[7.301,46.351],[7.302,46.348],[7.305,46.348],[7.312,46.343],[7.312,46.346],[7.31,46.346],[7.309,46.35],[7.306,46.353],[7.309,46.355],[7.307,46.36],[7.312,46.359],[7.32,46.364],[7.316,46.366],[7.321,46.369],[7.318,46.372],[7.329,46.373],[7.33,46.371],[7.325,46.369],[7.323,46.366],[7.325,46.364],[7.322,46.362],[7.335,46.36],[7.337769230769232,46.360461538461536],[7.337,46.362],[7.339,46.362],[7.338272727272726,46.36054545454545],[7.341,46.361],[7.347,46.364],[7.354,46.371],[7.351,46.375],[7.354,46.377],[7.361,46.376],[7.37,46.384],[7.37,46.389],[7.374,46.389],[7.377,46.392],[7.394,46.391],[7.39,46.388],[7.385,46.387],[7.384,46.384],[7.375,46.382],[7.375,46.38],[7.393,46.383],[7.397,46.382],[7.395,46.384],[7.396,46.386],[7.402,46.384],[7.402,46.382],[7.406,46.384],[7.426,46.384],[7.429,46.387],[7.439,46.39],[7.445,46.388],[7.447,46.389],[7.445,46.392],[7.454,46.393],[7.465,46.4],[7.465,46.402],[7.469,46.405],[7.481,46.405],[7.483,46.402],[7.494,46.403],[7.51,46.414],[7.512,46.416],[7.511,46.418],[7.513,46.421],[7.518,46.42],[7.53,46.423],[7.533,46.427],[7.532,46.429],[7.533,46.431],[7.541,46.429],[7.542,46.432],[7.547,46.432],[7.549,46.43],[7.552,46.431],[7.556,46.429],[7.558,46.432],[7.569,46.434],[7.572,46.436],[7.579,46.436],[7.577,46.438],[7.587,46.44],[7.584,46.443],[7.585,46.445],[7.587,46.445],[7.582,46.447],[7.592,46.454],[7.595,46.45],[7.598,46.453],[7.6,46.449],[7.596,46.443],[7.598,46.441],[7.601,46.444],[7.605,46.441],[7.611,46.44],[7.611,46.438],[7.607,46.436],[7.611,46.434],[7.61,46.429],[7.605,46.425],[7.601,46.424],[7.6,46.422],[7.601,46.418],[7.604,46.423],[7.608,46.419],[7.611,46.421],[7.614,46.42],[7.613,46.418],[7.615,46.416],[7.606,46.409],[7.603,46.402],[7.596,46.398],[7.604,46.393],[7.604,46.391],[7.601,46.387],[7.599,46.387],[7.597,46.382],[7.593,46.38],[7.593,46.378],[7.59,46.375],[7.583,46.371],[7.582,46.366],[7.585,46.364],[7.585,46.362],[7.578,46.361],[7.572,46.364],[7.562,46.359],[7.558,46.36],[7.557,46.362],[7.564,46.366],[7.562,46.367],[7.556,46.364],[7.538,46.366],[7.541,46.369],[7.533,46.371],[7.53,46.376],[7.527,46.375],[7.529,46.369],[7.52,46.361],[7.518,46.364],[7.521,46.369],[7.52,46.37],[7.517,46.369],[7.515,46.366],[7.514,46.364],[7.516,46.362],[7.513,46.358],[7.508,46.36],[7.5,46.359],[7.497,46.362],[7.494,46.358],[7.487,46.356],[7.482,46.357],[7.482,46.362],[7.465,46.358],[7.458,46.358],[7.426,46.368],[7.422,46.366],[7.416,46.368],[7.414,46.366],[7.406,46.365],[7.402,46.362],[7.401,46.36],[7.411,46.351],[7.409,46.349],[7.406,46.349],[7.392,46.335],[7.396,46.333],[7.394,46.33],[7.38,46.329],[7.377,46.332],[7.37,46.331],[7.368,46.328],[7.371,46.324],[7.37,46.323],[7.361,46.325],[7.357,46.322],[7.353,46.326],[7.356,46.328],[7.354,46.329],[7.344,46.328],[7.345,46.326],[7.338,46.325],[7.332,46.329],[7.322,46.325],[7.309,46.328],[7.306,46.332],[7.295,46.333],[7.293,46.33],[7.296,46.327],[7.286,46.318],[7.282,46.317],[7.28,46.312],[7.276,46.312],[7.27,46.307],[7.266,46.308],[7.263,46.306],[7.25,46.309],[7.228,46.309],[7.216,46.312],[7.211,46.315],[7.207,46.312],[7.204,46.305]],[[7.575,46.398],[7.576,46.4],[7.591,46.406],[7.599,46.411],[7.595,46.412],[7.588,46.41],[7.575,46.403],[7.572,46.406],[7.568,46.402],[7.575,46.402],[7.574,46.4],[7.575,46.398]],[[7.254,46.33],[7.263,46.335],[7.27,46.334],[7.271,46.335],[7.268,46.337],[7.272,46.339],[7.27,46.341],[7.263,46.337],[7.26,46.338],[7.248,46.33],[7.254,46.33]]],[[[7.604,46.393],[7.602,46.398],[7.609,46.404],[7.61,46.407],[7.614,46.408],[7.617,46.407],[7.623,46.411],[7.624,46.416],[7.626,46.418],[7.624,46.42],[7.615,46.42],[7.614,46.423],[7.618,46.425],[7.621,46.423],[7.624,46.425],[7.622,46.427],[7.627,46.429],[7.63,46.427],[7.63,46.425],[7.626,46.422],[7.634,46.422],[7.638,46.42],[7.638,46.422],[7.642,46.425],[7.638,46.427],[7.639,46.429],[7.638,46.431],[7.64,46.433],[7.644,46.432],[7.644,46.429],[7.66,46.422],[7.658,46.425],[7.66,46.426],[7.666,46.424],[7.667,46.425],[7.664,46.427],[7.667,46.429],[7.667,46.431],[7.657,46.436],[7.653,46.441],[7.665,46.44],[7.67,46.441],[7.673,46.445],[7.676,46.445],[7.68,46.443],[7.679,46.436],[7.685,46.44],[7.686,46.443],[7.692,46.439],[7.702,46.436],[7.699,46.432],[7.699,46.429],[7.702,46.427],[7.699,46.425],[7.7,46.422],[7.705,46.419],[7.709,46.432],[7.715,46.43],[7.725,46.43],[7.731,46.433],[7.746,46.433],[7.754,46.437],[7.76,46.438],[7.758,46.44],[7.76,46.442],[7.769,46.447],[7.764,46.449],[7.777,46.451],[7.772,46.454],[7.777,46.456],[7.779,46.46],[7.776,46.463],[7.774,46.463],[7.773,46.467],[7.766,46.469],[7.774,46.478],[7.784,46.486],[7.789,46.487],[7.793,46.49],[7.784,46.489],[7.783,46.487],[7.777,46.484],[7.769,46.485],[7.773,46.483],[7.767,46.479],[7.764,46.479],[7.763,46.476],[7.758,46.474],[7.754,46.476],[7.748,46.471],[7.745,46.473],[7.738,46.471],[7.732,46.467],[7.732,46.465],[7.728,46.464],[7.728,46.466],[7.73,46.467],[7.728,46.47],[7.719,46.471],[7.712,46.469],[7.702,46.474],[7.708,46.476],[7.707,46.479],[7.708,46.481],[7.722,46.485],[7.722,46.483],[7.725,46.48],[7.728,46.485],[7.732,46.487],[7.733,46.485],[7.739,46.483],[7.739,46.485],[7.741,46.486],[7.754,46.487],[7.755,46.49],[7.753,46.492],[7.757,46.494],[7.755,46.499],[7.745,46.503],[7.755,46.503],[7.765,46.512],[7.761,46.516],[7.745,46.517],[7.738,46.519],[7.737,46.521],[7.738,46.524],[7.751,46.525],[7.754,46.523],[7.761,46.523],[7.764,46.52],[7.768,46.523],[7.771,46.523],[7.774,46.519],[7.777,46.52],[7.781,46.519],[7.784,46.516],[7.782,46.514],[7.782,46.51],[7.779,46.508],[7.783,46.505],[7.79,46.512],[7.803,46.512],[7.813,46.517],[7.817,46.517],[7.821,46.514],[7.815,46.51],[7.816,46.508],[7.823,46.512],[7.825,46.51],[7.819,46.503],[7.819,46.501],[7.83,46.507],[7.833,46.511],[7.837,46.51],[7.839,46.507],[7.844,46.507],[7.856,46.511],[7.858,46.51],[7.856,46.507],[7.859,46.505],[7.86,46.503],[7.859,46.501],[7.866,46.503],[7.869,46.5],[7.891,46.5],[7.895,46.497],[7.904,46.495],[7.905,46.496],[7.9,46.498],[7.901,46.5],[7.906,46.5],[7.905,46.503],[7.914,46.507],[7.92,46.507],[7.918,46.509],[7.927,46.512],[7.929,46.516],[7.925,46.521],[7.927,46.521],[7.934,46.527],[7.941,46.527],[7.944,46.529],[7.941,46.532],[7.946,46.536],[7.947,46.539],[7.938,46.545],[7.945,46.55],[7.945,46.552],[7.948,46.554],[7.947,46.556],[7.954,46.557],[7.958,46.556],[7.96,46.558],[7.964,46.558],[7.967,46.56],[7.97,46.566],[7.977,46.562],[7.977,46.564],[7.975,46.565],[7.978,46.568],[7.975,46.57],[7.983,46.572],[7.986,46.57],[7.989,46.572],[7.99,46.575],[7.993,46.576],[7.987,46.577],[7.985,46.579],[7.987,46.58],[8.003,46.581],[8.009,46.585],[8.019,46.587],[8.02,46.59],[8.026,46.59],[8.029,46.593],[8.03,46.59],[8.025,46.585],[8.03,46.587],[8.035,46.592],[8.039,46.593],[8.04,46.592],[8.038,46.59],[8.042,46.585],[8.042,46.582],[8.045,46.581],[8.052,46.584],[8.053,46.583],[8.052,46.581],[8.065,46.578],[8.071,46.583],[8.078,46.584],[8.081,46.582],[8.085,46.583],[8.088,46.581],[8.089,46.583],[8.086,46.585],[8.091,46.588],[8.098,46.585],[8.096,46.587],[8.096,46.594],[8.09,46.596],[8.086,46.601],[8.087,46.603],[8.081,46.605],[8.072,46.613],[8.068,46.614],[8.074,46.616],[8.074,46.619],[8.076,46.621],[8.082,46.619],[8.079,46.616],[8.08,46.614],[8.082,46.614],[8.085,46.618],[8.097,46.614],[8.108,46.617],[8.11,46.619],[8.106,46.628],[8.102,46.628],[8.1,46.625],[8.098,46.625],[8.099,46.63],[8.097,46.632],[8.098,46.635],[8.103,46.639],[8.1,46.641],[8.106,46.643],[8.105,46.646],[8.128,46.654],[8.138,46.651],[8.145,46.657],[8.154,46.66],[8.164,46.661],[8.166,46.659],[8.162,46.656],[8.17,46.657],[8.171,46.654],[8.176,46.652],[8.175,46.65],[8.177,46.647],[8.185,46.645],[8.185,46.638],[8.173,46.636],[8.193,46.633],[8.203,46.634],[8.212,46.631],[8.206,46.625],[8.202,46.624],[8.199,46.627],[8.198,46.625],[8.2,46.622],[8.211,46.62],[8.202,46.62],[8.193,46.616],[8.197,46.611],[8.192,46.607],[8.199,46.608],[8.205,46.606],[8.222,46.609],[8.228,46.612],[8.232,46.612],[8.238,46.609],[8.235,46.604],[8.236,46.602],[8.235,46.601],[8.232,46.602],[8.234,46.604],[8.232,46.605],[8.228,46.602],[8.224,46.604],[8.227,46.607],[8.225,46.608],[8.221,46.607],[8.216,46.602],[8.22,46.6],[8.222,46.597],[8.24,46.597],[8.239,46.6],[8.241,46.602],[8.241,46.606],[8.248,46.601],[8.253,46.604],[8.264,46.603],[8.267,46.597],[8.255,46.597],[8.25,46.593],[8.25,46.591],[8.251,46.59],[8.254,46.594],[8.257,46.594],[8.261,46.584],[8.267,46.585],[8.271,46.584],[8.274,46.581],[8.27,46.58],[8.257,46.584],[8.248,46.584],[8.244,46.587],[8.234,46.58],[8.232,46.582],[8.225,46.584],[8.221,46.58],[8.218,46.582],[8.186,46.581],[8.178,46.589],[8.173,46.59],[8.169888888888892,46.58922222222222],[8.173,46.587],[8.174,46.584],[8.185,46.573],[8.196,46.573],[8.192,46.571],[8.192,46.566],[8.185,46.559],[8.184,46.557],[8.185,46.556],[8.188,46.557],[8.19,46.562],[8.192,46.563],[8.197,46.562],[8.198,46.559],[8.202,46.56],[8.205,46.555],[8.211,46.56],[8.215,46.555],[8.22,46.557],[8.221,46.559],[8.226,46.557],[8.228,46.552],[8.228,46.555],[8.231,46.557],[8.238,46.557],[8.237,46.554],[8.233,46.553],[8.234,46.551],[8.24,46.55],[8.238,46.548],[8.231,46.549],[8.228,46.546],[8.208,46.539],[8.214,46.538],[8.227,46.539],[8.247,46.537],[8.28,46.544],[8.287,46.539],[8.286,46.537],[8.283,46.537],[8.276,46.533],[8.264,46.53],[8.262,46.525],[8.256,46.525],[8.253,46.528],[8.247,46.527],[8.243,46.524],[8.234,46.528],[8.227,46.528],[8.225,46.523],[8.221,46.519],[8.224,46.516],[8.22,46.516],[8.219,46.514],[8.22,46.513],[8.224,46.514],[8.222,46.508],[8.225,46.505],[8.231,46.503],[8.217,46.5],[8.211,46.506],[8.204,46.505],[8.2,46.501],[8.196,46.503],[8.195,46.506],[8.193,46.506],[8.193,46.501],[8.196,46.497],[8.193,46.494],[8.19,46.494],[8.19,46.497],[8.188,46.498],[8.184,46.498],[8.184,46.494],[8.177,46.492],[8.175,46.496],[8.173,46.492],[8.17,46.49],[8.175,46.485],[8.171,46.481],[8.174,46.477],[8.178,46.476],[8.171,46.468],[8.164,46.471],[8.159,46.477],[8.162,46.486],[8.161,46.49],[8.163,46.492],[8.158,46.495],[8.162,46.495],[8.163,46.497],[8.155,46.502],[8.15,46.501],[8.149,46.497],[8.15,46.495],[8.148,46.49],[8.145,46.493],[8.144,46.497],[8.141,46.499],[8.141,46.492],[8.133,46.486],[8.133,46.483],[8.129,46.481],[8.122,46.48],[8.114,46.484],[8.106,46.484],[8.105,46.481],[8.099,46.475],[8.102,46.472],[8.111,46.468],[8.11,46.466],[8.112,46.463],[8.103,46.459],[8.099,46.46],[8.093,46.471],[8.088,46.472],[8.089,46.477],[8.082,46.484],[8.083,46.486],[8.08,46.488],[8.076,46.488],[8.074,46.49],[8.07,46.49],[8.069,46.493],[8.075,46.497],[8.074,46.498],[8.07,46.497],[8.068,46.5],[8.069,46.502],[8.066,46.502],[8.061,46.499],[8.054,46.502],[8.052,46.5],[8.055,46.497],[8.061,46.495],[8.063,46.486],[8.073,46.479],[8.072,46.475],[8.066,46.47],[8.063,46.47],[8.063,46.473],[8.057,46.474],[8.05,46.482],[8.045,46.482],[8.049,46.479],[8.047,46.477],[8.052,46.475],[8.053,46.47],[8.055,46.468],[8.055,46.466],[8.052,46.464],[8.055,46.461],[8.055,46.459],[8.05,46.454],[8.042,46.461],[8.044,46.463],[8.047,46.46],[8.048,46.461],[8.045,46.464],[8.041,46.462],[8.037,46.465],[8.031,46.466],[8.025,46.462],[8.037,46.453],[8.038,46.45],[8.035,46.448],[8.04,46.443],[8.036,46.435],[8.036,46.432],[8.038,46.43],[8.037,46.428],[8.034,46.429],[8.029,46.428],[8.027,46.426],[8.023,46.428],[8.024,46.426],[8.021,46.423],[8.014,46.422],[8.008,46.419],[8.001,46.426],[7.992,46.425],[7.989,46.426],[7.99,46.428],[7.988,46.43],[7.979,46.431],[7.969,46.426],[7.969,46.424],[7.972,46.421],[7.969,46.42],[7.965,46.422],[7.963,46.419],[7.965,46.417],[7.972,46.416],[7.973,46.412],[7.985,46.406],[7.983,46.401],[7.985,46.4],[7.985,46.396],[7.981,46.397],[7.972,46.395],[7.971,46.397],[7.972,46.399],[7.969,46.4],[7.966,46.399],[7.965,46.397],[7.955,46.397],[7.952,46.393],[7.947,46.39],[7.942,46.39],[7.936,46.394],[7.935,46.397],[7.937,46.399],[7.936,46.4],[7.926,46.396],[7.92,46.399],[7.916,46.398],[7.915,46.401],[7.91,46.406],[7.908,46.404],[7.909,46.399],[7.907,46.395],[7.905,46.395],[7.906,46.392],[7.903,46.391],[7.893,46.392],[7.894,46.395],[7.892,46.399],[7.887,46.401],[7.886,46.399],[7.879,46.395],[7.882,46.388],[7.876,46.388],[7.879,46.386],[7.871,46.384],[7.868,46.381],[7.865,46.381],[7.864,46.386],[7.864,46.381],[7.861,46.38],[7.858,46.384],[7.856,46.379],[7.851,46.376],[7.838,46.381],[7.827,46.377],[7.823,46.372],[7.818,46.372],[7.816,46.378],[7.811,46.368],[7.812,46.366],[7.816,46.366],[7.812,46.363],[7.799,46.369],[7.796,46.376],[7.794,46.377],[7.799,46.381],[7.806,46.381],[7.81,46.384],[7.809,46.386],[7.812,46.389],[7.822,46.39],[7.819,46.393],[7.818,46.397],[7.829,46.396],[7.835,46.399],[7.833,46.402],[7.828,46.404],[7.838,46.406],[7.838,46.411],[7.842,46.413],[7.848,46.41],[7.852,46.412],[7.853,46.413],[7.851,46.417],[7.852,46.419],[7.859,46.42],[7.861,46.419],[7.887,46.429],[7.891,46.428],[7.894,46.432],[7.897,46.431],[7.897,46.426],[7.904,46.431],[7.911,46.433],[7.907,46.433],[7.901,46.437],[7.9,46.44],[7.905,46.44],[7.907,46.437],[7.91,46.44],[7.908,46.442],[7.919,46.451],[7.916,46.453],[7.919,46.458],[7.924,46.462],[7.91,46.457],[7.908,46.467],[7.906,46.467],[7.904,46.464],[7.899,46.469],[7.9,46.471],[7.894,46.473],[7.89,46.471],[7.887,46.464],[7.881,46.461],[7.872,46.466],[7.86,46.465],[7.86,46.462],[7.857,46.46],[7.855,46.456],[7.851,46.456],[7.852,46.453],[7.845,46.452],[7.846,46.456],[7.842,46.455],[7.839,46.457],[7.832,46.457],[7.829,46.456],[7.828,46.453],[7.821,46.451],[7.826,46.45],[7.827,46.447],[7.824,46.444],[7.821,46.444],[7.82,46.447],[7.813,46.449],[7.806,46.448],[7.801,46.445],[7.8,46.44],[7.787,46.438],[7.785,46.436],[7.785,46.433],[7.78,46.429],[7.774,46.43],[7.768,46.427],[7.766,46.424],[7.761,46.423],[7.757,46.423],[7.754,46.426],[7.751,46.425],[7.744,46.421],[7.743,46.418],[7.741,46.417],[7.731,46.415],[7.716,46.409],[7.717,46.404],[7.714,46.402],[7.727,46.402],[7.721,46.401],[7.717,46.398],[7.719,46.395],[7.718,46.391],[7.715,46.395],[7.708,46.393],[7.712,46.389],[7.718,46.387],[7.72,46.384],[7.715,46.382],[7.716,46.38],[7.715,46.378],[7.712,46.377],[7.712,46.372],[7.708,46.371],[7.702,46.371],[7.7,46.373],[7.704,46.375],[7.7,46.377],[7.707,46.384],[7.702,46.387],[7.699,46.38],[7.692,46.378],[7.689,46.387],[7.686,46.382],[7.682,46.38],[7.679,46.381],[7.669,46.376],[7.663,46.377],[7.676,46.385],[7.68,46.389],[7.679,46.391],[7.684,46.393],[7.686,46.399],[7.688999999999993,46.4],[7.681,46.4],[7.681,46.402],[7.69,46.413],[7.689,46.414],[7.682,46.413],[7.685,46.416],[7.685,46.418],[7.683,46.419],[7.669,46.414],[7.656,46.414],[7.653,46.412],[7.65,46.413],[7.652,46.411],[7.647,46.408],[7.637,46.409],[7.631,46.404],[7.627,46.406],[7.624,46.404],[7.617,46.403],[7.608,46.398],[7.604,46.393]],[[8.157,46.555],[8.178,46.564],[8.178,46.566],[8.181,46.569],[8.172,46.574],[8.17,46.564],[8.166,46.564],[8.157,46.555]],[[7.956,46.425],[7.963,46.428],[7.973,46.439],[7.974,46.442],[7.972,46.446],[7.969,46.444],[7.97,46.439],[7.953,46.428],[7.949,46.431],[7.952,46.428],[7.952,46.426],[7.956,46.425]],[[7.881,46.465],[7.883,46.467],[7.88,46.469],[7.889,46.478],[7.888,46.48],[7.881,46.475],[7.876,46.469],[7.881,46.465]],[[7.689000000000004,46.400000000000006],[7.695,46.402],[7.692,46.403],[7.689000000000004,46.400000000000006]]],[[[7.627,46.429],[7.633,46.429],[7.631,46.427],[7.627,46.429]]],[[[7.722,46.485],[7.722,46.488],[7.726,46.487],[7.722,46.485]]],[[[8.238,46.609],[8.235,46.615],[8.242,46.622],[8.251,46.618],[8.255,46.618],[8.258,46.613],[8.245,46.607],[8.243,46.609],[8.247,46.611],[8.245,46.612],[8.238,46.609]]],[[[8.253,46.528],[8.255,46.525],[8.253,46.525],[8.253,46.528]]],[[[8.069,46.687],[8.046,46.679],[8.056,46.684],[8.059,46.689],[8.066,46.694],[8.073,46.695],[8.069,46.696],[8.068,46.697],[8.069,46.699],[8.079,46.699],[8.081,46.697],[8.076,46.695],[8.075,46.693],[8.079,46.693],[8.082,46.691],[8.076,46.689],[8.073,46.685],[8.069,46.687]]],[[[7.4,45.914],[7.397,45.919],[7.403,45.918],[7.404,45.919],[7.403,45.922],[7.41,45.925],[7.413,45.924],[7.416,45.926],[7.417,45.928],[7.412,45.93],[7.412,45.932],[7.415,45.935],[7.426,45.937],[7.428,45.939],[7.425,45.941],[7.437,45.95],[7.449,45.962],[7.448,45.963],[7.445,45.96],[7.442,45.96],[7.439,45.955],[7.435,45.955],[7.429,45.951],[7.423,45.952],[7.422,45.953],[7.423,45.956],[7.419,45.954],[7.413,45.957],[7.415,45.955],[7.413,45.953],[7.406,45.953],[7.403,45.951],[7.39,45.949],[7.39,45.955],[7.394,45.955],[7.398,45.959],[7.408,45.964],[7.41,45.966],[7.411,45.973],[7.409,45.973],[7.41,45.971],[7.406,45.967],[7.393,45.968],[7.394,45.965],[7.387,45.965],[7.381,45.968],[7.377,45.968],[7.373,45.975],[7.381,45.973],[7.381,45.975],[7.378,45.977],[7.378,45.98],[7.376,45.982],[7.376,45.993],[7.372,45.998],[7.371,46.002],[7.367,46.004],[7.365,46.011],[7.368,46.021],[7.368,46.023],[7.365,46.025],[7.367,46.027],[7.364,46.029],[7.361,46.027],[7.36,46.029],[7.363,46.031],[7.361,46.032],[7.351,46.031],[7.348,46.034],[7.35,46.036],[7.349,46.042],[7.352,46.045],[7.351,46.046],[7.345,46.044],[7.335,46.044],[7.331,46.047],[7.339,46.05],[7.336,46.051],[7.336,46.054],[7.334,46.056],[7.336,46.058],[7.335,46.061],[7.333,46.058],[7.328,46.06],[7.328,46.067],[7.326,46.068],[7.319,46.065],[7.318,46.067],[7.319,46.069],[7.313,46.071],[7.306,46.066],[7.302,46.067],[7.304,46.072],[7.303,46.074],[7.294,46.074],[7.301,46.076],[7.294,46.078],[7.292,46.081],[7.297,46.085],[7.294,46.09],[7.29,46.09],[7.287,46.094],[7.298,46.099],[7.291,46.101],[7.303,46.102],[7.309,46.098],[7.313,46.101],[7.319,46.099],[7.329,46.1],[7.331,46.099],[7.328,46.096],[7.335,46.096],[7.336,46.094],[7.342,46.091],[7.345,46.092],[7.348,46.09],[7.355,46.09],[7.358,46.087],[7.366,46.092],[7.366,46.094],[7.371,46.095],[7.378,46.09],[7.375,46.087],[7.374,46.081],[7.367,46.074],[7.368,46.072],[7.38,46.077],[7.382,46.076],[7.377,46.072],[7.371,46.07],[7.371,46.066],[7.36,46.058],[7.365,46.058],[7.377,46.063],[7.381,46.061],[7.381,46.059],[7.379,46.058],[7.38,46.056],[7.377,46.054],[7.377,46.049],[7.374,46.045],[7.374,46.04],[7.376,46.038],[7.374,46.034],[7.38,46.038],[7.381,46.044],[7.383,46.04],[7.39,46.034],[7.393,46.034],[7.389,46.025],[7.39,46.024],[7.413,46.024],[7.419,46.019],[7.423,46.019],[7.426,46.017],[7.429,46.012],[7.432,46.015],[7.435,46.013],[7.435,46.011],[7.439,46.009],[7.442,46.012],[7.445,46.001],[7.448,46.004],[7.455,46.003],[7.461,45.999],[7.464,45.999],[7.464,46.002],[7.467,46.004],[7.467,46.007],[7.468,46.008],[7.471,46.007],[7.48,45.995],[7.477,45.994],[7.475,45.991],[7.477,45.989],[7.49,45.99],[7.492,45.989],[7.49,45.986],[7.497,45.987],[7.498,45.986],[7.496,45.984],[7.51,45.984],[7.511,45.982],[7.51,45.98],[7.504,45.977],[7.511,45.977],[7.518,45.982],[7.517,45.986],[7.519,45.988],[7.523,45.988],[7.526,45.986],[7.529,45.987],[7.532,45.991],[7.532,45.993],[7.526,45.991],[7.523,45.994],[7.519,45.995],[7.521,46.0],[7.526,46.004],[7.519,46.005],[7.518,46.004],[7.521,46.002],[7.516,46.001],[7.513,45.998],[7.508,46.0],[7.512,46.002],[7.516,46.009],[7.523,46.013],[7.523,46.016],[7.519,46.017],[7.508,46.013],[7.513,46.022],[7.519,46.019],[7.523,46.022],[7.52,46.025],[7.523,46.028],[7.529,46.028],[7.528,46.025],[7.53,46.022],[7.535,46.025],[7.545,46.023],[7.561,46.024],[7.565,46.031],[7.571,46.031],[7.574,46.027],[7.577,46.029],[7.578,46.033],[7.577,46.036],[7.582,46.04],[7.58,46.042],[7.581,46.045],[7.577,46.047],[7.581,46.051],[7.58,46.054],[7.584,46.057],[7.587,46.057],[7.59,46.06],[7.595,46.06],[7.594,46.063],[7.59,46.062],[7.587,46.07],[7.583,46.069],[7.586,46.065],[7.582,46.063],[7.586,46.06],[7.577,46.06],[7.577,46.063],[7.574,46.064],[7.574,46.067],[7.579,46.072],[7.574,46.073],[7.571,46.076],[7.576,46.078],[7.576,46.081],[7.579,46.083],[7.591,46.085],[7.594,46.087],[7.6,46.086],[7.602,46.087],[7.603,46.092],[7.6,46.094],[7.604,46.095],[7.605,46.092],[7.607,46.091],[7.61,46.092],[7.617,46.09],[7.613,46.089],[7.609,46.081],[7.609,46.078],[7.613,46.074],[7.609,46.067],[7.61,46.059],[7.613,46.064],[7.617,46.065],[7.619,46.063],[7.619,46.06],[7.623,46.06],[7.625,46.058],[7.623,46.054],[7.626,46.054],[7.629,46.058],[7.632,46.055],[7.633,46.056],[7.631,46.058],[7.656,46.058],[7.658,46.06],[7.652,46.063],[7.656,46.067],[7.655,46.068],[7.649,46.065],[7.645,46.067],[7.645,46.07],[7.649,46.075],[7.654,46.076],[7.652,46.078],[7.655,46.082],[7.659,46.083],[7.656,46.085],[7.659,46.087],[7.66,46.092],[7.662,46.093],[7.671,46.091],[7.682,46.094],[7.68,46.096],[7.681,46.099],[7.684,46.101],[7.679,46.103],[7.677,46.108],[7.671,46.111],[7.672,46.114],[7.668,46.116],[7.667,46.119],[7.675,46.119],[7.678,46.121],[7.68,46.123],[7.678,46.127],[7.668,46.129],[7.667,46.13],[7.67,46.132],[7.67,46.135],[7.668,46.136],[7.665,46.131],[7.662,46.13],[7.661,46.132],[7.66,46.137],[7.664,46.141],[7.664,46.144],[7.661,46.146],[7.664,46.148],[7.661,46.153],[7.657,46.155],[7.659,46.157],[7.655,46.157],[7.655,46.159],[7.665,46.163],[7.666,46.164],[7.664,46.166],[7.667,46.168],[7.66,46.173],[7.662,46.175],[7.672,46.177],[7.672,46.169],[7.67,46.166],[7.671,46.164],[7.669,46.161],[7.67,46.159],[7.669,46.157],[7.672,46.154],[7.681,46.152],[7.683,46.15],[7.678,46.148],[7.685,46.145],[7.686,46.148],[7.688,46.149],[7.694,46.147],[7.701,46.15],[7.714,46.151],[7.719,46.155],[7.709,46.159],[7.714,46.161],[7.721,46.159],[7.723,46.161],[7.717,46.164],[7.723,46.166],[7.721,46.168],[7.723,46.169],[7.727,46.168],[7.733,46.17],[7.735,46.168],[7.734,46.164],[7.736,46.156],[7.743,46.165],[7.749,46.166],[7.751,46.161],[7.749,46.159],[7.753,46.16],[7.753,46.156],[7.74,46.15],[7.745,46.146],[7.739,46.141],[7.743,46.141],[7.748,46.146],[7.743,46.148],[7.749,46.15],[7.753,46.148],[7.75,46.146],[7.75,46.143],[7.756,46.136],[7.752,46.136],[7.75,46.134],[7.752,46.132],[7.751,46.13],[7.747,46.128],[7.739,46.119],[7.738,46.116],[7.741,46.112],[7.739,46.111],[7.735,46.103],[7.743,46.104],[7.742,46.101],[7.746,46.101],[7.748,46.098],[7.741,46.094],[7.741,46.092],[7.739,46.091],[7.726,46.088],[7.723,46.099],[7.719,46.085],[7.717,46.083],[7.713,46.083],[7.71,46.086],[7.708,46.08],[7.718,46.071],[7.729,46.071],[7.736,46.068],[7.741,46.062],[7.74,46.058],[7.733,46.053],[7.729,46.052],[7.726,46.055],[7.722,46.056],[7.714,46.051],[7.703,46.048],[7.699,46.044],[7.701,46.04],[7.696,46.035],[7.698,46.031],[7.694,46.028],[7.69,46.028],[7.687,46.031],[7.684,46.029],[7.671,46.032],[7.668,46.029],[7.661,46.029],[7.655,46.022],[7.636,46.016],[7.632,46.019],[7.631,46.015],[7.628,46.013],[7.616,46.009],[7.618,46.004],[7.616,46.002],[7.615,45.997],[7.607,45.993],[7.613,45.991],[7.623,45.995],[7.629,45.991],[7.639,45.993],[7.648,45.99],[7.657,45.993],[7.665,45.993],[7.666,45.991],[7.671,45.988],[7.674,45.988],[7.678,45.984],[7.676,45.979],[7.677,45.978],[7.687,45.984],[7.691,45.984],[7.697,45.981],[7.71,45.983],[7.716,45.979],[7.719,45.979],[7.722,45.974],[7.726,45.974],[7.729,45.972],[7.726,45.967],[7.721,45.963],[7.722,45.959],[7.729,45.964],[7.732,45.964],[7.739,45.958],[7.742,45.961],[7.751,45.96],[7.755,45.957],[7.758,45.958],[7.761,45.956],[7.764,45.958],[7.768,45.955],[7.771,45.958],[7.78,45.955],[7.787,45.956],[7.789,45.954],[7.793,45.954],[7.796,45.947],[7.8,45.955],[7.806,45.957],[7.813,45.954],[7.815,45.956],[7.815,45.959],[7.819,45.959],[7.828,45.963],[7.825,45.968],[7.821,45.97],[7.824,45.972],[7.82,45.977],[7.821,45.979],[7.835,45.98],[7.836,45.981],[7.835,45.982],[7.83,45.983],[7.836,45.986],[7.829,45.985],[7.809,45.99],[7.808,45.992],[7.809,45.995],[7.813,46.0],[7.826,45.998],[7.828,45.999],[7.827,46.001],[7.829,46.004],[7.827,46.006],[7.829,46.008],[7.839,46.007],[7.842,46.011],[7.852,46.013],[7.85,46.017],[7.842,46.017],[7.836,46.019],[7.834,46.022],[7.834,46.026],[7.836,46.029],[7.84,46.026],[7.841,46.031],[7.849,46.035],[7.85,46.042],[7.855,46.046],[7.854,46.049],[7.845,46.053],[7.853,46.058],[7.862,46.059],[7.864,46.06],[7.864,46.062],[7.862,46.064],[7.862,46.069],[7.859,46.071],[7.852,46.069],[7.86,46.064],[7.859,46.061],[7.842,46.063],[7.839,46.067],[7.843,46.075],[7.843,46.073],[7.846,46.072],[7.847,46.076],[7.849,46.077],[7.862,46.079],[7.864,46.082],[7.864,46.089],[7.869,46.092],[7.87,46.096],[7.875,46.1],[7.881,46.1],[7.877,46.096],[7.878,46.092],[7.881,46.093],[7.885,46.091],[7.885,46.088],[7.898,46.087],[7.907,46.078],[7.911,46.08],[7.914,46.076],[7.917,46.078],[7.918,46.073],[7.923,46.07],[7.93,46.069],[7.936,46.071],[7.939,46.064],[7.936,46.062],[7.933,46.062],[7.93,46.065],[7.924,46.064],[7.93,46.063],[7.932,46.055],[7.94,46.053],[7.94,46.05],[7.943,46.048],[7.943,46.046],[7.938,46.044],[7.932,46.037],[7.93,46.032],[7.933,46.029],[7.939,46.035],[7.942,46.028],[7.945,46.032],[7.945,46.035],[7.949,46.033],[7.956,46.023],[7.953,46.019],[7.955,46.017],[7.954,46.012],[7.955,46.01],[7.958,46.016],[7.961,46.012],[7.965,46.014],[7.968,46.011],[7.975,46.012],[7.973,46.014],[7.972,46.019],[7.974,46.023],[7.973,46.026],[7.975,46.029],[7.982,46.025],[7.986,46.025],[7.987,46.028],[7.997,46.027],[8.001,46.037],[7.991,46.036],[7.976,46.039],[7.975,46.044],[7.977,46.046],[7.978,46.051],[7.982,46.052],[7.983,46.055],[7.988,46.06],[7.99,46.059],[7.989,46.055],[7.99,46.05],[7.994,46.055],[8.007,46.049],[8.01,46.051],[8.014,46.051],[8.012,46.057],[8.009,46.059],[8.007,46.068],[8.003,46.07],[8.005,46.075],[8.01,46.077],[8.004,46.079],[8.005,46.082],[8.001,46.081],[7.996,46.084],[8.0,46.088],[8.0,46.093],[8.006,46.095],[8.008,46.098],[8.008,46.104],[8.004,46.106],[8.003,46.109],[8.007,46.113],[8.001,46.111],[7.997,46.113],[7.995,46.115],[7.995,46.118],[7.992,46.12],[7.988,46.118],[7.978,46.12],[7.987,46.122],[7.984,46.124],[7.983,46.127],[7.979,46.128],[7.977,46.131],[7.981,46.133],[7.981,46.136],[7.987,46.138],[7.987,46.14],[7.983,46.142],[7.981,46.147],[7.981,46.149],[7.986,46.152],[7.982,46.152],[7.979,46.154],[7.979,46.156],[7.985,46.16],[7.986,46.163],[7.966,46.16],[7.969,46.164],[7.973,46.163],[7.976,46.165],[7.967,46.167],[7.969,46.169],[7.972,46.169],[7.97,46.17],[7.966,46.168],[7.965,46.172],[7.963,46.172],[7.962,46.174],[7.969,46.178],[7.969,46.181],[7.975,46.183],[7.961,46.183],[7.963,46.185],[7.962,46.188],[7.967,46.194],[7.971,46.196],[7.976,46.203],[7.98,46.2],[7.986,46.199],[7.988,46.201],[7.985,46.203],[7.987,46.205],[7.985,46.208],[7.989,46.21],[7.993,46.209],[7.995,46.212],[7.99,46.214],[7.991,46.217],[7.993,46.218],[7.996,46.215],[8.012,46.216],[8.019,46.214],[8.008,46.212],[8.011,46.21],[8.009,46.208],[8.006,46.208],[8.009,46.205],[8.006,46.203],[8.002,46.204],[7.996,46.2],[7.99,46.199],[7.992,46.194],[7.998,46.192],[7.999,46.189],[7.999,46.192],[7.997,46.194],[7.998,46.196],[8.005,46.197],[8.006,46.194],[8.004,46.187],[8.009,46.188],[8.018,46.186],[8.021,46.183],[8.023,46.183],[8.022,46.18],[8.018,46.179],[8.016,46.174],[8.018,46.173],[8.022,46.178],[8.034,46.186],[8.037,46.185],[8.036,46.183],[8.037,46.18],[8.042,46.178],[8.023,46.169],[8.03,46.167],[8.031,46.164],[8.029,46.162],[8.021,46.163],[8.018,46.169],[8.015,46.169],[8.008,46.165],[8.006,46.163],[8.006,46.158],[8.009,46.156],[8.003,46.151],[8.005,46.151],[8.008,46.147],[8.008,46.144],[8.009,46.147],[8.015,46.152],[8.021,46.153],[8.023,46.151],[8.02,46.147],[8.021,46.141],[8.024,46.142],[8.026,46.147],[8.031,46.149],[8.037,46.147],[8.04,46.148],[8.045,46.147],[8.045,46.14],[8.047,46.137],[8.049,46.14],[8.05,46.147],[8.055,46.144],[8.053,46.142],[8.056,46.135],[8.058,46.135],[8.06,46.138],[8.063,46.137],[8.066,46.141],[8.076,46.14],[8.08,46.142],[8.08,46.137],[8.076,46.137],[8.063,46.129],[8.06,46.122],[8.056,46.123],[8.049,46.12],[8.048,46.113],[8.064,46.111],[8.067,46.108],[8.063,46.108],[8.056,46.103],[8.053,46.11],[8.05,46.104],[8.046,46.102],[8.037,46.102],[8.03,46.093],[8.028,46.084],[8.021,46.077],[8.024,46.07],[8.024,46.061],[8.028,46.059],[8.028,46.054],[8.031,46.052],[8.031,46.045],[8.02,46.039],[8.014,46.032],[8.015,46.03],[8.014,46.025],[8.011,46.021],[8.01,46.014],[8.003,46.013],[7.998,46.01],[7.997,46.007],[7.991,46.003],[7.991,46.001],[7.988,45.998],[7.968,46.0],[7.958,45.998],[7.942,45.999],[7.936,45.997],[7.926,45.997],[7.923,45.995],[7.907,45.996],[7.905,45.992],[7.897,45.984],[7.879,45.974],[7.878,45.961],[7.875,45.952],[7.872,45.95],[7.872,45.945],[7.869,45.943],[7.868,45.938],[7.876,45.929],[7.874,45.926],[7.864,45.919],[7.858,45.921],[7.848,45.921],[7.841,45.924],[7.832,45.924],[7.829,45.926],[7.825,45.926],[7.822,45.929],[7.819,45.929],[7.817,45.925],[7.812,45.921],[7.809,45.922],[7.803,45.919],[7.796,45.919],[7.792,45.921],[7.792,45.923],[7.783,45.929],[7.78,45.929],[7.775,45.932],[7.771,45.936],[7.767,45.935],[7.766,45.939],[7.761,45.941],[7.748,45.94],[7.74,45.934],[7.74,45.932],[7.734,45.93],[7.734,45.925],[7.732,45.924],[7.719,45.924],[7.714,45.928],[7.713,45.931],[7.708,45.934],[7.709,45.95],[7.702,45.952],[7.697,45.956],[7.687,45.956],[7.68,45.958],[7.676,45.961],[7.677,45.966],[7.67,45.97],[7.666,45.975],[7.668,45.975],[7.671,45.983],[7.668307692307693,45.983384615384615],[7.669,45.982],[7.664,45.979],[7.649,45.977],[7.651,45.979],[7.649,45.982],[7.645,45.984],[7.644,45.982],[7.647,45.979],[7.645,45.975],[7.641,45.975],[7.643,45.973],[7.642,45.972],[7.622,45.972],[7.616,45.975],[7.61,45.969],[7.606,45.969],[7.599,45.97],[7.597,45.972],[7.587,45.972],[7.583,45.975],[7.584,45.978],[7.581,45.976],[7.579,45.977],[7.579,45.982],[7.572,45.986],[7.571,45.988],[7.568,45.988],[7.564,45.985],[7.548,45.986],[7.545,45.983],[7.542,45.984],[7.538,45.977],[7.542,45.973],[7.543,45.966],[7.546,45.964],[7.543,45.962],[7.543,45.959],[7.539,45.959],[7.535,45.956],[7.532,45.958],[7.522,45.958],[7.516,45.963],[7.506,45.963],[7.503,45.96],[7.497,45.958],[7.477,45.954],[7.468,45.948],[7.471,45.944],[7.472,45.939],[7.468,45.936],[7.458,45.937],[7.455,45.934],[7.445,45.933],[7.435,45.926],[7.432,45.921],[7.421,45.914],[7.416,45.914],[7.41,45.909],[7.398,45.912],[7.4,45.914]],[[7.413,45.957],[7.419,45.961],[7.423,45.961],[7.43,45.966],[7.429,45.968],[7.426,45.967],[7.424,45.964],[7.416,45.962],[7.413,45.957]],[[7.995,46.118],[8.003,46.122],[8.007,46.127],[8.003,46.127],[7.995,46.122],[7.997,46.12],[7.995,46.118]],[[7.61,46.002],[7.611,46.006],[7.609,46.011],[7.614,46.018],[7.613,46.022],[7.606,46.018],[7.603,46.011],[7.605,46.006],[7.604,46.004],[7.606,46.002],[7.61,46.002]]],[[[7.316,45.991],[7.319,45.989],[7.325,45.991],[7.323,45.993],[7.326,45.996],[7.331,45.995],[7.333,45.993],[7.327,45.986],[7.319,45.984],[7.316,45.988],[7.316,45.991]]],[[[7.319,45.984],[7.323,45.984],[7.328,45.98],[7.329,45.975],[7.327,45.973],[7.328,45.968],[7.33,45.966],[7.329,45.964],[7.326,45.966],[7.322,45.966],[7.319,45.964],[7.312,45.953],[7.313,45.947],[7.316,45.944],[7.322,45.946],[7.319,45.95],[7.326,45.958],[7.329,45.956],[7.332,45.957],[7.336,45.955],[7.34,45.95],[7.349,45.944],[7.343,45.941],[7.34,45.937],[7.342,45.935],[7.342,45.932],[7.336,45.931],[7.332,45.928],[7.345,45.93],[7.361,45.928],[7.365,45.929],[7.377,45.923],[7.374,45.922],[7.373,45.919],[7.37,45.917],[7.370750000000001,45.91475],[7.377,45.921],[7.384,45.922],[7.385,45.919],[7.387,45.918],[7.39,45.921],[7.393,45.919],[7.392,45.917],[7.394,45.915],[7.4,45.914],[7.394,45.913],[7.391,45.91],[7.394,45.91],[7.394,45.905],[7.388,45.901],[7.377,45.9],[7.374,45.903],[7.371,45.902],[7.368,45.905],[7.364,45.905],[7.365,45.907],[7.368,45.907],[7.368,45.909],[7.366,45.91],[7.369200000000005,45.9132],[7.362,45.91],[7.354,45.91],[7.352,45.914],[7.345,45.916],[7.339,45.916],[7.336,45.914],[7.322,45.912],[7.313,45.918],[7.303,45.918],[7.3,45.921],[7.297,45.92],[7.294,45.923],[7.29,45.923],[7.287,45.918],[7.284,45.92],[7.274,45.919],[7.271,45.92],[7.278,45.924],[7.283,45.925],[7.288,45.93],[7.281,45.935],[7.281,45.932],[7.278,45.931],[7.271,45.934],[7.277,45.939],[7.268,45.951],[7.265,45.952],[7.265,45.955],[7.261,45.961],[7.25,45.97],[7.25,45.977],[7.252,45.978],[7.261,45.976],[7.264,45.977],[7.263,45.982],[7.258,45.987],[7.247,45.991],[7.246,45.995],[7.249,46.0],[7.264,46.005],[7.268,46.004],[7.269,46.002],[7.268,45.997],[7.27,45.995],[7.274,45.997],[7.274,45.999],[7.277,45.993],[7.281,45.996],[7.284,45.992],[7.288,45.991],[7.285,45.986],[7.287,45.982],[7.285,45.979],[7.287,45.979],[7.29,45.982],[7.294,45.979],[7.291,45.982],[7.293,45.987],[7.295,45.988],[7.29,45.998],[7.297,45.996],[7.31,45.985],[7.315,45.975],[7.315,45.971],[7.313,45.968],[7.316,45.968],[7.32,45.973],[7.317,45.982],[7.319,45.984]]],[[[7.749,46.166],[7.743,46.167],[7.74,46.172],[7.736,46.169],[7.73,46.172],[7.72,46.172],[7.719,46.173],[7.725,46.175],[7.724,46.178],[7.72,46.18],[7.723,46.182],[7.725,46.188],[7.73,46.189],[7.733,46.192],[7.74,46.195],[7.737,46.197],[7.733,46.193],[7.732,46.195],[7.726,46.197],[7.731,46.2],[7.729,46.202],[7.733,46.205],[7.74,46.205],[7.746,46.208],[7.752,46.204],[7.751,46.202],[7.754,46.197],[7.752,46.191],[7.753,46.19],[7.756,46.188],[7.759,46.19],[7.769,46.186],[7.766,46.182],[7.759,46.184],[7.762,46.182],[7.762,46.179],[7.757,46.177],[7.756,46.174],[7.753,46.178],[7.751,46.177],[7.751,46.175],[7.744,46.173],[7.749,46.172],[7.754,46.173],[7.756,46.17],[7.753,46.167],[7.749,46.166]],[[7.737,46.181],[7.738,46.184],[7.747,46.188],[7.747,46.191],[7.744,46.191],[7.743,46.187],[7.731,46.184],[7.737,46.181]]],[[[7.997,46.674],[7.984,46.668],[7.978,46.671],[7.988,46.674],[7.991,46.677],[8.007,46.677],[8.009,46.675],[8.009,46.673],[8.001,46.67],[7.996,46.671],[7.998,46.673],[7.997,46.674]]],[[[7.877,46.12],[7.882,46.118],[7.885,46.115],[7.888,46.118],[7.889,46.114],[7.888,46.112],[7.882,46.108],[7.875,46.109],[7.872,46.108],[7.869,46.111],[7.87,46.114],[7.867,46.114],[7.862,46.111],[7.859,46.113],[7.856,46.112],[7.853,46.114],[7.849,46.114],[7.844,46.118],[7.846,46.12],[7.849,46.12],[7.853,46.117],[7.853,46.119],[7.851,46.12],[7.851,46.125],[7.841,46.134],[7.854,46.138],[7.849,46.141],[7.859,46.146],[7.862,46.144],[7.869,46.145],[7.871,46.143],[7.87,46.141],[7.874,46.141],[7.869,46.148],[7.878,46.152],[7.876,46.154],[7.872,46.154],[7.876,46.158],[7.877,46.156],[7.889,46.152],[7.887,46.147],[7.888,46.145],[7.886,46.141],[7.88,46.136],[7.88,46.132],[7.882,46.13],[7.892,46.138],[7.896,46.132],[7.891,46.126],[7.88,46.123],[7.877,46.12]]],[[[7.882,46.118],[7.888,46.121],[7.889,46.12],[7.888,46.118],[7.882,46.118]]],[[[7.841,46.082],[7.836,46.081],[7.83,46.085],[7.836,46.089],[7.835,46.094],[7.842,46.096],[7.832,46.098],[7.829,46.1],[7.836,46.105],[7.829,46.107],[7.837,46.112],[7.834,46.114],[7.84,46.117],[7.846,46.111],[7.859,46.111],[7.869,46.107],[7.867,46.102],[7.859,46.096],[7.846,46.097],[7.843,46.096],[7.849,46.096],[7.855,46.091],[7.854,46.089],[7.858,46.087],[7.856,46.085],[7.852,46.085],[7.846,46.088],[7.841,46.082]]],[[[7.854,46.514],[7.836,46.512],[7.83,46.514],[7.826,46.513],[7.82,46.519],[7.815,46.521],[7.813,46.528],[7.81,46.527],[7.809,46.53],[7.806,46.532],[7.815,46.534],[7.813,46.537],[7.82,46.538],[7.822,46.537],[7.822,46.534],[7.824,46.532],[7.82,46.53],[7.82,46.523],[7.826,46.518],[7.83,46.518],[7.833,46.516],[7.841,46.516],[7.85,46.519],[7.86,46.519],[7.854,46.514]]],[[[7.814,46.546],[7.81,46.541],[7.806,46.543],[7.805,46.546],[7.8,46.547],[7.799,46.55],[7.797,46.551],[7.794,46.55],[7.791,46.553],[7.801,46.561],[7.81,46.559],[7.813,46.564],[7.82,46.566],[7.818,46.568],[7.827,46.571],[7.833,46.577],[7.834,46.573],[7.836,46.572],[7.846,46.578],[7.853,46.577],[7.846,46.568],[7.84,46.566],[7.846,46.564],[7.842,46.561],[7.842,46.559],[7.836,46.558],[7.83,46.561],[7.83,46.559],[7.823,46.556],[7.818,46.55],[7.818,46.548],[7.814,46.546]],[[7.82,46.566],[7.823,46.564],[7.823,46.567],[7.82,46.566]]],[[[7.83,46.582],[7.827,46.584],[7.828,46.586],[7.827,46.588],[7.82,46.582],[7.818,46.584],[7.819,46.588],[7.816,46.593],[7.817,46.597],[7.815,46.6],[7.835,46.6],[7.835,46.597],[7.84,46.594],[7.837,46.591],[7.837,46.586],[7.83,46.582]]],[[[7.802,46.235],[7.795,46.235],[7.792,46.237],[7.79,46.235],[7.785,46.234],[7.782,46.238],[7.797,46.24],[7.802,46.237],[7.802,46.235]]],[[[7.761,46.206],[7.756,46.204],[7.75,46.206],[7.747,46.209],[7.748,46.211],[7.746,46.213],[7.752,46.218],[7.75,46.219],[7.746,46.217],[7.745,46.22],[7.75,46.224],[7.75,46.227],[7.752,46.229],[7.763,46.233],[7.768,46.231],[7.769,46.226],[7.772,46.232],[7.779,46.228],[7.785,46.23],[7.786,46.229],[7.787,46.226],[7.785,46.226],[7.779,46.22],[7.776,46.221],[7.766,46.218],[7.756,46.222],[7.758,46.22],[7.754,46.218],[7.757,46.215],[7.756,46.213],[7.761,46.211],[7.76,46.209],[7.761,46.206]]],[[[7.747,46.233],[7.739,46.233],[7.74,46.236],[7.736,46.24],[7.736,46.242],[7.743,46.243],[7.745,46.24],[7.752,46.236],[7.747,46.233]]],[[[7.715,46.365],[7.708,46.36],[7.705,46.362],[7.715,46.369],[7.726,46.368],[7.718,46.363],[7.715,46.365]]],[[[7.652,46.209],[7.656,46.213],[7.663,46.213],[7.664,46.22],[7.662,46.224],[7.659,46.221],[7.654,46.222],[7.652,46.225],[7.645,46.229],[7.642,46.234],[7.638,46.236],[7.645,46.238],[7.645,46.24],[7.644,46.243],[7.637,46.249],[7.638,46.252],[7.636,46.254],[7.64,46.254],[7.644,46.251],[7.647,46.251],[7.645,46.254],[7.646,46.256],[7.653,46.255],[7.656,46.253],[7.665,46.254],[7.664,46.251],[7.661,46.249],[7.662,46.244],[7.672,46.251],[7.674,46.247],[7.671,46.245],[7.672,46.243],[7.676,46.242],[7.683,46.245],[7.687,46.24],[7.682,46.238],[7.686,46.233],[7.682,46.231],[7.682,46.229],[7.68,46.231],[7.681,46.233],[7.679,46.238],[7.672,46.233],[7.677,46.231],[7.674,46.229],[7.68,46.224],[7.675,46.224],[7.671,46.22],[7.669,46.215],[7.673,46.211],[7.669,46.208],[7.662,46.206],[7.659,46.202],[7.662,46.199],[7.669,46.203],[7.672,46.202],[7.67,46.2],[7.671,46.197],[7.659,46.196],[7.657,46.197],[7.658,46.202],[7.657,46.204],[7.652,46.209]]],[[[7.652,46.209],[7.649,46.207],[7.646,46.209],[7.652,46.209]]],[[[7.674,46.179],[7.659,46.174],[7.656,46.176],[7.647,46.177],[7.652,46.178],[7.656,46.183],[7.659,46.184],[7.669,46.184],[7.674,46.179]]],[[[7.495,46.175],[7.497,46.177],[7.497,46.181],[7.516,46.182],[7.52,46.18],[7.52,46.176],[7.526,46.181],[7.534,46.18],[7.532,46.177],[7.525,46.173],[7.525,46.171],[7.528,46.168],[7.538,46.166],[7.531,46.164],[7.528,46.159],[7.529,46.157],[7.532,46.158],[7.542,46.154],[7.545,46.155],[7.552,46.15],[7.548,46.148],[7.546,46.141],[7.537,46.139],[7.532,46.14],[7.526,46.138],[7.526,46.144],[7.52,46.146],[7.516,46.15],[7.518,46.157],[7.517,46.164],[7.513,46.165],[7.507,46.162],[7.503,46.163],[7.495,46.171],[7.495,46.175]],[[7.497,46.177],[7.505,46.175],[7.5,46.178],[7.497,46.177]],[[7.52,46.146],[7.524,46.15],[7.523,46.153],[7.521,46.15],[7.522,46.148],[7.52,46.146]]],[[[7.45,46.054],[7.445,46.053],[7.432,46.061],[7.429,46.059],[7.422,46.06],[7.422,46.066],[7.426,46.067],[7.426,46.069],[7.422,46.068],[7.421,46.07],[7.424,46.072],[7.418,46.076],[7.419,46.078],[7.427,46.076],[7.432,46.081],[7.435,46.082],[7.448,46.082],[7.453,46.076],[7.466,46.07],[7.455,46.063],[7.455,46.058],[7.45,46.054]]],[[[7.359,46.101],[7.358,46.1],[7.348,46.105],[7.351,46.107],[7.355,46.107],[7.347,46.114],[7.351,46.118],[7.355,46.116],[7.356,46.112],[7.36,46.108],[7.36,46.105],[7.358,46.103],[7.359,46.101]]],[[[7.22,45.889],[7.214,45.889],[7.214,45.894],[7.223,45.895],[7.225,45.898],[7.225,45.903],[7.222,45.91],[7.226,45.912],[7.226,45.914],[7.223,45.919],[7.243,45.916],[7.245,45.919],[7.252,45.919],[7.254,45.916],[7.263,45.914],[7.265,45.912],[7.263,45.91],[7.265,45.909],[7.266,45.914],[7.271,45.918],[7.283,45.916],[7.279,45.914],[7.281,45.912],[7.278,45.91],[7.278,45.907],[7.269,45.901],[7.267,45.898],[7.255,45.891],[7.252,45.891],[7.242,45.896],[7.239,45.901],[7.238,45.898],[7.242,45.894],[7.239,45.892],[7.236,45.891],[7.223,45.893],[7.22,45.892],[7.22,45.889]]],[[[7.245,46.011],[7.239,46.007],[7.236,46.009],[7.234,46.011],[7.238,46.013],[7.235,46.015],[7.232,46.014],[7.232,46.016],[7.239,46.016],[7.242,46.019],[7.248,46.015],[7.245,46.011]]],[[[7.126,46.22],[7.115,46.216],[7.11,46.217],[7.115,46.221],[7.119,46.229],[7.118,46.233],[7.131,46.234],[7.132,46.236],[7.124,46.238],[7.121,46.242],[7.121,46.245],[7.125,46.242],[7.128,46.242],[7.131,46.245],[7.127,46.244],[7.127,46.247],[7.13,46.249],[7.137,46.248],[7.138,46.249],[7.137,46.251],[7.14,46.255],[7.143,46.256],[7.144,46.26],[7.15,46.262],[7.153,46.261],[7.155,46.263],[7.151,46.267],[7.157,46.269],[7.155,46.272],[7.16,46.273],[7.164,46.276],[7.16,46.28],[7.147,46.281],[7.156,46.284],[7.169,46.28],[7.17,46.281],[7.166,46.285],[7.184,46.292],[7.179,46.294],[7.179,46.296],[7.182,46.298],[7.196,46.292],[7.183,46.285],[7.185,46.278],[7.195,46.282],[7.199,46.281],[7.198,46.272],[7.196,46.269],[7.192,46.266],[7.189,46.266],[7.186,46.263],[7.189,46.258],[7.199,46.259],[7.202,46.256],[7.213,46.256],[7.212,46.253],[7.208,46.253],[7.205,46.255],[7.2,46.249],[7.219,46.245],[7.205,46.243],[7.202,46.241],[7.186,46.241],[7.179,46.237],[7.173,46.237],[7.17,46.239],[7.153,46.237],[7.15,46.236],[7.15,46.232],[7.146,46.231],[7.153,46.227],[7.153,46.224],[7.15,46.223],[7.134,46.23],[7.131,46.227],[7.124,46.226],[7.12,46.222],[7.126,46.22]]],[[[7.197,45.867],[7.195,45.867],[7.196,45.869],[7.194,45.875],[7.191,45.872],[7.189,45.874],[7.191,45.882],[7.2,45.879],[7.197,45.876],[7.198,45.869],[7.197,45.867]]],[[[7.149,45.878],[7.137,45.878],[7.142,45.885],[7.142,45.888],[7.148,45.885],[7.149,45.883],[7.158,45.886],[7.166,45.883],[7.167,45.88],[7.165,45.878],[7.152,45.881],[7.149,45.878]]],[[[7.102,46.213],[7.108,46.215],[7.116,46.208],[7.121,46.206],[7.108,46.205],[7.102,46.202],[7.106,46.199],[7.112,46.199],[7.114,46.197],[7.126,46.197],[7.124,46.193],[7.114,46.186],[7.112,46.181],[7.106,46.186],[7.105,46.189],[7.102,46.187],[7.1,46.188],[7.099,46.194],[7.092,46.194],[7.089,46.192],[7.082,46.193],[7.075,46.199],[7.076,46.202],[7.073,46.203],[7.071,46.206],[7.082,46.216],[7.086,46.213],[7.095,46.215],[7.098,46.213],[7.095,46.21],[7.102,46.213]],[[7.102,46.213],[7.105,46.21],[7.106,46.211],[7.102,46.213]]],[[[7.114,45.86],[7.107,45.859],[7.097,45.864],[7.097,45.866],[7.104,45.863],[7.105,45.864],[7.094,45.871],[7.095,45.873],[7.092,45.878],[7.093,45.882],[7.084,45.884],[7.081,45.888],[7.089,45.887],[7.091,45.885],[7.094,45.886],[7.1,45.885],[7.099,45.882],[7.101,45.88],[7.106,45.88],[7.101,45.879],[7.1,45.878],[7.101,45.877],[7.104,45.876],[7.107,45.877],[7.11,45.874],[7.114,45.873],[7.11,45.873],[7.108,45.871],[7.11,45.87],[7.118,45.871],[7.12,45.873],[7.122,45.869],[7.113,45.862],[7.114,45.86]]],[[[7.081,45.889],[7.077,45.889],[7.077,45.894],[7.068,45.897],[7.066,45.9],[7.078,45.912],[7.081,45.912],[7.08,45.905],[7.084,45.903],[7.083,45.9],[7.092,45.896],[7.088,45.893],[7.084,45.893],[7.081,45.891],[7.081,45.889]]],[[[7.064,45.914],[7.058,45.912],[7.057,45.914],[7.047,45.92],[7.048,45.923],[7.044,45.925],[7.044,45.927],[7.041,45.929],[7.042,45.932],[7.039,45.933],[7.038,45.936],[7.035,45.938],[7.034,45.95],[7.038,45.952],[7.038,45.954],[7.016,45.96],[7.013,45.964],[7.008,45.967],[7.008,45.972],[7.017,45.981],[7.017,45.983],[7.011,45.988],[7.01,45.999],[6.993,46.0],[6.987,46.005],[6.984,46.005],[6.982,46.008],[6.982,46.017],[6.973,46.024],[6.97,46.03],[6.974,46.029],[6.977,46.031],[6.982,46.03],[6.987,46.032],[6.993,46.032],[6.995,46.03],[6.99,46.028],[6.993,46.027],[6.996,46.029],[7.0,46.028],[6.999,46.021],[7.006,46.02],[7.009,46.022],[7.019,46.018],[7.022,46.02],[7.025,46.018],[7.032,46.018],[7.034,46.017],[7.035,46.012],[7.058,46.017],[7.06,46.015],[7.058,46.013],[7.064,46.006],[7.075,46.004],[7.071,46.003],[7.068,45.999],[7.064,45.999],[7.061,45.997],[7.06,45.995],[7.062,45.992],[7.058,45.992],[7.055,45.99],[7.054,45.986],[7.058,45.984],[7.055,45.981],[7.055,45.978],[7.068,45.982],[7.071,45.979],[7.075,45.981],[7.077,45.974],[7.074,45.973],[7.072,45.97],[7.074,45.965],[7.077,45.963],[7.073,45.959],[7.075,45.954],[7.071,45.953],[7.069,45.954],[7.068,45.957],[7.065,45.956],[7.065,45.951],[7.058,45.947],[7.055,45.942],[7.055,45.936],[7.065,45.936],[7.069,45.934],[7.073,45.929],[7.071,45.927],[7.073,45.923],[7.072,45.918],[7.068,45.915],[7.064,45.916],[7.064,45.914]]],[[[6.886,46.068],[6.889,46.073],[6.887,46.077],[6.888,46.082],[6.884,46.086],[6.884,46.097],[6.894,46.109],[6.893,46.12],[6.894,46.122],[6.892,46.125],[6.855,46.126],[6.853,46.128],[6.843,46.13],[6.84,46.132],[6.814,46.132],[6.808,46.137],[6.797,46.137],[6.798,46.139],[6.821,46.139],[6.824,46.141],[6.85,46.142],[6.856,46.146],[6.86,46.143],[6.876,46.141],[6.876,46.136],[6.871,46.136],[6.873,46.135],[6.879,46.137],[6.886,46.136],[6.889,46.138],[6.888,46.142],[6.899,46.151],[6.897,46.156],[6.898,46.159],[6.908,46.159],[6.913,46.163],[6.912,46.165],[6.914,46.167],[6.922,46.167],[6.933,46.174],[6.921,46.171],[6.918,46.168],[6.915,46.17],[6.917,46.174],[6.924,46.175],[6.924,46.179],[6.928,46.179],[6.935,46.176],[6.944,46.176],[6.947,46.178],[6.951,46.167],[6.961,46.165],[6.956,46.164],[6.947,46.159],[6.943,46.161],[6.936,46.161],[6.936,46.158],[6.928,46.154],[6.93,46.152],[6.928,46.149],[6.926,46.152],[6.923,46.152],[6.919,46.145],[6.926,46.14],[6.924,46.138],[6.928,46.138],[6.931,46.136],[6.933,46.134],[6.932,46.131],[6.934,46.129],[6.941,46.128],[6.941,46.13],[6.939,46.131],[6.94,46.136],[6.947,46.133],[6.957,46.134],[6.955,46.131],[6.959,46.131],[6.97,46.135],[6.973,46.139],[6.976,46.139],[6.977,46.136],[6.982,46.134],[6.967,46.125],[6.966,46.122],[6.934,46.122],[6.931,46.116],[6.931,46.113],[6.933,46.111],[6.931,46.106],[6.937,46.112],[6.956,46.109],[6.956,46.102],[6.951,46.098],[6.943,46.098],[6.941,46.096],[6.944,46.093],[6.941,46.09],[6.937,46.089],[6.94,46.082],[6.938,46.08],[6.928,46.08],[6.922,46.085],[6.918,46.086],[6.916,46.093],[6.926,46.102],[6.925,46.103],[6.912,46.098],[6.906,46.104],[6.905,46.109],[6.904,46.102],[6.898,46.091],[6.905,46.084],[6.912,46.082],[6.913,46.08],[6.91,46.073],[6.913,46.071],[6.912,46.068],[6.92,46.066],[6.914,46.062],[6.909,46.054],[6.893,46.048],[6.89,46.044],[6.883,46.044],[6.877,46.047],[6.873,46.047],[6.869,46.05],[6.869,46.052],[6.872,46.055],[6.872,46.059],[6.876,46.061],[6.875,46.066],[6.883,46.071],[6.886,46.07],[6.886,46.068]],[[6.886,46.068],[6.882,46.066],[6.883,46.064],[6.886,46.068]],[[6.886,46.068],[6.889,46.066],[6.884,46.061],[6.886,46.059],[6.897,46.064],[6.886,46.068]]]]},"properties":{"value":120,"fill":"#0670B0","zIndex":5},"id":"4"},{"type":"Feature","geometry":{"type":"MultiPolygon","coordinates":[[[[10.194,46.859],[10.185,46.86],[10.187,46.862],[10.19,46.861],[10.192,46.864],[10.196,46.866],[10.202,46.866],[10.197,46.864],[10.197,46.862],[10.194,46.859]]],[[[10.101,46.844],[10.1,46.836],[10.086,46.839],[10.088,46.842],[10.087,46.845],[10.065,46.852],[10.071,46.856],[10.088,46.856],[10.089,46.853],[10.095,46.851],[10.095,46.848],[10.101,46.844]]],[[[9.928,46.371],[9.924,46.37],[9.921,46.374],[9.915,46.374],[9.911,46.378],[9.91,46.382],[9.912,46.384],[9.915,46.384],[9.919,46.38],[9.922,46.389],[9.927,46.389],[9.932,46.387],[9.935,46.382],[9.942,46.384],[9.946,46.381],[9.944,46.379],[9.938,46.378],[9.931,46.38],[9.933,46.377],[9.931,46.377],[9.928,46.371]]],[[[9.89,46.378],[9.883,46.382],[9.876,46.383],[9.876,46.388],[9.879,46.39],[9.88,46.394],[9.883,46.394],[9.89,46.389],[9.889,46.394],[9.89,46.396],[9.893,46.396],[9.896,46.394],[9.895,46.391],[9.899,46.392],[9.9,46.391],[9.901,46.387],[9.899,46.385],[9.896,46.386],[9.893,46.385],[9.893,46.38],[9.89,46.378]]],[[[9.837,46.363],[9.83,46.364],[9.823,46.371],[9.82,46.371],[9.818,46.373],[9.824,46.377],[9.834,46.379],[9.837,46.381],[9.844,46.38],[9.847,46.383],[9.857,46.382],[9.87,46.378],[9.871,46.376],[9.877,46.374],[9.878,46.372],[9.873,46.367],[9.873,46.365],[9.854,46.365],[9.85,46.367],[9.843,46.364],[9.839,46.366],[9.837,46.363]]],[[[9.793,46.346],[9.774,46.338],[9.767,46.339],[9.764,46.342],[9.761,46.342],[9.758,46.348],[9.751,46.349],[9.748,46.352],[9.747,46.356],[9.748,46.357],[9.761,46.353],[9.768,46.354],[9.771,46.351],[9.776,46.354],[9.774,46.354],[9.774,46.358],[9.78,46.365],[9.782,46.365],[9.783,46.358],[9.786,46.356],[9.787,46.352],[9.797,46.352],[9.807,46.355],[9.805,46.36],[9.811,46.367],[9.814,46.365],[9.82,46.367],[9.824,46.366],[9.83,46.362],[9.827,46.359],[9.827,46.357],[9.823,46.357],[9.823,46.355],[9.82,46.355],[9.816,46.352],[9.813,46.353],[9.81,46.35],[9.807,46.352],[9.8,46.346],[9.797,46.347],[9.793,46.346]]],[[[9.713,46.296],[9.699,46.297],[9.7,46.299],[9.704,46.297],[9.704,46.299],[9.709,46.303],[9.706,46.308],[9.707,46.309],[9.714,46.309],[9.713,46.296]]],[[[9.687,46.301],[9.683,46.301],[9.678,46.306],[9.663,46.306],[9.663,46.313],[9.665,46.316],[9.669,46.315],[9.672,46.312],[9.675,46.314],[9.678,46.313],[9.678,46.31],[9.683,46.31],[9.685,46.312],[9.688,46.311],[9.687,46.301]]],[[[9.643,46.291],[9.642,46.288],[9.639,46.289],[9.639,46.291],[9.631,46.293],[9.639,46.301],[9.642,46.301],[9.648,46.295],[9.648,46.293],[9.643,46.291]]],[[[9.551,46.374],[9.533,46.372],[9.533,46.376],[9.535,46.378],[9.538,46.38],[9.541,46.379],[9.547,46.383],[9.545,46.383],[9.542,46.387],[9.537,46.39],[9.539,46.392],[9.545,46.388],[9.555,46.386],[9.558,46.384],[9.558,46.382],[9.552,46.38],[9.554,46.378],[9.551,46.374]]],[[[9.521,46.372],[9.506,46.372],[9.511,46.377],[9.512,46.384],[9.521,46.379],[9.52,46.377],[9.521,46.372]]],[[[9.496,46.368],[9.492,46.367],[9.491,46.368],[9.492,46.37],[9.494,46.37],[9.491,46.373],[9.49,46.379],[9.493,46.381],[9.495,46.379],[9.495,46.375],[9.502,46.372],[9.497,46.37],[9.496,46.368]]],[[[9.256,46.894],[9.249,46.894],[9.249,46.899],[9.246,46.903],[9.246,46.908],[9.249,46.912],[9.247,46.915],[9.246,46.912],[9.24,46.909],[9.234,46.91],[9.239,46.912],[9.239,46.914],[9.244,46.918],[9.247,46.926],[9.251,46.926],[9.254,46.922],[9.26,46.922],[9.264,46.919],[9.26,46.916],[9.257,46.916],[9.259,46.912],[9.267,46.905],[9.266,46.903],[9.257,46.908],[9.255,46.905],[9.258,46.898],[9.256,46.894]]],[[[9.233,46.894],[9.23,46.893],[9.227,46.896],[9.223,46.897],[9.229,46.906],[9.234,46.907],[9.236,46.903],[9.233,46.899],[9.233,46.894]]],[[[9.197,46.874],[9.18,46.871],[9.177,46.872],[9.174,46.876],[9.17,46.873],[9.167,46.875],[9.164,46.872],[9.157,46.877],[9.151,46.874],[9.147,46.875],[9.147,46.88],[9.154,46.882],[9.157,46.885],[9.166,46.889],[9.171,46.889],[9.18,46.885],[9.194,46.885],[9.204,46.889],[9.204,46.892],[9.207,46.894],[9.214,46.895],[9.215,46.892],[9.211,46.89],[9.213,46.887],[9.217,46.886],[9.213,46.883],[9.219,46.879],[9.22,46.876],[9.216,46.875],[9.213,46.878],[9.21,46.876],[9.2,46.88],[9.198,46.879],[9.199,46.877],[9.197,46.874]]],[[[9.091,46.865],[9.081,46.865],[9.08,46.87],[9.078,46.872],[9.071,46.865],[9.068,46.869],[9.068,46.872],[9.07,46.874],[9.069,46.877],[9.099,46.874],[9.106,46.871],[9.101,46.865],[9.096,46.867],[9.097,46.869],[9.095,46.871],[9.091,46.87],[9.093,46.867],[9.091,46.865]]],[[[9.062,46.854],[9.058,46.851],[9.051,46.857],[9.052,46.865],[9.054,46.861],[9.062,46.854]]],[[[8.995,46.997],[8.987,46.996],[8.984,47.0],[8.98,47.002],[8.997,47.011],[9.004,47.011],[9.009,47.008],[9.007,47.006],[8.997,47.004],[8.991,47.001],[8.996,46.999],[8.995,46.997]]],[[[8.957,46.957],[8.939,46.957],[8.942,46.959],[8.945,46.966],[8.95,46.969],[8.956,46.964],[8.966,46.961],[8.957,46.957]]],[[[8.928,46.802],[8.925,46.8],[8.915,46.802],[8.916,46.809],[8.914,46.813],[8.923,46.82],[8.926,46.815],[8.926,46.812],[8.921,46.811],[8.922,46.807],[8.933,46.806],[8.936,46.807],[8.938,46.804],[8.928,46.802]]],[[[8.821,46.831],[8.828,46.828],[8.825,46.823],[8.822,46.824],[8.824,46.826],[8.821,46.83],[8.818,46.829],[8.821,46.831]]],[[[8.828,46.828],[8.829,46.83],[8.825,46.832],[8.824,46.835],[8.835,46.839],[8.837,46.837],[8.841,46.839],[8.845,46.838],[8.845,46.841],[8.849,46.843],[8.847,46.846],[8.848,46.852],[8.851,46.849],[8.861,46.846],[8.874,46.847],[8.888,46.851],[8.897,46.85],[8.904,46.854],[8.906,46.852],[8.905,46.847],[8.892,46.838],[8.895,46.829],[8.89,46.828],[8.887,46.822],[8.885,46.821],[8.889,46.82],[8.897,46.825],[8.903,46.823],[8.897,46.821],[8.897,46.818],[8.893,46.815],[8.887,46.817],[8.88,46.817],[8.877,46.816],[8.87,46.809],[8.857,46.809],[8.854,46.807],[8.855,46.805],[8.853,46.803],[8.848,46.801],[8.846,46.796],[8.838,46.796],[8.841,46.792],[8.84,46.789],[8.837,46.79],[8.836,46.792],[8.837,46.796],[8.834,46.798],[8.83,46.797],[8.827,46.799],[8.827,46.801],[8.833,46.803],[8.844,46.802],[8.85,46.805],[8.838,46.808],[8.841,46.809],[8.847,46.816],[8.844,46.818],[8.841,46.817],[8.836,46.819],[8.834,46.823],[8.828,46.828]]],[[[8.904,46.854],[8.904,46.856],[8.909,46.858],[8.91,46.861],[8.917,46.858],[8.927,46.859],[8.931,46.858],[8.922,46.854],[8.922,46.852],[8.92,46.851],[8.915,46.854],[8.911,46.854],[8.907,46.852],[8.904,46.854]]],[[[8.917,46.953],[8.891,46.955],[8.896,46.958],[8.894,46.96],[8.896,46.962],[8.907,46.964],[8.911,46.962],[8.911,46.96],[8.907,46.957],[8.91,46.956],[8.913,46.958],[8.917,46.958],[8.92,46.961],[8.928,46.957],[8.917,46.953]]],[[[8.901,46.982],[8.901,46.977],[8.894,46.98],[8.896,46.982],[8.894,46.983],[8.891,46.981],[8.886,46.982],[8.888,46.987],[8.887,46.991],[8.889,46.994],[8.898,47.0],[8.905,47.0],[8.908,46.998],[8.905,46.996],[8.903,46.991],[8.906,46.989],[8.901,46.982]]],[[[8.814,46.83],[8.807,46.83],[8.811,46.833],[8.81,46.835],[8.805,46.835],[8.8,46.84],[8.815,46.843],[8.817,46.842],[8.813,46.837],[8.817,46.835],[8.812,46.833],[8.814,46.83]]],[[[8.805,46.738],[8.783,46.733],[8.781,46.734],[8.783,46.738],[8.789,46.741],[8.786,46.742],[8.783,46.74],[8.773,46.74],[8.772,46.743],[8.769,46.745],[8.772,46.75],[8.774,46.751],[8.777,46.746],[8.783,46.746],[8.793,46.741],[8.804,46.741],[8.805,46.738]]],[[[8.485,46.775],[8.486,46.778],[8.488,46.775],[8.485,46.775]]],[[[8.486,46.778],[8.49,46.784],[8.496,46.782],[8.499,46.784],[8.506,46.785],[8.519,46.796],[8.526,46.796],[8.529,46.798],[8.536,46.797],[8.542,46.794],[8.553,46.793],[8.564,46.786],[8.556,46.784],[8.552,46.785],[8.548,46.783],[8.539,46.775],[8.54,46.773],[8.538,46.771],[8.534,46.773],[8.537,46.775],[8.537,46.777],[8.529,46.778],[8.519,46.783],[8.515,46.782],[8.515,46.78],[8.509,46.776],[8.506,46.778],[8.496,46.778],[8.493,46.776],[8.489,46.776],[8.486,46.778]]],[[[8.54,46.845],[8.53,46.844],[8.523,46.847],[8.522,46.849],[8.524,46.851],[8.527,46.851],[8.545,46.849],[8.54,46.845]]],[[[8.492,46.841],[8.48,46.841],[8.484,46.846],[8.488,46.848],[8.49,46.852],[8.486,46.854],[8.491,46.855],[8.497,46.851],[8.501,46.855],[8.511,46.857],[8.515,46.854],[8.512,46.849],[8.504,46.85],[8.498,46.847],[8.501,46.846],[8.504,46.849],[8.505,46.847],[8.504,46.845],[8.492,46.841]]],[[[8.479,46.728],[8.482,46.726],[8.485,46.724],[8.498,46.725],[8.501,46.724],[8.503,46.723],[8.501,46.723],[8.5,46.721],[8.503,46.719],[8.501,46.717],[8.505,46.717],[8.508,46.72],[8.512,46.714],[8.508,46.708],[8.501,46.711],[8.495090909090912,46.71190909090909],[8.497,46.71],[8.49,46.708],[8.49,46.706],[8.493,46.703],[8.492,46.701],[8.487,46.701],[8.477,46.71],[8.477,46.715],[8.472,46.716],[8.47,46.715],[8.476,46.708],[8.475,46.703],[8.464,46.71],[8.463,46.713],[8.466,46.715],[8.462,46.717],[8.469,46.718],[8.479,46.728]],[[8.49474074074073,46.711962962962964],[8.488,46.713],[8.488,46.711],[8.49474074074073,46.711962962962964]]],[[[8.482,46.726],[8.48,46.728],[8.485,46.733],[8.486,46.73],[8.482,46.726]]],[[[8.473,46.422],[8.491,46.418],[8.486,46.413],[8.469,46.415],[8.469,46.418],[8.473,46.422]]],[[[8.38,46.68],[8.378,46.684],[8.387,46.686],[8.381,46.689],[8.39,46.69],[8.396,46.693],[8.397,46.695],[8.396,46.697],[8.393,46.693],[8.382,46.693],[8.38,46.696],[8.387,46.698],[8.387,46.7],[8.39,46.702],[8.388,46.704],[8.391,46.706],[8.384,46.712],[8.383,46.707],[8.384,46.704],[8.38,46.705],[8.377,46.713],[8.375,46.711],[8.367,46.71],[8.366,46.716],[8.364,46.718],[8.367,46.719],[8.371,46.716],[8.377,46.716],[8.38,46.719],[8.384,46.714],[8.387,46.717],[8.39,46.716],[8.393,46.718],[8.397,46.717],[8.398,46.715],[8.394,46.713],[8.397,46.711],[8.394,46.709],[8.396,46.705],[8.4,46.702],[8.403,46.707],[8.406,46.707],[8.41,46.704],[8.416,46.708],[8.428,46.708],[8.433,46.71],[8.442,46.704],[8.439,46.701],[8.444,46.702],[8.449,46.706],[8.452,46.706],[8.455,46.71],[8.459,46.71],[8.46,46.708],[8.467,46.706],[8.471,46.699],[8.47,46.697],[8.468,46.695],[8.466,46.697],[8.465,46.697],[8.468,46.694],[8.475,46.692],[8.471,46.688],[8.471,46.686],[8.481,46.686],[8.48,46.681],[8.484,46.679],[8.485,46.676],[8.481,46.677],[8.48,46.676],[8.483,46.674],[8.481,46.673],[8.474,46.673],[8.472,46.677],[8.468,46.677],[8.466,46.679],[8.467,46.681],[8.465,46.682],[8.458,46.673],[8.455,46.674],[8.452,46.68],[8.449,46.679],[8.448,46.676],[8.445,46.676],[8.426,46.684],[8.428,46.686],[8.426,46.687],[8.413,46.689],[8.411,46.686],[8.412,46.684],[8.419,46.682],[8.423,46.679],[8.415,46.677],[8.419,46.676],[8.421,46.672],[8.42,46.67],[8.425,46.668],[8.423,46.666],[8.423,46.663],[8.427,46.661],[8.423,46.659],[8.432,46.656],[8.433,46.657],[8.43,46.659],[8.435,46.661],[8.438,46.649],[8.443,46.648],[8.441,46.644],[8.441,46.639],[8.443,46.636],[8.44,46.634],[8.44,46.632],[8.441,46.629],[8.447,46.629],[8.45,46.627],[8.437,46.624],[8.429,46.627],[8.428,46.63],[8.424,46.63],[8.425,46.627],[8.428,46.627],[8.437,46.621],[8.436,46.616],[8.437,46.614],[8.439,46.614],[8.438,46.612],[8.431,46.607],[8.424,46.607],[8.421,46.605],[8.418,46.607],[8.42,46.61],[8.418,46.612],[8.418,46.615],[8.415,46.617],[8.409,46.614],[8.411,46.612],[8.414,46.614],[8.417,46.612],[8.416,46.61],[8.408,46.604],[8.405,46.606],[8.393,46.608],[8.392,46.605],[8.378,46.602],[8.377,46.603],[8.378,46.614],[8.377,46.617],[8.37,46.623],[8.369,46.63],[8.365,46.628],[8.362,46.63],[8.359,46.628],[8.358,46.633],[8.361,46.635],[8.359,46.638],[8.356,46.637],[8.353,46.639],[8.35,46.645],[8.347,46.646],[8.346,46.648],[8.336,46.648],[8.338,46.651],[8.342,46.653],[8.34,46.654],[8.337,46.652],[8.336,46.653],[8.343,46.662],[8.34,46.664],[8.34,46.666],[8.334,46.668],[8.326,46.676],[8.326,46.678],[8.329,46.678],[8.333,46.675],[8.336,46.675],[8.334,46.678],[8.339,46.678],[8.345,46.675],[8.35,46.676],[8.355,46.675],[8.37,46.676],[8.376,46.68],[8.378,46.677],[8.381,46.677],[8.38,46.68]],[[8.452,46.706],[8.456,46.701],[8.462,46.701],[8.452,46.706]],[[8.412,46.657],[8.42,46.657],[8.415,46.658],[8.414,46.661],[8.42,46.664],[8.412,46.666],[8.412,46.669],[8.41,46.668],[8.411,46.666],[8.408,46.661],[8.412,46.657]]],[[[8.469,46.767],[8.466,46.763],[8.463,46.765],[8.462,46.767],[8.464,46.769],[8.46,46.77],[8.45,46.766],[8.441,46.771],[8.444,46.776],[8.459,46.773],[8.463,46.777],[8.47,46.772],[8.476,46.776],[8.476,46.773],[8.469,46.767]]],[[[8.437,46.753],[8.432,46.756],[8.44,46.76],[8.442,46.756],[8.437,46.753]]],[[[8.44,46.76],[8.431,46.762],[8.431,46.765],[8.44,46.77],[8.444,46.767],[8.44,46.765],[8.444,46.762],[8.44,46.76]]],[[[8.434,46.774],[8.424,46.772],[8.421,46.776],[8.425,46.778],[8.425,46.783],[8.43,46.785],[8.429,46.787],[8.437,46.787],[8.437,46.783],[8.433,46.778],[8.436,46.776],[8.434,46.774]]],[[[8.372,46.596],[8.368,46.595],[8.363,46.597],[8.362,46.602],[8.359,46.597],[8.356,46.601],[8.35,46.603],[8.365,46.604],[8.371,46.599],[8.372,46.596]]],[[[8.317,46.426],[8.308,46.426],[8.31,46.438],[8.314,46.441],[8.327,46.443],[8.33,46.442],[8.333,46.444],[8.342,46.442],[8.34,46.438],[8.333,46.433],[8.317,46.426]]],[[[8.155,46.58],[8.15,46.578],[8.146,46.579],[8.145,46.582],[8.14,46.586],[8.133,46.586],[8.131,46.589],[8.134,46.591],[8.126,46.594],[8.116,46.594],[8.113,46.592],[8.111,46.588],[8.104,46.592],[8.11,46.596],[8.112,46.598],[8.111,46.599],[8.107,46.598],[8.104,46.595],[8.101,46.596],[8.102,46.605],[8.094,46.604],[8.088,46.607],[8.083,46.607],[8.088,46.616],[8.091,46.614],[8.091,46.611],[8.095,46.609],[8.101,46.612],[8.104,46.611],[8.108,46.612],[8.114,46.619],[8.114,46.623],[8.117,46.625],[8.116,46.632],[8.12,46.634],[8.115,46.639],[8.115,46.641],[8.13,46.645],[8.128,46.647],[8.121,46.645],[8.118,46.648],[8.131,46.653],[8.133,46.652],[8.134,46.648],[8.137,46.647],[8.144,46.65],[8.143,46.652],[8.147,46.655],[8.154,46.656],[8.16,46.652],[8.164,46.641],[8.163,46.638],[8.167,46.635],[8.176,46.634],[8.17,46.629],[8.171,46.627],[8.179,46.623],[8.187,46.614],[8.187,46.611],[8.181,46.607],[8.181,46.605],[8.186,46.6],[8.192,46.597],[8.195,46.6],[8.202,46.598],[8.216,46.6],[8.218,46.591],[8.215,46.588],[8.208,46.587],[8.203,46.589],[8.186,46.588],[8.182,46.591],[8.183,46.593],[8.169,46.596],[8.163,46.601],[8.16,46.599],[8.156,46.604],[8.153,46.601],[8.149,46.6],[8.16,46.595],[8.166,46.584],[8.163,46.583],[8.153,46.59],[8.151,46.589],[8.153,46.587],[8.149,46.585],[8.149,46.582],[8.155,46.58]]],[[[7.95,46.467],[7.941,46.466],[7.942,46.471],[7.94,46.472],[7.937,46.472],[7.93,46.468],[7.917,46.468],[7.915,46.476],[7.918,46.482],[7.915,46.485],[7.915,46.489],[7.924,46.499],[7.932,46.502],[7.933,46.505],[7.937,46.508],[7.944,46.511],[7.949,46.511],[7.963,46.515],[7.968,46.518],[7.969,46.52],[7.968,46.523],[7.97,46.524],[7.97,46.526],[7.968,46.532],[7.97,46.533],[7.97,46.535],[7.967,46.533],[7.965,46.534],[7.965,46.538],[7.967,46.541],[7.971,46.543],[7.97,46.545],[7.972,46.55],[7.966,46.55],[7.966,46.547],[7.958,46.543],[7.965,46.541],[7.957,46.537],[7.954,46.538],[7.954,46.541],[7.947,46.543],[7.947,46.545],[7.95,46.548],[7.955,46.547],[7.952,46.55],[7.957,46.553],[7.967,46.553],[7.968,46.554],[7.967,46.555],[7.962,46.556],[7.973,46.56],[7.976,46.559],[7.973,46.557],[7.973,46.554],[7.983,46.55],[7.993,46.557],[7.997,46.558],[7.995,46.561],[8.0,46.565],[7.999,46.567],[7.992,46.567],[7.996,46.573],[8.003,46.576],[8.005,46.574],[8.003,46.57],[8.004,46.567],[8.009,46.569],[8.013,46.575],[8.021,46.572],[8.019,46.569],[8.023,46.572],[8.019,46.576],[8.039,46.577],[8.042,46.579],[8.052,46.578],[8.041,46.574],[8.035,46.575],[8.031,46.574],[8.035,46.571],[8.048,46.571],[8.051,46.569],[8.068,46.572],[8.069,46.567],[8.072,46.563],[8.068,46.561],[8.058,46.565],[8.052,46.562],[8.045,46.561],[8.035,46.566],[8.029,46.568],[8.028,46.567],[8.028,46.565],[8.032,46.565],[8.041,46.56],[8.055,46.558],[8.059,46.556],[8.058,46.553],[8.063,46.556],[8.077,46.558],[8.078,46.562],[8.08,46.562],[8.074,46.567],[8.074,46.569],[8.078,46.573],[8.088,46.572],[8.09,46.569],[8.092,46.569],[8.093,46.574],[8.09,46.578],[8.094,46.582],[8.097,46.581],[8.102,46.574],[8.108,46.569],[8.108,46.571],[8.111,46.574],[8.108,46.576],[8.111,46.578],[8.108,46.58],[8.108,46.583],[8.114,46.588],[8.123,46.589],[8.124,46.591],[8.129,46.589],[8.124,46.587],[8.125,46.585],[8.12,46.582],[8.127,46.579],[8.133,46.583],[8.137,46.583],[8.14,46.577],[8.146,46.576],[8.143,46.575],[8.142,46.573],[8.141,46.569],[8.143,46.567],[8.147,46.571],[8.144,46.573],[8.146,46.575],[8.15,46.574],[8.153,46.569],[8.152,46.567],[8.153,46.565],[8.156,46.566],[8.157,46.564],[8.148,46.562],[8.152,46.555],[8.159,46.553],[8.166,46.556],[8.171,46.555],[8.17,46.551],[8.167,46.548],[8.169,46.546],[8.179,46.545],[8.179,46.548],[8.185,46.552],[8.187,46.551],[8.187,46.548],[8.183,46.546],[8.192,46.544],[8.189,46.546],[8.191,46.548],[8.191,46.551],[8.195,46.551],[8.198,46.553],[8.201,46.551],[8.208,46.552],[8.208,46.55],[8.205,46.549],[8.2,46.544],[8.202,46.541],[8.201,46.54],[8.192,46.537],[8.187,46.537],[8.191,46.534],[8.196,46.535],[8.201,46.533],[8.208,46.533],[8.208,46.53],[8.204,46.531],[8.201,46.528],[8.215,46.526],[8.214,46.524],[8.211,46.526],[8.206,46.523],[8.207,46.516],[8.21,46.514],[8.207,46.514],[8.205,46.512],[8.206,46.51],[8.204,46.509],[8.194,46.509],[8.191,46.512],[8.189,46.51],[8.181,46.509],[8.175,46.513],[8.172,46.513],[8.17,46.51],[8.172,46.509],[8.171,46.505],[8.165,46.507],[8.163,46.508],[8.164,46.51],[8.162,46.513],[8.159,46.511],[8.157,46.513],[8.157,46.515],[8.16,46.517],[8.159,46.52],[8.155,46.519],[8.152,46.521],[8.146,46.52],[8.142,46.526],[8.136,46.532],[8.133,46.533],[8.132,46.537],[8.137,46.54],[8.13,46.544],[8.120357142857141,46.54592857142857],[8.121,46.544],[8.125,46.542],[8.124,46.537],[8.122,46.535],[8.128,46.533],[8.138,46.526],[8.133,46.522],[8.12,46.523],[8.116,46.526],[8.113,46.524],[8.116,46.521],[8.126,46.519],[8.144,46.508],[8.139,46.506],[8.129,46.506],[8.127,46.501],[8.121,46.495],[8.121,46.49],[8.123,46.486],[8.119,46.483],[8.109,46.487],[8.103,46.485],[8.101,46.486],[8.101,46.488],[8.104,46.49],[8.1,46.492],[8.098,46.495],[8.107,46.497],[8.096,46.498],[8.095,46.502],[8.087,46.504],[8.085,46.511],[8.091,46.513],[8.08,46.514],[8.077,46.516],[8.08,46.512],[8.083,46.511],[8.082,46.508],[8.077,46.507],[8.073,46.509],[8.068,46.509],[8.064,46.507],[8.061,46.509],[8.068,46.513],[8.066,46.518],[8.061,46.518],[8.057,46.515],[8.045,46.516],[8.032,46.53],[8.028,46.529],[8.03,46.525],[8.027,46.522],[8.032,46.519],[8.035,46.52],[8.04,46.518],[8.04,46.513],[8.037,46.506],[8.037,46.497],[8.039,46.495],[8.028,46.492],[8.026,46.491],[8.025,46.488],[8.021,46.487],[8.015,46.49],[8.012,46.489],[8.017,46.484],[8.012,46.482],[8.005,46.483],[8.002,46.485],[7.999,46.483],[7.995,46.483],[7.989,46.478],[7.986,46.478],[7.985,46.475],[7.979,46.473],[7.979,46.471],[7.977,46.473],[7.969,46.475],[7.966,46.473],[7.969,46.471],[7.966,46.468],[7.964,46.469],[7.965,46.473],[7.959,46.474],[7.95,46.467]],[[8.175,46.529],[8.178,46.533],[8.177,46.535],[8.183,46.542],[8.175,46.54],[8.174,46.539],[8.175,46.537],[8.171,46.535],[8.175,46.529]],[[8.146,46.548],[8.149,46.551],[8.141,46.555],[8.14,46.557],[8.136,46.557],[8.13,46.56],[8.133,46.562],[8.13,46.564],[8.126,46.564],[8.135,46.555],[8.144,46.551],[8.146,46.548]],[[8.118928571428572,46.54742857142857],[8.117,46.55],[8.115,46.549],[8.118928571428572,46.54742857142857]],[[8.008,46.504],[8.022,46.506],[8.023,46.511],[8.018,46.512],[8.021,46.509],[8.015,46.505],[8.009,46.505],[8.005,46.507],[8.008,46.504]],[[7.94704761904762,46.481809523809524],[7.948,46.478],[7.953,46.474],[7.96,46.478],[7.94704761904762,46.481809523809524]],[[7.937,46.487],[7.937,46.49],[7.936,46.489],[7.937,46.487]],[[7.937,46.487],[7.935,46.482],[7.946399999999995,46.482],[7.943,46.483],[7.937,46.487]]],[[[8.179,46.548],[8.172,46.547],[8.172,46.549],[8.179,46.548]]],[[[7.979,46.471],[7.983,46.471],[7.985,46.469],[7.985,46.466],[7.988,46.464],[7.985,46.462],[7.984,46.457],[7.979,46.455],[7.976,46.457],[7.977,46.464],[7.979,46.466],[7.976,46.469],[7.979,46.471]]],[[[8.18,46.301],[8.171,46.301],[8.175,46.306],[8.179,46.307],[8.192,46.306],[8.192,46.303],[8.186,46.303],[8.185,46.305],[8.18,46.301]]],[[[8.167,46.566],[8.159,46.565],[8.156,46.567],[8.157,46.569],[8.154,46.571],[8.154,46.576],[8.157,46.576],[8.158,46.573],[8.166,46.573],[8.167,46.571],[8.164,46.569],[8.167,46.566]]],[[[8.131,46.301],[8.123,46.3],[8.119,46.304],[8.123,46.304],[8.13,46.311],[8.133,46.31],[8.136,46.313],[8.146,46.306],[8.143,46.304],[8.135,46.304],[8.131,46.301]]],[[[8.117,46.29],[8.113,46.29],[8.106,46.299],[8.117,46.302],[8.12,46.301],[8.123,46.297],[8.12,46.294],[8.116,46.295],[8.118,46.292],[8.117,46.29]]],[[[8.104,46.238],[8.09,46.239],[8.084,46.236],[8.083,46.239],[8.08,46.241],[8.077,46.239],[8.074,46.24],[8.072,46.243],[8.089,46.248],[8.087,46.249],[8.08,46.247],[8.076,46.248],[8.082,46.257],[8.087,46.255],[8.097,46.255],[8.103,46.25],[8.107,46.25],[8.107,46.247],[8.11,46.246],[8.11,46.24],[8.104,46.238]]],[[[8.044,46.48],[8.041,46.475],[8.038,46.475],[8.035,46.477],[8.025,46.479],[8.021,46.482],[8.025,46.483],[8.031,46.481],[8.044,46.48]]],[[[8.026,46.446],[8.021,46.444],[8.014,46.445],[8.011,46.447],[8.01,46.45],[8.005,46.452],[8.0,46.459],[8.002,46.462],[8.0,46.466],[8.004,46.471],[8.002,46.473],[7.998,46.471],[7.997,46.468],[7.992,46.467],[7.989,46.468],[7.989,46.473],[7.999,46.479],[8.021,46.479],[8.027,46.473],[8.028,46.467],[8.024,46.468],[8.021,46.467],[8.014,46.462],[8.02,46.455],[8.017,46.453],[8.027,46.448],[8.026,46.446]]],[[[8.019,46.432],[8.001,46.429],[8.0,46.435],[8.005,46.436],[8.003,46.441],[8.006,46.444],[8.008,46.445],[8.014,46.442],[8.024,46.443],[8.026,46.441],[8.027,46.439],[8.024,46.438],[8.021,46.434],[8.014,46.438],[8.019,46.432]]],[[[7.992,46.446],[7.989,46.449],[7.985,46.45],[7.983,46.453],[7.99,46.457],[7.986,46.46],[7.986,46.462],[7.989,46.464],[7.996,46.462],[7.997,46.45],[7.995,46.447],[7.992,46.446]]],[[[7.992,46.446],[7.994,46.444],[7.992,46.443],[7.991,46.444],[7.992,46.446]]],[[[7.996,46.185],[7.996,46.183],[7.992,46.183],[7.981,46.185],[7.982,46.187],[7.977,46.192],[7.989,46.194],[7.996,46.185]]],[[[7.916,46.428],[7.913,46.428],[7.91,46.431],[7.914,46.432],[7.923,46.44],[7.927,46.442],[7.933,46.441],[7.938,46.444],[7.937,46.446],[7.942,46.448],[7.946,46.452],[7.952,46.448],[7.953,46.446],[7.951,46.442],[7.947,46.439],[7.933,46.439],[7.932,46.437],[7.929,46.437],[7.927,46.439],[7.916,46.428]]],[[[7.953,46.446],[7.958,46.448],[7.956,46.451],[7.952,46.453],[7.95,46.46],[7.956,46.462],[7.959,46.468],[7.965,46.462],[7.964,46.453],[7.967,46.451],[7.966,46.448],[7.967,46.446],[7.956,46.444],[7.953,46.446]]],[[[7.874,45.952],[7.873,45.954],[7.864,45.958],[7.861,45.962],[7.845,45.965],[7.842,45.963],[7.842,45.961],[7.841,45.965],[7.844,45.968],[7.844,45.97],[7.841,45.974],[7.848,45.981],[7.847,45.986],[7.842,45.987],[7.839,45.99],[7.835,45.989],[7.835,45.991],[7.842,45.991],[7.848,45.998],[7.854,45.997],[7.855,45.992],[7.856,45.995],[7.854,45.999],[7.85,46.001],[7.85,46.006],[7.865,46.007],[7.866,46.01],[7.861,46.013],[7.885,46.021],[7.892,46.033],[7.892,46.035],[7.89,46.035],[7.887,46.033],[7.883,46.033],[7.881,46.03],[7.881,46.024],[7.878,46.023],[7.867,46.03],[7.869,46.033],[7.868,46.034],[7.865,46.033],[7.861,46.035],[7.864,46.037],[7.862,46.039],[7.862,46.044],[7.868,46.048],[7.875,46.047],[7.881,46.049],[7.888,46.048],[7.889,46.042],[7.891,46.041],[7.907,46.044],[7.916,46.051],[7.921,46.051],[7.923,46.049],[7.922,46.042],[7.923,46.041],[7.924,46.044],[7.93,46.045],[7.933,46.043],[7.933,46.04],[7.931,46.039],[7.926,46.03],[7.923,46.033],[7.919,46.03],[7.916,46.024],[7.91,46.022],[7.903,46.015],[7.901,46.015],[7.906,46.01],[7.905,46.006],[7.907,46.004],[7.907,46.006],[7.912,46.01],[7.908,46.012],[7.909,46.015],[7.916,46.021],[7.92,46.017],[7.926,46.021],[7.93,46.021],[7.933,46.023],[7.942,46.021],[7.945,46.024],[7.949,46.024],[7.949,46.02],[7.945,46.017],[7.944,46.014],[7.949,46.009],[7.952,46.011],[7.955,46.006],[7.961,46.007],[7.965,46.004],[7.965,46.001],[7.955,45.998],[7.952,46.0],[7.929,46.0],[7.924,45.999],[7.923,45.996],[7.913,45.997],[7.91,45.999],[7.912,45.997],[7.907,45.996],[7.901,45.99],[7.9,45.987],[7.887,45.978],[7.878,45.974],[7.878,45.965],[7.874,45.952]],[[7.89,46.007],[7.9,46.008],[7.89,46.009],[7.881,46.013],[7.878,46.008],[7.873,46.008],[7.89,46.007]]],[[[7.951,46.41],[7.938,46.41],[7.944,46.412],[7.933,46.416],[7.931,46.419],[7.933,46.42],[7.949,46.414],[7.956,46.417],[7.958,46.415],[7.957,46.412],[7.951,46.41]]],[[[7.921,46.41],[7.917,46.407],[7.913,46.409],[7.911,46.413],[7.896,46.419],[7.894,46.422],[7.9,46.425],[7.904,46.425],[7.907,46.422],[7.91,46.425],[7.913,46.425],[7.917,46.428],[7.923,46.429],[7.931,46.433],[7.943,46.433],[7.943,46.428],[7.945,46.426],[7.936,46.428],[7.926,46.423],[7.92,46.423],[7.917,46.42],[7.913,46.42],[7.925,46.415],[7.916,46.415],[7.921,46.41]]],[[[7.916,46.478],[7.914,46.477],[7.911,46.48],[7.907,46.476],[7.904,46.476],[7.898,46.48],[7.902,46.482],[7.902,46.485],[7.905,46.487],[7.911,46.488],[7.912,46.485],[7.916,46.482],[7.916,46.478]]],[[[7.895,46.048],[7.889,46.048],[7.886,46.051],[7.885,46.057],[7.886,46.06],[7.889,46.062],[7.89,46.066],[7.894,46.071],[7.897,46.072],[7.904,46.069],[7.905,46.064],[7.903,46.057],[7.894,46.051],[7.891,46.051],[7.895,46.048]]],[[[7.871,46.053],[7.862,46.05],[7.858,46.051],[7.87,46.057],[7.869,46.062],[7.872,46.068],[7.877,46.071],[7.881,46.071],[7.886,46.064],[7.886,46.062],[7.883,46.06],[7.884,46.055],[7.883,46.053],[7.878,46.051],[7.871,46.053]]],[[[7.873,46.39],[7.859,46.39],[7.86,46.393],[7.858,46.393],[7.854,46.397],[7.848,46.405],[7.848,46.407],[7.858,46.409],[7.861,46.411],[7.868,46.411],[7.871,46.414],[7.874,46.412],[7.881,46.414],[7.881,46.404],[7.876,46.402],[7.877,46.397],[7.874,46.392],[7.87,46.393],[7.873,46.39]]],[[[7.866,46.12],[7.86,46.125],[7.862,46.127],[7.861,46.132],[7.872,46.132],[7.879,46.127],[7.866,46.12]]],[[[7.872,46.019],[7.851,46.019],[7.862,46.023],[7.862,46.026],[7.866,46.028],[7.874,46.023],[7.875,46.021],[7.872,46.019]]],[[[7.865,45.92],[7.86,45.92],[7.858,45.922],[7.845,45.922],[7.844,45.923],[7.849,45.925],[7.835,45.932],[7.825,45.935],[7.822,45.938],[7.814,45.941],[7.813,45.943],[7.822,45.948],[7.832,45.948],[7.835,45.946],[7.839,45.947],[7.829,45.952],[7.832,45.956],[7.833,45.954],[7.838,45.953],[7.842,45.958],[7.848,45.958],[7.854,45.954],[7.858,45.954],[7.861,45.952],[7.856,45.956],[7.856,45.959],[7.859,45.959],[7.87,45.95],[7.871,45.947],[7.867,45.945],[7.864,45.948],[7.863,45.947],[7.868,45.943],[7.867,45.939],[7.863,45.941],[7.86,45.941],[7.858,45.939],[7.853,45.941],[7.852,45.936],[7.854,45.935],[7.858,45.937],[7.867,45.937],[7.875,45.929],[7.865,45.92]]],[[[7.776,46.438],[7.77,46.435],[7.766,46.438],[7.772,46.442],[7.776,46.449],[7.782,46.451],[7.779,46.456],[7.784,46.46],[7.783,46.463],[7.789,46.465],[7.786,46.467],[7.787,46.469],[7.798,46.476],[7.793,46.475],[7.788,46.478],[7.786,46.481],[7.788,46.485],[7.798,46.489],[7.803,46.493],[7.81,46.494],[7.829,46.504],[7.833,46.501],[7.836,46.503],[7.84,46.503],[7.851,46.496],[7.852,46.493],[7.848,46.492],[7.849,46.491],[7.855,46.489],[7.862,46.495],[7.864,46.487],[7.87,46.485],[7.871,46.483],[7.865,46.48],[7.87,46.476],[7.865,46.471],[7.862,46.47],[7.859,46.473],[7.854,46.471],[7.855,46.469],[7.86,46.469],[7.859,46.468],[7.842,46.464],[7.839,46.46],[7.832,46.464],[7.829,46.464],[7.823,46.456],[7.819,46.455],[7.815,46.456],[7.813,46.453],[7.8,46.452],[7.797,46.448],[7.789,46.445],[7.784,46.44],[7.776,46.44],[7.776,46.438]]],[[[7.787,45.934],[7.789,45.939],[7.796,45.945],[7.8,45.946],[7.809,45.941],[7.811,45.938],[7.809,45.937],[7.809,45.935],[7.813,45.937],[7.814,45.934],[7.809,45.933],[7.808,45.929],[7.805,45.927],[7.81,45.927],[7.812,45.93],[7.816,45.931],[7.819,45.929],[7.816,45.928],[7.816,45.925],[7.812,45.922],[7.809,45.923],[7.804,45.921],[7.793,45.92],[7.793,45.923],[7.786,45.927],[7.787,45.929],[7.79,45.929],[7.793,45.926],[7.795,45.927],[7.787,45.934]]],[[[7.787,45.934],[7.78,45.929],[7.777,45.931],[7.776,45.932],[7.778,45.934],[7.772,45.943],[7.773,45.948],[7.787,45.944],[7.788,45.941],[7.786,45.939],[7.786,45.936],[7.787,45.934]]],[[[7.779,46.494],[7.765,46.496],[7.765,46.499],[7.762,46.503],[7.771,46.513],[7.78,46.51],[7.778,46.508],[7.778,46.505],[7.79,46.5],[7.797,46.499],[7.791,46.496],[7.787,46.497],[7.779,46.494]]],[[[7.733,45.925],[7.718,45.925],[7.713,45.932],[7.709,45.934],[7.709,45.947],[7.713,45.95],[7.711,45.955],[7.706,45.957],[7.708,45.955],[7.706,45.952],[7.697,45.959],[7.686,45.961],[7.68,45.968],[7.68,45.973],[7.687,45.974],[7.695,45.97],[7.703,45.97],[7.71,45.968],[7.716,45.962],[7.717,45.954],[7.719,45.952],[7.722,45.953],[7.725,45.952],[7.72,45.943],[7.726,45.943],[7.727,45.941],[7.725,45.939],[7.726,45.938],[7.732,45.941],[7.731,45.943],[7.732,45.945],[7.75,45.943],[7.752,45.948],[7.752,45.943],[7.755,45.941],[7.746,45.939],[7.739,45.934],[7.738,45.931],[7.733,45.93],[7.733,45.925]]],[[[7.726,46.117],[7.73,46.116],[7.726,46.116],[7.725,46.112],[7.72,46.11],[7.717,46.111],[7.715,46.114],[7.719,46.119],[7.723,46.121],[7.726,46.119],[7.726,46.117]]],[[[7.73,46.116],[7.729,46.123],[7.723,46.125],[7.721,46.128],[7.717,46.13],[7.713,46.134],[7.711,46.141],[7.707,46.143],[7.72,46.144],[7.736,46.135],[7.74,46.138],[7.744,46.137],[7.744,46.134],[7.749,46.132],[7.743,46.131],[7.738,46.128],[7.741,46.125],[7.734,46.114],[7.736,46.112],[7.736,46.107],[7.733,46.105],[7.729,46.105],[7.727,46.11],[7.73,46.116]]],[[[7.709,46.416],[7.71,46.418],[7.708,46.42],[7.709,46.424],[7.711,46.422],[7.716,46.422],[7.728,46.426],[7.732,46.424],[7.725,46.423],[7.721,46.42],[7.721,46.418],[7.716,46.416],[7.709,46.416]]],[[[7.709,46.416],[7.701,46.416],[7.702,46.417],[7.709,46.416]]],[[[7.704,46.116],[7.706,46.112],[7.704,46.11],[7.691,46.109],[7.686,46.114],[7.691,46.117],[7.699,46.119],[7.691,46.121],[7.686,46.125],[7.683,46.13],[7.678,46.134],[7.677,46.137],[7.678,46.139],[7.685,46.141],[7.693,46.137],[7.694,46.135],[7.701,46.138],[7.709,46.132],[7.717,46.123],[7.718,46.121],[7.714,46.119],[7.71,46.124],[7.709,46.119],[7.71,46.116],[7.704,46.116]]],[[[7.691,46.076],[7.692,46.074],[7.691,46.071],[7.685,46.069],[7.683,46.063],[7.679,46.06],[7.681,46.059],[7.681,46.056],[7.678,46.055],[7.669,46.06],[7.669,46.065],[7.664,46.067],[7.667,46.069],[7.668,46.072],[7.664,46.076],[7.665,46.081],[7.664,46.087],[7.675,46.087],[7.681,46.084],[7.684,46.086],[7.691,46.087],[7.695,46.085],[7.691,46.083],[7.697,46.079],[7.7,46.079],[7.701,46.083],[7.704,46.084],[7.705,46.076],[7.708,46.071],[7.71,46.07],[7.713,46.072],[7.714,46.071],[7.714,46.067],[7.707,46.064],[7.71,46.063],[7.714,46.058],[7.7,46.053],[7.7,46.057],[7.704,46.06],[7.7,46.06],[7.697,46.062],[7.695,46.071],[7.7,46.076],[7.697,46.078],[7.695,46.076],[7.691,46.076]],[[7.691,46.076],[7.692,46.078],[7.691,46.079],[7.681,46.074],[7.687,46.073],[7.691,46.076]]],[[[7.692,46.047],[7.691,46.044],[7.684,46.051],[7.681,46.046],[7.679,46.049],[7.684,46.054],[7.694,46.054],[7.695,46.049],[7.692,46.047]]],[[[7.692,46.425],[7.684,46.425],[7.684,46.427],[7.69,46.429],[7.685,46.431],[7.682,46.436],[7.683,46.437],[7.69,46.436],[7.694,46.431],[7.694,46.427],[7.692,46.425]]],[[[7.655,46.024],[7.636,46.019],[7.635,46.02],[7.638,46.024],[7.637,46.027],[7.632,46.032],[7.636,46.034],[7.629,46.034],[7.627,46.036],[7.628,46.04],[7.632,46.042],[7.63,46.045],[7.631,46.047],[7.636,46.05],[7.638,46.047],[7.636,46.045],[7.639,46.043],[7.647,46.047],[7.652,46.047],[7.653,46.045],[7.649,46.041],[7.641,46.038],[7.642,46.036],[7.649,46.036],[7.65,46.033],[7.648,46.029],[7.644,46.027],[7.645,46.025],[7.652,46.028],[7.655,46.031],[7.659,46.031],[7.655,46.024]]],[[[7.642,45.977],[7.635,45.975],[7.632,45.976],[7.629,45.98],[7.613,45.98],[7.612,45.982],[7.607,45.984],[7.61,45.987],[7.637,45.986],[7.642,45.977]]],[[[7.607,46.045],[7.613,46.05],[7.626,46.049],[7.628,46.045],[7.628,46.042],[7.626,46.041],[7.61,46.043],[7.607,46.045]]],[[[7.607,46.045],[7.609,46.042],[7.597,46.037],[7.593,46.042],[7.597,46.044],[7.607,46.045]]],[[[7.62,46.015],[7.617,46.027],[7.619,46.03],[7.623,46.031],[7.626,46.029],[7.626,46.017],[7.62,46.015]]],[[[7.608,46.058],[7.603,46.057],[7.593,46.065],[7.589,46.074],[7.59,46.078],[7.6,46.082],[7.604,46.078],[7.607,46.081],[7.608,46.076],[7.611,46.074],[7.607,46.065],[7.608,46.058]]],[[[7.56,45.988],[7.561,45.986],[7.549,45.986],[7.549,45.989],[7.545,45.993],[7.538,45.993],[7.538,45.998],[7.542,46.0],[7.539,46.004],[7.535,46.0],[7.53,46.004],[7.529,46.009],[7.538,46.013],[7.538,46.016],[7.542,46.021],[7.552,46.022],[7.558,46.016],[7.56,46.018],[7.565,46.017],[7.57,46.02],[7.577,46.02],[7.581,46.017],[7.584,46.017],[7.585,46.018],[7.582,46.02],[7.587,46.024],[7.583,46.029],[7.587,46.031],[7.597,46.028],[7.602,46.024],[7.604,46.02],[7.602,46.013],[7.602,46.004],[7.594,46.002],[7.597,45.999],[7.606,46.001],[7.608,46.0],[7.609,45.997],[7.598,45.991],[7.603,45.99],[7.605,45.988],[7.605,45.982],[7.597,45.979],[7.597,45.976],[7.593,45.976],[7.59,45.973],[7.587,45.974],[7.586,45.977],[7.591,45.982],[7.596,45.984],[7.596,45.991],[7.592,45.991],[7.59,45.989],[7.589,45.984],[7.584,45.981],[7.581,45.977],[7.58,45.982],[7.573,45.986],[7.571,45.989],[7.564,45.99],[7.56,45.988]]],[[[7.561,45.986],[7.564,45.987],[7.565,45.986],[7.561,45.986]]],[[[7.599,46.416],[7.593,46.413],[7.592,46.416],[7.588,46.416],[7.588,46.421],[7.591,46.422],[7.598,46.429],[7.602,46.429],[7.605,46.433],[7.607,46.431],[7.605,46.427],[7.601,46.427],[7.596,46.422],[7.599,46.416]]],[[[7.5,46.366],[7.492,46.364],[7.494,46.368],[7.497,46.369],[7.489,46.369],[7.487,46.366],[7.487,46.369],[7.482,46.371],[7.481,46.374],[7.481,46.371],[7.478,46.369],[7.466,46.375],[7.466,46.378],[7.464,46.378],[7.458,46.374],[7.448,46.371],[7.446,46.373],[7.447,46.375],[7.444,46.378],[7.452,46.377],[7.459,46.38],[7.461,46.383],[7.466,46.382],[7.463,46.384],[7.471,46.387],[7.474,46.386],[7.475,46.387],[7.472,46.389],[7.474,46.392],[7.478,46.394],[7.483,46.393],[7.479,46.389],[7.481,46.388],[7.487,46.392],[7.491,46.391],[7.497,46.397],[7.5,46.396],[7.511,46.4],[7.511,46.407],[7.513,46.408],[7.515,46.407],[7.515,46.402],[7.524,46.402],[7.519,46.405],[7.53,46.408],[7.53,46.411],[7.533,46.413],[7.539,46.415],[7.546,46.415],[7.546,46.418],[7.538,46.418],[7.543,46.421],[7.546,46.421],[7.549,46.424],[7.561,46.423],[7.562,46.42],[7.554,46.418],[7.564,46.416],[7.549,46.412],[7.546,46.413],[7.543,46.411],[7.546,46.409],[7.556,46.412],[7.564,46.411],[7.567,46.414],[7.567,46.416],[7.573,46.418],[7.575,46.421],[7.581,46.42],[7.58,46.423],[7.583,46.423],[7.582,46.42],[7.584,46.418],[7.582,46.416],[7.575,46.414],[7.569,46.404],[7.565,46.403],[7.562,46.404],[7.559,46.402],[7.558,46.4],[7.561,46.396],[7.559,46.394],[7.556,46.394],[7.552,46.397],[7.549,46.402],[7.548,46.398],[7.549,46.396],[7.556,46.393],[7.559,46.388],[7.562,46.393],[7.575,46.389],[7.581,46.389],[7.58,46.384],[7.572,46.378],[7.57,46.378],[7.569,46.373],[7.565,46.38],[7.569,46.38],[7.569,46.383],[7.562,46.38],[7.556,46.382],[7.543,46.379],[7.536,46.38],[7.518,46.375],[7.515,46.373],[7.516,46.371],[7.511,46.369],[7.507,46.365],[7.5,46.366]]],[[[7.481,45.955],[7.477,45.956],[7.474,45.953],[7.471,45.953],[7.459,45.959],[7.461,45.963],[7.464,45.96],[7.471,45.963],[7.481,45.963],[7.482,45.964],[7.481,45.965],[7.471,45.964],[7.47,45.966],[7.474,45.969],[7.484,45.969],[7.485,45.971],[7.484,45.973],[7.474,45.975],[7.464,45.966],[7.458,45.967],[7.461,45.973],[7.46,45.977],[7.461,45.98],[7.464,45.98],[7.471,45.985],[7.487,45.987],[7.492,45.984],[7.493,45.98],[7.497,45.98],[7.503,45.973],[7.503,45.968],[7.5,45.97],[7.498,45.968],[7.498,45.966],[7.5,45.965],[7.506,45.964],[7.503,45.961],[7.497,45.959],[7.489,45.957],[7.484,45.958],[7.481,45.955]]],[[[7.506,45.964],[7.514,45.968],[7.523,45.978],[7.529,45.97],[7.532,45.972],[7.535,45.971],[7.542,45.967],[7.543,45.964],[7.542,45.96],[7.529,45.963],[7.526,45.965],[7.522,45.964],[7.519,45.968],[7.517,45.966],[7.518,45.964],[7.516,45.963],[7.506,45.964]]],[[[7.397,45.984],[7.39,45.978],[7.387,45.978],[7.382,45.982],[7.381,45.994],[7.374,46.003],[7.377,46.006],[7.387,46.004],[7.39,46.006],[7.394,46.004],[7.389,46.009],[7.39,46.013],[7.393,46.014],[7.41,46.014],[7.41,46.012],[7.406,46.013],[7.403,46.008],[7.413,46.006],[7.415,46.004],[7.412,46.002],[7.41,45.998],[7.404,45.995],[7.416,45.993],[7.413,45.991],[7.406,45.992],[7.406,45.989],[7.41,45.989],[7.409,45.986],[7.397,45.984]]],[[[7.413,45.991],[7.419,45.994],[7.422,45.993],[7.423,45.99],[7.426,45.993],[7.432,45.995],[7.428,45.998],[7.439,46.003],[7.442,45.995],[7.443,45.998],[7.449,46.002],[7.454,45.998],[7.446,45.995],[7.47,45.991],[7.463,45.986],[7.458,45.985],[7.455,45.982],[7.453,45.986],[7.457,45.989],[7.455,45.99],[7.453,45.989],[7.45,45.986],[7.45,45.982],[7.444,45.975],[7.437,45.971],[7.438,45.968],[7.435,45.967],[7.431,45.973],[7.432,45.977],[7.43,45.98],[7.43,45.984],[7.432,45.989],[7.429,45.989],[7.426,45.983],[7.416,45.978],[7.409,45.98],[7.413,45.981],[7.415,45.984],[7.413,45.991]]],[[[7.341,46.336],[7.332,46.331],[7.326,46.333],[7.332,46.334],[7.332,46.337],[7.335,46.34],[7.341,46.342],[7.348,46.348],[7.35,46.344],[7.346,46.342],[7.346,46.337],[7.341,46.336]]],[[[7.348,46.348],[7.348,46.351],[7.341,46.351],[7.336,46.348],[7.328,46.35],[7.315,46.345],[7.31,46.351],[7.331,46.356],[7.334,46.355],[7.331,46.354],[7.331,46.351],[7.338,46.358],[7.341,46.358],[7.347,46.362],[7.352,46.362],[7.353,46.357],[7.355,46.355],[7.361,46.36],[7.362,46.362],[7.36,46.364],[7.364,46.366],[7.362,46.369],[7.364,46.374],[7.368,46.373],[7.367,46.368],[7.37,46.368],[7.375,46.371],[7.377,46.376],[7.38,46.373],[7.383,46.375],[7.393,46.376],[7.406,46.38],[7.408,46.378],[7.403,46.37],[7.393,46.372],[7.389,46.369],[7.397,46.362],[7.395,46.36],[7.395,46.355],[7.407,46.353],[7.407,46.351],[7.396,46.35],[7.39,46.354],[7.383,46.354],[7.374,46.351],[7.36,46.351],[7.363,46.346],[7.37,46.35],[7.383,46.347],[7.387,46.348],[7.392,46.344],[7.385,46.339],[7.377,46.339],[7.374,46.336],[7.368,46.337],[7.367,46.334],[7.368,46.333],[7.361,46.331],[7.359,46.333],[7.36,46.335],[7.359,46.344],[7.348,46.348]]],[[[7.406,45.971],[7.4,45.969],[7.397,45.97],[7.396,45.971],[7.397,45.974],[7.395,45.977],[7.397,45.979],[7.403,45.979],[7.406,45.975],[7.404,45.973],[7.406,45.971]]],[[[7.37,46.036],[7.368,46.035],[7.366,46.036],[7.366,46.038],[7.364,46.041],[7.361,46.042],[7.359,46.047],[7.364,46.053],[7.37,46.047],[7.367,46.045],[7.372,46.043],[7.37,46.036]]],[[[7.352,46.063],[7.342,46.067],[7.33,46.069],[7.334,46.072],[7.335,46.075],[7.348,46.074],[7.351,46.068],[7.353,46.069],[7.352,46.072],[7.358,46.076],[7.364,46.074],[7.357,46.065],[7.352,46.063]]],[[[7.333,45.917],[7.329,45.915],[7.323,45.916],[7.322,45.917],[7.323,45.919],[7.332,45.919],[7.326,45.923],[7.316,45.923],[7.31,45.92],[7.303,45.92],[7.303,45.922],[7.307,45.922],[7.309,45.928],[7.319,45.93],[7.329,45.924],[7.336,45.922],[7.337,45.921],[7.333,45.919],[7.333,45.917]]],[[[7.298,45.941],[7.294,45.94],[7.291,45.941],[7.291,45.943],[7.297,45.949],[7.304,45.95],[7.303,45.952],[7.299,45.952],[7.301,45.955],[7.305,45.957],[7.308,45.964],[7.313,45.965],[7.316,45.964],[7.31,45.953],[7.307,45.953],[7.311,45.946],[7.306,45.944],[7.3,45.945],[7.298,45.941]]],[[[7.281,45.941],[7.277,45.943],[7.276,45.946],[7.271,45.95],[7.269,45.955],[7.27,45.957],[7.267,45.959],[7.268,45.963],[7.274,45.962],[7.276,45.964],[7.277,45.968],[7.272,45.97],[7.276,45.973],[7.275,45.975],[7.277,45.976],[7.284,45.971],[7.289,45.97],[7.288,45.968],[7.29,45.967],[7.294,45.97],[7.296,45.975],[7.3,45.977],[7.311,45.973],[7.31,45.97],[7.304,45.966],[7.299,45.957],[7.294,45.954],[7.287,45.957],[7.284,45.955],[7.296,45.95],[7.283,45.946],[7.281,45.941]]],[[[7.302,45.923],[7.296,45.923],[7.295,45.928],[7.29,45.93],[7.29,45.933],[7.301,45.932],[7.301,45.93],[7.304,45.928],[7.302,45.923]]],[[[7.274,45.979],[7.267,45.979],[7.267,45.982],[7.265,45.984],[7.268,45.985],[7.271,45.983],[7.274,45.986],[7.273,45.988],[7.277,45.99],[7.278,45.988],[7.276,45.986],[7.279,45.984],[7.274,45.979]]],[[[7.266,45.898],[7.255,45.891],[7.252,45.892],[7.245,45.896],[7.245,45.898],[7.249,45.9],[7.258,45.899],[7.261,45.905],[7.265,45.906],[7.27,45.903],[7.266,45.898]]],[[[7.198,46.305],[7.189,46.305],[7.193,46.312],[7.201,46.317],[7.202,46.321],[7.206,46.323],[7.207,46.326],[7.204,46.328],[7.205,46.33],[7.207,46.33],[7.208,46.333],[7.212,46.332],[7.221,46.338],[7.223,46.337],[7.223,46.332],[7.227,46.33],[7.233,46.33],[7.234,46.332],[7.241,46.327],[7.257,46.328],[7.262,46.326],[7.263,46.324],[7.257,46.317],[7.244,46.31],[7.23,46.31],[7.211,46.316],[7.205,46.313],[7.203,46.308],[7.198,46.305]]],[[[7.234,46.332],[7.234,46.335],[7.241,46.335],[7.237,46.331],[7.234,46.332]]],[[[7.183,46.242],[7.176,46.238],[7.17,46.241],[7.163,46.239],[7.145,46.24],[7.151,46.242],[7.157,46.25],[7.16,46.249],[7.158,46.251],[7.163,46.252],[7.169,46.258],[7.176,46.26],[7.184,46.256],[7.184,46.254],[7.176,46.253],[7.17,46.249],[7.182,46.247],[7.181,46.245],[7.183,46.243],[7.188,46.247],[7.191,46.247],[7.188,46.242],[7.183,46.242]]],[[[7.184,46.305],[7.16,46.305],[7.159,46.308],[7.16,46.31],[7.163,46.311],[7.166,46.31],[7.166,46.308],[7.186,46.312],[7.187,46.308],[7.184,46.305]]],[[[7.168,46.267],[7.16,46.256],[7.157,46.256],[7.154,46.258],[7.16,46.263],[7.163,46.272],[7.168,46.267]]],[[[7.066,45.918],[7.058,45.917],[7.053,45.92],[7.049,45.926],[7.045,45.925],[7.044,45.929],[7.045,45.932],[7.052,45.939],[7.052,45.936],[7.055,45.934],[7.05,45.932],[7.05,45.929],[7.058,45.927],[7.066,45.92],[7.066,45.918]]],[[[7.053,45.956],[7.042,45.953],[7.036,45.956],[7.032,45.955],[7.029,45.958],[7.026,45.958],[7.024,45.959],[7.03,45.961],[7.026,45.963],[7.026,45.965],[7.022,45.965],[7.026,45.961],[7.023,45.959],[7.016,45.96],[7.013,45.965],[7.008,45.967],[7.009,45.972],[7.015,45.977],[7.014,45.979],[7.018,45.981],[7.016,45.985],[7.011,45.988],[7.011,45.999],[7.003,46.001],[6.993,46.001],[6.984,46.006],[6.983,46.01],[6.984,46.015],[6.993,46.015],[6.992,46.012],[6.993,46.011],[7.006,46.014],[7.009,46.012],[7.022,46.009],[7.027,46.01],[7.025,46.015],[7.027,46.015],[7.031,46.013],[7.035,46.008],[7.045,46.004],[7.045,46.001],[7.051,46.002],[7.061,46.001],[7.062,45.999],[7.051,45.995],[7.055,45.993],[7.051,45.988],[7.051,45.986],[7.054,45.983],[7.047,45.979],[7.048,45.977],[7.06,45.974],[7.062,45.972],[7.063,45.965],[7.062,45.963],[7.056,45.961],[7.053,45.956]]],[[[6.938,46.163],[6.931,46.161],[6.929,46.163],[6.929,46.167],[6.94,46.173],[6.943,46.173],[6.947,46.17],[6.947,46.166],[6.94,46.165],[6.938,46.163]]],[[[6.919,46.102],[6.917,46.102],[6.915,46.111],[6.917,46.113],[6.915,46.114],[6.905,46.113],[6.902,46.107],[6.901,46.111],[6.895,46.113],[6.895,46.122],[6.892,46.126],[6.856,46.127],[6.86,46.127],[6.866,46.13],[6.876,46.13],[6.879,46.133],[6.882,46.133],[6.884,46.131],[6.881,46.129],[6.882,46.128],[6.892,46.128],[6.894,46.129],[6.894,46.131],[6.89,46.133],[6.899,46.133],[6.898,46.136],[6.9,46.138],[6.902,46.139],[6.905,46.137],[6.911,46.14],[6.914,46.145],[6.916,46.145],[6.919,46.143],[6.915,46.14],[6.921,46.14],[6.923,46.138],[6.924,46.131],[6.931,46.129],[6.936,46.125],[6.929,46.116],[6.928,46.108],[6.925,46.11],[6.919,46.104],[6.919,46.102]]],[[[6.901,46.068],[6.888,46.068],[6.896,46.073],[6.896,46.076],[6.893,46.074],[6.889,46.074],[6.888,46.077],[6.889,46.082],[6.885,46.086],[6.885,46.091],[6.887,46.093],[6.885,46.097],[6.886,46.098],[6.889,46.096],[6.89,46.097],[6.888,46.102],[6.895,46.106],[6.899,46.106],[6.9,46.104],[6.899,46.098],[6.894,46.093],[6.905,46.08],[6.907,46.082],[6.91,46.082],[6.906,46.072],[6.901,46.073],[6.899,46.071],[6.901,46.068]]],[[[6.89,46.046],[6.88,46.045],[6.877,46.048],[6.873,46.047],[6.87,46.053],[6.873,46.055],[6.873,46.058],[6.88,46.051],[6.882,46.055],[6.881,46.059],[6.883,46.06],[6.886,46.058],[6.893,46.062],[6.896,46.062],[6.897,46.061],[6.895,46.055],[6.904,46.053],[6.896,46.051],[6.89,46.046]]]]},"properties":{"value":200,"fill":"#054F8C","zIndex":6},"id":"5"},{"type":"Feature","geometry":{"type":"MultiPolygon","coordinates":[[[[8.841,46.819],[8.837,46.821],[8.837,46.826],[8.84,46.828],[8.84,46.83],[8.83,46.832],[8.831,46.834],[8.836,46.835],[8.844,46.833],[8.848,46.829],[8.85,46.834],[8.848,46.837],[8.851,46.842],[8.858,46.84],[8.859,46.841],[8.855,46.841],[8.852,46.843],[8.85,46.846],[8.851,46.847],[8.855,46.847],[8.858,46.844],[8.868,46.842],[8.871,46.839],[8.871,46.836],[8.874,46.835],[8.878,46.836],[8.876,46.839],[8.878,46.846],[8.887,46.848],[8.897,46.846],[8.889,46.838],[8.887,46.827],[8.884,46.827],[8.877,46.822],[8.872,46.827],[8.872,46.83],[8.867,46.831],[8.861,46.827],[8.854,46.827],[8.841,46.819]]],[[[8.529,46.779],[8.526,46.783],[8.523,46.784],[8.526,46.784],[8.531,46.788],[8.53,46.793],[8.532,46.795],[8.536,46.794],[8.535,46.788],[8.54,46.788],[8.542,46.791],[8.546,46.791],[8.543,46.788],[8.546,46.784],[8.545,46.783],[8.539,46.781],[8.532,46.781],[8.529,46.779]]],[[[8.45,46.692],[8.445,46.688],[8.422,46.69],[8.419,46.689],[8.414,46.691],[8.413,46.693],[8.428,46.695],[8.419,46.699],[8.409,46.693],[8.403,46.693],[8.4,46.695],[8.402,46.697],[8.4,46.7],[8.41,46.702],[8.416,46.705],[8.426,46.706],[8.439,46.699],[8.452,46.702],[8.452,46.696],[8.45,46.692]]],[[[8.429,46.632],[8.425,46.632],[8.424,46.636],[8.424,46.643],[8.428,46.645],[8.433,46.641],[8.429,46.632]]],[[[8.407,46.623],[8.402,46.619],[8.395,46.619],[8.391,46.626],[8.382,46.627],[8.376,46.634],[8.372,46.634],[8.369,46.632],[8.364,46.635],[8.364,46.639],[8.368,46.641],[8.361,46.646],[8.36,46.651],[8.357,46.655],[8.36,46.657],[8.349,46.657],[8.349,46.66],[8.353,46.662],[8.353,46.665],[8.357,46.666],[8.359,46.664],[8.363,46.664],[8.371,46.666],[8.373,46.668],[8.38,46.669],[8.386,46.666],[8.395,46.67],[8.396,46.672],[8.397,46.67],[8.402,46.668],[8.406,46.669],[8.406,46.661],[8.402,46.658],[8.396,46.657],[8.405,46.656],[8.409,46.658],[8.412,46.655],[8.418,46.653],[8.421,46.65],[8.421,46.648],[8.42,46.641],[8.417,46.637],[8.417,46.63],[8.415,46.628],[8.411,46.628],[8.41,46.632],[8.408,46.633],[8.4,46.632],[8.406,46.63],[8.407,46.623]]],[[[8.131,46.634],[8.128,46.636],[8.134,46.642],[8.141,46.639],[8.131,46.634]]],[[[8.131,46.634],[8.137,46.63],[8.143,46.632],[8.142,46.636],[8.144,46.637],[8.15,46.637],[8.153,46.641],[8.16,46.641],[8.16,46.638],[8.162,46.636],[8.156,46.634],[8.152,46.627],[8.154,46.626],[8.156,46.627],[8.157,46.63],[8.158,46.625],[8.166,46.618],[8.165,46.616],[8.169,46.614],[8.169,46.611],[8.166,46.608],[8.16,46.606],[8.153,46.608],[8.149,46.612],[8.151,46.614],[8.142,46.616],[8.145,46.618],[8.144,46.621],[8.14,46.624],[8.136,46.621],[8.137,46.613],[8.136,46.609],[8.121,46.599],[8.114,46.6],[8.113,46.603],[8.114,46.604],[8.122,46.605],[8.111,46.608],[8.109,46.61],[8.123,46.614],[8.123,46.616],[8.12,46.618],[8.121,46.63],[8.131,46.634]]],[[[8.155,46.526],[8.152,46.525],[8.146,46.527],[8.136,46.535],[8.139,46.536],[8.143,46.535],[8.146,46.531],[8.153,46.531],[8.152,46.528],[8.155,46.526]]],[[[8.087,46.56],[8.094,46.558],[8.087,46.556],[8.083,46.558],[8.087,46.56]]],[[[8.094,46.558],[8.105,46.558],[8.107,46.556],[8.111,46.558],[8.11,46.56],[8.12,46.561],[8.123,46.564],[8.133,46.554],[8.136,46.554],[8.143,46.548],[8.139,46.548],[8.138,46.544],[8.136,46.543],[8.127,46.546],[8.117,46.552],[8.107,46.552],[8.104,46.555],[8.1,46.552],[8.098,46.553],[8.099,46.556],[8.094,46.558]]],[[[8.115,46.544],[8.11,46.54],[8.107,46.542],[8.104,46.541],[8.101,46.542],[8.099,46.544],[8.099,46.547],[8.094,46.546],[8.089,46.551],[8.091,46.553],[8.094,46.553],[8.096,46.551],[8.108,46.549],[8.115,46.544]]],[[[8.102,46.535],[8.1,46.529],[8.097,46.529],[8.09,46.535],[8.086,46.535],[8.08,46.54],[8.083,46.542],[8.079,46.544],[8.081,46.547],[8.099,46.538],[8.102,46.535]]],[[[8.053,46.531],[8.041,46.528],[8.038,46.529],[8.029,46.537],[8.016,46.538],[8.019,46.542],[8.02,46.547],[8.023,46.549],[8.016,46.556],[8.012,46.558],[8.007,46.558],[8.01,46.563],[8.007,46.565],[8.009,46.567],[8.033,46.563],[8.036,46.56],[8.042,46.558],[8.04,46.556],[8.042,46.553],[8.043,46.558],[8.055,46.555],[8.055,46.55],[8.05,46.554],[8.047,46.554],[8.049,46.551],[8.045,46.549],[8.05,46.547],[8.055,46.536],[8.053,46.531]]],[[[7.99,46.504],[7.983,46.507],[7.979,46.514],[7.972,46.52],[7.971,46.523],[7.972,46.527],[7.97,46.53],[7.973,46.532],[7.972,46.534],[7.981,46.536],[7.976,46.538],[7.969,46.538],[7.974,46.543],[7.972,46.545],[7.976,46.549],[7.987,46.549],[7.989,46.552],[7.993,46.554],[8.003,46.555],[8.006,46.557],[8.01,46.554],[8.01,46.547],[8.007,46.543],[8.007,46.538],[8.004,46.536],[8.005,46.534],[8.004,46.531],[8.014,46.522],[8.013,46.52],[8.009,46.52],[8.006,46.522],[8.001,46.522],[7.996,46.526],[7.986,46.528],[7.983,46.53],[7.983,46.526],[7.978,46.525],[7.987,46.522],[7.986,46.52],[7.99,46.513],[7.99,46.504]]],[[[7.98,46.505],[7.979,46.498],[7.973,46.502],[7.97,46.502],[7.966,46.507],[7.956,46.511],[7.963,46.513],[7.974,46.509],[7.98,46.505]]],[[[7.979,46.478],[7.969,46.477],[7.965,46.478],[7.971,46.48],[7.956,46.489],[7.957,46.484],[7.966,46.482],[7.963,46.479],[7.943,46.486],[7.942,46.489],[7.937,46.493],[7.936,46.496],[7.937,46.498],[7.935,46.502],[7.936,46.505],[7.943,46.509],[7.957,46.508],[7.958,46.507],[7.957,46.505],[7.952,46.505],[7.954,46.498],[7.956,46.496],[7.96,46.5],[7.96,46.496],[7.966,46.49],[7.969,46.489],[7.972,46.491],[7.973,46.496],[7.975,46.493],[7.974,46.487],[7.975,46.484],[7.979,46.481],[7.979,46.478]]],[[[7.914,46.001],[7.911,46.001],[7.909,46.003],[7.913,46.008],[7.915,46.008],[7.916,46.006],[7.923,46.006],[7.925,46.003],[7.923,46.002],[7.92,46.005],[7.914,46.001]]],[[[7.874,45.974],[7.868,45.979],[7.866,45.983],[7.872,45.985],[7.874,45.99],[7.877,45.99],[7.879,45.992],[7.88,45.997],[7.884,46.001],[7.894,46.004],[7.903,46.004],[7.907,46.0],[7.907,45.998],[7.904,45.997],[7.904,45.994],[7.9,45.989],[7.893,45.988],[7.895,45.985],[7.894,45.984],[7.874,45.974]]],[[[7.859,46.476],[7.853,46.476],[7.855,46.478],[7.854,46.48],[7.855,46.483],[7.851,46.485],[7.855,46.488],[7.861,46.487],[7.865,46.483],[7.861,46.48],[7.862,46.478],[7.859,46.476]]],[[[7.813,46.46],[7.803,46.459],[7.797,46.462],[7.803,46.469],[7.803,46.474],[7.81,46.475],[7.816,46.48],[7.829,46.487],[7.836,46.488],[7.839,46.484],[7.842,46.487],[7.847,46.487],[7.846,46.484],[7.839,46.482],[7.836,46.477],[7.833,46.476],[7.839,46.474],[7.842,46.475],[7.844,46.471],[7.842,46.469],[7.836,46.467],[7.832,46.468],[7.826,46.467],[7.813,46.46]]],[[[7.584,45.997],[7.577,46.002],[7.577,46.004],[7.582,46.004],[7.581,46.009],[7.587,46.013],[7.587,46.016],[7.59,46.016],[7.597,46.011],[7.6,46.011],[7.6,46.006],[7.597,46.004],[7.59,46.004],[7.584,46.0],[7.584,45.997]]],[[[7.546,46.399],[7.543,46.397],[7.533,46.4],[7.529,46.405],[7.536,46.412],[7.543,46.406],[7.544,46.402],[7.546,46.402],[7.546,46.399]]],[[[7.365,46.353],[7.361,46.355],[7.367,46.363],[7.371,46.362],[7.369,46.364],[7.374,46.368],[7.38,46.364],[7.381,46.362],[7.38,46.36],[7.374,46.355],[7.367,46.355],[7.365,46.353]]],[[[7.224,46.314],[7.211,46.317],[7.205,46.316],[7.21,46.323],[7.21,46.326],[7.207,46.328],[7.211,46.329],[7.218,46.325],[7.228,46.325],[7.231,46.323],[7.224,46.314]]],[[[7.019,45.979],[7.018,45.981],[7.019,45.983],[7.012,45.988],[7.013,45.992],[7.012,45.999],[7.009,46.001],[6.994,46.003],[6.991,46.006],[6.993,46.008],[7.003,46.007],[7.013,46.009],[7.022,46.005],[7.024,46.008],[7.029,46.008],[7.035,46.002],[7.042,46.0],[7.046,45.997],[7.045,45.992],[7.042,45.989],[7.032,45.986],[7.026,45.986],[7.021,45.983],[7.022,45.981],[7.019,45.979]]],[[[7.019,45.979],[7.017,45.977],[7.023,45.974],[7.027,45.977],[7.027,45.981],[7.025,45.983],[7.026,45.985],[7.029,45.984],[7.037,45.977],[7.036,45.974],[7.044,45.972],[7.041,45.97],[7.041,45.965],[7.043,45.961],[7.042,45.96],[7.029,45.963],[7.032,45.968],[7.029,45.97],[7.026,45.968],[7.016,45.968],[7.012,45.974],[7.016,45.977],[7.015,45.979],[7.019,45.979]]]]},"properties":{"value":300,"fill":"#610432","zIndex":7},"id":"6"}],"validAt":"2026-05-18T06:00:00Z"}