{"type":"FeatureCollection","features":[{"type":"Feature","geometry":{"type":"MultiPolygon","coordinates":[[[[10.182,46.684],[10.175,46.691],[10.15,46.696],[10.152,46.701],[10.156,46.703],[10.149,46.703],[10.143,46.705],[10.133,46.703],[10.127,46.71],[10.123,46.707],[10.115,46.708],[10.114,46.713],[10.108,46.722],[10.104,46.722],[10.098,46.727],[10.098,46.729],[10.103,46.733],[10.101,46.738],[10.103,46.742],[10.103,46.749],[10.109,46.752],[10.116,46.752],[10.122,46.754],[10.125,46.751],[10.122,46.749],[10.122,46.746],[10.125,46.742],[10.135,46.751],[10.138,46.75],[10.139,46.753],[10.145,46.758],[10.154,46.757],[10.156,46.752],[10.155,46.75],[10.161,46.752],[10.165,46.75],[10.168,46.752],[10.169,46.757],[10.175,46.76],[10.18,46.754],[10.188,46.755],[10.19,46.754],[10.191,46.751],[10.19,46.749],[10.192,46.745],[10.19,46.743],[10.194,46.74],[10.197,46.74],[10.205,46.744],[10.213,46.753],[10.213,46.758],[10.217,46.759],[10.221,46.758],[10.223,46.744],[10.229,46.737],[10.236,46.747],[10.247,46.752],[10.251,46.75],[10.248,46.752],[10.253,46.756],[10.26,46.758],[10.263,46.756],[10.266,46.758],[10.27,46.757],[10.27,46.759],[10.273,46.76],[10.273,46.763],[10.277,46.766],[10.283,46.763],[10.283,46.76],[10.286,46.76],[10.293,46.755],[10.294,46.749],[10.292,46.747],[10.295,46.744],[10.295,46.742],[10.292,46.74],[10.292,46.738],[10.294,46.733],[10.284,46.722],[10.284,46.72],[10.281,46.718],[10.274,46.718],[10.274,46.716],[10.267,46.714],[10.267,46.71],[10.274,46.709],[10.284,46.711],[10.287,46.713],[10.294,46.713],[10.297,46.711],[10.296,46.706],[10.303,46.71],[10.303,46.715],[10.307,46.717],[10.313,46.717],[10.315,46.715],[10.308,46.706],[10.309,46.704],[10.323,46.71],[10.327,46.71],[10.327,46.712],[10.33,46.714],[10.341,46.71],[10.342,46.705],[10.345,46.703],[10.345,46.7],[10.355,46.7],[10.358,46.698],[10.358,46.696],[10.361,46.697],[10.365,46.695],[10.368,46.698],[10.366,46.7],[10.368,46.702],[10.362,46.703],[10.359,46.711],[10.348,46.718],[10.353,46.723],[10.354,46.727],[10.358,46.729],[10.357,46.73],[10.347,46.732],[10.339,46.728],[10.337,46.725],[10.333,46.724],[10.327,46.728],[10.327,46.73],[10.321,46.735],[10.321,46.737],[10.315,46.739],[10.315,46.744],[10.318,46.746],[10.319,46.753],[10.315,46.753],[10.312,46.751],[10.308,46.755],[10.31,46.76],[10.314,46.762],[10.313,46.766],[10.308,46.771],[10.311,46.776],[10.317,46.777],[10.32,46.775],[10.326,46.775],[10.328,46.777],[10.328,46.78],[10.333,46.784],[10.337,46.784],[10.34,46.782],[10.342,46.784],[10.343,46.789],[10.357,46.792],[10.362,46.797],[10.367,46.799],[10.373,46.796],[10.374,46.794],[10.371,46.79],[10.372,46.785],[10.369,46.783],[10.372,46.781],[10.372,46.778],[10.375,46.774],[10.382,46.78],[10.386,46.781],[10.398,46.777],[10.402,46.778],[10.408,46.774],[10.412,46.777],[10.415,46.777],[10.415,46.782],[10.405,46.784],[10.399,46.789],[10.399,46.791],[10.396,46.794],[10.394,46.803],[10.397,46.809],[10.395,46.812],[10.401,46.816],[10.401,46.818],[10.404,46.821],[10.41,46.816],[10.414,46.816],[10.423,46.812],[10.427,46.813],[10.43,46.816],[10.437,46.817],[10.44,46.819],[10.435,46.822],[10.436,46.824],[10.444,46.828],[10.438,46.833],[10.438,46.835],[10.443,46.837],[10.445,46.84],[10.441,46.842],[10.448,46.847],[10.451,46.845],[10.455,46.847],[10.458,46.846],[10.457,46.851],[10.462,46.856],[10.469,46.858],[10.471,46.855],[10.471,46.85],[10.467,46.848],[10.467,46.839],[10.46,46.835],[10.46,46.832],[10.457,46.831],[10.456,46.812],[10.452,46.81],[10.452,46.808],[10.449,46.806],[10.449,46.803],[10.429,46.791],[10.432,46.788],[10.431,46.784],[10.438,46.781],[10.438,46.779],[10.441,46.777],[10.441,46.774],[10.444,46.772],[10.443,46.754],[10.44,46.752],[10.433,46.752],[10.416,46.742],[10.413,46.742],[10.403,46.735],[10.418,46.723],[10.418,46.717],[10.415,46.714],[10.414,46.71],[10.408,46.706],[10.401,46.706],[10.4,46.699],[10.392,46.692],[10.393,46.69],[10.387,46.688],[10.386,46.679],[10.393,46.672],[10.392,46.665],[10.395,46.663],[10.395,46.654],[10.398,46.652],[10.398,46.647],[10.401,46.645],[10.401,46.64],[10.414,46.64],[10.426,46.638],[10.426,46.635],[10.419,46.631],[10.418,46.627],[10.42,46.624],[10.405,46.622],[10.408,46.62],[10.409,46.615],[10.406,46.613],[10.399,46.613],[10.399,46.616],[10.396,46.614],[10.395,46.616],[10.396,46.62],[10.387,46.623],[10.383,46.62],[10.38,46.62],[10.379,46.621],[10.38,46.623],[10.371,46.625],[10.367,46.623],[10.361,46.626],[10.364,46.628],[10.364,46.63],[10.355,46.642],[10.362,46.644],[10.362,46.646],[10.352,46.646],[10.352,46.644],[10.345,46.641],[10.342,46.638],[10.335,46.64],[10.322,46.64],[10.323,46.645],[10.31,46.645],[10.306,46.647],[10.303,46.645],[10.29,46.643],[10.284,46.648],[10.284,46.65],[10.281,46.653],[10.281,46.657],[10.284,46.659],[10.281,46.659],[10.278,46.662],[10.274,46.659],[10.265,46.662],[10.265,46.66],[10.261,46.659],[10.252,46.664],[10.249,46.669],[10.242,46.674],[10.239,46.672],[10.236,46.674],[10.236,46.678],[10.226,46.676],[10.223,46.674],[10.22,46.677],[10.223,46.679],[10.223,46.681],[10.215,46.679],[10.213,46.677],[10.213,46.674],[10.206,46.672],[10.2,46.675],[10.2,46.684],[10.194,46.686],[10.187,46.68],[10.182,46.682],[10.182,46.684]]],[[[10.29,46.643],[10.293,46.641],[10.29,46.639],[10.29,46.637],[10.302,46.632],[10.302,46.629],[10.305,46.627],[10.305,46.623],[10.308,46.623],[10.312,46.62],[10.315,46.621],[10.328,46.615],[10.334,46.614],[10.34,46.609],[10.355,46.606],[10.356,46.601],[10.366,46.599],[10.363,46.596],[10.366,46.594],[10.379,46.594],[10.382,46.587],[10.377,46.583],[10.377,46.58],[10.384,46.576],[10.388,46.577],[10.391,46.581],[10.401,46.582],[10.404,46.585],[10.408,46.586],[10.414,46.584],[10.417,46.586],[10.424,46.585],[10.426,46.584],[10.427,46.581],[10.433,46.579],[10.433,46.572],[10.438,46.574],[10.443,46.579],[10.444,46.585],[10.438,46.59],[10.444,46.594],[10.447,46.593],[10.454,46.601],[10.458,46.603],[10.461,46.601],[10.464,46.603],[10.466,46.605],[10.462,46.61],[10.463,46.612],[10.47,46.614],[10.478,46.623],[10.481,46.622],[10.487,46.618],[10.487,46.607],[10.485,46.577],[10.482,46.576],[10.478,46.569],[10.477,46.564],[10.478,46.559],[10.481,46.557],[10.479,46.555],[10.48,46.551],[10.477,46.548],[10.471,46.547],[10.47,46.542],[10.467,46.54],[10.463,46.54],[10.46,46.538],[10.444,46.538],[10.441,46.54],[10.443,46.547],[10.441,46.548],[10.422,46.548],[10.419,46.55],[10.409,46.55],[10.406,46.548],[10.386,46.549],[10.377,46.553],[10.377,46.558],[10.354,46.559],[10.354,46.556],[10.35,46.554],[10.35,46.552],[10.344,46.548],[10.343,46.545],[10.34,46.543],[10.337,46.543],[10.328,46.55],[10.321,46.55],[10.317,46.548],[10.298,46.549],[10.295,46.551],[10.295,46.556],[10.292,46.558],[10.292,46.56],[10.286,46.565],[10.286,46.567],[10.277,46.574],[10.264,46.577],[10.257,46.573],[10.25,46.574],[10.244,46.578],[10.243,46.581],[10.239,46.584],[10.24,46.593],[10.25,46.602],[10.25,46.604],[10.254,46.606],[10.253,46.608],[10.256,46.611],[10.253,46.613],[10.254,46.615],[10.245,46.622],[10.245,46.624],[10.237,46.629],[10.237,46.635],[10.231,46.633],[10.224,46.634],[10.224,46.631],[10.221,46.629],[10.198,46.643],[10.199,46.646],[10.195,46.648],[10.199,46.652],[10.202,46.652],[10.206,46.655],[10.212,46.657],[10.219,46.657],[10.222,46.654],[10.235,46.655],[10.237,46.654],[10.238,46.651],[10.245,46.651],[10.248,46.649],[10.254,46.65],[10.256,46.649],[10.257,46.641],[10.27,46.637],[10.273,46.634],[10.278,46.637],[10.275,46.639],[10.277,46.643],[10.287,46.641],[10.29,46.643]]],[[[10.198,46.643],[10.19,46.643],[10.192,46.646],[10.195,46.646],[10.198,46.643]]],[[[9.486,46.658],[9.488428571428571,46.65757142857143],[9.488,46.658],[9.49,46.66],[9.492,46.658],[9.491100000000001,46.6571],[9.503,46.655],[9.506,46.658],[9.509,46.656],[9.509,46.653],[9.506,46.651],[9.506,46.647],[9.509,46.643],[9.512,46.644],[9.515,46.642],[9.515,46.633],[9.518,46.631],[9.518,46.626],[9.525,46.631],[9.535,46.63],[9.54,46.626],[9.538,46.624],[9.531,46.624],[9.531,46.621],[9.533,46.619],[9.524,46.615],[9.518,46.617],[9.521,46.615],[9.521,46.613],[9.521,46.608],[9.517,46.606],[9.517,46.604],[9.514,46.602],[9.511,46.602],[9.514,46.599],[9.514,46.597],[9.51,46.595],[9.51,46.586],[9.517,46.59],[9.517,46.593],[9.527,46.597],[9.543,46.595],[9.558,46.59],[9.556,46.581],[9.557,46.576],[9.555,46.572],[9.552,46.572],[9.552,46.567],[9.542,46.561],[9.542,46.558],[9.535,46.554],[9.532,46.554],[9.533,46.552],[9.545,46.55],[9.553,46.545],[9.554,46.54],[9.557,46.542],[9.564,46.538],[9.564,46.54],[9.561,46.542],[9.564,46.544],[9.564,46.547],[9.559,46.551],[9.561,46.556],[9.568,46.563],[9.588,46.574],[9.598,46.569],[9.599,46.566],[9.604,46.565],[9.605,46.564],[9.604,46.563],[9.597,46.56],[9.595,46.555],[9.605,46.546],[9.607,46.539],[9.61,46.537],[9.608,46.532],[9.601,46.528],[9.598,46.519],[9.594,46.517],[9.592,46.512],[9.595,46.511],[9.612,46.516],[9.617,46.507],[9.623,46.503],[9.627,46.494],[9.635,46.485],[9.636,46.48],[9.643,46.477],[9.646,46.471],[9.645,46.469],[9.646,46.467],[9.649,46.469],[9.652,46.466],[9.652,46.471],[9.654,46.473],[9.652,46.475],[9.653,46.486],[9.646,46.507],[9.646,46.514],[9.648,46.516],[9.648,46.527],[9.645,46.532],[9.64,46.536],[9.639,46.541],[9.636,46.545],[9.643,46.556],[9.644,46.561],[9.648,46.565],[9.648,46.572],[9.65,46.574],[9.657,46.576],[9.657,46.579],[9.659,46.581],[9.669,46.585],[9.667,46.59],[9.648,46.597],[9.641,46.597],[9.638,46.599],[9.635,46.597],[9.631,46.599],[9.628,46.602],[9.632,46.604],[9.633,46.608],[9.629,46.617],[9.626,46.62],[9.629,46.622],[9.623,46.622],[9.619,46.624],[9.613,46.629],[9.613,46.633],[9.623,46.637],[9.627,46.635],[9.63,46.638],[9.636,46.637],[9.64,46.639],[9.643,46.638],[9.646,46.639],[9.652,46.633],[9.649,46.631],[9.659,46.635],[9.665,46.632],[9.662,46.635],[9.663,46.642],[9.668,46.644],[9.669,46.646],[9.672,46.641],[9.679,46.637],[9.685,46.631],[9.69,46.636],[9.692,46.645],[9.695,46.647],[9.706,46.641],[9.71,46.636],[9.714,46.634],[9.713,46.627],[9.714,46.626],[9.717,46.624],[9.724,46.624],[9.73,46.618],[9.733,46.617],[9.737,46.618],[9.743,46.615],[9.743,46.613],[9.746,46.611],[9.747,46.606],[9.744,46.599],[9.755,46.593],[9.755,46.588],[9.765,46.588],[9.778,46.585],[9.781,46.589],[9.784,46.587],[9.786,46.59],[9.781,46.592],[9.781,46.594],[9.768428571428572,46.596357142857144],[9.77,46.594],[9.768,46.592],[9.767,46.594],[9.767823529411766,46.5964705882353],[9.765,46.597],[9.76,46.604],[9.772,46.614],[9.777,46.614],[9.777,46.617],[9.77,46.624],[9.77,46.626],[9.773,46.629],[9.784,46.632],[9.784,46.635],[9.786,46.636],[9.796,46.636],[9.802,46.641],[9.816,46.642],[9.819,46.644],[9.823,46.644],[9.826,46.642],[9.831,46.645],[9.823,46.647],[9.82,46.651],[9.816,46.65],[9.813,46.647],[9.81,46.65],[9.794,46.65],[9.79,46.647],[9.777,46.647],[9.768,46.653],[9.767,46.646],[9.764,46.644],[9.757,46.645],[9.745,46.653],[9.751,46.657],[9.768,46.657],[9.765,46.66],[9.761,46.662],[9.755,46.662],[9.752,46.665],[9.748,46.665],[9.745,46.669],[9.736,46.669],[9.732,46.671],[9.729,46.669],[9.719,46.672],[9.716,46.674],[9.716,46.676],[9.723,46.681],[9.726,46.681],[9.73,46.685],[9.74,46.685],[9.742,46.687],[9.743,46.693],[9.747,46.692],[9.75,46.689],[9.756,46.691],[9.758,46.694],[9.758,46.698],[9.763,46.704],[9.773,46.697],[9.782,46.693],[9.781,46.695],[9.786,46.698],[9.784,46.7],[9.785,46.702],[9.783,46.704],[9.783,46.707],[9.79,46.706],[9.788,46.711],[9.789,46.713],[9.787,46.716],[9.783,46.718],[9.786,46.72],[9.786,46.725],[9.788,46.729],[9.791,46.731],[9.794,46.73],[9.799,46.738],[9.799,46.749],[9.804,46.749],[9.808,46.751],[9.807,46.756],[9.811,46.758],[9.815,46.757],[9.837,46.735],[9.843,46.735],[9.846,46.732],[9.85,46.734],[9.844,46.746],[9.843,46.75],[9.846,46.753],[9.84,46.759],[9.841,46.762],[9.834,46.766],[9.832,46.771],[9.824,46.773],[9.828,46.78],[9.832,46.781],[9.834,46.784],[9.832,46.787],[9.836,46.788],[9.842,46.794],[9.852,46.79],[9.887,46.762],[9.89,46.763],[9.892,46.765],[9.884,46.781],[9.873,46.792],[9.867,46.802],[9.879,46.806],[9.886,46.806],[9.889,46.805],[9.892,46.801],[9.895,46.801],[9.902,46.796],[9.908,46.794],[9.908,46.796],[9.899,46.806],[9.895,46.805],[9.889,46.811],[9.866,46.816],[9.865,46.82],[9.871,46.822],[9.879,46.837],[9.887,46.837],[9.89,46.835],[9.886,46.844],[9.891,46.848],[9.894,46.85],[9.904,46.849],[9.917,46.852],[9.934,46.851],[9.937,46.853],[9.947,46.853],[9.951,46.852],[9.956,46.845],[9.959,46.845],[9.958,46.84],[9.962,46.834],[9.966,46.838],[9.966,46.84],[9.963,46.842],[9.963,46.845],[9.961,46.847],[9.966,46.849],[9.973,46.856],[9.976,46.855],[9.977,46.858],[9.964,46.86],[9.96,46.863],[9.96,46.865],[9.944,46.87],[9.944,46.872],[9.934,46.871],[9.928,46.875],[9.925,46.872],[9.915,46.875],[9.909,46.879],[9.909,46.886],[9.906,46.889],[9.899,46.888],[9.896,46.893],[9.9,46.898],[9.897,46.9],[9.903,46.904],[9.904,46.909],[9.907,46.911],[9.91,46.911],[9.926,46.904],[9.933,46.904],[9.926,46.906],[9.914,46.915],[9.899,46.918],[9.892,46.914],[9.889,46.909],[9.88,46.901],[9.867,46.903],[9.864,46.902],[9.854,46.905],[9.854,46.908],[9.851,46.908],[9.844,46.912],[9.841,46.916],[9.838,46.917],[9.838,46.919],[9.835,46.92],[9.832,46.919],[9.816,46.928],[9.809,46.929],[9.808,46.931],[9.811,46.933],[9.811,46.936],[9.815,46.942],[9.816,46.947],[9.82,46.951],[9.821,46.962],[9.827,46.966],[9.847,46.964],[9.84,46.969],[9.844,46.971],[9.841,46.973],[9.841,46.978],[9.845,46.98],[9.844,46.984],[9.851,46.986],[9.851,46.989],[9.858,46.993],[9.865,46.993],[9.855,47.0],[9.848,46.995],[9.845,46.996],[9.828,46.982],[9.821,46.983],[9.816,46.98],[9.805,46.98],[9.801,46.978],[9.798,46.981],[9.795,46.981],[9.793,46.983],[9.795,46.985],[9.802,46.985],[9.805,46.99],[9.799,46.994],[9.789,46.997],[9.782,46.996],[9.777,46.999],[9.779,47.001],[9.786,47.002],[9.796,46.999],[9.796,47.001],[9.799,47.003],[9.796,47.006],[9.8,47.01],[9.793,47.015],[9.793,47.017],[9.787,47.017],[9.78,47.022],[9.782,47.024],[9.781,47.028],[9.784,47.031],[9.781,47.037],[9.784,47.039],[9.788,47.036],[9.791,47.037],[9.794,47.034],[9.797,47.034],[9.81,47.025],[9.82,47.023],[9.826,47.018],[9.836,47.015],[9.839,47.018],[9.853,47.02],[9.859,47.024],[9.866,47.024],[9.868,47.022],[9.872,47.022],[9.875,47.02],[9.875,47.008],[9.891,46.999],[9.89,46.99],[9.887,46.988],[9.887,46.981],[9.883,46.977],[9.883,46.974],[9.88,46.973],[9.88,46.97],[9.876,46.968],[9.876,46.963],[9.879,46.961],[9.879,46.947],[9.882,46.945],[9.882,46.936],[9.888,46.934],[9.895,46.934],[9.907,46.926],[9.917,46.924],[9.924,46.919],[9.93,46.917],[9.937,46.917],[9.94,46.914],[9.95,46.914],[9.953,46.916],[9.969,46.916],[9.988,46.905],[9.992,46.905],[9.995,46.902],[10.001,46.9],[10.005,46.9],[10.008,46.902],[10.021,46.902],[10.027,46.897],[10.027,46.895],[10.04,46.885],[10.043,46.883],[10.047,46.883],[10.053,46.878],[10.052,46.867],[10.055,46.865],[10.082,46.864],[10.088,46.862],[10.091,46.86],[10.091,46.857],[10.094,46.855],[10.097,46.848],[10.107,46.843],[10.11,46.846],[10.12,46.85],[10.14,46.849],[10.147,46.854],[10.153,46.854],[10.156,46.851],[10.163,46.851],[10.173,46.858],[10.18,46.86],[10.194,46.868],[10.23,46.87],[10.23,46.877],[10.233,46.879],[10.237,46.879],[10.237,46.885],[10.228,46.89],[10.228,46.895],[10.225,46.897],[10.231,46.901],[10.232,46.904],[10.238,46.906],[10.24,46.93],[10.243,46.932],[10.262,46.932],[10.266,46.929],[10.272,46.929],[10.275,46.927],[10.282,46.927],[10.285,46.925],[10.292,46.924],[10.295,46.924],[10.298,46.927],[10.312,46.926],[10.312,46.929],[10.315,46.931],[10.318,46.93],[10.319,46.938],[10.309,46.938],[10.306,46.94],[10.306,46.949],[10.313,46.953],[10.32,46.953],[10.326,46.957],[10.333,46.957],[10.334,46.977],[10.338,46.982],[10.341,46.984],[10.348,46.984],[10.348,46.988],[10.354,46.993],[10.374,46.992],[10.375,46.997],[10.381,47.001],[10.394,47.001],[10.404,46.994],[10.403,46.991],[10.406,46.989],[10.407,46.985],[10.41,46.985],[10.416,46.98],[10.413,46.975],[10.406,46.976],[10.399,46.969],[10.389,46.969],[10.379,46.962],[10.372,46.961],[10.366,46.957],[10.359,46.957],[10.361,46.954],[10.359,46.95],[10.355,46.948],[10.355,46.945],[10.359,46.948],[10.362,46.945],[10.357,46.941],[10.358,46.934],[10.361,46.932],[10.364,46.934],[10.367,46.943],[10.368,46.944],[10.373,46.943],[10.375,46.947],[10.378,46.949],[10.385,46.947],[10.385,46.949],[10.388,46.952],[10.398,46.953],[10.401,46.951],[10.4,46.949],[10.391,46.942],[10.394,46.936],[10.398,46.94],[10.401,46.938],[10.411,46.944],[10.414,46.942],[10.414,46.939],[10.421,46.942],[10.424,46.94],[10.424,46.944],[10.434,46.944],[10.437,46.947],[10.443,46.943],[10.45,46.945],[10.456,46.943],[10.454,46.941],[10.45,46.941],[10.45,46.936],[10.457,46.936],[10.462,46.934],[10.462,46.929],[10.451,46.918],[10.453,46.914],[10.449,46.912],[10.44,46.912],[10.444,46.907],[10.438,46.903],[10.438,46.901],[10.435,46.898],[10.415,46.89],[10.411,46.89],[10.404,46.883],[10.404,46.879],[10.388,46.877],[10.384,46.87],[10.384,46.864],[10.377,46.859],[10.37,46.857],[10.367,46.857],[10.364,46.86],[10.354,46.86],[10.351,46.862],[10.349,46.865],[10.354,46.87],[10.358,46.871],[10.358,46.876],[10.345,46.88],[10.343,46.887],[10.346,46.889],[10.346,46.892],[10.336,46.894],[10.333,46.892],[10.33,46.898],[10.323,46.896],[10.316,46.897],[10.313,46.895],[10.31,46.897],[10.31,46.895],[10.313,46.893],[10.319,46.883],[10.316,46.88],[10.309,46.881],[10.299,46.875],[10.302,46.874],[10.308,46.867],[10.312,46.868],[10.323,46.863],[10.321,46.859],[10.311,46.859],[10.309,46.854],[10.323,46.847],[10.323,46.845],[10.32,46.843],[10.321,46.841],[10.33,46.836],[10.326,46.834],[10.32,46.835],[10.313,46.833],[10.307,46.834],[10.3,46.83],[10.303,46.828],[10.296,46.825],[10.293,46.828],[10.29,46.826],[10.28,46.826],[10.274,46.83],[10.267,46.826],[10.27,46.824],[10.27,46.817],[10.274,46.815],[10.273,46.813],[10.269,46.813],[10.266,46.81],[10.256,46.811],[10.253,46.813],[10.25,46.811],[10.246,46.811],[10.24,46.813],[10.237,46.816],[10.233,46.813],[10.22,46.809],[10.217,46.812],[10.217,46.818],[10.214,46.821],[10.214,46.825],[10.205,46.833],[10.201,46.831],[10.201,46.828],[10.195,46.826],[10.194,46.821],[10.191,46.819],[10.194,46.817],[10.191,46.815],[10.192,46.812],[10.19,46.81],[10.19,46.807],[10.194,46.805],[10.199,46.799],[10.196,46.79],[10.193,46.792],[10.18,46.795],[10.167,46.795],[10.16,46.79],[10.154,46.791],[10.152,46.793],[10.151,46.8],[10.141,46.804],[10.138,46.811],[10.137,46.807],[10.139,46.798],[10.131,46.791],[10.133,46.789],[10.13,46.785],[10.124,46.787],[10.124,46.789],[10.111,46.783],[10.095,46.79],[10.088,46.79],[10.094,46.779],[10.091,46.776],[10.087,46.776],[10.084,46.779],[10.081,46.778],[10.078,46.779],[10.072,46.775],[10.074,46.772],[10.074,46.766],[10.07,46.763],[10.044,46.758],[10.028,46.76],[10.018,46.758],[10.014,46.754],[10.011,46.756],[10.014,46.752],[10.017,46.751],[10.03,46.753],[10.045,46.748],[10.053,46.749],[10.056,46.747],[10.066,46.745],[10.065,46.741],[10.061,46.737],[10.06,46.73],[10.052,46.726],[10.049,46.726],[10.045,46.723],[10.045,46.721],[10.055,46.721],[10.062,46.719],[10.061,46.714],[10.066,46.712],[10.068,46.707],[10.067,46.703],[10.07,46.7],[10.07,46.698],[10.063,46.69],[10.057,46.689],[10.053,46.686],[10.05,46.687],[10.044,46.684],[10.04,46.685],[10.043,46.683],[10.037,46.677],[10.03,46.674],[10.023,46.674],[10.021,46.672],[10.022,46.668],[10.02,46.661],[10.006,46.658],[10.005,46.657],[10.009,46.65],[10.003,46.646],[9.993,46.646],[9.973,46.652],[9.97,46.651],[9.96,46.654],[9.948,46.66],[9.941,46.66],[9.935,46.663],[9.931,46.663],[9.931,46.658],[9.937,46.649],[9.944,46.651],[9.95,46.649],[9.967,46.64],[9.973,46.634],[9.982,46.633],[9.981,46.63],[9.972,46.624],[9.975,46.623],[9.979,46.624],[9.98,46.621],[9.968,46.617],[9.965,46.619],[9.962,46.615],[9.955,46.614],[9.952,46.61],[9.945,46.608],[9.942,46.604],[9.935,46.6],[9.918,46.593],[9.92,46.591],[9.898,46.585],[9.902,46.583],[9.901,46.58],[9.903,46.578],[9.897,46.569],[9.888,46.565],[9.888,46.563],[9.875,46.562],[9.858,46.564],[9.855,46.566],[9.826,46.564],[9.836,46.559],[9.839,46.559],[9.842,46.556],[9.851,46.556],[9.854,46.554],[9.861,46.553],[9.867,46.547],[9.864,46.543],[9.854,46.543],[9.852,46.541],[9.85,46.534],[9.854,46.532],[9.852,46.53],[9.852,46.527],[9.843,46.521],[9.841,46.507],[9.833,46.505],[9.834,46.501],[9.826,46.492],[9.823,46.494],[9.816,46.489],[9.806,46.486],[9.806,46.481],[9.804,46.479],[9.792,46.475],[9.792,46.472],[9.79,46.47],[9.791,46.468],[9.789,46.465],[9.776,46.464],[9.781,46.459],[9.781,46.457],[9.77,46.448],[9.758,46.442],[9.755,46.439],[9.739,46.435],[9.723,46.427],[9.717,46.42],[9.718,46.418],[9.708,46.413],[9.705,46.413],[9.699,46.409],[9.695,46.41],[9.692,46.407],[9.685,46.407],[9.679,46.404],[9.666,46.403],[9.659,46.401],[9.653,46.397],[9.646,46.397],[9.651,46.392],[9.651,46.388],[9.65,46.385],[9.645,46.381],[9.645,46.376],[9.622,46.372],[9.619,46.368],[9.612,46.368],[9.606,46.365],[9.596,46.363],[9.589,46.365],[9.58,46.364],[9.576,46.365],[9.573,46.363],[9.567,46.363],[9.563,46.361],[9.557,46.362],[9.544,46.357],[9.524,46.361],[9.518,46.355],[9.508,46.362],[9.498,46.361],[9.495,46.363],[9.495,46.366],[9.489,46.368],[9.479,46.368],[9.476,46.371],[9.466,46.373],[9.46,46.378],[9.46,46.38],[9.464,46.384],[9.464,46.387],[9.467,46.389],[9.464,46.391],[9.464,46.409],[9.461,46.411],[9.461,46.414],[9.452,46.42],[9.452,46.429],[9.456,46.432],[9.457,46.461],[9.46,46.463],[9.46,46.468],[9.464,46.47],[9.465,46.481],[9.467,46.483],[9.476,46.474],[9.474,46.467],[9.472,46.465],[9.473,46.463],[9.471,46.458],[9.472,46.456],[9.469,46.452],[9.472,46.436],[9.484,46.424],[9.493,46.42],[9.497,46.411],[9.5,46.408],[9.5,46.417],[9.497,46.422],[9.498,46.426],[9.493,46.429],[9.494,46.431],[9.49,46.431],[9.491,46.433],[9.487,46.44],[9.484,46.442],[9.484,46.447],[9.489,46.456],[9.487,46.458],[9.488,46.472],[9.493,46.474],[9.499,46.47],[9.519,46.464],[9.522,46.46],[9.53,46.46],[9.534,46.456],[9.541,46.454],[9.544,46.455],[9.539,46.459],[9.538,46.462],[9.528,46.467],[9.524,46.471],[9.525,46.473],[9.519,46.473],[9.509,46.478],[9.503,46.483],[9.496,46.483],[9.488,46.487],[9.487,46.494],[9.48,46.499],[9.481,46.504],[9.479,46.505],[9.484,46.51],[9.494,46.51],[9.493,46.512],[9.498,46.514],[9.482,46.52],[9.475,46.519],[9.472,46.522],[9.462,46.522],[9.459,46.524],[9.459,46.528],[9.456,46.531],[9.449,46.531],[9.448,46.533],[9.45,46.535],[9.448,46.54],[9.453,46.545],[9.456,46.546],[9.454,46.549],[9.455,46.551],[9.457,46.552],[9.463,46.55],[9.478,46.55],[9.478,46.555],[9.47,46.557],[9.467,46.56],[9.467,46.562],[9.47,46.564],[9.474,46.564],[9.474,46.567],[9.468,46.571],[9.468,46.573],[9.463,46.578],[9.471,46.58],[9.482,46.577],[9.484,46.582],[9.474,46.585],[9.468,46.589],[9.461,46.589],[9.456,46.591],[9.456,46.598],[9.459,46.601],[9.465,46.599],[9.478,46.6],[9.481,46.598],[9.477,46.607],[9.464,46.618],[9.463,46.623],[9.473,46.63],[9.486,46.627],[9.486,46.629],[9.481,46.634],[9.483,46.636],[9.496,46.637],[9.496,46.643],[9.487,46.649],[9.48,46.656],[9.481,46.658],[9.479,46.661],[9.484,46.666],[9.487,46.662],[9.49,46.661],[9.486,46.658]],[[9.865,46.993],[9.868,46.991],[9.868,46.993],[9.865,46.993]]],[[[9.506,46.658],[9.51,46.659],[9.51,46.657],[9.506,46.658]]],[[[9.524,46.615],[9.527,46.613],[9.521,46.613],[9.524,46.615]]],[[[9.781,47.037],[9.774,47.033],[9.771,47.027],[9.767,47.027],[9.761,47.031],[9.758,47.031],[9.757,47.027],[9.754,47.024],[9.748,47.025],[9.744,47.021],[9.741,47.025],[9.734,47.025],[9.728,47.027],[9.721,47.025],[9.718,47.026],[9.711,47.021],[9.703,47.019],[9.7,47.012],[9.698,47.011],[9.694,47.012],[9.688,47.017],[9.699,47.019],[9.699,47.023],[9.693,47.03],[9.695,47.032],[9.708,47.031],[9.715,47.034],[9.729,47.036],[9.73,47.038],[9.719,47.043],[9.715,47.041],[9.712,47.042],[9.709,47.046],[9.696,47.043],[9.693,47.048],[9.686,47.048],[9.683,47.051],[9.676,47.051],[9.673,47.053],[9.666,47.049],[9.653,47.051],[9.643,47.045],[9.62,47.045],[9.61,47.04],[9.607,47.041],[9.603,47.039],[9.6,47.041],[9.593,47.039],[9.599,47.034],[9.616,47.035],[9.618,47.034],[9.617,47.032],[9.613,47.029],[9.619,47.029],[9.632,47.025],[9.629,47.023],[9.622,47.023],[9.619,47.02],[9.619,47.018],[9.622,47.016],[9.622,47.014],[9.619,47.012],[9.612,47.009],[9.605,47.009],[9.596,47.016],[9.586,47.021],[9.59,47.023],[9.59,47.025],[9.583,47.025],[9.578,47.028],[9.577,47.037],[9.574,47.037],[9.567,47.042],[9.558,47.045],[9.554,47.044],[9.545,47.049],[9.548,47.051],[9.548,47.055],[9.541,47.06],[9.542,47.062],[9.539,47.065],[9.545,47.068],[9.548,47.067],[9.552,47.062],[9.555,47.062],[9.553,47.064],[9.555,47.067],[9.554,47.069],[9.559,47.071],[9.556,47.073],[9.555,47.076],[9.557,47.078],[9.549,47.08],[9.559,47.082],[9.562,47.087],[9.566,47.089],[9.569,47.098],[9.571,47.095],[9.574,47.095],[9.579,47.098],[9.583,47.095],[9.586,47.095],[9.584,47.097],[9.583,47.102],[9.59,47.106],[9.593,47.104],[9.593,47.106],[9.6,47.111],[9.603,47.111],[9.6,47.115],[9.603,47.117],[9.6,47.117],[9.597,47.12],[9.587,47.12],[9.584,47.122],[9.584,47.12],[9.58,47.118],[9.578,47.122],[9.581,47.129],[9.584,47.131],[9.582,47.133],[9.586,47.138],[9.585,47.14],[9.588,47.142],[9.591,47.142],[9.601,47.135],[9.604,47.138],[9.607,47.138],[9.611,47.135],[9.615,47.14],[9.611,47.142],[9.614,47.144],[9.611,47.146],[9.601,47.148],[9.595,47.151],[9.593,47.154],[9.595,47.156],[9.598,47.156],[9.605,47.152],[9.618,47.153],[9.624,47.151],[9.621,47.146],[9.622,47.14],[9.625,47.137],[9.627,47.137],[9.629,47.133],[9.633,47.13],[9.631,47.128],[9.632,47.124],[9.626,47.118],[9.625,47.112],[9.621,47.11],[9.621,47.108],[9.624,47.106],[9.624,47.103],[9.631,47.099],[9.631,47.088],[9.63,47.085],[9.618,47.079],[9.614,47.074],[9.614,47.068],[9.607,47.063],[9.614,47.058],[9.634,47.054],[9.647,47.062],[9.67,47.062],[9.673,47.064],[9.68,47.064],[9.683,47.062],[9.687,47.062],[9.702,47.052],[9.706,47.052],[9.709,47.05],[9.722,47.05],[9.725,47.047],[9.739,47.047],[9.745,47.042],[9.751,47.04],[9.755,47.04],[9.758,47.042],[9.768,47.042],[9.78,47.04],[9.781,47.037]]],[[[9.651,46.291],[9.645,46.287],[9.625,46.287],[9.622,46.289],[9.623,46.296],[9.574,46.297],[9.571,46.299],[9.571,46.306],[9.542,46.307],[9.538,46.309],[9.538,46.313],[9.552,46.318],[9.568,46.318],[9.574,46.31],[9.581,46.312],[9.581,46.315],[9.584,46.316],[9.588,46.316],[9.591,46.312],[9.602,46.312],[9.605,46.314],[9.605,46.319],[9.598,46.328],[9.604,46.333],[9.611,46.332],[9.617,46.334],[9.621,46.332],[9.621,46.334],[9.624,46.336],[9.634,46.339],[9.635,46.343],[9.637,46.344],[9.654,46.342],[9.662,46.345],[9.667,46.349],[9.664,46.351],[9.667,46.353],[9.667,46.356],[9.67,46.358],[9.675,46.358],[9.671,46.362],[9.675,46.371],[9.684,46.373],[9.676,46.378],[9.678,46.382],[9.678,46.387],[9.681,46.389],[9.694,46.387],[9.697,46.383],[9.701,46.382],[9.701,46.38],[9.704,46.382],[9.707,46.38],[9.711,46.384],[9.707,46.386],[9.709,46.389],[9.708,46.391],[9.704,46.393],[9.705,46.398],[9.718,46.404],[9.724,46.404],[9.744,46.41],[9.743,46.413],[9.748,46.414],[9.757,46.412],[9.77,46.399],[9.771,46.401],[9.766,46.412],[9.767,46.414],[9.77,46.414],[9.764,46.419],[9.764,46.421],[9.777,46.425],[9.787,46.432],[9.801,46.439],[9.804,46.438],[9.819,46.447],[9.821,46.452],[9.821,46.458],[9.824,46.456],[9.823,46.463],[9.825,46.467],[9.831,46.472],[9.841,46.476],[9.845,46.476],[9.845,46.478],[9.851,46.482],[9.858,46.482],[9.861,46.484],[9.876,46.486],[9.877,46.489],[9.879,46.489],[9.883,46.484],[9.875,46.473],[9.877,46.466],[9.873,46.464],[9.877,46.462],[9.873,46.459],[9.873,46.455],[9.879,46.448],[9.879,46.453],[9.887,46.459],[9.883,46.464],[9.893,46.468],[9.89,46.47],[9.903,46.48],[9.908,46.479],[9.909,46.47],[9.922,46.461],[9.925,46.458],[9.925,46.456],[9.929,46.454],[9.931,46.451],[9.931,46.447],[9.948,46.449],[9.951,46.451],[9.951,46.453],[9.945,46.459],[9.942,46.46],[9.942,46.462],[9.945,46.465],[9.942,46.467],[9.944,46.469],[9.942,46.471],[9.942,46.474],[9.923,46.487],[9.916,46.49],[9.92,46.494],[9.901,46.508],[9.902,46.511],[9.9,46.515],[9.894,46.52],[9.894,46.524],[9.892,46.525],[9.894,46.531],[9.899,46.535],[9.903,46.534],[9.905,46.542],[9.913,46.546],[9.916,46.549],[9.915,46.553],[9.923,46.56],[9.927,46.561],[9.93,46.565],[9.946,46.557],[9.946,46.552],[9.951,46.555],[9.966,46.554],[9.969,46.553],[9.972,46.549],[9.985,46.545],[9.985,46.547],[9.966,46.556],[9.969,46.559],[9.959,46.559],[9.956,46.561],[9.95,46.561],[9.95,46.564],[9.945,46.566],[9.947,46.568],[9.945,46.57],[9.95,46.575],[9.957,46.578],[9.97,46.588],[9.974,46.586],[9.983,46.588],[9.977,46.592],[9.989,46.596],[9.99,46.598],[9.994,46.599],[9.997,46.603],[10.007,46.607],[10.014,46.606],[10.023,46.596],[10.026,46.596],[10.026,46.598],[10.033,46.604],[10.063,46.604],[10.059,46.608],[10.047,46.612],[10.034,46.614],[10.024,46.618],[10.024,46.62],[10.032,46.627],[10.034,46.631],[10.038,46.629],[10.038,46.636],[10.045,46.642],[10.048,46.64],[10.051,46.642],[10.05,46.647],[10.062,46.653],[10.063,46.658],[10.065,46.66],[10.072,46.661],[10.075,46.653],[10.085,46.658],[10.085,46.662],[10.087,46.664],[10.082,46.671],[10.083,46.673],[10.091,46.675],[10.093,46.68],[10.096,46.681],[10.099,46.679],[10.109,46.659],[10.119,46.65],[10.12,46.647],[10.121,46.656],[10.119,46.661],[10.121,46.665],[10.118,46.668],[10.117,46.677],[10.125,46.682],[10.138,46.676],[10.144,46.672],[10.146,46.669],[10.145,46.667],[10.15,46.662],[10.147,46.66],[10.153,46.656],[10.159,46.646],[10.163,46.644],[10.161,46.64],[10.164,46.637],[10.164,46.635],[10.178,46.63],[10.178,46.628],[10.181,46.626],[10.178,46.623],[10.174,46.623],[10.171,46.62],[10.131,46.606],[10.118,46.607],[10.112,46.61],[10.102,46.61],[10.101,46.601],[10.098,46.598],[10.101,46.596],[10.101,46.589],[10.104,46.587],[10.094,46.581],[10.09,46.581],[10.087,46.579],[10.084,46.576],[10.084,46.574],[10.08,46.572],[10.08,46.567],[10.077,46.565],[10.076,46.561],[10.07,46.557],[10.07,46.554],[10.056,46.546],[10.053,46.546],[10.049,46.541],[10.049,46.534],[10.052,46.532],[10.052,46.527],[10.055,46.525],[10.055,46.523],[10.052,46.521],[10.052,46.516],[10.048,46.514],[10.048,46.512],[10.045,46.51],[10.044,46.505],[10.044,46.503],[10.048,46.501],[10.046,46.478],[10.05,46.476],[10.049,46.474],[10.056,46.469],[10.052,46.467],[10.052,46.462],[10.049,46.46],[10.049,46.458],[10.045,46.456],[10.045,46.453],[10.042,46.451],[10.042,46.447],[10.051,46.441],[10.055,46.442],[10.057,46.44],[10.056,46.433],[10.057,46.431],[10.077,46.43],[10.083,46.426],[10.083,46.423],[10.096,46.423],[10.106,46.429],[10.136,46.431],[10.139,46.428],[10.145,46.426],[10.145,46.424],[10.142,46.422],[10.147,46.42],[10.147,46.417],[10.15,46.415],[10.148,46.413],[10.141,46.413],[10.138,46.415],[10.135,46.413],[10.131,46.415],[10.125,46.413],[10.122,46.416],[10.121,46.413],[10.118,46.412],[10.112,46.416],[10.109,46.416],[10.102,46.414],[10.107,46.405],[10.105,46.403],[10.098,46.403],[10.098,46.4],[10.095,46.4],[10.092,46.401],[10.092,46.403],[10.089,46.405],[10.085,46.405],[10.082,46.408],[10.082,46.41],[10.079,46.408],[10.07,46.412],[10.066,46.415],[10.066,46.417],[10.063,46.415],[10.054,46.419],[10.051,46.423],[10.047,46.422],[10.047,46.417],[10.049,46.415],[10.037,46.409],[10.043,46.405],[10.05,46.406],[10.054,46.404],[10.055,46.399],[10.052,46.392],[10.053,46.388],[10.049,46.381],[10.045,46.384],[10.046,46.39],[10.043,46.393],[10.042,46.39],[10.039,46.389],[10.036,46.393],[10.032,46.386],[10.029,46.384],[10.013,46.382],[10.01,46.384],[10.01,46.382],[10.006,46.381],[10.003,46.378],[9.996,46.378],[9.996,46.376],[9.993,46.374],[9.993,46.371],[9.999,46.376],[10.003,46.376],[10.005,46.373],[10.016,46.371],[10.019,46.369],[10.018,46.365],[10.022,46.366],[10.026,46.362],[10.026,46.355],[10.015,46.355],[10.011,46.353],[10.011,46.346],[10.018,46.346],[10.021,46.344],[10.011,46.337],[10.008,46.34],[9.997,46.333],[9.991,46.334],[9.988,46.338],[9.988,46.34],[9.992,46.342],[9.992,46.351],[9.985,46.351],[9.976,46.358],[9.976,46.361],[9.97,46.361],[9.963,46.365],[9.964,46.379],[9.948,46.379],[9.941,46.377],[9.928,46.368],[9.924,46.368],[9.921,46.371],[9.915,46.371],[9.912,46.373],[9.912,46.375],[9.906,46.38],[9.902,46.38],[9.886,46.372],[9.882,46.372],[9.872,46.363],[9.846,46.363],[9.843,46.361],[9.833,46.361],[9.83,46.359],[9.83,46.357],[9.816,46.35],[9.813,46.351],[9.806,46.346],[9.8,46.344],[9.793,46.344],[9.773,46.336],[9.767,46.336],[9.758,46.343],[9.751,46.345],[9.745,46.35],[9.738,46.35],[9.735,46.348],[9.719,46.348],[9.716,46.296],[9.713,46.294],[9.687,46.295],[9.681,46.299],[9.678,46.299],[9.675,46.302],[9.675,46.304],[9.665,46.304],[9.665,46.297],[9.661,46.295],[9.652,46.295],[9.651,46.291]],[[10.03,46.394],[10.033,46.397],[10.03,46.401],[10.015,46.411],[10.016,46.414],[10.011,46.416],[10.009,46.414],[10.01,46.411],[10.014,46.407],[10.026,46.4],[10.028,46.395],[10.03,46.394]]],[[[10.178,46.63],[10.185,46.63],[10.181,46.629],[10.178,46.63]]],[[[10.176,46.266],[10.172,46.259],[10.154,46.272],[10.154,46.28],[10.148,46.284],[10.145,46.287],[10.145,46.289],[10.125,46.29],[10.123,46.292],[10.119,46.292],[10.117,46.294],[10.118,46.296],[10.135,46.296],[10.134,46.301],[10.13,46.303],[10.139,46.305],[10.145,46.3],[10.145,46.295],[10.152,46.295],[10.154,46.293],[10.154,46.288],[10.16,46.284],[10.159,46.282],[10.163,46.28],[10.163,46.277],[10.166,46.275],[10.169,46.268],[10.173,46.268],[10.176,46.266]]],[[[10.107,46.324],[10.104,46.322],[10.101,46.324],[10.103,46.331],[10.102,46.333],[10.098,46.333],[10.095,46.335],[10.092,46.338],[10.093,46.34],[10.09,46.342],[10.096,46.346],[10.099,46.345],[10.101,46.349],[10.096,46.349],[10.094,46.351],[10.1,46.353],[10.101,46.355],[10.1,46.358],[10.095,46.36],[10.1,46.363],[10.107,46.364],[10.113,46.368],[10.116,46.368],[10.1,46.374],[10.098,46.378],[10.107,46.378],[10.117,46.386],[10.127,46.39],[10.13,46.395],[10.141,46.401],[10.144,46.401],[10.141,46.406],[10.151,46.412],[10.161,46.412],[10.163,46.41],[10.163,46.394],[10.16,46.392],[10.15,46.393],[10.149,46.386],[10.146,46.384],[10.136,46.384],[10.13,46.375],[10.123,46.375],[10.121,46.368],[10.122,46.359],[10.119,46.357],[10.109,46.358],[10.108,46.344],[10.105,46.34],[10.108,46.337],[10.106,46.333],[10.107,46.324]]],[[[10.065,46.257],[10.068,46.255],[10.068,46.252],[10.075,46.254],[10.081,46.25],[10.064,46.239],[10.067,46.237],[10.061,46.235],[10.064,46.23],[10.074,46.227],[10.075,46.225],[10.073,46.224],[10.057,46.224],[10.048,46.231],[10.048,46.235],[10.052,46.237],[10.053,46.242],[10.059,46.248],[10.055,46.251],[10.059,46.253],[10.062,46.252],[10.065,46.257]]],[[[10.068,46.255],[10.062,46.259],[10.064,46.264],[10.068,46.264],[10.071,46.257],[10.068,46.255]]],[[[10.063,46.271],[10.059,46.269],[10.043,46.269],[10.037,46.274],[10.037,46.28],[10.014,46.279],[10.011,46.281],[10.012,46.285],[10.015,46.288],[10.026,46.29],[10.027,46.287],[10.031,46.285],[10.034,46.281],[10.044,46.282],[10.047,46.279],[10.051,46.278],[10.049,46.276],[10.05,46.275],[10.056,46.275],[10.063,46.271]]],[[[9.988,46.335],[9.994,46.333],[9.996,46.331],[9.994,46.326],[10.0,46.325],[10.003,46.322],[10.007,46.322],[10.012,46.319],[10.012,46.317],[10.009,46.315],[10.012,46.312],[10.005,46.31],[10.014,46.306],[10.014,46.303],[10.009,46.299],[10.002,46.299],[10.0,46.301],[10.002,46.313],[9.99,46.32],[9.988,46.324],[9.984,46.324],[9.981,46.327],[9.981,46.329],[9.985,46.331],[9.985,46.333],[9.988,46.335]]],[[[9.605,46.701],[9.603,46.697],[9.593,46.697],[9.59,46.699],[9.59,46.704],[9.582,46.711],[9.584,46.715],[9.581,46.715],[9.578,46.72],[9.578,46.722],[9.581,46.725],[9.589,46.726],[9.58,46.735],[9.582,46.741],[9.576,46.744],[9.575,46.751],[9.58,46.753],[9.58,46.76],[9.582,46.762],[9.583,46.767],[9.581,46.771],[9.583,46.774],[9.577,46.785],[9.572,46.789],[9.569,46.794],[9.568,46.805],[9.571,46.808],[9.578,46.805],[9.584,46.807],[9.591,46.807],[9.597,46.802],[9.604,46.802],[9.612,46.798],[9.615,46.795],[9.616,46.789],[9.619,46.789],[9.617,46.791],[9.626,46.795],[9.627,46.804],[9.634,46.809],[9.651,46.81],[9.653,46.812],[9.661,46.81],[9.673,46.814],[9.686,46.815],[9.688,46.814],[9.686,46.812],[9.692,46.805],[9.689,46.803],[9.689,46.801],[9.685,46.799],[9.687,46.792],[9.683,46.79],[9.682,46.787],[9.675,46.792],[9.671,46.788],[9.67,46.783],[9.667,46.781],[9.671,46.779],[9.668,46.778],[9.666,46.774],[9.671,46.773],[9.68,46.767],[9.674,46.763],[9.674,46.761],[9.682,46.76],[9.684,46.762],[9.69,46.762],[9.691,46.765],[9.694,46.766],[9.694,46.768],[9.691,46.769],[9.692,46.774],[9.701,46.777],[9.703,46.782],[9.701,46.785],[9.705,46.786],[9.708,46.785],[9.71,46.787],[9.712,46.796],[9.715,46.798],[9.721,46.798],[9.722,46.8],[9.718,46.802],[9.727,46.809],[9.726,46.811],[9.732,46.815],[9.742,46.812],[9.745,46.817],[9.755,46.817],[9.757,46.815],[9.761,46.815],[9.755,46.82],[9.755,46.822],[9.749,46.822],[9.744,46.824],[9.744,46.829],[9.746,46.831],[9.747,46.836],[9.746,46.84],[9.74,46.839],[9.733,46.834],[9.729,46.834],[9.727,46.831],[9.723,46.831],[9.717,46.838],[9.712,46.839],[9.707,46.836],[9.703,46.839],[9.704,46.843],[9.7,46.844],[9.697,46.848],[9.684,46.849],[9.681,46.852],[9.678,46.848],[9.674,46.848],[9.668,46.852],[9.652,46.853],[9.648,46.852],[9.639,46.857],[9.632,46.856],[9.626,46.858],[9.619,46.856],[9.613,46.863],[9.596,46.861],[9.59,46.863],[9.587,46.866],[9.587,46.868],[9.59,46.87],[9.591,46.875],[9.594,46.876],[9.595,46.881],[9.6,46.883],[9.607,46.882],[9.609,46.886],[9.607,46.892],[9.609,46.895],[9.606,46.899],[9.608,46.904],[9.602,46.91],[9.602,46.913],[9.608,46.914],[9.615,46.911],[9.621,46.903],[9.627,46.901],[9.627,46.903],[9.634,46.908],[9.637,46.905],[9.642,46.907],[9.638,46.91],[9.638,46.918],[9.635,46.919],[9.634,46.921],[9.639,46.923],[9.638,46.925],[9.642,46.928],[9.645,46.928],[9.647,46.925],[9.651,46.923],[9.651,46.921],[9.654,46.918],[9.658,46.918],[9.661,46.916],[9.659,46.914],[9.661,46.912],[9.66,46.909],[9.657,46.907],[9.663,46.902],[9.67,46.902],[9.673,46.9],[9.672,46.898],[9.677,46.893],[9.67,46.891],[9.673,46.889],[9.669,46.887],[9.673,46.884],[9.666,46.88],[9.669,46.879],[9.676,46.88],[9.679,46.879],[9.682,46.882],[9.686,46.883],[9.689,46.887],[9.702,46.884],[9.702,46.886],[9.709,46.89],[9.706,46.895],[9.713,46.901],[9.719,46.898],[9.729,46.896],[9.732,46.887],[9.735,46.889],[9.745,46.885],[9.748,46.888],[9.751,46.887],[9.765,46.894],[9.781,46.891],[9.787,46.885],[9.791,46.884],[9.787,46.882],[9.791,46.882],[9.797,46.877],[9.804,46.877],[9.803,46.874],[9.82,46.877],[9.825,46.874],[9.839,46.873],[9.843,46.869],[9.849,46.869],[9.857,46.865],[9.86,46.862],[9.858,46.858],[9.864,46.856],[9.858,46.848],[9.84,46.845],[9.838,46.834],[9.84,46.829],[9.834,46.825],[9.831,46.82],[9.824,46.814],[9.817,46.812],[9.817,46.806],[9.807,46.805],[9.806,46.801],[9.803,46.799],[9.8,46.801],[9.798,46.799],[9.801,46.792],[9.799,46.79],[9.798,46.785],[9.791,46.778],[9.783,46.776],[9.783,46.772],[9.774,46.77],[9.774,46.765],[9.756,46.759],[9.763,46.757],[9.762,46.754],[9.746,46.752],[9.735,46.748],[9.749,46.745],[9.752,46.742],[9.758,46.741],[9.758,46.739],[9.755,46.736],[9.755,46.73],[9.751,46.728],[9.748,46.73],[9.748,46.734],[9.742,46.734],[9.738,46.737],[9.738,46.732],[9.732,46.728],[9.722,46.73],[9.719,46.733],[9.715,46.733],[9.712,46.735],[9.712,46.733],[9.702,46.731],[9.695,46.726],[9.698,46.724],[9.695,46.722],[9.689,46.721],[9.682,46.722],[9.679,46.718],[9.676,46.72],[9.666,46.72],[9.662,46.718],[9.656,46.721],[9.653,46.718],[9.646,46.717],[9.645,46.712],[9.642,46.71],[9.633,46.716],[9.626,46.717],[9.627,46.712],[9.619,46.708],[9.621,46.705],[9.605,46.701]]],[[[9.781,46.952],[9.764,46.95],[9.762,46.952],[9.768,46.956],[9.771,46.954],[9.771,46.957],[9.762,46.964],[9.775,46.969],[9.788,46.963],[9.787,46.956],[9.781,46.954],[9.781,46.952]]],[[[9.508000000000001,46.738],[9.506,46.737],[9.503,46.739],[9.493,46.739],[9.491,46.741],[9.493,46.743],[9.497,46.743],[9.497,46.746],[9.5,46.749],[9.505,46.75],[9.507,46.752],[9.507,46.755],[9.505,46.757],[9.507,46.76],[9.504,46.764],[9.497,46.766],[9.488,46.772],[9.488,46.776],[9.479,46.784],[9.479,46.787],[9.485,46.791],[9.482,46.793],[9.482,46.8],[9.486,46.802],[9.486,46.807],[9.499,46.812],[9.502,46.809],[9.502,46.804],[9.508,46.8],[9.507,46.795],[9.512,46.794],[9.516,46.788],[9.508,46.782],[9.51,46.777],[9.507,46.775],[9.508,46.773],[9.511,46.772],[9.514,46.774],[9.53,46.774],[9.533,46.772],[9.532,46.765],[9.529,46.761],[9.533,46.756],[9.53,46.753],[9.526,46.752],[9.528,46.748],[9.526,46.746],[9.523,46.746],[9.521,46.743],[9.515,46.741],[9.513,46.737],[9.51,46.739],[9.5094,46.738699999999994],[9.513,46.736],[9.516,46.737],[9.517,46.734],[9.515,46.732],[9.516,46.73],[9.514,46.723],[9.512,46.721],[9.509,46.721],[9.506,46.723],[9.51,46.728],[9.51,46.732],[9.507,46.734],[9.507,46.737],[9.508000000000001,46.738]]],[[[9.456,47.273],[9.461,47.275],[9.462,47.273],[9.457,47.272],[9.456,47.273]]],[[[9.461,47.275],[9.461,47.277],[9.468,47.277],[9.467,47.275],[9.461,47.275]]],[[[9.468,47.277],[9.467,47.28],[9.469,47.286],[9.478,47.291],[9.475,47.293],[9.465,47.293],[9.462,47.295],[9.465,47.3],[9.475,47.299],[9.479,47.304],[9.483,47.297],[9.481,47.295],[9.485,47.294],[9.492,47.302],[9.49,47.304],[9.494,47.311],[9.498,47.313],[9.502,47.313],[9.5,47.31],[9.502,47.309],[9.505,47.31],[9.508,47.308],[9.512,47.31],[9.515,47.308],[9.513,47.306],[9.511,47.299],[9.501,47.295],[9.495,47.295],[9.494,47.288],[9.49,47.286],[9.491,47.282],[9.493,47.281],[9.491,47.279],[9.486,47.279],[9.478,47.284],[9.479,47.279],[9.477,47.277],[9.474,47.279],[9.468,47.277]]],[[[9.479,47.304],[9.469,47.302],[9.465,47.303],[9.462,47.301],[9.455,47.304],[9.455,47.307],[9.457,47.309],[9.456,47.31],[9.451,47.311],[9.452,47.314],[9.466,47.316],[9.463,47.318],[9.463,47.32],[9.459,47.318],[9.456,47.32],[9.463,47.324],[9.466,47.323],[9.476,47.325],[9.482,47.321],[9.489,47.321],[9.493,47.324],[9.495,47.32],[9.489,47.319],[9.481,47.315],[9.487,47.308],[9.485,47.306],[9.482,47.307],[9.479,47.304]]],[[[9.445,46.863],[9.435,46.861],[9.431,46.864],[9.431,46.866],[9.433,46.868],[9.433,46.871],[9.449,46.879],[9.45,46.891],[9.448,46.893],[9.453,46.895],[9.456,46.893],[9.457,46.902],[9.455,46.904],[9.464,46.906],[9.469,46.911],[9.48,46.912],[9.487,46.918],[9.494,46.915],[9.49,46.906],[9.484,46.904],[9.491,46.903],[9.493,46.905],[9.496,46.903],[9.493,46.898],[9.489,46.897],[9.49,46.894],[9.486,46.89],[9.486,46.887],[9.482,46.886],[9.479,46.881],[9.472,46.879],[9.471,46.875],[9.465,46.869],[9.459,46.867],[9.446,46.866],[9.445,46.863]],[[9.489,46.897],[9.486,46.898],[9.483,46.897],[9.489,46.897]]],[[[9.275,47.249],[9.278,47.247],[9.278,47.249],[9.282,47.251],[9.284,47.249],[9.283,47.247],[9.285,47.246],[9.295,47.253],[9.295,47.255],[9.295,47.258],[9.293,47.26],[9.294,47.262],[9.29,47.265],[9.294,47.267],[9.292,47.269],[9.305,47.273],[9.302,47.274],[9.301,47.276],[9.309,47.279],[9.316,47.28],[9.319,47.278],[9.32,47.275],[9.319,47.273],[9.315,47.273],[9.314,47.271],[9.307,47.269],[9.312,47.264],[9.315,47.266],[9.316,47.269],[9.322,47.273],[9.325,47.272],[9.334,47.275],[9.335,47.278],[9.339,47.279],[9.342,47.275],[9.349,47.276],[9.355,47.281],[9.365,47.281],[9.367,47.279],[9.366,47.277],[9.368,47.274],[9.365,47.273],[9.362,47.275],[9.362,47.272],[9.369,47.272],[9.372,47.274],[9.372,47.277],[9.37,47.279],[9.375,47.283],[9.379,47.284],[9.382,47.283],[9.382,47.281],[9.388,47.283],[9.387,47.285],[9.392,47.289],[9.395,47.288],[9.395,47.285],[9.409,47.29],[9.415,47.289],[9.414,47.285],[9.407,47.281],[9.403,47.276],[9.391,47.272],[9.381,47.263],[9.381,47.261],[9.384,47.261],[9.388,47.261],[9.401,47.267],[9.424,47.271],[9.426,47.274],[9.445,47.284],[9.455,47.284],[9.459,47.282],[9.438,47.271],[9.431,47.27],[9.426,47.265],[9.424,47.26],[9.417,47.258],[9.427,47.257],[9.431,47.26],[9.441,47.262],[9.447,47.265],[9.451,47.264],[9.464,47.269],[9.467,47.268],[9.464,47.262],[9.45,47.26],[9.45,47.253],[9.447,47.251],[9.433,47.248],[9.427,47.243],[9.423,47.244],[9.423,47.24],[9.416,47.234],[9.414,47.229],[9.406,47.222],[9.399,47.22],[9.398,47.218],[9.4,47.213],[9.406,47.209],[9.402,47.206],[9.399,47.204],[9.395,47.204],[9.392,47.207],[9.392,47.204],[9.389,47.203],[9.386,47.204],[9.386,47.207],[9.379,47.202],[9.362,47.203],[9.359,47.205],[9.359,47.197],[9.346,47.198],[9.342,47.196],[9.333,47.201],[9.319,47.201],[9.316,47.205],[9.313,47.206],[9.313,47.208],[9.3,47.2],[9.296,47.201],[9.293,47.199],[9.27,47.194],[9.253,47.197],[9.247,47.2],[9.244,47.2],[9.247,47.198],[9.24,47.196],[9.238,47.198],[9.243,47.205],[9.24,47.207],[9.237,47.206],[9.234,47.202],[9.23,47.205],[9.231,47.207],[9.229,47.209],[9.231,47.211],[9.231,47.214],[9.224,47.212],[9.223,47.214],[9.224,47.217],[9.228,47.218],[9.226,47.221],[9.235,47.227],[9.231,47.231],[9.228,47.228],[9.226,47.232],[9.222,47.234],[9.225,47.236],[9.235,47.236],[9.241,47.233],[9.245,47.233],[9.246,47.234],[9.245,47.236],[9.255,47.238],[9.258,47.236],[9.258,47.234],[9.264,47.233],[9.268,47.238],[9.278,47.238],[9.278,47.241],[9.271,47.24],[9.266,47.245],[9.275,47.249]],[[9.359,47.205],[9.373,47.21],[9.374,47.214],[9.363,47.214],[9.356,47.218],[9.35,47.214],[9.354,47.212],[9.356,47.207],[9.359,47.205]],[[9.309,47.217],[9.303,47.213],[9.307,47.211],[9.308,47.213],[9.313,47.214],[9.317,47.213],[9.32,47.21],[9.323,47.212],[9.322,47.215],[9.323,47.217],[9.327,47.219],[9.332,47.219],[9.33,47.221],[9.332,47.223],[9.327,47.228],[9.321,47.226],[9.323,47.221],[9.317,47.218],[9.313,47.219],[9.316,47.221],[9.317,47.224],[9.31,47.222],[9.309,47.217]]],[[[9.236,47.286],[9.234,47.288],[9.237,47.29],[9.239,47.288],[9.236,47.286]]],[[[9.236,47.286],[9.236,47.283],[9.243,47.288],[9.246,47.287],[9.253,47.289],[9.256,47.286],[9.26,47.285],[9.26,47.283],[9.266,47.281],[9.266,47.277],[9.273,47.275],[9.279,47.271],[9.272,47.269],[9.266,47.273],[9.259,47.271],[9.256,47.273],[9.246,47.272],[9.239,47.268],[9.236,47.268],[9.229,47.274],[9.226,47.273],[9.22,47.279],[9.229,47.281],[9.227,47.286],[9.236,47.286]]],[[[9.272,47.269],[9.276,47.269],[9.295,47.255],[9.292,47.253],[9.288,47.256],[9.282,47.256],[9.278,47.253],[9.278,47.251],[9.275,47.249],[9.268,47.252],[9.265,47.25],[9.259,47.254],[9.252,47.253],[9.249,47.255],[9.242,47.252],[9.237,47.254],[9.236,47.257],[9.232,47.256],[9.234,47.254],[9.232,47.251],[9.229,47.25],[9.222,47.253],[9.212,47.252],[9.212,47.249],[9.202,47.25],[9.199,47.248],[9.194,47.253],[9.208,47.259],[9.206,47.261],[9.199,47.258],[9.196,47.259],[9.196,47.262],[9.206,47.262],[9.207,47.264],[9.206,47.266],[9.209,47.268],[9.216,47.261],[9.222,47.261],[9.226,47.264],[9.232,47.262],[9.242,47.262],[9.249,47.264],[9.252,47.261],[9.25,47.258],[9.262,47.256],[9.265,47.258],[9.272,47.258],[9.272,47.26],[9.275,47.263],[9.272,47.264],[9.265,47.261],[9.262,47.263],[9.272,47.269]]],[[[9.395,47.288],[9.394,47.29],[9.397,47.29],[9.395,47.288]]],[[[9.415,47.289],[9.416,47.292],[9.422,47.295],[9.424,47.294],[9.422,47.29],[9.418,47.288],[9.415,47.289]]],[[[9.381,47.263],[9.384,47.264],[9.388,47.263],[9.384,47.261],[9.381,47.263]]],[[[9.467,47.268],[9.466,47.271],[9.474,47.277],[9.481,47.275],[9.481,47.273],[9.471,47.268],[9.467,47.268]]],[[[7.097,46.4],[7.104,46.404],[7.107,46.404],[7.117,46.395],[7.117,46.393],[7.123,46.395],[7.127,46.393],[7.13,46.397],[7.123,46.402],[7.122,46.404],[7.124,46.406],[7.123,46.407],[7.113,46.413],[7.113,46.42],[7.12,46.423],[7.123,46.416],[7.126,46.414],[7.13,46.415],[7.131,46.42],[7.133,46.421],[7.136,46.42],[7.141,46.415],[7.143,46.411],[7.14,46.407],[7.135,46.404],[7.136,46.4],[7.149,46.404],[7.152,46.4],[7.156,46.401],[7.159,46.399],[7.163,46.402],[7.16,46.411],[7.16,46.418],[7.169,46.42],[7.172,46.419],[7.175,46.415],[7.179,46.414],[7.182,46.41],[7.185,46.409],[7.182,46.407],[7.185,46.404],[7.182,46.402],[7.183,46.4],[7.181,46.398],[7.181,46.395],[7.189,46.395],[7.19,46.398],[7.189,46.4],[7.195,46.406],[7.196,46.411],[7.195,46.418],[7.192,46.419],[7.188,46.416],[7.185,46.416],[7.183,46.418],[7.183,46.42],[7.187,46.422],[7.188,46.427],[7.185,46.427],[7.183,46.429],[7.175,46.429],[7.152,46.433],[7.146,46.438],[7.147,46.44],[7.144,46.442],[7.143,46.448],[7.133,46.449],[7.143,46.451],[7.146,46.453],[7.149,46.449],[7.156,46.453],[7.162,46.453],[7.165,46.449],[7.169,46.447],[7.172,46.449],[7.178,46.446],[7.183,46.447],[7.182,46.449],[7.186,46.454],[7.183,46.456],[7.183,46.458],[7.185,46.463],[7.188,46.465],[7.191,46.464],[7.195,46.467],[7.201,46.467],[7.204,46.47],[7.219,46.47],[7.224,46.467],[7.23,46.471],[7.234,46.467],[7.23,46.465],[7.233,46.463],[7.231,46.458],[7.224,46.458],[7.227,46.456],[7.227,46.454],[7.234,46.453],[7.234,46.451],[7.23,46.447],[7.227,46.449],[7.221,46.447],[7.23,46.445],[7.232,46.443],[7.227,46.441],[7.226,46.44],[7.227,46.438],[7.22,46.436],[7.221,46.434],[7.224,46.432],[7.237,46.435],[7.253,46.436],[7.256,46.434],[7.257,46.425],[7.255,46.422],[7.25,46.42],[7.237,46.419],[7.228,46.416],[7.224,46.413],[7.226,46.411],[7.22,46.407],[7.222,46.402],[7.219,46.4],[7.221,46.398],[7.224,46.4],[7.231,46.408],[7.234,46.406],[7.247,46.409],[7.25,46.402],[7.254,46.4],[7.253,46.392],[7.257,46.391],[7.244,46.384],[7.242,46.382],[7.243,46.38],[7.227,46.369],[7.227,46.366],[7.222,46.364],[7.221,46.362],[7.223,46.357],[7.244,46.358],[7.25,46.366],[7.263,46.373],[7.27,46.374],[7.283,46.372],[7.289,46.373],[7.288,46.378],[7.291,46.382],[7.288,46.384],[7.288,46.389],[7.289,46.391],[7.296,46.393],[7.291,46.396],[7.296,46.398],[7.296,46.4],[7.299,46.402],[7.292,46.402],[7.286,46.405],[7.287,46.407],[7.286,46.409],[7.289,46.411],[7.285,46.416],[7.286,46.418],[7.289,46.417],[7.292,46.42],[7.291,46.423],[7.287,46.425],[7.289,46.427],[7.283,46.431],[7.287,46.436],[7.287,46.443],[7.294,46.449],[7.293,46.452],[7.295,46.453],[7.299,46.452],[7.295,46.443],[7.299,46.439],[7.3,46.429],[7.304,46.425],[7.307,46.418],[7.312,46.414],[7.312,46.411],[7.309,46.409],[7.322,46.409],[7.325,46.407],[7.327,46.4],[7.324,46.398],[7.325,46.396],[7.326,46.398],[7.331,46.399],[7.338,46.396],[7.337,46.393],[7.331,46.391],[7.335,46.39],[7.338,46.387],[7.344,46.396],[7.338,46.4],[7.341,46.402],[7.338,46.402],[7.335,46.405],[7.339,46.409],[7.336,46.416],[7.344,46.418],[7.339,46.423],[7.341,46.425],[7.344,46.424],[7.348,46.427],[7.344,46.43],[7.341,46.43],[7.335,46.427],[7.325,46.434],[7.326,46.438],[7.324,46.441],[7.32,46.443],[7.322,46.445],[7.319,46.447],[7.316,46.463],[7.312,46.465],[7.318,46.469],[7.325,46.465],[7.328,46.46],[7.331,46.461],[7.329,46.465],[7.331,46.468],[7.334,46.465],[7.335,46.468],[7.321,46.472],[7.328,46.474],[7.33,46.477],[7.338,46.477],[7.344,46.48],[7.351,46.477],[7.35,46.474],[7.357,46.469],[7.364,46.468],[7.359,46.472],[7.361,46.474],[7.364,46.472],[7.363,46.477],[7.361,46.479],[7.357,46.475],[7.354,46.477],[7.354,46.479],[7.357,46.481],[7.354,46.483],[7.356,46.486],[7.354,46.488],[7.351,46.486],[7.347,46.489],[7.344,46.486],[7.342,46.488],[7.338,46.488],[7.334,46.486],[7.328,46.488],[7.327,46.483],[7.325,46.482],[7.321,46.481],[7.318,46.483],[7.318,46.486],[7.312,46.483],[7.302,46.481],[7.301,46.485],[7.303,46.488],[7.301,46.49],[7.303,46.497],[7.305,46.499],[7.315,46.506],[7.318,46.501],[7.32,46.503],[7.32,46.506],[7.328,46.513],[7.338,46.514],[7.341,46.506],[7.344,46.506],[7.347,46.51],[7.346,46.513],[7.347,46.514],[7.357,46.519],[7.363,46.517],[7.367,46.513],[7.367,46.508],[7.372,46.506],[7.371,46.499],[7.374,46.497],[7.372,46.495],[7.374,46.492],[7.372,46.49],[7.377,46.486],[7.387,46.492],[7.39,46.488],[7.393,46.49],[7.396,46.489],[7.4,46.492],[7.409,46.486],[7.407,46.483],[7.403,46.483],[7.404,46.481],[7.403,46.479],[7.413,46.48],[7.413,46.472],[7.416,46.47],[7.415,46.465],[7.408,46.459],[7.409,46.455],[7.413,46.454],[7.409,46.452],[7.409,46.448],[7.419,46.451],[7.42,46.45],[7.419,46.448],[7.417,46.447],[7.419,46.445],[7.422,46.447],[7.432,46.447],[7.433,46.445],[7.431,46.441],[7.433,46.438],[7.431,46.432],[7.429,46.43],[7.426,46.432],[7.429,46.427],[7.429,46.423],[7.422,46.42],[7.426,46.418],[7.426,46.416],[7.429,46.416],[7.431,46.414],[7.429,46.411],[7.439,46.411],[7.441,46.409],[7.442,46.407],[7.439,46.402],[7.449,46.409],[7.447,46.411],[7.449,46.414],[7.448,46.416],[7.442,46.418],[7.444,46.42],[7.443,46.425],[7.445,46.426],[7.452,46.427],[7.464,46.42],[7.471,46.423],[7.474,46.422],[7.477,46.42],[7.477,46.418],[7.474,46.416],[7.481,46.418],[7.483,46.416],[7.481,46.414],[7.483,46.411],[7.481,46.409],[7.484,46.41],[7.498,46.42],[7.497,46.423],[7.5,46.425],[7.494,46.427],[7.492,46.429],[7.493,46.432],[7.491,46.434],[7.487,46.433],[7.481,46.435],[7.479,46.436],[7.478,46.439],[7.467,46.445],[7.467,46.447],[7.47,46.45],[7.465,46.452],[7.461,46.456],[7.471,46.461],[7.47,46.465],[7.471,46.468],[7.468,46.468],[7.465,46.471],[7.449,46.477],[7.448,46.479],[7.455,46.481],[7.452,46.483],[7.448,46.483],[7.444,46.488],[7.44,46.49],[7.438,46.495],[7.442,46.496],[7.456,46.492],[7.448,46.499],[7.441,46.501],[7.442,46.504],[7.439,46.506],[7.442,46.508],[7.446,46.515],[7.452,46.519],[7.455,46.519],[7.458,46.522],[7.452,46.524],[7.445,46.522],[7.444,46.524],[7.448,46.526],[7.445,46.527],[7.439,46.525],[7.435,46.522],[7.433,46.517],[7.426,46.508],[7.422,46.507],[7.419,46.508],[7.416,46.515],[7.422,46.519],[7.422,46.522],[7.409,46.526],[7.409,46.531],[7.413,46.531],[7.409,46.533],[7.406,46.537],[7.406,46.54],[7.413,46.54],[7.413,46.535],[7.422,46.537],[7.419,46.542],[7.422,46.543],[7.424,46.546],[7.419,46.546],[7.416,46.549],[7.417,46.553],[7.414,46.558],[7.411,46.558],[7.406,46.555],[7.403,46.558],[7.403,46.56],[7.406,46.562],[7.406,46.57],[7.416,46.57],[7.419,46.573],[7.413,46.576],[7.413,46.578],[7.406,46.576],[7.401,46.578],[7.404,46.585],[7.408,46.587],[7.406,46.591],[7.406,46.596],[7.414,46.603],[7.419,46.605],[7.419,46.607],[7.422,46.609],[7.422,46.616],[7.426,46.614],[7.429,46.616],[7.435,46.614],[7.439,46.616],[7.45,46.616],[7.448,46.621],[7.452,46.624],[7.455,46.623],[7.455,46.627],[7.459,46.629],[7.459,46.632],[7.461,46.633],[7.468,46.625],[7.478,46.632],[7.488,46.634],[7.491,46.638],[7.494,46.634],[7.504,46.634],[7.51,46.637],[7.514,46.637],[7.52,46.629],[7.526,46.625],[7.524,46.623],[7.517,46.621],[7.51,46.625],[7.504,46.625],[7.501,46.618],[7.497,46.618],[7.494,46.62],[7.495,46.623],[7.494,46.624],[7.49,46.623],[7.484,46.618],[7.481,46.62],[7.478,46.618],[7.468,46.619],[7.465,46.613],[7.455,46.612],[7.452,46.608],[7.442,46.603],[7.445,46.6],[7.448,46.604],[7.458,46.603],[7.463,46.6],[7.463,46.596],[7.465,46.593],[7.466,46.598],[7.468,46.6],[7.471,46.598],[7.47,46.603],[7.481,46.603],[7.482,46.6],[7.488,46.598],[7.484,46.591],[7.475,46.585],[7.461,46.586],[7.453,46.582],[7.453,46.58],[7.458,46.579],[7.461,46.576],[7.47,46.576],[7.471,46.573],[7.46,46.56],[7.458,46.555],[7.468,46.555],[7.478,46.547],[7.481,46.553],[7.478,46.554],[7.475,46.558],[7.484,46.562],[7.49,46.558],[7.491,46.554],[7.501,46.538],[7.504,46.54],[7.502,46.542],[7.507,46.549],[7.51,46.546],[7.51,46.549],[7.505,46.553],[7.506,46.555],[7.505,46.558],[7.507,46.56],[7.504,46.562],[7.504,46.564],[7.507,46.567],[7.518,46.567],[7.512,46.569],[7.515,46.571],[7.51,46.573],[7.51,46.576],[7.505,46.58],[7.514,46.587],[7.517,46.587],[7.514,46.596],[7.517,46.598],[7.523,46.596],[7.525,46.593],[7.523,46.591],[7.53,46.59],[7.534,46.593],[7.533,46.596],[7.54,46.598],[7.543,46.596],[7.541,46.593],[7.542,46.589],[7.54,46.582],[7.543,46.582],[7.55,46.578],[7.554,46.571],[7.556,46.569],[7.559,46.569],[7.559,46.573],[7.563,46.575],[7.563,46.578],[7.56,46.582],[7.565,46.591],[7.564,46.596],[7.566,46.598],[7.569,46.596],[7.569,46.598],[7.576,46.602],[7.576,46.604],[7.572,46.601],[7.571,46.602],[7.572,46.609],[7.576,46.612],[7.587,46.611],[7.595,46.618],[7.595,46.623],[7.599,46.624],[7.599,46.627],[7.603,46.634],[7.6,46.636],[7.602,46.638],[7.612,46.638],[7.615,46.643],[7.618,46.643],[7.629,46.638],[7.631,46.641],[7.628,46.643],[7.63,46.65],[7.641,46.652],[7.644,46.655],[7.648,46.656],[7.664,46.647],[7.666,46.645],[7.661,46.641],[7.66,46.638],[7.651,46.632],[7.644,46.633],[7.642,46.632],[7.643,46.623],[7.641,46.62],[7.634,46.621],[7.631,46.618],[7.633,46.614],[7.63,46.611],[7.617,46.605],[7.616,46.598],[7.612,46.596],[7.61,46.593],[7.613,46.587],[7.612,46.584],[7.608,46.584],[7.606,46.587],[7.602,46.587],[7.601,46.584],[7.598,46.582],[7.598,46.58],[7.602,46.578],[7.598,46.575],[7.605,46.571],[7.603,46.566],[7.592,46.566],[7.592,46.564],[7.589,46.562],[7.593,46.56],[7.595,46.557],[7.59,46.557],[7.589,46.559],[7.585,46.557],[7.587,46.555],[7.582,46.551],[7.576,46.551],[7.576,46.546],[7.584,46.539],[7.576,46.539],[7.572,46.542],[7.572,46.535],[7.576,46.533],[7.569,46.53],[7.566,46.531],[7.562,46.528],[7.559,46.53],[7.559,46.528],[7.556,46.526],[7.562,46.521],[7.561,46.519],[7.549,46.519],[7.546,46.517],[7.549,46.515],[7.546,46.513],[7.549,46.511],[7.556,46.512],[7.562,46.508],[7.559,46.505],[7.558,46.501],[7.553,46.501],[7.552,46.499],[7.546,46.497],[7.543,46.493],[7.54,46.492],[7.537,46.495],[7.533,46.493],[7.527,46.495],[7.523,46.492],[7.525,46.49],[7.515,46.488],[7.522,46.486],[7.522,46.483],[7.524,46.481],[7.531,46.479],[7.527,46.474],[7.53,46.472],[7.522,46.468],[7.52,46.465],[7.527,46.467],[7.533,46.465],[7.536,46.47],[7.54,46.469],[7.546,46.479],[7.549,46.477],[7.548,46.474],[7.549,46.471],[7.554,46.468],[7.555,46.465],[7.553,46.454],[7.56,46.454],[7.569,46.458],[7.573,46.465],[7.572,46.474],[7.575,46.476],[7.572,46.479],[7.579,46.482],[7.582,46.478],[7.592,46.478],[7.598,46.481],[7.6,46.488],[7.595,46.492],[7.595,46.494],[7.601,46.497],[7.602,46.501],[7.598,46.503],[7.605,46.508],[7.608,46.508],[7.605,46.51],[7.605,46.515],[7.6,46.517],[7.611,46.524],[7.615,46.524],[7.618,46.526],[7.616,46.53],[7.618,46.533],[7.621,46.533],[7.621,46.535],[7.621,46.539],[7.618,46.542],[7.624,46.551],[7.628,46.551],[7.631,46.548],[7.637,46.548],[7.644,46.542],[7.644,46.539],[7.65,46.535],[7.65,46.528],[7.654,46.527],[7.652,46.521],[7.659,46.517],[7.655,46.512],[7.657,46.51],[7.656,46.503],[7.652,46.499],[7.654,46.485],[7.65,46.483],[7.644,46.476],[7.644,46.474],[7.653,46.469],[7.656,46.465],[7.656,46.461],[7.653,46.458],[7.657,46.46],[7.663,46.46],[7.676,46.455],[7.692,46.455],[7.699,46.453],[7.718,46.442],[7.73,46.442],[7.731,46.446],[7.735,46.445],[7.736,46.447],[7.723,46.451],[7.709,46.461],[7.689,46.463],[7.683,46.462],[7.676,46.466],[7.666,46.468],[7.665,46.47],[7.666,46.474],[7.67,46.476],[7.671,46.479],[7.676,46.481],[7.683,46.487],[7.699,46.491],[7.702,46.494],[7.706,46.494],[7.709,46.492],[7.715,46.496],[7.719,46.497],[7.728,46.495],[7.733,46.496],[7.737,46.499],[7.732,46.504],[7.725,46.505],[7.712,46.504],[7.709,46.502],[7.702,46.503],[7.699,46.501],[7.696,46.503],[7.699,46.506],[7.689,46.51],[7.689,46.517],[7.693,46.519],[7.693,46.521],[7.696,46.524],[7.694,46.528],[7.697,46.53],[7.693,46.531],[7.688,46.535],[7.69,46.537],[7.686,46.538],[7.683,46.544],[7.683,46.548],[7.69,46.553],[7.686,46.553],[7.68,46.557],[7.68,46.562],[7.683,46.564],[7.686,46.562],[7.688,46.564],[7.686,46.566],[7.686,46.569],[7.69,46.571],[7.69,46.573],[7.683,46.578],[7.68,46.584],[7.683,46.587],[7.687,46.588],[7.69,46.586],[7.69,46.584],[7.696,46.583],[7.701,46.58],[7.698,46.577],[7.7,46.573],[7.703,46.571],[7.713,46.574],[7.715,46.571],[7.714,46.568],[7.718,46.562],[7.719,46.557],[7.726,46.553],[7.729,46.553],[7.735,46.548],[7.735,46.546],[7.739,46.546],[7.742,46.548],[7.748,46.547],[7.752,46.544],[7.761,46.545],[7.768,46.544],[7.769,46.546],[7.768,46.547],[7.763,46.548],[7.758,46.553],[7.76,46.555],[7.752,46.557],[7.752,46.559],[7.748,46.558],[7.747,46.562],[7.744,46.564],[7.745,46.568],[7.743,46.571],[7.745,46.573],[7.765,46.568],[7.768,46.571],[7.775,46.572],[7.775,46.575],[7.766,46.577],[7.765,46.58],[7.758,46.58],[7.74,46.589],[7.741,46.593],[7.745,46.595],[7.746,46.6],[7.732,46.602],[7.729,46.604],[7.726,46.607],[7.727,46.609],[7.723,46.616],[7.729,46.617],[7.732,46.614],[7.735,46.616],[7.737,46.62],[7.735,46.622],[7.736,46.625],[7.747,46.62],[7.749,46.618],[7.749,46.613],[7.755,46.608],[7.756,46.609],[7.754,46.613],[7.755,46.616],[7.758,46.613],[7.766,46.613],[7.768,46.616],[7.775,46.618],[7.776,46.62],[7.775,46.625],[7.772,46.627],[7.77,46.631],[7.763,46.631],[7.762,46.634],[7.772,46.636],[7.777,46.633],[7.791,46.633],[7.795,46.636],[7.798,46.641],[7.808,46.642],[7.817,46.648],[7.821,46.647],[7.817,46.645],[7.821,46.645],[7.824,46.642],[7.817,46.636],[7.824,46.636],[7.827,46.638],[7.83,46.636],[7.829,46.629],[7.827,46.627],[7.832,46.629],[7.837,46.634],[7.84,46.633],[7.839,46.636],[7.853,46.644],[7.857,46.642],[7.853,46.64],[7.866,46.638],[7.868,46.633],[7.867,46.631],[7.883,46.628],[7.89,46.629],[7.886,46.623],[7.876,46.622],[7.878,46.62],[7.878,46.617],[7.875,46.613],[7.876,46.611],[7.873,46.608],[7.886,46.604],[7.885,46.602],[7.889,46.599],[7.889,46.595],[7.892,46.595],[7.899,46.59],[7.9,46.588],[7.895,46.584],[7.899,46.579],[7.898,46.575],[7.894,46.568],[7.889,46.563],[7.895,46.567],[7.896,46.563],[7.882,46.55],[7.874,46.548],[7.874,46.545],[7.869,46.543],[7.866,46.544],[7.857,46.539],[7.856,46.537],[7.849,46.537],[7.849,46.534],[7.86,46.534],[7.862,46.536],[7.882,46.538],[7.888,46.54],[7.894,46.539],[7.893,46.527],[7.894,46.525],[7.888,46.521],[7.882,46.512],[7.904,46.517],[7.908,46.522],[7.911,46.523],[7.911,46.525],[7.914,46.527],[7.918,46.527],[7.916,46.53],[7.917,46.536],[7.914,46.539],[7.915,46.541],[7.912,46.552],[7.913,46.559],[7.915,46.561],[7.921,46.564],[7.929,46.563],[7.936,46.565],[7.938,46.567],[7.947,46.568],[7.944,46.571],[7.938,46.572],[7.931,46.571],[7.926,46.572],[7.928,46.574],[7.925,46.573],[7.921,46.575],[7.928,46.579],[7.925,46.579],[7.923,46.581],[7.925,46.583],[7.931,46.584],[7.933,46.588],[7.931,46.594],[7.928,46.597],[7.93,46.599],[7.928,46.601],[7.931,46.603],[7.935,46.601],[7.934,46.606],[7.93,46.61],[7.931,46.613],[7.925,46.617],[7.925,46.619],[7.922,46.622],[7.923,46.624],[7.928,46.626],[7.948,46.626],[7.961,46.624],[7.967,46.626],[7.974,46.624],[7.977,46.627],[7.981,46.628],[7.984,46.622],[7.989,46.626],[7.997,46.626],[8.0,46.619],[8.007,46.619],[8.008,46.617],[8.003,46.616],[8.0,46.612],[7.997,46.615],[7.997,46.617],[7.993,46.615],[7.987,46.615],[7.99,46.612],[7.985,46.61],[7.984,46.601],[7.993,46.601],[8.005,46.606],[8.003,46.61],[8.006,46.612],[8.01,46.612],[8.013,46.608],[8.026,46.608],[8.029,46.61],[8.036,46.611],[8.046,46.609],[8.052,46.612],[8.054,46.619],[8.057,46.621],[8.078,46.628],[8.075,46.632],[8.079,46.634],[8.069,46.637],[8.062,46.635],[8.059,46.632],[8.056,46.632],[8.049,46.638],[8.043,46.632],[8.039,46.632],[8.036,46.635],[8.043,46.637],[8.044,46.641],[8.043,46.644],[8.036,46.64],[8.03,46.64],[8.027,46.641],[8.026,46.643],[8.02,46.644],[8.021,46.642],[8.02,46.64],[8.013,46.647],[8.007,46.648],[8.007,46.644],[7.997,46.643],[7.984,46.646],[7.981,46.649],[7.974,46.65],[7.971,46.648],[7.964,46.651],[7.958,46.651],[7.951,46.647],[7.946,46.649],[7.945,46.652],[7.938,46.649],[7.935,46.651],[7.936,46.653],[7.935,46.654],[7.929,46.65],[7.909,46.648],[7.902,46.651],[7.896,46.656],[7.897,46.66],[7.896,46.662],[7.898,46.665],[7.906,46.663],[7.929,46.677],[7.939,46.679],[7.943,46.682],[7.945,46.686],[7.952,46.689],[7.952,46.691],[7.962,46.693],[7.973,46.693],[7.978,46.698],[7.978,46.7],[7.978,46.702],[7.981,46.704],[7.991,46.705],[7.994,46.708],[8.001,46.707],[8.017,46.71],[8.021,46.707],[8.024,46.7],[8.027,46.711],[8.031,46.713],[8.035,46.725],[8.04,46.725],[8.04,46.722],[8.044,46.72],[8.044,46.725],[8.05,46.726],[8.053,46.722],[8.06,46.721],[8.067,46.725],[8.08,46.728],[8.093,46.725],[8.096,46.721],[8.099,46.722],[8.112,46.721],[8.122,46.723],[8.125,46.722],[8.125,46.72],[8.129,46.719],[8.147,46.72],[8.15,46.717],[8.155,46.717],[8.158,46.714],[8.168,46.711],[8.17,46.708],[8.17,46.701],[8.168,46.699],[8.161,46.701],[8.154,46.692],[8.148,46.69],[8.148,46.688],[8.151,46.688],[8.153,46.686],[8.153,46.683],[8.151,46.681],[8.148,46.681],[8.145,46.686],[8.141,46.684],[8.143,46.679],[8.141,46.677],[8.144,46.679],[8.151,46.679],[8.161,46.677],[8.161,46.681],[8.167,46.688],[8.171,46.689],[8.171,46.691],[8.167,46.692],[8.171,46.693],[8.174,46.697],[8.182,46.699],[8.184,46.701],[8.184,46.704],[8.181,46.702],[8.181,46.706],[8.184,46.707],[8.191,46.703],[8.189,46.699],[8.19,46.698],[8.197,46.698],[8.207,46.701],[8.21,46.7],[8.212,46.697],[8.21,46.694],[8.193,46.681],[8.19,46.681],[8.189,46.679],[8.193,46.676],[8.192,46.674],[8.195,46.667],[8.192,46.658],[8.2,46.654],[8.201,46.649],[8.206,46.649],[8.211,46.654],[8.213,46.658],[8.212,46.67],[8.214,46.674],[8.229,46.684],[8.236,46.68],[8.238,46.678],[8.237,46.676],[8.246,46.672],[8.25,46.667],[8.262,46.664],[8.265,46.66],[8.272,46.657],[8.275,46.66],[8.291,46.658],[8.294,46.66],[8.298,46.658],[8.294,46.656],[8.298,46.653],[8.291,46.651],[8.289,46.649],[8.299,46.642],[8.301,46.64],[8.301,46.637],[8.304,46.64],[8.302,46.642],[8.305,46.646],[8.304,46.651],[8.301,46.653],[8.311,46.655],[8.307,46.658],[8.304,46.657],[8.301,46.658],[8.303,46.66],[8.3,46.662],[8.301,46.664],[8.298,46.667],[8.282,46.67],[8.269,46.682],[8.265,46.683],[8.262,46.686],[8.256,46.687],[8.255,46.694],[8.251,46.701],[8.256,46.703],[8.266,46.703],[8.272,46.706],[8.28,46.707],[8.284,46.71],[8.295,46.712],[8.302,46.711],[8.305,46.713],[8.308,46.712],[8.315,46.714],[8.325,46.711],[8.331,46.706],[8.332,46.707],[8.33,46.711],[8.332,46.716],[8.331,46.72],[8.335,46.723],[8.338,46.723],[8.338,46.725],[8.348,46.73],[8.349,46.732],[8.358,46.733],[8.364,46.736],[8.377,46.733],[8.384,46.734],[8.384,46.738],[8.361,46.743],[8.363,46.745],[8.36,46.745],[8.358,46.743],[8.355,46.745],[8.345,46.744],[8.332,46.739],[8.331,46.738],[8.332,46.736],[8.325,46.733],[8.309,46.734],[8.289,46.73],[8.282,46.732],[8.286,46.734],[8.287,46.737],[8.292,46.741],[8.293,46.748],[8.279,46.741],[8.268,46.732],[8.263,46.731],[8.256,46.726],[8.24,46.726],[8.237,46.732],[8.224,46.739],[8.229,46.744],[8.227,46.748],[8.217,46.754],[8.214,46.753],[8.211,46.756],[8.201,46.758],[8.191,46.764],[8.178,46.767],[8.181,46.769],[8.181,46.771],[8.178,46.776],[8.182,46.777],[8.183,46.78],[8.191,46.784],[8.192,46.787],[8.19,46.789],[8.195,46.792],[8.198,46.791],[8.197,46.789],[8.203,46.787],[8.203,46.782],[8.209,46.78],[8.211,46.782],[8.211,46.787],[8.215,46.789],[8.214,46.793],[8.216,46.796],[8.221,46.801],[8.231,46.803],[8.235,46.811],[8.236,46.82],[8.238,46.822],[8.228,46.824],[8.225,46.827],[8.232,46.831],[8.235,46.829],[8.233,46.831],[8.235,46.833],[8.238,46.832],[8.245,46.836],[8.248,46.836],[8.254,46.84],[8.255,46.845],[8.268,46.847],[8.271,46.852],[8.275,46.851],[8.279,46.847],[8.279,46.845],[8.271,46.838],[8.271,46.833],[8.264,46.831],[8.264,46.827],[8.261,46.82],[8.268,46.822],[8.273,46.82],[8.273,46.818],[8.271,46.811],[8.272,46.809],[8.267,46.809],[8.264,46.806],[8.267,46.804],[8.267,46.802],[8.264,46.8],[8.263,46.797],[8.265,46.793],[8.264,46.791],[8.27,46.791],[8.274,46.793],[8.27,46.793],[8.267,46.795],[8.27,46.797],[8.283,46.794],[8.289,46.795],[8.291,46.797],[8.293,46.806],[8.292,46.808],[8.295,46.813],[8.295,46.817],[8.299,46.82],[8.298,46.822],[8.304,46.825],[8.307,46.829],[8.3,46.829],[8.3,46.831],[8.307,46.835],[8.307,46.838],[8.312,46.842],[8.314,46.847],[8.317,46.847],[8.316,46.851],[8.32,46.853],[8.319,46.858],[8.324,46.862],[8.321,46.868],[8.314,46.871],[8.308,46.871],[8.304,46.869],[8.301,46.871],[8.301,46.874],[8.308,46.877],[8.311,46.88],[8.318,46.882],[8.318,46.885],[8.324,46.889],[8.321,46.891],[8.334,46.9],[8.338,46.9],[8.341,46.898],[8.342,46.9],[8.341,46.901],[8.334,46.905],[8.339,46.914],[8.338,46.916],[8.341,46.918],[8.341,46.923],[8.335,46.928],[8.334,46.932],[8.345,46.939],[8.348,46.936],[8.351,46.936],[8.351,46.938],[8.368,46.942],[8.371,46.941],[8.369,46.934],[8.371,46.932],[8.368,46.93],[8.358,46.929],[8.354,46.926],[8.351,46.928],[8.348,46.927],[8.348,46.925],[8.358,46.916],[8.358,46.914],[8.364,46.917],[8.376,46.911],[8.367,46.909],[8.37,46.903],[8.372,46.902],[8.364,46.901],[8.363,46.9],[8.364,46.898],[8.362,46.896],[8.353,46.891],[8.357,46.882],[8.35,46.88],[8.353,46.875],[8.349,46.871],[8.347,46.864],[8.344,46.86],[8.347,46.855],[8.339,46.851],[8.34,46.848],[8.347,46.849],[8.356,46.843],[8.36,46.842],[8.361,46.837],[8.356,46.83],[8.361,46.826],[8.356,46.821],[8.359,46.821],[8.361,46.819],[8.359,46.817],[8.366,46.819],[8.369,46.818],[8.369,46.813],[8.371,46.815],[8.379,46.813],[8.382,46.815],[8.384,46.812],[8.382,46.81],[8.379,46.81],[8.379,46.808],[8.385,46.807],[8.392,46.803],[8.392,46.806],[8.39,46.808],[8.395,46.809],[8.398,46.813],[8.402,46.813],[8.405,46.811],[8.413,46.81],[8.411,46.808],[8.415,46.805],[8.428,46.803],[8.431,46.799],[8.441,46.8],[8.451,46.799],[8.454,46.797],[8.456,46.798],[8.457,46.8],[8.456,46.805],[8.434,46.823],[8.438,46.828],[8.437,46.83],[8.439,46.834],[8.438,46.837],[8.432,46.84],[8.428,46.839],[8.425,46.84],[8.418,46.83],[8.415,46.83],[8.412,46.833],[8.409,46.832],[8.405,46.835],[8.405,46.832],[8.409,46.83],[8.399,46.83],[8.399,46.832],[8.395,46.832],[8.392,46.835],[8.392,46.839],[8.389,46.841],[8.392,46.844],[8.396,46.844],[8.394,46.848],[8.396,46.85],[8.396,46.853],[8.393,46.853],[8.387,46.857],[8.39,46.859],[8.388,46.862],[8.396,46.868],[8.403,46.87],[8.413,46.876],[8.422,46.873],[8.432,46.881],[8.437,46.882],[8.43,46.888],[8.434,46.891],[8.43,46.893],[8.433,46.897],[8.429,46.897],[8.426,46.902],[8.413,46.902],[8.407,46.904],[8.414,46.909],[8.413,46.911],[8.418,46.913],[8.418,46.918],[8.42,46.919],[8.427,46.916],[8.43,46.913],[8.436,46.914],[8.44,46.917],[8.439,46.92],[8.436,46.922],[8.433,46.921],[8.423,46.929],[8.427,46.931],[8.437,46.927],[8.433,46.931],[8.433,46.934],[8.43,46.932],[8.427,46.933],[8.425,46.936],[8.42,46.937],[8.414,46.933],[8.411,46.938],[8.417,46.948],[8.424,46.949],[8.437,46.956],[8.444,46.953],[8.444,46.951],[8.45,46.953],[8.457,46.951],[8.46,46.945],[8.464,46.946],[8.465,46.949],[8.47,46.952],[8.48,46.951],[8.479,46.949],[8.48,46.948],[8.489,46.948],[8.493,46.953],[8.496,46.953],[8.496,46.948],[8.501,46.948],[8.504,46.951],[8.509,46.952],[8.513,46.951],[8.514,46.946],[8.512,46.944],[8.514,46.942],[8.514,46.939],[8.512,46.937],[8.506,46.939],[8.512,46.935],[8.519,46.937],[8.517,46.939],[8.52,46.944],[8.529,46.95],[8.536,46.951],[8.539,46.953],[8.559,46.952],[8.572,46.954],[8.574,46.952],[8.569,46.95],[8.563,46.943],[8.564,46.941],[8.559,46.939],[8.564,46.934],[8.56,46.925],[8.562,46.921],[8.561,46.92],[8.555,46.918],[8.551,46.919],[8.551,46.921],[8.545,46.918],[8.541,46.918],[8.538,46.915],[8.532,46.919],[8.528,46.917],[8.526,46.914],[8.516,46.912],[8.512,46.908],[8.512,46.901],[8.51,46.899],[8.511,46.897],[8.515,46.897],[8.511,46.894],[8.511,46.891],[8.516,46.89],[8.515,46.886],[8.513,46.885],[8.518,46.886],[8.518,46.881],[8.522,46.883],[8.526,46.894],[8.525,46.896],[8.531,46.902],[8.535,46.903],[8.531,46.905],[8.531,46.908],[8.541,46.907],[8.548,46.91],[8.553,46.905],[8.548,46.903],[8.551,46.9],[8.557,46.901],[8.561,46.899],[8.566,46.903],[8.571,46.904],[8.573,46.903],[8.57,46.901],[8.572,46.896],[8.57,46.895],[8.57,46.893],[8.574,46.891],[8.58,46.891],[8.583,46.889],[8.585,46.885],[8.584,46.882],[8.591,46.878],[8.589,46.876],[8.59,46.873],[8.586,46.869],[8.588,46.867],[8.58,46.86],[8.58,46.858],[8.589,46.86],[8.603,46.866],[8.604,46.864],[8.602,46.862],[8.602,46.857],[8.606,46.857],[8.609,46.855],[8.604,46.853],[8.604,46.848],[8.609,46.845],[8.619,46.845],[8.619,46.843],[8.612,46.842],[8.609,46.839],[8.62,46.828],[8.62,46.826],[8.616,46.824],[8.615,46.819],[8.612,46.821],[8.606,46.815],[8.611,46.81],[8.615,46.811],[8.621,46.809],[8.624,46.811],[8.628,46.81],[8.634,46.804],[8.641,46.804],[8.642,46.803],[8.637,46.802],[8.637,46.8],[8.642,46.796],[8.64,46.794],[8.645,46.79],[8.646,46.787],[8.645,46.783],[8.639,46.778],[8.618,46.765],[8.617,46.761],[8.621,46.758],[8.616,46.754],[8.62,46.747],[8.611,46.743],[8.61,46.739],[8.603,46.736],[8.6,46.736],[8.597,46.736],[8.593,46.738],[8.593,46.736],[8.597,46.734],[8.596,46.732],[8.599,46.729],[8.597,46.725],[8.598,46.723],[8.593,46.72],[8.588,46.72],[8.58,46.726],[8.56,46.726],[8.557,46.727],[8.56,46.73],[8.554,46.728],[8.551,46.733],[8.547,46.733],[8.544,46.735],[8.539,46.734],[8.538,46.732],[8.528,46.734],[8.532,46.737],[8.531,46.739],[8.512,46.744],[8.512,46.741],[8.515,46.739],[8.528,46.737],[8.525,46.735],[8.526,46.732],[8.538,46.729],[8.543,46.721],[8.548,46.719],[8.547,46.716],[8.55,46.718],[8.554,46.718],[8.567,46.716],[8.57,46.713],[8.573,46.713],[8.579,46.709],[8.583,46.705],[8.581,46.702],[8.576,46.7],[8.578,46.698],[8.575,46.696],[8.575,46.694],[8.579,46.691],[8.578,46.689],[8.579,46.687],[8.574,46.682],[8.578,46.68],[8.576,46.677],[8.556,46.677],[8.543,46.673],[8.536,46.669],[8.533,46.671],[8.533,46.674],[8.53,46.677],[8.521095890410951,46.6761095890411],[8.53,46.672],[8.527,46.669],[8.523,46.669],[8.523,46.663],[8.52,46.66],[8.507,46.659],[8.493,46.649],[8.487,46.649],[8.484,46.651],[8.48,46.65],[8.474,46.652],[8.469,46.65],[8.477,46.645],[8.493,46.644],[8.5,46.647],[8.526,46.649],[8.533,46.652],[8.549,46.653],[8.552,46.655],[8.562,46.655],[8.566,46.658],[8.572,46.659],[8.574,46.658],[8.575,46.653],[8.572,46.651],[8.572,46.649],[8.575,46.649],[8.578,46.646],[8.578,46.644],[8.575,46.642],[8.575,46.637],[8.565,46.631],[8.56,46.631],[8.555,46.626],[8.545,46.626],[8.545,46.631],[8.542,46.629],[8.532,46.627],[8.535,46.624],[8.529,46.62],[8.522,46.618],[8.519,46.615],[8.503,46.613],[8.503,46.611],[8.499,46.609],[8.493,46.611],[8.492,46.604],[8.486,46.602],[8.482,46.598],[8.482,46.595],[8.486,46.591],[8.483,46.589],[8.476,46.589],[8.47,46.593],[8.457,46.593],[8.453,46.591],[8.463,46.591],[8.475,46.584],[8.486,46.584],[8.489,46.582],[8.485,46.575],[8.479,46.573],[8.475,46.569],[8.476,46.568],[8.482,46.573],[8.489,46.571],[8.488,46.573],[8.492,46.577],[8.498,46.572],[8.5,46.573],[8.499,46.58],[8.502,46.582],[8.503,46.589],[8.509,46.593],[8.512,46.593],[8.515,46.597],[8.522,46.601],[8.532,46.602],[8.538,46.605],[8.545,46.606],[8.548,46.611],[8.558,46.611],[8.56,46.608],[8.554,46.599],[8.554,46.587],[8.557,46.586],[8.571,46.594],[8.577,46.592],[8.584,46.594],[8.581,46.597],[8.572,46.599],[8.574,46.604],[8.578,46.606],[8.578,46.617],[8.581,46.619],[8.591,46.619],[8.588,46.621],[8.588,46.624],[8.598,46.63],[8.603,46.628],[8.611,46.628],[8.624,46.625],[8.639,46.614],[8.639,46.612],[8.656,46.611],[8.658,46.612],[8.651,46.619],[8.65,46.624],[8.648,46.625],[8.647,46.628],[8.64,46.63],[8.631,46.637],[8.624,46.637],[8.621,46.639],[8.627,46.65],[8.640909090909089,46.659],[8.637,46.659],[8.631,46.655],[8.62,46.653],[8.618,46.65],[8.611,46.65],[8.608,46.653],[8.605,46.651],[8.595,46.657],[8.601,46.659],[8.606,46.664],[8.612,46.666],[8.615,46.67],[8.618,46.67],[8.625,46.675],[8.625,46.677],[8.622,46.68],[8.618,46.677],[8.612,46.677],[8.608,46.68],[8.615,46.684],[8.612,46.686],[8.612,46.691],[8.615,46.695],[8.615,46.698],[8.619,46.7],[8.624,46.711],[8.627,46.713],[8.627,46.72],[8.632,46.722],[8.632,46.724],[8.639,46.729],[8.642,46.727],[8.644,46.722],[8.642,46.72],[8.645,46.718],[8.655,46.72],[8.66,46.735],[8.657,46.74],[8.659,46.742],[8.658,46.744],[8.659,46.747],[8.662,46.747],[8.666,46.75],[8.676,46.76],[8.692,46.762],[8.695,46.759],[8.699,46.76],[8.705,46.755],[8.705,46.753],[8.71,46.751],[8.708,46.746],[8.715,46.749],[8.718,46.748],[8.722,46.75],[8.721,46.753],[8.728,46.755],[8.721,46.756],[8.721,46.759],[8.741,46.759],[8.741,46.762],[8.748,46.766],[8.764,46.77],[8.771,46.774],[8.774,46.778],[8.778,46.778],[8.784,46.783],[8.788,46.783],[8.789,46.786],[8.768,46.788],[8.754,46.784],[8.753,46.782],[8.743,46.777],[8.728,46.777],[8.719,46.773],[8.715,46.775],[8.714,46.78],[8.702,46.78],[8.697,46.784],[8.697,46.787],[8.694,46.789],[8.693,46.8],[8.69,46.803],[8.696,46.809],[8.698,46.809],[8.692,46.814],[8.68,46.818],[8.679,46.821],[8.667,46.825],[8.666,46.828],[8.655,46.841],[8.658,46.843],[8.668,46.844],[8.671,46.847],[8.676,46.848],[8.673,46.85],[8.678,46.852],[8.677,46.854],[8.679,46.857],[8.678,46.861],[8.681,46.864],[8.685,46.864],[8.686,46.861],[8.694,46.855],[8.698,46.856],[8.702,46.859],[8.701,46.861],[8.703,46.865],[8.701,46.868],[8.718,46.869],[8.72,46.867],[8.713,46.865],[8.717,46.864],[8.721,46.865],[8.724,46.864],[8.727,46.866],[8.744,46.863],[8.747,46.865],[8.77,46.856],[8.776,46.856],[8.78,46.86],[8.809,46.862],[8.809,46.866],[8.783,46.865],[8.776,46.867],[8.776,46.865],[8.77,46.861],[8.767,46.861],[8.747,46.869],[8.741,46.874],[8.731,46.876],[8.727,46.881],[8.721,46.885],[8.722,46.89],[8.715,46.897],[8.715,46.891],[8.708,46.891],[8.705,46.888],[8.702,46.89],[8.702,46.895],[8.698,46.894],[8.695,46.89],[8.688,46.89],[8.689,46.897],[8.685,46.895],[8.682,46.899],[8.666,46.897],[8.662,46.894],[8.659,46.896],[8.651,46.897],[8.644,46.902],[8.643,46.907],[8.653,46.909],[8.654,46.906],[8.663,46.902],[8.663,46.906],[8.668,46.909],[8.657,46.915],[8.656,46.92],[8.647,46.923],[8.637,46.924],[8.634,46.929],[8.63,46.931],[8.63,46.936],[8.637,46.941],[8.647,46.941],[8.654,46.939],[8.66,46.942],[8.677,46.941],[8.688,46.947],[8.664,46.946],[8.66,46.949],[8.664,46.951],[8.664,46.954],[8.657,46.954],[8.644,46.959],[8.638,46.958],[8.63,46.963],[8.628,46.97],[8.63,46.974],[8.629,46.976],[8.635,46.982],[8.654,46.983],[8.664,46.987],[8.674,46.985],[8.687,46.987],[8.707,46.977],[8.714,46.977],[8.725,46.971],[8.726,46.969],[8.731,46.969],[8.733,46.967],[8.74,46.969],[8.746,46.966],[8.749,46.968],[8.763,46.966],[8.772,46.967],[8.774,46.966],[8.772,46.964],[8.772,46.961],[8.782,46.967],[8.786,46.967],[8.789,46.965],[8.799,46.966],[8.807,46.963],[8.813,46.956],[8.818,46.954],[8.82,46.952],[8.818,46.95],[8.823,46.945],[8.824,46.942],[8.831,46.939],[8.834,46.94],[8.831,46.943],[8.834,46.945],[8.838,46.945],[8.831,46.949],[8.829,46.952],[8.83,46.954],[8.826,46.956],[8.828,46.958],[8.825,46.958],[8.818,46.963],[8.818,46.965],[8.812,46.966],[8.807,46.97],[8.796,46.972],[8.793,46.975],[8.796,46.977],[8.794,46.979],[8.796,46.981],[8.8,46.981],[8.799,46.983],[8.802,46.987],[8.806,46.988],[8.793,46.99],[8.789,46.988],[8.786,46.99],[8.783,46.988],[8.776,46.99],[8.763,46.987],[8.756,46.982],[8.753,46.982],[8.737,46.988],[8.733,46.988],[8.732,46.989],[8.737,46.993],[8.734,46.994],[8.724,46.991],[8.707,46.997],[8.696,46.998],[8.694,47.001],[8.7,47.005],[8.698,47.007],[8.701,47.009],[8.698,47.009],[8.695,47.014],[8.691,47.012],[8.685,47.016],[8.684,47.019],[8.686,47.023],[8.679,47.028],[8.679,47.031],[8.677,47.032],[8.675,47.037],[8.672,47.037],[8.67,47.039],[8.676,47.043],[8.674,47.046],[8.669,47.048],[8.662,47.045],[8.651,47.05],[8.646,47.056],[8.636,47.057],[8.638,47.06],[8.645,47.064],[8.643,47.065],[8.64,47.063],[8.635,47.066],[8.637,47.069],[8.64,47.068],[8.638,47.071],[8.647,47.08],[8.648,47.075],[8.657,47.073],[8.653,47.077],[8.653,47.08],[8.65,47.084],[8.66,47.087],[8.661,47.089],[8.648,47.091],[8.649,47.098],[8.654,47.102],[8.662,47.102],[8.659,47.104],[8.661,47.107],[8.674,47.106],[8.674,47.109],[8.679,47.111],[8.681,47.115],[8.687,47.119],[8.688,47.117],[8.684,47.113],[8.69,47.111],[8.682,47.106],[8.687,47.106],[8.696,47.102],[8.69,47.097],[8.7,47.097],[8.698,47.099],[8.697,47.106],[8.694,47.108],[8.69,47.108],[8.697,47.109],[8.7,47.113],[8.706,47.115],[8.705,47.12],[8.707,47.121],[8.713,47.117],[8.709,47.115],[8.71,47.113],[8.709,47.11],[8.711,47.106],[8.713,47.105],[8.723,47.111],[8.727,47.11],[8.728,47.106],[8.73,47.105],[8.733,47.107],[8.74,47.107],[8.743,47.109],[8.75,47.11],[8.75,47.112],[8.76,47.122],[8.765,47.119],[8.761,47.114],[8.763,47.112],[8.759,47.11],[8.759,47.105],[8.756,47.103],[8.756,47.101],[8.746,47.101],[8.746,47.099],[8.753,47.096],[8.756,47.099],[8.762,47.097],[8.769,47.102],[8.776,47.103],[8.784,47.098],[8.778,47.096],[8.779,47.093],[8.782,47.094],[8.785,47.092],[8.78,47.089],[8.785,47.088],[8.792,47.09],[8.798,47.087],[8.802,47.088],[8.811,47.082],[8.81,47.085],[8.812,47.087],[8.825,47.087],[8.831,47.091],[8.825,47.091],[8.822,47.089],[8.819,47.091],[8.822,47.096],[8.818,47.098],[8.819,47.1],[8.812,47.099],[8.809,47.1],[8.805,47.107],[8.816,47.116],[8.812,47.115],[8.804,47.118],[8.807,47.121],[8.813,47.123],[8.813,47.125],[8.816,47.127],[8.826,47.125],[8.831,47.129],[8.827,47.136],[8.836,47.137],[8.843,47.142],[8.852,47.136],[8.85,47.129],[8.854,47.127],[8.855,47.122],[8.865,47.12],[8.865,47.118],[8.868,47.116],[8.872,47.116],[8.87,47.12],[8.875,47.122],[8.882,47.119],[8.895,47.109],[8.893,47.104],[8.898,47.101],[8.9,47.097],[8.894,47.095],[8.888,47.097],[8.888,47.095],[8.897,47.092],[8.904,47.092],[8.907,47.094],[8.909,47.092],[8.909,47.09],[8.904,47.088],[8.907,47.086],[8.9,47.081],[8.902,47.077],[8.9,47.074],[8.903,47.072],[8.902,47.068],[8.906,47.063],[8.911,47.063],[8.916,47.065],[8.93,47.076],[8.937,47.078],[8.93,47.079],[8.928,47.081],[8.934,47.09],[8.934,47.094],[8.93,47.095],[8.923,47.103],[8.923,47.108],[8.919,47.11],[8.928,47.113],[8.931,47.112],[8.934,47.115],[8.931,47.119],[8.921,47.117],[8.918,47.119],[8.92,47.126],[8.918,47.128],[8.921,47.13],[8.931,47.125],[8.938,47.127],[8.938,47.123],[8.936,47.121],[8.938,47.119],[8.951,47.121],[8.951,47.123],[8.944,47.126],[8.948,47.128],[8.945,47.13],[8.945,47.132],[8.948,47.134],[8.951,47.133],[8.952,47.135],[8.941,47.138],[8.939,47.141],[8.947,47.146],[8.942,47.148],[8.942,47.15],[8.932,47.148],[8.929,47.151],[8.929,47.153],[8.949,47.156],[8.952,47.155],[8.955,47.15],[8.958,47.152],[8.962,47.152],[8.965,47.15],[8.972,47.151],[8.975,47.148],[8.981,47.148],[8.985,47.145],[8.978,47.141],[8.978,47.139],[8.999,47.143],[9.02,47.135],[9.027,47.134],[9.031,47.131],[9.019,47.127],[9.017,47.125],[9.023,47.122],[9.027,47.122],[9.03,47.12],[9.027,47.118],[9.03,47.115],[9.046,47.109],[9.047,47.106],[9.033,47.102],[9.033,47.099],[9.016,47.095],[9.006,47.094],[9.003,47.096],[9.003,47.099],[9.0,47.096],[8.989,47.094],[8.99,47.092],[8.993,47.091],[8.988,47.089],[8.989,47.082],[8.986,47.08],[8.987,47.078],[8.985,47.076],[8.986,47.075],[8.992,47.079],[8.996,47.079],[9.002,47.083],[9.026,47.084],[9.032,47.083],[9.039,47.086],[9.041,47.077],[9.039,47.07],[9.033,47.064],[9.034,47.061],[9.033,47.059],[9.012,47.05],[8.998,47.046],[8.995,47.042],[8.978,47.041],[8.972,47.036],[8.968,47.035],[8.951,47.036],[8.948,47.034],[8.935,47.035],[8.929,47.032],[8.925,47.034],[8.924,47.031],[8.915,47.029],[8.912,47.025],[8.909,47.023],[8.905,47.023],[8.902,47.02],[8.905,47.018],[8.909,47.019],[8.918,47.011],[8.918,47.009],[8.921,47.007],[8.921,47.004],[8.925,47.003],[8.931,46.998],[8.934,46.998],[8.928,47.007],[8.925,47.009],[8.926,47.013],[8.929,47.016],[8.935,47.018],[8.951,47.016],[8.964,47.017],[8.972,47.015],[8.978,47.019],[8.985,47.019],[8.991,47.022],[8.995,47.021],[8.997,47.023],[9.004,47.021],[9.011,47.026],[9.014,47.026],[9.017,47.023],[9.023,47.021],[9.025,47.021],[9.024,47.023],[9.025,47.026],[9.03,47.028],[9.047,47.029],[9.051,47.025],[9.05,47.018],[9.047,47.014],[9.043,47.012],[9.041,47.005],[9.043,47.001],[9.041,46.998],[9.033,46.993],[9.033,46.987],[9.019,46.978],[9.013,46.977],[9.006,46.97],[9.006,46.967],[9.012,46.965],[9.011,46.963],[9.014,46.958],[9.011,46.952],[9.0,46.943],[8.992,46.941],[8.982,46.934],[8.972,46.936],[8.975,46.932],[8.975,46.929],[8.981,46.925],[8.978,46.924],[8.973,46.918],[8.965,46.914],[8.961,46.914],[8.964,46.912],[8.958,46.91],[8.952,46.912],[8.942,46.907],[8.938,46.903],[8.941,46.902],[8.945,46.904],[8.951,46.904],[8.955,46.903],[8.965,46.906],[8.969,46.905],[8.968,46.903],[8.97,46.898],[8.97,46.891],[8.969,46.887],[8.961,46.882],[8.964,46.88],[8.972,46.88],[8.97,46.873],[8.972,46.871],[8.966,46.867],[8.967,46.862],[8.963,46.86],[8.963,46.858],[8.958,46.856],[8.956,46.853],[8.946,46.846],[8.943,46.84],[8.94,46.842],[8.94,46.838],[8.943,46.838],[8.945,46.835],[8.949,46.835],[8.952,46.833],[8.952,46.829],[8.956,46.826],[8.957,46.831],[8.956,46.835],[8.963,46.835],[8.964,46.842],[8.959,46.844],[8.963,46.846],[8.969,46.844],[8.963,46.849],[8.967,46.851],[8.966,46.853],[8.97,46.858],[8.977,46.86],[8.983,46.864],[8.999,46.853],[8.999,46.855],[8.996,46.857],[8.999,46.859],[8.991,46.864],[8.993,46.866],[8.993,46.869],[8.99,46.871],[8.992,46.875],[8.991,46.88],[9.003,46.884],[9.005,46.886],[9.004,46.889],[9.017,46.902],[9.012,46.907],[9.012,46.911],[9.024,46.912],[9.036,46.906],[9.033,46.905],[9.033,46.903],[9.037,46.904],[9.038,46.906],[9.032,46.913],[9.034,46.914],[9.037,46.913],[9.037,46.915],[9.031,46.922],[9.031,46.927],[9.038,46.933],[9.051,46.93],[9.054,46.933],[9.051,46.935],[9.054,46.937],[9.058,46.937],[9.057,46.94],[9.054,46.942],[9.058,46.945],[9.061,46.944],[9.056,46.949],[9.056,46.951],[9.06,46.955],[9.062,46.96],[9.065,46.962],[9.071,46.96],[9.072,46.966],[9.078,46.971],[9.081,46.963],[9.094,46.961],[9.098,46.963],[9.099,46.966],[9.096,46.968],[9.103,46.977],[9.101,46.978],[9.101,46.982],[9.105,46.984],[9.104,46.986],[9.105,46.988],[9.115,46.986],[9.121,46.981],[9.128,46.978],[9.131,46.979],[9.134,46.974],[9.137,46.974],[9.144,46.97],[9.147,46.971],[9.154,46.966],[9.157,46.958],[9.145,46.956],[9.15,46.954],[9.146,46.952],[9.153,46.951],[9.155,46.949],[9.153,46.943],[9.156,46.938],[9.156,46.934],[9.152,46.932],[9.152,46.929],[9.156,46.926],[9.162,46.926],[9.164,46.922],[9.152,46.916],[9.149,46.916],[9.147,46.92],[9.149,46.923],[9.146,46.923],[9.132,46.912],[9.129,46.915],[9.127,46.914],[9.129,46.912],[9.129,46.909],[9.125,46.909],[9.119,46.899],[9.112,46.896],[9.11,46.894],[9.112,46.892],[9.112,46.889],[9.107,46.887],[9.115,46.887],[9.121,46.885],[9.121,46.882],[9.131,46.885],[9.135,46.887],[9.131,46.889],[9.138,46.893],[9.151,46.896],[9.151,46.898],[9.155,46.9],[9.158,46.904],[9.165,46.908],[9.175,46.909],[9.181,46.912],[9.184,46.911],[9.184,46.906],[9.188,46.906],[9.191,46.908],[9.196,46.917],[9.211,46.921],[9.22,46.926],[9.221,46.928],[9.221,46.93],[9.215,46.931],[9.208,46.928],[9.207,46.931],[9.202,46.933],[9.195,46.929],[9.188,46.93],[9.186,46.933],[9.189,46.935],[9.183,46.94],[9.187,46.947],[9.186,46.951],[9.198,46.958],[9.216,46.962],[9.221,46.966],[9.206,46.973],[9.196,46.97],[9.193,46.971],[9.193,46.974],[9.19,46.975],[9.187,46.972],[9.184,46.974],[9.185,46.976],[9.177,46.978],[9.174,46.981],[9.18,46.983],[9.177,46.985],[9.172,46.994],[9.175,46.999],[9.174,47.003],[9.178,47.005],[9.179,47.008],[9.191,47.012],[9.165,47.012],[9.16,47.01],[9.148,47.001],[9.146,47.004],[9.129,47.008],[9.129,47.012],[9.112,47.015],[9.109,47.018],[9.113,47.024],[9.113,47.027],[9.109,47.028],[9.106,47.031],[9.106,47.038],[9.1,47.04],[9.1,47.043],[9.097,47.044],[9.092,47.049],[9.094,47.052],[9.09,47.052],[9.084,47.056],[9.086,47.063],[9.084,47.07],[9.088,47.072],[9.088,47.076],[9.094,47.081],[9.093,47.083],[9.095,47.084],[9.101,47.081],[9.1,47.078],[9.101,47.076],[9.106,47.081],[9.105,47.085],[9.098,47.086],[9.096,47.088],[9.097,47.09],[9.108,47.094],[9.108,47.096],[9.101,47.096],[9.095,47.1],[9.093,47.103],[9.095,47.106],[9.099,47.106],[9.102,47.103],[9.105,47.107],[9.109,47.105],[9.112,47.11],[9.122,47.107],[9.125,47.111],[9.131,47.107],[9.131,47.101],[9.135,47.102],[9.137,47.105],[9.136,47.107],[9.138,47.108],[9.14,47.107],[9.139,47.105],[9.141,47.104],[9.145,47.108],[9.151,47.108],[9.155,47.107],[9.153,47.1],[9.154,47.096],[9.164,47.101],[9.171,47.101],[9.174,47.1],[9.174,47.098],[9.178,47.099],[9.181,47.094],[9.19,47.091],[9.192,47.084],[9.19,47.082],[9.192,47.079],[9.187,47.075],[9.193,47.064],[9.193,47.059],[9.198,47.061],[9.198,47.064],[9.195,47.066],[9.196,47.068],[9.2,47.07],[9.205,47.079],[9.213,47.084],[9.213,47.088],[9.217,47.09],[9.22,47.09],[9.225,47.086],[9.22,47.083],[9.224,47.083],[9.228,47.086],[9.227,47.088],[9.23,47.09],[9.236,47.089],[9.237,47.092],[9.24,47.094],[9.246,47.088],[9.245,47.085],[9.253,47.087],[9.256,47.085],[9.26,47.088],[9.263,47.087],[9.268,47.089],[9.276,47.096],[9.283,47.096],[9.293,47.091],[9.296,47.093],[9.299,47.091],[9.306,47.093],[9.312,47.091],[9.314,47.089],[9.309,47.08],[9.302,47.078],[9.299,47.08],[9.3,47.082],[9.299,47.083],[9.295,47.081],[9.295,47.076],[9.293,47.073],[9.285,47.072],[9.275,47.063],[9.269,47.062],[9.272,47.06],[9.258,47.055],[9.255,47.056],[9.258,47.051],[9.265,47.049],[9.265,47.047],[9.268,47.048],[9.271,47.047],[9.272,47.042],[9.268,47.04],[9.271,47.038],[9.267,47.031],[9.269,47.026],[9.274,47.028],[9.278,47.026],[9.286,47.031],[9.284,47.033],[9.294,47.037],[9.294,47.046],[9.296,47.049],[9.301,47.051],[9.311,47.062],[9.313,47.059],[9.318,47.059],[9.327,47.055],[9.331,47.055],[9.334,47.052],[9.333,47.046],[9.33,47.043],[9.327,47.043],[9.32,47.039],[9.318,47.037],[9.32,47.035],[9.337,47.038],[9.343,47.036],[9.353,47.039],[9.358,47.034],[9.359,47.027],[9.353,47.021],[9.344,47.018],[9.343,47.015],[9.339,47.017],[9.338,47.016],[9.339,47.014],[9.342,47.012],[9.338,47.007],[9.332,47.003],[9.319,47.003],[9.316,46.999],[9.307,46.997],[9.299,46.987],[9.293,46.986],[9.292,46.983],[9.272,46.979],[9.266,46.975],[9.267,46.972],[9.262,46.966],[9.265,46.965],[9.298,46.972],[9.301,46.97],[9.301,46.967],[9.308,46.967],[9.313,46.972],[9.312,46.974],[9.318,46.98],[9.322,46.981],[9.328,46.978],[9.328,46.98],[9.335,46.982],[9.346,46.971],[9.343,46.969],[9.347,46.967],[9.35,46.962],[9.347,46.96],[9.357,46.96],[9.36,46.962],[9.357,46.967],[9.361,46.971],[9.359,46.975],[9.363,46.98],[9.361,46.984],[9.365,46.987],[9.374,46.984],[9.381,46.997],[9.385,46.998],[9.378,47.002],[9.382,47.003],[9.388,47.011],[9.398,47.01],[9.402,47.015],[9.405,47.006],[9.408,47.002],[9.411,47.004],[9.414,47.002],[9.418,47.004],[9.42,47.001],[9.416,46.997],[9.417,46.992],[9.421,46.99],[9.422,46.992],[9.437,47.0],[9.449,46.994],[9.46,46.993],[9.463,46.989],[9.453,46.983],[9.456,46.981],[9.453,46.979],[9.45,46.978],[9.447,46.981],[9.443,46.979],[9.443,46.976],[9.433,46.971],[9.423,46.972],[9.413,46.966],[9.411,46.963],[9.42,46.963],[9.429,46.959],[9.426,46.956],[9.433,46.959],[9.442,46.954],[9.454,46.954],[9.449,46.949],[9.451,46.945],[9.448,46.942],[9.439,46.945],[9.439,46.947],[9.435,46.945],[9.434,46.947],[9.431,46.947],[9.432,46.945],[9.429,46.943],[9.425,46.943],[9.425,46.939],[9.432,46.937],[9.434,46.934],[9.428,46.93],[9.415,46.93],[9.415,46.927],[9.412,46.925],[9.402,46.934],[9.396,46.935],[9.395,46.925],[9.392,46.922],[9.388,46.921],[9.385,46.923],[9.379,46.922],[9.367,46.928],[9.363,46.935],[9.359,46.935],[9.356,46.933],[9.333,46.932],[9.33,46.934],[9.323,46.932],[9.313,46.932],[9.307,46.928],[9.303,46.93],[9.302,46.929],[9.305,46.927],[9.293,46.925],[9.316,46.925],[9.336,46.923],[9.349,46.917],[9.352,46.919],[9.362,46.916],[9.364,46.915],[9.365,46.912],[9.372,46.912],[9.375,46.909],[9.392,46.91],[9.398,46.907],[9.408,46.907],[9.411,46.905],[9.404,46.901],[9.394,46.898],[9.384,46.899],[9.387,46.893],[9.399,46.889],[9.377,46.885],[9.379,46.878],[9.374,46.874],[9.37,46.874],[9.371,46.872],[9.369,46.87],[9.37,46.858],[9.375,46.854],[9.373,46.852],[9.366,46.854],[9.363,46.852],[9.353,46.853],[9.35,46.859],[9.347,46.861],[9.34,46.86],[9.337,46.868],[9.328,46.871],[9.326,46.873],[9.328,46.875],[9.324,46.874],[9.321,46.88],[9.32,46.873],[9.318,46.871],[9.302,46.887],[9.298,46.884],[9.299,46.882],[9.295,46.88],[9.303,46.873],[9.301,46.872],[9.301,46.867],[9.303,46.866],[9.304,46.863],[9.313,46.857],[9.311,46.855],[9.294,46.855],[9.281,46.86],[9.275,46.867],[9.269,46.869],[9.252,46.87],[9.249,46.867],[9.242,46.865],[9.242,46.859],[9.245,46.856],[9.242,46.854],[9.22,46.854],[9.215,46.852],[9.209,46.852],[9.212,46.849],[9.219,46.849],[9.225,46.844],[9.23,46.843],[9.225,46.838],[9.221,46.837],[9.22,46.834],[9.215,46.832],[9.202,46.835],[9.2,46.834],[9.201,46.832],[9.198,46.828],[9.192,46.828],[9.185,46.824],[9.175,46.825],[9.174,46.828],[9.176,46.83],[9.173,46.832],[9.172,46.837],[9.156,46.84],[9.153,46.844],[9.156,46.848],[9.149,46.844],[9.149,46.842],[9.154,46.839],[9.152,46.837],[9.156,46.835],[9.162,46.828],[9.159,46.823],[9.154,46.819],[9.157,46.814],[9.155,46.813],[9.13,46.819],[9.13,46.822],[9.133,46.826],[9.125,46.831],[9.124,46.835],[9.127,46.837],[9.127,46.839],[9.124,46.842],[9.12,46.842],[9.119,46.835],[9.113,46.834],[9.11,46.835],[9.107,46.841],[9.104,46.843],[9.094,46.843],[9.087,46.84],[9.087,46.838],[9.093,46.836],[9.103,46.824],[9.1,46.822],[9.097,46.823],[9.09,46.821],[9.08,46.822],[9.077,46.82],[9.075,46.816],[9.077,46.815],[9.078,46.811],[9.076,46.81],[9.076,46.808],[9.079,46.807],[9.07,46.797],[9.06,46.798],[9.044,46.809],[9.047,46.812],[9.04,46.812],[9.037,46.814],[9.034,46.812],[9.026,46.812],[9.024,46.81],[9.031,46.81],[9.034,46.803],[9.037,46.8],[9.04,46.802],[9.042,46.8],[9.04,46.796],[9.042,46.791],[9.041,46.789],[9.044,46.787],[9.043,46.786],[9.036,46.787],[9.02,46.781],[9.009,46.781],[9.006,46.776],[8.994,46.774],[8.984,46.775],[8.982,46.777],[8.974,46.775],[8.972,46.777],[8.974,46.779],[8.964,46.781],[8.957,46.777],[8.956,46.772],[8.967,46.765],[8.966,46.763],[8.96,46.761],[8.951,46.761],[8.948,46.763],[8.948,46.766],[8.946,46.766],[8.943,46.761],[8.944,46.759],[8.941,46.757],[8.937,46.759],[8.931,46.757],[8.934,46.755],[8.933,46.752],[8.931,46.751],[8.924,46.753],[8.923,46.748],[8.921,46.746],[8.914,46.746],[8.903,46.753],[8.905,46.754],[8.905,46.757],[8.902,46.76],[8.902,46.762],[8.898,46.763],[8.892,46.769],[8.889,46.767],[8.882,46.767],[8.879,46.769],[8.879,46.771],[8.876,46.769],[8.874,46.762],[8.875,46.76],[8.879,46.759],[8.884,46.753],[8.881,46.751],[8.884,46.746],[8.884,46.742],[8.878,46.735],[8.875,46.737],[8.875,46.735],[8.871,46.733],[8.868,46.735],[8.868,46.733],[8.871,46.731],[8.871,46.728],[8.868,46.726],[8.861,46.731],[8.858,46.731],[8.852,46.729],[8.848,46.721],[8.841,46.719],[8.835,46.722],[8.825,46.718],[8.819,46.718],[8.815,46.716],[8.816,46.711],[8.812,46.709],[8.813,46.707],[8.812,46.706],[8.802,46.705],[8.799,46.707],[8.795,46.707],[8.792,46.705],[8.789,46.702],[8.795,46.702],[8.798,46.7],[8.792,46.696],[8.782,46.698],[8.782,46.7],[8.776,46.698],[8.776,46.696],[8.769,46.693],[8.762,46.696],[8.762,46.698],[8.759,46.701],[8.758,46.694],[8.759,46.689],[8.749,46.689],[8.746,46.686],[8.739,46.687],[8.733,46.692],[8.733,46.681],[8.723,46.674],[8.719,46.676],[8.716,46.674],[8.71,46.68],[8.707,46.681],[8.709,46.679],[8.71,46.674],[8.713,46.674],[8.721,46.67],[8.719,46.668],[8.7,46.661],[8.696,46.661],[8.693,46.663],[8.693,46.659],[8.69,46.656],[8.683,46.656],[8.68,46.654],[8.677,46.657],[8.676,46.652],[8.673,46.65],[8.673,46.647],[8.68,46.65],[8.683,46.647],[8.696,46.647],[8.699,46.649],[8.702,46.647],[8.702,46.643],[8.706,46.645],[8.709,46.638],[8.705,46.634],[8.708,46.631],[8.705,46.629],[8.698,46.632],[8.692,46.627],[8.695,46.629],[8.699,46.629],[8.708,46.626],[8.712,46.624],[8.713,46.62],[8.715,46.619],[8.717,46.62],[8.716,46.622],[8.719,46.627],[8.719,46.629],[8.716,46.631],[8.719,46.634],[8.719,46.637],[8.717,46.638],[8.719,46.639],[8.719,46.642],[8.714,46.647],[8.714,46.649],[8.719,46.65],[8.721,46.652],[8.727,46.651],[8.729,46.654],[8.732,46.656],[8.736,46.656],[8.739,46.659],[8.745,46.656],[8.748,46.66],[8.762,46.667],[8.764,46.665],[8.758,46.658],[8.757,46.651],[8.755,46.649],[8.758,46.647],[8.751,46.642],[8.755,46.644],[8.757,46.642],[8.757,46.638],[8.754,46.635],[8.757,46.633],[8.757,46.631],[8.756,46.626],[8.754,46.625],[8.754,46.622],[8.757,46.626],[8.759,46.624],[8.764,46.624],[8.768,46.631],[8.768,46.638],[8.765,46.64],[8.774,46.646],[8.778,46.647],[8.781,46.651],[8.78,46.653],[8.785,46.658],[8.785,46.662],[8.788,46.664],[8.793,46.664],[8.792,46.66],[8.797,46.657],[8.797,46.65],[8.8,46.648],[8.804,46.65],[8.81,46.65],[8.809,46.657],[8.812,46.662],[8.814,46.663],[8.817,46.66],[8.82,46.66],[8.823,46.662],[8.827,46.662],[8.826,46.655],[8.833,46.652],[8.833,46.646],[8.826,46.642],[8.823,46.642],[8.822,46.639],[8.813,46.635],[8.815,46.632],[8.819,46.63],[8.809,46.628],[8.809,46.626],[8.812,46.623],[8.81,46.621],[8.811,46.619],[8.806,46.617],[8.809,46.615],[8.809,46.612],[8.805,46.608],[8.805,46.603],[8.799,46.602],[8.793,46.604],[8.792,46.601],[8.796,46.597],[8.795,46.594],[8.792,46.588],[8.789,46.586],[8.785,46.586],[8.783,46.583],[8.788,46.579],[8.782,46.575],[8.778,46.568],[8.779,46.567],[8.782,46.57],[8.785,46.569],[8.789,46.571],[8.793,46.57],[8.794,46.567],[8.797,46.565],[8.796,46.554],[8.799,46.552],[8.8,46.547],[8.798,46.546],[8.798,46.543],[8.804,46.542],[8.807,46.538],[8.806,46.536],[8.811,46.535],[8.813,46.531],[8.817,46.532],[8.836,46.526],[8.84,46.523],[8.84,46.52],[8.843,46.517],[8.846,46.519],[8.853,46.517],[8.853,46.515],[8.859,46.514],[8.862,46.51],[8.865,46.509],[8.878,46.508],[8.882,46.51],[8.902,46.51],[8.904,46.508],[8.895,46.504],[8.885,46.502],[8.883,46.497],[8.881,46.496],[8.875,46.498],[8.873,46.497],[8.874,46.49],[8.861,46.488],[8.859,46.499],[8.854,46.501],[8.852,46.504],[8.849,46.504],[8.843,46.509],[8.839,46.509],[8.836,46.511],[8.807,46.512],[8.799,46.518],[8.792,46.518],[8.784,46.514],[8.768,46.514],[8.755,46.517],[8.743,46.523],[8.743,46.525],[8.737,46.53],[8.729,46.53],[8.726,46.532],[8.719,46.531],[8.713,46.533],[8.7,46.532],[8.694,46.535],[8.697,46.537],[8.693,46.538],[8.693,46.54],[8.71,46.543],[8.71,46.546],[8.703,46.548],[8.702,46.551],[8.707,46.552],[8.711,46.55],[8.714,46.553],[8.714,46.555],[8.72,46.555],[8.717,46.559],[8.703,46.557],[8.696,46.553],[8.696,46.551],[8.693,46.548],[8.681,46.547],[8.677,46.544],[8.673,46.544],[8.668,46.54],[8.67,46.535],[8.664,46.533],[8.661,46.535],[8.662,46.537],[8.661,46.539],[8.654,46.544],[8.653,46.547],[8.654,46.548],[8.658,46.547],[8.66,46.549],[8.656,46.553],[8.656,46.556],[8.672,46.564],[8.674,46.567],[8.664,46.569],[8.641,46.558],[8.641,46.556],[8.638,46.553],[8.632,46.55],[8.628,46.551],[8.626,46.554],[8.627,46.556],[8.625,46.556],[8.625,46.554],[8.62,46.551],[8.619,46.549],[8.622,46.547],[8.619,46.545],[8.612,46.548],[8.604,46.547],[8.604,46.545],[8.599,46.543],[8.592,46.543],[8.584,46.547],[8.586,46.55],[8.583,46.547],[8.58,46.547],[8.566,46.548],[8.564,46.55],[8.56,46.55],[8.566,46.547],[8.566,46.543],[8.57,46.542],[8.575,46.538],[8.573,46.536],[8.566,46.537],[8.563,46.533],[8.56,46.532],[8.546,46.532],[8.54,46.528],[8.534,46.529],[8.524,46.525],[8.52,46.526],[8.517,46.525],[8.51,46.517],[8.504,46.519],[8.5,46.517],[8.5,46.512],[8.494,46.509],[8.488,46.511],[8.485,46.51],[8.487,46.505],[8.484,46.503],[8.481,46.506],[8.478,46.506],[8.477,46.503],[8.471,46.499],[8.471,46.497],[8.462,46.492],[8.454,46.484],[8.451,46.484],[8.451,46.481],[8.444,46.477],[8.451,46.476],[8.471,46.482],[8.474,46.481],[8.487,46.489],[8.497,46.49],[8.501,46.487],[8.51,46.487],[8.506,46.492],[8.508,46.494],[8.513,46.498],[8.517,46.498],[8.533,46.506],[8.539,46.5],[8.547,46.5],[8.549,46.503],[8.547,46.505],[8.549,46.507],[8.556,46.509],[8.559,46.507],[8.558,46.505],[8.562,46.507],[8.569,46.506],[8.572,46.511],[8.576,46.513],[8.578,46.511],[8.583,46.511],[8.586,46.514],[8.602,46.513],[8.608,46.511],[8.611,46.513],[8.615,46.513],[8.619,46.511],[8.619,46.506],[8.628,46.506],[8.629,46.504],[8.627,46.502],[8.641,46.505],[8.643,46.499],[8.653,46.498],[8.66,46.501],[8.666,46.501],[8.679,46.495],[8.679,46.491],[8.689,46.494],[8.705,46.494],[8.714,46.487],[8.708,46.486],[8.705,46.481],[8.711,46.478],[8.721,46.476],[8.725,46.477],[8.728,46.469],[8.731,46.467],[8.734,46.468],[8.736,46.467],[8.734,46.465],[8.74,46.464],[8.744,46.465],[8.753,46.462],[8.744,46.458],[8.732,46.458],[8.733,46.453],[8.74,46.448],[8.747,46.447],[8.746,46.444],[8.743,46.443],[8.74,46.445],[8.738,46.444],[8.74,46.442],[8.743,46.442],[8.746,46.439],[8.756,46.443],[8.771,46.442],[8.786,46.446],[8.789,46.441],[8.799,46.441],[8.803,46.439],[8.795,46.435],[8.794,46.432],[8.791,46.43],[8.79,46.426],[8.788,46.425],[8.779,46.424],[8.775,46.422],[8.772,46.418],[8.757,46.417],[8.765,46.413],[8.77,46.408],[8.775,46.407],[8.781,46.403],[8.791,46.405],[8.794,46.403],[8.791,46.397],[8.788,46.395],[8.78,46.394],[8.771,46.397],[8.765,46.395],[8.762,46.398],[8.752,46.396],[8.743,46.399],[8.743,46.402],[8.741,46.402],[8.739,46.399],[8.735,46.397],[8.734,46.393],[8.739,46.392],[8.742,46.39],[8.745,46.384],[8.752,46.383],[8.755,46.379],[8.761,46.377],[8.777,46.38],[8.783,46.379],[8.783,46.376],[8.774,46.369],[8.764,46.368],[8.755,46.371],[8.742,46.37],[8.732,46.375],[8.729,46.371],[8.71,46.382],[8.71,46.384],[8.713,46.386],[8.722,46.388],[8.722,46.391],[8.713,46.393],[8.71,46.395],[8.71,46.397],[8.713,46.401],[8.719,46.401],[8.723,46.399],[8.726,46.4],[8.727,46.402],[8.717,46.409],[8.723,46.41],[8.726,46.408],[8.731,46.411],[8.73,46.414],[8.727,46.415],[8.725,46.42],[8.727,46.423],[8.717,46.423],[8.71,46.425],[8.704,46.424],[8.703,46.42],[8.699,46.418],[8.701,46.416],[8.7,46.414],[8.694,46.414],[8.691,46.416],[8.681,46.409],[8.671,46.414],[8.674,46.418],[8.678,46.418],[8.678,46.42],[8.681,46.422],[8.684,46.42],[8.682,46.425],[8.685,46.427],[8.684,46.429],[8.686,46.438],[8.685,46.441],[8.679,46.447],[8.683,46.456],[8.688,46.461],[8.692,46.46],[8.69,46.465],[8.694,46.467],[8.692,46.469],[8.689,46.47],[8.681,46.468],[8.676,46.465],[8.677,46.463],[8.675,46.461],[8.671,46.463],[8.674,46.468],[8.673,46.47],[8.662,46.469],[8.659,46.472],[8.657,46.475],[8.661,46.477],[8.66,46.479],[8.656,46.475],[8.65,46.481],[8.644,46.484],[8.634,46.484],[8.617,46.494],[8.604,46.496],[8.598,46.492],[8.588,46.492],[8.588,46.489],[8.595,46.486],[8.594,46.484],[8.598,46.486],[8.608,46.486],[8.614,46.484],[8.615,46.482],[8.611,46.48],[8.61,46.477],[8.611,46.475],[8.614,46.478],[8.62,46.479],[8.63,46.475],[8.623,46.468],[8.623,46.465],[8.627,46.465],[8.633,46.47],[8.638,46.466],[8.636,46.463],[8.643,46.463],[8.648,46.459],[8.642,46.454],[8.646,46.454],[8.648,46.452],[8.644,46.448],[8.639,46.446],[8.637,46.448],[8.634,46.448],[8.632,46.446],[8.632,46.441],[8.639,46.439],[8.632,46.434],[8.639,46.434],[8.642,46.432],[8.632,46.426],[8.623,46.427],[8.62,46.432],[8.616,46.435],[8.613,46.433],[8.606,46.437],[8.609,46.441],[8.604,46.444],[8.608,46.448],[8.604,46.452],[8.599,46.453],[8.604,46.453],[8.604,46.455],[8.6,46.455],[8.587,46.46],[8.586,46.457],[8.581,46.457],[8.581,46.455],[8.575,46.453],[8.574,46.449],[8.581,46.45],[8.584,46.452],[8.59,46.451],[8.59,46.448],[8.587,46.446],[8.587,46.439],[8.577,46.438],[8.568,46.435],[8.578,46.433],[8.58,46.428],[8.584,46.426],[8.583,46.419],[8.58,46.417],[8.576,46.417],[8.579,46.415],[8.579,46.412],[8.585,46.41],[8.586,46.408],[8.591,46.408],[8.592,46.405],[8.586,46.401],[8.589,46.398],[8.599,46.398],[8.606,46.396],[8.607,46.399],[8.612,46.402],[8.619,46.403],[8.621,46.401],[8.615,46.394],[8.622,46.389],[8.631,46.387],[8.627,46.383],[8.627,46.38],[8.615,46.376],[8.609,46.383],[8.601,46.381],[8.599,46.379],[8.592,46.379],[8.581,46.385],[8.58,46.388],[8.573,46.388],[8.569,46.39],[8.567,46.392],[8.57,46.395],[8.57,46.406],[8.567,46.408],[8.557,46.407],[8.549,46.41],[8.553,46.417],[8.551,46.42],[8.544,46.423],[8.541,46.422],[8.538,46.424],[8.533,46.424],[8.532,46.426],[8.535,46.429],[8.535,46.433],[8.532,46.433],[8.528,46.436],[8.522,46.436],[8.512,46.443],[8.509,46.443],[8.509,46.439],[8.511,46.438],[8.512,46.434],[8.515,46.431],[8.505,46.425],[8.505,46.423],[8.507,46.422],[8.502,46.42],[8.502,46.417],[8.504,46.415],[8.499,46.411],[8.492,46.411],[8.492,46.408],[8.495,46.409],[8.498,46.406],[8.495,46.404],[8.498,46.402],[8.505,46.401],[8.511,46.403],[8.517,46.399],[8.511,46.394],[8.518,46.392],[8.52,46.39],[8.508,46.386],[8.511,46.381],[8.517,46.379],[8.513,46.375],[8.518,46.375],[8.521,46.372],[8.514,46.372],[8.51,46.37],[8.495,46.379],[8.493,46.377],[8.497,46.373],[8.495,46.371],[8.491,46.371],[8.488,46.369],[8.488,46.366],[8.485,46.364],[8.481,46.364],[8.478,46.362],[8.484,46.359],[8.486,46.355],[8.488,46.355],[8.491,46.352],[8.501,46.349],[8.507,46.351],[8.51,46.349],[8.523,46.349],[8.527,46.353],[8.536,46.351],[8.543,46.358],[8.546,46.359],[8.553,46.358],[8.556,46.356],[8.555,46.354],[8.547,46.352],[8.551,46.345],[8.556,46.343],[8.565,46.344],[8.567,46.343],[8.565,46.342],[8.565,46.339],[8.571,46.336],[8.576,46.336],[8.577,46.334],[8.565,46.33],[8.559,46.33],[8.55,46.336],[8.546,46.337],[8.533,46.334],[8.526,46.33],[8.507,46.333],[8.497,46.329],[8.487,46.333],[8.481,46.332],[8.468,46.323],[8.47,46.319],[8.464,46.316],[8.457,46.308],[8.461,46.305],[8.467,46.308],[8.486,46.308],[8.474,46.302],[8.463,46.299],[8.461,46.297],[8.46,46.292],[8.457,46.29],[8.451,46.294],[8.451,46.296],[8.441,46.292],[8.44,46.288],[8.438,46.287],[8.432,46.29],[8.432,46.292],[8.425,46.299],[8.432,46.303],[8.435,46.303],[8.435,46.306],[8.439,46.308],[8.445,46.319],[8.458,46.332],[8.459,46.339],[8.462,46.341],[8.462,46.353],[8.459,46.355],[8.465,46.362],[8.466,46.368],[8.462,46.371],[8.462,46.38],[8.459,46.382],[8.459,46.391],[8.466,46.395],[8.466,46.398],[8.463,46.4],[8.463,46.409],[8.466,46.411],[8.466,46.414],[8.46,46.418],[8.46,46.42],[8.457,46.423],[8.457,46.427],[8.454,46.429],[8.454,46.438],[8.457,46.44],[8.457,46.445],[8.46,46.447],[8.46,46.45],[8.454,46.454],[8.454,46.456],[8.451,46.459],[8.444,46.463],[8.434,46.463],[8.431,46.461],[8.405,46.459],[8.395,46.452],[8.389,46.45],[8.366,46.45],[8.353,46.442],[8.35,46.442],[8.33,46.428],[8.326,46.428],[8.317,46.424],[8.307,46.424],[8.304,46.422],[8.304,46.419],[8.297,46.415],[8.294,46.408],[8.303,46.408],[8.31,46.406],[8.313,46.403],[8.313,46.399],[8.316,46.397],[8.316,46.381],[8.306,46.374],[8.293,46.37],[8.283,46.363],[8.277,46.363],[8.274,46.366],[8.267,46.366],[8.26,46.361],[8.26,46.354],[8.264,46.352],[8.263,46.348],[8.26,46.345],[8.251,46.346],[8.25,46.343],[8.244,46.339],[8.231,46.339],[8.228,46.337],[8.228,46.334],[8.221,46.33],[8.221,46.325],[8.218,46.323],[8.218,46.319],[8.214,46.317],[8.214,46.31],[8.211,46.308],[8.178,46.297],[8.172,46.297],[8.169,46.294],[8.162,46.294],[8.159,46.297],[8.152,46.297],[8.149,46.299],[8.136,46.301],[8.126,46.295],[8.123,46.295],[8.123,46.292],[8.12,46.29],[8.12,46.288],[8.094,46.27],[8.087,46.266],[8.084,46.266],[8.081,46.263],[8.081,46.261],[8.087,46.257],[8.097,46.256],[8.103,46.252],[8.11,46.25],[8.11,46.247],[8.113,46.245],[8.113,46.241],[8.116,46.238],[8.129,46.229],[8.139,46.227],[8.142,46.225],[8.141,46.22],[8.145,46.218],[8.145,46.211],[8.142,46.209],[8.135,46.214],[8.129,46.214],[8.125,46.216],[8.122,46.214],[8.119,46.216],[8.119,46.218],[8.103,46.217],[8.1,46.216],[8.099,46.209],[8.093,46.203],[8.095,46.2],[8.094,46.198],[8.09,46.197],[8.08,46.2],[8.077,46.203],[8.068,46.207],[8.067,46.209],[8.057,46.21],[8.054,46.212],[8.057,46.214],[8.051,46.216],[8.048,46.221],[8.038,46.223],[8.035,46.222],[8.032,46.225],[8.019,46.223],[8.026,46.219],[8.033,46.212],[8.031,46.21],[8.031,46.196],[8.038,46.196],[8.047,46.189],[8.051,46.189],[8.06,46.183],[8.061,46.18],[8.057,46.178],[8.057,46.174],[8.054,46.168],[8.047,46.163],[8.044,46.153],[8.055,46.153],[8.065,46.155],[8.066,46.157],[8.07,46.158],[8.068,46.16],[8.07,46.161],[8.07,46.164],[8.073,46.167],[8.08,46.164],[8.08,46.169],[8.084,46.171],[8.084,46.176],[8.086,46.177],[8.092,46.176],[8.092,46.173],[8.095,46.171],[8.095,46.167],[8.092,46.164],[8.098,46.158],[8.093,46.153],[8.094,46.151],[8.089,46.147],[8.092,46.14],[8.089,46.137],[8.092,46.133],[8.082,46.128],[8.082,46.126],[8.078,46.122],[8.079,46.119],[8.079,46.122],[8.086,46.125],[8.089,46.128],[8.098,46.128],[8.099,46.136],[8.097,46.137],[8.099,46.139],[8.105,46.139],[8.108,46.144],[8.111,46.144],[8.115,46.148],[8.117,46.148],[8.119,46.153],[8.121,46.155],[8.124,46.155],[8.126,46.16],[8.131,46.164],[8.139,46.162],[8.14,46.16],[8.137,46.157],[8.138,46.156],[8.144,46.162],[8.145,46.166],[8.148,46.169],[8.136,46.173],[8.138,46.175],[8.145,46.175],[8.142,46.178],[8.144,46.18],[8.148,46.18],[8.148,46.182],[8.151,46.184],[8.164,46.182],[8.167,46.18],[8.157,46.171],[8.157,46.168],[8.154,46.166],[8.154,46.159],[8.15,46.157],[8.15,46.153],[8.154,46.15],[8.153,46.146],[8.141,46.137],[8.124,46.135],[8.118,46.131],[8.114,46.128],[8.114,46.117],[8.098,46.108],[8.069,46.106],[8.066,46.104],[8.05,46.102],[8.046,46.099],[8.04,46.099],[8.033,46.095],[8.033,46.09],[8.03,46.088],[8.03,46.084],[8.027,46.082],[8.027,46.079],[8.023,46.077],[8.023,46.075],[8.027,46.072],[8.027,46.061],[8.03,46.059],[8.03,46.054],[8.033,46.052],[8.033,46.045],[8.02,46.037],[8.02,46.034],[8.016,46.032],[8.016,46.023],[8.013,46.021],[8.013,46.014],[8.01,46.012],[8.0,46.01],[8.0,46.007],[7.987,45.996],[7.981,45.996],[7.978,45.999],[7.968,45.999],[7.965,45.996],[7.939,45.997],[7.936,45.994],[7.906,45.994],[7.906,45.992],[7.9,45.985],[7.884,45.974],[7.88,45.974],[7.88,45.961],[7.877,45.959],[7.877,45.952],[7.874,45.95],[7.874,45.945],[7.871,45.943],[7.87,45.938],[7.87,45.936],[7.874,45.934],[7.874,45.931],[7.877,45.929],[7.877,45.927],[7.864,45.918],[7.858,45.92],[7.845,45.92],[7.842,45.923],[7.832,45.923],[7.829,45.925],[7.819,45.927],[7.819,45.925],[7.812,45.921],[7.806,45.921],[7.803,45.918],[7.793,45.918],[7.79,45.921],[7.79,45.923],[7.784,45.927],[7.78,45.927],[7.771,45.934],[7.767,45.934],[7.764,45.936],[7.764,45.939],[7.748,45.939],[7.742,45.934],[7.742,45.932],[7.735,45.93],[7.735,45.925],[7.732,45.923],[7.719,45.923],[7.713,45.928],[7.713,45.93],[7.706,45.934],[7.706,45.95],[7.703,45.95],[7.697,45.955],[7.684,45.955],[7.68,45.957],[7.674,45.961],[7.674,45.966],[7.661,45.975],[7.648,45.975],[7.642,45.97],[7.626,45.97],[7.616,45.973],[7.61,45.968],[7.6,45.968],[7.597,45.971],[7.587,45.971],[7.577,45.977],[7.577,45.982],[7.571,45.986],[7.568,45.986],[7.564,45.984],[7.548,45.984],[7.548,45.982],[7.545,45.98],[7.545,45.977],[7.542,45.975],[7.545,45.973],[7.545,45.966],[7.548,45.964],[7.542,45.957],[7.535,45.955],[7.532,45.957],[7.522,45.957],[7.516,45.962],[7.506,45.962],[7.503,45.959],[7.497,45.957],[7.477,45.953],[7.471,45.948],[7.471,45.946],[7.474,45.944],[7.474,45.939],[7.468,45.935],[7.458,45.935],[7.455,45.932],[7.445,45.93],[7.438,45.926],[7.435,45.923],[7.435,45.921],[7.426,45.914],[7.416,45.912],[7.41,45.908],[7.4,45.91],[7.397,45.908],[7.397,45.905],[7.387,45.899],[7.377,45.899],[7.365,45.903],[7.358,45.908],[7.352,45.91],[7.352,45.912],[7.348,45.912],[7.345,45.914],[7.323,45.91],[7.313,45.917],[7.303,45.917],[7.294,45.921],[7.29,45.921],[7.29,45.919],[7.287,45.917],[7.287,45.914],[7.281,45.91],[7.281,45.907],[7.255,45.89],[7.252,45.89],[7.245,45.894],[7.239,45.89],[7.226,45.892],[7.22,45.887],[7.216,45.887],[7.2,45.876],[7.2,45.865],[7.194,45.86],[7.188,45.858],[7.185,45.86],[7.175,45.862],[7.162,45.871],[7.162,45.874],[7.152,45.878],[7.149,45.876],[7.139,45.876],[7.136,45.874],[7.136,45.871],[7.126,45.865],[7.123,45.865],[7.123,45.862],[7.12,45.86],[7.114,45.858],[7.104,45.858],[7.094,45.864],[7.094,45.869],[7.091,45.871],[7.091,45.876],[7.081,45.882],[7.081,45.885],[7.075,45.889],[7.075,45.894],[7.072,45.896],[7.068,45.896],[7.062,45.9],[7.062,45.912],[7.058,45.911],[7.046,45.92],[7.046,45.923],[7.042,45.925],[7.042,45.927],[7.039,45.929],[7.039,45.932],[7.033,45.938],[7.033,45.95],[7.036,45.952],[7.036,45.954],[7.023,45.956],[7.02,45.959],[7.016,45.959],[7.007,45.967],[7.007,45.972],[7.013,45.976],[7.013,45.979],[7.016,45.981],[7.016,45.983],[7.01,45.988],[7.01,45.999],[6.993,45.999],[6.987,46.003],[6.984,46.003],[6.98,46.006],[6.98,46.017],[6.974,46.021],[6.971,46.024],[6.971,46.026],[6.954,46.037],[6.955,46.039],[6.952,46.041],[6.957,46.045],[6.961,46.045],[6.967,46.05],[6.974,46.053],[6.975,46.06],[6.978,46.06],[6.982,46.053],[6.98,46.046],[6.983,46.044],[6.984,46.039],[6.983,46.037],[6.987,46.039],[7.003,46.034],[7.01,46.028],[7.011,46.033],[7.005,46.042],[7.008,46.046],[7.006,46.053],[7.009,46.057],[7.027,46.055],[7.028,46.057],[7.035,46.058],[7.034,46.06],[7.038,46.061],[7.057,46.06],[7.056,46.053],[7.052,46.049],[7.051,46.045],[7.062,46.044],[7.07,46.046],[7.074,46.044],[7.074,46.042],[7.083,46.04],[7.083,46.037],[7.086,46.035],[7.081,46.033],[7.08,46.028],[7.077,46.026],[7.087,46.026],[7.093,46.03],[7.096,46.03],[7.103,46.027],[7.106,46.024],[7.106,46.022],[7.1,46.015],[7.101,46.008],[7.106,46.006],[7.103,46.004],[7.105,45.997],[7.103,45.995],[7.093,45.992],[7.087,45.993],[7.083,45.988],[7.09,45.981],[7.097,45.98],[7.1,45.977],[7.098,45.975],[7.098,45.972],[7.093,45.968],[7.09,45.963],[7.09,45.961],[7.093,45.959],[7.091,45.957],[7.091,45.954],[7.086,45.95],[7.087,45.948],[7.085,45.943],[7.078,45.94],[7.074,45.936],[7.084,45.93],[7.081,45.927],[7.081,45.923],[7.093,45.921],[7.092,45.916],[7.09,45.914],[7.091,45.913],[7.097,45.914],[7.107,45.907],[7.113,45.905],[7.116,45.903],[7.117,45.896],[7.123,45.903],[7.126,45.904],[7.126,45.906],[7.124,45.907],[7.127,45.912],[7.12,45.918],[7.123,45.921],[7.11,45.927],[7.109,45.932],[7.12,45.934],[7.12,45.937],[7.117,45.939],[7.12,45.94],[7.121,45.943],[7.129,45.946],[7.129,45.948],[7.124,45.952],[7.139,45.959],[7.139,45.961],[7.136,45.963],[7.136,45.967],[7.134,45.968],[7.139,45.972],[7.141,45.975],[7.14,45.977],[7.144,45.979],[7.143,45.984],[7.146,45.986],[7.148,45.992],[7.152,45.988],[7.154,45.981],[7.157,45.977],[7.155,45.972],[7.155,45.966],[7.152,45.963],[7.152,45.961],[7.148,45.958],[7.155,45.959],[7.155,45.961],[7.158,45.963],[7.158,45.966],[7.171,45.974],[7.181,45.974],[7.19,45.968],[7.19,45.959],[7.199,45.941],[7.199,45.928],[7.194,45.923],[7.195,45.916],[7.194,45.91],[7.2,45.911],[7.203,45.932],[7.21,45.935],[7.213,45.942],[7.229,45.934],[7.226,45.939],[7.229,45.941],[7.223,45.946],[7.223,45.948],[7.219,45.948],[7.218,45.95],[7.219,45.97],[7.216,45.973],[7.223,45.977],[7.21,45.982],[7.21,45.991],[7.206,45.992],[7.199,45.997],[7.199,46.0],[7.203,46.004],[7.202,46.006],[7.19,46.018],[7.188,46.027],[7.184,46.035],[7.175,46.042],[7.177,46.046],[7.18,46.047],[7.179,46.051],[7.183,46.056],[7.192,46.049],[7.203,46.048],[7.209,46.04],[7.216,46.039],[7.216,46.033],[7.219,46.03],[7.222,46.032],[7.226,46.032],[7.232,46.038],[7.24,46.038],[7.242,46.042],[7.248,46.042],[7.251,46.04],[7.261,46.039],[7.264,46.037],[7.274,46.038],[7.279,46.036],[7.279,46.033],[7.284,46.03],[7.293,46.031],[7.297,46.033],[7.303,46.031],[7.301,46.033],[7.303,46.038],[7.297,46.04],[7.297,46.042],[7.29,46.047],[7.287,46.053],[7.28,46.06],[7.281,46.063],[7.271,46.065],[7.264,46.072],[7.261,46.071],[7.259,46.072],[7.26,46.074],[7.258,46.076],[7.254,46.076],[7.251,46.087],[7.248,46.088],[7.245,46.092],[7.245,46.099],[7.24,46.101],[7.243,46.105],[7.243,46.108],[7.238,46.11],[7.238,46.112],[7.232,46.11],[7.206,46.11],[7.203,46.108],[7.199,46.108],[7.195,46.11],[7.194,46.112],[7.195,46.114],[7.193,46.116],[7.193,46.119],[7.196,46.123],[7.22,46.135],[7.225,46.136],[7.235,46.135],[7.238,46.131],[7.245,46.13],[7.251,46.127],[7.258,46.128],[7.257,46.135],[7.264,46.138],[7.267,46.136],[7.27,46.137],[7.277,46.134],[7.279,46.135],[7.284,46.146],[7.282,46.153],[7.285,46.155],[7.278,46.159],[7.277,46.164],[7.29,46.17],[7.295,46.166],[7.302,46.164],[7.305,46.159],[7.302,46.155],[7.305,46.153],[7.305,46.15],[7.309,46.146],[7.308,46.144],[7.309,46.141],[7.319,46.143],[7.322,46.141],[7.332,46.153],[7.329,46.157],[7.331,46.162],[7.336,46.162],[7.338,46.165],[7.345,46.166],[7.348,46.17],[7.356,46.168],[7.363,46.175],[7.365,46.18],[7.364,46.182],[7.374,46.184],[7.38,46.182],[7.382,46.18],[7.382,46.175],[7.377,46.171],[7.374,46.173],[7.376,46.171],[7.376,46.166],[7.374,46.164],[7.376,46.162],[7.375,46.157],[7.377,46.155],[7.378,46.15],[7.377,46.148],[7.379,46.144],[7.377,46.137],[7.379,46.135],[7.379,46.13],[7.386,46.119],[7.387,46.11],[7.39,46.108],[7.39,46.105],[7.393,46.1],[7.396,46.099],[7.4,46.091],[7.403,46.094],[7.406,46.091],[7.41,46.09],[7.408,46.092],[7.41,46.093],[7.409,46.099],[7.411,46.101],[7.411,46.106],[7.41,46.11],[7.407,46.112],[7.407,46.117],[7.41,46.121],[7.41,46.128],[7.413,46.13],[7.415,46.135],[7.413,46.139],[7.408,46.141],[7.413,46.144],[7.416,46.15],[7.434,46.146],[7.44,46.141],[7.439,46.137],[7.443,46.132],[7.454,46.13],[7.456,46.128],[7.455,46.126],[7.457,46.121],[7.456,46.114],[7.454,46.112],[7.458,46.112],[7.461,46.114],[7.468,46.112],[7.473,46.108],[7.484,46.103],[7.484,46.1],[7.488,46.099],[7.487,46.096],[7.484,46.094],[7.487,46.089],[7.49,46.088],[7.487,46.085],[7.486,46.081],[7.482,46.079],[7.486,46.074],[7.484,46.061],[7.481,46.058],[7.479,46.052],[7.475,46.049],[7.479,46.045],[7.481,46.04],[7.477,46.027],[7.473,46.025],[7.477,46.022],[7.476,46.018],[7.48,46.011],[7.482,46.011],[7.482,46.018],[7.484,46.019],[7.49,46.011],[7.494,46.011],[7.494,46.013],[7.487,46.02],[7.494,46.031],[7.492,46.034],[7.497,46.04],[7.498,46.043],[7.497,46.045],[7.5,46.049],[7.5,46.054],[7.497,46.058],[7.498,46.061],[7.497,46.063],[7.5,46.065],[7.502,46.072],[7.506,46.074],[7.526,46.073],[7.536,46.067],[7.545,46.058],[7.552,46.065],[7.552,46.069],[7.545,46.074],[7.544,46.078],[7.545,46.081],[7.539,46.083],[7.531,46.083],[7.532,46.085],[7.53,46.092],[7.526,46.094],[7.528,46.101],[7.526,46.105],[7.516,46.111],[7.507,46.114],[7.505,46.119],[7.507,46.121],[7.503,46.123],[7.503,46.126],[7.495,46.132],[7.494,46.135],[7.49,46.135],[7.486,46.139],[7.485,46.144],[7.482,46.146],[7.489,46.15],[7.489,46.153],[7.484,46.155],[7.477,46.153],[7.475,46.155],[7.476,46.159],[7.474,46.164],[7.469,46.166],[7.472,46.168],[7.471,46.17],[7.468,46.174],[7.465,46.173],[7.463,46.175],[7.459,46.182],[7.463,46.184],[7.464,46.189],[7.469,46.195],[7.469,46.2],[7.471,46.201],[7.471,46.203],[7.465,46.207],[7.461,46.207],[7.456,46.213],[7.456,46.216],[7.468,46.218],[7.475,46.225],[7.475,46.227],[7.481,46.23],[7.487,46.228],[7.49,46.229],[7.497,46.225],[7.497,46.222],[7.5,46.219],[7.507,46.218],[7.51,46.215],[7.513,46.216],[7.523,46.225],[7.521,46.227],[7.523,46.231],[7.521,46.234],[7.526,46.238],[7.536,46.234],[7.546,46.236],[7.547,46.231],[7.545,46.227],[7.55,46.225],[7.552,46.222],[7.553,46.218],[7.552,46.216],[7.564,46.209],[7.562,46.207],[7.565,46.2],[7.564,46.198],[7.568,46.19],[7.57,46.189],[7.57,46.186],[7.562,46.182],[7.564,46.18],[7.562,46.177],[7.563,46.175],[7.561,46.164],[7.565,46.165],[7.568,46.163],[7.569,46.164],[7.567,46.166],[7.571,46.169],[7.584,46.172],[7.589,46.171],[7.59,46.168],[7.594,46.168],[7.597,46.166],[7.597,46.164],[7.602,46.164],[7.604,46.159],[7.609,46.157],[7.613,46.153],[7.613,46.147],[7.615,46.144],[7.613,46.141],[7.621,46.13],[7.62,46.128],[7.621,46.123],[7.623,46.121],[7.623,46.116],[7.626,46.11],[7.633,46.105],[7.633,46.103],[7.639,46.101],[7.638,46.105],[7.639,46.11],[7.636,46.117],[7.64,46.123],[7.638,46.128],[7.64,46.132],[7.64,46.137],[7.636,46.14],[7.633,46.139],[7.631,46.141],[7.633,46.144],[7.63,46.148],[7.626,46.159],[7.627,46.164],[7.623,46.164],[7.62,46.171],[7.621,46.177],[7.613,46.182],[7.612,46.184],[7.613,46.186],[7.609914285714287,46.19294285714285],[7.607,46.191],[7.605,46.193],[7.607,46.194],[7.609869565217393,46.19304347826087],[7.609,46.195],[7.61,46.209],[7.607,46.211],[7.614,46.215],[7.62,46.215],[7.623,46.218],[7.618,46.22],[7.617,46.226],[7.607,46.227],[7.601,46.234],[7.6,46.236],[7.601,46.238],[7.598,46.24],[7.601,46.243],[7.601,46.245],[7.605,46.247],[7.6,46.254],[7.593,46.258],[7.596,46.261],[7.594,46.263],[7.594,46.266],[7.601,46.272],[7.611,46.274],[7.624,46.274],[7.63,46.27],[7.643,46.278],[7.647,46.276],[7.653,46.276],[7.656,46.272],[7.662,46.275],[7.682,46.275],[7.687,46.272],[7.69,46.269],[7.69,46.267],[7.697,46.263],[7.698,46.258],[7.703,46.254],[7.701,46.249],[7.707,46.245],[7.708,46.241],[7.711,46.24],[7.718,46.254],[7.721,46.256],[7.725,46.256],[7.727,46.26],[7.727,46.272],[7.722,46.276],[7.734,46.281],[7.75,46.282],[7.755,46.278],[7.763,46.276],[7.766,46.271],[7.771,46.271],[7.773,46.269],[7.773,46.262],[7.776,46.265],[7.782,46.261],[7.792,46.268],[7.794,46.267],[7.795,46.262],[7.805,46.263],[7.815,46.258],[7.824,46.262],[7.828,46.261],[7.828,46.258],[7.831,46.257],[7.837,46.258],[7.841,46.255],[7.841,46.253],[7.844,46.253],[7.844,46.246],[7.828,46.244],[7.835,46.24],[7.831,46.238],[7.828,46.24],[7.833,46.233],[7.832,46.229],[7.827,46.229],[7.826,46.226],[7.816,46.222],[7.817,46.22],[7.814,46.215],[7.811,46.217],[7.811,46.22],[7.808,46.22],[7.805,46.214],[7.801,46.215],[7.801,46.213],[7.805,46.211],[7.806,46.208],[7.8,46.202],[7.801,46.197],[7.798,46.195],[7.795,46.197],[7.797,46.199],[7.795,46.2],[7.788,46.195],[7.788,46.192],[7.79,46.19],[7.788,46.188],[7.788,46.184],[7.779,46.175],[7.777,46.168],[7.779,46.163],[7.775,46.162],[7.772,46.159],[7.772,46.157],[7.777,46.154],[7.775,46.152],[7.775,46.145],[7.769,46.141],[7.775,46.141],[7.78,46.139],[7.778,46.136],[7.772,46.134],[7.776,46.13],[7.772,46.128],[7.772,46.125],[7.769,46.123],[7.771,46.119],[7.769,46.116],[7.765,46.116],[7.76,46.112],[7.762,46.098],[7.765,46.096],[7.762,46.089],[7.755,46.086],[7.752,46.083],[7.752,46.08],[7.762,46.076],[7.759,46.069],[7.76,46.067],[7.758,46.065],[7.755,46.065],[7.755,46.062],[7.757,46.06],[7.749,46.053],[7.752,46.049],[7.751,46.047],[7.749,46.045],[7.745,46.045],[7.739,46.042],[7.741,46.04],[7.739,46.037],[7.741,46.035],[7.736,46.031],[7.732,46.034],[7.723,46.029],[7.731,46.024],[7.723,46.02],[7.722,46.017],[7.707,46.015],[7.697,46.018],[7.694,46.016],[7.684,46.015],[7.681,46.013],[7.671,46.013],[7.668,46.011],[7.668,46.009],[7.671,46.009],[7.673,46.004],[7.678,46.004],[7.681,46.006],[7.685,46.004],[7.69,46.007],[7.7,46.007],[7.707,46.005],[7.713,46.001],[7.717,46.002],[7.719,45.999],[7.718,45.995],[7.715,45.993],[7.716,45.991],[7.723,45.993],[7.726,45.986],[7.738,45.984],[7.741,45.981],[7.738,45.979],[7.744,45.975],[7.742333333333334,45.97222222222222],[7.748,45.976],[7.755,45.975],[7.754,45.972],[7.755,45.972],[7.758,45.975],[7.79,45.977],[7.8,45.976],[7.803,45.981],[7.807,45.983],[7.806,45.984],[7.8,45.98],[7.792,45.981],[7.791,45.984],[7.787,45.984],[7.784,45.982],[7.764,45.982],[7.762,45.984],[7.752,45.984],[7.737,45.995],[7.745,45.998],[7.749,45.997],[7.761,45.999],[7.758,46.004],[7.761,46.006],[7.765,46.006],[7.768,46.004],[7.771,46.006],[7.782,46.006],[7.784,46.008],[7.787,46.007],[7.805,46.008],[7.803,46.011],[7.797,46.013],[7.798,46.015],[7.797,46.017],[7.784,46.018],[7.782,46.02],[7.781,46.024],[7.784,46.029],[7.782,46.033],[7.778,46.035],[7.779,46.038],[7.776,46.042],[7.781,46.044],[7.781,46.047],[7.797,46.053],[7.794,46.059],[7.792,46.06],[7.794,46.062],[7.802,46.06],[7.8,46.058],[7.807,46.059],[7.81,46.057],[7.812,46.055],[7.81,46.051],[7.807,46.049],[7.813,46.053],[7.817,46.053],[7.822,46.049],[7.823,46.046],[7.836,46.044],[7.825,46.055],[7.824,46.058],[7.818,46.06],[7.818,46.062],[7.827,46.069],[7.824,46.071],[7.819,46.071],[7.817,46.069],[7.813,46.073],[7.807,46.074],[7.804,46.08],[7.798,46.085],[7.81,46.086],[7.819,46.091],[7.82,46.093],[7.807,46.092],[7.805,46.094],[7.807,46.098],[7.811,46.098],[7.814,46.1],[7.815,46.105],[7.811,46.107],[7.8136923076923095,46.10892307692308],[7.81,46.108],[7.806,46.109],[7.81,46.111],[7.813882352941177,46.109058823529416],[7.818,46.112],[7.82,46.119],[7.817,46.119],[7.814,46.121],[7.814,46.123],[7.821,46.127],[7.809,46.13],[7.814,46.13],[7.816,46.134],[7.815,46.139],[7.818,46.141],[7.814,46.146],[7.81,46.148],[7.81,46.15],[7.814,46.151],[7.82,46.15],[7.822,46.159],[7.821,46.164],[7.818,46.166],[7.821,46.168],[7.826,46.166],[7.827,46.163],[7.825,46.157],[7.83,46.154],[7.833,46.153],[7.837,46.156],[7.839,46.154],[7.847,46.154],[7.847,46.156],[7.843,46.159],[7.847,46.161],[7.847,46.165],[7.844,46.168],[7.847,46.172],[7.837,46.177],[7.846,46.179],[7.844,46.181],[7.847,46.183],[7.851,46.183],[7.85,46.186],[7.852,46.188],[7.856,46.19],[7.856,46.192],[7.866,46.197],[7.869,46.201],[7.873,46.201],[7.876,46.197],[7.875,46.195],[7.877,46.192],[7.872,46.19],[7.874,46.186],[7.879,46.188],[7.885,46.186],[7.884,46.181],[7.877,46.177],[7.876,46.172],[7.878,46.17],[7.875,46.168],[7.876,46.167],[7.882,46.17],[7.887,46.17],[7.895,46.173],[7.898,46.172],[7.905,46.165],[7.904,46.161],[7.905,46.159],[7.914,46.154],[7.914,46.152],[7.911,46.149],[7.908,46.15],[7.908,46.145],[7.911,46.143],[7.911,46.138],[7.916,46.134],[7.911,46.129],[7.911,46.127],[7.914,46.128],[7.919,46.125],[7.919,46.118],[7.917,46.116],[7.914,46.118],[7.904,46.118],[7.901,46.116],[7.901,46.113],[7.904,46.116],[7.908,46.114],[7.91,46.111],[7.898,46.103],[7.894,46.102],[7.894,46.1],[7.891,46.098],[7.901,46.1],[7.906,46.098],[7.907,46.095],[7.911,46.093],[7.917,46.097],[7.924,46.097],[7.927,46.1],[7.937,46.103],[7.95,46.091],[7.946,46.089],[7.946,46.087],[7.948,46.086],[7.948,46.082],[7.95,46.08],[7.949,46.072],[7.951,46.071],[7.95,46.064],[7.954,46.059],[7.962,46.059],[7.964,46.071],[7.962,46.075],[7.965,46.081],[7.976,46.077],[7.985,46.078],[7.988,46.077],[7.985,46.082],[7.975,46.082],[7.97,46.084],[7.97,46.089],[7.978,46.091],[7.967,46.098],[7.972,46.102],[7.979,46.102],[7.982,46.104],[7.987,46.104],[7.989,46.106],[7.982,46.107],[7.976,46.111],[7.97,46.111],[7.966,46.109],[7.959,46.11],[7.954,46.113],[7.953,46.122],[7.957,46.125],[7.953,46.125],[7.95,46.131],[7.955,46.134],[7.958,46.138],[7.956,46.14],[7.953,46.138],[7.95,46.14],[7.95,46.146],[7.947,46.149],[7.946,46.154],[7.947,46.156],[7.944,46.158],[7.944,46.161],[7.94,46.161],[7.937,46.163],[7.937,46.167],[7.931,46.174],[7.922,46.179],[7.928,46.181],[7.928,46.183],[7.924,46.183],[7.923,46.188],[7.928,46.192],[7.924,46.194],[7.922,46.199],[7.928,46.201],[7.928,46.203],[7.925,46.206],[7.925,46.21],[7.913,46.215],[7.917,46.217],[7.917,46.219],[7.913,46.226],[7.915,46.228],[7.921,46.228],[7.922,46.233],[7.935,46.237],[7.935,46.24],[7.929,46.244],[7.932,46.248],[7.932,46.255],[7.936,46.26],[7.935,46.269],[7.929,46.273],[7.935,46.275],[7.941,46.271],[7.941,46.268],[7.947,46.264],[7.943,46.257],[7.944,46.246],[7.948,46.248],[7.951,46.246],[7.948,46.244],[7.951,46.242],[7.951,46.239],[7.951,46.237],[7.954,46.235],[7.957,46.228],[7.96,46.232],[7.96,46.235],[7.957,46.242],[7.961,46.244],[7.957,46.244],[7.956,46.246],[7.961,46.25],[7.959,46.253],[7.961,46.255],[7.959,46.257],[7.959,46.262],[7.964,46.27],[7.967,46.271],[7.966,46.273],[7.968,46.277],[7.967,46.28],[7.971,46.282],[7.974,46.286],[7.98,46.286],[7.978,46.289],[7.98,46.29],[7.987,46.291],[8.003,46.286],[8.005,46.284],[8.002,46.28],[8.001,46.275],[8.003,46.273],[8.022,46.273],[8.026,46.271],[8.03,46.266],[8.031,46.261],[8.035,46.257],[8.039,46.261],[8.039,46.266],[8.042,46.27],[8.043,46.277],[8.045,46.28],[8.052,46.279],[8.053,46.282],[8.058,46.283],[8.062,46.288],[8.065,46.289],[8.075,46.288],[8.081,46.292],[8.085,46.29],[8.083,46.297],[8.081,46.299],[8.077,46.299],[8.074,46.302],[8.075,46.304],[8.071,46.31],[8.068,46.311],[8.067,46.308],[8.063,46.308],[8.062,46.311],[8.056,46.313],[8.059,46.315],[8.059,46.32],[8.052,46.324],[8.055,46.33],[8.059,46.33],[8.062,46.332],[8.065,46.331],[8.069,46.333],[8.069,46.338],[8.067,46.34],[8.069,46.342],[8.078,46.34],[8.08,46.342],[8.082,46.351],[8.091,46.351],[8.095,46.355],[8.101,46.355],[8.104,46.353],[8.111,46.352],[8.114,46.353],[8.124,46.364],[8.127,46.363],[8.134,46.366],[8.144,46.366],[8.152,46.362],[8.15,46.36],[8.157,46.359],[8.162,46.351],[8.166,46.35],[8.167,46.348],[8.16,46.344],[8.164,46.337],[8.169,46.335],[8.179,46.337],[8.185,46.335],[8.188,46.339],[8.187,46.341],[8.189,46.344],[8.186,46.343],[8.183,46.346],[8.187,46.35],[8.188,46.355],[8.197,46.362],[8.202,46.362],[8.209,46.365],[8.213,46.364],[8.215,46.361],[8.217,46.364],[8.225,46.365],[8.245,46.379],[8.241,46.38],[8.228,46.374],[8.222,46.375],[8.215,46.379],[8.209,46.378],[8.206,46.38],[8.199,46.377],[8.193,46.378],[8.189,46.376],[8.186,46.377],[8.186,46.38],[8.183,46.377],[8.179,46.377],[8.17,46.373],[8.165,46.378],[8.173,46.379],[8.176,46.382],[8.176,46.389],[8.173,46.391],[8.176,46.393],[8.186,46.391],[8.196,46.395],[8.196,46.4],[8.193,46.398],[8.186,46.398],[8.178,46.407],[8.187,46.409],[8.188,46.413],[8.19,46.414],[8.194,46.413],[8.196,46.416],[8.194,46.418],[8.196,46.42],[8.203,46.419],[8.206,46.42],[8.206,46.425],[8.209,46.427],[8.212,46.424],[8.216,46.424],[8.217,46.433],[8.219,46.435],[8.226,46.433],[8.226,46.436],[8.229,46.441],[8.239,46.438],[8.246,46.44],[8.239,46.447],[8.242,46.449],[8.246,46.449],[8.252,46.453],[8.266,46.44],[8.267,46.435],[8.278,46.431],[8.285,46.433],[8.288,46.435],[8.282,46.437],[8.284,46.439],[8.288,46.439],[8.288,46.441],[8.284,46.442],[8.281,46.447],[8.272,46.453],[8.272,46.456],[8.267,46.46],[8.267,46.462],[8.269,46.463],[8.275,46.461],[8.278,46.462],[8.279,46.464],[8.274,46.469],[8.282,46.474],[8.294,46.467],[8.298,46.463],[8.301,46.464],[8.304,46.462],[8.304,46.467],[8.292,46.48],[8.295,46.484],[8.298,46.483],[8.301,46.488],[8.305,46.489],[8.308,46.487],[8.311,46.489],[8.311,46.493],[8.315,46.492],[8.317,46.496],[8.326,46.496],[8.331,46.493],[8.334,46.497],[8.341,46.496],[8.366,46.479],[8.372,46.482],[8.37,46.484],[8.371,46.488],[8.364,46.493],[8.366,46.495],[8.36,46.496],[8.358,46.5],[8.354,46.5],[8.351,46.503],[8.344,46.505],[8.339,46.509],[8.344,46.513],[8.348,46.513],[8.348,46.518],[8.351,46.52],[8.355,46.52],[8.357,46.525],[8.361,46.528],[8.367,46.526],[8.38,46.518],[8.387,46.517],[8.387,46.52],[8.378,46.527],[8.38,46.53],[8.389,46.527],[8.391,46.524],[8.403,46.521],[8.411,46.517],[8.414,46.517],[8.411,46.52],[8.411,46.522],[8.413,46.523],[8.419,46.519],[8.419,46.522],[8.413,46.524],[8.413,46.527],[8.403,46.529],[8.39,46.537],[8.381,46.54],[8.377,46.54],[8.374,46.538],[8.373,46.542],[8.374,46.545],[8.371,46.547],[8.371,46.549],[8.374,46.551],[8.374,46.554],[8.371,46.551],[8.369,46.554],[8.355,46.559],[8.354,46.558],[8.355,46.555],[8.357,46.554],[8.355,46.552],[8.353,46.552],[8.345,46.545],[8.338,46.543],[8.334,46.541],[8.332,46.538],[8.328,46.537],[8.322,46.529],[8.315,46.531],[8.312,46.529],[8.312,46.527],[8.305,46.523],[8.299,46.523],[8.294,46.521],[8.295,46.518],[8.289,46.516],[8.286,46.518],[8.282,46.517],[8.282,46.514],[8.279,46.512],[8.276,46.512],[8.266,46.519],[8.263,46.519],[8.269,46.514],[8.266,46.512],[8.266,46.507],[8.263,46.505],[8.256,46.505],[8.247,46.512],[8.247,46.514],[8.237,46.521],[8.227,46.521],[8.227,46.519],[8.233,46.514],[8.233,46.511],[8.236,46.51],[8.24,46.505],[8.245,46.494],[8.243,46.492],[8.236,46.492],[8.227,46.486],[8.224,46.487],[8.22,46.492],[8.217,46.492],[8.214,46.488],[8.21,46.491],[8.21,46.487],[8.216,46.483],[8.216,46.478],[8.215,46.476],[8.21,46.474],[8.204,46.476],[8.204,46.479],[8.201,46.481],[8.194,46.483],[8.191,46.486],[8.187,46.486],[8.192,46.483],[8.19,46.476],[8.193,46.474],[8.195,46.465],[8.187,46.463],[8.187,46.461],[8.184,46.458],[8.181,46.459],[8.177,46.458],[8.18,46.452],[8.177,46.45],[8.161,46.445],[8.158,46.447],[8.158,46.45],[8.154,46.45],[8.142,46.459],[8.143,46.461],[8.142,46.463],[8.134,46.465],[8.132,46.468],[8.136,46.472],[8.136,46.477],[8.139,46.479],[8.139,46.481],[8.129,46.473],[8.125,46.475],[8.122,46.471],[8.121,46.466],[8.125,46.459],[8.119,46.454],[8.119,46.452],[8.123,46.448],[8.123,46.443],[8.115,46.439],[8.115,46.436],[8.118,46.436],[8.12,46.434],[8.118,46.433],[8.118,46.43],[8.108,46.425],[8.111,46.423],[8.108,46.421],[8.108,46.418],[8.102,46.412],[8.102,46.407],[8.099,46.405],[8.095,46.406],[8.087,46.403],[8.086,46.398],[8.082,46.398],[8.076,46.395],[8.063,46.392],[8.056,46.388],[8.046,46.386],[8.034,46.381],[8.027,46.376],[8.014,46.373],[8.012,46.374],[8.013,46.378],[8.024,46.39],[8.037,46.396],[8.037,46.399],[8.04,46.401],[8.038,46.403],[8.04,46.405],[8.047,46.406],[8.05,46.409],[8.056,46.411],[8.063,46.411],[8.063,46.415],[8.06,46.416],[8.063,46.418],[8.063,46.423],[8.057,46.423],[8.053,46.421],[8.05,46.428],[8.05,46.423],[8.043,46.416],[8.04,46.415],[8.037,46.417],[8.034,46.414],[8.03,46.413],[8.029,46.41],[8.024,46.406],[8.008,46.403],[8.01,46.401],[8.001,46.398],[7.998,46.395],[7.994,46.397],[7.991,46.394],[7.99,46.388],[7.993,46.381],[7.988,46.378],[7.979,46.376],[7.975,46.372],[7.971,46.371],[7.969,46.367],[7.963,46.363],[7.966,46.347],[7.969,46.345],[7.958,46.337],[7.952,46.336],[7.948,46.342],[7.944,46.343],[7.945,46.347],[7.942,46.35],[7.945,46.352],[7.945,46.359],[7.942,46.361],[7.942,46.368],[7.939,46.37],[7.939,46.372],[7.933,46.374],[7.932,46.372],[7.936,46.37],[7.935,46.368],[7.936,46.365],[7.932,46.364],[7.926,46.366],[7.926,46.364],[7.929,46.361],[7.927,46.359],[7.928,46.354],[7.93,46.352],[7.93,46.347],[7.932,46.345],[7.931,46.343],[7.933,46.341],[7.932,46.336],[7.935,46.332],[7.932,46.33],[7.922,46.328],[7.915,46.329],[7.913,46.333],[7.909,46.334],[7.9,46.331],[7.896,46.332],[7.896,46.334],[7.89,46.335],[7.889,46.338],[7.892,46.341],[7.892,46.343],[7.885,46.345],[7.887,46.352],[7.885,46.354],[7.885,46.357],[7.887,46.359],[7.88,46.361],[7.88,46.366],[7.877,46.369],[7.872,46.368],[7.869,46.361],[7.873,46.359],[7.868,46.348],[7.871,46.341],[7.869,46.339],[7.869,46.336],[7.864,46.331],[7.849,46.336],[7.848,46.338],[7.841,46.339],[7.835,46.348],[7.832,46.35],[7.827,46.348],[7.826,46.343],[7.809,46.338],[7.806,46.339],[7.804,46.343],[7.799,46.346],[7.796,46.342],[7.783,46.339],[7.768,46.343],[7.776,46.35],[7.774,46.352],[7.776,46.355],[7.77,46.361],[7.77,46.364],[7.772,46.366],[7.768,46.37],[7.768,46.382],[7.783,46.394],[7.786,46.392],[7.79,46.395],[7.796,46.396],[7.799,46.4],[7.803,46.399],[7.804,46.4],[7.803,46.402],[7.813,46.408],[7.816,46.408],[7.817,46.411],[7.822,46.412],[7.824,46.415],[7.835,46.421],[7.855,46.429],[7.858,46.433],[7.865,46.435],[7.87,46.44],[7.862,46.442],[7.858,46.44],[7.849,46.44],[7.829,46.431],[7.822,46.432],[7.813,46.429],[7.806,46.424],[7.787,46.418],[7.774,46.411],[7.767,46.411],[7.76,46.406],[7.744,46.405],[7.742,46.397],[7.738,46.393],[7.741,46.391],[7.741,46.386],[7.738,46.382],[7.742,46.379],[7.739,46.375],[7.741,46.357],[7.739,46.355],[7.739,46.352],[7.734,46.348],[7.735,46.341],[7.731,46.338],[7.728,46.339],[7.721,46.337],[7.718,46.34],[7.711,46.34],[7.702,46.336],[7.692,46.341],[7.685,46.34],[7.682,46.344],[7.672,46.342],[7.669,46.34],[7.659,46.341],[7.659,46.344],[7.656,46.344],[7.651,46.348],[7.653,46.35],[7.651,46.353],[7.64,46.357],[7.641,46.359],[7.639,46.362],[7.633,46.364],[7.635,46.366],[7.634,46.371],[7.638,46.373],[7.652,46.389],[7.656,46.391],[7.656,46.393],[7.637,46.393],[7.634,46.395],[7.627,46.394],[7.621,46.396],[7.614,46.395],[7.611,46.393],[7.61,46.384],[7.611,46.381],[7.613,46.38],[7.609,46.377],[7.608,46.374],[7.601,46.375],[7.602,46.373],[7.601,46.371],[7.593,46.369],[7.591,46.366],[7.594,46.364],[7.596,46.36],[7.594,46.351],[7.598,46.346],[7.603,46.344],[7.601,46.342],[7.591,46.341],[7.582,46.343],[7.572,46.342],[7.57,46.344],[7.562,46.345],[7.559,46.348],[7.553,46.348],[7.547,46.353],[7.543,46.354],[7.538,46.353],[7.539,46.348],[7.536,46.342],[7.533,46.344],[7.53,46.342],[7.52,46.342],[7.517,46.339],[7.513,46.338],[7.507,46.34],[7.504,46.336],[7.497,46.332],[7.487,46.332],[7.484,46.327],[7.478,46.326],[7.474,46.328],[7.465,46.326],[7.459,46.33],[7.469,46.337],[7.468,46.342],[7.465,46.343],[7.455,46.341],[7.453,46.342],[7.452,46.347],[7.444,46.348],[7.435,46.354],[7.426,46.356],[7.424,46.355],[7.424,46.353],[7.432,46.346],[7.429,46.342],[7.434,46.337],[7.431,46.335],[7.431,46.33],[7.425,46.328],[7.425,46.326],[7.422,46.324],[7.406,46.317],[7.4,46.309],[7.39,46.304],[7.387,46.303],[7.374,46.309],[7.37,46.308],[7.371,46.303],[7.362,46.297],[7.358,46.292],[7.354,46.291],[7.345,46.294],[7.345,46.297],[7.338,46.303],[7.338,46.308],[7.335,46.311],[7.328,46.31],[7.322,46.307],[7.315,46.311],[7.312,46.315],[7.299,46.316],[7.297,46.315],[7.302,46.306],[7.308,46.301],[7.308,46.297],[7.306,46.294],[7.307,46.292],[7.301,46.288],[7.3,46.285],[7.294,46.283],[7.29,46.276],[7.281,46.27],[7.281,46.267],[7.273,46.265],[7.268,46.261],[7.267,46.258],[7.26,46.258],[7.259,46.265],[7.256,46.267],[7.257,46.274],[7.254,46.28],[7.251,46.281],[7.251,46.283],[7.247,46.282],[7.246,46.283],[7.248,46.294],[7.25,46.296],[7.257,46.297],[7.25,46.299],[7.234,46.297],[7.221,46.3],[7.22,46.294],[7.218,46.292],[7.214,46.292],[7.212,46.29],[7.213,46.287],[7.206,46.285],[7.21,46.283],[7.208,46.281],[7.209,46.276],[7.219,46.278],[7.221,46.28],[7.225,46.28],[7.227,46.278],[7.227,46.269],[7.229,46.263],[7.226,46.258],[7.228,46.254],[7.227,46.249],[7.231,46.245],[7.224,46.233],[7.218,46.231],[7.215,46.233],[7.205,46.23],[7.199,46.232],[7.192,46.232],[7.186,46.23],[7.183,46.227],[7.166,46.224],[7.163,46.215],[7.16,46.213],[7.145,46.211],[7.147,46.202],[7.15,46.2],[7.15,46.193],[7.152,46.191],[7.15,46.187],[7.15,46.185],[7.152,46.184],[7.151,46.18],[7.146,46.179],[7.138,46.188],[7.132,46.184],[7.128,46.174],[7.118,46.171],[7.109,46.165],[7.102,46.166],[7.083,46.154],[7.079,46.157],[7.073,46.17],[7.064,46.179],[7.066,46.183],[7.07,46.18],[7.073,46.182],[7.073,46.191],[7.051,46.206],[7.053,46.208],[7.057,46.208],[7.056,46.211],[7.058,46.213],[7.051,46.22],[7.053,46.222],[7.052,46.224],[7.053,46.231],[7.069,46.239],[7.07,46.242],[7.069,46.244],[7.072,46.245],[7.082,46.244],[7.087,46.247],[7.095,46.248],[7.098,46.247],[7.099,46.244],[7.098,46.242],[7.105,46.241],[7.106,46.247],[7.111,46.25],[7.118,46.251],[7.118,46.253],[7.121,46.256],[7.124,46.256],[7.125,46.258],[7.124,46.26],[7.121,46.261],[7.114,46.259],[7.108,46.262],[7.108,46.265],[7.106,46.267],[7.098,46.266],[7.09,46.269],[7.095,46.273],[7.114,46.277],[7.118,46.28],[7.131,46.28],[7.137,46.285],[7.124,46.29],[7.117,46.29],[7.111,46.287],[7.095,46.289],[7.089,46.296],[7.091,46.298],[7.095,46.297],[7.098,46.298],[7.101,46.301],[7.108,46.303],[7.117,46.31],[7.111,46.312],[7.104,46.312],[7.104,46.314],[7.098,46.314],[7.099,46.312],[7.098,46.31],[7.095,46.309],[7.093,46.31],[7.095,46.312],[7.085,46.31],[7.078,46.306],[7.075,46.307],[7.072,46.306],[7.07,46.307],[7.074,46.31],[7.072,46.314],[7.069,46.316],[7.062,46.317],[7.059,46.321],[7.055,46.323],[7.057,46.325],[7.059,46.332],[7.063,46.334],[7.064,46.337],[7.068,46.338],[7.075,46.338],[7.081,46.336],[7.085,46.34],[7.085,46.343],[7.091,46.346],[7.104,46.343],[7.107,46.34],[7.117,46.345],[7.124,46.345],[7.13,46.342],[7.14,46.343],[7.145,46.341],[7.146,46.339],[7.143,46.337],[7.141,46.332],[7.137,46.328],[7.143,46.327],[7.146,46.324],[7.15,46.323],[7.149,46.326],[7.151,46.33],[7.156,46.332],[7.159,46.327],[7.169,46.321],[7.172,46.321],[7.176,46.323],[7.177,46.328],[7.173,46.332],[7.171,46.337],[7.172,46.341],[7.185,46.345],[7.189,46.348],[7.198,46.35],[7.195,46.353],[7.192,46.351],[7.189,46.353],[7.187,46.355],[7.189,46.357],[7.182,46.355],[7.179,46.357],[7.172,46.357],[7.169,46.355],[7.161,46.362],[7.164,46.364],[7.163,46.365],[7.153,46.362],[7.143,46.366],[7.133,46.367],[7.13,46.369],[7.114,46.369],[7.107,46.366],[7.104,46.367],[7.102,46.373],[7.093,46.375],[7.097,46.379],[7.096,46.386],[7.097,46.391],[7.101,46.393],[7.112,46.393],[7.101,46.397],[7.097,46.4]],[[7.221,46.398],[7.218,46.394],[7.214,46.396],[7.213,46.395],[7.215,46.391],[7.214,46.389],[7.211,46.389],[7.212,46.386],[7.214,46.384],[7.218,46.386],[7.221,46.39],[7.224,46.391],[7.223,46.393],[7.224,46.395],[7.221,46.398]],[[7.987,46.615],[7.985,46.617],[7.989,46.619],[7.984,46.621],[7.98,46.617],[7.977,46.617],[7.98,46.615],[7.98,46.612],[7.977,46.61],[7.987,46.615]],[[7.977,46.617],[7.974,46.619],[7.974,46.617],[7.977,46.617]],[[8.341,46.918],[8.344,46.917],[8.346,46.918],[8.341,46.918]],[[8.367,46.909],[8.364,46.911],[8.361,46.907],[8.365,46.907],[8.367,46.909]],[[8.44,46.917],[8.443,46.916],[8.444,46.917],[8.443,46.919],[8.44,46.917]],[[8.532,46.627],[8.53,46.629],[8.526,46.629],[8.526,46.627],[8.532,46.627]],[[8.77,46.856],[8.766,46.853],[8.759,46.836],[8.756,46.836],[8.762,46.829],[8.764,46.833],[8.768,46.835],[8.767,46.844],[8.771,46.853],[8.77,46.856]],[[8.701,47.009],[8.704,47.007],[8.708,47.007],[8.704,47.01],[8.701,47.009]],[[8.7,47.097],[8.71,47.092],[8.713,47.097],[8.713,47.099],[8.707,47.104],[8.709,47.101],[8.7,47.097]],[[8.798,47.087],[8.795,47.085],[8.802,47.085],[8.798,47.087]],[[8.822,47.096],[8.832,47.093],[8.829,47.096],[8.835,47.099],[8.842,47.1],[8.843,47.102],[8.842,47.103],[8.832,47.099],[8.825,47.098],[8.822,47.096]],[[8.904,47.088],[8.901,47.089],[8.901,47.087],[8.904,47.088]],[[9.255,47.056],[9.255,47.058],[9.249,47.058],[9.255,47.056]],[[7.633,46.144],[7.636,46.142],[7.637,46.146],[7.634,46.146],[7.633,46.144]],[[9.262,47.059],[9.265,47.062],[9.259,47.06],[9.262,47.059]],[[9.008,46.805],[9.011,46.808],[9.007,46.808],[9.004,46.806],[9.001,46.808],[8.994,46.804],[8.994,46.801],[9.008,46.805]],[[9.011,46.808],[9.021,46.81],[9.014,46.81],[9.011,46.808]],[[9.015,46.831],[9.016,46.846],[9.012,46.847],[9.009,46.846],[9.012,46.836],[9.008,46.837],[9.009,46.832],[9.008,46.83],[9.015,46.831]],[[8.86,47.055],[8.863,47.052],[8.865,47.055],[8.86,47.057],[8.86,47.055]],[[8.863,47.052],[8.86,47.05],[8.844,47.068],[8.837,47.067],[8.836,47.069],[8.833,47.069],[8.834,47.066],[8.844,47.064],[8.844,47.062],[8.852,47.055],[8.853,47.051],[8.857,47.05],[8.857,47.048],[8.86,47.046],[8.863,47.046],[8.867,47.05],[8.863,47.052]],[[8.797,47.045],[8.804,47.046],[8.805,47.053],[8.81,47.058],[8.818,47.062],[8.821,47.061],[8.825,47.064],[8.818,47.066],[8.814,47.064],[8.801,47.064],[8.798,47.062],[8.804,47.06],[8.79,47.056],[8.791,47.054],[8.794,47.055],[8.798,47.053],[8.797,47.045]],[[8.804,47.028],[8.806,47.031],[8.804,47.037],[8.807,47.039],[8.81,47.037],[8.81,47.04],[8.812,47.042],[8.818,47.044],[8.814,47.045],[8.792,47.038],[8.8,47.035],[8.801,47.031],[8.804,47.028]],[[8.766,46.703],[8.766,46.7],[8.769,46.7],[8.766,46.703]],[[8.585,46.815],[8.588,46.808],[8.607,46.81],[8.603,46.812],[8.602,46.815],[8.595,46.813],[8.585,46.815]],[[8.28,46.56],[8.306,46.568],[8.303,46.569],[8.283,46.564],[8.274,46.566],[8.277,46.568],[8.27,46.57],[8.273,46.572],[8.27,46.572],[8.267,46.575],[8.247,46.575],[8.244,46.573],[8.26,46.571],[8.264,46.573],[8.267,46.57],[8.265,46.566],[8.267,46.563],[8.28,46.56]],[[8.306,46.568],[8.311,46.57],[8.308,46.57],[8.306,46.568]],[[8.26,46.543],[8.273,46.548],[8.256,46.546],[8.249,46.543],[8.26,46.543]],[[7.742142857142857,45.97190476190476],[7.741,45.97],[7.745,45.97],[7.742142857142857,45.97190476190476]],[[7.628,46.544],[7.624,46.542],[7.628,46.542],[7.628,46.544]],[[7.406,46.036],[7.407,46.04],[7.404,46.045],[7.404,46.052],[7.4,46.056],[7.401,46.061],[7.397,46.067],[7.397,46.07],[7.404,46.076],[7.404,46.079],[7.399,46.079],[7.396,46.074],[7.396,46.07],[7.393,46.068],[7.393,46.057],[7.395,46.056],[7.396,46.052],[7.402,46.043],[7.403,46.037],[7.406,46.036]],[[7.355,45.962],[7.357,45.977],[7.352,45.993],[7.353,45.998],[7.348,45.998],[7.35,45.993],[7.348,45.991],[7.351,45.986],[7.349,45.98],[7.349,45.973],[7.353,45.971],[7.353,45.964],[7.355,45.962]],[[7.302,46.409],[7.305,46.409],[7.302,46.414],[7.302,46.409]]],[[[6.989,46.39],[6.993,46.39],[6.99,46.389],[6.989,46.39]]],[[[6.993,46.39],[6.995,46.392],[6.995,46.395],[7.0,46.399],[7.003,46.395],[7.01,46.392],[7.016,46.395],[7.023,46.395],[7.023,46.397],[7.027,46.399],[7.023,46.402],[7.035,46.41],[7.039,46.41],[7.042,46.408],[7.042,46.406],[7.038,46.404],[7.047,46.397],[7.049,46.396],[7.057,46.399],[7.057,46.402],[7.053,46.404],[7.058,46.406],[7.054,46.413],[7.055,46.414],[7.06,46.413],[7.061,46.409],[7.065,46.405],[7.074,46.411],[7.081,46.412],[7.084,46.415],[7.087,46.413],[7.087,46.411],[7.097,46.404],[7.097,46.4],[7.097,46.397],[7.083,46.388],[7.078,46.386],[7.071,46.386],[7.071,46.384],[7.065,46.381],[7.062,46.383],[7.055,46.382],[7.049,46.385],[7.042,46.385],[7.036,46.387],[7.035,46.381],[7.039,46.379],[7.036,46.376],[7.031,46.372],[7.023,46.372],[7.022,46.368],[7.016,46.363],[7.011,46.361],[7.01,46.359],[7.003,46.357],[6.998,46.359],[6.989,46.37],[6.981,46.372],[6.981,46.374],[6.988,46.377],[6.988,46.381],[6.993,46.383],[6.997,46.382],[7.0,46.386],[6.993,46.39]]],[[[7.951,46.239],[7.954,46.242],[7.956,46.239],[7.951,46.239]]],[[[7.226,45.939],[7.223,45.938],[7.219,45.941],[7.223,45.943],[7.226,45.941],[7.226,45.939]]],[[[8.615,46.376],[8.61,46.376],[8.612,46.377],[8.615,46.376]]],[[[8.689,46.47],[8.691,46.467],[8.687,46.467],[8.689,46.47]]],[[[8.791,46.397],[8.797,46.394],[8.801,46.396],[8.806,46.396],[8.804,46.402],[8.802,46.403],[8.804,46.404],[8.811,46.402],[8.814,46.405],[8.821,46.403],[8.82,46.398],[8.817,46.396],[8.816,46.392],[8.81,46.388],[8.807,46.39],[8.797,46.39],[8.79,46.394],[8.791,46.397]]],[[[8.628,46.551],[8.628,46.549],[8.625,46.547],[8.622,46.549],[8.622,46.551],[8.625,46.553],[8.628,46.551]]],[[[8.929,47.151],[8.925,47.146],[8.923,47.148],[8.925,47.151],[8.929,47.151]]],[[[8.685,46.895],[8.679,46.894],[8.678,46.895],[8.685,46.895]]],[[[8.597,46.734],[8.6,46.736],[8.601,46.734],[8.6,46.732],[8.597,46.734]]],[[[8.429,46.897],[8.428,46.895],[8.423,46.894],[8.42,46.895],[8.426,46.898],[8.429,46.897]]],[[[8.198,46.791],[8.195,46.795],[8.192,46.796],[8.192,46.802],[8.195,46.805],[8.198,46.802],[8.198,46.8],[8.202,46.798],[8.202,46.793],[8.198,46.791]]],[[[8.361,46.743],[8.363,46.74],[8.361,46.739],[8.358,46.74],[8.361,46.743]]],[[[8.167,46.692],[8.164,46.688],[8.161,46.688],[8.159,46.69],[8.161,46.693],[8.167,46.692]]],[[[7.978,46.7],[7.975,46.699],[7.975,46.701],[7.978,46.7]]],[[[8.01,46.612],[8.013,46.615],[8.02,46.615],[8.016,46.61],[8.01,46.612]]],[[[7.69,46.586],[7.688,46.589],[7.69,46.591],[7.693,46.589],[7.69,46.586]]],[[[7.621,46.535],[7.618,46.533],[7.615,46.535],[7.618,46.537],[7.621,46.535]]],[[[7.598,46.503],[7.593,46.503],[7.595,46.506],[7.598,46.503]]],[[[7.595,46.623],[7.589,46.623],[7.592,46.626],[7.595,46.625],[7.595,46.623]]],[[[7.406,46.537],[7.402,46.537],[7.403,46.54],[7.406,46.537]]],[[[7.429,46.416],[7.426,46.418],[7.432,46.423],[7.435,46.42],[7.429,46.416]]],[[[7.351,46.486],[7.354,46.483],[7.347,46.481],[7.338,46.483],[7.347,46.484],[7.351,46.486]]],[[[7.286,46.405],[7.287,46.402],[7.282,46.402],[7.286,46.405]]],[[[7.185,46.404],[7.188,46.409],[7.19,46.407],[7.19,46.404],[7.188,46.402],[7.185,46.404]]],[[[7.589,46.623],[7.589,46.618],[7.587,46.62],[7.589,46.623]]],[[[7.087,46.413],[7.085,46.415],[7.087,46.417],[7.09,46.415],[7.087,46.413]]],[[[9.074,47.159],[9.075999999999997,47.15833333333333],[9.075,47.16],[9.076,47.164],[9.084,47.175],[9.08,47.182],[9.081,47.184],[9.085,47.184],[9.08,47.189],[9.088,47.196],[9.092,47.196],[9.095,47.193],[9.097,47.196],[9.093,47.198],[9.095,47.202],[9.09,47.205],[9.093,47.211],[9.087,47.214],[9.092,47.215],[9.094,47.218],[9.084,47.22],[9.089,47.223],[9.087,47.229],[9.089,47.231],[9.093,47.231],[9.096,47.234],[9.099,47.234],[9.099,47.238],[9.103,47.243],[9.106,47.238],[9.104,47.236],[9.109,47.231],[9.112,47.238],[9.116,47.239],[9.118,47.238],[9.119,47.233],[9.124,47.231],[9.122,47.227],[9.121,47.229],[9.118,47.229],[9.118,47.227],[9.119,47.224],[9.122,47.224],[9.13,47.22],[9.125,47.215],[9.12,47.215],[9.123,47.213],[9.122,47.211],[9.125,47.209],[9.128,47.208],[9.129,47.209],[9.125,47.211],[9.128,47.215],[9.132,47.213],[9.138,47.213],[9.138,47.208],[9.145,47.213],[9.148,47.217],[9.146,47.22],[9.149,47.222],[9.155,47.222],[9.155,47.216],[9.163,47.219],[9.162,47.222],[9.165,47.225],[9.167,47.224],[9.166,47.221],[9.172,47.219],[9.168,47.212],[9.17,47.21],[9.165,47.21],[9.167,47.208],[9.166,47.206],[9.159,47.201],[9.162,47.201],[9.172,47.208],[9.181,47.211],[9.191,47.211],[9.194,47.21],[9.194,47.208],[9.198,47.208],[9.198,47.21],[9.201,47.211],[9.208,47.21],[9.211,47.205],[9.207,47.201],[9.212,47.201],[9.22,47.196],[9.217,47.194],[9.22,47.191],[9.22,47.194],[9.224,47.196],[9.23,47.191],[9.223,47.189],[9.223,47.187],[9.23,47.188],[9.233,47.187],[9.233,47.184],[9.243,47.184],[9.245,47.182],[9.243,47.18],[9.253,47.184],[9.259,47.184],[9.261,47.182],[9.253,47.18],[9.253,47.177],[9.256,47.176],[9.264,47.177],[9.264,47.179],[9.269,47.182],[9.269,47.186],[9.276,47.186],[9.274,47.188],[9.283,47.193],[9.284,47.19],[9.296,47.188],[9.299,47.192],[9.303,47.192],[9.304,47.19],[9.301,47.188],[9.302,47.185],[9.306,47.186],[9.308,47.19],[9.306,47.192],[9.316,47.192],[9.318,47.194],[9.318,47.197],[9.326,47.199],[9.333,47.197],[9.336,47.199],[9.337,47.196],[9.339,47.195],[9.346,47.195],[9.349,47.192],[9.359,47.188],[9.382,47.191],[9.382,47.184],[9.392,47.187],[9.401,47.186],[9.405,47.184],[9.401,47.182],[9.404,47.179],[9.398,47.177],[9.398,47.173],[9.39,47.171],[9.388,47.168],[9.381,47.166],[9.378,47.169],[9.378,47.171],[9.369,47.167],[9.369,47.164],[9.366,47.162],[9.371,47.157],[9.367,47.155],[9.37,47.152],[9.38,47.151],[9.391,47.159],[9.41,47.162],[9.414,47.164],[9.416,47.161],[9.407,47.155],[9.41,47.151],[9.413,47.15],[9.42,47.153],[9.433,47.15],[9.435,47.147],[9.426,47.141],[9.424,47.136],[9.427,47.132],[9.426,47.13],[9.429,47.127],[9.439,47.133],[9.442,47.129],[9.446,47.127],[9.445,47.124],[9.442,47.125],[9.444,47.122],[9.441,47.116],[9.442,47.111],[9.445,47.111],[9.45,47.104],[9.444,47.098],[9.441,47.096],[9.437,47.096],[9.431,47.091],[9.434,47.089],[9.431,47.087],[9.434,47.084],[9.431,47.082],[9.437,47.08],[9.444,47.08],[9.445,47.077],[9.437,47.077],[9.434,47.075],[9.437,47.073],[9.437,47.071],[9.433,47.07],[9.417,47.076],[9.414,47.085],[9.408,47.087],[9.404,47.086],[9.398,47.09],[9.395,47.09],[9.391,47.094],[9.382,47.099],[9.379,47.104],[9.375,47.104],[9.372,47.106],[9.37,47.108],[9.376,47.115],[9.369,47.118],[9.363,47.115],[9.359,47.116],[9.35,47.125],[9.347,47.126],[9.347,47.132],[9.343,47.132],[9.338,47.138],[9.33,47.137],[9.321,47.14],[9.317,47.143],[9.304,47.145],[9.301,47.148],[9.288,47.149],[9.281,47.146],[9.278,47.147],[9.268,47.143],[9.255,47.141],[9.245,47.14],[9.242,47.142],[9.239,47.139],[9.218,47.139],[9.212,47.142],[9.202,47.14],[9.177,47.14],[9.162,47.144],[9.156,47.15],[9.153,47.149],[9.14,47.153],[9.137,47.157],[9.13,47.152],[9.123,47.152],[9.12,47.149],[9.117,47.15],[9.113,47.155],[9.097,47.155],[9.094,47.152],[9.087,47.153],[9.085,47.148],[9.081,47.146],[9.077,47.146],[9.075,47.149],[9.076,47.151],[9.075,47.153],[9.078,47.155],[9.076555555555554,47.157407407407405],[9.074,47.154],[9.069,47.155],[9.074,47.159]],[[9.085,47.184],[9.089,47.184],[9.088,47.185],[9.085,47.184]],[[9.161,47.189],[9.157,47.188],[9.159,47.186],[9.156,47.183],[9.157,47.181],[9.164,47.186],[9.167,47.183],[9.17,47.185],[9.177,47.186],[9.184,47.191],[9.187,47.19],[9.184,47.193],[9.178,47.194],[9.182,47.196],[9.181,47.198],[9.164,47.193],[9.161,47.189]]],[[[9.103,47.243],[9.106,47.246],[9.11,47.247],[9.111,47.245],[9.106,47.241],[9.103,47.243]]],[[[9.155,47.222],[9.152,47.226],[9.152,47.228],[9.155,47.23],[9.157,47.226],[9.155,47.222]]],[[[9.168,47.212],[9.175,47.215],[9.177,47.212],[9.175,47.211],[9.168,47.212]]],[[[9.233,47.187],[9.232,47.189],[9.237,47.189],[9.233,47.187]]],[[[9.371,47.157],[9.377,47.161],[9.381,47.16],[9.379,47.157],[9.374,47.155],[9.371,47.157]]],[[[9.152,47.228],[9.144,47.229],[9.145,47.231],[9.149,47.232],[9.154,47.231],[9.152,47.228]]],[[[9.249,46.518],[9.24,46.514],[9.246,46.512],[9.242,46.507],[9.25,46.505],[9.253,46.501],[9.253,46.498],[9.242,46.491],[9.248,46.489],[9.245,46.487],[9.246,46.485],[9.249,46.486],[9.255,46.477],[9.261,46.48],[9.259,46.483],[9.255,46.482],[9.254,46.487],[9.259,46.487],[9.26,46.491],[9.269,46.493],[9.266,46.5],[9.266,46.505],[9.273,46.509],[9.274,46.511],[9.267,46.523],[9.264,46.525],[9.261,46.532],[9.27,46.533],[9.273,46.532],[9.276,46.534],[9.293,46.537],[9.296,46.536],[9.295,46.531],[9.3,46.529],[9.296,46.525],[9.286,46.522],[9.284,46.52],[9.302,46.52],[9.309,46.525],[9.316,46.526],[9.324,46.522],[9.325,46.519],[9.321,46.515],[9.325,46.515],[9.331,46.512],[9.338,46.512],[9.339,46.519],[9.342,46.521],[9.342,46.525],[9.34,46.528],[9.342,46.53],[9.345,46.53],[9.34,46.535],[9.345,46.537],[9.353,46.537],[9.355,46.539],[9.349,46.54],[9.348,46.542],[9.36,46.548],[9.359,46.55],[9.362,46.551],[9.369,46.55],[9.366,46.552],[9.372,46.556],[9.378,46.554],[9.375,46.548],[9.378,46.546],[9.375,46.543],[9.372,46.543],[9.372,46.541],[9.378,46.539],[9.371,46.534],[9.375,46.534],[9.378,46.532],[9.371,46.528],[9.367,46.53],[9.368,46.525],[9.375,46.525],[9.384,46.531],[9.388,46.532],[9.386,46.534],[9.394,46.536],[9.395,46.55],[9.398,46.551],[9.406,46.559],[9.411,46.56],[9.415,46.559],[9.416,46.556],[9.411,46.549],[9.414,46.551],[9.42,46.547],[9.42,46.538],[9.415,46.531],[9.42,46.527],[9.42,46.522],[9.416,46.518],[9.416,46.513],[9.413,46.511],[9.409,46.504],[9.406,46.505],[9.406,46.502],[9.403,46.5],[9.402,46.493],[9.412,46.499],[9.417,46.504],[9.422,46.506],[9.423,46.509],[9.432,46.514],[9.442,46.51],[9.445,46.508],[9.445,46.506],[9.442,46.502],[9.428,46.493],[9.428,46.491],[9.425,46.489],[9.425,46.479],[9.421,46.477],[9.418,46.471],[9.411,46.466],[9.408,46.469],[9.401,46.469],[9.389,46.474],[9.386,46.476],[9.382,46.483],[9.379,46.483],[9.37,46.489],[9.37,46.492],[9.367,46.494],[9.367,46.498],[9.37,46.501],[9.37,46.505],[9.367,46.505],[9.364,46.508],[9.344,46.506],[9.341,46.503],[9.335,46.506],[9.321,46.506],[9.318,46.504],[9.308,46.504],[9.302,46.5],[9.282,46.498],[9.282,46.493],[9.278,46.491],[9.278,46.489],[9.275,46.487],[9.275,46.48],[9.278,46.477],[9.278,46.475],[9.274,46.471],[9.274,46.466],[9.277,46.464],[9.277,46.459],[9.261,46.449],[9.251,46.449],[9.248,46.447],[9.247,46.442],[9.245,46.44],[9.246,46.437],[9.25,46.435],[9.25,46.433],[9.244,46.431],[9.241,46.435],[9.242,46.438],[9.241,46.44],[9.238,46.44],[9.231,46.444],[9.229,46.449],[9.225,46.449],[9.223,46.451],[9.226,46.456],[9.226,46.463],[9.223,46.465],[9.219,46.465],[9.215,46.472],[9.21,46.473],[9.206,46.476],[9.202,46.483],[9.204,46.49],[9.197,46.491],[9.197,46.495],[9.184,46.501],[9.181,46.499],[9.182,46.497],[9.18,46.495],[9.182,46.49],[9.181,46.489],[9.178,46.492],[9.174,46.49],[9.167,46.493],[9.17,46.499],[9.175,46.499],[9.177,46.504],[9.181,46.508],[9.191,46.51],[9.192,46.513],[9.188,46.515],[9.188,46.518],[9.192,46.52],[9.198,46.519],[9.199,46.524],[9.201,46.525],[9.205,46.526],[9.212,46.521],[9.212,46.519],[9.217,46.516],[9.221,46.516],[9.224,46.517],[9.225,46.521],[9.225,46.528],[9.222,46.53],[9.231,46.532],[9.235,46.53],[9.233,46.528],[9.237,46.526],[9.24,46.521],[9.247,46.52],[9.249,46.518]]],[[[9.429,47.137],[9.426,47.139],[9.429,47.14],[9.429,47.137]]],[[[8.938,46.675],[8.945,46.671],[8.945,46.668],[8.949,46.671],[8.951,46.675],[8.958,46.675],[8.969,46.666],[8.964,46.664],[8.967,46.662],[8.967,46.66],[8.964,46.658],[8.947,46.658],[8.944,46.655],[8.947,46.653],[8.944,46.651],[8.934,46.649],[8.941,46.648],[8.954,46.651],[8.961,46.651],[8.964,46.648],[8.97,46.647],[8.974,46.652],[8.977,46.649],[8.97969230769231,46.64846153846154],[8.978,46.651],[8.982,46.651],[8.980235294117646,46.64835294117647],[8.987,46.647],[8.993,46.643],[8.996,46.643],[8.999,46.64],[9.007,46.643],[9.007,46.648],[9.014,46.652],[9.01,46.655],[9.006,46.655],[9.004,46.657],[9.007,46.658],[9.007,46.66],[9.002,46.662],[9.007,46.663],[9.011,46.666],[9.004,46.668],[9.008,46.673],[9.002,46.68],[9.001,46.685],[8.991,46.688],[8.984,46.688],[8.98,46.691],[8.995,46.695],[8.995,46.699],[8.986,46.707],[8.988,46.71],[9.002,46.714],[9.007,46.711],[9.006,46.706],[9.011,46.706],[9.018,46.703],[9.021,46.708],[9.027,46.711],[9.025,46.713],[9.025,46.717],[9.023,46.72],[9.025,46.722],[9.035,46.723],[9.041,46.726],[9.044,46.721],[9.054,46.723],[9.057,46.721],[9.056,46.719],[9.049,46.715],[9.054,46.713],[9.055,46.71],[9.05,46.707],[9.044,46.706],[9.054,46.705],[9.062,46.697],[9.06,46.695],[9.057,46.695],[9.056,46.692],[9.053,46.691],[9.052,46.688],[9.053,46.687],[9.062,46.69],[9.063,46.692],[9.066,46.687],[9.068,46.688],[9.067,46.69],[9.07,46.692],[9.074,46.692],[9.072,46.694],[9.072,46.697],[9.074,46.699],[9.071,46.701],[9.071,46.712],[9.074,46.714],[9.08,46.711],[9.089,46.703],[9.085,46.701],[9.087,46.699],[9.082,46.694],[9.083,46.693],[9.087,46.694],[9.093,46.7],[9.096,46.7],[9.101,46.696],[9.094,46.694],[9.092,46.692],[9.092,46.689],[9.096,46.689],[9.098,46.687],[9.079,46.684],[9.069,46.684],[9.066,46.681],[9.057,46.679],[9.046,46.671],[9.042,46.665],[9.037,46.663],[9.043,46.663],[9.053,46.667],[9.063,46.667],[9.066,46.669],[9.072,46.669],[9.075,46.667],[9.065,46.663],[9.068,46.661],[9.066,46.656],[9.059,46.659],[9.052,46.659],[9.046,46.654],[9.039,46.653],[9.036,46.648],[9.039,46.645],[9.049,46.644],[9.054,46.641],[9.052,46.639],[9.048,46.639],[9.045,46.637],[9.039,46.639],[9.035,46.637],[9.038,46.629],[9.042,46.628],[9.055,46.627],[9.071,46.635],[9.075,46.633],[9.068,46.627],[9.064,46.626],[9.061,46.622],[9.058,46.623],[9.054,46.621],[9.045,46.621],[9.042,46.618],[9.044,46.616],[9.055,46.614],[9.056,46.609],[9.054,46.607],[9.049,46.607],[9.049,46.605],[9.054,46.601],[9.067,46.602],[9.072,46.598],[9.07,46.595],[9.075,46.598],[9.081,46.597],[9.08,46.6],[9.074,46.602],[9.084,46.609],[9.1,46.61],[9.1,46.612],[9.097,46.615],[9.097,46.622],[9.1,46.624],[9.11,46.623],[9.111,46.624],[9.107,46.629],[9.104,46.629],[9.102,46.631],[9.117,46.634],[9.117,46.637],[9.11,46.642],[9.111,46.644],[9.124,46.643],[9.127,46.641],[9.14,46.641],[9.14,46.644],[9.132,46.655],[9.134,46.657],[9.153,46.653],[9.151,46.65],[9.159,46.65],[9.163,46.654],[9.167,46.65],[9.162,46.641],[9.153,46.635],[9.149,46.635],[9.143,46.628],[9.138,46.626],[9.142,46.624],[9.141,46.621],[9.136,46.618],[9.129,46.618],[9.129,46.615],[9.133,46.616],[9.135,46.612],[9.132,46.61],[9.122,46.608],[9.132,46.606],[9.131,46.603],[9.111,46.59],[9.101,46.586],[9.098,46.579],[9.092,46.576],[9.082,46.578],[9.057,46.578],[9.053,46.575],[9.043,46.575],[9.043,46.572],[9.046,46.571],[9.046,46.569],[9.036,46.558],[9.029,46.555],[9.033,46.555],[9.039,46.551],[9.038,46.546],[9.035,46.544],[9.032,46.537],[9.032,46.532],[9.035,46.531],[9.037,46.537],[9.04,46.54],[9.04,46.544],[9.049,46.546],[9.05,46.548],[9.049,46.554],[9.046,46.555],[9.045,46.557],[9.063,46.568],[9.076,46.567],[9.085,46.563],[9.089,46.563],[9.091,46.559],[9.094,46.557],[9.093,46.548],[9.096,46.543],[9.077,46.534],[9.08,46.528],[9.077,46.525],[9.077,46.523],[9.097,46.535],[9.105,46.536],[9.111,46.54],[9.106,46.543],[9.106,46.545],[9.114,46.547],[9.115,46.55],[9.11,46.554],[9.108,46.559],[9.104,46.561],[9.105,46.564],[9.11,46.566],[9.109,46.57],[9.112,46.572],[9.116,46.572],[9.118,46.575],[9.126,46.577],[9.134,46.569],[9.138,46.57],[9.14,46.572],[9.133,46.579],[9.135,46.579],[9.138,46.584],[9.145,46.587],[9.152,46.587],[9.152,46.59],[9.158,46.591],[9.161,46.594],[9.168,46.595],[9.174,46.598],[9.182,46.596],[9.181,46.594],[9.187,46.589],[9.185,46.585],[9.189,46.58],[9.177,46.573],[9.174,46.568],[9.167,46.565],[9.16,46.565],[9.162,46.56],[9.156,46.558],[9.155,46.556],[9.157,46.553],[9.16,46.555],[9.173,46.558],[9.183,46.564],[9.187,46.564],[9.187,46.567],[9.197,46.573],[9.203,46.58],[9.207,46.58],[9.21,46.577],[9.22,46.577],[9.22,46.582],[9.214,46.586],[9.214,46.593],[9.211,46.598],[9.211,46.603],[9.2,46.614],[9.204,46.617],[9.212,46.611],[9.222,46.607],[9.224,46.604],[9.225,46.609],[9.23,46.613],[9.237,46.615],[9.231,46.618],[9.224,46.616],[9.218,46.625],[9.208,46.629],[9.205,46.634],[9.199,46.638],[9.202,46.642],[9.208,46.64],[9.215,46.64],[9.218,46.638],[9.222,46.64],[9.232,46.64],[9.233,46.642],[9.232,46.647],[9.224,46.649],[9.226,46.651],[9.225,46.652],[9.215,46.652],[9.212,46.656],[9.216,46.659],[9.219,46.658],[9.219,46.661],[9.217,46.663],[9.222,46.665],[9.229,46.665],[9.229,46.668],[9.227,46.669],[9.226,46.673],[9.216,46.677],[9.21,46.677],[9.207,46.681],[9.21,46.683],[9.215,46.683],[9.22,46.686],[9.223,46.683],[9.237,46.681],[9.239,46.669],[9.243,46.669],[9.245,46.672],[9.249,46.673],[9.255,46.671],[9.253,46.676],[9.255,46.678],[9.261,46.678],[9.259,46.68],[9.262,46.682],[9.267,46.682],[9.266,46.685],[9.269,46.686],[9.271,46.689],[9.267,46.691],[9.271,46.696],[9.266,46.699],[9.263,46.698],[9.257,46.703],[9.26,46.705],[9.273,46.705],[9.274,46.707],[9.28,46.709],[9.28,46.716],[9.26,46.718],[9.263,46.721],[9.267,46.72],[9.275,46.723],[9.267,46.73],[9.278,46.732],[9.273,46.736],[9.274,46.737],[9.285,46.736],[9.287,46.738],[9.279,46.743],[9.284,46.744],[9.284,46.747],[9.278,46.75],[9.278,46.752],[9.274,46.752],[9.265,46.759],[9.268,46.762],[9.278,46.759],[9.281,46.756],[9.284,46.758],[9.288,46.756],[9.287,46.753],[9.294,46.757],[9.301,46.755],[9.3,46.75],[9.31,46.75],[9.314,46.753],[9.317,46.751],[9.317,46.749],[9.313,46.745],[9.31,46.745],[9.31,46.742],[9.316,46.74],[9.316,46.738],[9.31,46.731],[9.297,46.731],[9.296,46.729],[9.3,46.729],[9.302,46.727],[9.291,46.718],[9.293,46.715],[9.296,46.715],[9.298,46.713],[9.296,46.704],[9.299,46.7],[9.285,46.69],[9.284,46.68],[9.278,46.673],[9.272,46.669],[9.271,46.662],[9.261,46.658],[9.26,46.655],[9.267,46.651],[9.263,46.649],[9.261,46.644],[9.258,46.642],[9.259,46.64],[9.257,46.638],[9.257,46.635],[9.259,46.633],[9.256,46.629],[9.256,46.626],[9.261,46.622],[9.261,46.619],[9.252,46.615],[9.252,46.613],[9.253,46.611],[9.256,46.61],[9.263,46.611],[9.269,46.607],[9.274,46.606],[9.273,46.603],[9.264,46.599],[9.262,46.595],[9.259,46.593],[9.255,46.593],[9.252,46.59],[9.267,46.59],[9.267,46.592],[9.269,46.593],[9.278,46.594],[9.281,46.597],[9.292,46.598],[9.293,46.603],[9.295,46.605],[9.299,46.605],[9.301,46.608],[9.298,46.614],[9.299,46.617],[9.296,46.617],[9.291,46.621],[9.298,46.626],[9.29,46.63],[9.293,46.632],[9.298,46.632],[9.297,46.636],[9.293,46.635],[9.29,46.637],[9.293,46.639],[9.3,46.637],[9.3,46.639],[9.294,46.644],[9.294,46.648],[9.297,46.65],[9.303,46.645],[9.307,46.645],[9.307,46.647],[9.304,46.65],[9.307,46.652],[9.317,46.652],[9.307,46.659],[9.317,46.663],[9.315,46.668],[9.316,46.673],[9.321,46.672],[9.324,46.67],[9.323,46.668],[9.329,46.666],[9.329,46.663],[9.333,46.661],[9.336,46.656],[9.34,46.653],[9.343,46.656],[9.345,46.656],[9.345,46.659],[9.35,46.66],[9.347,46.663],[9.35,46.669],[9.351,46.667],[9.356,46.667],[9.36,46.664],[9.37,46.665],[9.373,46.662],[9.392,46.662],[9.395,46.66],[9.395,46.658],[9.388,46.653],[9.389,46.651],[9.385,46.649],[9.378,46.649],[9.375,46.647],[9.379,46.646],[9.384,46.642],[9.382,46.64],[9.375,46.638],[9.369,46.641],[9.367,46.64],[9.368,46.638],[9.364,46.636],[9.371,46.63],[9.375,46.628],[9.381,46.628],[9.383,46.626],[9.346,46.625],[9.35,46.622],[9.35,46.62],[9.355,46.62],[9.357,46.618],[9.351,46.614],[9.344,46.614],[9.347,46.611],[9.36,46.609],[9.359,46.613],[9.361,46.614],[9.364,46.61],[9.387,46.61],[9.39,46.608],[9.381,46.602],[9.38,46.599],[9.373,46.596],[9.364,46.595],[9.346,46.596],[9.344,46.593],[9.341,46.592],[9.334,46.595],[9.328,46.594],[9.325,46.596],[9.33,46.591],[9.327,46.589],[9.332,46.587],[9.334,46.584],[9.333,46.582],[9.34,46.583],[9.344,46.581],[9.344,46.579],[9.339,46.578],[9.337,46.576],[9.33,46.576],[9.324,46.572],[9.32,46.572],[9.318,46.574],[9.304,46.574],[9.301,46.578],[9.298,46.579],[9.282,46.579],[9.278,46.581],[9.275,46.579],[9.274,46.576],[9.288,46.576],[9.29,46.574],[9.297,46.572],[9.3,46.569],[9.299,46.563],[9.297,46.562],[9.284,46.565],[9.278,46.559],[9.274,46.559],[9.265,46.562],[9.255,46.568],[9.251,46.568],[9.255,46.563],[9.252,46.562],[9.233,46.564],[9.228,46.561],[9.228,46.559],[9.221,46.559],[9.221,46.555],[9.216,46.553],[9.218,46.55],[9.215,46.549],[9.212,46.551],[9.194,46.551],[9.186,46.546],[9.182,46.539],[9.175,46.535],[9.166,46.532],[9.159,46.533],[9.158,46.531],[9.153,46.529],[9.149,46.531],[9.152,46.529],[9.146,46.525],[9.143,46.527],[9.14,46.524],[9.136,46.524],[9.133,46.527],[9.126,46.527],[9.125,46.523],[9.126,46.522],[9.13,46.524],[9.132,46.52],[9.113,46.507],[9.093,46.506],[9.09,46.508],[9.08,46.507],[9.074,46.508],[9.071,46.506],[9.07,46.503],[9.077,46.505],[9.08,46.503],[9.087,46.503],[9.09,46.498],[9.093,46.5],[9.1,46.5],[9.102,46.498],[9.118,46.498],[9.142,46.506],[9.143,46.509],[9.162,46.516],[9.175,46.513],[9.172,46.504],[9.168,46.502],[9.166,46.497],[9.167,46.495],[9.16,46.493],[9.158,46.491],[9.151,46.49],[9.15,46.486],[9.148,46.485],[9.148,46.482],[9.144,46.48],[9.145,46.479],[9.151,46.483],[9.155,46.483],[9.166,46.477],[9.167,46.472],[9.17,46.47],[9.169,46.468],[9.154,46.466],[9.154,46.464],[9.167,46.46],[9.17,46.456],[9.164,46.454],[9.164,46.452],[9.167,46.452],[9.172,46.448],[9.17,46.446],[9.15,46.444],[9.148,46.446],[9.14,46.446],[9.137,46.448],[9.13,46.444],[9.127,46.444],[9.119,46.451],[9.119,46.453],[9.123,46.457],[9.122,46.464],[9.125,46.466],[9.125,46.468],[9.112,46.475],[9.112,46.466],[9.115,46.466],[9.118,46.462],[9.114,46.455],[9.111,46.454],[9.109,46.449],[9.11,46.446],[9.107,46.444],[9.103,46.433],[9.111,46.43],[9.115,46.426],[9.113,46.421],[9.115,46.417],[9.11,46.413],[9.103,46.413],[9.103,46.41],[9.104,46.408],[9.115,46.408],[9.11,46.402],[9.098,46.399],[9.093,46.396],[9.092,46.386],[9.09,46.384],[9.08,46.388],[9.07,46.389],[9.067,46.393],[9.064,46.393],[9.061,46.396],[9.054,46.396],[9.051,46.398],[9.058,46.4],[9.077,46.401],[9.077,46.404],[9.074,46.404],[9.068,46.409],[9.058,46.411],[9.052,46.416],[9.061,46.418],[9.068,46.417],[9.074,46.419],[9.078,46.417],[9.086,46.417],[9.087,46.419],[9.091,46.42],[9.091,46.422],[9.084,46.427],[9.075,46.43],[9.072,46.433],[9.072,46.436],[9.07,46.438],[9.074,46.44],[9.066,46.447],[9.066,46.451],[9.063,46.454],[9.063,46.456],[9.066,46.458],[9.07,46.458],[9.073,46.46],[9.073,46.464],[9.069,46.464],[9.06,46.468],[9.053,46.466],[9.043,46.468],[9.037,46.473],[9.03,46.472],[9.021,46.475],[9.017,46.473],[9.015,46.47],[9.021,46.469],[9.025,46.463],[9.024,46.459],[9.027,46.456],[9.025,46.45],[9.026,46.447],[9.017,46.444],[9.013,46.446],[9.002,46.446],[9.0,46.443],[8.999,46.446],[8.993,46.45],[8.986,46.462],[8.972,46.462],[8.969,46.466],[8.976,46.471],[8.973,46.473],[8.973,46.475],[8.976,46.482],[8.979,46.484],[8.982,46.483],[8.995,46.487],[9.012,46.488],[9.013,46.49],[9.012,46.493],[9.005,46.494],[9.002,46.497],[9.004,46.511],[9.003,46.518],[9.0,46.522],[9.006,46.526],[8.994,46.531],[8.997,46.533],[8.995,46.536],[8.997,46.538],[8.988,46.538],[8.984,46.545],[8.981,46.547],[8.981,46.549],[8.972,46.556],[8.981,46.559],[8.987,46.564],[8.991,46.563],[8.996,46.556],[9.007,46.555],[9.008,46.556],[9.006,46.558],[9.008,46.56],[9.005,46.562],[9.004,46.567],[9.005,46.569],[8.995,46.574],[8.999,46.576],[8.998,46.581],[9.008,46.585],[9.014,46.584],[9.024,46.588],[9.028,46.587],[9.025,46.589],[9.024,46.592],[9.011,46.591],[9.005,46.594],[9.0,46.594],[8.995,46.592],[8.99,46.594],[8.986,46.601],[8.981,46.601],[8.98,46.599],[8.982,46.596],[8.98,46.59],[8.978,46.589],[8.975,46.59],[8.972,46.594],[8.967,46.594],[8.97,46.597],[8.969,46.598],[8.965,46.597],[8.964,46.592],[8.961,46.59],[8.961,46.586],[8.959,46.584],[8.957,46.588],[8.953,46.59],[8.957,46.592],[8.953,46.595],[8.949,46.595],[8.945,46.599],[8.945,46.602],[8.943,46.604],[8.933,46.604],[8.933,46.597],[8.928,46.595],[8.928,46.593],[8.92,46.586],[8.927,46.584],[8.916,46.578],[8.919,46.575],[8.923,46.575],[8.909,46.573],[8.903,46.576],[8.896,46.576],[8.894,46.573],[8.89,46.571],[8.882,46.571],[8.879,46.569],[8.885,46.564],[8.864,46.56],[8.878,46.557],[8.873,46.555],[8.886,46.555],[8.894,46.553],[8.896,46.55],[8.868,46.549],[8.866,46.547],[8.847,46.547],[8.849,46.544],[8.847,46.543],[8.843,46.543],[8.839,46.547],[8.832,46.549],[8.831,46.554],[8.827,46.554],[8.824,46.556],[8.824,46.558],[8.816,46.56],[8.812,46.567],[8.802,46.574],[8.802,46.577],[8.8,46.579],[8.804,46.583],[8.806,46.59],[8.809,46.593],[8.819,46.596],[8.827,46.608],[8.826,46.61],[8.829,46.613],[8.829,46.619],[8.832,46.622],[8.835,46.621],[8.837,46.614],[8.844,46.603],[8.844,46.601],[8.841,46.598],[8.848,46.6],[8.851,46.598],[8.851,46.595],[8.853,46.594],[8.85,46.587],[8.861,46.593],[8.885,46.596],[8.885,46.598],[8.875,46.6],[8.871,46.598],[8.864,46.599],[8.863,46.6],[8.865,46.601],[8.865,46.603],[8.872,46.607],[8.865,46.608],[8.861,46.612],[8.862,46.614],[8.856,46.618],[8.856,46.623],[8.852,46.625],[8.85,46.628],[8.852,46.63],[8.859,46.632],[8.862,46.636],[8.866,46.638],[8.879,46.637],[8.879,46.641],[8.882,46.643],[8.885,46.642],[8.889,46.645],[8.898,46.642],[8.902,46.644],[8.902,46.647],[8.898,46.647],[8.896,46.649],[8.899,46.652],[8.895,46.653],[8.893,46.656],[8.895,46.658],[8.899,46.658],[8.899,46.66],[8.896,46.663],[8.889,46.663],[8.883,46.668],[8.892,46.669],[8.896,46.667],[8.899,46.669],[8.896,46.674],[8.889,46.676],[8.894,46.679],[8.894,46.683],[8.9,46.685],[8.9,46.688],[8.893,46.691],[8.88,46.691],[8.878,46.692],[8.88,46.694],[8.883,46.696],[8.903,46.697],[8.906,46.696],[8.913,46.699],[8.916,46.698],[8.929,46.7],[8.932,46.698],[8.919,46.692],[8.912,46.692],[8.909,46.689],[8.912,46.687],[8.929,46.685],[8.933,46.683],[8.935,46.68],[8.931,46.676],[8.93,46.671],[8.933,46.671],[8.938,46.675]],[[9.16,46.565],[9.156,46.563],[9.157,46.562],[9.16,46.565]]],[[[8.945,46.671],[8.942,46.674],[8.945,46.675],[8.947,46.673],[8.945,46.671]]],[[[9.395,46.66],[9.393,46.662],[9.405,46.666],[9.408,46.664],[9.402,46.66],[9.395,46.66]]],[[[9.301,47.278],[9.297,47.278],[9.296,47.282],[9.293,47.282],[9.288,47.285],[9.289,47.288],[9.293,47.287],[9.294,47.289],[9.291,47.292],[9.291,47.296],[9.303,47.303],[9.307,47.309],[9.31,47.307],[9.308,47.302],[9.31,47.3],[9.309,47.298],[9.298,47.294],[9.309,47.29],[9.313,47.29],[9.316,47.293],[9.319,47.291],[9.323,47.292],[9.326,47.295],[9.349,47.301],[9.353,47.301],[9.356,47.298],[9.363,47.297],[9.354,47.293],[9.359,47.29],[9.352,47.289],[9.349,47.293],[9.344,47.291],[9.343,47.288],[9.339,47.288],[9.336,47.291],[9.336,47.286],[9.332,47.284],[9.339,47.283],[9.339,47.281],[9.325,47.278],[9.312,47.284],[9.309,47.287],[9.303,47.285],[9.3,47.282],[9.301,47.278]]],[[[9.363,47.297],[9.361,47.299],[9.366,47.301],[9.373,47.299],[9.363,47.297]]],[[[9.36,47.035],[9.356,47.036],[9.36,47.037],[9.361,47.036],[9.36,47.035]]],[[[9.337,47.046],[9.334,47.048],[9.344,47.052],[9.347,47.05],[9.344,47.047],[9.337,47.046]]],[[[9.33,46.756],[9.327,46.753],[9.317,46.753],[9.314,46.756],[9.321,46.76],[9.321,46.763],[9.318,46.765],[9.321,46.768],[9.327,46.763],[9.33,46.764],[9.333,46.762],[9.33,46.76],[9.33,46.756]]],[[[9.257,46.271],[9.248,46.264],[9.245,46.267],[9.242,46.267],[9.233,46.273],[9.239,46.278],[9.242,46.277],[9.249,46.279],[9.25,46.282],[9.248,46.284],[9.249,46.287],[9.269,46.295],[9.269,46.298],[9.279,46.306],[9.273,46.321],[9.271,46.322],[9.27,46.331],[9.273,46.333],[9.276,46.331],[9.283,46.333],[9.286,46.331],[9.286,46.338],[9.283,46.34],[9.283,46.343],[9.278,46.351],[9.279,46.354],[9.274,46.358],[9.271,46.356],[9.267,46.358],[9.265,46.365],[9.26,46.367],[9.265,46.372],[9.263,46.374],[9.265,46.376],[9.262,46.379],[9.262,46.383],[9.264,46.385],[9.263,46.392],[9.265,46.394],[9.259,46.399],[9.257,46.404],[9.269,46.405],[9.273,46.41],[9.273,46.413],[9.271,46.415],[9.26,46.416],[9.253,46.419],[9.254,46.422],[9.251,46.424],[9.254,46.427],[9.266,46.421],[9.276,46.421],[9.279,46.419],[9.277,46.412],[9.282,46.41],[9.282,46.403],[9.278,46.401],[9.278,46.39],[9.282,46.39],[9.285,46.387],[9.285,46.385],[9.281,46.383],[9.281,46.381],[9.278,46.379],[9.277,46.367],[9.281,46.365],[9.28,46.363],[9.287,46.358],[9.294,46.358],[9.297,46.356],[9.296,46.34],[9.294,46.338],[9.295,46.333],[9.299,46.331],[9.299,46.329],[9.297,46.326],[9.298,46.322],[9.288,46.315],[9.288,46.313],[9.285,46.311],[9.285,46.3],[9.283,46.297],[9.278,46.296],[9.271,46.291],[9.271,46.286],[9.261,46.28],[9.261,46.277],[9.257,46.271]]],[[[9.204,46.209],[9.201,46.206],[9.198,46.209],[9.198,46.211],[9.192,46.213],[9.183,46.22],[9.188,46.222],[9.192,46.22],[9.208,46.22],[9.206,46.222],[9.211,46.226],[9.211,46.229],[9.208,46.233],[9.203,46.236],[9.202,46.24],[9.212,46.246],[9.212,46.248],[9.21,46.249],[9.215,46.25],[9.221,46.247],[9.218,46.242],[9.226,46.24],[9.241,46.239],[9.247,46.244],[9.25,46.242],[9.25,46.239],[9.244,46.233],[9.234,46.233],[9.231,46.231],[9.224,46.231],[9.221,46.229],[9.22,46.215],[9.204,46.209]]],[[[9.233,46.282],[9.229,46.279],[9.226,46.281],[9.213,46.278],[9.21,46.281],[9.215,46.283],[9.216,46.286],[9.22,46.285],[9.218,46.289],[9.223,46.291],[9.226,46.289],[9.226,46.287],[9.229,46.289],[9.232,46.287],[9.233,46.282]]],[[[9.157,46.356],[9.16,46.358],[9.161,46.362],[9.157,46.369],[9.154,46.369],[9.149,46.374],[9.152,46.376],[9.154,46.38],[9.161,46.38],[9.161,46.384],[9.155,46.387],[9.145,46.387],[9.142,46.39],[9.142,46.392],[9.152,46.396],[9.162,46.396],[9.171,46.402],[9.175,46.401],[9.181,46.407],[9.184,46.405],[9.184,46.401],[9.188,46.402],[9.193,46.4],[9.194,46.398],[9.187,46.393],[9.2,46.391],[9.194,46.387],[9.181,46.387],[9.189,46.38],[9.187,46.376],[9.181,46.375],[9.18,46.373],[9.18,46.371],[9.183,46.371],[9.184,46.369],[9.184,46.364],[9.18,46.36],[9.173,46.36],[9.167,46.358],[9.167,46.355],[9.16,46.353],[9.16,46.349],[9.163,46.351],[9.169,46.344],[9.176,46.344],[9.178,46.342],[9.176,46.338],[9.163,46.338],[9.164,46.333],[9.162,46.321],[9.166,46.321],[9.168,46.319],[9.162,46.317],[9.153,46.317],[9.149,46.318],[9.142,46.324],[9.153,46.331],[9.153,46.333],[9.149,46.335],[9.155,46.338],[9.155,46.34],[9.153,46.34],[9.149,46.344],[9.151,46.349],[9.15,46.351],[9.157,46.356]]],[[[9.181,46.407],[9.175,46.412],[9.171,46.412],[9.162,46.408],[9.159,46.41],[9.155,46.41],[9.153,46.412],[9.154,46.416],[9.149,46.419],[9.143,46.426],[9.146,46.429],[9.157,46.43],[9.153,46.433],[9.146,46.433],[9.144,46.435],[9.16,46.439],[9.166,46.444],[9.17,46.444],[9.174,46.441],[9.173,46.438],[9.169,46.437],[9.169,46.435],[9.176,46.434],[9.177,46.432],[9.169,46.43],[9.172,46.425],[9.171,46.423],[9.172,46.422],[9.179,46.421],[9.188,46.423],[9.191,46.42],[9.191,46.418],[9.188,46.415],[9.191,46.417],[9.195,46.415],[9.198,46.417],[9.201,46.416],[9.201,46.413],[9.191,46.409],[9.187,46.409],[9.185,46.407],[9.181,46.407]]],[[[9.161,46.17],[9.154,46.168],[9.148,46.171],[9.143,46.176],[9.145,46.178],[9.151,46.176],[9.161,46.18],[9.171,46.18],[9.177,46.177],[9.184,46.179],[9.187,46.177],[9.187,46.175],[9.183,46.173],[9.18,46.169],[9.161,46.17]]],[[[9.187,46.177],[9.184,46.18],[9.187,46.185],[9.19,46.186],[9.193,46.184],[9.193,46.18],[9.187,46.177]]],[[[9.108,46.709],[9.1,46.708],[9.097,46.71],[9.093,46.71],[9.087,46.714],[9.087,46.716],[9.082,46.721],[9.084,46.726],[9.088,46.726],[9.088,46.721],[9.09,46.719],[9.097,46.719],[9.1,46.717],[9.103,46.72],[9.11,46.717],[9.111,46.721],[9.113,46.722],[9.116,46.72],[9.12,46.72],[9.121,46.718],[9.119,46.716],[9.116,46.714],[9.111,46.714],[9.108,46.709]]],[[[9.097,46.138],[9.102,46.14],[9.105,46.138],[9.11,46.138],[9.111,46.139],[9.115,46.136],[9.108,46.132],[9.101,46.131],[9.099,46.134],[9.1,46.136],[9.097,46.138]]],[[[9.102,46.14],[9.102,46.145],[9.094,46.152],[9.106,46.152],[9.107,46.143],[9.105,46.139],[9.102,46.14]]],[[[9.027,46.353],[9.024,46.358],[9.027,46.359],[9.033,46.354],[9.04,46.353],[9.068,46.357],[9.072,46.361],[9.071,46.364],[9.068,46.366],[9.073,46.369],[9.082,46.363],[9.089,46.363],[9.089,46.368],[9.086,46.37],[9.086,46.372],[9.089,46.374],[9.093,46.374],[9.098,46.37],[9.099,46.368],[9.095,46.366],[9.095,46.361],[9.099,46.363],[9.101,46.361],[9.101,46.354],[9.095,46.349],[9.085,46.348],[9.084,46.336],[9.078,46.332],[9.082,46.332],[9.084,46.33],[9.084,46.327],[9.088,46.327],[9.093,46.323],[9.091,46.319],[9.078,46.312],[9.077,46.302],[9.081,46.298],[9.08,46.296],[9.077,46.294],[9.07,46.296],[9.065,46.294],[9.064,46.287],[9.061,46.283],[9.057,46.285],[9.051,46.292],[9.045,46.294],[9.043,46.297],[9.043,46.299],[9.045,46.3],[9.045,46.306],[9.043,46.308],[9.044,46.31],[9.048,46.311],[9.052,46.309],[9.055,46.312],[9.059,46.312],[9.06,46.314],[9.065,46.316],[9.066,46.321],[9.065,46.322],[9.055,46.324],[9.051,46.328],[9.054,46.335],[9.062,46.335],[9.056,46.341],[9.056,46.344],[9.036,46.342],[9.017,46.346],[9.01,46.342],[9.008,46.344],[9.008,46.347],[9.006,46.349],[9.007,46.35],[9.014,46.353],[9.027,46.353]]],[[[9.061,46.283],[9.064,46.28],[9.07,46.278],[9.068,46.276],[9.073,46.269],[9.07,46.268],[9.063,46.27],[9.058,46.278],[9.058,46.281],[9.061,46.283]]],[[[9.083,47.244],[9.093,47.241],[9.09,47.238],[9.08,47.236],[9.079,47.238],[9.081,47.243],[9.083,47.244]]],[[[9.093,47.241],[9.096,47.242],[9.1,47.24],[9.096,47.238],[9.093,47.241]]],[[[9.082,46.124],[9.078,46.121],[9.073,46.125],[9.075,46.127],[9.088,46.128],[9.095,46.131],[9.097,46.129],[9.088,46.126],[9.085,46.123],[9.082,46.124]]],[[[9.053,46.4],[9.048,46.396],[9.025,46.401],[9.024,46.405],[9.033,46.405],[9.037,46.402],[9.053,46.4]]],[[[9.029,46.362],[9.021,46.356],[9.02,46.358],[9.017,46.358],[9.014,46.361],[9.009,46.362],[9.011,46.364],[9.018,46.365],[9.029,46.362]]],[[[8.985,46.509],[8.981,46.509],[8.977,46.516],[8.974,46.518],[8.974,46.52],[8.971,46.522],[8.973,46.525],[8.98,46.524],[8.988,46.52],[8.986,46.519],[8.986,46.516],[8.989,46.513],[8.985,46.509]]],[[[8.96,47.157],[8.958,47.155],[8.957,47.157],[8.96,47.157]]],[[[8.895,46.233],[8.897,46.236],[8.9,46.233],[8.895,46.233]]],[[[8.897,46.236],[8.894,46.234],[8.882,46.245],[8.878,46.243],[8.873,46.247],[8.878,46.249],[8.881,46.248],[8.885,46.249],[8.891,46.252],[8.901,46.248],[8.914,46.247],[8.918,46.251],[8.918,46.253],[8.911,46.258],[8.911,46.26],[8.917,46.264],[8.921,46.263],[8.924,46.264],[8.93,46.258],[8.927,46.256],[8.927,46.251],[8.923,46.249],[8.923,46.244],[8.925,46.242],[8.939,46.241],[8.942,46.239],[8.942,46.234],[8.949,46.234],[8.955,46.23],[8.955,46.228],[8.952,46.226],[8.942,46.226],[8.939,46.224],[8.936,46.226],[8.936,46.228],[8.929,46.232],[8.928,46.228],[8.926,46.227],[8.924,46.228],[8.925,46.233],[8.917,46.238],[8.917,46.235],[8.91,46.232],[8.907,46.234],[8.9,46.234],[8.897,46.236]]],[[[8.861,46.326],[8.877,46.326],[8.877,46.322],[8.883,46.323],[8.886,46.321],[8.884,46.317],[8.889,46.314],[8.893,46.316],[8.897,46.314],[8.897,46.319],[8.899,46.321],[8.903,46.321],[8.906,46.323],[8.909,46.321],[8.902,46.315],[8.902,46.312],[8.909,46.31],[8.912,46.311],[8.918,46.305],[8.922,46.306],[8.93,46.303],[8.928,46.301],[8.909,46.298],[8.905,46.294],[8.903,46.296],[8.904,46.303],[8.902,46.305],[8.892,46.305],[8.883,46.302],[8.879,46.303],[8.879,46.301],[8.873,46.297],[8.87,46.297],[8.868,46.299],[8.871,46.303],[8.871,46.308],[8.874,46.31],[8.874,46.312],[8.873,46.317],[8.87,46.318],[8.857,46.317],[8.85,46.313],[8.847,46.309],[8.837,46.307],[8.833,46.311],[8.834,46.313],[8.832,46.315],[8.835,46.32],[8.835,46.324],[8.832,46.326],[8.831,46.329],[8.828,46.329],[8.826,46.333],[8.832,46.334],[8.834,46.338],[8.848,46.337],[8.848,46.34],[8.851,46.343],[8.855,46.343],[8.855,46.349],[8.842,46.358],[8.836,46.36],[8.829,46.36],[8.826,46.358],[8.823,46.36],[8.826,46.362],[8.822,46.36],[8.817,46.365],[8.823,46.367],[8.826,46.371],[8.823,46.374],[8.817,46.376],[8.817,46.384],[8.814,46.387],[8.815,46.39],[8.82,46.389],[8.822,46.387],[8.83,46.389],[8.836,46.387],[8.837,46.389],[8.84,46.39],[8.849,46.389],[8.843,46.383],[8.839,46.383],[8.835,46.38],[8.832,46.376],[8.835,46.374],[8.836,46.371],[8.839,46.374],[8.841,46.371],[8.855,46.372],[8.861,46.369],[8.855,46.364],[8.855,46.36],[8.852,46.358],[8.854,46.355],[8.865,46.359],[8.871,46.359],[8.874,46.357],[8.871,46.356],[8.87,46.353],[8.864,46.351],[8.864,46.346],[8.861,46.344],[8.861,46.339],[8.855,46.335],[8.854,46.331],[8.857,46.327],[8.861,46.326]]],[[[8.877,46.326],[8.876,46.328],[8.878,46.328],[8.877,46.326]]],[[[8.914,46.265],[8.911,46.262],[8.905,46.267],[8.907,46.271],[8.905,46.274],[8.891,46.272],[8.888,46.27],[8.881,46.274],[8.889,46.276],[8.889,46.278],[8.892,46.281],[8.902,46.285],[8.91,46.28],[8.921,46.278],[8.92,46.276],[8.922,46.273],[8.914,46.269],[8.914,46.265]]],[[[8.898,46.44],[8.896,46.435],[8.894,46.438],[8.875,46.452],[8.877,46.454],[8.88,46.453],[8.888,46.447],[8.89,46.447],[8.898,46.44]]],[[[8.881,46.643],[8.877,46.643],[8.877,46.645],[8.867,46.652],[8.869,46.654],[8.867,46.659],[8.869,46.66],[8.876,46.655],[8.885,46.652],[8.882,46.651],[8.881,46.643]]],[[[8.816,47.141],[8.811,47.141],[8.813,47.146],[8.816,47.145],[8.815,47.143],[8.816,47.141]]],[[[8.816,47.145],[8.814,47.148],[8.814,47.152],[8.817,47.156],[8.822,47.156],[8.823,47.159],[8.827,47.159],[8.833,47.156],[8.836,47.157],[8.842,47.154],[8.84,47.152],[8.835,47.152],[8.837,47.149],[8.836,47.148],[8.826,47.15],[8.826,47.152],[8.823,47.15],[8.82,47.151],[8.818,47.15],[8.818,47.147],[8.816,47.145]]],[[[8.831,46.297],[8.824,46.295],[8.822,46.297],[8.822,46.308],[8.824,46.31],[8.828,46.31],[8.834,46.306],[8.831,46.304],[8.827,46.304],[8.832,46.299],[8.831,46.297]]],[[[8.793,46.248],[8.784,46.244],[8.775,46.248],[8.778,46.25],[8.786,46.25],[8.792,46.255],[8.798,46.257],[8.793,46.248]]],[[[8.767,46.278],[8.759,46.278],[8.756,46.281],[8.752,46.281],[8.748,46.285],[8.75,46.287],[8.744,46.291],[8.746,46.293],[8.756,46.293],[8.759,46.295],[8.762,46.293],[8.757,46.287],[8.758,46.284],[8.769,46.284],[8.772,46.282],[8.767,46.278]]],[[[8.72,46.37],[8.725,46.373],[8.727,46.37],[8.721,46.366],[8.721,46.364],[8.728,46.36],[8.733,46.359],[8.728,46.355],[8.721,46.355],[8.722,46.351],[8.731,46.351],[8.741,46.344],[8.751,46.346],[8.753,46.343],[8.749,46.341],[8.75,46.337],[8.754,46.338],[8.756,46.336],[8.767,46.337],[8.77,46.336],[8.772,46.334],[8.769,46.329],[8.763,46.326],[8.747,46.328],[8.742,46.332],[8.734,46.332],[8.732,46.334],[8.728,46.334],[8.724,46.331],[8.718,46.331],[8.716,46.332],[8.722,46.334],[8.722,46.337],[8.716,46.343],[8.715,46.346],[8.708,46.348],[8.692,46.346],[8.683,46.356],[8.68,46.357],[8.689,46.361],[8.692,46.359],[8.692,46.357],[8.696,46.359],[8.697,46.366],[8.702,46.371],[8.715,46.369],[8.72,46.37]]],[[[8.737,46.298],[8.733,46.296],[8.727,46.303],[8.715,46.31],[8.708,46.311],[8.695,46.308],[8.692,46.31],[8.693,46.317],[8.701,46.318],[8.709,46.314],[8.721,46.313],[8.722,46.31],[8.733,46.306],[8.736,46.303],[8.737,46.298]]],[[[8.694,46.321],[8.688,46.317],[8.682,46.321],[8.677,46.321],[8.673,46.324],[8.67,46.324],[8.671,46.321],[8.669,46.318],[8.666,46.32],[8.656,46.321],[8.654,46.322],[8.656,46.326],[8.654,46.328],[8.659,46.331],[8.669,46.329],[8.672,46.33],[8.673,46.335],[8.67,46.337],[8.673,46.339],[8.679,46.337],[8.689,46.34],[8.693,46.337],[8.689,46.333],[8.685,46.332],[8.689,46.331],[8.692,46.326],[8.694,46.321]]],[[[8.657,46.117],[8.653,46.117],[8.649,46.122],[8.632,46.122],[8.628,46.124],[8.626,46.122],[8.62,46.124],[8.62,46.126],[8.622,46.128],[8.648,46.128],[8.655,46.125],[8.663,46.124],[8.657,46.117]]],[[[8.637,46.769],[8.633,46.768],[8.632,46.772],[8.633,46.773],[8.637,46.772],[8.637,46.769]]],[[[8.637,46.772],[8.64,46.774],[8.642,46.772],[8.637,46.772]]],[[[8.64,46.774],[8.643,46.778],[8.65,46.782],[8.651,46.778],[8.643,46.772],[8.64,46.774]]],[[[8.629,46.254],[8.625,46.258],[8.624,46.254],[8.622,46.253],[8.616,46.257],[8.603,46.257],[8.599,46.254],[8.596,46.26],[8.593,46.26],[8.59,46.263],[8.583,46.262],[8.581,46.264],[8.583,46.266],[8.587,46.265],[8.596,46.267],[8.603,46.266],[8.606,46.264],[8.609,46.265],[8.612,46.263],[8.625,46.264],[8.628,46.261],[8.632,46.261],[8.635,46.259],[8.635,46.257],[8.629,46.254]]],[[[8.566,47.074],[8.568,47.076],[8.561,47.074],[8.556,47.076],[8.555,47.079],[8.551,47.076],[8.55,47.078],[8.55,47.081],[8.555,47.085],[8.567,47.089],[8.561,47.092],[8.563,47.094],[8.568,47.094],[8.573,47.089],[8.579,47.089],[8.579,47.092],[8.581,47.093],[8.591,47.093],[8.594,47.095],[8.598,47.095],[8.601,47.093],[8.603,47.094],[8.609,47.098],[8.601,47.098],[8.6,47.1],[8.602,47.103],[8.608,47.106],[8.611,47.107],[8.617,47.102],[8.617,47.1],[8.613,47.098],[8.617,47.096],[8.617,47.091],[8.607,47.085],[8.612,47.085],[8.611,47.082],[8.607,47.081],[8.604,47.078],[8.604,47.076],[8.59,47.076],[8.591,47.073],[8.587,47.072],[8.584,47.074],[8.574,47.07],[8.566,47.071],[8.566,47.074]],[[8.568,47.076],[8.571,47.075],[8.571,47.077],[8.568,47.076]],[[8.607,47.085],[8.601,47.087],[8.604,47.084],[8.607,47.085]]],[[[8.551,46.219],[8.548,46.219],[8.544,46.222],[8.53,46.217],[8.521,46.221],[8.518,46.22],[8.508,46.222],[8.505,46.225],[8.501,46.225],[8.486,46.231],[8.469,46.231],[8.463,46.238],[8.463,46.245],[8.444,46.247],[8.441,46.249],[8.441,46.256],[8.444,46.258],[8.444,46.261],[8.451,46.265],[8.451,46.267],[8.455,46.27],[8.457,46.271],[8.46,46.269],[8.459,46.272],[8.46,46.273],[8.472,46.272],[8.472,46.269],[8.468,46.267],[8.469,46.265],[8.46,46.259],[8.46,46.256],[8.463,46.254],[8.473,46.258],[8.484,46.256],[8.486,46.258],[8.493,46.26],[8.49,46.263],[8.49,46.265],[8.493,46.267],[8.496,46.264],[8.499,46.264],[8.499,46.267],[8.495,46.274],[8.499,46.276],[8.502,46.274],[8.502,46.271],[8.506,46.27],[8.519,46.27],[8.525,46.273],[8.527,46.271],[8.535,46.27],[8.538,46.272],[8.548,46.271],[8.554,46.275],[8.561,46.275],[8.564,46.273],[8.569,46.275],[8.565,46.278],[8.558,46.279],[8.554,46.282],[8.558,46.283],[8.561,46.286],[8.567,46.283],[8.574,46.284],[8.577,46.281],[8.587,46.281],[8.587,46.279],[8.58,46.275],[8.571,46.273],[8.578,46.266],[8.574,46.264],[8.57,46.267],[8.566,46.264],[8.565,46.262],[8.568,46.255],[8.572,46.253],[8.567,46.251],[8.56,46.251],[8.547,46.254],[8.534,46.254],[8.529,46.258],[8.523,46.258],[8.524,46.255],[8.522,46.253],[8.512,46.256],[8.509,46.254],[8.505,46.254],[8.507,46.251],[8.502,46.25],[8.489,46.253],[8.488,46.251],[8.478,46.247],[8.485,46.238],[8.495,46.238],[8.515,46.23],[8.524,46.231],[8.526,46.228],[8.544,46.226],[8.543,46.228],[8.547,46.23],[8.551,46.226],[8.551,46.219]]],[[[8.504,47.038],[8.518,47.037],[8.521,47.033],[8.524,47.034],[8.527,47.031],[8.526,47.029],[8.531,47.031],[8.534,47.027],[8.537,47.029],[8.557,47.025],[8.563,47.02],[8.559,47.018],[8.56,47.016],[8.563,47.015],[8.561,47.018],[8.563,47.019],[8.57,47.019],[8.58,47.017],[8.577,47.015],[8.582,47.013],[8.576,47.01],[8.57,47.011],[8.566,47.007],[8.55,47.003],[8.549,47.006],[8.552,47.009],[8.547,47.009],[8.543,47.011],[8.547,47.013],[8.548,47.018],[8.537,47.015],[8.534,47.016],[8.527,47.013],[8.52,47.017],[8.517,47.017],[8.514,47.014],[8.509,47.016],[8.506,47.02],[8.501,47.02],[8.494,47.024],[8.488,47.032],[8.481,47.034],[8.479,47.039],[8.472,47.038],[8.468,47.039],[8.458,47.043],[8.455,47.046],[8.457,47.05],[8.466,47.052],[8.472,47.058],[8.479,47.059],[8.482,47.062],[8.488,47.062],[8.5,47.056],[8.5,47.054],[8.51,47.043],[8.506,47.041],[8.504,47.038]],[[8.495,47.038],[8.504,47.038],[8.498,47.039],[8.495,47.038]]],[[[8.507,46.305],[8.497,46.303],[8.485,46.31],[8.497,46.313],[8.506,46.311],[8.51,46.313],[8.512,46.312],[8.507,46.305]]],[[[8.363,46.822],[8.359,46.824],[8.363,46.825],[8.366,46.824],[8.363,46.822]]],[[[8.042,46.912],[8.046,46.911],[8.042,46.91],[8.042,46.912]]],[[[8.046,46.911],[8.043,46.918],[8.049,46.92],[8.056,46.926],[8.059,46.922],[8.062,46.925],[8.066,46.922],[8.075,46.929],[8.089,46.928],[8.092,46.927],[8.092,46.924],[8.087,46.922],[8.082,46.916],[8.095,46.921],[8.102,46.92],[8.112,46.922],[8.114,46.92],[8.113,46.918],[8.105,46.916],[8.1,46.913],[8.105,46.909],[8.104,46.906],[8.105,46.904],[8.108,46.904],[8.108,46.906],[8.111,46.909],[8.115,46.901],[8.116,46.904],[8.12,46.906],[8.121,46.911],[8.125,46.914],[8.128,46.913],[8.124,46.909],[8.123,46.904],[8.12,46.902],[8.121,46.9],[8.124,46.903],[8.134,46.902],[8.136,46.899],[8.138,46.899],[8.147,46.903],[8.154,46.902],[8.156,46.899],[8.141,46.895],[8.134,46.896],[8.124,46.894],[8.121,46.892],[8.108,46.889],[8.107,46.888],[8.109,46.886],[8.108,46.884],[8.111,46.882],[8.115,46.882],[8.121,46.879],[8.124,46.882],[8.127,46.882],[8.131,46.88],[8.131,46.877],[8.127,46.875],[8.126,46.87],[8.117,46.868],[8.111,46.864],[8.107,46.864],[8.104,46.861],[8.098,46.859],[8.094,46.862],[8.088,46.862],[8.085,46.864],[8.088,46.866],[8.088,46.868],[8.081,46.871],[8.078,46.867],[8.069,46.868],[8.072,46.871],[8.072,46.873],[8.078,46.877],[8.072,46.885],[8.062,46.884],[8.063,46.882],[8.062,46.881],[8.055,46.879],[8.054,46.889],[8.049,46.891],[8.049,46.893],[8.042,46.891],[8.039,46.887],[8.036,46.887],[8.034,46.889],[8.039,46.893],[8.042,46.9],[8.046,46.902],[8.042,46.905],[8.046,46.907],[8.049,46.911],[8.046,46.911]]],[[[8.128,46.913],[8.126,46.915],[8.132,46.924],[8.138,46.926],[8.141,46.924],[8.144,46.926],[8.141,46.929],[8.146,46.933],[8.145,46.935],[8.148,46.938],[8.148,46.942],[8.146,46.944],[8.151,46.947],[8.145,46.947],[8.142,46.949],[8.149,46.951],[8.155,46.956],[8.148,46.956],[8.145,46.959],[8.14,46.96],[8.142,46.965],[8.145,46.967],[8.15,46.967],[8.155,46.974],[8.175,46.98],[8.178,46.978],[8.18,46.982],[8.178,46.985],[8.185,46.986],[8.191,46.99],[8.199,46.991],[8.198,46.994],[8.201,46.995],[8.208,46.993],[8.214,46.997],[8.215,46.993],[8.211,46.991],[8.21,46.984],[8.208,46.982],[8.204,46.982],[8.204,46.978],[8.211,46.975],[8.224,46.98],[8.234,46.981],[8.236,46.982],[8.236,46.984],[8.233,46.987],[8.234,46.989],[8.244,46.986],[8.241,46.989],[8.244,46.99],[8.247,46.989],[8.25,46.993],[8.254,46.992],[8.257,46.993],[8.259,46.991],[8.257,46.989],[8.26,46.99],[8.262,46.989],[8.26,46.986],[8.263,46.986],[8.267,46.982],[8.271,46.982],[8.273,46.98],[8.267,46.973],[8.269,46.971],[8.26,46.962],[8.255,46.962],[8.251,46.959],[8.247,46.958],[8.241,46.962],[8.237,46.962],[8.237,46.957],[8.233,46.955],[8.227,46.956],[8.224,46.955],[8.224,46.96],[8.22,46.959],[8.211,46.962],[8.204,46.96],[8.194,46.96],[8.197,46.958],[8.197,46.955],[8.191,46.951],[8.201,46.951],[8.204,46.953],[8.205,46.951],[8.202,46.946],[8.209,46.942],[8.207,46.94],[8.197,46.937],[8.194,46.932],[8.19,46.932],[8.187,46.935],[8.184,46.935],[8.184,46.933],[8.177,46.93],[8.174,46.927],[8.171,46.929],[8.167,46.927],[8.164,46.929],[8.164,46.926],[8.157,46.923],[8.151,46.924],[8.147,46.92],[8.148,46.917],[8.161,46.916],[8.164,46.92],[8.162,46.922],[8.167,46.923],[8.171,46.92],[8.172,46.917],[8.177,46.917],[8.18,46.915],[8.2,46.917],[8.202,46.915],[8.2,46.912],[8.17,46.906],[8.172,46.904],[8.164,46.899],[8.162,46.902],[8.164,46.906],[8.157,46.904],[8.157,46.908],[8.154,46.908],[8.151,46.914],[8.131,46.915],[8.128,46.913]]],[[[8.171,46.92],[8.174,46.92],[8.175,46.919],[8.174,46.918],[8.171,46.92]]],[[[8.2,46.917],[8.203,46.92],[8.207,46.919],[8.203,46.916],[8.2,46.917]]],[[[8.207,46.919],[8.21,46.923],[8.213,46.921],[8.207,46.919]]],[[[7.923,46.733],[7.913,46.73],[7.906,46.734],[7.906,46.741],[7.9,46.743],[7.897,46.741],[7.893,46.743],[7.893,46.746],[7.887,46.748],[7.887,46.746],[7.884,46.745],[7.877,46.748],[7.877,46.75],[7.872,46.752],[7.872,46.755],[7.878,46.761],[7.876,46.764],[7.884,46.77],[7.87,46.773],[7.864,46.769],[7.858,46.77],[7.851,46.775],[7.853,46.779],[7.851,46.782],[7.854,46.784],[7.858,46.784],[7.864,46.791],[7.871,46.79],[7.877,46.793],[7.894,46.792],[7.9,46.795],[7.909,46.793],[7.923,46.796],[7.936,46.795],[7.926,46.79],[7.923,46.786],[7.925,46.784],[7.91,46.778],[7.907,46.775],[7.9,46.772],[7.899,46.768],[7.907,46.768],[7.912,46.77],[7.913,46.772],[7.916,46.77],[7.92,46.77],[7.925,46.772],[7.926,46.774],[7.93,46.772],[7.933,46.777],[7.935,46.775],[7.935,46.77],[7.933,46.767],[7.926,46.763],[7.923,46.764],[7.916,46.763],[7.913,46.761],[7.907,46.761],[7.903,46.759],[7.9,46.761],[7.897,46.759],[7.9,46.759],[7.902,46.757],[7.9,46.755],[7.903,46.754],[7.916,46.756],[7.92,46.758],[7.923,46.757],[7.924,46.754],[7.923,46.752],[7.933,46.752],[7.936,46.754],[7.936,46.757],[7.943,46.758],[7.949,46.763],[7.956,46.763],[7.952,46.766],[7.954,46.768],[7.949,46.772],[7.954,46.779],[7.954,46.784],[7.956,46.786],[7.962,46.785],[7.966,46.786],[7.969,46.79],[7.966,46.789],[7.963,46.792],[7.963,46.795],[7.969,46.797],[7.972,46.795],[7.972,46.792],[7.979,46.791],[7.982,46.792],[7.983,46.795],[7.979,46.799],[7.979,46.801],[7.982,46.802],[7.992,46.802],[7.999,46.797],[8.0,46.801],[8.008,46.803],[8.009,46.806],[8.012,46.808],[8.018,46.81],[8.022,46.809],[8.025,46.811],[8.028,46.807],[8.035,46.812],[8.038,46.81],[8.036,46.808],[8.041,46.808],[8.043,46.806],[8.038,46.801],[8.044,46.8],[8.054,46.803],[8.088,46.803],[8.092,46.808],[8.097,46.81],[8.09,46.811],[8.084,46.818],[8.077,46.814],[8.071,46.818],[8.064,46.818],[8.058,46.823],[8.058,46.826],[8.055,46.83],[8.048,46.833],[8.048,46.835],[8.042,46.834],[8.035,46.837],[8.032,46.834],[8.028,46.835],[8.029,46.839],[8.027,46.844],[8.032,46.844],[8.035,46.846],[8.035,46.851],[8.048,46.859],[8.051,46.857],[8.045,46.853],[8.052,46.852],[8.053,46.85],[8.051,46.848],[8.052,46.846],[8.055,46.845],[8.058,46.841],[8.061,46.844],[8.065,46.844],[8.065,46.846],[8.068,46.848],[8.068,46.862],[8.071,46.866],[8.075,46.864],[8.075,46.862],[8.078,46.859],[8.084,46.857],[8.084,46.855],[8.088,46.853],[8.078,46.848],[8.084,46.848],[8.089,46.844],[8.088,46.841],[8.084,46.841],[8.084,46.837],[8.076,46.83],[8.078,46.828],[8.083,46.826],[8.087,46.82],[8.097,46.824],[8.099969696969696,46.823151515151515],[8.099,46.828],[8.101,46.829],[8.109,46.825],[8.107,46.823],[8.11,46.821],[8.11,46.819],[8.114,46.819],[8.117,46.821],[8.123,46.819],[8.118,46.816],[8.115,46.812],[8.122,46.81],[8.126,46.805],[8.13,46.806],[8.138,46.803],[8.136,46.8],[8.128,46.796],[8.128,46.792],[8.123,46.786],[8.11,46.783],[8.109,46.78],[8.115,46.778],[8.116,46.776],[8.117,46.771],[8.116,46.77],[8.1,46.773],[8.087,46.782],[8.064,46.782],[8.048,46.778],[8.039,46.779],[8.025,46.775],[8.015,46.776],[8.011,46.773],[7.998,46.772],[7.979,46.765],[7.975,46.765],[7.962,46.756],[7.956,46.757],[7.947,46.752],[7.946,46.748],[7.936,46.748],[7.933,46.745],[7.934,46.741],[7.933,46.74],[7.929,46.741],[7.926,46.739],[7.926,46.736],[7.923,46.733]],[[8.107,46.823],[8.100499999999998,46.823],[8.104,46.822],[8.107,46.823]]],[[[8.097,46.938],[8.101428571428569,46.938],[8.1,46.94],[8.109,46.945],[8.112,46.943],[8.122,46.944],[8.127,46.942],[8.105,46.933],[8.101612903225805,46.93774193548387],[8.099,46.936],[8.097,46.938]]],[[[8.105,46.933],[8.102,46.93],[8.097,46.931],[8.102,46.935],[8.105,46.933]]],[[[8.115,46.18],[8.109,46.178],[8.099,46.182],[8.098,46.185],[8.119,46.191],[8.122,46.19],[8.123,46.189],[8.115,46.18]]],[[[7.933,46.835],[7.937,46.833],[7.93,46.833],[7.933,46.835]]],[[[7.937,46.833],[7.943,46.835],[7.943,46.84],[7.947,46.842],[7.953,46.842],[7.955,46.849],[7.957,46.851],[7.96,46.851],[7.963,46.854],[7.966,46.852],[7.97,46.853],[7.976,46.858],[7.98,46.858],[7.981,46.862],[7.976,46.867],[7.976,46.871],[7.98,46.873],[7.983,46.871],[7.988,46.871],[7.985,46.867],[7.986,46.864],[7.993,46.862],[8.004,46.862],[8.001,46.853],[7.999,46.851],[7.996,46.851],[7.999,46.846],[7.993,46.842],[7.989,46.842],[7.986,46.84],[7.985,46.837],[7.986,46.835],[7.984,46.831],[7.986,46.829],[7.992,46.834],[7.999,46.833],[7.996,46.829],[7.992,46.828],[7.987,46.824],[7.989,46.822],[7.992,46.822],[7.991,46.819],[7.987,46.817],[7.989,46.815],[7.982,46.813],[7.979,46.815],[7.973,46.81],[7.963,46.809],[7.956,46.811],[7.953,46.809],[7.941,46.815],[7.94,46.818],[7.927,46.826],[7.933,46.827],[7.937,46.831],[7.937,46.833]]],[[[7.971,46.876],[7.97,46.873],[7.967,46.873],[7.966,46.876],[7.96,46.878],[7.961,46.88],[7.96,46.882],[7.975,46.889],[7.97,46.891],[7.963,46.891],[7.966,46.896],[7.977,46.906],[7.983,46.905],[7.983,46.903],[7.98,46.9],[7.986,46.894],[7.978,46.891],[7.983,46.888],[7.99,46.891],[7.995,46.889],[7.995,46.887],[7.991,46.885],[7.99,46.882],[7.983,46.881],[7.981,46.882],[7.982,46.885],[7.98,46.886],[7.978,46.885],[7.981,46.88],[7.98,46.878],[7.976,46.876],[7.973,46.878],[7.973,46.88],[7.97,46.88],[7.971,46.876]]],[[[7.759,46.726],[7.757,46.728],[7.762,46.737],[7.753,46.739],[7.759,46.745],[7.763,46.746],[7.766,46.744],[7.764,46.748],[7.766,46.749],[7.776,46.748],[7.781,46.753],[7.777,46.757],[7.779,46.765],[7.783,46.762],[7.784,46.759],[7.792,46.759],[7.797,46.762],[7.789,46.766],[7.792,46.773],[7.799,46.775],[7.802,46.773],[7.8,46.768],[7.804,46.762],[7.805,46.757],[7.808,46.759],[7.812,46.759],[7.818,46.764],[7.831,46.771],[7.844,46.763],[7.849,46.757],[7.848,46.755],[7.844,46.754],[7.834,46.746],[7.838,46.746],[7.839,46.743],[7.831,46.737],[7.838,46.739],[7.841,46.737],[7.841,46.734],[7.831,46.731],[7.828,46.732],[7.823,46.728],[7.825,46.726],[7.825,46.722],[7.821,46.721],[7.818,46.723],[7.808,46.717],[7.802,46.71],[7.795,46.711],[7.788,46.709],[7.785,46.704],[7.779,46.708],[7.772,46.708],[7.769,46.71],[7.782,46.719],[7.784,46.719],[7.782,46.721],[7.789,46.726],[7.785,46.728],[7.782,46.726],[7.779,46.728],[7.782,46.73],[7.775,46.728],[7.772,46.73],[7.759,46.726]],[[7.789,46.726],[7.792,46.726],[7.792,46.728],[7.789,46.726]]],[[[7.755,46.726],[7.759,46.726],[7.756,46.724],[7.755,46.726]]],[[[7.789,46.766],[7.79,46.764],[7.789,46.763],[7.789,46.766]]],[[[7.808,46.766],[7.802,46.766],[7.805,46.771],[7.809,46.773],[7.81,46.771],[7.808,46.766]]],[[[7.779,46.703],[7.782,46.705],[7.784,46.703],[7.782,46.701],[7.779,46.703]]],[[[7.33,46.607],[7.324,46.604],[7.317,46.605],[7.318,46.611],[7.321,46.614],[7.321,46.62],[7.318,46.623],[7.311,46.624],[7.31,46.625],[7.312,46.627],[7.308,46.631],[7.306,46.629],[7.303,46.629],[7.302,46.631],[7.293,46.627],[7.292,46.625],[7.285,46.625],[7.282,46.627],[7.281,46.632],[7.279,46.633],[7.275,46.632],[7.277,46.629],[7.274,46.625],[7.272,46.623],[7.268,46.623],[7.262,46.617],[7.253,46.616],[7.246,46.618],[7.246,46.616],[7.236,46.611],[7.23,46.612],[7.223,46.611],[7.227,46.616],[7.225,46.618],[7.228,46.62],[7.226,46.623],[7.22,46.625],[7.223,46.627],[7.23,46.625],[7.228,46.627],[7.23,46.629],[7.236,46.627],[7.234,46.629],[7.236,46.634],[7.236,46.641],[7.239,46.645],[7.246,46.648],[7.249,46.647],[7.259,46.651],[7.262,46.65],[7.259,46.645],[7.249,46.641],[7.253,46.639],[7.272,46.644],[7.285,46.641],[7.282,46.638],[7.285,46.638],[7.288,46.641],[7.292,46.641],[7.292,46.643],[7.295,46.644],[7.295,46.647],[7.298,46.649],[7.305,46.65],[7.308,46.652],[7.309,46.659],[7.315,46.665],[7.317,46.663],[7.316,46.661],[7.321,46.661],[7.324,46.659],[7.328,46.661],[7.337,46.662],[7.341,46.66],[7.344,46.663],[7.347,46.661],[7.347,46.663],[7.354,46.665],[7.359,46.663],[7.359,46.661],[7.368,46.663],[7.37,46.665],[7.365,46.672],[7.368,46.674],[7.367,46.681],[7.37,46.682],[7.376,46.679],[7.385,46.679],[7.393,46.683],[7.396,46.681],[7.396,46.683],[7.393,46.686],[7.396,46.688],[7.394,46.69],[7.396,46.695],[7.399,46.695],[7.399,46.699],[7.403,46.7],[7.403,46.704],[7.409,46.708],[7.416,46.708],[7.419,46.705],[7.421,46.706],[7.422,46.71],[7.426,46.71],[7.426,46.715],[7.429,46.717],[7.435,46.715],[7.435,46.71],[7.439,46.71],[7.446,46.715],[7.446,46.719],[7.448,46.721],[7.45,46.719],[7.455,46.719],[7.465,46.715],[7.471,46.719],[7.474,46.715],[7.475,46.71],[7.486,46.71],[7.484,46.713],[7.488,46.716],[7.493,46.713],[7.494,46.71],[7.496,46.71],[7.499,46.713],[7.502,46.713],[7.505,46.71],[7.511,46.71],[7.513,46.708],[7.517,46.708],[7.52,46.706],[7.527,46.708],[7.533,46.706],[7.538,46.701],[7.536,46.699],[7.538,46.697],[7.546,46.697],[7.55,46.695],[7.56,46.693],[7.563,46.694],[7.567,46.692],[7.566,46.69],[7.56,46.69],[7.556,46.688],[7.557,46.686],[7.553,46.684],[7.551,46.686],[7.546,46.686],[7.54,46.69],[7.533,46.689],[7.53,46.686],[7.53,46.683],[7.527,46.681],[7.511,46.682],[7.507,46.681],[7.505,46.683],[7.506,46.686],[7.502,46.69],[7.507,46.693],[7.511,46.693],[7.517,46.69],[7.517,46.688],[7.52,46.688],[7.52,46.692],[7.527,46.697],[7.517,46.703],[7.504,46.704],[7.497,46.702],[7.484,46.703],[7.481,46.701],[7.475,46.701],[7.471,46.703],[7.465,46.699],[7.462,46.699],[7.465,46.695],[7.462,46.692],[7.463,46.69],[7.468,46.688],[7.462,46.686],[7.458,46.686],[7.455,46.688],[7.455,46.691],[7.448,46.694],[7.435,46.693],[7.429,46.691],[7.426,46.688],[7.432,46.69],[7.442,46.683],[7.429,46.674],[7.424,46.674],[7.422,46.671],[7.409,46.669],[7.393,46.663],[7.383,46.663],[7.373,46.653],[7.362,46.65],[7.357,46.646],[7.357,46.642],[7.36,46.645],[7.364,46.646],[7.368,46.643],[7.364,46.636],[7.341,46.64],[7.34,46.634],[7.334,46.632],[7.328,46.623],[7.334,46.625],[7.335,46.623],[7.333,46.618],[7.334,46.616],[7.337,46.616],[7.339,46.614],[7.334,46.613],[7.33,46.609],[7.33,46.607]]],[[[7.507,46.574],[7.512,46.571],[7.51,46.57],[7.504,46.573],[7.507,46.574]]],[[[7.375,46.683],[7.373,46.681],[7.372,46.683],[7.373,46.686],[7.375,46.683]]],[[[7.11,46.487],[7.103,46.479],[7.097,46.483],[7.09,46.492],[7.09,46.494],[7.093,46.496],[7.098,46.494],[7.092,46.501],[7.095,46.503],[7.093,46.505],[7.097,46.508],[7.1,46.505],[7.106,46.508],[7.11,46.505],[7.113,46.508],[7.116,46.505],[7.116,46.51],[7.123,46.512],[7.121,46.514],[7.123,46.517],[7.126,46.517],[7.123,46.519],[7.129,46.521],[7.124,46.526],[7.132,46.532],[7.129,46.535],[7.131,46.539],[7.129,46.541],[7.126,46.541],[7.124,46.544],[7.126,46.546],[7.132,46.544],[7.136,46.546],[7.142,46.546],[7.142,46.548],[7.145,46.55],[7.156,46.55],[7.157,46.553],[7.16,46.555],[7.158,46.559],[7.165,46.565],[7.171,46.574],[7.176,46.571],[7.173,46.568],[7.175,46.564],[7.171,46.562],[7.171,46.559],[7.178,46.564],[7.181,46.562],[7.188,46.563],[7.191,46.562],[7.195,46.557],[7.194,46.553],[7.199,46.555],[7.201,46.557],[7.201,46.56],[7.204,46.562],[7.207,46.563],[7.209,46.562],[7.207,46.56],[7.21,46.558],[7.213,46.56],[7.214,46.562],[7.206,46.566],[7.207,46.578],[7.214,46.582],[7.22,46.584],[7.222,46.582],[7.236,46.582],[7.245,46.578],[7.243,46.575],[7.249,46.575],[7.249,46.578],[7.253,46.578],[7.257,46.582],[7.256,46.587],[7.259,46.589],[7.269,46.584],[7.269,46.582],[7.279,46.592],[7.279,46.596],[7.282,46.597],[7.285,46.595],[7.295,46.596],[7.296,46.593],[7.294,46.589],[7.295,46.587],[7.293,46.584],[7.289,46.583],[7.285,46.585],[7.282,46.584],[7.285,46.578],[7.281,46.571],[7.278,46.569],[7.277,46.566],[7.281,46.564],[7.276,46.557],[7.272,46.555],[7.275,46.553],[7.272,46.551],[7.272,46.548],[7.277,46.551],[7.281,46.551],[7.282,46.548],[7.284,46.551],[7.282,46.555],[7.285,46.559],[7.289,46.559],[7.288,46.562],[7.293,46.564],[7.293,46.569],[7.295,46.571],[7.302,46.568],[7.308,46.569],[7.307,46.571],[7.302,46.573],[7.308,46.575],[7.311,46.578],[7.308,46.58],[7.313,46.584],[7.311,46.587],[7.316,46.587],[7.318,46.582],[7.324,46.578],[7.326,46.582],[7.326,46.587],[7.328,46.591],[7.331,46.592],[7.334,46.591],[7.334,46.587],[7.341,46.589],[7.344,46.587],[7.344,46.584],[7.334,46.573],[7.336,46.571],[7.334,46.569],[7.334,46.566],[7.331,46.564],[7.328,46.565],[7.325,46.562],[7.328,46.563],[7.331,46.562],[7.331,46.56],[7.338,46.564],[7.341,46.569],[7.347,46.569],[7.348,46.566],[7.351,46.564],[7.347,46.562],[7.355,46.56],[7.354,46.555],[7.347,46.551],[7.346,46.546],[7.342,46.544],[7.342,46.542],[7.338,46.538],[7.331,46.539],[7.328,46.538],[7.321,46.543],[7.318,46.542],[7.312,46.544],[7.31,46.542],[7.316,46.539],[7.318,46.533],[7.308,46.529],[7.305,46.53],[7.307,46.528],[7.305,46.526],[7.302,46.525],[7.295,46.527],[7.289,46.531],[7.285,46.53],[7.282,46.528],[7.289,46.523],[7.29,46.521],[7.288,46.517],[7.286,46.515],[7.282,46.515],[7.279,46.512],[7.276,46.516],[7.269,46.515],[7.273,46.512],[7.269,46.508],[7.264,46.508],[7.266,46.506],[7.263,46.505],[7.256,46.512],[7.255,46.515],[7.258,46.517],[7.252,46.519],[7.252,46.524],[7.259,46.526],[7.26,46.528],[7.253,46.529],[7.25,46.528],[7.249,46.53],[7.25,46.533],[7.254,46.537],[7.251,46.539],[7.25,46.542],[7.246,46.541],[7.241,46.542],[7.242,46.539],[7.24,46.535],[7.233,46.537],[7.233,46.533],[7.231,46.53],[7.24,46.53],[7.242,46.526],[7.239,46.521],[7.242,46.519],[7.24,46.517],[7.235,46.517],[7.238,46.515],[7.236,46.512],[7.238,46.51],[7.233,46.506],[7.227,46.506],[7.225,46.503],[7.22,46.502],[7.214,46.504],[7.212,46.506],[7.215,46.51],[7.214,46.512],[7.217,46.513],[7.218,46.515],[7.214,46.517],[7.217,46.521],[7.214,46.525],[7.211,46.52],[7.207,46.52],[7.207,46.517],[7.201,46.515],[7.198,46.512],[7.194,46.515],[7.188,46.515],[7.186,46.517],[7.188,46.519],[7.189,46.526],[7.186,46.528],[7.192,46.53],[7.197,46.539],[7.194,46.537],[7.188,46.546],[7.184,46.544],[7.188,46.542],[7.189,46.539],[7.187,46.535],[7.175,46.522],[7.165,46.517],[7.152,46.517],[7.154,46.514],[7.154,46.51],[7.15,46.508],[7.146,46.503],[7.136,46.498],[7.133,46.498],[7.126,46.492],[7.123,46.493],[7.121,46.487],[7.116,46.486],[7.11,46.487]],[[7.194,46.553],[7.191,46.551],[7.191,46.548],[7.197,46.551],[7.194,46.553]],[[7.197,46.551],[7.199,46.548],[7.197,46.546],[7.194,46.546],[7.194,46.544],[7.197,46.542],[7.204,46.547],[7.21,46.544],[7.206,46.548],[7.207,46.551],[7.21,46.553],[7.207,46.557],[7.201,46.552],[7.197,46.551]],[[7.184,46.544],[7.181,46.545],[7.178,46.544],[7.184,46.544]],[[7.178,46.544],[7.175,46.544],[7.175,46.541],[7.178,46.544]]],[[[7.188,46.515],[7.185,46.513],[7.183,46.515],[7.188,46.515]]],[[[7.341,46.589],[7.334,46.593],[7.334,46.6],[7.328,46.6],[7.326,46.602],[7.328,46.605],[7.334,46.605],[7.346,46.6],[7.346,46.598],[7.349,46.596],[7.347,46.593],[7.342,46.591],[7.341,46.589]]],[[[7.269,46.584],[7.267,46.587],[7.271,46.587],[7.269,46.584]]],[[[7.116,46.51],[7.113,46.508],[7.111,46.51],[7.113,46.512],[7.116,46.51]]],[[[7.286,46.381],[7.289,46.38],[7.286,46.379],[7.286,46.381]]],[[[7.119,46.044],[7.116,46.042],[7.112,46.044],[7.109,46.047],[7.109,46.051],[7.096,46.062],[7.099,46.065],[7.112,46.068],[7.122,46.062],[7.122,46.056],[7.124,46.051],[7.118,46.047],[7.119,46.044]]],[[[7.104,46.436],[7.107,46.431],[7.1,46.428],[7.097,46.429],[7.094,46.427],[7.091,46.429],[7.087,46.428],[7.084,46.429],[7.081,46.433],[7.078,46.432],[7.075,46.436],[7.078,46.439],[7.081,46.438],[7.087,46.44],[7.091,46.436],[7.095,46.44],[7.104,46.445],[7.107,46.442],[7.104,46.436]],[[7.1,46.431],[7.104,46.436],[7.099,46.433],[7.1,46.431]]],[[[7.04,46.442],[7.045,46.444],[7.042,46.447],[7.042,46.449],[7.045,46.45],[7.061,46.449],[7.064,46.45],[7.068,46.449],[7.068,46.447],[7.071,46.444],[7.071,46.442],[7.065,46.442],[7.061,46.44],[7.055,46.433],[7.052,46.435],[7.045,46.435],[7.04,46.438],[7.04,46.442]]],[[[7.038,46.449],[7.035,46.447],[7.031,46.451],[7.033,46.453],[7.032,46.454],[7.025,46.456],[7.029,46.458],[7.025,46.461],[7.02,46.462],[7.024,46.465],[7.029,46.464],[7.033,46.465],[7.038,46.46],[7.036,46.456],[7.037,46.453],[7.036,46.451],[7.038,46.449]]],[[[7.002,46.48],[6.993,46.476],[6.996,46.473],[6.996,46.471],[6.993,46.468],[6.986,46.469],[6.99,46.466],[6.992,46.462],[6.99,46.461],[6.983,46.464],[6.977,46.462],[6.973,46.464],[6.971,46.469],[6.965,46.473],[6.966,46.476],[6.963,46.478],[6.973,46.485],[6.976,46.485],[6.98,46.489],[6.983,46.489],[6.982,46.494],[6.983,46.496],[6.986,46.496],[6.987,46.503],[6.981,46.503],[6.976,46.501],[6.973,46.503],[6.976,46.506],[6.986,46.508],[6.989,46.511],[6.996,46.513],[6.999,46.516],[7.002,46.514],[7.001,46.512],[7.005,46.511],[7.015,46.519],[7.022,46.52],[7.025,46.519],[7.018,46.514],[7.022,46.512],[7.015,46.51],[7.015,46.507],[7.018,46.505],[7.012,46.498],[7.002,46.499],[6.998,46.496],[6.999,46.494],[7.006,46.492],[7.007,46.489],[7.002,46.485],[7.002,46.48]]],[[[6.99,46.404],[6.989,46.406],[6.993,46.406],[6.99,46.404]]],[[[6.99,46.404],[6.987,46.401],[6.986,46.404],[6.99,46.404]]],[[[6.993,46.406],[6.991,46.408],[6.99,46.415],[6.994,46.419],[6.993,46.422],[6.996,46.424],[7.0,46.426],[7.003,46.424],[7.008,46.426],[7.009,46.429],[7.016,46.426],[7.019,46.427],[7.025,46.424],[7.013,46.414],[7.0,46.413],[6.993,46.406]]],[[[7.0,46.426],[6.996,46.428],[6.996,46.426],[6.99,46.425],[6.977,46.43],[6.974,46.428],[6.97,46.428],[6.969,46.431],[6.972,46.433],[6.97,46.435],[6.97,46.44],[6.973,46.442],[6.973,46.446],[6.977,46.447],[6.98,46.446],[6.983,46.449],[6.99,46.452],[6.997,46.449],[6.993,46.442],[6.996,46.444],[7.009,46.438],[7.0,46.426]]],[[[7.008,46.539],[7.002,46.538],[6.999,46.539],[7.0,46.543],[7.005,46.548],[7.012,46.548],[7.008,46.552],[7.015,46.554],[7.018,46.552],[7.018,46.548],[7.015,46.544],[7.008,46.539]]],[[[6.893,46.046],[6.89,46.043],[6.88,46.043],[6.877,46.046],[6.873,46.046],[6.867,46.05],[6.867,46.052],[6.87,46.055],[6.87,46.059],[6.873,46.061],[6.873,46.066],[6.883,46.073],[6.886,46.073],[6.886,46.084],[6.883,46.086],[6.883,46.097],[6.892,46.109],[6.892,46.124],[6.856,46.124],[6.853,46.127],[6.843,46.129],[6.84,46.131],[6.814,46.131],[6.808,46.135],[6.798,46.135],[6.795,46.137],[6.795,46.14],[6.792,46.142],[6.792,46.147],[6.788,46.151],[6.79,46.158],[6.788,46.162],[6.793,46.164],[6.792,46.167],[6.798,46.171],[6.798,46.173],[6.801,46.176],[6.805,46.178],[6.804,46.18],[6.807,46.182],[6.807,46.192],[6.804,46.194],[6.804,46.198],[6.801,46.2],[6.801,46.205],[6.805,46.207],[6.804,46.209],[6.815,46.218],[6.815,46.221],[6.818,46.223],[6.817,46.225],[6.822,46.228],[6.821,46.23],[6.825,46.232],[6.828,46.239],[6.833,46.242],[6.834,46.246],[6.836,46.247],[6.838,46.246],[6.837,46.241],[6.832,46.237],[6.832,46.234],[6.829,46.23],[6.825,46.219],[6.816,46.212],[6.817,46.209],[6.816,46.207],[6.822,46.21],[6.826,46.21],[6.83,46.214],[6.839,46.214],[6.852,46.227],[6.855,46.226],[6.862,46.229],[6.865,46.228],[6.865,46.225],[6.86,46.221],[6.862,46.219],[6.856,46.21],[6.859,46.207],[6.857,46.205],[6.857,46.201],[6.861,46.198],[6.844,46.189],[6.84,46.189],[6.837,46.187],[6.842,46.183],[6.852,46.183],[6.847,46.176],[6.848,46.174],[6.846,46.17],[6.84,46.17],[6.837,46.174],[6.83,46.174],[6.83,46.171],[6.827,46.167],[6.819,46.167],[6.811,46.163],[6.804,46.162],[6.804,46.158],[6.808,46.157],[6.811,46.159],[6.827,46.156],[6.817,46.151],[6.817,46.149],[6.827,46.15],[6.83,46.148],[6.84,46.151],[6.854,46.151],[6.856,46.153],[6.863,46.149],[6.866,46.149],[6.867,46.147],[6.866,46.144],[6.879,46.145],[6.886,46.156],[6.883,46.16],[6.888,46.171],[6.891,46.169],[6.901,46.169],[6.898,46.176],[6.901,46.178],[6.908,46.176],[6.916,46.183],[6.911,46.19],[6.914,46.192],[6.921,46.189],[6.934,46.189],[6.935,46.194],[6.931,46.201],[6.933,46.203],[6.937,46.201],[6.937,46.203],[6.94,46.206],[6.939,46.208],[6.94,46.21],[6.943,46.21],[6.949,46.214],[6.956,46.21],[6.957,46.208],[6.953,46.205],[6.946,46.206],[6.943,46.203],[6.943,46.201],[6.948,46.197],[6.946,46.194],[6.943,46.194],[6.956,46.187],[6.966,46.188],[6.972,46.192],[6.979,46.19],[6.976,46.188],[6.974,46.177],[6.969,46.174],[6.971,46.172],[6.969,46.17],[6.966,46.17],[6.965,46.167],[6.969,46.165],[6.973,46.166],[6.979,46.163],[6.982,46.164],[6.986,46.162],[6.992,46.165],[6.994,46.161],[7.001,46.159],[7.003,46.154],[7.002,46.152],[7.003,46.147],[6.995,46.147],[6.992,46.149],[6.986,46.147],[6.982,46.148],[6.974,46.145],[6.989,46.137],[7.002,46.136],[7.008,46.134],[7.002,46.131],[6.999,46.126],[6.992,46.125],[6.991,46.12],[6.983,46.113],[6.969,46.111],[6.98,46.103],[6.98,46.099],[6.96,46.087],[6.957,46.084],[6.953,46.075],[6.946,46.071],[6.947,46.068],[6.946,46.066],[6.941,46.062],[6.931,46.065],[6.925,46.062],[6.918,46.062],[6.915,46.059],[6.915,46.057],[6.906,46.05],[6.902,46.05],[6.893,46.046]],[[6.912,46.086],[6.916,46.082],[6.915,46.086],[6.912,46.089],[6.912,46.093],[6.909,46.095],[6.908,46.098],[6.908,46.091],[6.905,46.089],[6.905,46.086],[6.912,46.086]]],[[[6.9,46.253],[6.897,46.25],[6.892,46.253],[6.884,46.251],[6.882,46.253],[6.868,46.256],[6.862,46.251],[6.858,46.255],[6.858,46.257],[6.868,46.264],[6.871,46.261],[6.878,46.262],[6.881,46.265],[6.891,46.267],[6.894,46.269],[6.896,46.264],[6.894,46.259],[6.897,46.253],[6.9,46.253]]],[[[6.865,46.275],[6.861,46.273],[6.86,46.277],[6.865,46.277],[6.865,46.275]]],[[[6.865,46.277],[6.863,46.282],[6.864,46.284],[6.857,46.288],[6.855,46.291],[6.849,46.293],[6.851,46.295],[6.855,46.295],[6.861,46.293],[6.864,46.291],[6.864,46.288],[6.875,46.284],[6.865,46.277]]],[[[6.801,46.326],[6.799,46.325],[6.798,46.331],[6.786,46.331],[6.783,46.333],[6.783,46.335],[6.78,46.337],[6.781,46.342],[6.779,46.342],[6.77,46.349],[6.771,46.351],[6.773,46.353],[6.778,46.353],[6.779,46.355],[6.783,46.353],[6.792,46.353],[6.796,46.356],[6.792,46.358],[6.799,46.362],[6.804,46.358],[6.809,46.357],[6.809,46.362],[6.812,46.365],[6.821,46.364],[6.825,46.366],[6.835,46.365],[6.831,46.362],[6.828,46.362],[6.827,46.36],[6.83,46.353],[6.818,46.352],[6.812,46.347],[6.81,46.347],[6.818,46.346],[6.829,46.342],[6.817,46.335],[6.812,46.334],[6.809,46.331],[6.806,46.33],[6.802,46.331],[6.801,46.326]]]]},"properties":{"value":5,"fill":"#CDFFCD","zIndex":1},"id":"0"},{"type":"Feature","geometry":{"type":"MultiPolygon","coordinates":[[[[10.469,46.569],[10.47,46.571],[10.468,46.573],[10.472,46.58],[10.463,46.581],[10.461,46.583],[10.456,46.584],[10.45,46.587],[10.45,46.59],[10.454,46.59],[10.457,46.595],[10.464,46.595],[10.473,46.59],[10.48,46.59],[10.482,46.591],[10.481,46.593],[10.472,46.598],[10.472,46.6],[10.477,46.602],[10.484,46.602],[10.486,46.598],[10.486,46.595],[10.483,46.591],[10.485,46.586],[10.485,46.58],[10.478,46.573],[10.476,46.566],[10.474,46.564],[10.47,46.564],[10.469,46.569]]],[[[10.467,46.541],[10.442,46.54],[10.444,46.542],[10.448,46.542],[10.444,46.543],[10.443,46.545],[10.449,46.549],[10.443,46.554],[10.445,46.559],[10.447,46.56],[10.444,46.565],[10.449,46.567],[10.446,46.572],[10.449,46.574],[10.456,46.573],[10.465,46.567],[10.469,46.562],[10.475,46.564],[10.476,46.56],[10.479,46.557],[10.474,46.555],[10.474,46.55],[10.476,46.548],[10.471,46.547],[10.467,46.541]]],[[[10.466,46.839],[10.461,46.839],[10.46,46.844],[10.466,46.853],[10.469,46.855],[10.47,46.85],[10.466,46.848],[10.466,46.839]]],[[[10.399,46.699],[10.394,46.697],[10.391,46.698],[10.389,46.699],[10.388,46.704],[10.378,46.705],[10.369,46.709],[10.369,46.712],[10.366,46.715],[10.355,46.718],[10.358,46.723],[10.356,46.725],[10.36,46.727],[10.366,46.725],[10.393,46.726],[10.384,46.733],[10.37,46.733],[10.367,46.736],[10.371,46.74],[10.37,46.742],[10.364,46.743],[10.362,46.745],[10.357,46.745],[10.347,46.743],[10.338,46.739],[10.326,46.741],[10.324,46.748],[10.325,46.749],[10.328,46.747],[10.334,46.752],[10.332,46.755],[10.322,46.76],[10.316,46.774],[10.32,46.773],[10.323,46.77],[10.336,46.771],[10.338,46.773],[10.333,46.78],[10.336,46.781],[10.34,46.779],[10.354,46.779],[10.355,46.783],[10.352,46.786],[10.357,46.789],[10.358,46.783],[10.357,46.779],[10.362,46.774],[10.363,46.767],[10.388,46.768],[10.39,46.769],[10.386,46.776],[10.389,46.778],[10.392,46.775],[10.402,46.773],[10.412,46.764],[10.403,46.755],[10.407,46.756],[10.41,46.754],[10.412,46.755],[10.414,46.76],[10.415,46.757],[10.418,46.757],[10.419,46.759],[10.418,46.766],[10.421,46.768],[10.427,46.768],[10.422,46.773],[10.428,46.774],[10.431,46.777],[10.419,46.792],[10.406,46.802],[10.407,46.805],[10.405,46.809],[10.414,46.813],[10.42,46.804],[10.422,46.809],[10.424,46.809],[10.426,46.806],[10.43,46.808],[10.431,46.811],[10.434,46.813],[10.446,46.814],[10.447,46.817],[10.45,46.819],[10.447,46.823],[10.442,46.824],[10.453,46.826],[10.453,46.828],[10.451,46.831],[10.447,46.833],[10.448,46.835],[10.446,46.837],[10.446,46.84],[10.448,46.841],[10.452,46.839],[10.453,46.842],[10.456,46.842],[10.463,46.837],[10.459,46.835],[10.459,46.832],[10.456,46.83],[10.454,46.826],[10.455,46.812],[10.452,46.81],[10.452,46.808],[10.448,46.806],[10.448,46.804],[10.445,46.801],[10.428,46.791],[10.431,46.788],[10.43,46.784],[10.435,46.783],[10.437,46.779],[10.44,46.777],[10.44,46.774],[10.443,46.772],[10.443,46.756],[10.44,46.752],[10.433,46.753],[10.424,46.748],[10.42,46.744],[10.413,46.742],[10.402,46.735],[10.415,46.726],[10.418,46.723],[10.418,46.719],[10.414,46.714],[10.414,46.71],[10.408,46.706],[10.4,46.706],[10.399,46.699]]],[[[9.837,46.591],[9.827,46.589],[9.814,46.589],[9.804,46.592],[9.801,46.59],[9.797,46.594],[9.815,46.596],[9.804,46.598],[9.801,46.601],[9.782,46.601],[9.771,46.603],[9.769,46.606],[9.775,46.61],[9.808,46.609],[9.811,46.611],[9.816,46.611],[9.817,46.614],[9.813,46.616],[9.808,46.616],[9.797,46.621],[9.784,46.623],[9.783,46.626],[9.784,46.628],[9.793,46.633],[9.799,46.631],[9.802,46.632],[9.803,46.636],[9.809,46.637],[9.822,46.639],[9.824,46.638],[9.827,46.631],[9.836,46.622],[9.835,46.62],[9.838,46.618],[9.841,46.62],[9.844,46.618],[9.847,46.624],[9.846,46.629],[9.839,46.638],[9.847,46.64],[9.846,46.642],[9.849,46.644],[9.86,46.644],[9.86,46.647],[9.858,46.649],[9.843,46.652],[9.841,46.654],[9.841,46.658],[9.849,46.665],[9.848,46.669],[9.85,46.671],[9.854,46.669],[9.85,46.673],[9.851,46.678],[9.844,46.672],[9.84,46.672],[9.839,46.669],[9.83,46.665],[9.823,46.658],[9.807,46.661],[9.787,46.656],[9.784,46.654],[9.779,46.655],[9.78,46.659],[9.786,46.664],[9.803,46.672],[9.805,46.677],[9.758,46.668],[9.754,46.669],[9.756,46.671],[9.754,46.676],[9.746,46.677],[9.729,46.675],[9.721,46.676],[9.723,46.678],[9.726,46.676],[9.729,46.679],[9.736,46.68],[9.739,46.682],[9.746,46.681],[9.747,46.685],[9.749,46.686],[9.752,46.682],[9.755,46.685],[9.757,46.685],[9.762,46.682],[9.764,46.696],[9.766,46.697],[9.768,46.696],[9.767,46.693],[9.769,46.692],[9.773,46.694],[9.776,46.693],[9.779,46.689],[9.776,46.684],[9.779,46.683],[9.782,46.686],[9.792,46.686],[9.798,46.684],[9.805,46.686],[9.806,46.688],[9.801,46.69],[9.799,46.694],[9.796,46.695],[9.797,46.697],[9.795,46.7],[9.806,46.701],[9.807,46.706],[9.806,46.708],[9.803,46.707],[9.799,46.709],[9.798,46.711],[9.801,46.713],[9.8,46.715],[9.791,46.724],[9.794,46.727],[9.8,46.722],[9.807,46.724],[9.809,46.729],[9.803,46.733],[9.807,46.735],[9.812,46.735],[9.812,46.738],[9.808,46.744],[9.811,46.746],[9.821,46.744],[9.827,46.741],[9.827,46.737],[9.835,46.733],[9.835,46.728],[9.833,46.728],[9.832,46.724],[9.836,46.723],[9.841,46.719],[9.838,46.714],[9.848,46.71],[9.85,46.707],[9.845,46.704],[9.835,46.702],[9.831,46.697],[9.832,46.696],[9.855,46.707],[9.854,46.71],[9.855,46.711],[9.865,46.711],[9.881,46.705],[9.882,46.707],[9.88,46.709],[9.882,46.711],[9.88,46.714],[9.875,46.716],[9.872,46.721],[9.865,46.721],[9.858,46.73],[9.866,46.732],[9.868,46.734],[9.866,46.736],[9.867,46.739],[9.858,46.743],[9.859,46.746],[9.857,46.749],[9.854,46.75],[9.857,46.754],[9.857,46.757],[9.856,46.759],[9.851,46.761],[9.853,46.766],[9.845,46.768],[9.845,46.771],[9.839,46.777],[9.846,46.78],[9.844,46.782],[9.842,46.789],[9.846,46.79],[9.849,46.787],[9.852,46.787],[9.856,46.784],[9.857,46.779],[9.855,46.777],[9.861,46.778],[9.875,46.768],[9.876,46.763],[9.869,46.757],[9.87,46.751],[9.875,46.759],[9.881,46.761],[9.885,46.756],[9.893,46.752],[9.898,46.747],[9.898,46.745],[9.896,46.744],[9.892,46.745],[9.884,46.743],[9.881,46.738],[9.882,46.736],[9.886,46.736],[9.899,46.744],[9.905,46.74],[9.906,46.733],[9.905,46.731],[9.908,46.728],[9.912,46.728],[9.922,46.724],[9.921,46.719],[9.924,46.721],[9.931,46.717],[9.934,46.719],[9.932,46.726],[9.924,46.735],[9.922,46.742],[9.917,46.749],[9.917,46.753],[9.92,46.755],[9.913,46.758],[9.911,46.762],[9.905,46.767],[9.904,46.77],[9.9,46.772],[9.893,46.781],[9.893,46.785],[9.889,46.79],[9.881,46.797],[9.875,46.799],[9.881,46.804],[9.885,46.804],[9.889,46.801],[9.89,46.797],[9.906,46.792],[9.917,46.784],[9.927,46.782],[9.936,46.773],[9.94,46.772],[9.941,46.773],[9.937,46.783],[9.935,46.784],[9.935,46.787],[9.925,46.797],[9.908,46.805],[9.904,46.812],[9.893,46.819],[9.886,46.821],[9.88,46.82],[9.876,46.822],[9.88,46.824],[9.881,46.833],[9.883,46.835],[9.887,46.833],[9.893,46.833],[9.897,46.831],[9.901,46.826],[9.909,46.823],[9.914,46.825],[9.907,46.835],[9.89,46.844],[9.894,46.847],[9.91,46.848],[9.92,46.846],[9.924,46.849],[9.93,46.849],[9.934,46.847],[9.936,46.85],[9.947,46.848],[9.952,46.84],[9.957,46.836],[9.954,46.833],[9.967,46.826],[9.969,46.822],[9.981,46.815],[9.991,46.816],[9.995,46.819],[9.988,46.82],[9.984,46.824],[9.978,46.826],[9.979,46.834],[9.974,46.84],[9.976,46.844],[9.971,46.849],[9.971,46.851],[9.983,46.855],[9.996,46.853],[9.998,46.855],[10.013,46.858],[10.018,46.855],[10.017,46.852],[10.022,46.847],[10.025,46.849],[10.032,46.848],[10.036,46.85],[10.032,46.85],[10.029,46.852],[10.028,46.854],[10.03,46.859],[10.024,46.863],[10.024,46.868],[10.026,46.87],[10.019,46.87],[10.004000000000001,46.875],[10.005,46.873],[10.0,46.87],[9.997,46.869],[9.993,46.871],[9.987,46.869],[9.98,46.871],[9.977,46.867],[9.97,46.868],[9.961,46.873],[9.945,46.878],[9.941,46.878],[9.938,46.876],[9.932,46.881],[9.928,46.882],[9.925,46.879],[9.921,46.879],[9.916,46.89],[9.906,46.894],[9.904,46.898],[9.908,46.902],[9.906,46.905],[9.907,46.908],[9.91,46.909],[9.923,46.903],[9.936,46.9],[9.959,46.9],[9.964,46.898],[9.972,46.898],[9.966,46.905],[9.959,46.908],[9.956,46.907],[9.949,46.908],[9.943,46.911],[9.936,46.911],[9.929,46.915],[9.937,46.916],[9.94,46.913],[9.943,46.914],[9.946,46.913],[9.953,46.916],[9.966,46.916],[9.976,46.911],[9.979,46.911],[9.989,46.904],[9.998,46.902],[10.001,46.899],[10.005,46.899],[10.008,46.901],[10.021,46.901],[10.043,46.882],[10.047,46.883],[10.052,46.879],[10.052,46.867],[10.055,46.865],[10.062,46.864],[10.082,46.864],[10.084,46.862],[10.088,46.862],[10.091,46.86],[10.091,46.857],[10.094,46.855],[10.097,46.848],[10.104,46.843],[10.108,46.843],[10.114,46.848],[10.117,46.847],[10.12,46.85],[10.141,46.849],[10.147,46.853],[10.164,46.851],[10.177,46.86],[10.18,46.86],[10.194,46.868],[10.23,46.87],[10.23,46.877],[10.237,46.878],[10.238,46.885],[10.228,46.89],[10.228,46.895],[10.225,46.897],[10.232,46.901],[10.232,46.904],[10.239,46.906],[10.24,46.926],[10.243,46.932],[10.262,46.931],[10.266,46.929],[10.272,46.929],[10.275,46.927],[10.282,46.927],[10.285,46.924],[10.296,46.924],[10.298,46.926],[10.312,46.926],[10.312,46.929],[10.319,46.931],[10.32,46.937],[10.309,46.938],[10.306,46.94],[10.307,46.949],[10.313,46.953],[10.32,46.953],[10.326,46.957],[10.334,46.957],[10.334,46.977],[10.338,46.98],[10.338,46.982],[10.341,46.984],[10.348,46.984],[10.348,46.988],[10.354,46.992],[10.375,46.992],[10.375,46.997],[10.381,47.001],[10.394,47.0],[10.398,46.998],[10.403,46.994],[10.403,46.991],[10.405,46.989],[10.403,46.985],[10.41,46.981],[10.411,46.978],[10.41,46.977],[10.406,46.978],[10.396,46.983],[10.39,46.984],[10.384,46.978],[10.385,46.974],[10.383,46.971],[10.364,46.97],[10.36,46.964],[10.355,46.963],[10.353,46.957],[10.345,46.952],[10.333,46.948],[10.326,46.949],[10.323,46.946],[10.325,46.939],[10.336,46.939],[10.336,46.928],[10.338,46.926],[10.341,46.935],[10.345,46.935],[10.348,46.938],[10.355,46.938],[10.353,46.925],[10.354999999999995,46.923],[10.358,46.923],[10.357,46.922],[10.355499999999997,46.9225],[10.357,46.921],[10.357,46.919],[10.364,46.926],[10.368,46.927],[10.368,46.932],[10.375,46.934],[10.371,46.938],[10.371,46.941],[10.379,46.938],[10.379,46.943],[10.381,46.945],[10.388,46.944],[10.389,46.942],[10.387,46.94],[10.387,46.933],[10.389,46.931],[10.387,46.929],[10.387,46.925],[10.394,46.925],[10.396,46.929],[10.402,46.928],[10.404,46.936],[10.408,46.94],[10.411,46.941],[10.414,46.935],[10.417,46.938],[10.427,46.936],[10.428,46.939],[10.426,46.941],[10.427,46.943],[10.434,46.942],[10.437,46.945],[10.44,46.94],[10.444,46.942],[10.448,46.941],[10.445,46.936],[10.458,46.934],[10.458,46.932],[10.451,46.925],[10.446,46.924],[10.446,46.917],[10.439,46.916],[10.437,46.912],[10.429,46.908],[10.432,46.905],[10.431,46.903],[10.418,46.9],[10.412,46.896],[10.405,46.895],[10.398,46.89],[10.395,46.884],[10.388,46.885],[10.385,46.888],[10.38,46.886],[10.381,46.88],[10.378,46.875],[10.381,46.873],[10.379,46.868],[10.367,46.863],[10.354,46.864],[10.358,46.869],[10.364,46.871],[10.362,46.88],[10.347,46.887],[10.357,46.894],[10.356,46.897],[10.353,46.895],[10.349,46.899],[10.343,46.896],[10.34,46.898],[10.336,46.896],[10.333,46.9],[10.326,46.898],[10.32,46.899],[10.32,46.901],[10.324,46.903],[10.325,46.906],[10.307,46.906],[10.305,46.911],[10.31,46.915],[10.304,46.92],[10.304,46.915],[10.301,46.914],[10.299,46.911],[10.294,46.91],[10.291,46.911],[10.289,46.909],[10.291,46.905],[10.297,46.906],[10.304,46.904],[10.303,46.899],[10.305,46.895],[10.31,46.892],[10.317,46.883],[10.316,46.882],[10.306,46.883],[10.29,46.888],[10.286,46.886],[10.283,46.888],[10.283,46.884],[10.287,46.88],[10.286,46.877],[10.279,46.879],[10.275,46.875],[10.276,46.873],[10.282,46.871],[10.278,46.864],[10.282,46.866],[10.285,46.87],[10.295,46.87],[10.301,46.868],[10.31,46.861],[10.305,46.854],[10.307,46.851],[10.312,46.85],[10.314,46.847],[10.321,46.845],[10.317,46.842],[10.31,46.842],[10.299,46.846],[10.296,46.843],[10.297,46.838],[10.29,46.835],[10.274,46.834],[10.27,46.833],[10.267,46.83],[10.264,46.831],[10.259,46.826],[10.267,46.821],[10.262,46.82],[10.26,46.818],[10.258,46.82],[10.252,46.82],[10.25,46.818],[10.237,46.817],[10.227,46.814],[10.22,46.821],[10.221,46.823],[10.218,46.828],[10.199,46.837],[10.203,46.846],[10.202,46.849],[10.202,46.846],[10.197,46.841],[10.181,46.835],[10.182,46.833],[10.192,46.832],[10.197,46.828],[10.188,46.821],[10.19,46.817],[10.187,46.808],[10.193,46.801],[10.19,46.799],[10.169,46.804],[10.167,46.804],[10.164,46.8],[10.161,46.8],[10.157,46.802],[10.154,46.809],[10.151,46.811],[10.134,46.814],[10.134,46.805],[10.136,46.802],[10.127,46.798],[10.127,46.794],[10.124,46.792],[10.121,46.792],[10.118,46.789],[10.111,46.788],[10.101,46.793],[10.093,46.801],[10.095,46.806],[10.091000000000001,46.806666666666665],[10.092,46.806],[10.089,46.801],[10.087,46.806],[10.088142857142858,46.80714285714286],[10.083,46.808],[10.086,46.81],[10.085,46.813],[10.082,46.811],[10.082,46.807],[10.084,46.804],[10.083,46.801],[10.085,46.799],[10.082,46.795],[10.087,46.785],[10.09,46.783],[10.088,46.781],[10.081,46.78],[10.062,46.785],[10.057,46.782],[10.071,46.773],[10.07,46.768],[10.067,46.766],[10.061,46.768],[10.057,46.767],[10.054,46.764],[10.031,46.764],[10.025,46.769],[10.011,46.774],[10.01,46.771],[10.017,46.765],[10.017,46.762],[10.012,46.76],[10.008,46.761],[10.005,46.759],[10.001,46.759],[9.995,46.754],[9.987,46.752],[9.985,46.75],[9.975,46.75],[9.969,46.748],[9.971,46.746],[9.978,46.746],[9.983,46.741],[9.981,46.738],[9.983,46.736],[9.982,46.732],[9.977,46.726],[9.977,46.724],[9.979,46.723],[9.977,46.721],[9.973,46.721],[9.973,46.718],[9.98,46.722],[9.985,46.729],[9.985,46.734],[9.987,46.738],[9.994,46.732],[9.995,46.736],[9.994,46.738],[9.992,46.738],[9.997,46.742],[10.001,46.743],[10.007,46.749],[10.014,46.749],[10.017,46.747],[10.024,46.748],[10.03,46.751],[10.037,46.749],[10.04,46.746],[10.05,46.746],[10.061,46.743],[10.052,46.739],[10.055,46.734],[10.042,46.728],[10.039,46.728],[10.037,46.726],[10.037,46.717],[10.035,46.715],[10.031,46.715],[10.025,46.71],[10.032,46.71],[10.037,46.712],[10.038,46.714],[10.044,46.714],[10.053,46.719],[10.055,46.718],[10.056,46.714],[10.063,46.712],[10.059,46.703],[10.062,46.701],[10.061,46.699],[10.057,46.696],[10.054,46.697],[10.047,46.694],[10.041,46.696],[10.038,46.694],[10.034,46.694],[10.031,46.69],[10.037,46.685],[10.037,46.683],[10.027,46.681],[10.006,46.682],[10.001,46.679],[10.019,46.67],[10.013,46.666],[10.007,46.667],[9.996,46.673],[9.984,46.675],[9.981,46.673],[9.993,46.664],[9.995,46.659],[10.003,46.655],[10.003,46.652],[9.993,46.653],[9.987,46.657],[9.98,46.657],[9.971,46.661],[9.964,46.66],[9.961,46.663],[9.954,46.664],[9.942,46.67],[9.932,46.672],[9.93,46.674],[9.936,46.679],[9.919,46.678],[9.916,46.682],[9.915,46.679],[9.912,46.677],[9.902,46.673],[9.895,46.673],[9.886,46.666],[9.9,46.668],[9.912,46.674],[9.92,46.674],[9.921,46.665],[9.927,46.661],[9.925,46.659],[9.918,46.657],[9.918,46.654],[9.931,46.655],[9.932,46.652],[9.93,46.649],[9.921,46.643],[9.914,46.641],[9.917,46.638],[9.926,46.638],[9.937,46.644],[9.94,46.643],[9.942,46.647],[9.947,46.648],[9.952,46.642],[9.95,46.64],[9.957,46.641],[9.963,46.639],[9.968,46.633],[9.957,46.631],[9.949,46.627],[9.948,46.624],[9.941,46.622],[9.94,46.62],[9.935,46.62],[9.929,46.616],[9.922,46.616],[9.921,46.611],[9.91,46.614],[9.903,46.61],[9.893,46.61],[9.889,46.608],[9.893,46.603],[9.91,46.598],[9.905,46.595],[9.893,46.599],[9.876,46.6],[9.856,46.593],[9.853,46.593],[9.85,46.597],[9.847,46.594],[9.843,46.595],[9.837,46.591]],[[9.886,46.666],[9.883,46.667],[9.882,46.664],[9.886,46.666]],[[10.004,46.875],[10.005,46.877],[10.004,46.88],[10.003,46.877],[10.004,46.875]]],[[[10.343,46.545],[10.337,46.544],[10.334,46.545],[10.327,46.551],[10.321,46.551],[10.318,46.549],[10.298,46.549],[10.295,46.551],[10.296,46.555],[10.293,46.558],[10.293,46.56],[10.281,46.572],[10.27,46.577],[10.264,46.578],[10.26,46.577],[10.258,46.579],[10.258,46.581],[10.261,46.584],[10.265,46.585],[10.261,46.59],[10.268,46.594],[10.271,46.588],[10.284,46.593],[10.29,46.589],[10.297,46.587],[10.3,46.585],[10.298,46.578],[10.296,46.578],[10.295,46.576],[10.296,46.575],[10.299,46.577],[10.303,46.577],[10.306,46.58],[10.31,46.578],[10.311,46.575],[10.305,46.571],[10.305,46.567],[10.309,46.564],[10.311,46.569],[10.319,46.574],[10.327,46.57],[10.328,46.566],[10.335,46.571],[10.341,46.569],[10.365,46.569],[10.371,46.573],[10.374,46.571],[10.381,46.573],[10.384,46.571],[10.398,46.569],[10.4,46.566],[10.405,46.568],[10.399,46.573],[10.398,46.578],[10.407,46.578],[10.417,46.581],[10.423,46.577],[10.427,46.578],[10.429,46.577],[10.423,46.573],[10.413,46.573],[10.428,46.568],[10.422,46.566],[10.415,46.561],[10.429,46.56],[10.432,46.556],[10.437,46.554],[10.437,46.549],[10.432,46.548],[10.422,46.548],[10.419,46.551],[10.409,46.551],[10.406,46.549],[10.386,46.549],[10.384,46.551],[10.38,46.551],[10.377,46.553],[10.377,46.559],[10.354,46.559],[10.353,46.556],[10.35,46.555],[10.35,46.552],[10.343,46.547],[10.343,46.545]]],[[[10.414,46.635],[10.394,46.63],[10.384,46.634],[10.381,46.633],[10.366,46.637],[10.371,46.638],[10.375,46.643],[10.376,46.646],[10.373,46.65],[10.382,46.652],[10.384,46.654],[10.379,46.655],[10.374,46.659],[10.376,46.664],[10.373,46.662],[10.361,46.668],[10.359,46.671],[10.36,46.675],[10.364,46.677],[10.365,46.68],[10.377,46.681],[10.378,46.684],[10.371,46.688],[10.368,46.693],[10.371,46.695],[10.388,46.693],[10.39,46.69],[10.386,46.688],[10.385,46.679],[10.389,46.677],[10.389,46.675],[10.392,46.672],[10.392,46.665],[10.395,46.663],[10.393,46.656],[10.397,46.652],[10.396,46.647],[10.4,46.645],[10.4,46.64],[10.417,46.638],[10.414,46.635]]],[[[10.358,46.583],[10.352,46.58],[10.349,46.581],[10.345,46.579],[10.339,46.58],[10.335,46.584],[10.336,46.586],[10.323,46.589],[10.313,46.594],[10.308,46.598],[10.316,46.6],[10.318,46.602],[10.317,46.603],[10.314,46.605],[10.301,46.604],[10.294,46.606],[10.289,46.61],[10.285,46.61],[10.28,46.614],[10.276,46.623],[10.268,46.63],[10.276,46.632],[10.283,46.631],[10.286,46.635],[10.289,46.636],[10.299,46.63],[10.3,46.627],[10.295,46.623],[10.298,46.62],[10.302,46.622],[10.306,46.62],[10.305,46.618],[10.311,46.616],[10.318,46.616],[10.327,46.609],[10.331,46.609],[10.35,46.597],[10.347,46.595],[10.356,46.595],[10.362,46.589],[10.371,46.587],[10.365,46.581],[10.362,46.583],[10.358,46.583]]],[[[10.339,46.647],[10.336,46.646],[10.333,46.649],[10.327,46.651],[10.343,46.659],[10.346,46.662],[10.356,46.656],[10.356,46.652],[10.346,46.657],[10.341,46.653],[10.339,46.647]]],[[[10.198,46.729],[10.219,46.732],[10.223,46.734],[10.227,46.733],[10.225,46.728],[10.221,46.724],[10.226,46.721],[10.222,46.719],[10.225,46.717],[10.228,46.716],[10.232,46.718],[10.233,46.717],[10.234,46.712],[10.23,46.71],[10.233,46.708],[10.229,46.706],[10.228,46.703],[10.23,46.701],[10.244,46.702],[10.249,46.698],[10.257,46.697],[10.26,46.698],[10.26,46.7],[10.255,46.705],[10.257,46.707],[10.266,46.705],[10.267,46.703],[10.269,46.705],[10.277,46.705],[10.28,46.708],[10.288,46.709],[10.289,46.706],[10.279,46.7],[10.28,46.698],[10.283,46.7],[10.287,46.697],[10.3,46.703],[10.302,46.697],[10.298,46.695],[10.298,46.69],[10.302,46.689],[10.305,46.691],[10.309,46.691],[10.315,46.687],[10.323,46.687],[10.32,46.69],[10.322,46.691],[10.322,46.693],[10.319,46.697],[10.319,46.699],[10.322,46.701],[10.321,46.703],[10.326,46.707],[10.329,46.706],[10.333,46.709],[10.336,46.709],[10.34,46.705],[10.341,46.701],[10.338,46.698],[10.338,46.696],[10.345,46.697],[10.347,46.696],[10.351,46.689],[10.348,46.686],[10.34,46.683],[10.34,46.678],[10.337,46.673],[10.33,46.672],[10.327,46.67],[10.327,46.667],[10.334,46.667],[10.338,46.662],[10.329,46.656],[10.329,46.654],[10.326,46.651],[10.32,46.65],[10.313,46.653],[10.307,46.65],[10.294,46.651],[10.286,46.655],[10.297,46.656],[10.301,46.659],[10.294,46.661],[10.291,46.664],[10.29,46.666],[10.294,46.668],[10.297,46.672],[10.288,46.677],[10.282,46.677],[10.28,46.673],[10.277,46.671],[10.276,46.666],[10.271,46.666],[10.268,46.663],[10.267,46.666],[10.268,46.669],[10.256,46.671],[10.256,46.68],[10.253,46.682],[10.244,46.68],[10.244,46.683],[10.246,46.685],[10.244,46.687],[10.233,46.687],[10.207,46.678],[10.204,46.681],[10.205,46.686],[10.211,46.69],[10.207,46.691],[10.201,46.696],[10.198,46.696],[10.194,46.692],[10.188,46.691],[10.184,46.693],[10.185,46.698],[10.175,46.697],[10.172,46.701],[10.165,46.699],[10.158,46.701],[10.162,46.705],[10.161,46.707],[10.162,46.709],[10.167,46.709],[10.176,46.714],[10.156,46.716],[10.15,46.715],[10.143,46.711],[10.136,46.71],[10.13,46.715],[10.126,46.715],[10.123,46.713],[10.121,46.715],[10.122,46.717],[10.117,46.722],[10.103,46.729],[10.108,46.731],[10.11,46.735],[10.106,46.738],[10.113,46.74],[10.112,46.743],[10.105,46.747],[10.112,46.75],[10.12,46.751],[10.118,46.743],[10.121,46.742],[10.122,46.737],[10.128,46.741],[10.135,46.741],[10.141,46.743],[10.146,46.75],[10.144,46.753],[10.148,46.755],[10.152,46.753],[10.15,46.748],[10.151,46.738],[10.155,46.739],[10.157,46.743],[10.161,46.746],[10.163,46.743],[10.165,46.743],[10.166,46.748],[10.168,46.749],[10.186,46.752],[10.185,46.747],[10.18,46.738],[10.18,46.735],[10.185,46.734],[10.18,46.727],[10.186,46.722],[10.186,46.719],[10.193,46.721],[10.199,46.716],[10.202,46.716],[10.203,46.717],[10.199,46.724],[10.198,46.729]]],[[[10.249,46.73],[10.256,46.734],[10.252,46.737],[10.243,46.739],[10.246,46.741],[10.244,46.748],[10.246,46.75],[10.25,46.747],[10.256,46.749],[10.258,46.754],[10.26,46.755],[10.263,46.75],[10.266,46.753],[10.273,46.752],[10.277,46.756],[10.274,46.758],[10.276,46.763],[10.278,46.763],[10.277,46.761],[10.28,46.758],[10.286,46.756],[10.284,46.754],[10.286,46.751],[10.282,46.751],[10.284,46.747],[10.278,46.743],[10.278,46.74],[10.285,46.738],[10.285,46.736],[10.279,46.734],[10.276,46.731],[10.277,46.729],[10.268,46.728],[10.258,46.723],[10.249,46.73]]],[[[10.235,46.647],[10.231,46.644],[10.225,46.646],[10.208,46.646],[10.205,46.648],[10.209,46.653],[10.219,46.653],[10.222,46.65],[10.235,46.647]]],[[[10.217,46.74],[10.209,46.731],[10.205,46.735],[10.203,46.74],[10.211,46.742],[10.214,46.748],[10.217,46.74]]],[[[10.101,46.603],[10.095,46.597],[10.085,46.603],[10.092,46.605],[10.092,46.608],[10.086,46.611],[10.079,46.612],[10.076,46.611],[10.073,46.613],[10.073,46.615],[10.076,46.617],[10.083,46.618],[10.089,46.621],[10.086,46.624],[10.077,46.627],[10.07,46.625],[10.057,46.625],[10.054,46.626],[10.044,46.636],[10.048,46.637],[10.057,46.633],[10.057,46.638],[10.062,46.642],[10.061,46.647],[10.065,46.648],[10.074,46.641],[10.078,46.644],[10.085,46.641],[10.088,46.644],[10.09,46.653],[10.094,46.655],[10.096,46.652],[10.094,46.648],[10.101,46.646],[10.108,46.65],[10.111,46.648],[10.112,46.645],[10.106,46.641],[10.105,46.637],[10.102,46.634],[10.1,46.628],[10.102,46.625],[10.11,46.63],[10.113,46.634],[10.118,46.629],[10.117,46.623],[10.119,46.621],[10.128,46.629],[10.129,46.632],[10.13,46.629],[10.129,46.627],[10.132,46.625],[10.138,46.631],[10.138,46.634],[10.14,46.636],[10.149,46.639],[10.152,46.637],[10.156,46.637],[10.157,46.635],[10.149,46.63],[10.144,46.629],[10.14,46.622],[10.142,46.621],[10.158,46.627],[10.165,46.628],[10.168,46.626],[10.167,46.624],[10.17,46.621],[10.158,46.616],[10.148,46.614],[10.141,46.609],[10.138,46.61],[10.131,46.607],[10.118,46.607],[10.115,46.61],[10.101,46.61],[10.101,46.603]]],[[[10.168,46.626],[10.167,46.628],[10.169,46.628],[10.168,46.626]]],[[[10.123,46.376],[10.119,46.369],[10.116,46.369],[10.113,46.372],[10.107,46.372],[10.101,46.376],[10.104,46.377],[10.111,46.375],[10.113,46.377],[10.118,46.377],[10.114,46.38],[10.127,46.388],[10.131,46.388],[10.135,46.391],[10.131,46.393],[10.148,46.399],[10.144,46.406],[10.157,46.412],[10.161,46.412],[10.163,46.41],[10.162,46.394],[10.15,46.393],[10.149,46.388],[10.146,46.384],[10.136,46.385],[10.13,46.377],[10.123,46.376]]],[[[10.143,46.64],[10.143,46.638],[10.141,46.645],[10.132,46.661],[10.134,46.665],[10.143,46.663],[10.142,46.658],[10.143,46.652],[10.147,46.653],[10.151,46.649],[10.151,46.644],[10.143,46.64]]],[[[10.102,46.405],[10.095,46.403],[10.086,46.407],[10.078,46.414],[10.076,46.418],[10.07,46.419],[10.059,46.428],[10.064,46.43],[10.077,46.43],[10.083,46.426],[10.082,46.423],[10.086,46.422],[10.096,46.422],[10.106,46.429],[10.119,46.428],[10.126,46.431],[10.135,46.43],[10.143,46.426],[10.142,46.423],[10.131,46.427],[10.128,46.424],[10.122,46.423],[10.127,46.418],[10.125,46.416],[10.119,46.418],[10.102,46.416],[10.093,46.417],[10.092,46.415],[10.098,46.412],[10.098,46.409],[10.102,46.405]]],[[[10.107,46.344],[10.105,46.342],[10.102,46.344],[10.103,46.349],[10.099,46.351],[10.104,46.353],[10.104,46.355],[10.098,46.36],[10.106,46.361],[10.109,46.364],[10.119,46.368],[10.121,46.366],[10.121,46.359],[10.108,46.357],[10.107,46.344]]],[[[9.977,46.462],[9.971,46.459],[9.961,46.462],[9.957,46.467],[9.945,46.473],[9.94,46.478],[9.943,46.48],[9.95,46.48],[9.951,46.483],[9.949,46.483],[9.94,46.49],[9.93,46.495],[9.927,46.495],[9.925,46.497],[9.924,46.502],[9.914,46.506],[9.906,46.513],[9.909,46.515],[9.92,46.51],[9.928,46.51],[9.93,46.512],[9.913,46.522],[9.903,46.526],[9.901,46.529],[9.902,46.531],[9.922,46.523],[9.928,46.519],[9.931,46.519],[9.937,46.523],[9.912,46.54],[9.919,46.545],[9.929,46.542],[9.929,46.546],[9.933,46.547],[9.936,46.539],[9.939,46.543],[9.942,46.543],[9.945,46.546],[9.952,46.546],[9.952,46.55],[9.956,46.551],[9.959,46.55],[9.961,46.548],[9.957,46.545],[9.957,46.541],[9.951,46.537],[9.955,46.536],[9.955,46.532],[9.958,46.531],[9.962,46.534],[9.964,46.541],[9.972,46.545],[9.975,46.541],[9.977,46.531],[9.969,46.525],[9.967,46.521],[9.964,46.521],[9.963,46.514],[9.965,46.509],[9.961,46.505],[9.963,46.502],[9.968,46.5],[9.969,46.497],[9.976,46.495],[9.973,46.505],[9.977,46.511],[9.978,46.516],[9.99,46.522],[9.995,46.518],[9.996,46.515],[9.993,46.513],[10.001,46.511],[9.995,46.502],[9.992,46.5],[9.992,46.496],[9.997,46.497],[9.999,46.499],[10.0,46.504],[10.009,46.507],[10.023,46.497],[10.024,46.489],[10.028,46.493],[10.031,46.492],[10.032,46.496],[10.03,46.501],[10.031,46.503],[10.028,46.505],[10.025,46.512],[10.02,46.517],[10.02,46.521],[10.01,46.528],[10.01,46.531],[9.999,46.538],[10.01,46.539],[10.014,46.538],[10.024,46.533],[10.026,46.53],[10.033,46.526],[10.039,46.524],[10.043,46.525],[10.037,46.53],[10.034,46.537],[10.03,46.539],[10.032,46.544],[10.019,46.551],[10.004,46.551],[10.002,46.556],[9.998,46.556],[9.988,46.56],[9.986,46.563],[9.973,46.568],[9.966,46.567],[9.959,46.57],[9.958,46.572],[9.963,46.577],[9.97,46.576],[9.977,46.581],[9.979,46.579],[9.977,46.576],[9.98,46.575],[9.983,46.578],[9.986,46.572],[9.989,46.575],[9.993,46.575],[9.996,46.579],[10.004,46.58],[10.001,46.585],[9.995,46.59],[10.005,46.592],[10.002,46.598],[10.006,46.601],[10.005,46.603],[10.01,46.604],[10.012,46.603],[10.008,46.601],[10.009,46.598],[10.012,46.596],[10.008,46.592],[10.011,46.585],[10.007,46.58],[10.008,46.576],[10.002,46.567],[10.009,46.569],[10.016,46.576],[10.019,46.577],[10.022,46.575],[10.026,46.578],[10.03,46.566],[10.027,46.562],[10.028,46.561],[10.035,46.567],[10.038,46.566],[10.04,46.568],[10.039,46.573],[10.045,46.579],[10.051,46.575],[10.053,46.57],[10.057,46.566],[10.053,46.559],[10.054,46.557],[10.061,46.564],[10.067,46.563],[10.065,46.565],[10.067,46.568],[10.074,46.57],[10.075,46.572],[10.066,46.579],[10.069,46.583],[10.068,46.584],[10.065,46.586],[10.058,46.587],[10.046,46.593],[10.042,46.593],[10.036,46.6],[10.043,46.601],[10.049,46.598],[10.052,46.599],[10.059,46.596],[10.073,46.595],[10.078,46.592],[10.081,46.588],[10.091,46.586],[10.094,46.587],[10.095,46.596],[10.098,46.598],[10.1,46.596],[10.099,46.589],[10.103,46.587],[10.094,46.581],[10.091,46.582],[10.084,46.577],[10.083,46.574],[10.078,46.572],[10.079,46.567],[10.076,46.565],[10.075,46.561],[10.069,46.556],[10.069,46.554],[10.049,46.543],[10.048,46.534],[10.051,46.532],[10.05,46.528],[10.054,46.525],[10.054,46.523],[10.051,46.521],[10.051,46.516],[10.047,46.514],[10.048,46.512],[10.044,46.51],[10.044,46.503],[10.047,46.501],[10.046,46.478],[10.055,46.469],[10.043,46.467],[10.04,46.469],[10.039,46.472],[10.03,46.472],[10.022,46.474],[9.998,46.473],[9.994,46.471],[9.991,46.472],[9.988,46.469],[9.981,46.469],[9.977,46.466],[9.977,46.462]]],[[[10.07,46.226],[10.067,46.224],[10.06,46.224],[10.049,46.231],[10.049,46.235],[10.053,46.237],[10.053,46.239],[10.06,46.248],[10.056,46.251],[10.065,46.254],[10.068,46.251],[10.075,46.252],[10.079,46.25],[10.074,46.248],[10.071,46.244],[10.067,46.244],[10.06,46.235],[10.062,46.228],[10.068,46.228],[10.07,46.226]]],[[[10.058,46.271],[10.043,46.27],[10.038,46.274],[10.038,46.276],[10.044,46.279],[10.049,46.273],[10.058,46.271]]],[[[10.05,46.402],[10.043,46.396],[10.04,46.398],[10.036,46.398],[10.027,46.407],[10.018,46.411],[10.019,46.416],[10.021,46.418],[10.015,46.425],[10.008,46.426],[10.006,46.432],[10.003,46.434],[10.012,46.44],[10.029,46.44],[10.032,46.438],[10.035,46.439],[10.038,46.437],[10.04,46.438],[10.03,46.445],[10.022,46.448],[10.009,46.448],[10.005,46.45],[10.003,46.447],[9.995,46.452],[9.997,46.459],[10.0,46.462],[10.013,46.465],[10.02,46.469],[10.033,46.469],[10.036,46.467],[10.049,46.464],[10.051,46.462],[10.045,46.456],[10.045,46.453],[10.041,46.451],[10.041,46.447],[10.047,46.442],[10.043,46.438],[10.047,46.429],[10.043,46.424],[10.043,46.42],[10.041,46.418],[10.033,46.418],[10.032,46.415],[10.028,46.413],[10.03,46.41],[10.034,46.41],[10.037,46.405],[10.05,46.402]]],[[[9.651,46.291],[9.645,46.287],[9.625,46.287],[9.623,46.289],[9.623,46.296],[9.574,46.297],[9.571,46.299],[9.573,46.306],[9.568,46.308],[9.551,46.307],[9.546,46.309],[9.545,46.313],[9.562,46.315],[9.565,46.313],[9.563,46.31],[9.565,46.309],[9.571,46.31],[9.578,46.309],[9.584,46.312],[9.587,46.307],[9.601,46.307],[9.614,46.316],[9.614,46.323],[9.609,46.328],[9.609,46.33],[9.614,46.332],[9.624,46.331],[9.627,46.332],[9.627,46.334],[9.634,46.337],[9.64,46.334],[9.637,46.329],[9.643,46.33],[9.646,46.327],[9.643,46.325],[9.642,46.318],[9.643,46.316],[9.645,46.32],[9.65,46.322],[9.651,46.325],[9.654,46.327],[9.667,46.331],[9.656,46.333],[9.661,46.336],[9.658,46.342],[9.66,46.344],[9.668,46.344],[9.668,46.347],[9.671,46.349],[9.669,46.353],[9.671,46.356],[9.681,46.355],[9.682,46.358],[9.679,46.362],[9.68,46.366],[9.687,46.367],[9.681,46.371],[9.684,46.373],[9.688,46.373],[9.691,46.377],[9.693,46.375],[9.697,46.375],[9.7,46.373],[9.7,46.37],[9.705,46.368],[9.7,46.365],[9.696,46.359],[9.696,46.337],[9.698,46.339],[9.697,46.346],[9.703,46.356],[9.709,46.359],[9.713,46.359],[9.711,46.362],[9.713,46.363],[9.723,46.361],[9.724,46.364],[9.724,46.373],[9.721,46.375],[9.719,46.379],[9.721,46.384],[9.719,46.386],[9.719,46.391],[9.715,46.395],[9.724,46.4],[9.731,46.399],[9.737,46.404],[9.74,46.402],[9.74,46.395],[9.744,46.395],[9.751,46.381],[9.749,46.371],[9.751,46.37],[9.752,46.366],[9.756,46.374],[9.759,46.376],[9.763,46.376],[9.763,46.386],[9.761,46.388],[9.76,46.397],[9.763,46.398],[9.768,46.394],[9.769,46.391],[9.776,46.386],[9.781,46.385],[9.785,46.376],[9.791,46.37],[9.796,46.373],[9.799,46.378],[9.796,46.38],[9.795,46.39],[9.793,46.394],[9.789,46.396],[9.786,46.401],[9.791,46.405],[9.792,46.409],[9.783,46.415],[9.778,46.416],[9.777,46.419],[9.785,46.425],[9.787,46.425],[9.789,46.43],[9.8,46.433],[9.81,46.438],[9.814,46.438],[9.82,46.444],[9.827,46.444],[9.83,46.442],[9.83,46.445],[9.835,46.449],[9.827,46.453],[9.828,46.456],[9.826,46.458],[9.833,46.463],[9.832,46.467],[9.835,46.469],[9.841,46.467],[9.842,46.474],[9.848,46.474],[9.848,46.476],[9.851,46.479],[9.861,46.482],[9.871,46.482],[9.874,46.48],[9.87,46.473],[9.873,46.471],[9.872,46.468],[9.863,46.462],[9.862,46.457],[9.855,46.451],[9.846,46.433],[9.848,46.431],[9.848,46.426],[9.842,46.422],[9.838,46.417],[9.847,46.411],[9.841,46.406],[9.841,46.404],[9.834,46.4],[9.837,46.397],[9.837,46.395],[9.841,46.393],[9.854,46.404],[9.861,46.407],[9.864,46.405],[9.881,46.405],[9.882,46.408],[9.878,46.413],[9.875,46.414],[9.875,46.417],[9.87,46.424],[9.875,46.425],[9.879,46.428],[9.876,46.43],[9.879,46.434],[9.88,46.439],[9.893,46.452],[9.89,46.455],[9.891,46.457],[9.899,46.459],[9.901,46.461],[9.897,46.466],[9.9,46.469],[9.906,46.463],[9.912,46.463],[9.915,46.461],[9.915,46.458],[9.919,46.458],[9.925,46.454],[9.921,46.445],[9.915,46.445],[9.911,46.443],[9.912,46.441],[9.915,46.444],[9.918,46.441],[9.918,46.438],[9.911,46.436],[9.914,46.431],[9.921,46.428],[9.922,46.425],[9.917,46.418],[9.913,46.418],[9.914,46.416],[9.92,46.417],[9.922,46.416],[9.921,46.413],[9.922,46.411],[9.919,46.409],[9.919,46.402],[9.921,46.407],[9.93,46.417],[9.934,46.418],[9.936,46.413],[9.95,46.413],[9.942,46.415],[9.942,46.424],[9.95,46.426],[9.948,46.429],[9.944,46.431],[9.947,46.435],[9.951,46.435],[9.949,46.444],[9.951,46.446],[9.954,46.446],[9.972,46.439],[9.973,46.437],[9.976,46.437],[9.982,46.432],[9.982,46.43],[9.979,46.427],[9.979,46.423],[9.984,46.419],[9.981,46.414],[9.991,46.421],[9.997,46.418],[9.997,46.416],[10.0,46.414],[9.997,46.409],[9.994,46.408],[9.993,46.405],[9.998,46.405],[10.004,46.409],[10.008,46.409],[10.025,46.398],[10.023,46.395],[10.023,46.391],[10.02,46.389],[10.01,46.388],[10.008,46.385],[10.0,46.381],[9.996,46.381],[9.993,46.378],[9.989,46.378],[9.989,46.374],[9.993,46.37],[9.999,46.373],[10.003,46.373],[10.015,46.369],[10.018,46.366],[10.018,46.363],[10.021,46.359],[10.018,46.356],[10.011,46.355],[10.005,46.352],[9.997,46.344],[9.998,46.341],[10.004,46.34],[9.998,46.336],[9.991,46.336],[9.989,46.338],[9.989,46.34],[9.992,46.342],[9.992,46.352],[9.985,46.352],[9.976,46.358],[9.976,46.361],[9.97,46.361],[9.964,46.365],[9.965,46.379],[9.947,46.379],[9.937,46.375],[9.928,46.368],[9.921,46.371],[9.915,46.371],[9.912,46.373],[9.912,46.376],[9.906,46.38],[9.902,46.38],[9.886,46.372],[9.882,46.372],[9.872,46.363],[9.849,46.364],[9.843,46.361],[9.84,46.362],[9.833,46.361],[9.823,46.353],[9.813,46.351],[9.806,46.346],[9.8,46.344],[9.786,46.342],[9.78,46.338],[9.776,46.338],[9.773,46.336],[9.767,46.336],[9.755,46.345],[9.751,46.345],[9.745,46.35],[9.738,46.35],[9.735,46.348],[9.718,46.348],[9.716,46.296],[9.713,46.294],[9.687,46.295],[9.681,46.3],[9.678,46.299],[9.675,46.302],[9.675,46.304],[9.665,46.304],[9.664,46.297],[9.661,46.295],[9.652,46.296],[9.651,46.291]]],[[[9.874,46.48],[9.873,46.482],[9.875,46.482],[9.874,46.48]]],[[[10.008,46.315],[10.006,46.313],[10.003,46.313],[10.0,46.316],[9.994,46.317],[9.992,46.32],[9.994,46.321],[9.994,46.323],[9.99,46.321],[9.989,46.324],[9.984,46.325],[9.982,46.327],[9.982,46.329],[9.986,46.331],[9.986,46.333],[9.988,46.334],[9.99,46.333],[9.99,46.331],[9.993,46.329],[9.994,46.324],[9.997,46.325],[9.999,46.324],[10.006,46.319],[10.006,46.316],[10.008,46.315]]],[[[9.878,46.912],[9.871,46.912],[9.864,46.915],[9.861,46.914],[9.859,46.919],[9.854,46.919],[9.851,46.917],[9.848,46.926],[9.82,46.938],[9.82,46.942],[9.822,46.944],[9.821,46.947],[9.833,46.943],[9.84,46.944],[9.826,46.96],[9.825,46.962],[9.827,46.964],[9.83,46.962],[9.834,46.963],[9.853,46.955],[9.856,46.952],[9.863,46.951],[9.866,46.949],[9.87,46.95],[9.865,46.955],[9.87,46.959],[9.866,46.96],[9.86,46.966],[9.864,46.968],[9.866,46.973],[9.86,46.976],[9.849,46.977],[9.849,46.98],[9.854,46.984],[9.855,46.989],[9.871,46.988],[9.874,46.986],[9.878,46.988],[9.876,46.99],[9.878,47.0],[9.875,46.998],[9.873,46.999],[9.872,47.004],[9.866,47.006],[9.868,47.007],[9.869,47.011],[9.865,47.009],[9.864,47.011],[9.867,47.013],[9.866,47.015],[9.864,47.015],[9.863,47.018],[9.865,47.022],[9.873,47.02],[9.875,47.015],[9.874,47.008],[9.881,47.003],[9.885,47.003],[9.89,46.999],[9.889,46.99],[9.885,46.986],[9.886,46.983],[9.882,46.975],[9.875,46.968],[9.875,46.963],[9.879,46.959],[9.878,46.948],[9.881,46.945],[9.881,46.936],[9.885,46.936],[9.888,46.933],[9.895,46.933],[9.897,46.931],[9.901,46.931],[9.906,46.927],[9.904,46.925],[9.897,46.925],[9.891,46.923],[9.89,46.92],[9.881,46.917],[9.881,46.914],[9.878,46.912]]],[[[9.658,46.606],[9.661,46.608],[9.655,46.611],[9.651,46.611],[9.646,46.615],[9.652,46.618],[9.642,46.615],[9.637,46.617],[9.636,46.62],[9.626,46.624],[9.624,46.627],[9.629,46.632],[9.633,46.632],[9.636,46.629],[9.639,46.632],[9.642,46.63],[9.645,46.633],[9.643,46.635],[9.646,46.638],[9.648,46.628],[9.651,46.626],[9.655,46.628],[9.656,46.631],[9.662,46.629],[9.665,46.632],[9.669,46.632],[9.672,46.631],[9.674,46.628],[9.672,46.624],[9.668,46.621],[9.672,46.621],[9.678,46.626],[9.682,46.627],[9.684,46.625],[9.681,46.624],[9.682,46.619],[9.671,46.612],[9.674,46.611],[9.681,46.616],[9.688,46.616],[9.688,46.619],[9.691,46.622],[9.698,46.62],[9.701,46.63],[9.7,46.632],[9.702,46.636],[9.705,46.638],[9.709,46.634],[9.702,46.63],[9.703,46.627],[9.711,46.625],[9.713,46.623],[9.71,46.62],[9.711,46.619],[9.717,46.621],[9.721,46.62],[9.716,46.616],[9.715,46.613],[9.72,46.611],[9.72,46.614],[9.727,46.616],[9.737,46.615],[9.739,46.613],[9.724,46.6],[9.729,46.597],[9.742,46.597],[9.745,46.595],[9.742,46.592],[9.726,46.594],[9.722,46.591],[9.722,46.586],[9.726,46.587],[9.732,46.584],[9.735,46.585],[9.742,46.581],[9.743,46.577],[9.741,46.574],[9.734,46.573],[9.744,46.569],[9.752,46.574],[9.752,46.577],[9.755,46.581],[9.765,46.585],[9.771,46.584],[9.774,46.581],[9.787,46.576],[9.797,46.577],[9.8,46.575],[9.836,46.58],[9.842,46.584],[9.846,46.583],[9.856,46.584],[9.863,46.587],[9.869,46.582],[9.872,46.583],[9.869,46.586],[9.889,46.584],[9.892,46.583],[9.896,46.578],[9.888,46.575],[9.881,46.57],[9.872,46.572],[9.868,46.571],[9.862,46.573],[9.852,46.572],[9.846,46.574],[9.823,46.574],[9.806,46.567],[9.789,46.565],[9.787,46.563],[9.784,46.563],[9.78,46.559],[9.77,46.557],[9.763,46.553],[9.757,46.553],[9.751,46.55],[9.743,46.543],[9.743,46.539],[9.74,46.537],[9.74,46.534],[9.736,46.531],[9.736,46.529],[9.743,46.533],[9.747,46.539],[9.756,46.545],[9.767,46.545],[9.776,46.549],[9.787,46.551],[9.799,46.557],[9.816,46.561],[9.821,46.56],[9.822,46.558],[9.829,46.56],[9.835,46.558],[9.84,46.555],[9.835,46.55],[9.834,46.548],[9.835,46.547],[9.841,46.549],[9.845,46.548],[9.844,46.539],[9.839,46.532],[9.831,46.527],[9.821,46.526],[9.812,46.519],[9.817,46.517],[9.824,46.517],[9.829,46.514],[9.823,46.51],[9.816,46.508],[9.809,46.501],[9.8,46.499],[9.79,46.499],[9.784,46.5],[9.781,46.504],[9.777,46.505],[9.774,46.504],[9.774,46.502],[9.777,46.5],[9.777,46.497],[9.784,46.494],[9.792,46.488],[9.792,46.486],[9.788,46.484],[9.787,46.479],[9.78,46.477],[9.779,46.475],[9.776,46.474],[9.773,46.477],[9.763,46.479],[9.757,46.482],[9.754,46.48],[9.75,46.482],[9.744,46.481],[9.741,46.483],[9.737,46.483],[9.734,46.486],[9.732,46.48],[9.728,46.479],[9.721,46.479],[9.718,46.482],[9.708,46.485],[9.701,46.479],[9.692,46.478],[9.692,46.484],[9.679,46.476],[9.672,46.475],[9.67,46.477],[9.671,46.479],[9.662,46.482],[9.666,46.484],[9.666,46.486],[9.669,46.488],[9.669,46.491],[9.66,46.495],[9.663,46.497],[9.67,46.498],[9.68,46.497],[9.685,46.499],[9.684,46.502],[9.677,46.506],[9.673,46.505],[9.67,46.507],[9.66,46.507],[9.657,46.509],[9.677,46.513],[9.677,46.515],[9.67,46.516],[9.667,46.518],[9.668,46.52],[9.673,46.522],[9.673,46.524],[9.668,46.532],[9.663,46.536],[9.67,46.54],[9.662,46.547],[9.649,46.546],[9.644,46.55],[9.652,46.553],[9.656,46.551],[9.662,46.552],[9.655,46.558],[9.656,46.563],[9.659,46.563],[9.657,46.565],[9.659,46.566],[9.666,46.564],[9.675,46.565],[9.674,46.569],[9.676,46.571],[9.679,46.571],[9.683,46.576],[9.689,46.574],[9.692,46.57],[9.697,46.567],[9.696,46.564],[9.698,46.563],[9.711,46.561],[9.712,46.565],[9.708,46.566],[9.702,46.576],[9.702,46.578],[9.706,46.578],[9.709,46.58],[9.703,46.583],[9.693,46.583],[9.69,46.585],[9.692,46.587],[9.7,46.589],[9.694,46.594],[9.684,46.599],[9.68,46.597],[9.674,46.6],[9.671,46.598],[9.661,46.599],[9.659,46.601],[9.658,46.606]],[[9.671,46.612],[9.666,46.612],[9.665,46.61],[9.668,46.61],[9.671,46.612]]],[[[9.612,46.71],[9.61,46.708],[9.606,46.709],[9.603,46.713],[9.593,46.708],[9.588,46.71],[9.582,46.717],[9.581,46.72],[9.582,46.722],[9.584,46.722],[9.587,46.719],[9.594,46.721],[9.6,46.719],[9.604,46.722],[9.595,46.726],[9.596,46.733],[9.588,46.735],[9.581,46.747],[9.585,46.748],[9.59,46.753],[9.588,46.762],[9.591,46.764],[9.589,46.767],[9.59,46.769],[9.588,46.771],[9.588,46.776],[9.585,46.78],[9.587,46.787],[9.583,46.789],[9.582,46.792],[9.579,46.794],[9.579,46.796],[9.576,46.798],[9.576,46.801],[9.587,46.801],[9.588,46.798],[9.584,46.796],[9.584,46.794],[9.587,46.79],[9.6,46.8],[9.603,46.798],[9.6,46.796],[9.611,46.796],[9.609,46.793],[9.605,46.791],[9.608,46.789],[9.606,46.785],[9.597,46.788],[9.596,46.784],[9.606,46.784],[9.609,46.782],[9.613,46.782],[9.624,46.786],[9.624,46.789],[9.63,46.795],[9.629,46.797],[9.634,46.8],[9.63,46.802],[9.637,46.807],[9.64,46.806],[9.639,46.804],[9.64,46.802],[9.646,46.804],[9.65,46.803],[9.653,46.806],[9.656,46.804],[9.658,46.806],[9.669,46.808],[9.673,46.811],[9.676,46.81],[9.678,46.808],[9.669,46.805],[9.667,46.801],[9.669,46.799],[9.666,46.797],[9.66,46.797],[9.661,46.795],[9.659,46.792],[9.656,46.791],[9.652,46.792],[9.65,46.79],[9.646,46.79],[9.648,46.786],[9.645,46.784],[9.632,46.784],[9.629,46.779],[9.636,46.781],[9.648,46.777],[9.645,46.775],[9.642,46.776],[9.639,46.775],[9.642,46.772],[9.645,46.774],[9.65,46.77],[9.64,46.768],[9.639,46.766],[9.641,46.763],[9.645,46.763],[9.65,46.768],[9.658,46.771],[9.676,46.767],[9.664,46.761],[9.659,46.756],[9.659,46.754],[9.654,46.75],[9.653,46.745],[9.647,46.744],[9.644,46.746],[9.647,46.743],[9.647,46.74],[9.644,46.736],[9.647,46.734],[9.655,46.738],[9.662,46.745],[9.664,46.746],[9.667,46.745],[9.666,46.747],[9.671,46.749],[9.672,46.752],[9.675,46.754],[9.687,46.759],[9.697,46.758],[9.7,46.76],[9.701,46.765],[9.697,46.772],[9.704,46.771],[9.707,46.773],[9.711,46.772],[9.715,46.773],[9.716,46.775],[9.708,46.778],[9.714,46.784],[9.721,46.786],[9.718,46.791],[9.721,46.793],[9.736,46.793],[9.728,46.798],[9.726,46.802],[9.738,46.804],[9.738,46.809],[9.743,46.809],[9.745,46.806],[9.748,46.806],[9.746,46.811],[9.748,46.813],[9.755,46.814],[9.76,46.811],[9.762,46.806],[9.767,46.803],[9.774,46.805],[9.776,46.806],[9.768,46.81],[9.768,46.813],[9.775,46.815],[9.777,46.817],[9.785,46.817],[9.792,46.819],[9.797,46.828],[9.793,46.828],[9.788,46.824],[9.781,46.823],[9.775,46.825],[9.772,46.824],[9.765,46.825],[9.757,46.829],[9.756,46.831],[9.752,46.83],[9.751,46.833],[9.753,46.837],[9.752,46.842],[9.759,46.849],[9.766,46.852],[9.769,46.855],[9.767,46.856],[9.76,46.857],[9.74,46.854],[9.733,46.849],[9.727,46.849],[9.727,46.847],[9.723,46.844],[9.711,46.848],[9.711,46.851],[9.705,46.854],[9.705,46.857],[9.701,46.859],[9.698,46.857],[9.681,46.86],[9.677,46.853],[9.673,46.86],[9.669,46.862],[9.655,46.861],[9.652,46.862],[9.645,46.86],[9.639,46.864],[9.626,46.864],[9.613,46.87],[9.597,46.872],[9.596,46.875],[9.6,46.878],[9.607,46.876],[9.613,46.88],[9.62,46.879],[9.623,46.883],[9.627,46.885],[9.633,46.885],[9.632,46.89],[9.637,46.893],[9.643,46.892],[9.649,46.898],[9.649,46.901],[9.647,46.903],[9.648,46.907],[9.645,46.912],[9.646,46.914],[9.645,46.916],[9.648,46.918],[9.655,46.914],[9.651,46.912],[9.654,46.907],[9.653,46.903],[9.66,46.901],[9.66,46.898],[9.667,46.898],[9.668,46.896],[9.664,46.891],[9.665,46.884],[9.659,46.883],[9.655,46.878],[9.656,46.875],[9.669,46.876],[9.672,46.874],[9.679,46.876],[9.688,46.882],[9.693,46.882],[9.695,46.877],[9.702,46.876],[9.706,46.879],[9.707,46.884],[9.712,46.886],[9.713,46.888],[9.711,46.895],[9.712,46.897],[9.716,46.897],[9.722,46.895],[9.726,46.888],[9.726,46.885],[9.73,46.883],[9.726,46.877],[9.728,46.87],[9.732,46.872],[9.732,46.874],[9.74,46.876],[9.738,46.879],[9.745,46.879],[9.746,46.881],[9.75,46.881],[9.754,46.878],[9.761,46.877],[9.762,46.883],[9.759,46.885],[9.761,46.888],[9.778,46.885],[9.78,46.882],[9.779,46.878],[9.781,46.876],[9.784,46.877],[9.787,46.876],[9.787,46.873],[9.793,46.87],[9.797,46.871],[9.8,46.869],[9.807,46.868],[9.816,46.873],[9.823,46.868],[9.829,46.87],[9.839,46.866],[9.849,46.865],[9.851,46.863],[9.851,46.86],[9.859,46.856],[9.855,46.854],[9.849,46.856],[9.842,46.855],[9.839,46.853],[9.834,46.854],[9.832,46.856],[9.829,46.855],[9.827,46.852],[9.83,46.847],[9.834,46.845],[9.831,46.842],[9.829,46.836],[9.826,46.834],[9.835,46.832],[9.832,46.829],[9.818,46.824],[9.811,46.825],[9.814,46.823],[9.811,46.82],[9.807,46.821],[9.812,46.816],[9.811,46.815],[9.801,46.817],[9.797,46.814],[9.795,46.81],[9.798,46.805],[9.787,46.806],[9.785,46.803],[9.785,46.799],[9.787,46.797],[9.793,46.797],[9.795,46.794],[9.788,46.79],[9.791,46.787],[9.78,46.787],[9.777,46.785],[9.778,46.781],[9.776,46.78],[9.772,46.781],[9.77,46.784],[9.767,46.785],[9.765,46.783],[9.766,46.781],[9.763,46.777],[9.763,46.774],[9.77,46.77],[9.763,46.768],[9.746,46.768],[9.74,46.766],[9.743,46.763],[9.756,46.757],[9.746,46.757],[9.743,46.755],[9.74,46.757],[9.726,46.756],[9.728,46.75],[9.748,46.742],[9.751,46.739],[9.748,46.738],[9.739,46.742],[9.732,46.743],[9.73,46.741],[9.732,46.737],[9.729,46.735],[9.725,46.735],[9.719,46.739],[9.712,46.741],[9.706,46.738],[9.699,46.737],[9.695,46.733],[9.692,46.726],[9.682,46.725],[9.675,46.727],[9.678,46.724],[9.676,46.723],[9.669,46.725],[9.663,46.72],[9.656,46.724],[9.653,46.72],[9.643,46.721],[9.639,46.717],[9.627,46.722],[9.62,46.721],[9.621,46.719],[9.619,46.717],[9.621,46.714],[9.62,46.712],[9.609,46.715],[9.612,46.71]],[[9.641,46.763],[9.637,46.761],[9.638,46.759],[9.641,46.763]]],[[[9.834,46.994],[9.822,46.989],[9.82,46.992],[9.812,46.996],[9.814,46.998],[9.814,47.001],[9.801,47.005],[9.806,47.006],[9.806,47.008],[9.809,47.009],[9.816,47.009],[9.82,47.012],[9.812,47.016],[9.812,47.019],[9.815,47.021],[9.82,47.022],[9.824,47.018],[9.835,47.014],[9.836,47.011],[9.842,47.009],[9.852,47.009],[9.842,47.003],[9.832,47.006],[9.83,47.005],[9.829,47.0],[9.834,46.996],[9.834,46.994]]],[[[9.46,46.461],[9.463,46.461],[9.467,46.458],[9.463,46.454],[9.464,46.452],[9.46,46.447],[9.465,46.443],[9.471,46.431],[9.475,46.428],[9.48,46.427],[9.478,46.425],[9.482,46.422],[9.484,46.418],[9.492,46.418],[9.496,46.402],[9.498,46.399],[9.496,46.395],[9.503,46.396],[9.506,46.392],[9.511,46.392],[9.516,46.395],[9.509,46.396],[9.507,46.399],[9.507,46.401],[9.512,46.406],[9.507,46.417],[9.513,46.419],[9.515,46.422],[9.504,46.427],[9.503,46.429],[9.507,46.433],[9.501,46.435],[9.498,46.434],[9.491,46.437],[9.488,46.442],[9.492,46.444],[9.497,46.444],[9.499,46.447],[9.492,46.451],[9.491,46.454],[9.495,46.456],[9.493,46.458],[9.491,46.467],[9.493,46.469],[9.502,46.467],[9.516,46.458],[9.518,46.455],[9.515,46.449],[9.518,46.448],[9.521,46.451],[9.525,46.451],[9.528,46.454],[9.541,46.448],[9.543,46.444],[9.541,46.441],[9.531,46.44],[9.527,46.438],[9.527,46.435],[9.54,46.435],[9.539,46.43],[9.541,46.426],[9.54,46.423],[9.544,46.421],[9.546,46.414],[9.556,46.414],[9.554,46.416],[9.554,46.419],[9.562,46.425],[9.563,46.428],[9.559,46.426],[9.554,46.43],[9.556,46.434],[9.559,46.434],[9.558,46.437],[9.561,46.439],[9.56,46.446],[9.57,46.446],[9.58,46.443],[9.592,46.433],[9.599,46.433],[9.6,46.436],[9.594,46.445],[9.593,46.449],[9.58,46.457],[9.57,46.46],[9.564,46.458],[9.56,46.459],[9.557,46.464],[9.551,46.464],[9.542,46.471],[9.533,46.473],[9.54,46.475],[9.539,46.478],[9.532,46.479],[9.526,46.483],[9.519,46.484],[9.52,46.487],[9.513,46.486],[9.506,46.49],[9.5,46.491],[9.494,46.495],[9.487,46.497],[9.482,46.501],[9.482,46.505],[9.484,46.508],[9.503,46.507],[9.504,46.51],[9.507,46.511],[9.52,46.511],[9.517,46.516],[9.491,46.519],[9.486,46.526],[9.483,46.526],[9.479,46.523],[9.476,46.526],[9.465,46.524],[9.461,46.526],[9.461,46.528],[9.464,46.531],[9.456,46.533],[9.451,46.537],[9.451,46.54],[9.453,46.542],[9.458,46.544],[9.456,46.549],[9.46,46.55],[9.462,46.549],[9.462,46.546],[9.469,46.545],[9.473,46.546],[9.476,46.549],[9.479,46.549],[9.486,46.545],[9.496,46.545],[9.499,46.548],[9.496,46.548],[9.487,46.555],[9.487,46.557],[9.491,46.559],[9.49,46.56],[9.486,46.558],[9.475,46.562],[9.478,46.564],[9.477,46.567],[9.47,46.572],[9.469,46.578],[9.484,46.575],[9.486,46.573],[9.49,46.575],[9.493,46.572],[9.494,46.573],[9.491,46.575],[9.49,46.582],[9.481,46.583],[9.472,46.589],[9.461,46.59],[9.458,46.594],[9.465,46.597],[9.471,46.597],[9.475,46.595],[9.478,46.597],[9.48,46.595],[9.488,46.595],[9.491,46.593],[9.495,46.595],[9.493,46.6],[9.488,46.602],[9.485,46.607],[9.478,46.61],[9.476,46.614],[9.469,46.618],[9.469,46.62],[9.472,46.622],[9.482,46.621],[9.483,46.62],[9.482,46.618],[9.489,46.619],[9.492,46.617],[9.498,46.617],[9.502,46.618],[9.499,46.622],[9.494,46.624],[9.486,46.631],[9.489,46.632],[9.492,46.63],[9.496,46.63],[9.499,46.636],[9.501,46.633],[9.509,46.633],[9.512,46.631],[9.509,46.626],[9.512,46.622],[9.526,46.624],[9.528,46.622],[9.521,46.618],[9.518,46.619],[9.505,46.613],[9.508,46.611],[9.497,46.604],[9.504,46.604],[9.506,46.602],[9.506,46.599],[9.504,46.598],[9.505,46.595],[9.503,46.593],[9.503,46.588],[9.506,46.586],[9.506,46.581],[9.52,46.583],[9.527,46.593],[9.533,46.589],[9.542,46.588],[9.535,46.583],[9.533,46.578],[9.529,46.579],[9.522,46.568],[9.519,46.566],[9.514,46.566],[9.512,46.563],[9.513,46.562],[9.516,46.563],[9.518,46.559],[9.517,46.554],[9.509,46.553],[9.506,46.55],[9.508,46.548],[9.508,46.543],[9.511,46.539],[9.508,46.534],[9.511,46.532],[9.522,46.541],[9.522,46.543],[9.525,46.546],[9.535,46.549],[9.542,46.547],[9.544,46.54],[9.547,46.538],[9.537,46.533],[9.536,46.525],[9.533,46.522],[9.533,46.52],[9.543,46.525],[9.547,46.524],[9.545,46.527],[9.55,46.531],[9.554,46.531],[9.555,46.529],[9.557,46.529],[9.558,46.531],[9.566,46.535],[9.567,46.54],[9.571,46.542],[9.571,46.545],[9.567,46.553],[9.57,46.558],[9.578,46.566],[9.584,46.564],[9.586,46.562],[9.58,46.555],[9.581,46.553],[9.577,46.551],[9.577,46.548],[9.584,46.551],[9.6,46.548],[9.596,46.544],[9.596,46.539],[9.594,46.535],[9.585,46.535],[9.586,46.531],[9.583,46.526],[9.577,46.524],[9.573,46.525],[9.567,46.522],[9.572,46.517],[9.554,46.509],[9.552,46.506],[9.546,46.505],[9.543,46.502],[9.556,46.501],[9.566,46.504],[9.569,46.501],[9.572,46.503],[9.585,46.495],[9.582,46.492],[9.584,46.488],[9.574,46.48],[9.578,46.481],[9.586,46.49],[9.595,46.493],[9.598,46.496],[9.597,46.501],[9.593,46.503],[9.598,46.509],[9.604,46.505],[9.601,46.503],[9.605,46.504],[9.618,46.502],[9.618,46.499],[9.613,46.498],[9.619,46.494],[9.62,46.485],[9.617,46.48],[9.619,46.476],[9.622,46.474],[9.623,46.471],[9.626,46.475],[9.633,46.475],[9.637,46.471],[9.629,46.467],[9.628,46.46],[9.625,46.458],[9.625,46.456],[9.619,46.453],[9.618,46.444],[9.632,46.451],[9.636,46.458],[9.639,46.459],[9.648,46.455],[9.651,46.448],[9.651,46.443],[9.655,46.444],[9.661,46.441],[9.669,46.448],[9.666,46.452],[9.666,46.455],[9.668,46.456],[9.675,46.458],[9.684,46.457],[9.687,46.454],[9.694,46.454],[9.695,46.459],[9.701,46.463],[9.712,46.463],[9.714,46.467],[9.723,46.472],[9.734,46.471],[9.737,46.473],[9.743,46.47],[9.753,46.47],[9.774,46.462],[9.778,46.459],[9.769,46.457],[9.765,46.453],[9.759,46.453],[9.756,46.449],[9.749,46.448],[9.749,46.446],[9.744,46.444],[9.739,46.445],[9.736,46.442],[9.725,46.442],[9.719,46.44],[9.713,46.435],[9.706,46.434],[9.705,46.431],[9.702,46.429],[9.703,46.427],[9.695,46.427],[9.699,46.425],[9.699,46.423],[9.689,46.417],[9.684,46.416],[9.676,46.41],[9.659,46.41],[9.656,46.408],[9.646,46.409],[9.646,46.406],[9.643,46.404],[9.637,46.407],[9.63,46.403],[9.623,46.404],[9.62,46.402],[9.606,46.402],[9.601,46.398],[9.597,46.397],[9.59,46.398],[9.59,46.395],[9.594,46.393],[9.61,46.389],[9.62,46.39],[9.623,46.392],[9.633,46.391],[9.639,46.394],[9.643,46.394],[9.645,46.392],[9.645,46.39],[9.636,46.384],[9.622,46.384],[9.619,46.382],[9.613,46.382],[9.612,46.373],[9.609,46.371],[9.606,46.37],[9.586,46.371],[9.584,46.373],[9.58,46.373],[9.573,46.369],[9.567,46.369],[9.564,46.367],[9.56,46.367],[9.557,46.369],[9.547,46.369],[9.544,46.363],[9.542,46.365],[9.528,46.366],[9.521,46.363],[9.511,46.365],[9.508,46.363],[9.498,46.362],[9.496,46.363],[9.496,46.366],[9.482,46.368],[9.47,46.373],[9.466,46.373],[9.46,46.378],[9.46,46.38],[9.464,46.382],[9.464,46.387],[9.467,46.388],[9.464,46.391],[9.465,46.409],[9.462,46.411],[9.462,46.414],[9.453,46.42],[9.453,46.429],[9.456,46.432],[9.457,46.436],[9.457,46.445],[9.459,46.447],[9.459,46.45],[9.457,46.456],[9.46,46.461]]],[[[9.463,46.461],[9.461,46.468],[9.467,46.469],[9.463,46.461]]],[[[9.753,47.027],[9.744,47.026],[9.744,47.029],[9.741,47.027],[9.735,47.029],[9.715,47.028],[9.713,47.03],[9.717,47.032],[9.738,47.035],[9.739,47.038],[9.748,47.042],[9.751,47.039],[9.758,47.038],[9.755,47.036],[9.746,47.036],[9.746,47.034],[9.755,47.029],[9.753,47.027]]],[[[9.758,47.038],[9.758,47.04],[9.768,47.04],[9.761,47.037],[9.758,47.038]]],[[[9.742,47.043],[9.742,47.041],[9.732,47.042],[9.729,47.044],[9.719,47.044],[9.702,47.048],[9.701,47.05],[9.706,47.052],[9.709,47.049],[9.722,47.049],[9.725,47.048],[9.725,47.046],[9.739,47.046],[9.742,47.043]]],[[[9.586,47.041],[9.576,47.039],[9.567,47.043],[9.566,47.046],[9.561,47.049],[9.554,47.049],[9.552,47.051],[9.556,47.057],[9.561,47.059],[9.565,47.057],[9.571,47.059],[9.578,47.059],[9.578,47.062],[9.573,47.066],[9.572,47.073],[9.565,47.076],[9.565,47.079],[9.579,47.075],[9.578,47.071],[9.582,47.071],[9.584,47.068],[9.581,47.067],[9.581,47.065],[9.585,47.068],[9.591,47.067],[9.605,47.071],[9.607,47.072],[9.601,47.075],[9.605,47.077],[9.611,47.077],[9.613,47.074],[9.613,47.068],[9.607,47.063],[9.62,47.055],[9.627,47.056],[9.63,47.053],[9.634,47.053],[9.647,47.062],[9.67,47.061],[9.673,47.064],[9.68,47.064],[9.683,47.061],[9.687,47.062],[9.693,47.056],[9.696,47.057],[9.701,47.052],[9.699,47.051],[9.695,47.053],[9.689,47.053],[9.68,47.057],[9.675,47.057],[9.677,47.06],[9.673,47.058],[9.663,47.059],[9.657,47.056],[9.653,47.056],[9.651,47.051],[9.647,47.048],[9.637,47.048],[9.633,47.05],[9.623,47.049],[9.614,47.051],[9.6,47.046],[9.584,47.053],[9.581,47.049],[9.577,47.05],[9.581,47.045],[9.587,47.043],[9.586,47.041]]],[[[9.611,47.077],[9.608,47.082],[9.603,47.084],[9.605,47.088],[9.603,47.09],[9.606,47.093],[9.609,47.09],[9.622,47.09],[9.629,47.088],[9.625,47.086],[9.622,47.087],[9.62,47.086],[9.617,47.083],[9.62,47.081],[9.615,47.076],[9.611,47.077]]],[[[9.605,47.088],[9.6,47.088],[9.602,47.09],[9.605,47.088]]],[[[9.607,47.014],[9.602,47.013],[9.595,47.019],[9.601,47.027],[9.601,47.03],[9.605,47.032],[9.61,47.032],[9.604,47.027],[9.609,47.025],[9.613,47.026],[9.619,47.025],[9.619,47.023],[9.609,47.017],[9.607,47.014]]],[[[9.495,46.771],[9.498,46.773],[9.507,46.769],[9.517,46.771],[9.525,46.768],[9.519,46.766],[9.519,46.763],[9.525,46.757],[9.524,46.754],[9.516,46.751],[9.509,46.746],[9.511,46.743],[9.506,46.739],[9.501,46.741],[9.501,46.744],[9.499,46.746],[9.503,46.749],[9.507,46.748],[9.512,46.755],[9.509,46.757],[9.508,46.759],[9.509,46.761],[9.506,46.764],[9.495,46.771]]],[[[9.498,46.773],[9.494,46.773],[9.491,46.775],[9.489,46.778],[9.485,46.78],[9.485,46.782],[9.498,46.792],[9.502,46.792],[9.505,46.79],[9.506,46.786],[9.495,46.78],[9.502,46.777],[9.498,46.773]]],[[[9.462,46.879],[9.456,46.879],[9.453,46.885],[9.451,46.886],[9.451,46.891],[9.453,46.892],[9.456,46.89],[9.463,46.89],[9.465,46.893],[9.463,46.895],[9.463,46.899],[9.458,46.902],[9.473,46.91],[9.477,46.911],[9.48,46.91],[9.482,46.908],[9.473,46.905],[9.469,46.899],[9.473,46.898],[9.474,46.897],[9.472,46.895],[9.476,46.894],[9.477,46.892],[9.474,46.89],[9.469,46.891],[9.468,46.888],[9.466,46.887],[9.458,46.886],[9.465,46.881],[9.462,46.879]]],[[[7.085,46.22],[7.095,46.218],[7.098,46.222],[7.102,46.224],[7.108,46.226],[7.109,46.233],[7.113,46.238],[7.113,46.242],[7.11,46.244],[7.111,46.247],[7.118,46.248],[7.121,46.251],[7.125,46.251],[7.128,46.254],[7.128,46.256],[7.135,46.26],[7.133,46.267],[7.136,46.272],[7.14,46.271],[7.144,46.274],[7.154,46.276],[7.14,46.276],[7.121,46.266],[7.111,46.271],[7.103,46.271],[7.105,46.273],[7.118,46.275],[7.124,46.279],[7.128,46.278],[7.137,46.279],[7.138,46.281],[7.147,46.284],[7.148,46.287],[7.146,46.292],[7.15,46.294],[7.157,46.294],[7.163,46.298],[7.16,46.301],[7.156,46.299],[7.155,46.301],[7.149,46.303],[7.143,46.301],[7.136,46.301],[7.133,46.298],[7.121,46.295],[7.114,46.294],[7.111,46.296],[7.111,46.299],[7.114,46.3],[7.118,46.298],[7.124,46.3],[7.127,46.305],[7.134,46.306],[7.14,46.312],[7.139,46.314],[7.131,46.316],[7.127,46.319],[7.125,46.321],[7.127,46.323],[7.134,46.32],[7.14,46.321],[7.143,46.316],[7.152,46.319],[7.157,46.326],[7.163,46.319],[7.179,46.318],[7.186,46.321],[7.186,46.332],[7.179,46.334],[7.176,46.337],[7.18,46.341],[7.189,46.346],[7.202,46.347],[7.205,46.348],[7.21,46.353],[7.221,46.353],[7.224,46.355],[7.237,46.356],[7.244,46.354],[7.254,46.354],[7.254,46.356],[7.252,46.357],[7.255,46.364],[7.26,46.368],[7.263,46.367],[7.273,46.372],[7.281,46.371],[7.279,46.369],[7.283,46.367],[7.286,46.37],[7.296,46.368],[7.299,46.37],[7.3,46.373],[7.295,46.38],[7.302,46.383],[7.305,46.387],[7.312,46.385],[7.322,46.389],[7.329,46.389],[7.332,46.387],[7.331,46.385],[7.328,46.385],[7.328,46.382],[7.331,46.382],[7.333,46.38],[7.331,46.379],[7.331,46.376],[7.338,46.377],[7.344,46.384],[7.348,46.386],[7.354,46.386],[7.358,46.389],[7.358,46.393],[7.352,46.396],[7.352,46.4],[7.361,46.406],[7.374,46.407],[7.375,46.409],[7.373,46.411],[7.375,46.418],[7.374,46.421],[7.372,46.423],[7.367,46.423],[7.365,46.425],[7.366,46.427],[7.361,46.434],[7.351,46.439],[7.335,46.441],[7.329,46.445],[7.331,46.447],[7.336,46.447],[7.338,46.45],[7.344,46.452],[7.346,46.459],[7.342,46.461],[7.344,46.464],[7.348,46.464],[7.351,46.467],[7.352,46.465],[7.359,46.463],[7.36,46.461],[7.358,46.459],[7.358,46.456],[7.36,46.452],[7.363,46.45],[7.357,46.443],[7.364,46.446],[7.367,46.443],[7.367,46.438],[7.364,46.436],[7.374,46.436],[7.37357894736842,46.437894736842104],[7.37,46.437],[7.369,46.438],[7.373555555555555,46.438],[7.372,46.445],[7.374,46.448],[7.377,46.447],[7.38,46.457],[7.38,46.462],[7.375,46.468],[7.377,46.47],[7.383,46.468],[7.386,46.465],[7.386,46.459],[7.389,46.456],[7.389,46.459],[7.393,46.464],[7.405,46.47],[7.409,46.47],[7.41,46.468],[7.408,46.465],[7.403,46.464],[7.398,46.456],[7.391,46.452],[7.389,46.447],[7.386,46.445],[7.386,46.436],[7.388,46.432],[7.387,46.43],[7.383,46.429],[7.382,46.427],[7.383,46.425],[7.391,46.425],[7.391,46.427],[7.396,46.432],[7.403,46.434],[7.407,46.438],[7.409,46.444],[7.412,46.443],[7.413,46.438],[7.416,46.436],[7.413,46.434],[7.413,46.426],[7.406,46.425],[7.399,46.42],[7.386,46.416],[7.397,46.411],[7.396,46.409],[7.39,46.406],[7.386,46.398],[7.387,46.397],[7.4,46.4],[7.402,46.405],[7.406,46.404],[7.413,46.406],[7.416,46.403],[7.422,46.406],[7.426,46.406],[7.433,46.405],[7.429,46.404],[7.422,46.398],[7.407,46.393],[7.409,46.391],[7.414,46.391],[7.442,46.395],[7.455,46.399],[7.461,46.409],[7.465,46.408],[7.468,46.411],[7.478,46.408],[7.488,46.409],[7.5,46.416],[7.503,46.423],[7.51,46.426],[7.514,46.425],[7.517,46.427],[7.518,46.432],[7.51,46.433],[7.507,46.437],[7.501,46.438],[7.501,46.441],[7.495,46.441],[7.491,46.439],[7.489,46.441],[7.491,46.443],[7.48,46.445],[7.492,46.452],[7.487,46.459],[7.489,46.463],[7.488,46.47],[7.481,46.472],[7.478,46.474],[7.477,46.477],[7.471,46.477],[7.466,46.481],[7.468,46.483],[7.474,46.484],[7.479,46.49],[7.472,46.492],[7.471,46.496],[7.468,46.495],[7.462,46.499],[7.461,46.501],[7.463,46.504],[7.469,46.508],[7.465,46.51],[7.452,46.511],[7.451,46.513],[7.461,46.518],[7.471,46.516],[7.481,46.511],[7.482,46.513],[7.481,46.515],[7.497,46.514],[7.504,46.516],[7.505,46.517],[7.504,46.518],[7.501,46.517],[7.491,46.52],[7.481,46.528],[7.466,46.533],[7.464,46.535],[7.466,46.542],[7.471,46.545],[7.484,46.546],[7.483,46.549],[7.486,46.549],[7.492,46.544],[7.487,46.542],[7.486,46.54],[7.488,46.538],[7.494,46.538],[7.507,46.528],[7.506,46.531],[7.51,46.533],[7.511,46.531],[7.514,46.53],[7.517,46.531],[7.52,46.538],[7.53,46.541],[7.534,46.544],[7.523,46.545],[7.517,46.544],[7.514,46.549],[7.528,46.553],[7.525,46.555],[7.527,46.557],[7.527,46.56],[7.53,46.562],[7.534,46.562],[7.531,46.564],[7.53,46.567],[7.527,46.567],[7.525,46.571],[7.522,46.573],[7.531,46.575],[7.536,46.579],[7.547,46.578],[7.548,46.573],[7.546,46.572],[7.546,46.57],[7.548,46.569],[7.545,46.562],[7.549,46.559],[7.569,46.565],[7.572,46.564],[7.574,46.56],[7.567,46.553],[7.568,46.548],[7.565,46.546],[7.565,46.542],[7.554,46.537],[7.553,46.535],[7.542,46.533],[7.544,46.528],[7.536,46.524],[7.533,46.519],[7.534,46.517],[7.526,46.515],[7.525,46.513],[7.536,46.503],[7.546,46.507],[7.553,46.507],[7.554,46.506],[7.549,46.501],[7.54,46.497],[7.52,46.507],[7.518,46.504],[7.519,46.501],[7.518,46.499],[7.51,46.495],[7.497,46.497],[7.495,46.495],[7.499,46.49],[7.499,46.486],[7.491,46.481],[7.493,46.474],[7.501,46.477],[7.502,46.474],[7.504,46.473],[7.514,46.48],[7.517,46.48],[7.522,46.477],[7.514,46.469],[7.509,46.468],[7.497,46.461],[7.5,46.452],[7.504,46.456],[7.51,46.454],[7.513,46.456],[7.511,46.459],[7.52,46.462],[7.522,46.459],[7.522,46.454],[7.52,46.453],[7.52,46.451],[7.526,46.456],[7.538,46.456],[7.543,46.462],[7.549,46.452],[7.567,46.454],[7.572,46.458],[7.581,46.458],[7.579,46.46],[7.574,46.461],[7.579,46.463],[7.582,46.47],[7.58,46.472],[7.582,46.475],[7.593,46.474],[7.603,46.479],[7.603,46.483],[7.605,46.485],[7.612,46.485],[7.615,46.49],[7.607,46.494],[7.608,46.496],[7.619,46.503],[7.621,46.51],[7.619,46.515],[7.624,46.515],[7.628,46.51],[7.628,46.512],[7.638,46.517],[7.637,46.52],[7.639,46.521],[7.637,46.523],[7.637,46.526],[7.634,46.529],[7.626,46.53],[7.635,46.537],[7.637,46.544],[7.639,46.542],[7.639,46.537],[7.643,46.535],[7.643,46.53],[7.645,46.528],[7.643,46.526],[7.644,46.525],[7.647,46.528],[7.65,46.526],[7.648,46.524],[7.649,46.519],[7.643,46.515],[7.646,46.512],[7.655,46.51],[7.643,46.508],[7.647,46.506],[7.646,46.503],[7.641,46.5],[7.637,46.502],[7.637,46.5],[7.639,46.499],[7.637,46.498],[7.63,46.499],[7.628,46.497],[7.624,46.497],[7.624,46.493],[7.628,46.496],[7.631,46.496],[7.635,46.492],[7.633,46.49],[7.641,46.491],[7.646,46.488],[7.644,46.486],[7.634,46.483],[7.631,46.48],[7.627,46.485],[7.625,46.481],[7.618,46.477],[7.618,46.474],[7.616,46.472],[7.618,46.471],[7.621,46.473],[7.623,46.472],[7.62,46.467],[7.614,46.461],[7.611,46.461],[7.614,46.46],[7.618,46.462],[7.621,46.458],[7.624,46.459],[7.63,46.465],[7.634,46.464],[7.636,46.465],[7.637,46.468],[7.644,46.472],[7.646,46.47],[7.646,46.465],[7.627,46.45],[7.627,46.445],[7.625,46.443],[7.626,46.44],[7.631,46.438],[7.635,46.44],[7.637,46.445],[7.634,46.45],[7.637,46.453],[7.64,46.452],[7.64,46.449],[7.641,46.452],[7.647,46.453],[7.649,46.452],[7.649,46.449],[7.651,46.449],[7.651,46.452],[7.648,46.454],[7.657,46.458],[7.666,46.458],[7.679,46.451],[7.683,46.453],[7.696,46.453],[7.718,46.439],[7.725,46.441],[7.741,46.442],[7.749,46.447],[7.751,46.451],[7.755,46.451],[7.758,46.453],[7.761,46.456],[7.754,46.453],[7.753,46.456],[7.76,46.463],[7.765,46.465],[7.754,46.469],[7.753,46.465],[7.75,46.463],[7.75,46.46],[7.745,46.458],[7.741,46.459],[7.735,46.455],[7.722,46.461],[7.715,46.462],[7.714,46.463],[7.716,46.467],[7.702,46.466],[7.699,46.469],[7.696,46.468],[7.693,46.47],[7.689,46.469],[7.676,46.471],[7.673,46.474],[7.675,46.479],[7.68,46.478],[7.683,46.486],[7.693,46.485],[7.694,46.488],[7.704,46.49],[7.704,46.492],[7.706,46.493],[7.712,46.49],[7.715,46.492],[7.722,46.493],[7.745,46.494],[7.746,46.496],[7.737,46.501],[7.738,46.503],[7.734,46.51],[7.735,46.513],[7.729,46.514],[7.722,46.511],[7.716,46.511],[7.706,46.514],[7.696,46.513],[7.694,46.515],[7.705,46.526],[7.709,46.525],[7.714,46.53],[7.709,46.538],[7.702,46.539],[7.7,46.541],[7.698,46.544],[7.698,46.548],[7.693,46.551],[7.696,46.557],[7.699,46.559],[7.699,46.562],[7.706,46.559],[7.712,46.552],[7.719,46.548],[7.722,46.548],[7.722,46.545],[7.715,46.544],[7.715,46.541],[7.718,46.539],[7.718,46.537],[7.722,46.538],[7.725,46.536],[7.732,46.54],[7.743,46.541],[7.745,46.543],[7.749,46.541],[7.748,46.539],[7.755,46.541],[7.758,46.539],[7.765,46.54],[7.768,46.537],[7.778,46.536],[7.781,46.532],[7.781,46.528],[7.787,46.524],[7.794,46.523],[7.795,46.525],[7.791,46.528],[7.796,46.532],[7.795,46.534],[7.787,46.535],[7.785,46.539],[7.796,46.543],[7.791,46.547],[7.785,46.548],[7.783,46.55],[7.783,46.553],[7.774,46.554],[7.773,46.557],[7.769,46.559],[7.775,46.562],[7.788,46.563],[7.798,46.566],[7.805,46.575],[7.805,46.577],[7.804,46.578],[7.8,46.577],[7.794,46.581],[7.778,46.58],[7.775,46.582],[7.779,46.589],[7.779,46.591],[7.774,46.595],[7.776,46.598],[7.755,46.592],[7.752,46.595],[7.754,46.602],[7.761,46.604],[7.765,46.608],[7.775,46.61],[7.781,46.608],[7.783,46.604],[7.788,46.603],[7.789,46.602],[7.787,46.6],[7.808,46.597],[7.808,46.602],[7.805,46.604],[7.803,46.611],[7.8,46.613],[7.801,46.616],[7.807,46.613],[7.805,46.611],[7.814,46.604],[7.818,46.604],[7.817,46.608],[7.819,46.609],[7.827,46.61],[7.829,46.609],[7.83,46.606],[7.834,46.606],[7.837,46.609],[7.84,46.618],[7.846,46.627],[7.856,46.625],[7.864,46.626],[7.866,46.628],[7.872,46.624],[7.869,46.622],[7.863,46.623],[7.856,46.619],[7.856,46.617],[7.853,46.615],[7.866,46.616],[7.867,46.613],[7.862,46.608],[7.846,46.6],[7.846,46.598],[7.849,46.597],[7.849,46.595],[7.846,46.589],[7.843,46.588],[7.842,46.586],[7.856,46.593],[7.863,46.599],[7.866,46.597],[7.876,46.601],[7.878,46.597],[7.873,46.593],[7.87,46.588],[7.872,46.581],[7.873,46.584],[7.878,46.584],[7.881,46.575],[7.879,46.572],[7.865,46.568],[7.864,46.566],[7.865,46.561],[7.856,46.561],[7.849,46.559],[7.857,46.555],[7.859,46.552],[7.865,46.55],[7.856,46.546],[7.849,46.545],[7.847,46.548],[7.842,46.548],[7.839,46.546],[7.838,46.541],[7.836,46.541],[7.833,46.537],[7.829,46.537],[7.829,46.534],[7.826,46.529],[7.834,46.528],[7.83,46.521],[7.831,46.521],[7.836,46.523],[7.839,46.528],[7.843,46.526],[7.852,46.531],[7.856,46.53],[7.862,46.531],[7.865,46.528],[7.872,46.53],[7.875,46.535],[7.879,46.535],[7.882,46.534],[7.881,46.532],[7.886,46.53],[7.881,46.525],[7.865,46.519],[7.864,46.516],[7.861,46.514],[7.862,46.507],[7.865,46.51],[7.872,46.513],[7.875,46.511],[7.882,46.511],[7.887,46.509],[7.911,46.513],[7.912,46.516],[7.911,46.518],[7.916,46.525],[7.925,46.525],[7.926,46.53],[7.929,46.534],[7.921,46.539],[7.919,46.543],[7.922,46.552],[7.917,46.554],[7.917,46.559],[7.921,46.562],[7.924,46.56],[7.935,46.559],[7.934,46.561],[7.937,46.563],[7.947,46.562],[7.954,46.563],[7.959,46.565],[7.96,46.57],[7.968,46.572],[7.959,46.579],[7.957,46.586],[7.952,46.583],[7.942,46.583],[7.944,46.592],[7.947,46.595],[7.952,46.595],[7.964,46.591],[7.967,46.587],[7.97,46.587],[7.974,46.591],[7.98,46.589],[7.983,46.592],[7.997,46.594],[8.003,46.596],[8.006,46.599],[8.016,46.6],[8.019,46.602],[8.028,46.603],[8.036,46.606],[8.042,46.605],[8.044,46.603],[8.045,46.598],[8.048,46.596],[8.045,46.593],[8.045,46.591],[8.053,46.59],[8.058,46.586],[8.071,46.587],[8.075,46.589],[8.08,46.589],[8.085,46.592],[8.078,46.595],[8.068,46.596],[8.069,46.601],[8.073,46.603],[8.066,46.605],[8.064,46.61],[8.058,46.612],[8.057,46.614],[8.06,46.617],[8.078,46.626],[8.083,46.625],[8.081,46.623],[8.085,46.625],[8.088,46.622],[8.102,46.623],[8.092,46.625],[8.092,46.63],[8.085,46.632],[8.094,46.643],[8.091,46.646],[8.091,46.652],[8.099,46.655],[8.095,46.657],[8.087,46.657],[8.085,46.662],[8.079,46.662],[8.069,46.658],[8.056,46.658],[8.049,46.663],[8.046,46.662],[8.043,46.656],[8.036,46.654],[8.02,46.66],[8.015,46.657],[8.012,46.657],[8.007,46.66],[8.006,46.657],[8.004,46.656],[7.997,46.661],[7.981,46.657],[7.966,46.66],[7.958,46.66],[7.955,46.662],[7.956,46.664],[7.955,46.665],[7.948,46.663],[7.946,46.664],[7.947,46.667],[7.943,46.669],[7.938,46.667],[7.932,46.667],[7.929,46.669],[7.932,46.672],[7.943,46.673],[7.949,46.682],[7.949,46.685],[7.962,46.688],[7.965,46.69],[7.971,46.688],[7.975,46.69],[7.982,46.689],[7.985,46.691],[7.983,46.693],[7.986,46.696],[7.987,46.698],[7.986,46.7],[7.988,46.702],[7.998,46.701],[8.011,46.703],[8.013,46.702],[8.01,46.7],[8.01,46.698],[8.017,46.696],[8.011173913043477,46.691144927536236],[8.024,46.692],[8.027,46.69],[8.03,46.691],[8.033,46.688],[8.037,46.688],[8.04,46.691],[8.037,46.695],[8.037,46.698],[8.034,46.7],[8.037,46.702],[8.035,46.704],[8.035,46.707],[8.037,46.709],[8.036,46.713],[8.037,46.714],[8.05,46.714],[8.06,46.717],[8.068,46.715],[8.066,46.713],[8.07,46.715],[8.076,46.711],[8.086,46.711],[8.094,46.713],[8.099,46.717],[8.108,46.717],[8.112,46.719],[8.118,46.717],[8.115,46.715],[8.129,46.714],[8.132,46.712],[8.132,46.715],[8.135,46.718],[8.138,46.717],[8.146,46.711],[8.145,46.707],[8.142,46.709],[8.141,46.708],[8.153,46.701],[8.151,46.699],[8.145,46.699],[8.141,46.695],[8.137,46.695],[8.132,46.691],[8.118,46.691],[8.115,46.686],[8.118,46.684],[8.118,46.681],[8.105,46.677],[8.104,46.675],[8.106,46.673],[8.103,46.668],[8.104,46.666],[8.102,46.664],[8.098,46.666],[8.098,46.664],[8.102,46.663],[8.109,46.664],[8.111,46.659],[8.115,46.662],[8.125,46.665],[8.126,46.663],[8.131,46.663],[8.134,46.666],[8.131,46.67],[8.148,46.676],[8.154,46.672],[8.154,46.668499999999995],[8.157,46.674],[8.159,46.672],[8.164,46.673],[8.17,46.669],[8.174,46.673],[8.174,46.675],[8.168,46.681],[8.181,46.691],[8.184,46.69],[8.184,46.692],[8.187,46.694],[8.194,46.694],[8.195,46.692],[8.186,46.683],[8.184,46.673],[8.179,46.672],[8.179,46.665],[8.176,46.663],[8.177,46.661],[8.19,46.656],[8.192,46.652],[8.188,46.65],[8.189,46.647],[8.203,46.64],[8.213,46.638],[8.222,46.641],[8.231,46.636],[8.231,46.633],[8.222,46.627],[8.231,46.629],[8.231,46.631],[8.235,46.633],[8.239,46.631],[8.245,46.638],[8.242,46.641],[8.237,46.642],[8.235,46.647],[8.232,46.647],[8.233,46.649],[8.232,46.65],[8.228,46.652],[8.219,46.653],[8.223,46.656],[8.222,46.658],[8.224,46.661],[8.224,46.67],[8.227,46.674],[8.232,46.674],[8.232,46.667],[8.239,46.662],[8.245,46.663],[8.259,46.66],[8.261,46.658],[8.253,46.649],[8.255,46.648],[8.262,46.65],[8.275,46.65],[8.281,46.646],[8.288,46.645],[8.29,46.642],[8.287,46.638],[8.287,46.635],[8.284,46.633],[8.284,46.63],[8.294,46.629],[8.294,46.626],[8.29,46.624],[8.296,46.622],[8.294,46.62],[8.284,46.62],[8.281,46.622],[8.277,46.622],[8.277,46.617],[8.28,46.615],[8.28,46.613],[8.277,46.611],[8.281,46.611],[8.284,46.613],[8.294,46.612],[8.299,46.608],[8.296,46.606],[8.297,46.605],[8.3,46.606],[8.303,46.605],[8.305,46.601],[8.314,46.597],[8.312,46.592],[8.318,46.59],[8.316,46.588],[8.323,46.58],[8.329,46.582],[8.334,46.579],[8.329,46.577],[8.326,46.573],[8.32,46.577],[8.308,46.577],[8.306,46.575],[8.301,46.575],[8.3,46.573],[8.298,46.575],[8.295,46.575],[8.293,46.573],[8.283,46.573],[8.28,46.571],[8.277,46.571],[8.268,46.577],[8.26,46.575],[8.247,46.575],[8.238,46.578],[8.234,46.577],[8.228,46.571],[8.212,46.576],[8.208999999999994,46.575250000000004],[8.221,46.57],[8.234,46.571],[8.244,46.569],[8.247,46.567],[8.254,46.567],[8.273,46.559],[8.29,46.561],[8.316,46.57],[8.322,46.569],[8.329,46.57],[8.332,46.573],[8.337,46.572],[8.333,46.574],[8.34,46.579],[8.34,46.581],[8.337,46.583],[8.336,46.588],[8.339,46.59],[8.334,46.592],[8.336,46.593],[8.337,46.597],[8.333,46.601],[8.333,46.606],[8.324,46.61],[8.328,46.615],[8.336,46.616],[8.344,46.621],[8.341,46.624],[8.336,46.622],[8.333,46.624],[8.334,46.628],[8.33,46.63],[8.328,46.626],[8.329,46.622],[8.323,46.62],[8.319,46.622],[8.318,46.626],[8.32,46.628],[8.318,46.631],[8.32,46.635],[8.317,46.637],[8.318,46.642],[8.315,46.644],[8.318,46.646],[8.315,46.651],[8.32,46.653],[8.322,46.66],[8.315,46.662],[8.308,46.667],[8.308,46.671],[8.301,46.673],[8.298,46.68],[8.295,46.681],[8.288,46.678],[8.283,46.68],[8.285,46.684],[8.283,46.685],[8.282,46.689],[8.269,46.689],[8.269,46.692],[8.26,46.699],[8.262,46.701],[8.275,46.7],[8.282,46.705],[8.295,46.706],[8.298,46.709],[8.305,46.708],[8.308,46.711],[8.321,46.711],[8.324,46.707],[8.323,46.705],[8.328,46.701],[8.334,46.699],[8.344,46.7],[8.354,46.696],[8.35,46.693],[8.35,46.69],[8.356,46.687],[8.357,46.682],[8.358,46.687],[8.362,46.689],[8.362,46.7],[8.357,46.7],[8.354,46.703],[8.347,46.705],[8.344,46.711],[8.337,46.716],[8.337,46.718],[8.341,46.72],[8.345,46.726],[8.351,46.727],[8.351,46.729],[8.357,46.732],[8.405,46.731],[8.407,46.733],[8.409,46.731],[8.414,46.731],[8.421,46.735],[8.42,46.736],[8.417,46.733],[8.413,46.732],[8.41,46.733],[8.41,46.736],[8.412,46.738],[8.404,46.738],[8.397,46.742],[8.387,46.745],[8.385,46.747],[8.387,46.749],[8.394,46.751],[8.391,46.753],[8.384,46.75],[8.382,46.756],[8.385,46.758],[8.385,46.761],[8.381,46.758],[8.375,46.759],[8.371,46.754],[8.358,46.755],[8.351,46.754],[8.348,46.752],[8.341,46.752],[8.338,46.75],[8.333,46.75],[8.309,46.739],[8.297,46.739],[8.306,46.745],[8.312,46.753],[8.322,46.758],[8.323,46.761],[8.329,46.765],[8.339,46.765],[8.336,46.768],[8.34,46.774],[8.339,46.779],[8.344,46.781],[8.342,46.782],[8.332,46.782],[8.318,46.772],[8.306,46.766],[8.303,46.762],[8.299,46.762],[8.293,46.757],[8.289,46.757],[8.289,46.755],[8.286,46.752],[8.283,46.752],[8.279,46.749],[8.276,46.751],[8.272,46.748],[8.274,46.746],[8.272,46.743],[8.27,46.742],[8.266,46.744],[8.263,46.743],[8.25,46.733],[8.243,46.735],[8.243,46.739],[8.235,46.744],[8.237,46.746],[8.235,46.748],[8.237,46.75],[8.244,46.751],[8.246,46.753],[8.242,46.755],[8.247,46.759],[8.24,46.76],[8.224,46.757],[8.207,46.769],[8.201,46.77],[8.188,46.769],[8.184,46.775],[8.188,46.779],[8.192,46.776],[8.191,46.773],[8.195,46.772],[8.2,46.773],[8.199,46.775],[8.201,46.777],[8.208,46.776],[8.208,46.773],[8.212,46.769],[8.222,46.766],[8.23,46.771],[8.228,46.773],[8.228,46.778],[8.224,46.784],[8.219,46.787],[8.219,46.789],[8.225,46.795],[8.238,46.796],[8.241,46.794],[8.245,46.795],[8.245,46.798],[8.243,46.8],[8.244,46.804],[8.248,46.801],[8.254,46.804],[8.263,46.802],[8.26,46.8],[8.26,46.797],[8.254,46.793],[8.25,46.784],[8.247,46.782],[8.251,46.781],[8.264,46.787],[8.274,46.788],[8.287,46.792],[8.293,46.791],[8.297,46.792],[8.297,46.795],[8.303,46.797],[8.311,46.804],[8.318,46.806],[8.317,46.808],[8.305,46.811],[8.307,46.811],[8.31,46.815],[8.314,46.815],[8.314,46.822],[8.311,46.824],[8.313,46.826],[8.32,46.827],[8.323,46.831],[8.32,46.831],[8.318,46.833],[8.327,46.837],[8.327,46.84],[8.33,46.843],[8.337,46.838],[8.343,46.84],[8.354,46.83],[8.35,46.828],[8.343,46.829],[8.34,46.827],[8.336,46.827],[8.333,46.829],[8.323,46.822],[8.326,46.82],[8.333,46.82],[8.339,46.814],[8.343,46.816],[8.346,46.815],[8.349,46.813],[8.349,46.81],[8.356,46.812],[8.364,46.803],[8.362,46.801],[8.359,46.803],[8.359,46.799],[8.368,46.794],[8.369,46.795],[8.363,46.801],[8.382,46.807],[8.394,46.799],[8.392,46.797],[8.388,46.798],[8.386,46.796],[8.391,46.792],[8.396,46.794],[8.394,46.796],[8.398,46.798],[8.406,46.796],[8.413,46.801],[8.418,46.8],[8.424,46.801],[8.424,46.792],[8.428,46.795],[8.434,46.796],[8.443,46.794],[8.444,46.786],[8.457,46.787],[8.46,46.789],[8.467,46.786],[8.473,46.786],[8.477,46.787],[8.483,46.792],[8.496,46.795],[8.503,46.795],[8.503,46.798],[8.507,46.8],[8.506,46.809],[8.51,46.812],[8.511,46.816],[8.507,46.818],[8.507,46.824],[8.503,46.823],[8.49,46.814],[8.489,46.811],[8.482,46.807],[8.48,46.804],[8.47,46.804],[8.461,46.809],[8.46,46.812],[8.467,46.816],[8.465,46.818],[8.464,46.824],[8.458,46.822],[8.454,46.823],[8.451,46.821],[8.443,46.823],[8.45,46.834],[8.444,46.836],[8.447,46.839],[8.445,46.845],[8.439,46.848],[8.435,46.848],[8.432,46.851],[8.429,46.848],[8.422,46.847],[8.419,46.848],[8.421,46.85],[8.419,46.851],[8.417,46.843],[8.415,46.842],[8.411,46.846],[8.411,46.848],[8.406,46.85],[8.41,46.853],[8.409,46.857],[8.4,46.862],[8.403,46.864],[8.413,46.864],[8.408,46.871],[8.409,46.872],[8.413,46.872],[8.419,46.866],[8.422,46.865],[8.442,46.87],[8.445,46.872],[8.439,46.873],[8.437,46.877],[8.472,46.886],[8.475,46.892],[8.478,46.89],[8.478,46.888],[8.483,46.888],[8.495,46.892],[8.506,46.892],[8.507,46.89],[8.505,46.888],[8.485,46.881],[8.488,46.881],[8.49,46.879],[8.489,46.877],[8.495,46.876],[8.501,46.872],[8.501,46.866],[8.508,46.868],[8.513,46.867],[8.514,46.87],[8.521,46.877],[8.528,46.88],[8.534,46.886],[8.536,46.883],[8.536,46.878],[8.541,46.873],[8.557,46.875],[8.567,46.88],[8.567,46.883],[8.57,46.887],[8.577,46.886],[8.579,46.885],[8.579,46.882],[8.576,46.878],[8.578,46.876],[8.56,46.867],[8.56,46.862],[8.557,46.858],[8.558,46.853],[8.556,46.851],[8.56,46.848],[8.573,46.848],[8.576,46.846],[8.566,46.845],[8.56,46.841],[8.559,46.839],[8.562,46.838],[8.564,46.835],[8.561,46.833],[8.566,46.83],[8.569,46.833],[8.579,46.835],[8.582,46.834],[8.602,46.836],[8.61,46.83],[8.609,46.828],[8.602,46.827],[8.599,46.828],[8.599,46.831],[8.598,46.828],[8.588,46.826],[8.572,46.82],[8.568,46.82],[8.563,46.817],[8.559,46.82],[8.556,46.817],[8.549,46.815],[8.546,46.811],[8.543,46.811],[8.548,46.809],[8.548,46.806],[8.545,46.804],[8.546,46.803],[8.549,46.805],[8.551,46.804],[8.549,46.799],[8.554,46.802],[8.553,46.804],[8.559,46.807],[8.562,46.806],[8.562,46.804],[8.565,46.801],[8.572,46.801],[8.574,46.804],[8.565,46.806],[8.588,46.807],[8.594,46.804],[8.595,46.802],[8.601,46.8],[8.605,46.8],[8.611,46.803],[8.614,46.799],[8.628,46.794],[8.626,46.792],[8.627,46.79],[8.624,46.788],[8.621,46.791],[8.614,46.793],[8.604,46.792],[8.602,46.79],[8.604,46.788],[8.603,46.785],[8.609,46.783],[8.612,46.774],[8.61,46.772],[8.609,46.776],[8.607,46.777],[8.597,46.773],[8.594,46.775],[8.592,46.774],[8.596,46.77],[8.591,46.768],[8.589,46.765],[8.594,46.761],[8.605,46.756],[8.606,46.754],[8.6,46.751],[8.592,46.754],[8.593,46.756],[8.584,46.76],[8.581,46.763],[8.577,46.763],[8.571,46.766],[8.564,46.763],[8.561,46.76],[8.557,46.766],[8.555,46.767],[8.554,46.766],[8.557,46.759],[8.554,46.757],[8.564,46.752],[8.577,46.749],[8.582,46.743],[8.582,46.738],[8.588,46.734],[8.587,46.731],[8.577,46.733],[8.573,46.736],[8.572,46.739],[8.567,46.739],[8.561,46.742],[8.557,46.742],[8.554,46.74],[8.538,46.747],[8.535,46.746],[8.528,46.748],[8.525,46.746],[8.522,46.749],[8.515,46.749],[8.517,46.753],[8.516,46.755],[8.509,46.759],[8.509,46.761],[8.505,46.76],[8.501,46.762],[8.503,46.766],[8.495,46.764],[8.495,46.762],[8.499,46.761],[8.501,46.757],[8.499,46.755],[8.501,46.75],[8.499,46.747],[8.492,46.751],[8.489,46.749],[8.482,46.749],[8.473,46.752],[8.47,46.751],[8.469,46.746],[8.463000000000015,46.742000000000004],[8.469,46.745],[8.482,46.743],[8.498,46.738],[8.502,46.739],[8.518,46.729],[8.524,46.73],[8.537,46.725],[8.539,46.723],[8.534,46.722],[8.53,46.719],[8.534,46.714],[8.544,46.712],[8.55,46.716],[8.552,46.712],[8.561,46.714],[8.564,46.712],[8.565,46.709],[8.572,46.705],[8.57,46.703],[8.566,46.703],[8.563,46.701],[8.56,46.702],[8.559,46.7],[8.561,46.698],[8.56,46.696],[8.552,46.692],[8.566,46.691],[8.57,46.689],[8.566,46.685],[8.562,46.685],[8.56,46.683],[8.546,46.683],[8.54,46.679],[8.538,46.68],[8.538,46.683],[8.535,46.683],[8.536,46.68],[8.533,46.677],[8.53,46.681],[8.527,46.678],[8.523,46.681],[8.52,46.678],[8.519,46.681],[8.51,46.681],[8.507,46.684],[8.497,46.684],[8.501,46.677],[8.5,46.673],[8.51,46.671],[8.52,46.664],[8.503,46.663],[8.494,46.655],[8.49,46.657],[8.481,46.656],[8.464,46.662],[8.458,46.662],[8.455,46.664],[8.454,46.663],[8.455,46.661],[8.453,46.656],[8.461,46.653],[8.465,46.645],[8.467,46.644],[8.471,46.646],[8.484,46.642],[8.493,46.642],[8.5,46.645],[8.51,46.645],[8.516,46.648],[8.526,46.647],[8.536,46.651],[8.548,46.651],[8.552,46.653],[8.565,46.655],[8.57,46.653],[8.569,46.65],[8.561,46.644],[8.559,46.635],[8.555,46.632],[8.552,46.631],[8.548,46.633],[8.554,46.64],[8.552,46.641],[8.552,46.638],[8.545,46.634],[8.544,46.631],[8.542,46.63],[8.532,46.629],[8.529,46.634],[8.528,46.631],[8.521,46.629],[8.519,46.626],[8.526,46.624],[8.527,46.622],[8.522,46.619],[8.512,46.617],[8.51,46.618],[8.513,46.621],[8.506,46.622],[8.504,46.62],[8.505,46.618],[8.509,46.617],[8.51,46.615],[8.503,46.615],[8.497,46.611],[8.483,46.617],[8.481,46.613],[8.49,46.609],[8.491,46.607],[8.489,46.605],[8.486,46.605],[8.483,46.601],[8.478,46.598],[8.48,46.596],[8.478,46.593],[8.476,46.592],[8.47,46.594],[8.457,46.594],[8.443,46.589],[8.453,46.59],[8.466,46.588],[8.473,46.582],[8.486,46.583],[8.487,46.58],[8.482,46.575],[8.464,46.564],[8.466,46.562],[8.482,46.57],[8.489,46.57],[8.492,46.568],[8.495,46.573],[8.498,46.569],[8.502,46.569],[8.503,46.575],[8.501,46.58],[8.507,46.589],[8.522,46.599],[8.545,46.604],[8.548,46.608],[8.555,46.609],[8.556,46.608],[8.555,46.601],[8.55,46.593],[8.553,46.59],[8.554,46.585],[8.561,46.583],[8.571,46.593],[8.574,46.591],[8.588,46.592],[8.585,46.597],[8.577,46.598],[8.575,46.601],[8.58,46.606],[8.58,46.617],[8.591,46.615],[8.594,46.616],[8.595,46.619],[8.592,46.621],[8.592,46.624],[8.598,46.627],[8.607,46.625],[8.617,46.625],[8.627,46.622],[8.637,46.612],[8.645,46.607],[8.649,46.605],[8.654,46.605],[8.654,46.607],[8.656,46.608],[8.656,46.605],[8.662,46.603],[8.664,46.605],[8.66,46.607],[8.66,46.612],[8.655,46.621],[8.643,46.632],[8.636,46.634],[8.634,46.638],[8.626,46.639],[8.627,46.642],[8.631,46.643],[8.629,46.646],[8.634,46.651],[8.651,46.661],[8.644,46.662],[8.634,46.66],[8.628,46.656],[8.614,46.653],[8.602,46.657],[8.613,46.664],[8.613,46.666],[8.625,46.67],[8.626,46.673],[8.629,46.675],[8.628,46.678],[8.625,46.678],[8.622,46.681],[8.618,46.679],[8.614,46.68],[8.621,46.686],[8.618,46.689],[8.619,46.695],[8.625,46.702],[8.631,46.704],[8.63,46.706],[8.632,46.708],[8.634,46.704],[8.636,46.704],[8.638,46.707],[8.645,46.705],[8.651,46.701],[8.653,46.699],[8.652,46.697],[8.654,46.695],[8.654,46.691],[8.663,46.704],[8.67,46.708],[8.671,46.711],[8.665,46.709],[8.662,46.711],[8.665,46.713],[8.662,46.715],[8.664,46.72],[8.675,46.722],[8.678,46.724],[8.665,46.724],[8.66,46.726],[8.668,46.729],[8.676,46.735],[8.667,46.738],[8.667,46.742],[8.672,46.744],[8.674,46.749],[8.672,46.752],[8.676,46.754],[8.683,46.755],[8.685,46.758],[8.689,46.759],[8.695,46.757],[8.698,46.753],[8.695,46.75],[8.698,46.746],[8.698,46.741],[8.705,46.737],[8.706,46.733],[8.714,46.73],[8.714,46.726],[8.721,46.727],[8.724,46.725],[8.728,46.744],[8.731,46.746],[8.734,46.745],[8.735,46.748],[8.738,46.75],[8.746,46.752],[8.736,46.755],[8.748,46.757],[8.748,46.76],[8.754,46.76],[8.758,46.763],[8.761,46.763],[8.762,46.764],[8.76,46.766],[8.764,46.768],[8.771,46.765],[8.774,46.768],[8.772,46.77],[8.773,46.772],[8.777,46.773],[8.781,46.777],[8.787,46.778],[8.791,46.776],[8.797,46.778],[8.799,46.777],[8.8,46.772],[8.803,46.777],[8.808,46.781],[8.804,46.784],[8.797,46.784],[8.795,46.786],[8.804,46.795],[8.808,46.797],[8.808,46.802],[8.806,46.803],[8.809,46.808],[8.819,46.81],[8.814,46.814],[8.808,46.812],[8.806,46.808],[8.801,46.804],[8.798,46.805],[8.788,46.798],[8.778,46.794],[8.766,46.793],[8.753,46.788],[8.745,46.787],[8.722,46.793],[8.716,46.793],[8.709,46.79],[8.701,46.796],[8.707,46.798],[8.704,46.8],[8.703,46.803],[8.699,46.805],[8.708,46.809],[8.708,46.814],[8.7,46.818],[8.7,46.821],[8.697,46.819],[8.694,46.821],[8.692,46.827],[8.688,46.83],[8.684,46.831],[8.681,46.83],[8.672,46.836],[8.677,46.838],[8.691,46.837],[8.702,46.841],[8.703,46.843],[8.71,46.842],[8.711,46.85],[8.716,46.852],[8.724,46.85],[8.726,46.852],[8.73,46.851],[8.734,46.858],[8.737,46.859],[8.747,46.857],[8.75,46.854],[8.75,46.839],[8.743,46.837],[8.736,46.84],[8.738,46.847],[8.743,46.849],[8.74,46.85],[8.733,46.848],[8.732,46.845],[8.733,46.838],[8.748,46.831],[8.746,46.829],[8.747,46.824],[8.745,46.82],[8.756,46.82],[8.759,46.818],[8.761,46.82],[8.764,46.82],[8.764,46.817],[8.769,46.817],[8.766,46.82],[8.769,46.824],[8.772,46.824],[8.782,46.829],[8.783,46.831],[8.779,46.838],[8.783,46.844],[8.779,46.847],[8.782,46.853],[8.782,46.858],[8.803,46.859],[8.812,46.857],[8.814,46.86],[8.819,46.861],[8.822,46.858],[8.829,46.858],[8.829,46.86],[8.826,46.862],[8.829,46.863],[8.827,46.866],[8.832,46.871],[8.831,46.873],[8.823,46.878],[8.819,46.876],[8.81,46.876],[8.806,46.878],[8.803,46.877],[8.802,46.878],[8.803,46.882],[8.783,46.884],[8.781,46.887],[8.777,46.889],[8.774,46.888],[8.771,46.889],[8.773,46.892],[8.764,46.892],[8.761,46.894],[8.757,46.892],[8.755,46.894],[8.748,46.895],[8.744,46.894],[8.741,46.897],[8.735,46.899],[8.728,46.898],[8.722,46.906],[8.718,46.907],[8.719,46.913],[8.713,46.913],[8.712,46.911],[8.705,46.909],[8.703,46.91],[8.702,46.913],[8.698,46.913],[8.697,46.91],[8.692,46.909],[8.69,46.911],[8.693,46.913],[8.689,46.912],[8.686,46.915],[8.686,46.918],[8.673,46.918],[8.666,46.925],[8.663,46.925],[8.657,46.929],[8.653,46.929],[8.657,46.932],[8.664,46.933],[8.667,46.935],[8.67,46.933],[8.674,46.933],[8.676,46.935],[8.68,46.933],[8.683,46.936],[8.693,46.94],[8.717,46.946],[8.719,46.948],[8.726,46.949],[8.733,46.953],[8.739,46.952],[8.745,46.955],[8.756,46.956],[8.761,46.955],[8.758,46.946],[8.755,46.944],[8.756,46.941],[8.735,46.928],[8.732,46.93],[8.725,46.926],[8.725,46.925],[8.739,46.928],[8.749,46.932],[8.758,46.932],[8.763,46.928],[8.762,46.926],[8.758,46.926],[8.758,46.923],[8.754,46.919],[8.751,46.917],[8.741,46.917],[8.733,46.912],[8.742,46.913],[8.758,46.91],[8.769,46.921],[8.768,46.923],[8.771,46.925],[8.775,46.925],[8.778,46.933],[8.785,46.934],[8.786,46.939],[8.782,46.939],[8.779,46.941],[8.779,46.943],[8.776,46.946],[8.777,46.948],[8.779,46.948],[8.78,46.952],[8.784,46.954],[8.785,46.957],[8.789,46.958],[8.807,46.95],[8.807,46.947],[8.8,46.943],[8.801,46.941],[8.796,46.936],[8.812,46.938],[8.814,46.94],[8.817,46.938],[8.817,46.936],[8.814,46.934],[8.814,46.931],[8.821,46.935],[8.826,46.934],[8.827,46.931],[8.824,46.924],[8.832,46.911],[8.827,46.907],[8.822,46.907],[8.813,46.904],[8.813,46.902],[8.81,46.901],[8.81,46.897],[8.82,46.902],[8.831,46.902],[8.833,46.904],[8.841,46.904],[8.843,46.906],[8.846,46.9],[8.856,46.899],[8.86,46.897],[8.86,46.9],[8.856,46.903],[8.853,46.901],[8.85,46.902],[8.85,46.904],[8.854,46.906],[8.854,46.909],[8.868,46.913],[8.87,46.918],[8.865,46.922],[8.853,46.925],[8.852,46.927],[8.857,46.928],[8.86,46.931],[8.861,46.933],[8.855,46.94],[8.858,46.942],[8.858,46.945],[8.865,46.949],[8.865,46.951],[8.848,46.951],[8.854,46.955],[8.861,46.956],[8.871,46.962],[8.881,46.965],[8.88,46.967],[8.876,46.967],[8.874,46.965],[8.868,46.965],[8.858,46.967],[8.855,46.969],[8.857,46.967],[8.847,46.967],[8.85,46.965],[8.841,46.962],[8.839,46.963],[8.841,46.971],[8.851,46.972],[8.85,46.974],[8.851,46.975],[8.855,46.976],[8.854,46.981],[8.859,46.983],[8.862,46.987],[8.86,46.989],[8.866,46.994],[8.864,46.996],[8.866,46.998],[8.859,47.003],[8.869,47.004],[8.879,47.011],[8.889,47.011],[8.895,47.014],[8.906,47.016],[8.908,47.012],[8.918,47.003],[8.93,46.998],[8.931,46.994],[8.937,46.99],[8.944,46.99],[8.947,46.993],[8.951,46.993],[8.96,46.999],[8.961,47.005],[8.944,47.005],[8.933,47.016],[8.938,47.017],[8.94,47.015],[8.948,47.016],[8.957,47.013],[8.968,47.014],[8.977,47.012],[8.978,47.015],[8.981,47.017],[8.991,47.019],[8.994,47.017],[9.001,47.02],[9.004,47.017],[9.007,47.02],[9.014,47.017],[9.014,47.021],[9.017,47.023],[9.02,47.02],[9.028,47.019],[9.032,47.016],[9.028,47.012],[9.03,47.008],[9.017,47.003],[9.013,46.999],[9.006,46.999],[9.004,46.997],[9.006,46.994],[9.006,46.98],[8.986,46.98],[8.983,46.978],[8.98,46.98],[8.976,46.977],[8.97,46.977],[8.968,46.975],[8.968,46.972],[8.98,46.971],[8.983,46.969],[8.986,46.971],[8.993,46.967],[9.006,46.966],[9.006,46.964],[8.999,46.961],[8.992,46.961],[8.989,46.959],[8.982,46.958],[8.974,46.959],[8.976,46.957],[8.972,46.955],[8.972,46.952],[8.966,46.95],[8.963,46.952],[8.955,46.941],[8.959,46.935],[8.962,46.938],[8.97,46.934],[8.97,46.932],[8.965,46.927],[8.945,46.923],[8.93,46.917],[8.929,46.915],[8.921,46.915],[8.919,46.912],[8.912,46.911],[8.909,46.908],[8.889,46.901],[8.894,46.897],[8.885,46.895],[8.879,46.89],[8.878,46.886],[8.872,46.884],[8.869,46.881],[8.869,46.877],[8.87,46.875],[8.872,46.865],[8.873,46.87],[8.875,46.872],[8.884,46.874],[8.888,46.878],[8.895,46.881],[8.905,46.881],[8.919,46.885],[8.921,46.887],[8.925,46.887],[8.943,46.896],[8.946,46.898],[8.947,46.901],[8.953,46.901],[8.957,46.898],[8.961,46.9],[8.964,46.899],[8.966,46.896],[8.961,46.892],[8.954,46.89],[8.944,46.89],[8.93,46.885],[8.934,46.878],[8.944,46.88],[8.951,46.879],[8.96,46.88],[8.96,46.877],[8.95,46.871],[8.947,46.873],[8.94,46.869],[8.954,46.868],[8.963,46.866],[8.965,46.864],[8.953,46.861],[8.95,46.856],[8.947,46.858],[8.948,46.853],[8.943,46.85],[8.94,46.85],[8.937,46.843],[8.934,46.84],[8.94,46.835],[8.949,46.834],[8.951,46.831],[8.949,46.829],[8.949,46.826],[8.952,46.826],[8.956,46.823],[8.962,46.825],[8.965,46.823],[8.969,46.828],[8.971,46.828],[8.971,46.831],[8.968,46.833],[8.969,46.835],[8.973,46.835],[8.966,46.84],[8.971,46.842],[8.968,46.849],[8.973,46.85],[8.969,46.855],[8.983,46.862],[8.987,46.857],[8.993,46.855],[8.999,46.848],[9.002,46.848],[9.007,46.844],[9.008,46.839],[9.004,46.832],[9.007,46.83],[9.004,46.826],[9.005,46.823],[9.006,46.826],[9.018,46.828],[9.019,46.837],[9.017,46.848],[9.018,46.85],[9.016,46.853],[9.009,46.852],[9.007,46.857],[9.0,46.862],[9.0,46.866],[8.997,46.869],[8.998,46.871],[9.004,46.873],[9.001,46.877],[9.003,46.879],[9.013,46.879],[9.014,46.882],[9.018,46.884],[9.014,46.886],[9.012,46.889],[9.017,46.889],[9.027,46.895],[9.03,46.893],[9.04,46.891],[9.039,46.888],[9.049,46.889],[9.05,46.89],[9.048,46.893],[9.059,46.894],[9.06,46.895],[9.058,46.899],[9.061,46.901],[9.051,46.904],[9.056,46.908],[9.056,46.91],[9.047,46.92],[9.036,46.926],[9.037,46.928],[9.042,46.929],[9.048,46.926],[9.055,46.926],[9.064,46.928],[9.067,46.926],[9.07,46.928],[9.065,46.935],[9.074,46.936],[9.077,46.939],[9.087,46.939],[9.084,46.941],[9.077,46.94],[9.076,46.942],[9.087,46.942],[9.089,46.944],[9.088,46.946],[9.094,46.952],[9.1,46.946],[9.1,46.941],[9.104,46.943],[9.107,46.941],[9.108,46.946],[9.106,46.948],[9.11,46.952],[9.108,46.955],[9.111,46.958],[9.115,46.959],[9.115,46.961],[9.109,46.966],[9.107,46.973],[9.111,46.974],[9.115,46.981],[9.123,46.977],[9.121,46.975],[9.121,46.972],[9.127,46.974],[9.131,46.972],[9.13,46.97],[9.134,46.967],[9.137,46.97],[9.14,46.964],[9.144,46.963],[9.129,46.961],[9.124,46.959],[9.123,46.957],[9.124,46.953],[9.127,46.953],[9.13,46.95],[9.13,46.948],[9.126,46.945],[9.127,46.943],[9.132,46.95],[9.145,46.947],[9.141,46.945],[9.145,46.941],[9.14,46.938],[9.139,46.933],[9.146,46.932],[9.146,46.929],[9.142,46.928],[9.136,46.929],[9.132,46.932],[9.133,46.927],[9.129,46.922],[9.117,46.928],[9.106,46.925],[9.11,46.925],[9.115,46.919],[9.115,46.916],[9.12,46.912],[9.116,46.91],[9.112,46.911],[9.111,46.905],[9.102,46.905],[9.099,46.9],[9.092,46.901],[9.089,46.898],[9.086,46.89],[9.092,46.885],[9.102,46.887],[9.112,46.885],[9.115,46.88],[9.114,46.878],[9.119,46.876],[9.119,46.874],[9.121,46.873],[9.133,46.873],[9.136,46.876],[9.134,46.876],[9.133,46.878],[9.138,46.883],[9.138,46.891],[9.148,46.892],[9.151,46.891],[9.155,46.893],[9.158,46.895],[9.156,46.9],[9.161,46.903],[9.175,46.906],[9.178,46.909],[9.18,46.906],[9.179,46.902],[9.181,46.898],[9.189,46.899],[9.187,46.902],[9.205,46.904],[9.207,46.908],[9.204,46.909],[9.201,46.913],[9.2,46.915],[9.201,46.917],[9.208,46.919],[9.211,46.917],[9.218,46.917],[9.219,46.919],[9.215,46.922],[9.224,46.923],[9.224,46.927],[9.239,46.932],[9.228,46.935],[9.225,46.938],[9.224,46.935],[9.221,46.933],[9.214,46.937],[9.214,46.94],[9.209,46.942],[9.205,46.942],[9.202,46.938],[9.195,46.939],[9.196,46.942],[9.193,46.944],[9.192,46.949],[9.189,46.951],[9.206,46.955],[9.215,46.96],[9.222,46.96],[9.229,46.964],[9.229,46.967],[9.234,46.969],[9.232,46.971],[9.235,46.973],[9.233,46.975],[9.236,46.982],[9.231,46.987],[9.233,46.987],[9.234,46.991],[9.23,46.993],[9.225,46.993],[9.223,46.996],[9.224,46.998],[9.23,46.994],[9.231,47.002],[9.228,47.005],[9.228,47.007],[9.234,47.01],[9.234,47.012],[9.231,47.013],[9.227,47.009],[9.217,47.01],[9.213,46.998],[9.21,46.994],[9.212,46.991],[9.209,46.987],[9.21,46.982],[9.207,46.982],[9.203,46.977],[9.2,46.978],[9.2,46.981],[9.194,46.984],[9.187,46.984],[9.186,46.985],[9.189,46.989],[9.178,46.996],[9.178,47.001],[9.188,47.005],[9.194,47.005],[9.192,47.007],[9.194,47.011],[9.201,47.011],[9.205,47.016],[9.205,47.019],[9.201,47.019],[9.199,47.021],[9.203,47.023],[9.202,47.028],[9.198,47.028],[9.197,47.021],[9.195,47.018],[9.185,47.014],[9.178,47.015],[9.175,47.017],[9.172,47.016],[9.166,47.019],[9.167,47.021],[9.165,47.025],[9.162,47.022],[9.159,47.026],[9.155,47.028],[9.158,47.026],[9.156,47.021],[9.158,47.017],[9.157,47.012],[9.152,47.012],[9.145,47.007],[9.138,47.015],[9.129,47.017],[9.125,47.02],[9.118,47.022],[9.123,47.029],[9.123,47.032],[9.12,47.035],[9.121,47.04],[9.118,47.044],[9.12,47.047],[9.11,47.045],[9.105,47.049],[9.107,47.054],[9.106,47.056],[9.109,47.058],[9.106,47.06],[9.105,47.063],[9.114,47.071],[9.116,47.067],[9.113,47.065],[9.12,47.064],[9.123,47.065],[9.119,47.067],[9.121,47.068],[9.13,47.067],[9.133,47.069],[9.134,47.075],[9.14,47.071],[9.135,47.069],[9.136,47.067],[9.144,47.066],[9.145,47.064],[9.14,47.061],[9.14,47.059],[9.147,47.063],[9.15,47.06],[9.153,47.06],[9.17,47.069],[9.183,47.07],[9.188,47.068],[9.186,47.067],[9.184,47.059],[9.179,47.057],[9.181,47.055],[9.176,47.051],[9.169,47.051],[9.168,47.048],[9.161,47.044],[9.16,47.042],[9.162,47.041],[9.176,47.045],[9.179,47.044],[9.187,47.048],[9.196,47.05],[9.202,47.047],[9.206,47.048],[9.207,47.052],[9.206,47.054],[9.209,47.057],[9.215,47.059],[9.212,47.063],[9.213,47.067],[9.211,47.068],[9.209,47.075],[9.213,47.078],[9.216,47.075],[9.22,47.079],[9.222,47.077],[9.222,47.074],[9.227,47.074],[9.233,47.081],[9.246,47.078],[9.25,47.078],[9.253,47.08],[9.254,47.078],[9.259,47.078],[9.263,47.076],[9.272,47.081],[9.279,47.081],[9.281,47.08],[9.276,47.078],[9.272,47.073],[9.264,47.072],[9.262,47.07],[9.262,47.066],[9.249,47.062],[9.241,47.056],[9.251,47.051],[9.251,47.049],[9.248,47.047],[9.249,47.042],[9.253,47.04],[9.258,47.04],[9.261,47.036],[9.257,47.031],[9.257,47.028],[9.259,47.027],[9.257,47.025],[9.257,47.022],[9.265,47.022],[9.274,47.025],[9.279,47.024],[9.284,47.027],[9.29,47.028],[9.29,47.03],[9.294,47.031],[9.296,47.035],[9.296,47.04],[9.3,47.042],[9.298,47.044],[9.304,47.048],[9.304,47.051],[9.318,47.057],[9.321,47.055],[9.308,47.048],[9.308,47.046],[9.314,47.041],[9.313,47.039],[9.307,47.037],[9.304,47.033],[9.309,47.03],[9.309,47.026],[9.31,47.025],[9.315,47.026],[9.315,47.028],[9.32,47.029],[9.323,47.033],[9.328,47.032],[9.337,47.034],[9.342,47.032],[9.338,47.03],[9.34,47.027],[9.346,47.023],[9.35,47.023],[9.331,47.021],[9.329,47.019],[9.329,47.016],[9.333,47.016],[9.335,47.014],[9.334,47.01],[9.329,47.008],[9.323,47.012],[9.316,47.014],[9.313,47.012],[9.314,47.008],[9.312,47.005],[9.306,47.004],[9.303,47.005],[9.299,47.002],[9.294,47.001],[9.294,46.999],[9.298,46.997],[9.286,46.989],[9.276,46.987],[9.267,46.99],[9.264,46.995],[9.268,46.999],[9.266,47.001],[9.26,46.994],[9.253,46.991],[9.253,46.988],[9.249,46.987],[9.248,46.984],[9.256,46.982],[9.259,46.985],[9.263,46.984],[9.265,46.979],[9.259,46.973],[9.251,46.973],[9.251,46.97],[9.258,46.966],[9.26,46.961],[9.264,46.959],[9.259,46.957],[9.26,46.955],[9.258,46.952],[9.261,46.949],[9.269,46.952],[9.27,46.957],[9.265,46.959],[9.276,46.963],[9.275,46.966],[9.278,46.967],[9.295,46.969],[9.298,46.967],[9.296,46.963],[9.298,46.958],[9.301,46.96],[9.313,46.96],[9.319,46.969],[9.318,46.974],[9.322,46.974],[9.324,46.967],[9.328,46.971],[9.334,46.972],[9.338,46.975],[9.34,46.974],[9.342,46.971],[9.34,46.969],[9.345,46.964],[9.344,46.963],[9.337,46.966],[9.334,46.962],[9.343,46.958],[9.344,46.955],[9.36,46.959],[9.37,46.966],[9.37,46.969],[9.367,46.969],[9.365,46.971],[9.366,46.982],[9.368,46.983],[9.374,46.979],[9.381,46.979],[9.388,46.982],[9.388,46.984],[9.383,46.986],[9.384,46.989],[9.383,46.993],[9.385,46.993],[9.389,46.997],[9.389,47.0],[9.387,47.002],[9.392,47.004],[9.392,47.007],[9.401,47.004],[9.404,46.997],[9.404,46.986],[9.407,46.986],[9.41,46.993],[9.414,46.994],[9.42,46.989],[9.434,46.987],[9.431,46.99],[9.437,46.994],[9.44,46.994],[9.451,46.992],[9.455,46.987],[9.453,46.987],[9.447,46.982],[9.44,46.98],[9.43,46.978],[9.42,46.979],[9.42,46.971],[9.413,46.971],[9.41,46.967],[9.406,46.966],[9.405,46.963],[9.413,46.963],[9.42,46.961],[9.419,46.957],[9.425,46.954],[9.447,46.951],[9.447,46.947],[9.445,46.945],[9.439,46.948],[9.426,46.95],[9.427,46.947],[9.419,46.946],[9.415,46.943],[9.419,46.939],[9.422,46.94],[9.425,46.937],[9.43,46.936],[9.431,46.934],[9.428,46.932],[9.412,46.932],[9.408,46.93],[9.408,46.934],[9.405,46.937],[9.392,46.936],[9.389,46.938],[9.388,46.934],[9.392,46.932],[9.391,46.93],[9.393,46.925],[9.387,46.923],[9.385,46.925],[9.379,46.925],[9.376,46.929],[9.372,46.93],[9.371,46.933],[9.363,46.937],[9.352,46.935],[9.35,46.938],[9.343,46.938],[9.341,46.94],[9.336,46.94],[9.33,46.937],[9.328,46.94],[9.326,46.94],[9.317,46.935],[9.313,46.935],[9.31,46.937],[9.304,46.933],[9.296,46.932],[9.296,46.929],[9.291,46.927],[9.28,46.925],[9.28,46.923],[9.29,46.922],[9.31,46.922],[9.316,46.924],[9.319,46.922],[9.319,46.92],[9.316,46.917],[9.323,46.921],[9.333,46.918],[9.335,46.92],[9.339,46.92],[9.345,46.917],[9.344,46.915],[9.346,46.914],[9.349,46.916],[9.359,46.915],[9.362,46.912],[9.359,46.91],[9.362,46.909],[9.372,46.911],[9.375,46.908],[9.391,46.909],[9.398,46.906],[9.408,46.905],[9.404,46.903],[9.391,46.904],[9.384,46.902],[9.376,46.892],[9.378,46.89],[9.38,46.892],[9.385,46.892],[9.394,46.889],[9.377,46.887],[9.376,46.881],[9.374,46.879],[9.37,46.879],[9.367,46.877],[9.364,46.879],[9.369,46.874],[9.366,46.87],[9.369,46.867],[9.364,46.863],[9.361,46.863],[9.36,46.866],[9.361,46.858],[9.357,46.859],[9.35,46.864],[9.344,46.864],[9.335,46.87],[9.333,46.875],[9.325,46.879],[9.324,46.882],[9.321,46.882],[9.318,46.876],[9.31,46.882],[9.31,46.884],[9.302,46.888],[9.295,46.887],[9.297,46.891],[9.296,46.892],[9.29,46.891],[9.288,46.889],[9.291,46.887],[9.294,46.88],[9.299,46.875],[9.298,46.873],[9.3,46.871],[9.3,46.866],[9.302,46.862],[9.308,46.86],[9.307,46.858],[9.296,46.86],[9.294,46.858],[9.292,46.86],[9.281,46.862],[9.269,46.871],[9.255,46.872],[9.249,46.874],[9.245,46.872],[9.248,46.869],[9.239,46.866],[9.238,46.863],[9.235,46.861],[9.239,46.862],[9.241,46.858],[9.239,46.856],[9.235,46.856],[9.232,46.858],[9.222,46.857],[9.219,46.859],[9.221,46.856],[9.209,46.854],[9.191,46.854],[9.194,46.852],[9.215,46.848],[9.222,46.844],[9.223,46.84],[9.215,46.835],[9.212,46.837],[9.192,46.839],[9.197,46.832],[9.189,46.831],[9.182,46.827],[9.176,46.839],[9.166,46.844],[9.163,46.842],[9.156,46.843],[9.156,46.845],[9.159,46.848],[9.156,46.85],[9.153,46.849],[9.152,46.846],[9.146,46.844],[9.146,46.841],[9.149,46.839],[9.149,46.836],[9.155,46.833],[9.156,46.825],[9.146,46.82],[9.14,46.819],[9.134,46.822],[9.136,46.826],[9.134,46.828],[9.135,46.831],[9.133,46.833],[9.129,46.833],[9.131,46.84],[9.127,46.843],[9.123,46.843],[9.12,46.845],[9.113,46.838],[9.107,46.845],[9.102,46.847],[9.091,46.843],[9.083,46.843],[9.082,46.84],[9.084,46.838],[9.09,46.836],[9.099,46.827],[9.097,46.825],[9.09,46.823],[9.074,46.824],[9.072,46.822],[9.073,46.82],[9.067,46.818],[9.07,46.817],[9.075,46.811],[9.073,46.807],[9.068,46.805],[9.068,46.802],[9.062,46.8],[9.053,46.807],[9.048,46.809],[9.048,46.814],[9.037,46.815],[9.027,46.815],[9.024,46.813],[9.018,46.813],[9.004,46.808],[9.001,46.809],[8.998,46.807],[8.99,46.806],[8.991,46.801],[8.998,46.8],[9.008,46.801],[9.011,46.804],[9.027,46.808],[9.032,46.803],[9.035,46.796],[9.038,46.794],[9.037,46.791],[9.039,46.789],[9.027,46.787],[9.02,46.789],[9.017,46.785],[9.013,46.783],[9.007,46.784],[9.002,46.778],[8.997,46.777],[8.987,46.778],[8.98,46.781],[8.977,46.777],[8.974,46.782],[8.964,46.783],[8.957,46.779],[8.954,46.775],[8.951,46.775],[8.951,46.772],[8.96,46.768],[8.961,46.766],[8.964,46.766],[8.964,46.764],[8.961,46.765],[8.953,46.763],[8.948,46.768],[8.944,46.768],[8.939,46.761],[8.934,46.759],[8.93,46.759],[8.928,46.757],[8.921,46.755],[8.915,46.758],[8.913,46.757],[8.916,46.755],[8.915,46.75],[8.911,46.75],[8.904,46.764],[8.898,46.766],[8.898,46.769],[8.892,46.769],[8.889,46.771],[8.889,46.773],[8.896,46.781],[8.886,46.783],[8.882,46.78],[8.878,46.782],[8.879,46.785],[8.876,46.783],[8.874,46.773],[8.868,46.771],[8.855,46.776],[8.857,46.771],[8.856,46.769],[8.853,46.769],[8.857,46.762],[8.86,46.762],[8.862,46.764],[8.864,46.762],[8.869,46.761],[8.872,46.757],[8.878,46.757],[8.88,46.755],[8.881,46.753],[8.879,46.749],[8.881,46.746],[8.881,46.742],[8.878,46.737],[8.872,46.741],[8.864,46.738],[8.865,46.733],[8.861,46.732],[8.852,46.735],[8.848,46.732],[8.849,46.726],[8.845,46.723],[8.829,46.725],[8.826,46.722],[8.826,46.72],[8.809,46.721],[8.807,46.72],[8.811,46.713],[8.809,46.711],[8.788,46.705],[8.788,46.702],[8.792,46.702],[8.795,46.7],[8.789,46.698],[8.782,46.701],[8.772,46.701],[8.766,46.712],[8.762,46.712],[8.763,46.709],[8.756,46.71],[8.757,46.705],[8.755,46.694],[8.753,46.692],[8.743,46.691],[8.737,46.699],[8.733,46.697],[8.731,46.699],[8.728,46.699],[8.729,46.692],[8.732,46.687],[8.727,46.683],[8.72,46.682],[8.716,46.683],[8.713,46.687],[8.709,46.685],[8.703,46.688],[8.702,46.685],[8.706,46.676],[8.704,46.672],[8.713,46.671],[8.714,46.67],[8.713,46.669],[8.7,46.664],[8.696,46.665],[8.699,46.67],[8.697,46.672],[8.693,46.673],[8.69,46.671],[8.687,46.672],[8.685,46.668],[8.691,46.661],[8.69,46.658],[8.686,46.657],[8.681,46.659],[8.673,46.659],[8.674,46.654],[8.67,46.648],[8.67,46.645],[8.673,46.642],[8.676,46.647],[8.679,46.643],[8.686,46.641],[8.698,46.645],[8.702,46.64],[8.706,46.639],[8.702,46.632],[8.695,46.632],[8.692,46.63],[8.691,46.625],[8.692,46.624],[8.699,46.627],[8.708,46.625],[8.708,46.622],[8.71,46.62],[8.71,46.613],[8.715,46.609],[8.717,46.611],[8.715,46.613],[8.718,46.615],[8.721,46.614],[8.723,46.616],[8.722,46.62],[8.724,46.629],[8.721,46.634],[8.722,46.638],[8.717,46.647],[8.719,46.648],[8.739,46.652],[8.741,46.656],[8.748,46.654],[8.749,46.658],[8.755,46.661],[8.757,46.66],[8.753,46.653],[8.753,46.647],[8.748,46.644],[8.745,46.64],[8.751,46.638],[8.751,46.635],[8.753,46.633],[8.75,46.629],[8.753,46.626],[8.753,46.624],[8.75,46.622],[8.75,46.617],[8.748,46.615],[8.749,46.611],[8.751,46.61],[8.752,46.613],[8.758,46.617],[8.758,46.62],[8.764,46.621],[8.769,46.626],[8.774,46.635],[8.772,46.642],[8.781,46.646],[8.784,46.649],[8.784,46.653],[8.788,46.658],[8.795,46.657],[8.795,46.651],[8.797,46.648],[8.808,46.646],[8.812,46.65],[8.812,46.657],[8.814,46.659],[8.817,46.655],[8.824,46.658],[8.824,46.653],[8.828,46.65],[8.828,46.646],[8.823,46.644],[8.82,46.646],[8.82,46.641],[8.813,46.638],[8.81,46.635],[8.81,46.63],[8.802,46.63],[8.808,46.624],[8.806,46.62],[8.808,46.619],[8.804,46.617],[8.808,46.612],[8.802,46.606],[8.791,46.603],[8.794,46.597],[8.789,46.587],[8.779,46.585],[8.776,46.587],[8.772,46.586],[8.785,46.579],[8.774,46.568],[8.776,46.564],[8.782,46.567],[8.79,46.568],[8.791,46.548],[8.795,46.549],[8.797,46.547],[8.795,46.543],[8.793,46.543],[8.795,46.541],[8.804,46.539],[8.805,46.538],[8.798,46.536],[8.805,46.534],[8.805,46.531],[8.82,46.53],[8.825,46.527],[8.823,46.524],[8.833,46.524],[8.84,46.517],[8.848,46.515],[8.848,46.513],[8.852,46.511],[8.856,46.512],[8.861,46.508],[8.869,46.506],[8.885,46.508],[8.89,46.506],[8.872,46.5],[8.871,46.497],[8.873,46.492],[8.871,46.491],[8.865,46.491],[8.863,46.497],[8.859,46.502],[8.83,46.514],[8.82,46.514],[8.817,46.512],[8.797,46.52],[8.791,46.52],[8.784,46.515],[8.774,46.519],[8.768,46.517],[8.759,46.518],[8.755,46.521],[8.748,46.522],[8.74,46.53],[8.726,46.533],[8.719,46.532],[8.71,46.535],[8.706,46.534],[8.696,46.539],[8.707,46.542],[8.714,46.541],[8.712,46.546],[8.708,46.548],[8.717,46.551],[8.72,46.548],[8.726,46.548],[8.736,46.545],[8.746,46.545],[8.754,46.548],[8.752,46.552],[8.738,46.55],[8.733,46.554],[8.723,46.556],[8.717,46.56],[8.704,46.558],[8.694,46.553],[8.694,46.551],[8.688,46.548],[8.684,46.549],[8.667,46.542],[8.664,46.538],[8.656,46.544],[8.664,46.546],[8.664,46.549],[8.661,46.55],[8.659,46.553],[8.662,46.555],[8.662,46.558],[8.674,46.564],[8.676,46.567],[8.675,46.572],[8.671,46.569],[8.665,46.57],[8.658,46.568],[8.652,46.564],[8.643,46.565],[8.642,46.56],[8.638,46.56],[8.638,46.558],[8.632,46.556],[8.625,46.557],[8.622,46.553],[8.615,46.55],[8.599,46.547],[8.599,46.544],[8.589,46.546],[8.586,46.551],[8.583,46.548],[8.576,46.548],[8.567,46.549],[8.567,46.553],[8.561,46.552],[8.559,46.55],[8.56,46.547],[8.569,46.541],[8.571,46.538],[8.566,46.538],[8.56,46.533],[8.547,46.533],[8.537,46.529],[8.534,46.531],[8.53,46.531],[8.527,46.527],[8.524,46.526],[8.514,46.527],[8.512,46.525],[8.513,46.521],[8.51,46.519],[8.504,46.52],[8.497,46.517],[8.498,46.514],[8.494,46.511],[8.488,46.513],[8.484,46.511],[8.471,46.502],[8.468,46.497],[8.465,46.5],[8.459,46.497],[8.463,46.494],[8.458,46.491],[8.454,46.486],[8.451,46.486],[8.448,46.48],[8.445,46.48],[8.441,46.477],[8.435,46.478],[8.431,46.477],[8.435,46.475],[8.453,46.474],[8.461,46.478],[8.467,46.478],[8.471,46.48],[8.477,46.479],[8.48,46.484],[8.49,46.488],[8.494,46.486],[8.497,46.489],[8.507,46.484],[8.51,46.485],[8.511,46.487],[8.508,46.492],[8.517,46.497],[8.52,46.495],[8.523,46.496],[8.523,46.498],[8.526,46.5],[8.53,46.5],[8.533,46.502],[8.539,46.498],[8.539,46.496],[8.543,46.495],[8.546,46.497],[8.551,46.496],[8.55,46.505],[8.553,46.507],[8.559,46.503],[8.572,46.504],[8.573,46.505],[8.572,46.507],[8.575,46.511],[8.578,46.509],[8.585,46.508],[8.589,46.512],[8.595,46.51],[8.6,46.511],[8.601,46.509],[8.605,46.508],[8.615,46.512],[8.617,46.506],[8.621,46.502],[8.625,46.502],[8.627,46.499],[8.634,46.499],[8.64,46.501],[8.644,46.497],[8.647,46.498],[8.653,46.494],[8.657,46.497],[8.663,46.494],[8.666,46.499],[8.669,46.497],[8.676,46.496],[8.679,46.489],[8.689,46.492],[8.696,46.491],[8.699,46.493],[8.706,46.492],[8.708,46.49],[8.708,46.487],[8.705,46.484],[8.702,46.484],[8.703,46.481],[8.714,46.476],[8.724,46.475],[8.727,46.467],[8.731,46.466],[8.733,46.462],[8.743,46.46],[8.731,46.459],[8.727,46.461],[8.732,46.453],[8.73,46.452],[8.724,46.455],[8.722,46.454],[8.726,46.449],[8.734,46.444],[8.743,46.441],[8.746,46.438],[8.75,46.438],[8.759,46.442],[8.769,46.44],[8.782,46.442],[8.786,46.444],[8.79,46.439],[8.795,46.439],[8.797,46.437],[8.788,46.427],[8.775,46.424],[8.772,46.425],[8.769,46.42],[8.759,46.42],[8.755,46.417],[8.756,46.414],[8.764,46.413],[8.766,46.408],[8.778,46.404],[8.779,46.403],[8.776,46.401],[8.778,46.4],[8.781,46.402],[8.788,46.402],[8.791,46.404],[8.792,46.403],[8.788,46.395],[8.781,46.395],[8.778,46.398],[8.775,46.396],[8.771,46.398],[8.768,46.395],[8.765,46.396],[8.762,46.4],[8.749,46.398],[8.744,46.402],[8.739,46.403],[8.738,46.399],[8.732,46.394],[8.732,46.39],[8.735,46.385],[8.737,46.386],[8.736,46.388],[8.739,46.39],[8.741,46.388],[8.742,46.383],[8.752,46.381],[8.76,46.374],[8.764,46.375],[8.768,46.373],[8.77,46.374],[8.767,46.377],[8.773,46.377],[8.778,46.374],[8.771,46.368],[8.755,46.372],[8.748,46.371],[8.745,46.373],[8.742,46.371],[8.733,46.375],[8.73,46.375],[8.729,46.373],[8.712,46.382],[8.713,46.384],[8.725,46.388],[8.724,46.391],[8.713,46.395],[8.713,46.399],[8.715,46.397],[8.726,46.398],[8.73,46.402],[8.726,46.405],[8.721,46.406],[8.723,46.408],[8.734,46.406],[8.732,46.408],[8.737,46.411],[8.73,46.415],[8.728,46.418],[8.727,46.425],[8.723,46.424],[8.72,46.426],[8.714,46.425],[8.706,46.427],[8.702,46.425],[8.7,46.419],[8.697,46.419],[8.694,46.416],[8.687,46.415],[8.681,46.418],[8.687,46.419],[8.69,46.422],[8.686,46.429],[8.688,46.431],[8.698,46.434],[8.689,46.436],[8.687,46.44],[8.688,46.443],[8.685,46.443],[8.683,46.445],[8.682,46.45],[8.688,46.457],[8.702,46.456],[8.699,46.461],[8.694,46.463],[8.7,46.467],[8.701,46.47],[8.695,46.469],[8.689,46.471],[8.679,46.468],[8.672,46.472],[8.669,46.472],[8.666,46.47],[8.662,46.472],[8.664,46.477],[8.663,46.479],[8.659,46.48],[8.656,46.476],[8.65,46.482],[8.64,46.486],[8.63,46.487],[8.618,46.496],[8.608,46.496],[8.603,46.498],[8.602,46.495],[8.591,46.492],[8.588,46.493],[8.585,46.491],[8.586,46.489],[8.591,46.488],[8.594,46.483],[8.598,46.485],[8.604,46.485],[8.613,46.482],[8.609,46.48],[8.609,46.475],[8.611,46.474],[8.617,46.478],[8.627,46.476],[8.627,46.473],[8.625,46.473],[8.624,46.47],[8.621,46.468],[8.623,46.463],[8.633,46.468],[8.636,46.466],[8.636,46.462],[8.644,46.461],[8.643,46.458],[8.639,46.455],[8.643,46.452],[8.639,46.448],[8.629,46.448],[8.626,46.45],[8.631,46.446],[8.63,46.441],[8.633,46.438],[8.631,46.434],[8.637,46.432],[8.636,46.429],[8.632,46.427],[8.626,46.428],[8.619,46.435],[8.613,46.435],[8.608,46.437],[8.611,46.441],[8.608,46.444],[8.611,46.45],[8.604,46.456],[8.6,46.456],[8.591,46.461],[8.581,46.459],[8.578,46.454],[8.574,46.454],[8.572,46.451],[8.572,46.448],[8.581,46.45],[8.587,46.449],[8.588,46.448],[8.584,46.441],[8.577,46.44],[8.566,46.435],[8.581,46.426],[8.579,46.421],[8.58,46.419],[8.577,46.419],[8.575,46.417],[8.576,46.41],[8.58,46.41],[8.589,46.406],[8.588,46.403],[8.584,46.401],[8.586,46.399],[8.593,46.395],[8.602,46.396],[8.606,46.394],[8.61,46.399],[8.614,46.399],[8.617,46.396],[8.612,46.394],[8.619,46.389],[8.618,46.387],[8.628,46.385],[8.625,46.383],[8.624,46.38],[8.618,46.379],[8.605,46.385],[8.602,46.383],[8.597,46.383],[8.596,46.38],[8.592,46.38],[8.581,46.388],[8.573,46.389],[8.569,46.392],[8.573,46.397],[8.572,46.399],[8.581,46.401],[8.58,46.402],[8.573,46.403],[8.567,46.409],[8.554,46.41],[8.552,46.413],[8.555,46.415],[8.555,46.417],[8.551,46.422],[8.535,46.425],[8.534,46.426],[8.537,46.431],[8.535,46.434],[8.519,46.439],[8.509,46.445],[8.508,46.438],[8.511,46.436],[8.51,46.433],[8.514,46.431],[8.505,46.425],[8.504,46.422],[8.501,46.42],[8.499,46.413],[8.492,46.412],[8.49,46.409],[8.495,46.406],[8.492,46.404],[8.495,46.398],[8.502,46.4],[8.513,46.4],[8.513,46.397],[8.51,46.395],[8.51,46.393],[8.517,46.39],[8.505,46.386],[8.507,46.382],[8.502,46.379],[8.508,46.379],[8.513,46.377],[8.51,46.375],[8.511,46.372],[8.508,46.371],[8.498,46.379],[8.495,46.38],[8.488,46.379],[8.487,46.377],[8.494,46.373],[8.488,46.37],[8.487,46.366],[8.481,46.365],[8.476,46.362],[8.478,46.36],[8.481,46.36],[8.485,46.354],[8.488,46.354],[8.493,46.35],[8.501,46.347],[8.507,46.349],[8.51,46.346],[8.52,46.347],[8.527,46.344],[8.528,46.345],[8.524,46.348],[8.527,46.35],[8.533,46.348],[8.539,46.35],[8.538,46.352],[8.54,46.353],[8.546,46.351],[8.549,46.342],[8.552,46.343],[8.562,46.342],[8.565,46.336],[8.571,46.334],[8.565,46.331],[8.562,46.33],[8.559,46.331],[8.559,46.334],[8.556,46.336],[8.543,46.339],[8.523,46.331],[8.52,46.333],[8.507,46.335],[8.494,46.331],[8.486,46.335],[8.481,46.335],[8.474,46.329],[8.468,46.327],[8.46,46.328],[8.463,46.326],[8.466,46.319],[8.461,46.317],[8.458,46.31],[8.455,46.308],[8.458,46.305],[8.474,46.307],[8.477,46.305],[8.461,46.299],[8.457,46.293],[8.455,46.294],[8.454,46.297],[8.444,46.298],[8.443,46.294],[8.438,46.292],[8.435,46.291],[8.431,46.293],[8.429,46.297],[8.426,46.299],[8.432,46.303],[8.435,46.303],[8.436,46.306],[8.44,46.308],[8.442,46.315],[8.446,46.317],[8.446,46.319],[8.449,46.321],[8.451,46.325],[8.457,46.328],[8.456,46.33],[8.46,46.335],[8.459,46.337],[8.463,46.342],[8.463,46.353],[8.46,46.355],[8.466,46.362],[8.466,46.368],[8.463,46.371],[8.463,46.38],[8.46,46.382],[8.46,46.391],[8.467,46.395],[8.467,46.398],[8.463,46.4],[8.463,46.409],[8.467,46.411],[8.467,46.413],[8.46,46.418],[8.46,46.421],[8.457,46.423],[8.457,46.428],[8.454,46.429],[8.454,46.438],[8.458,46.441],[8.458,46.445],[8.461,46.447],[8.461,46.449],[8.455,46.454],[8.454,46.457],[8.445,46.463],[8.441,46.464],[8.435,46.464],[8.431,46.461],[8.405,46.459],[8.395,46.453],[8.392,46.453],[8.389,46.45],[8.366,46.451],[8.353,46.442],[8.346,46.44],[8.33,46.428],[8.326,46.428],[8.317,46.424],[8.307,46.424],[8.303,46.422],[8.303,46.419],[8.296,46.415],[8.297,46.413],[8.293,46.41],[8.293,46.408],[8.303,46.408],[8.313,46.403],[8.313,46.399],[8.316,46.397],[8.315,46.381],[8.306,46.375],[8.303,46.375],[8.296,46.37],[8.293,46.37],[8.283,46.364],[8.267,46.366],[8.264,46.364],[8.26,46.361],[8.26,46.354],[8.263,46.352],[8.263,46.348],[8.26,46.346],[8.251,46.346],[8.25,46.343],[8.244,46.339],[8.231,46.339],[8.227,46.337],[8.227,46.334],[8.221,46.33],[8.221,46.325],[8.217,46.323],[8.217,46.319],[8.214,46.317],[8.213,46.314],[8.214,46.31],[8.211,46.308],[8.207,46.308],[8.178,46.297],[8.171,46.297],[8.169,46.295],[8.152,46.297],[8.149,46.299],[8.143,46.299],[8.136,46.302],[8.13,46.297],[8.123,46.295],[8.123,46.292],[8.113,46.283],[8.094,46.27],[8.087,46.266],[8.083,46.266],[8.08,46.263],[8.08,46.261],[8.087,46.256],[8.097,46.256],[8.103,46.252],[8.106,46.252],[8.109,46.25],[8.109,46.247],[8.113,46.245],[8.113,46.24],[8.128,46.229],[8.139,46.227],[8.141,46.223],[8.138,46.217],[8.142,46.219],[8.144,46.218],[8.142,46.21],[8.134,46.216],[8.122,46.217],[8.116,46.221],[8.109,46.219],[8.096,46.219],[8.093,46.223],[8.089,46.218],[8.093,46.212],[8.096,46.214],[8.098,46.212],[8.096,46.207],[8.092,46.203],[8.092,46.2],[8.09,46.199],[8.083,46.201],[8.077,46.206],[8.07,46.208],[8.067,46.211],[8.059,46.214],[8.061,46.215],[8.061,46.217],[8.058,46.219],[8.058,46.221],[8.054,46.223],[8.055,46.228],[8.058,46.23],[8.051,46.226],[8.042,46.232],[8.038,46.233],[8.035,46.231],[8.02,46.232],[8.019,46.234],[8.025,46.241],[8.024,46.243],[8.025,46.245],[8.032,46.247],[8.032,46.25],[8.035,46.252],[8.038,46.253],[8.048,46.251],[8.055,46.254],[8.055,46.257],[8.052,46.259],[8.055,46.262],[8.048,46.265],[8.046,46.268],[8.047,46.273],[8.049,46.275],[8.063,46.279],[8.063,46.286],[8.065,46.288],[8.071,46.285],[8.081,46.29],[8.087,46.285],[8.091,46.291],[8.091,46.293],[8.086,46.297],[8.093,46.304],[8.091,46.305],[8.081,46.302],[8.075,46.306],[8.075,46.308],[8.081,46.315],[8.068,46.316],[8.065,46.311],[8.058,46.313],[8.062,46.317],[8.059,46.322],[8.054,46.324],[8.054,46.326],[8.055,46.328],[8.062,46.328],[8.065,46.33],[8.069,46.329],[8.071,46.335],[8.07,46.34],[8.072,46.341],[8.082,46.337],[8.086,46.342],[8.086,46.344],[8.083,46.347],[8.083,46.349],[8.085,46.35],[8.095,46.348],[8.096,46.353],[8.098,46.354],[8.104,46.35],[8.108,46.351],[8.114,46.348],[8.117,46.349],[8.122,46.36],[8.134,46.364],[8.144,46.364],[8.149,46.362],[8.146,46.36],[8.146,46.357],[8.153,46.357],[8.155,46.355],[8.155,46.351],[8.144,46.351],[8.14,46.349],[8.137,46.344],[8.133,46.342],[8.135,46.34],[8.129,46.335],[8.13,46.333],[8.138,46.335],[8.147,46.341],[8.156,46.341],[8.159,46.339],[8.159,46.335],[8.153,46.331],[8.153,46.329],[8.159,46.331],[8.171,46.33],[8.171,46.333],[8.18,46.335],[8.184,46.332],[8.185,46.329],[8.189,46.327],[8.192,46.328],[8.196,46.332],[8.193,46.335],[8.192,46.339],[8.205,46.344],[8.192,46.346],[8.189,46.348],[8.191,46.35],[8.192,46.355],[8.199,46.36],[8.205,46.359],[8.209,46.362],[8.212,46.358],[8.218,46.357],[8.218,46.359],[8.221,46.361],[8.225,46.361],[8.228,46.367],[8.238,46.37],[8.241,46.374],[8.248,46.374],[8.262,46.379],[8.261,46.381],[8.258,46.382],[8.241,46.382],[8.238,46.38],[8.225,46.379],[8.219,46.382],[8.223,46.386],[8.222,46.389],[8.219,46.387],[8.205,46.386],[8.202,46.383],[8.195,46.384],[8.186,46.381],[8.183,46.382],[8.179,46.384],[8.178,46.389],[8.189,46.39],[8.219,46.403],[8.227,46.409],[8.224,46.409],[8.222,46.407],[8.212,46.407],[8.206,46.403],[8.199,46.403],[8.193,46.401],[8.186,46.401],[8.182,46.407],[8.183,46.408],[8.189,46.409],[8.19,46.412],[8.197,46.413],[8.198,46.418],[8.206,46.418],[8.209,46.42],[8.209,46.425],[8.213,46.423],[8.218,46.424],[8.217,46.429],[8.223,46.432],[8.226,46.431],[8.232,46.439],[8.236,46.437],[8.244,46.438],[8.247,46.44],[8.243,46.444],[8.249,46.449],[8.252,46.449],[8.264,46.44],[8.264,46.435],[8.275,46.429],[8.282,46.428],[8.284,46.431],[8.292,46.435],[8.285,46.437],[8.288,46.438],[8.289,46.442],[8.281,46.447],[8.273,46.456],[8.275,46.458],[8.282,46.46],[8.281,46.464],[8.277,46.469],[8.285,46.471],[8.298,46.461],[8.306,46.462],[8.305,46.469],[8.297,46.476],[8.295,46.48],[8.3,46.482],[8.301,46.485],[8.308,46.484],[8.321,46.494],[8.324,46.495],[8.331,46.491],[8.338,46.496],[8.344,46.494],[8.35,46.489],[8.35,46.486],[8.354,46.486],[8.36,46.481],[8.364,46.48],[8.366,46.476],[8.37,46.478],[8.374,46.477],[8.374,46.482],[8.371,46.484],[8.371,46.486],[8.374,46.488],[8.367,46.493],[8.367,46.497],[8.361,46.498],[8.361,46.5],[8.354,46.502],[8.351,46.505],[8.344,46.506],[8.342,46.509],[8.35,46.513],[8.35,46.516],[8.352,46.518],[8.357,46.519],[8.358,46.522],[8.361,46.524],[8.367,46.524],[8.38,46.517],[8.388,46.515],[8.391,46.515],[8.391,46.518],[8.388,46.522],[8.39,46.524],[8.4,46.521],[8.412,46.515],[8.424,46.515],[8.423,46.521],[8.416,46.524],[8.415,46.526],[8.416,46.529],[8.41,46.529],[8.4,46.532],[8.394,46.536],[8.394,46.538],[8.39,46.541],[8.386,46.54],[8.381,46.543],[8.377,46.543],[8.375,46.551],[8.381,46.555],[8.381,46.557],[8.368,46.556],[8.357,46.561],[8.394,46.575],[8.401,46.573],[8.405,46.574],[8.401,46.574],[8.399,46.576],[8.384,46.577],[8.381,46.579],[8.375,46.577],[8.371,46.579],[8.358,46.572],[8.357,46.567],[8.348,46.564],[8.348,46.56],[8.352,46.556],[8.352,46.554],[8.347,46.549],[8.328,46.541],[8.322,46.535],[8.319,46.534],[8.315,46.534],[8.309,46.539],[8.3,46.539],[8.299,46.536],[8.302,46.538],[8.31,46.532],[8.309,46.526],[8.305,46.525],[8.299,46.528],[8.292,46.528],[8.289,46.53],[8.286,46.527],[8.292,46.521],[8.289,46.519],[8.286,46.52],[8.279,46.526],[8.277,46.523],[8.279,46.518],[8.276,46.514],[8.27,46.516],[8.267,46.519],[8.263,46.52],[8.259,46.519],[8.264,46.507],[8.263,46.506],[8.256,46.507],[8.247,46.516],[8.237,46.523],[8.227,46.522],[8.226,46.519],[8.229,46.517],[8.233,46.509],[8.238,46.505],[8.242,46.496],[8.227,46.488],[8.214,46.497],[8.213,46.496],[8.215,46.494],[8.214,46.491],[8.21,46.493],[8.209,46.492],[8.209,46.487],[8.214,46.481],[8.214,46.478],[8.21,46.475],[8.197,46.484],[8.187,46.488],[8.185,46.483],[8.187,46.478],[8.191,46.474],[8.19,46.47],[8.193,46.467],[8.186,46.465],[8.186,46.461],[8.184,46.459],[8.174,46.461],[8.173,46.458],[8.177,46.454],[8.177,46.452],[8.171,46.451],[8.167,46.448],[8.161,46.448],[8.16,46.45],[8.155,46.452],[8.155,46.455],[8.151,46.455],[8.146,46.459],[8.144,46.463],[8.135,46.468],[8.14,46.472],[8.141,46.474],[8.139,46.477],[8.14,46.481],[8.143,46.483],[8.142,46.487],[8.138,46.486],[8.14,46.483],[8.135,46.477],[8.129,46.475],[8.122,46.475],[8.12,46.468],[8.118,46.466],[8.122,46.459],[8.117,46.454],[8.117,46.452],[8.121,46.448],[8.121,46.445],[8.111,46.436],[8.117,46.434],[8.117,46.432],[8.107,46.427],[8.106,46.425],[8.108,46.423],[8.107,46.421],[8.099,46.415],[8.095,46.414],[8.094,46.409],[8.089,46.406],[8.086,46.407],[8.079,46.404],[8.075,46.405],[8.08,46.41],[8.08,46.414],[8.083,46.416],[8.082,46.417],[8.072,46.407],[8.066,46.406],[8.054,46.398],[8.043,46.393],[8.04,46.392],[8.038,46.394],[8.04,46.399],[8.043,46.401],[8.051,46.403],[8.053,46.406],[8.061,46.407],[8.065,46.41],[8.064,46.416],[8.068,46.421],[8.067,46.423],[8.069,46.428],[8.056,46.432],[8.055,46.437],[8.06,46.441],[8.064,46.441],[8.065,46.443],[8.062,46.446],[8.054,46.449],[8.047,46.45],[8.047,46.448],[8.054,46.445],[8.055,46.443],[8.053,46.442],[8.053,46.439],[8.047,46.435],[8.043,46.43],[8.044,46.427],[8.048,46.428],[8.049,46.423],[8.044,46.422],[8.037,46.424],[8.035,46.417],[8.03,46.415],[8.029,46.412],[8.024,46.409],[8.014,46.411],[8.008,46.415],[8.004,46.415],[7.995,46.42],[7.985,46.422],[7.983,46.424],[7.978,46.424],[7.994,46.417],[7.999,46.412],[8.001,46.405],[7.995,46.404],[7.991,46.406],[7.988,46.403],[7.991,46.399],[7.987,46.388],[7.99,46.385],[7.981,46.382],[7.972,46.375],[7.966,46.376],[7.959,46.382],[7.955,46.377],[7.952,46.365],[7.956,46.356],[7.957,46.345],[7.955,46.341],[7.95,46.347],[7.95,46.352],[7.947,46.354],[7.947,46.361],[7.943,46.363],[7.944,46.368],[7.936,46.377],[7.926,46.379],[7.929,46.38],[7.933,46.379],[7.936,46.381],[7.936,46.384],[7.926,46.391],[7.925,46.39],[7.928,46.388],[7.928,46.386],[7.926,46.383],[7.916,46.393],[7.916,46.388],[7.92,46.384],[7.921,46.377],[7.92,46.376],[7.915,46.377],[7.921,46.372],[7.919,46.367],[7.924,46.363],[7.922,46.361],[7.924,46.359],[7.92,46.354],[7.924,46.352],[7.923,46.35],[7.919,46.351],[7.919,46.349],[7.923,46.348],[7.924,46.347],[7.923,46.345],[7.929,46.341],[7.926,46.338],[7.913,46.34],[7.909,46.338],[7.906,46.341],[7.903,46.338],[7.897,46.338],[7.903,46.35],[7.9,46.353],[7.897,46.351],[7.894,46.352],[7.899,46.359],[7.897,46.363],[7.89,46.36],[7.889,46.361],[7.892,46.363],[7.886,46.365],[7.888,46.368],[7.885,46.37],[7.89,46.377],[7.887,46.376],[7.884,46.379],[7.881,46.378],[7.877,46.38],[7.877,46.377],[7.868,46.371],[7.863,46.37],[7.865,46.366],[7.859,46.361],[7.867,46.357],[7.863,46.352],[7.863,46.348],[7.867,46.345],[7.863,46.343],[7.863,46.339],[7.861,46.337],[7.854,46.344],[7.848,46.345],[7.844,46.348],[7.847,46.35],[7.843,46.352],[7.844,46.354],[7.85,46.357],[7.842,46.359],[7.842,46.361],[7.846,46.363],[7.845,46.366],[7.841,46.366],[7.835,46.372],[7.826,46.366],[7.827,46.363],[7.822,46.357],[7.819,46.358],[7.812,46.355],[7.809,46.357],[7.806,46.35],[7.802,46.353],[7.802,46.355],[7.799,46.358],[7.796,46.359],[7.796,46.362],[7.795,46.361],[7.798,46.352],[7.793,46.345],[7.789,46.347],[7.786,46.353],[7.785,46.348],[7.783,46.346],[7.78,46.344],[7.776,46.345],[7.776,46.347],[7.781,46.35],[7.782,46.357],[7.776,46.358],[7.774,46.361],[7.782,46.368],[7.771,46.373],[7.772,46.377],[7.771,46.379],[7.773,46.384],[7.782,46.386],[7.781,46.388],[7.783,46.391],[7.79,46.389],[7.789,46.393],[7.799,46.392],[7.8,46.395],[7.803,46.397],[7.807,46.397],[7.807,46.402],[7.813,46.405],[7.816,46.404],[7.82,46.406],[7.819,46.408],[7.822,46.41],[7.829,46.41],[7.83,46.411],[7.826,46.413],[7.829,46.416],[7.835,46.419],[7.839,46.418],[7.845,46.423],[7.858,46.427],[7.871,46.435],[7.895,46.444],[7.897,46.449],[7.883,46.451],[7.878,46.449],[7.871,46.449],[7.868,46.447],[7.858,46.451],[7.857,46.447],[7.852,46.443],[7.848,46.444],[7.846,46.447],[7.839,46.446],[7.832,46.449],[7.841,46.44],[7.839,46.438],[7.832,46.439],[7.824,46.435],[7.821,46.435],[7.816,46.441],[7.81,46.445],[7.806,46.445],[7.805,46.442],[7.806,46.441],[7.81,46.444],[7.815,46.44],[7.813,46.438],[7.809,46.44],[7.808,46.438],[7.812,46.433],[7.803,46.427],[7.8,46.427],[7.793,46.423],[7.787,46.425],[7.78,46.42],[7.777,46.421],[7.774,46.416],[7.767,46.413],[7.757,46.413],[7.751,46.409],[7.747,46.411],[7.739,46.406],[7.738,46.404],[7.74,46.402],[7.738,46.398],[7.734,46.396],[7.734,46.392],[7.74,46.391],[7.739,46.388],[7.733,46.384],[7.733,46.382],[7.734,46.38],[7.738,46.381],[7.74,46.379],[7.737,46.377],[7.736,46.373],[7.737,46.366],[7.739,46.364],[7.737,46.363],[7.736,46.357],[7.728,46.346],[7.724,46.347],[7.705,46.342],[7.699,46.346],[7.692,46.346],[7.689,46.348],[7.689,46.35],[7.685,46.351],[7.683,46.355],[7.686,46.357],[7.686,46.36],[7.679,46.355],[7.679,46.348],[7.676,46.346],[7.666,46.345],[7.659,46.35],[7.66,46.355],[7.653,46.359],[7.646,46.359],[7.651,46.368],[7.65,46.369],[7.643,46.367],[7.64,46.368],[7.64,46.371],[7.643,46.376],[7.647,46.377],[7.65,46.381],[7.653,46.382],[7.653,46.385],[7.663,46.388],[7.664,46.391],[7.662,46.398],[7.668,46.404],[7.663,46.406],[7.656,46.403],[7.655,46.4],[7.653,46.399],[7.65,46.401],[7.64,46.402],[7.638,46.4],[7.627,46.401],[7.617,46.399],[7.611,46.396],[7.607,46.389],[7.609,46.386],[7.608,46.384],[7.603,46.382],[7.604,46.38],[7.601,46.378],[7.598,46.378],[7.599,46.375],[7.598,46.374],[7.591,46.373],[7.588,46.369],[7.588,46.367],[7.594,46.362],[7.593,46.351],[7.594,46.348],[7.591,46.346],[7.585,46.347],[7.572,46.345],[7.569,46.348],[7.567,46.348],[7.566,46.351],[7.559,46.354],[7.556,46.353],[7.539,46.358],[7.532,46.355],[7.537,46.351],[7.53,46.345],[7.523,46.347],[7.513,46.342],[7.504,46.347],[7.503,46.346],[7.505,46.342],[7.504,46.34],[7.5,46.338],[7.497,46.34],[7.484,46.337],[7.481,46.329],[7.474,46.331],[7.465,46.329],[7.463,46.33],[7.472,46.337],[7.473,46.342],[7.477,46.346],[7.474,46.351],[7.478,46.352],[7.478,46.355],[7.474,46.356],[7.468,46.354],[7.465,46.348],[7.458,46.345],[7.455,46.348],[7.457,46.353],[7.452,46.356],[7.441,46.357],[7.437,46.36],[7.43,46.362],[7.415,46.362],[7.413,46.36],[7.409,46.363],[7.409,46.359],[7.411,46.357],[7.417,46.357],[7.416,46.353],[7.419,46.35],[7.422,46.35],[7.429,46.346],[7.426,46.342],[7.422,46.34],[7.421,46.335],[7.422,46.331],[7.424,46.33],[7.411,46.324],[7.41,46.321],[7.406,46.321],[7.403,46.317],[7.396,46.314],[7.395,46.312],[7.389,46.31],[7.383,46.31],[7.377,46.314],[7.375,46.317],[7.376,46.319],[7.374,46.32],[7.367,46.32],[7.365,46.312],[7.368,46.306],[7.361,46.302],[7.354,46.304],[7.353,46.301],[7.355,46.299],[7.351,46.297],[7.348,46.301],[7.341,46.303],[7.345,46.305],[7.343,46.308],[7.345,46.316],[7.338,46.315],[7.332,46.318],[7.324,46.317],[7.319,46.314],[7.317,46.315],[7.317,46.319],[7.312,46.324],[7.306,46.321],[7.299,46.322],[7.296,46.321],[7.292,46.319],[7.293,46.314],[7.292,46.312],[7.301,46.303],[7.306,46.301],[7.3,46.299],[7.299,46.297],[7.301,46.292],[7.299,46.292],[7.296,46.287],[7.289,46.287],[7.286,46.283],[7.288,46.281],[7.283,46.279],[7.28,46.273],[7.273,46.272],[7.274,46.27],[7.27,46.269],[7.265,46.265],[7.264,46.262],[7.262,46.263],[7.263,46.267],[7.26,46.269],[7.26,46.272],[7.262,46.274],[7.25,46.287],[7.251,46.29],[7.25,46.294],[7.257,46.295],[7.264,46.299],[7.263,46.302],[7.257,46.304],[7.241,46.304],[7.234,46.302],[7.226,46.308],[7.218,46.306],[7.212,46.301],[7.215,46.299],[7.216,46.296],[7.215,46.295],[7.205,46.297],[7.204,46.296],[7.205,46.293],[7.208,46.29],[7.205,46.288],[7.195,46.288],[7.195,46.285],[7.202,46.285],[7.207,46.283],[7.203,46.276],[7.207,46.272],[7.205,46.269],[7.211,46.272],[7.211,46.274],[7.221,46.278],[7.224,46.276],[7.224,46.263],[7.221,46.261],[7.22,46.256],[7.227,46.254],[7.223,46.249],[7.229,46.245],[7.225,46.24],[7.218,46.238],[7.221,46.236],[7.22,46.233],[7.203,46.236],[7.199,46.235],[7.192,46.238],[7.188,46.238],[7.183,46.234],[7.176,46.234],[7.173,46.232],[7.164,46.231],[7.164,46.227],[7.16,46.222],[7.16,46.219],[7.154,46.216],[7.143,46.218],[7.138,46.215],[7.142,46.211],[7.141,46.209],[7.143,46.206],[7.141,46.2],[7.147,46.199],[7.149,46.197],[7.146,46.191],[7.149,46.188],[7.147,46.184],[7.144,46.186],[7.142,46.193],[7.137,46.195],[7.137,46.193],[7.127,46.184],[7.128,46.182],[7.127,46.179],[7.114,46.177],[7.112,46.171],[7.105,46.171],[7.102,46.173],[7.095,46.17],[7.092,46.168],[7.096,46.168],[7.096,46.165],[7.092,46.162],[7.089,46.163],[7.089,46.161],[7.086,46.158],[7.073,46.173],[7.068,46.175],[7.067,46.177],[7.073,46.177],[7.076,46.179],[7.077,46.186],[7.079,46.188],[7.057,46.206],[7.062,46.208],[7.063,46.211],[7.06,46.216],[7.055,46.22],[7.069,46.222],[7.07,46.231],[7.068,46.233],[7.069,46.234],[7.077,46.235],[7.085,46.243],[7.092,46.244],[7.094,46.242],[7.089,46.235],[7.078,46.229],[7.079,46.227],[7.082,46.23],[7.087,46.229],[7.088,46.226],[7.085,46.22]],[[7.082,46.22],[7.085,46.22],[7.084,46.222],[7.082,46.222],[7.082,46.22]],[[7.517,46.531],[7.518,46.528],[7.523,46.528],[7.523,46.531],[7.517,46.531]],[[8.485,46.881],[8.475,46.881],[8.478,46.878],[8.483,46.877],[8.482,46.879],[8.485,46.881]],[[8.651,46.661],[8.669,46.661],[8.674,46.666],[8.652,46.664],[8.651,46.661]],[[9.304,47.033],[9.3,47.031],[9.3,47.029],[9.303,47.03],[9.304,47.033]],[[9.28,46.923],[9.276,46.921],[9.277,46.919],[9.277,46.921],[9.28,46.923]],[[8.688,46.443],[8.696,46.445],[8.691,46.447],[8.688,46.443]],[[8.462999999999994,46.742],[8.459,46.742],[8.459,46.74],[8.462999999999994,46.742]],[[8.241,46.541],[8.262,46.543],[8.263,46.545],[8.27,46.545],[8.274,46.548],[8.267,46.549],[8.25,46.544],[8.243,46.546],[8.247,46.543],[8.241,46.541]],[[8.206777777777786,46.57622222222222],[8.205,46.578],[8.188,46.578],[8.189,46.577],[8.205,46.577],[8.206777777777786,46.57622222222222]],[[8.153625,46.6678125],[8.15,46.666],[8.151,46.663],[8.153625,46.6678125]]],[[[7.16,46.301],[7.162,46.299],[7.16,46.297],[7.157,46.299],[7.16,46.301]]],[[[7.572,46.564],[7.57,46.566],[7.57,46.58],[7.566,46.587],[7.567,46.589],[7.572,46.591],[7.576,46.591],[7.582,46.586],[7.589,46.587],[7.591,46.584],[7.585,46.58],[7.581,46.575],[7.576,46.565],[7.572,46.564]]],[[[8.017,46.696],[8.016,46.698],[8.022,46.698],[8.02,46.696],[8.017,46.696]]],[[[8.576,46.846],[8.574,46.849],[8.579,46.849],[8.576,46.846]]],[[[8.777,46.889],[8.78,46.887],[8.777,46.885],[8.774,46.887],[8.777,46.889]]],[[[9.21,46.982],[9.213,46.984],[9.215,46.982],[9.21,46.982]]],[[[9.14,47.071],[9.139,47.078],[9.144,47.08],[9.147,47.08],[9.15,47.077],[9.16,47.081],[9.164,47.079],[9.177,47.086],[9.18,47.086],[9.186,47.082],[9.186,47.079],[9.183,47.078],[9.164,47.076],[9.157,47.074],[9.15,47.069],[9.14,47.071]]],[[[9.314,47.041],[9.317,47.044],[9.321,47.044],[9.317,47.04],[9.314,47.041]]],[[[9.258,46.952],[9.261,46.953],[9.262,46.952],[9.258,46.952]]],[[[9.325,46.879],[9.326,46.877],[9.324,46.877],[9.325,46.879]]],[[[8.681,46.418],[8.685,46.414],[8.682,46.411],[8.677,46.411],[8.673,46.414],[8.673,46.416],[8.681,46.418]]],[[[8.275,46.458],[8.27,46.458],[8.272,46.46],[8.275,46.458]]],[[[9.246,46.442],[9.238,46.441],[9.233,46.444],[9.232,46.449],[9.226,46.451],[9.228,46.46],[9.226,46.465],[9.222,46.467],[9.217,46.474],[9.213,46.473],[9.206,46.478],[9.206,46.481],[9.21,46.483],[9.206,46.49],[9.207,46.491],[9.21,46.493],[9.22,46.495],[9.223,46.498],[9.236,46.5],[9.238,46.501],[9.237,46.503],[9.23,46.506],[9.219,46.501],[9.214,46.497],[9.21,46.497],[9.208,46.494],[9.204,46.495],[9.2,46.493],[9.191,46.504],[9.191,46.506],[9.198,46.507],[9.199,46.512],[9.198,46.514],[9.191,46.515],[9.191,46.518],[9.198,46.518],[9.2,46.519],[9.199,46.521],[9.201,46.523],[9.205,46.524],[9.21,46.519],[9.211,46.516],[9.221,46.514],[9.229,46.523],[9.227,46.525],[9.227,46.528],[9.231,46.528],[9.232,46.525],[9.237,46.52],[9.247,46.519],[9.248,46.518],[9.244,46.518],[9.24,46.515],[9.229,46.514],[9.245,46.512],[9.239,46.507],[9.243,46.504],[9.248,46.503],[9.252,46.498],[9.241,46.492],[9.236,46.485],[9.242,46.482],[9.25,46.482],[9.251,46.48],[9.248,46.478],[9.251,46.476],[9.248,46.471],[9.248,46.468],[9.256,46.473],[9.258,46.477],[9.262,46.477],[9.264,46.48],[9.262,46.483],[9.259,46.484],[9.26,46.487],[9.262,46.49],[9.269,46.491],[9.27,46.498],[9.268,46.5],[9.268,46.505],[9.276,46.51],[9.274,46.518],[9.265,46.527],[9.267,46.529],[9.27,46.531],[9.29,46.535],[9.292,46.533],[9.289,46.531],[9.29,46.53],[9.298,46.529],[9.293,46.525],[9.286,46.523],[9.278,46.518],[9.279,46.516],[9.286,46.519],[9.306,46.518],[9.309,46.523],[9.312,46.524],[9.322,46.521],[9.323,46.519],[9.318,46.515],[9.326,46.513],[9.328,46.511],[9.34,46.512],[9.342,46.515],[9.342,46.519],[9.345,46.521],[9.346,46.524],[9.343,46.526],[9.349,46.528],[9.345,46.531],[9.344,46.535],[9.345,46.536],[9.361,46.534],[9.362,46.535],[9.357,46.539],[9.359,46.542],[9.357,46.544],[9.362,46.545],[9.364,46.548],[9.369,46.548],[9.37,46.552],[9.372,46.553],[9.375,46.545],[9.368,46.542],[9.368,46.54],[9.376,46.539],[9.371,46.538],[9.37,46.532],[9.364,46.53],[9.367,46.52],[9.371,46.524],[9.377,46.524],[9.386,46.527],[9.392,46.534],[9.397,46.535],[9.399,46.543],[9.396,46.545],[9.396,46.547],[9.401,46.552],[9.408,46.553],[9.409,46.552],[9.407,46.549],[9.408,46.546],[9.417,46.548],[9.419,46.545],[9.415,46.536],[9.416,46.534],[9.412,46.531],[9.414,46.527],[9.413,46.522],[9.403,46.514],[9.4,46.511],[9.402,46.509],[9.4,46.505],[9.396,46.5],[9.39,46.5],[9.392,46.498],[9.391,46.496],[9.396,46.494],[9.398,46.491],[9.392,46.484],[9.402,46.488],[9.406,46.493],[9.413,46.495],[9.414,46.498],[9.425,46.506],[9.425,46.509],[9.432,46.512],[9.442,46.509],[9.444,46.506],[9.44,46.502],[9.435,46.5],[9.434,46.497],[9.428,46.493],[9.428,46.491],[9.424,46.488],[9.424,46.479],[9.421,46.478],[9.421,46.475],[9.417,46.473],[9.417,46.471],[9.414,46.468],[9.411,46.467],[9.408,46.469],[9.401,46.469],[9.392,46.474],[9.389,46.474],[9.382,46.483],[9.379,46.483],[9.373,46.487],[9.367,46.494],[9.367,46.498],[9.371,46.501],[9.371,46.505],[9.364,46.508],[9.354,46.508],[9.351,46.506],[9.344,46.506],[9.341,46.504],[9.338,46.504],[9.334,46.507],[9.325,46.507],[9.318,46.504],[9.308,46.504],[9.302,46.5],[9.295,46.5],[9.292,46.498],[9.281,46.498],[9.281,46.493],[9.277,46.491],[9.278,46.489],[9.274,46.486],[9.274,46.48],[9.278,46.477],[9.278,46.475],[9.274,46.473],[9.274,46.466],[9.277,46.464],[9.277,46.459],[9.261,46.449],[9.251,46.449],[9.247,46.446],[9.246,46.442]]],[[[9.437,47.102],[9.421,47.102],[9.414,47.107],[9.413,47.11],[9.399,47.11],[9.4,47.112],[9.407,47.114],[9.401,47.121],[9.406,47.127],[9.41,47.128],[9.412,47.125],[9.411,47.123],[9.415,47.12],[9.424,47.121],[9.428,47.118],[9.426,47.116],[9.427,47.114],[9.432,47.11],[9.432,47.107],[9.437,47.102]]],[[[9.355,47.227],[9.347,47.226],[9.341,47.23],[9.346,47.232],[9.342,47.234],[9.344,47.236],[9.347,47.236],[9.352,47.241],[9.34,47.243],[9.338,47.246],[9.334,47.242],[9.331,47.244],[9.324,47.238],[9.317,47.237],[9.307,47.233],[9.303,47.235],[9.308,47.237],[9.308,47.244],[9.311,47.245],[9.315,47.251],[9.318,47.251],[9.325,47.255],[9.328,47.254],[9.336,47.257],[9.341,47.262],[9.348,47.264],[9.358,47.27],[9.374,47.27],[9.359,47.257],[9.361,47.255],[9.368,47.257],[9.374,47.262],[9.377,47.261],[9.378,47.259],[9.371,47.256],[9.368,47.252],[9.364,47.252],[9.364,47.249],[9.367,47.251],[9.381,47.253],[9.401,47.26],[9.407,47.256],[9.397,47.253],[9.39,47.248],[9.387,47.25],[9.39,47.244],[9.399,47.242],[9.406,47.247],[9.414,47.249],[9.416,47.247],[9.414,47.245],[9.41,47.245],[9.415,47.242],[9.396,47.231],[9.395,47.234],[9.397,47.236],[9.393,47.236],[9.374,47.229],[9.37,47.23],[9.367,47.234],[9.36,47.229],[9.357,47.231],[9.355,47.227]]],[[[9.378,47.259],[9.389,47.258],[9.387,47.256],[9.378,47.259]]],[[[9.399,47.123],[9.393,47.131],[9.388,47.132],[9.38,47.137],[9.37,47.135],[9.363,47.136],[9.36,47.133],[9.355,47.135],[9.352,47.138],[9.352,47.14],[9.353,47.142],[9.357,47.141],[9.36,47.143],[9.363,47.14],[9.37,47.142],[9.377,47.149],[9.381,47.148],[9.39,47.154],[9.393,47.153],[9.395,47.15],[9.407,47.147],[9.41,47.148],[9.413,47.146],[9.413,47.143],[9.41,47.138],[9.405,47.137],[9.408,47.134],[9.408,47.132],[9.402,47.128],[9.399,47.123]]],[[[8.926,46.669],[8.938,46.669],[8.941,46.666],[8.945,46.666],[8.951,46.669],[8.955,46.668],[8.953,46.664],[8.958,46.662],[8.943,46.658],[8.941,46.656],[8.944,46.653],[8.928,46.649],[8.923,46.645],[8.924,46.643],[8.938,46.647],[8.941,46.646],[8.944,46.648],[8.961,46.65],[8.97,46.645],[8.974,46.647],[8.986,46.646],[8.993,46.641],[8.996,46.641],[8.998,46.639],[8.995,46.637],[8.999,46.635],[9.006,46.636],[9.016,46.635],[9.018,46.637],[9.017,46.639],[9.012,46.641],[9.01,46.646],[9.018,46.652],[9.017,46.655],[9.009,46.659],[9.009,46.661],[9.013,46.663],[9.015,46.666],[9.009,46.668],[9.013,46.673],[9.01,46.676],[9.01,46.68],[9.008,46.682],[9.004,46.686],[8.995,46.691],[8.997,46.695],[8.996,46.7],[9.001,46.703],[9.008,46.7],[9.015,46.702],[9.018,46.699],[9.021,46.7],[9.024,46.706],[9.03,46.708],[9.028,46.713],[9.034,46.717],[9.041,46.717],[9.043,46.715],[9.041,46.711],[9.038,46.708],[9.034,46.708],[9.033,46.706],[9.055,46.699],[9.053,46.696],[9.045,46.695],[9.048,46.692],[9.047,46.69],[9.042,46.688],[9.043,46.684],[9.046,46.682],[9.056,46.683],[9.059,46.681],[9.052,46.679],[9.05,46.677],[9.045,46.677],[9.039,46.668],[9.025,46.666],[9.025,46.663],[9.039,46.661],[9.059,46.666],[9.064,46.663],[9.064,46.661],[9.062,46.66],[9.056,46.662],[9.046,46.657],[9.036,46.655],[9.032,46.645],[9.045,46.644],[9.05,46.641],[9.045,46.639],[9.033,46.639],[9.032,46.636],[9.033,46.63],[9.037,46.627],[9.061,46.625],[9.054,46.622],[9.041,46.622],[9.038,46.618],[9.044,46.614],[9.051,46.613],[9.054,46.609],[9.047,46.608],[9.044,46.605],[9.051,46.602],[9.051,46.6],[9.054,46.599],[9.064,46.6],[9.067,46.599],[9.068,46.598],[9.066,46.593],[9.07,46.59],[9.073,46.594],[9.076,46.594],[9.08,46.591],[9.08,46.595],[9.083,46.597],[9.081,46.604],[9.083,46.606],[9.093,46.603],[9.096,46.608],[9.104,46.606],[9.099,46.615],[9.1,46.622],[9.103,46.62],[9.107,46.621],[9.11,46.62],[9.115,46.622],[9.115,46.624],[9.11,46.628],[9.112,46.631],[9.119,46.633],[9.118,46.637],[9.12,46.639],[9.13,46.639],[9.134,46.637],[9.146,46.641],[9.16,46.642],[9.158,46.639],[9.15,46.635],[9.146,46.635],[9.143,46.63],[9.131,46.624],[9.136,46.623],[9.138,46.621],[9.129,46.62],[9.126,46.621],[9.127,46.617],[9.122,46.615],[9.124,46.613],[9.12,46.61],[9.114,46.61],[9.118,46.613],[9.114,46.613],[9.111,46.61],[9.113,46.608],[9.113,46.605],[9.125,46.604],[9.113,46.595],[9.106,46.593],[9.104,46.59],[9.096,46.586],[9.093,46.586],[9.096,46.584],[9.096,46.58],[9.089,46.578],[9.076,46.58],[9.06,46.579],[9.055,46.578],[9.053,46.576],[9.049,46.578],[9.043,46.577],[9.04,46.579],[9.039,46.578],[9.041,46.573],[9.039,46.571],[9.044,46.569],[9.036,46.56],[9.025,46.553],[9.033,46.554],[9.036,46.551],[9.03,46.535],[9.034,46.526],[9.035,46.525],[9.037,46.528],[9.038,46.535],[9.042,46.537],[9.042,46.539],[9.044,46.539],[9.048,46.544],[9.053,46.546],[9.054,46.548],[9.052,46.549],[9.05,46.555],[9.052,46.56],[9.062,46.563],[9.072,46.563],[9.073,46.559],[9.065,46.555],[9.062,46.552],[9.062,46.549],[9.066,46.55],[9.082,46.56],[9.085,46.559],[9.088,46.56],[9.09,46.557],[9.089,46.555],[9.092,46.553],[9.089,46.548],[9.091,46.546],[9.09,46.541],[9.081,46.536],[9.069,46.537],[9.071,46.532],[9.075,46.532],[9.077,46.53],[9.076,46.523],[9.079,46.523],[9.087,46.528],[9.091,46.528],[9.104,46.535],[9.111,46.537],[9.114,46.534],[9.114,46.537],[9.112,46.538],[9.112,46.541],[9.109,46.545],[9.117,46.546],[9.118,46.552],[9.112,46.556],[9.107,46.563],[9.113,46.565],[9.115,46.57],[9.122,46.57],[9.125,46.572],[9.131,46.568],[9.141,46.569],[9.142,46.572],[9.139,46.576],[9.141,46.582],[9.151,46.584],[9.154,46.582],[9.156,46.583],[9.155,46.587],[9.171,46.594],[9.178,46.593],[9.184,46.587],[9.179,46.582],[9.181,46.578],[9.167,46.566],[9.154,46.564],[9.146,46.558],[9.15,46.559],[9.154,46.554],[9.157,46.553],[9.167,46.554],[9.189,46.564],[9.192,46.569],[9.196,46.572],[9.205,46.575],[9.205,46.578],[9.207,46.578],[9.208,46.575],[9.211,46.573],[9.225,46.577],[9.218,46.584],[9.215,46.589],[9.215,46.595],[9.212,46.598],[9.214,46.601],[9.224,46.601],[9.227,46.599],[9.231,46.602],[9.229,46.609],[9.234,46.612],[9.24,46.613],[9.237,46.617],[9.229,46.62],[9.228,46.622],[9.221,46.624],[9.215,46.628],[9.211,46.628],[9.208,46.634],[9.201,46.638],[9.205,46.639],[9.212,46.634],[9.215,46.634],[9.217,46.636],[9.225,46.638],[9.231,46.636],[9.235,46.639],[9.238,46.642],[9.232,46.649],[9.23,46.654],[9.219,46.653],[9.216,46.656],[9.222,46.658],[9.222,46.662],[9.229,46.663],[9.232,46.667],[9.232,46.672],[9.239,46.666],[9.252,46.67],[9.255,46.669],[9.258,46.671],[9.257,46.673],[9.259,46.675],[9.264,46.676],[9.265,46.679],[9.271,46.682],[9.275,46.689],[9.272,46.691],[9.274,46.693],[9.274,46.696],[9.267,46.7],[9.269,46.702],[9.278,46.702],[9.277,46.705],[9.285,46.711],[9.285,46.716],[9.289,46.715],[9.292,46.711],[9.288,46.709],[9.29,46.707],[9.285,46.702],[9.289,46.7],[9.281,46.698],[9.283,46.696],[9.28,46.693],[9.28,46.687],[9.276,46.68],[9.271,46.675],[9.265,46.672],[9.264,46.669],[9.258,46.664],[9.255,46.658],[9.251,46.658],[9.255,46.652],[9.261,46.651],[9.259,46.649],[9.259,46.646],[9.255,46.644],[9.253,46.638],[9.25,46.635],[9.25,46.625],[9.254,46.621],[9.257,46.622],[9.257,46.619],[9.25,46.617],[9.248,46.615],[9.248,46.608],[9.25,46.607],[9.253,46.609],[9.261,46.608],[9.263,46.609],[9.264,46.606],[9.267,46.604],[9.256,46.598],[9.25,46.598],[9.249,46.596],[9.251,46.595],[9.246,46.591],[9.243,46.591],[9.242,46.588],[9.256,46.587],[9.269,46.589],[9.272,46.591],[9.279,46.591],[9.282,46.594],[9.289,46.596],[9.295,46.596],[9.296,46.599],[9.294,46.601],[9.3,46.603],[9.304,46.607],[9.3,46.614],[9.3,46.619],[9.295,46.619],[9.295,46.621],[9.3,46.623],[9.302,46.626],[9.299,46.628],[9.302,46.632],[9.3,46.635],[9.302,46.639],[9.296,46.646],[9.297,46.648],[9.305,46.643],[9.308,46.643],[9.31,46.649],[9.317,46.649],[9.318,46.652],[9.316,46.655],[9.32,46.663],[9.32,46.668],[9.323,46.666],[9.323,46.663],[9.327,46.657],[9.33,46.66],[9.334,46.656],[9.331,46.654],[9.346,46.649],[9.347,46.65],[9.345,46.654],[9.349,46.656],[9.353,46.665],[9.356,46.661],[9.366,46.662],[9.369,46.66],[9.376,46.661],[9.379,46.66],[9.382,46.661],[9.389,46.66],[9.391,46.658],[9.383,46.656],[9.382,46.652],[9.375,46.652],[9.371,46.649],[9.371,46.647],[9.377,46.642],[9.372,46.641],[9.369,46.643],[9.362,46.644],[9.36,46.64],[9.355,46.637],[9.355,46.635],[9.359,46.635],[9.37,46.629],[9.368,46.627],[9.361,46.626],[9.355,46.628],[9.345,46.628],[9.342,46.626],[9.335,46.625],[9.338,46.621],[9.35,46.616],[9.339,46.614],[9.341,46.61],[9.358,46.608],[9.361,46.605],[9.364,46.608],[9.367,46.606],[9.366,46.604],[9.367,46.603],[9.373,46.602],[9.377,46.599],[9.354,46.597],[9.344,46.599],[9.341,46.598],[9.343,46.596],[9.341,46.594],[9.325,46.598],[9.32,46.598],[9.318,46.596],[9.318,46.591],[9.324,46.591],[9.332,46.585],[9.329,46.58],[9.33,46.579],[9.334,46.581],[9.335,46.578],[9.334,46.577],[9.324,46.575],[9.308,46.577],[9.306,46.578],[9.308,46.581],[9.301,46.58],[9.295,46.582],[9.285,46.58],[9.271,46.581],[9.271,46.579],[9.268,46.576],[9.288,46.574],[9.294,46.572],[9.298,46.57],[9.297,46.565],[9.294,46.564],[9.284,46.568],[9.278,46.564],[9.271,46.563],[9.252,46.569],[9.246,46.568],[9.25,46.566],[9.245,46.564],[9.237,46.566],[9.232,46.565],[9.228,46.566],[9.224,46.564],[9.225,46.561],[9.222,46.56],[9.218,46.562],[9.217,46.555],[9.212,46.552],[9.204,46.553],[9.206,46.557],[9.21,46.559],[9.209,46.56],[9.199,46.553],[9.188,46.551],[9.176,46.537],[9.172,46.538],[9.172,46.535],[9.152,46.533],[9.138,46.529],[9.139,46.527],[9.136,46.526],[9.133,46.528],[9.126,46.527],[9.119,46.523],[9.117,46.519],[9.113,46.519],[9.109,46.516],[9.113,46.515],[9.116,46.517],[9.12,46.517],[9.126,46.522],[9.131,46.52],[9.12,46.514],[9.116,46.51],[9.11,46.508],[9.093,46.508],[9.09,46.51],[9.086,46.51],[9.084,46.508],[9.07,46.508],[9.064,46.506],[9.062,46.503],[9.064,46.502],[9.083,46.502],[9.088,46.501],[9.09,46.497],[9.093,46.499],[9.105,46.496],[9.116,46.496],[9.136,46.501],[9.146,46.509],[9.158,46.513],[9.165,46.513],[9.17,46.508],[9.17,46.506],[9.164,46.504],[9.162,46.495],[9.158,46.496],[9.155,46.494],[9.148,46.496],[9.148,46.488],[9.145,46.486],[9.146,46.482],[9.137,46.477],[9.146,46.477],[9.151,46.481],[9.154,46.481],[9.163,46.477],[9.164,46.475],[9.161,46.47],[9.157,46.471],[9.159,46.468],[9.144,46.464],[9.15,46.461],[9.157,46.462],[9.16,46.459],[9.159,46.455],[9.161,46.452],[9.169,46.448],[9.153,46.445],[9.137,46.449],[9.131,46.445],[9.127,46.445],[9.122,46.451],[9.123,46.455],[9.135,46.457],[9.129,46.459],[9.129,46.464],[9.125,46.473],[9.122,46.475],[9.118,46.474],[9.112,46.477],[9.108,46.473],[9.111,46.471],[9.111,46.464],[9.115,46.464],[9.116,46.462],[9.114,46.46],[9.114,46.457],[9.105,46.453],[9.101,46.453],[9.106,46.449],[9.1,46.444],[9.102,46.437],[9.1,46.433],[9.097,46.431],[9.098,46.43],[9.101,46.432],[9.103,46.431],[9.103,46.426],[9.1,46.424],[9.1,46.422],[9.104,46.416],[9.109,46.415],[9.104,46.414],[9.099,46.41],[9.093,46.408],[9.112,46.406],[9.106,46.402],[9.093,46.398],[9.09,46.395],[9.089,46.39],[9.087,46.389],[9.077,46.389],[9.06,46.398],[9.077,46.399],[9.081,46.406],[9.078,46.409],[9.071,46.409],[9.059,46.413],[9.06,46.416],[9.071,46.414],[9.074,46.417],[9.079,46.415],[9.091,46.417],[9.094,46.418],[9.095,46.42],[9.089,46.431],[9.078,46.432],[9.073,46.436],[9.072,46.438],[9.076,46.44],[9.076,46.442],[9.067,46.449],[9.067,46.456],[9.076,46.459],[9.079,46.462],[9.078,46.465],[9.081,46.469],[9.066,46.472],[9.062,46.472],[9.06,46.47],[9.047,46.47],[9.042,46.474],[9.041,46.479],[9.031,46.481],[9.031,46.484],[9.029,46.486],[9.032,46.488],[9.018,46.489],[9.013,46.493],[9.008,46.493],[9.006,46.495],[9.005,46.504],[9.01,46.513],[9.004,46.515],[9.004,46.52],[9.013,46.529],[8.998,46.531],[9.0,46.533],[9.0,46.536],[8.998,46.538],[8.99,46.539],[8.982,46.549],[8.982,46.552],[8.985,46.554],[8.983,46.556],[8.984,46.558],[8.991,46.562],[8.994,46.555],[9.0,46.553],[9.004,46.554],[9.01,46.552],[9.012,46.553],[9.015,46.556],[9.014,46.563],[9.01,46.562],[9.007,46.565],[9.006,46.567],[9.008,46.569],[9.002,46.574],[9.002,46.578],[9.0,46.581],[9.024,46.586],[9.028,46.585],[9.031,46.589],[9.031,46.592],[9.014,46.593],[9.005,46.596],[8.995,46.594],[8.991,46.596],[8.988,46.601],[8.985,46.602],[8.978,46.601],[8.977,46.597],[8.98,46.594],[8.975,46.591],[8.974,46.597],[8.969,46.6],[8.959,46.593],[8.949,46.597],[8.947,46.599],[8.947,46.602],[8.943,46.606],[8.933,46.607],[8.93,46.597],[8.922,46.593],[8.92,46.587],[8.915,46.586],[8.922,46.584],[8.919,46.581],[8.912,46.579],[8.915,46.575],[8.913,46.574],[8.9,46.578],[8.893,46.576],[8.89,46.573],[8.88,46.572],[8.874,46.564],[8.854,46.564],[8.843,46.562],[8.865,46.558],[8.865,46.555],[8.869,46.553],[8.866,46.551],[8.844,46.547],[8.84,46.547],[8.834,46.551],[8.831,46.555],[8.827,46.556],[8.82,46.563],[8.814,46.565],[8.813,46.569],[8.805,46.574],[8.804,46.579],[8.807,46.581],[8.807,46.588],[8.812,46.592],[8.819,46.593],[8.824,46.599],[8.825,46.603],[8.829,46.603],[8.831,46.605],[8.83,46.61],[8.832,46.614],[8.832,46.619],[8.833,46.614],[8.837,46.612],[8.84,46.605],[8.84,46.598],[8.848,46.598],[8.851,46.594],[8.846,46.589],[8.846,46.585],[8.848,46.583],[8.858,46.589],[8.861,46.589],[8.864,46.592],[8.868,46.592],[8.871,46.594],[8.884,46.593],[8.891,46.596],[8.891,46.598],[8.878,46.601],[8.868,46.6],[8.869,46.603],[8.874,46.607],[8.865,46.612],[8.865,46.614],[8.858,46.619],[8.857,46.623],[8.852,46.627],[8.855,46.629],[8.859,46.625],[8.865,46.628],[8.869,46.628],[8.87,46.63],[8.867,46.634],[8.868,46.636],[8.878,46.635],[8.881,46.636],[8.88,46.638],[8.882,46.64],[8.888,46.637],[8.892,46.64],[8.903,46.64],[8.908,46.643],[8.903,46.649],[8.905,46.652],[8.898,46.654],[8.902,46.658],[8.901,46.661],[8.896,46.665],[8.893,46.665],[8.906,46.669],[8.906,46.671],[8.899,46.673],[8.895,46.676],[8.899,46.682],[8.904,46.685],[8.904,46.688],[8.897,46.692],[8.89,46.693],[8.887,46.695],[8.9,46.696],[8.906,46.694],[8.916,46.696],[8.918,46.694],[8.909,46.692],[8.907,46.69],[8.908,46.685],[8.916,46.684],[8.911,46.681],[8.916,46.679],[8.92,46.681],[8.929,46.682],[8.932,46.68],[8.929,46.676],[8.925,46.675],[8.922,46.672],[8.918,46.672],[8.926,46.669]],[[9.318,46.596],[9.315,46.599],[9.313,46.598],[9.318,46.596]]],[[[9.059,46.681],[9.057,46.683],[9.06,46.686],[9.065,46.683],[9.059,46.681]]],[[[8.958,46.662],[8.961,46.664],[8.963,46.662],[8.958,46.662]]],[[[8.938,46.669],[8.942,46.672],[8.943,46.671],[8.941,46.668],[8.938,46.669]]],[[[9.232,47.148],[9.228,47.145],[9.222,47.148],[9.219,47.147],[9.216,47.149],[9.212,47.149],[9.207,47.153],[9.209,47.155],[9.216,47.153],[9.236,47.166],[9.242,47.168],[9.249,47.168],[9.247,47.171],[9.252,47.173],[9.256,47.17],[9.258,47.173],[9.266,47.173],[9.268,47.166],[9.272,47.166],[9.279,47.171],[9.285,47.168],[9.292,47.167],[9.297,47.168],[9.296,47.17],[9.299,47.172],[9.3,47.17],[9.299,47.168],[9.302,47.167],[9.311,47.172],[9.315,47.176],[9.319,47.176],[9.322,47.172],[9.325,47.173],[9.332,47.169],[9.332,47.174],[9.338,47.177],[9.341,47.17],[9.344,47.169],[9.344,47.165],[9.341,47.163],[9.341,47.16],[9.338,47.157],[9.331,47.157],[9.331,47.155],[9.334,47.152],[9.344,47.149],[9.341,47.147],[9.324,47.149],[9.321,47.148],[9.312,47.154],[9.286,47.157],[9.282,47.155],[9.277,47.155],[9.275,47.153],[9.265,47.153],[9.262,47.151],[9.26,47.153],[9.249,47.153],[9.241,47.151],[9.239,47.149],[9.232,47.148]]],[[[9.285,46.718],[9.276,46.717],[9.275,46.72],[9.28,46.723],[9.273,46.727],[9.277,46.729],[9.283,46.729],[9.282,46.732],[9.279,46.734],[9.287,46.734],[9.29,46.736],[9.29,46.741],[9.287,46.743],[9.288,46.745],[9.28,46.752],[9.284,46.753],[9.287,46.751],[9.291,46.753],[9.297,46.753],[9.298,46.752],[9.296,46.749],[9.304,46.749],[9.308,46.747],[9.301,46.745],[9.303,46.742],[9.313,46.74],[9.313,46.738],[9.31,46.735],[9.298,46.734],[9.286,46.725],[9.288,46.72],[9.286,46.72],[9.285,46.718]]],[[[9.299,47.226],[9.282,47.226],[9.284,47.229],[9.294,47.23],[9.297,47.232],[9.302,47.231],[9.306,47.228],[9.304,47.227],[9.301,47.228],[9.299,47.226]]],[[[9.283,46.306],[9.28,46.306],[9.28,46.309],[9.277,46.311],[9.278,46.318],[9.274,46.322],[9.274,46.325],[9.271,46.327],[9.273,46.329],[9.276,46.33],[9.279,46.328],[9.286,46.33],[9.292,46.328],[9.297,46.324],[9.295,46.32],[9.287,46.315],[9.287,46.313],[9.284,46.311],[9.283,46.306]]],[[[9.277,46.36],[9.281,46.362],[9.286,46.358],[9.284,46.356],[9.277,46.36]]],[[[9.277,46.36],[9.271,46.36],[9.268,46.367],[9.265,46.37],[9.268,46.372],[9.266,46.374],[9.269,46.379],[9.266,46.383],[9.269,46.385],[9.269,46.392],[9.266,46.397],[9.262,46.398],[9.26,46.401],[9.272,46.405],[9.276,46.41],[9.279,46.411],[9.281,46.41],[9.281,46.403],[9.278,46.401],[9.278,46.389],[9.282,46.389],[9.284,46.387],[9.281,46.381],[9.277,46.378],[9.277,46.367],[9.28,46.365],[9.28,46.363],[9.277,46.36]]],[[[9.284,46.356],[9.296,46.356],[9.296,46.351],[9.294,46.347],[9.295,46.34],[9.293,46.338],[9.29,46.338],[9.285,46.34],[9.287,46.344],[9.292,46.347],[9.291,46.349],[9.281,46.351],[9.284,46.354],[9.284,46.356]]],[[[9.263,46.282],[9.258,46.276],[9.25,46.284],[9.254,46.287],[9.261,46.289],[9.27,46.289],[9.27,46.286],[9.263,46.282]]],[[[9.253,46.269],[9.248,46.267],[9.242,46.268],[9.237,46.271],[9.238,46.276],[9.255,46.277],[9.257,46.273],[9.253,46.269]]],[[[9.208,46.212],[9.201,46.207],[9.198,46.212],[9.19,46.216],[9.195,46.219],[9.201,46.217],[9.208,46.218],[9.215,46.226],[9.215,46.229],[9.212,46.233],[9.208,46.234],[9.205,46.237],[9.205,46.24],[9.215,46.244],[9.218,46.24],[9.222,46.24],[9.221,46.237],[9.225,46.237],[9.228,46.239],[9.231,46.237],[9.242,46.237],[9.244,46.239],[9.246,46.237],[9.246,46.235],[9.244,46.234],[9.234,46.234],[9.231,46.231],[9.224,46.232],[9.22,46.229],[9.219,46.215],[9.208,46.212]]],[[[9.234,46.674],[9.229,46.671],[9.223,46.677],[9.216,46.678],[9.215,46.681],[9.22,46.679],[9.223,46.681],[9.233,46.676],[9.234,46.674]]],[[[9.167,46.371],[9.174,46.372],[9.18,46.369],[9.182,46.364],[9.18,46.362],[9.167,46.36],[9.161,46.367],[9.167,46.371]]],[[[9.167,46.371],[9.154,46.37],[9.152,46.374],[9.154,46.378],[9.161,46.379],[9.164,46.383],[9.158,46.388],[9.145,46.388],[9.143,46.39],[9.148,46.393],[9.158,46.394],[9.168,46.398],[9.176,46.398],[9.181,46.402],[9.183,46.4],[9.191,46.399],[9.192,46.398],[9.188,46.396],[9.186,46.393],[9.187,46.391],[9.193,46.389],[9.187,46.387],[9.18,46.387],[9.176,46.385],[9.186,46.38],[9.177,46.374],[9.171,46.374],[9.167,46.371]]],[[[9.185,46.411],[9.181,46.409],[9.172,46.413],[9.159,46.411],[9.154,46.412],[9.156,46.413],[9.157,46.416],[9.162,46.418],[9.167,46.418],[9.169,46.42],[9.173,46.418],[9.175,46.42],[9.179,46.419],[9.185,46.421],[9.188,46.42],[9.189,46.418],[9.185,46.411]]],[[[9.176,46.173],[9.171,46.17],[9.164,46.173],[9.158,46.17],[9.15,46.174],[9.168,46.179],[9.176,46.175],[9.176,46.173]]],[[[9.162,46.324],[9.159,46.318],[9.153,46.318],[9.147,46.322],[9.155,46.331],[9.154,46.335],[9.158,46.338],[9.158,46.34],[9.152,46.344],[9.152,46.349],[9.154,46.351],[9.166,46.344],[9.166,46.341],[9.173,46.342],[9.175,46.34],[9.162,46.338],[9.16,46.333],[9.162,46.324]]],[[[9.159,46.419],[9.152,46.418],[9.145,46.426],[9.156,46.427],[9.16,46.43],[9.153,46.434],[9.155,46.437],[9.163,46.439],[9.166,46.442],[9.169,46.442],[9.171,46.439],[9.166,46.435],[9.166,46.433],[9.168,46.432],[9.161,46.425],[9.166,46.425],[9.168,46.423],[9.159,46.419]]],[[[9.129,47.177],[9.125,47.177],[9.124,47.18],[9.121,47.182],[9.122,47.184],[9.118,47.186],[9.119,47.191],[9.115,47.193],[9.115,47.195],[9.118,47.196],[9.127,47.191],[9.122,47.188],[9.128,47.188],[9.129,47.186],[9.127,47.183],[9.134,47.183],[9.137,47.181],[9.129,47.177]]],[[[9.082,46.336],[9.069,46.335],[9.062,46.339],[9.064,46.343],[9.056,46.346],[9.027,46.345],[9.02,46.347],[9.017,46.349],[9.017,46.351],[9.02,46.352],[9.024,46.35],[9.05,46.35],[9.052,46.353],[9.073,46.356],[9.074,46.364],[9.072,46.366],[9.073,46.367],[9.076,46.367],[9.079,46.362],[9.092,46.361],[9.091,46.357],[9.092,46.355],[9.095,46.359],[9.099,46.361],[9.1,46.359],[9.097,46.352],[9.089,46.349],[9.078,46.348],[9.072,46.344],[9.069,46.344],[9.069,46.342],[9.079,46.344],[9.082,46.336]]],[[[9.053,46.294],[9.048,46.293],[9.046,46.296],[9.047,46.308],[9.048,46.309],[9.052,46.307],[9.061,46.311],[9.068,46.318],[9.069,46.321],[9.065,46.324],[9.059,46.324],[9.055,46.326],[9.055,46.332],[9.062,46.334],[9.067,46.332],[9.075,46.332],[9.078,46.33],[9.082,46.331],[9.083,46.327],[9.088,46.323],[9.088,46.32],[9.076,46.314],[9.074,46.31],[9.076,46.307],[9.074,46.305],[9.074,46.298],[9.068,46.297],[9.06,46.299],[9.053,46.294]]],[[[8.904,47.036],[8.896,47.033],[8.893,47.035],[8.889,47.035],[8.887,47.043],[8.892,47.048],[8.898,47.05],[8.909,47.052],[8.913,47.051],[8.927,47.056],[8.925,47.058],[8.926,47.06],[8.939,47.067],[8.943,47.074],[8.953,47.075],[8.956,47.08],[8.96,47.081],[8.963,47.087],[8.957,47.088],[8.95,47.092],[8.953,47.094],[8.978,47.087],[8.971,47.085],[8.963,47.08],[8.959,47.072],[8.959,47.069],[8.952,47.065],[8.951,47.051],[8.953,47.051],[8.954,47.056],[8.959,47.06],[8.976,47.063],[8.986,47.068],[8.995,47.066],[8.987,47.071],[8.992,47.075],[8.995,47.073],[9.006,47.073],[9.012,47.076],[9.024,47.075],[9.022,47.078],[9.033,47.077],[9.03,47.075],[9.031,47.073],[9.028,47.069],[9.028,47.065],[9.014,47.062],[9.002,47.056],[8.998,47.056],[8.995,47.054],[8.985,47.056],[8.98,47.051],[8.972,47.047],[8.961,47.047],[8.959,47.045],[8.952,47.045],[8.946,47.05],[8.936,47.045],[8.925,47.043],[8.919,47.039],[8.915,47.041],[8.91,47.038],[8.909,47.035],[8.906,47.039],[8.904,47.036]]],[[[9.022,46.448],[9.02,46.446],[9.017,46.446],[9.01,46.449],[9.0,46.449],[8.995,46.452],[8.995,46.455],[8.989,46.461],[8.989,46.464],[8.981,46.468],[8.98,46.466],[8.975,46.464],[8.972,46.465],[8.972,46.467],[8.976,46.468],[8.979,46.471],[8.976,46.473],[8.977,46.48],[8.992,46.483],[8.995,46.485],[9.002,46.485],[9.015,46.488],[9.016,46.486],[9.011,46.481],[9.017,46.479],[9.012,46.475],[9.011,46.47],[9.02,46.463],[9.014,46.458],[9.009,46.457],[9.022,46.454],[9.022,46.452],[9.019,46.45],[9.022,46.448]]],[[[8.953,46.228],[8.939,46.225],[8.933,46.232],[8.926,46.234],[8.923,46.238],[8.92,46.236],[8.918,46.238],[8.915,46.238],[8.909,46.235],[8.891,46.239],[8.885,46.245],[8.885,46.247],[8.888,46.25],[8.891,46.25],[8.891,46.246],[8.894,46.248],[8.901,46.246],[8.904,46.247],[8.907,46.245],[8.91,46.247],[8.914,46.246],[8.921,46.249],[8.922,46.246],[8.92,46.245],[8.92,46.241],[8.939,46.24],[8.941,46.237],[8.939,46.236],[8.939,46.234],[8.942,46.232],[8.946,46.233],[8.949,46.229],[8.953,46.228]]],[[[8.917,46.301],[8.915,46.299],[8.912,46.302],[8.907,46.303],[8.905,46.306],[8.912,46.308],[8.911,46.305],[8.912,46.304],[8.926,46.303],[8.917,46.301]]],[[[8.919,46.273],[8.911,46.272],[8.905,46.275],[8.895,46.274],[8.891,46.278],[8.895,46.281],[8.902,46.283],[8.908,46.277],[8.914,46.278],[8.919,46.273]]],[[[8.877,46.301],[8.873,46.3],[8.872,46.301],[8.875,46.303],[8.874,46.308],[8.878,46.312],[8.875,46.317],[8.88,46.321],[8.883,46.321],[8.885,46.319],[8.882,46.317],[8.886,46.313],[8.889,46.312],[8.893,46.314],[8.899,46.314],[8.905,46.31],[8.896,46.306],[8.879,46.305],[8.877,46.301]]],[[[8.894,47.066],[8.887,47.058],[8.88,47.06],[8.874,47.064],[8.877,47.067],[8.881,47.066],[8.879,47.068],[8.88,47.069],[8.893,47.067],[8.894,47.066]]],[[[8.793,46.999],[8.776,46.998],[8.769,47.004],[8.777,47.005],[8.78,47.003],[8.783,47.006],[8.79,47.009],[8.796,47.007],[8.81,47.008],[8.813,47.011],[8.82,47.012],[8.823,47.014],[8.834,47.024],[8.83,47.026],[8.836,47.028],[8.836,47.03],[8.84,47.026],[8.842,47.021],[8.841,47.017],[8.839,47.016],[8.839,47.013],[8.844,47.017],[8.844,47.019],[8.853,47.023],[8.859,47.028],[8.869,47.032],[8.867,47.034],[8.867,47.037],[8.875,47.039],[8.879,47.043],[8.874,47.046],[8.88,47.047],[8.881,47.039],[8.87,47.032],[8.872,47.03],[8.871,47.025],[8.869,47.024],[8.869,47.021],[8.865,47.019],[8.861,47.007],[8.856,47.003],[8.842,47.002],[8.839,47.005],[8.832,47.002],[8.808,47.001],[8.803,47.002],[8.793,46.999]]],[[[8.841,46.31],[8.837,46.31],[8.835,46.315],[8.839,46.319],[8.838,46.324],[8.835,46.329],[8.829,46.331],[8.832,46.332],[8.835,46.336],[8.842,46.333],[8.851,46.337],[8.853,46.335],[8.852,46.331],[8.854,46.328],[8.857,46.325],[8.873,46.324],[8.873,46.321],[8.87,46.32],[8.851,46.319],[8.851,46.317],[8.841,46.31]]],[[[8.828,46.371],[8.818,46.383],[8.82,46.386],[8.826,46.384],[8.83,46.387],[8.837,46.385],[8.837,46.382],[8.833,46.381],[8.831,46.378],[8.834,46.374],[8.835,46.369],[8.859,46.369],[8.855,46.366],[8.852,46.366],[8.852,46.359],[8.848,46.356],[8.843,46.36],[8.83,46.362],[8.83,46.365],[8.826,46.367],[8.828,46.371]]],[[[8.82,46.377],[8.823,46.376],[8.82,46.375],[8.82,46.377]]],[[[8.819,46.398],[8.81,46.389],[8.807,46.391],[8.798,46.392],[8.809,46.396],[8.808,46.399],[8.811,46.401],[8.814,46.4],[8.817,46.402],[8.819,46.401],[8.819,46.398]]],[[[8.766,46.329],[8.753,46.328],[8.747,46.33],[8.75,46.332],[8.747,46.333],[8.728,46.335],[8.724,46.337],[8.712,46.349],[8.705,46.349],[8.702,46.351],[8.7,46.348],[8.692,46.347],[8.685,46.357],[8.689,46.358],[8.696,46.355],[8.7,46.362],[8.698,46.364],[8.699,46.366],[8.709,46.368],[8.718,46.366],[8.716,46.364],[8.719,46.363],[8.721,46.359],[8.724,46.357],[8.719,46.355],[8.721,46.349],[8.726,46.35],[8.734,46.344],[8.745,46.341],[8.749,46.339],[8.748,46.336],[8.75,46.335],[8.767,46.335],[8.768,46.332],[8.766,46.329]]],[[[8.709,46.96],[8.703,46.956],[8.698,46.958],[8.7,46.96],[8.697,46.958],[8.674,46.959],[8.67,46.958],[8.661,46.96],[8.652,46.965],[8.661,46.968],[8.664,46.965],[8.671,46.968],[8.68,46.966],[8.69,46.966],[8.693,46.964],[8.693,46.962],[8.703,46.964],[8.707,46.963],[8.709,46.962],[8.709,46.96]]],[[[8.684,46.324],[8.679,46.323],[8.67,46.326],[8.674,46.328],[8.675,46.333],[8.674,46.335],[8.682,46.335],[8.684,46.333],[8.684,46.33],[8.681,46.328],[8.685,46.326],[8.684,46.324]]],[[[8.624,46.259],[8.622,46.255],[8.616,46.258],[8.612,46.257],[8.603,46.26],[8.599,46.257],[8.597,46.262],[8.594,46.264],[8.603,46.265],[8.606,46.262],[8.609,46.263],[8.612,46.261],[8.622,46.26],[8.624,46.259]]],[[[8.567,46.253],[8.56,46.253],[8.547,46.256],[8.538,46.255],[8.528,46.259],[8.518,46.258],[8.515,46.256],[8.505,46.257],[8.503,46.256],[8.502,46.252],[8.492,46.253],[8.489,46.256],[8.499,46.262],[8.5,46.267],[8.502,46.269],[8.522,46.268],[8.528,46.27],[8.531,46.268],[8.538,46.268],[8.545,46.27],[8.548,46.269],[8.554,46.274],[8.558,46.274],[8.57,46.269],[8.564,46.264],[8.563,46.257],[8.561,46.255],[8.567,46.253]]],[[[8.532,46.929],[8.538,46.926],[8.532,46.924],[8.529,46.926],[8.532,46.929]]],[[[8.538,46.926],[8.535,46.928],[8.538,46.932],[8.542,46.932],[8.545,46.929],[8.552,46.931],[8.554,46.928],[8.551,46.926],[8.538,46.926]]],[[[8.547,46.224],[8.53,46.218],[8.527,46.221],[8.523,46.222],[8.527,46.225],[8.547,46.224]]],[[[8.449,46.912],[8.458483870967742,46.914032258064516],[8.458,46.915],[8.461,46.915],[8.460454545454546,46.91445454545455],[8.463,46.915],[8.463,46.917],[8.469,46.921],[8.473,46.919],[8.469,46.924],[8.486,46.928],[8.498,46.924],[8.499,46.921],[8.5,46.924],[8.502,46.925],[8.512,46.925],[8.519,46.927],[8.531,46.923],[8.515,46.92],[8.509,46.915],[8.5,46.915],[8.492,46.913],[8.492,46.91],[8.489,46.908],[8.471,46.906],[8.468,46.904],[8.471,46.901],[8.471,46.899],[8.464,46.897],[8.462,46.895],[8.449,46.898],[8.436,46.905],[8.425,46.906],[8.426,46.908],[8.433,46.908],[8.436,46.91],[8.443,46.909],[8.449,46.912]]],[[[8.523,46.224],[8.518,46.221],[8.505,46.226],[8.5,46.226],[8.498,46.228],[8.495,46.227],[8.492,46.23],[8.489,46.229],[8.485,46.232],[8.469,46.232],[8.467,46.236],[8.464,46.238],[8.464,46.245],[8.456,46.245],[8.453,46.248],[8.441,46.249],[8.442,46.256],[8.448,46.263],[8.452,46.265],[8.452,46.267],[8.457,46.269],[8.46,46.268],[8.463,46.271],[8.467,46.271],[8.47,46.269],[8.465,46.267],[8.463,46.263],[8.459,46.261],[8.457,46.255],[8.453,46.256],[8.454,46.254],[8.463,46.251],[8.47,46.254],[8.473,46.257],[8.476,46.257],[8.482,46.254],[8.484,46.251],[8.475,46.247],[8.482,46.237],[8.491,46.236],[8.502,46.23],[8.511,46.228],[8.521,46.228],[8.523,46.224]]],[[[8.261,46.815],[8.262,46.818],[8.267,46.819],[8.27,46.818],[8.261,46.815]]],[[[8.261,46.815],[8.263,46.813],[8.254,46.809],[8.248,46.811],[8.254,46.815],[8.261,46.815]]],[[[8.153,46.159],[8.151,46.158],[8.148,46.16],[8.146,46.166],[8.15,46.168],[8.149,46.171],[8.146,46.173],[8.148,46.175],[8.145,46.178],[8.154,46.182],[8.166,46.18],[8.156,46.171],[8.156,46.168],[8.153,46.166],[8.153,46.159]]],[[[7.19,45.86],[7.188,45.858],[7.184,45.861],[7.175,45.863],[7.163,45.871],[7.163,45.874],[7.155,45.876],[7.153,45.878],[7.149,45.876],[7.139,45.876],[7.136,45.874],[7.136,45.871],[7.126,45.865],[7.123,45.865],[7.123,45.862],[7.12,45.86],[7.116,45.86],[7.114,45.858],[7.104,45.858],[7.097,45.862],[7.095,45.864],[7.095,45.869],[7.091,45.871],[7.091,45.876],[7.082,45.882],[7.082,45.885],[7.075,45.889],[7.075,45.894],[7.072,45.896],[7.068,45.896],[7.063,45.9],[7.062,45.912],[7.058,45.912],[7.046,45.92],[7.046,45.923],[7.043,45.925],[7.043,45.927],[7.039,45.929],[7.039,45.932],[7.033,45.938],[7.033,45.95],[7.036,45.952],[7.036,45.954],[7.016,45.959],[7.007,45.967],[7.007,45.972],[7.013,45.976],[7.013,45.979],[7.016,45.981],[7.016,45.983],[7.01,45.988],[7.01,45.999],[6.993,45.999],[6.987,46.004],[6.981,46.006],[6.981,46.017],[6.974,46.021],[6.971,46.024],[6.971,46.026],[6.955,46.037],[6.957,46.042],[6.967,46.043],[6.967,46.046],[6.974,46.05],[6.979,46.044],[6.976,46.035],[6.977,46.034],[6.98,46.034],[6.987,46.038],[7.0,46.034],[7.008,46.028],[7.006,46.026],[7.026,46.024],[7.032,46.026],[7.028,46.028],[7.026,46.031],[7.026,46.035],[7.013,46.044],[7.014,46.046],[7.008,46.053],[7.016,46.054],[7.018,46.053],[7.019,46.049],[7.022,46.052],[7.028,46.054],[7.037,46.053],[7.038,46.056],[7.037,46.058],[7.052,46.058],[7.052,46.055],[7.05,46.053],[7.044,46.051],[7.043,46.049],[7.048,46.038],[7.05,46.04],[7.058,46.042],[7.068,46.042],[7.071,46.037],[7.077,46.039],[7.081,46.037],[7.071,46.032],[7.067,46.033],[7.061,46.031],[7.06,46.024],[7.061,46.022],[7.087,46.023],[7.09,46.022],[7.093,46.027],[7.099,46.022],[7.093,46.017],[7.084,46.013],[7.083,46.01],[7.088,46.011],[7.093,46.005],[7.1,46.005],[7.101,46.002],[7.1,46.0],[7.092,45.999],[7.08,46.002],[7.077,45.999],[7.078,45.997],[7.072,45.995],[7.07,45.99],[7.066,45.988],[7.068,45.985],[7.077,45.988],[7.086,45.984],[7.086,45.981],[7.094,45.979],[7.096,45.977],[7.094,45.974],[7.084,45.97],[7.08,45.972],[7.088,45.966],[7.09,45.961],[7.085,45.957],[7.084,45.954],[7.08,45.952],[7.083,45.95],[7.081,45.946],[7.071,45.948],[7.068,45.942],[7.07,45.936],[7.078,45.933],[7.081,45.93],[7.077,45.921],[7.078,45.918],[7.087,45.921],[7.088,45.918],[7.086,45.912],[7.088,45.907],[7.086,45.905],[7.088,45.904],[7.097,45.911],[7.1,45.91],[7.103,45.907],[7.112,45.903],[7.108,45.9],[7.1,45.898],[7.098,45.894],[7.1,45.893],[7.113,45.895],[7.126,45.886],[7.134,45.889],[7.133,45.897],[7.129,45.897],[7.126,45.895],[7.124,45.896],[7.129,45.9],[7.128,45.905],[7.13,45.912],[7.124,45.923],[7.12,45.926],[7.116,45.926],[7.113,45.93],[7.125,45.934],[7.122,45.939],[7.126,45.943],[7.133,45.945],[7.132,45.948],[7.127,45.952],[7.134,45.954],[7.138,45.957],[7.14,45.957],[7.149,45.949],[7.15,45.941],[7.148,45.939],[7.149,45.938],[7.153,45.941],[7.154,45.943],[7.153,45.945],[7.155,45.947],[7.158,45.947],[7.162,45.954],[7.165,45.956],[7.165,45.958],[7.163,45.959],[7.165,45.96],[7.168,45.966],[7.174,45.97],[7.184,45.97],[7.183,45.968],[7.185,45.966],[7.184,45.964],[7.187,45.959],[7.18,45.955],[7.184,45.954],[7.187,45.955],[7.187,45.957],[7.19,45.947],[7.192,45.946],[7.194,45.941],[7.186,45.928],[7.179,45.923],[7.179,45.921],[7.181,45.92],[7.189,45.919],[7.19,45.916],[7.187,45.907],[7.181,45.904],[7.177,45.898],[7.181,45.896],[7.181,45.894],[7.187,45.899],[7.195,45.898],[7.204,45.901],[7.21,45.905],[7.205,45.907],[7.205,45.912],[7.208,45.914],[7.208,45.916],[7.205,45.925],[7.211,45.93],[7.216,45.937],[7.219,45.935],[7.236,45.931],[7.239,45.933],[7.242,45.931],[7.252,45.929],[7.255,45.932],[7.248,45.938],[7.246,45.941],[7.248,45.943],[7.245,45.945],[7.242,45.944],[7.232,45.947],[7.224,45.952],[7.223,45.955],[7.226,45.957],[7.233,45.957],[7.233,45.961],[7.225,45.97],[7.224,45.973],[7.229,45.974],[7.234,45.982],[7.216,45.988],[7.219,45.992],[7.224,45.993],[7.224,45.995],[7.219,45.997],[7.206,45.998],[7.204,46.0],[7.206,46.003],[7.21,46.003],[7.213,46.005],[7.217,46.004],[7.214,46.006],[7.216,46.009],[7.214,46.011],[7.201,46.015],[7.197,46.022],[7.198,46.024],[7.197,46.027],[7.2,46.031],[7.203,46.028],[7.203,46.03],[7.201,46.031],[7.206,46.033],[7.213,46.032],[7.216,46.026],[7.222,46.026],[7.226,46.027],[7.23,46.031],[7.232,46.033],[7.232,46.036],[7.236,46.036],[7.238,46.034],[7.245,46.034],[7.246,46.036],[7.243,46.038],[7.248,46.039],[7.255,46.035],[7.264,46.034],[7.276,46.036],[7.277,46.029],[7.276,46.027],[7.284,46.027],[7.286,46.024],[7.29,46.024],[7.288,46.029],[7.29,46.03],[7.307,46.029],[7.313,46.025],[7.315,46.02],[7.319,46.021],[7.324,46.018],[7.324,46.015],[7.326,46.015],[7.33,46.011],[7.327,46.006],[7.329,46.004],[7.335,46.004],[7.342,46.001],[7.345,45.998],[7.347,45.995],[7.346,45.991],[7.348,45.986],[7.348,45.977],[7.344,45.962],[7.348,45.959],[7.352,45.952],[7.355,45.952],[7.361,45.946],[7.368,45.944],[7.366,45.946],[7.379,45.95],[7.375,45.953],[7.362,45.955],[7.365,45.962],[7.364,45.964],[7.364,45.962],[7.361,45.96],[7.359,45.962],[7.359,45.971],[7.362,45.973],[7.362,45.977],[7.357,45.982],[7.358,45.989],[7.355,45.993],[7.358,45.995],[7.356,45.998],[7.359,46.0],[7.358,46.003],[7.352,46.004],[7.352,46.009],[7.349,46.013],[7.35,46.016],[7.348,46.02],[7.342,46.022],[7.341,46.025],[7.344,46.027],[7.335,46.029],[7.332,46.032],[7.328,46.033],[7.33,46.036],[7.329,46.037],[7.316,46.04],[7.317,46.045],[7.321,46.049],[7.319,46.05],[7.313,46.045],[7.309,46.047],[7.306,46.045],[7.301,46.049],[7.3,46.052],[7.295,46.054],[7.295,46.056],[7.285,46.06],[7.288,46.067],[7.284,46.071],[7.275,46.074],[7.271,46.078],[7.266,46.078],[7.264,46.081],[7.258,46.082],[7.255,46.085],[7.256,46.087],[7.249,46.092],[7.257,46.099],[7.253,46.11],[7.247,46.114],[7.245,46.118],[7.235,46.122],[7.225,46.122],[7.222,46.12],[7.203,46.121],[7.209,46.123],[7.21,46.126],[7.209,46.128],[7.215,46.128],[7.228,46.132],[7.238,46.127],[7.248,46.126],[7.249,46.123],[7.247,46.121],[7.248,46.119],[7.261,46.117],[7.264,46.118],[7.267,46.122],[7.27,46.118],[7.271,46.121],[7.265,46.126],[7.263,46.13],[7.264,46.134],[7.274,46.132],[7.277,46.133],[7.28,46.131],[7.283,46.133],[7.287,46.133],[7.288,46.135],[7.285,46.137],[7.285,46.139],[7.288,46.141],[7.288,46.144],[7.296,46.148],[7.306,46.146],[7.302,46.141],[7.305,46.139],[7.301,46.135],[7.301,46.132],[7.303,46.13],[7.3,46.128],[7.302,46.126],[7.296,46.118],[7.303,46.119],[7.309,46.125],[7.31,46.121],[7.313,46.118],[7.322,46.115],[7.327,46.119],[7.323,46.123],[7.323,46.126],[7.329,46.13],[7.328,46.135],[7.331,46.144],[7.332,46.146],[7.335,46.146],[7.338,46.15],[7.338,46.153],[7.334,46.157],[7.335,46.16],[7.338,46.159],[7.34,46.162],[7.345,46.163],[7.351,46.167],[7.358,46.165],[7.366,46.171],[7.367,46.177],[7.369,46.175],[7.37,46.162],[7.369,46.159],[7.374,46.155],[7.371,46.15],[7.375,46.144],[7.37,46.137],[7.37,46.132],[7.378,46.128],[7.377,46.126],[7.378,46.123],[7.383,46.117],[7.38,46.114],[7.386,46.108],[7.385,46.105],[7.386,46.103],[7.394,46.096],[7.392,46.094],[7.397,46.087],[7.4,46.089],[7.403,46.087],[7.422,46.089],[7.426,46.087],[7.421,46.094],[7.422,46.097],[7.418,46.099],[7.425,46.106],[7.422,46.109],[7.422,46.114],[7.413,46.117],[7.416,46.119],[7.412,46.123],[7.421,46.135],[7.417,46.144],[7.419,46.147],[7.422,46.145],[7.432,46.145],[7.437,46.141],[7.434,46.135],[7.436,46.132],[7.429,46.128],[7.428,46.126],[7.429,46.124],[7.432,46.124],[7.439,46.13],[7.448,46.131],[7.45,46.128],[7.448,46.123],[7.442,46.122],[7.439,46.118],[7.435,46.119],[7.439,46.116],[7.445,46.119],[7.447,46.117],[7.442,46.112],[7.436,46.11],[7.443,46.106],[7.442,46.104],[7.439,46.103],[7.442,46.097],[7.445,46.097],[7.446,46.101],[7.45,46.106],[7.461,46.112],[7.467,46.11],[7.466,46.108],[7.468,46.106],[7.482,46.103],[7.48,46.101],[7.481,46.098],[7.478,46.097],[7.479,46.094],[7.477,46.092],[7.481,46.091],[7.481,46.089],[7.475,46.088],[7.476,46.085],[7.475,46.083],[7.469,46.081],[7.48,46.076],[7.48,46.072],[7.477,46.07],[7.479,46.067],[7.471,46.059],[7.461,46.057],[7.458,46.054],[7.462,46.054],[7.462,46.049],[7.471,46.048],[7.478,46.043],[7.473,46.04],[7.467,46.031],[7.464,46.029],[7.467,46.02],[7.471,46.02],[7.476,46.013],[7.477,46.009],[7.485,46.004],[7.487,45.997],[7.49,45.996],[7.49,46.002],[7.494,46.005],[7.496,46.0],[7.5,45.998],[7.502,46.0],[7.5,46.002],[7.499,46.007],[7.5,46.009],[7.497,46.016],[7.489,46.02],[7.494,46.023],[7.5,46.036],[7.504,46.038],[7.502,46.043],[7.503,46.047],[7.506,46.049],[7.505,46.052],[7.51,46.056],[7.503,46.055],[7.5,46.058],[7.502,46.063],[7.505,46.065],[7.509,46.072],[7.519,46.071],[7.522,46.069],[7.532,46.067],[7.541,46.056],[7.538,46.054],[7.539,46.053],[7.542,46.055],[7.544,46.054],[7.546,46.049],[7.544,46.042],[7.542,46.041],[7.543,46.038],[7.539,46.038],[7.536,46.033],[7.542,46.034],[7.552,46.046],[7.558,46.049],[7.558,46.053],[7.559,46.049],[7.563,46.047],[7.561,46.044],[7.565,46.039],[7.568,46.042],[7.571,46.04],[7.572,46.042],[7.563,46.049],[7.566,46.051],[7.566,46.056],[7.564,46.058],[7.566,46.06],[7.566,46.063],[7.561,46.066],[7.558,46.066],[7.557,46.069],[7.559,46.072],[7.555,46.075],[7.549,46.076],[7.548,46.078],[7.557,46.085],[7.548,46.085],[7.551,46.09],[7.542,46.091],[7.538,46.094],[7.543,46.099],[7.539,46.103],[7.54,46.108],[7.539,46.111],[7.536,46.109],[7.534,46.11],[7.532,46.114],[7.533,46.117],[7.532,46.119],[7.52,46.124],[7.513,46.125],[7.511,46.13],[7.507,46.132],[7.506,46.135],[7.508,46.137],[7.507,46.139],[7.5,46.141],[7.491,46.141],[7.488,46.144],[7.49,46.148],[7.494,46.15],[7.496,46.153],[7.495,46.155],[7.484,46.16],[7.476,46.168],[7.473,46.175],[7.465,46.18],[7.468,46.189],[7.475,46.191],[7.476,46.2],[7.474,46.205],[7.463,46.209],[7.463,46.213],[7.474,46.217],[7.479,46.225],[7.484,46.226],[7.489,46.225],[7.49,46.222],[7.494,46.221],[7.496,46.216],[7.507,46.207],[7.51,46.21],[7.514,46.209],[7.514,46.213],[7.516,46.215],[7.52,46.215],[7.521,46.216],[7.52,46.218],[7.527,46.222],[7.529,46.225],[7.526,46.229],[7.529,46.233],[7.536,46.232],[7.546,46.223],[7.548,46.213],[7.557,46.211],[7.555,46.206],[7.561,46.2],[7.56,46.195],[7.562,46.191],[7.556,46.186],[7.558,46.182],[7.557,46.177],[7.553,46.173],[7.557,46.171],[7.554,46.168],[7.556,46.162],[7.558,46.16],[7.565,46.159],[7.573,46.148],[7.574,46.139],[7.566,46.135],[7.568,46.119],[7.572,46.121],[7.573,46.123],[7.571,46.126],[7.577,46.132],[7.576,46.146],[7.58,46.153],[7.575,46.158],[7.571,46.156],[7.566,46.159],[7.578,46.162],[7.584,46.17],[7.588,46.165],[7.594,46.164],[7.597,46.159],[7.61,46.153],[7.608,46.148],[7.609,46.146],[7.605,46.141],[7.61,46.142],[7.615,46.135],[7.613,46.133],[7.61,46.133],[7.609,46.13],[7.615,46.126],[7.617,46.119],[7.621,46.117],[7.623,46.11],[7.629,46.105],[7.629,46.102],[7.631,46.101],[7.624,46.087],[7.626,46.085],[7.625,46.083],[7.626,46.082],[7.631,46.085],[7.631,46.087],[7.639,46.095],[7.642,46.094],[7.652,46.1],[7.658,46.099],[7.662,46.101],[7.669,46.101],[7.662,46.107],[7.652,46.109],[7.651,46.11],[7.652,46.112],[7.643,46.119],[7.649,46.123],[7.654,46.132],[7.654,46.135],[7.65,46.139],[7.649,46.146],[7.642,46.147],[7.641,46.148],[7.643,46.152],[7.641,46.155],[7.636,46.157],[7.636,46.159],[7.631,46.164],[7.645,46.171],[7.633,46.171],[7.625,46.175],[7.636,46.182],[7.626,46.186],[7.619,46.191],[7.62,46.193],[7.617,46.198],[7.617,46.207],[7.614,46.211],[7.617,46.213],[7.63,46.213],[7.631,46.216],[7.627,46.223],[7.623,46.224],[7.62,46.23],[7.612,46.231],[7.604,46.238],[7.606,46.245],[7.611,46.247],[7.611,46.252],[7.606,46.256],[7.6,46.258],[7.6,46.261],[7.598,46.263],[7.601,46.267],[7.6,46.27],[7.614,46.271],[7.62,46.273],[7.626,46.27],[7.628,46.267],[7.637,46.267],[7.639,46.274],[7.643,46.276],[7.653,46.273],[7.654,46.272],[7.653,46.269],[7.666,46.269],[7.665,46.272],[7.679,46.273],[7.682,46.272],[7.693,46.263],[7.695,46.256],[7.691,46.251],[7.698,46.25],[7.703,46.247],[7.702,46.24],[7.703,46.236],[7.701,46.234],[7.702,46.231],[7.7,46.227],[7.702,46.222],[7.696,46.213],[7.692,46.211],[7.693,46.209],[7.689,46.202],[7.691,46.2],[7.689,46.195],[7.69,46.193],[7.688,46.191],[7.689,46.184],[7.688,46.179],[7.694,46.185],[7.701,46.184],[7.7,46.186],[7.706,46.195],[7.705,46.197],[7.706,46.2],[7.702,46.206],[7.711,46.212],[7.717,46.21],[7.718,46.211],[7.718,46.22],[7.721,46.221],[7.723,46.224],[7.723,46.233],[7.726,46.236],[7.724,46.238],[7.726,46.242],[7.724,46.246],[7.725,46.251],[7.72,46.254],[7.736,46.256],[7.736,46.258],[7.731,46.26],[7.731,46.263],[7.729,46.265],[7.732,46.269],[7.732,46.272],[7.728,46.274],[7.734,46.28],[7.74,46.28],[7.752,46.276],[7.755,46.274],[7.756,46.268],[7.766,46.268],[7.767,46.258],[7.764,46.253],[7.773,46.25],[7.78,46.251],[7.777,46.253],[7.786,46.256],[7.786,46.258],[7.789,46.261],[7.792,46.261],[7.795,46.258],[7.808,46.259],[7.811,46.255],[7.818,46.253],[7.82,46.251],[7.819,46.249],[7.822,46.247],[7.821,46.242],[7.825,46.238],[7.821,46.237],[7.818,46.234],[7.811,46.233],[7.808,46.228],[7.797,46.229],[7.792,46.222],[7.794,46.22],[7.792,46.218],[7.789,46.219],[7.785,46.217],[7.785,46.215],[7.792,46.212],[7.802,46.211],[7.795,46.204],[7.785,46.204],[7.779,46.2],[7.778,46.199],[7.779,46.197],[7.785,46.193],[7.775,46.187],[7.778,46.181],[7.772,46.181],[7.769,46.177],[7.764,46.175],[7.772,46.17],[7.772,46.168],[7.769,46.166],[7.761,46.166],[7.766,46.164],[7.76,46.155],[7.772,46.155],[7.774,46.152],[7.765,46.146],[7.764,46.139],[7.765,46.137],[7.767,46.137],[7.766,46.132],[7.77,46.13],[7.763,46.128],[7.76,46.123],[7.761,46.121],[7.76,46.119],[7.749,46.112],[7.756,46.108],[7.754,46.105],[7.755,46.099],[7.762,46.096],[7.755,46.094],[7.752,46.092],[7.753,46.089],[7.746,46.086],[7.742,46.086],[7.739,46.083],[7.736,46.085],[7.73,46.085],[7.737,46.083],[7.735,46.08],[7.736,46.078],[7.742,46.076],[7.755,46.077],[7.758,46.074],[7.751,46.065],[7.751,46.062],[7.754,46.06],[7.748,46.056],[7.747,46.053],[7.748,46.051],[7.736,46.046],[7.735,46.038],[7.732,46.036],[7.72,46.037],[7.717,46.035],[7.718,46.031],[7.726,46.024],[7.714,46.017],[7.706,46.017],[7.697,46.02],[7.694,46.018],[7.684,46.018],[7.681,46.015],[7.67,46.015],[7.665,46.017],[7.661,46.022],[7.658,46.013],[7.652,46.015],[7.648,46.013],[7.645,46.014],[7.642,46.01],[7.633,46.006],[7.635,46.002],[7.652,46.003],[7.658,46.001],[7.668,46.002],[7.674,46.001],[7.682,46.002],[7.687,45.999],[7.697,45.998],[7.703,45.999],[7.71,45.997],[7.714,45.995],[7.706,45.992],[7.702,45.988],[7.719,45.991],[7.726,45.984],[7.735,45.983],[7.738,45.977],[7.742,45.975],[7.737,45.968],[7.739,45.967],[7.745,45.968],[7.748,45.972],[7.751,45.972],[7.758,45.969],[7.761,45.966],[7.768,45.967],[7.771,45.964],[7.774,45.965],[7.777,45.964],[7.787,45.966],[7.797,45.974],[7.806,45.97],[7.805,45.968],[7.806,45.966],[7.81,45.966],[7.812,45.968],[7.808,45.97],[7.809,45.972],[7.804,45.979],[7.806,45.982],[7.81,45.983],[7.811,45.986],[7.8,45.982],[7.79,45.984],[7.787,45.986],[7.784,45.984],[7.755,45.985],[7.748,45.99],[7.748,45.993],[7.741,45.995],[7.758,45.997],[7.768,46.001],[7.777,45.998],[7.779,45.999],[7.777,46.002],[7.783,46.004],[7.803,46.006],[7.809,46.008],[7.807,46.012],[7.803,46.013],[7.803,46.015],[7.807,46.017],[7.791,46.024],[7.783,46.035],[7.787,46.038],[7.783,46.04],[7.79,46.044],[7.789,46.046],[7.794,46.049],[7.797,46.048],[7.8,46.055],[7.804,46.055],[7.807,46.051],[7.804,46.04],[7.813,46.05],[7.817,46.049],[7.826,46.04],[7.834,46.037],[7.839,46.04],[7.841,46.044],[7.833,46.051],[7.833,46.055],[7.826,46.058],[7.822,46.062],[7.826,46.064],[7.83,46.07],[7.83,46.073],[7.82,46.072],[7.81,46.074],[7.806,46.078],[7.807,46.082],[7.821,46.089],[7.823,46.094],[7.809,46.094],[7.817,46.1],[7.818,46.105],[7.813,46.107],[7.821,46.112],[7.823,46.116],[7.823,46.121],[7.821,46.123],[7.825,46.127],[7.825,46.13],[7.819,46.132],[7.82,46.134],[7.818,46.139],[7.823,46.141],[7.816,46.148],[7.824,46.15],[7.823,46.152],[7.827,46.155],[7.832,46.15],[7.833,46.146],[7.836,46.15],[7.835,46.152],[7.837,46.153],[7.841,46.152],[7.843,46.149],[7.845,46.152],[7.851,46.154],[7.846,46.159],[7.851,46.161],[7.849,46.172],[7.847,46.174],[7.85,46.176],[7.848,46.179],[7.85,46.181],[7.854,46.181],[7.857,46.183],[7.854,46.186],[7.855,46.188],[7.859,46.19],[7.86,46.193],[7.866,46.194],[7.869,46.197],[7.871,46.195],[7.872,46.183],[7.876,46.185],[7.882,46.185],[7.883,46.183],[7.879,46.178],[7.872,46.177],[7.869,46.179],[7.866,46.178],[7.866,46.174],[7.872,46.176],[7.874,46.174],[7.874,46.17],[7.869,46.166],[7.863,46.165],[7.862,46.163],[7.863,46.162],[7.866,46.165],[7.877,46.165],[7.882,46.168],[7.895,46.169],[7.898,46.168],[7.898,46.162],[7.9,46.161],[7.901,46.158],[7.912,46.154],[7.911,46.152],[7.904,46.152],[7.9,46.145],[7.903,46.143],[7.9,46.141],[7.908,46.138],[7.913,46.134],[7.913,46.131],[7.907,46.125],[7.908,46.124],[7.914,46.126],[7.916,46.125],[7.916,46.122],[7.915,46.12],[7.911,46.119],[7.904,46.121],[7.9,46.118],[7.899,46.111],[7.894,46.111],[7.899,46.107],[7.898,46.105],[7.891,46.101],[7.89,46.098],[7.886,46.096],[7.888,46.092],[7.891,46.095],[7.901,46.098],[7.904,46.096],[7.905,46.093],[7.911,46.091],[7.92,46.095],[7.925,46.095],[7.937,46.101],[7.941,46.098],[7.942,46.095],[7.946,46.093],[7.944,46.089],[7.946,46.084],[7.944,46.082],[7.947,46.077],[7.945,46.075],[7.948,46.071],[7.949,46.066],[7.945,46.062],[7.949,46.061],[7.955,46.055],[7.962,46.056],[7.964,46.059],[7.964,46.062],[7.969,46.069],[7.969,46.071],[7.966,46.073],[7.966,46.077],[7.969,46.078],[7.975,46.077],[7.985,46.072],[7.986,46.073],[7.984,46.075],[7.989,46.075],[7.991,46.073],[7.993,46.075],[7.985,46.084],[7.971,46.086],[7.975,46.089],[7.98,46.088],[7.98,46.091],[7.972,46.096],[7.97,46.098],[7.971,46.1],[7.979,46.1],[7.993,46.104],[7.992,46.106],[7.982,46.109],[7.979,46.112],[7.972,46.113],[7.965,46.111],[7.956,46.118],[7.955,46.12],[7.956,46.121],[7.963,46.122],[7.961,46.125],[7.956,46.126],[7.953,46.129],[7.956,46.131],[7.96,46.131],[7.963,46.134],[7.961,46.14],[7.962,46.143],[7.971,46.147],[7.966,46.148],[7.956,46.142],[7.954,46.143],[7.958,46.147],[7.958,46.149],[7.952,46.156],[7.951,46.161],[7.954,46.163],[7.953,46.172],[7.956,46.174],[7.944,46.172],[7.94,46.175],[7.935,46.176],[7.933,46.179],[7.944,46.186],[7.934,46.188],[7.929,46.192],[7.931,46.194],[7.93,46.201],[7.932,46.203],[7.93,46.206],[7.931,46.212],[7.929,46.215],[7.917,46.221],[7.916,46.224],[7.921,46.225],[7.925,46.223],[7.935,46.224],[7.926,46.228],[7.926,46.23],[7.934,46.231],[7.938,46.23],[7.935,46.235],[7.938,46.237],[7.938,46.24],[7.934,46.244],[7.934,46.246],[7.936,46.251],[7.935,46.253],[7.938,46.255],[7.94,46.253],[7.94,46.248],[7.942,46.244],[7.945,46.242],[7.947,46.235],[7.953,46.23],[7.953,46.228],[7.96,46.219],[7.967,46.217],[7.966,46.219],[7.968,46.228],[7.962,46.237],[7.964,46.241],[7.967,46.241],[7.967,46.244],[7.965,46.246],[7.967,46.255],[7.965,46.262],[7.974,46.274],[7.974,46.276],[7.972,46.277],[7.975,46.284],[7.98,46.285],[7.985,46.289],[7.989,46.289],[7.995,46.286],[7.996,46.284],[7.995,46.275],[7.993,46.274],[7.987,46.278],[7.994,46.268],[7.996,46.267],[8.003,46.269],[8.009,46.267],[8.013,46.27],[8.019,46.271],[8.025,46.268],[8.025,46.261],[8.019,46.254],[8.016,46.252],[8.009,46.251],[8.005,46.248],[8.001,46.235],[8.002,46.226],[8.001,46.223],[8.019,46.22],[8.03,46.21],[8.03,46.203],[8.025,46.199],[8.022,46.199],[8.022,46.196],[8.031,46.193],[8.039,46.194],[8.04,46.189],[8.047,46.189],[8.057,46.183],[8.057,46.18],[8.053,46.178],[8.056,46.176],[8.056,46.174],[8.05,46.166],[8.046,46.165],[8.046,46.16],[8.041,46.156],[8.04,46.153],[8.055,46.151],[8.06,46.154],[8.07,46.155],[8.073,46.157],[8.071,46.16],[8.073,46.164],[8.079,46.163],[8.082,46.164],[8.082,46.169],[8.087,46.171],[8.085,46.173],[8.086,46.175],[8.089,46.175],[8.093,46.171],[8.091,46.169],[8.092,46.167],[8.088,46.162],[8.089,46.16],[8.095,46.158],[8.087,46.146],[8.089,46.14],[8.087,46.137],[8.09,46.133],[8.082,46.129],[8.08,46.131],[8.075,46.131],[8.075,46.128],[8.078,46.126],[8.075,46.122],[8.079,46.116],[8.081,46.117],[8.082,46.121],[8.089,46.123],[8.092,46.126],[8.102,46.127],[8.102,46.135],[8.1,46.137],[8.108,46.139],[8.108,46.142],[8.121,46.148],[8.121,46.153],[8.126,46.155],[8.13,46.162],[8.133,46.162],[8.134,46.155],[8.14,46.155],[8.147,46.158],[8.153,46.15],[8.153,46.146],[8.143,46.139],[8.134,46.138],[8.131,46.135],[8.124,46.135],[8.115,46.129],[8.114,46.119],[8.108,46.113],[8.104,46.113],[8.098,46.109],[8.085,46.109],[8.079,46.106],[8.068,46.106],[8.066,46.104],[8.059,46.104],[8.056,46.102],[8.04,46.1],[8.033,46.095],[8.033,46.09],[8.03,46.089],[8.03,46.084],[8.026,46.081],[8.023,46.075],[8.026,46.072],[8.026,46.061],[8.029,46.059],[8.029,46.054],[8.033,46.052],[8.033,46.045],[8.019,46.037],[8.019,46.034],[8.016,46.032],[8.016,46.023],[8.013,46.021],[8.013,46.014],[8.01,46.012],[8.0,46.01],[8.0,46.007],[7.993,46.003],[7.993,46.001],[7.987,45.996],[7.981,45.996],[7.978,45.999],[7.967,45.999],[7.965,45.997],[7.939,45.997],[7.936,45.995],[7.923,45.994],[7.907,45.995],[7.9,45.985],[7.886,45.976],[7.88,45.974],[7.88,45.961],[7.877,45.959],[7.877,45.952],[7.874,45.95],[7.873,45.945],[7.87,45.943],[7.87,45.936],[7.877,45.929],[7.877,45.927],[7.864,45.918],[7.858,45.92],[7.845,45.921],[7.842,45.923],[7.832,45.923],[7.829,45.925],[7.819,45.927],[7.819,45.925],[7.812,45.921],[7.806,45.921],[7.803,45.918],[7.796,45.918],[7.79,45.921],[7.79,45.923],[7.783,45.928],[7.78,45.928],[7.771,45.934],[7.767,45.934],[7.764,45.936],[7.765,45.939],[7.748,45.939],[7.741,45.934],[7.741,45.932],[7.735,45.93],[7.735,45.925],[7.732,45.923],[7.719,45.923],[7.713,45.928],[7.713,45.93],[7.706,45.934],[7.707,45.95],[7.703,45.95],[7.697,45.955],[7.684,45.955],[7.68,45.957],[7.674,45.961],[7.675,45.966],[7.662,45.975],[7.648,45.975],[7.642,45.971],[7.622,45.971],[7.62,45.973],[7.616,45.973],[7.61,45.968],[7.6,45.968],[7.597,45.971],[7.587,45.971],[7.578,45.977],[7.578,45.982],[7.571,45.986],[7.567,45.986],[7.564,45.984],[7.548,45.984],[7.548,45.982],[7.544,45.98],[7.544,45.977],[7.542,45.975],[7.545,45.973],[7.545,45.966],[7.548,45.964],[7.542,45.957],[7.538,45.957],[7.535,45.955],[7.532,45.957],[7.522,45.957],[7.516,45.962],[7.506,45.962],[7.497,45.957],[7.477,45.953],[7.47,45.948],[7.471,45.945],[7.474,45.944],[7.474,45.939],[7.468,45.935],[7.458,45.935],[7.455,45.933],[7.445,45.931],[7.435,45.924],[7.435,45.921],[7.426,45.915],[7.416,45.912],[7.41,45.908],[7.4,45.91],[7.396,45.908],[7.396,45.905],[7.394,45.903],[7.387,45.899],[7.377,45.899],[7.375,45.901],[7.365,45.903],[7.359,45.908],[7.355,45.908],[7.352,45.91],[7.352,45.912],[7.348,45.912],[7.345,45.915],[7.323,45.91],[7.313,45.917],[7.303,45.917],[7.294,45.921],[7.29,45.921],[7.286,45.914],[7.28,45.91],[7.28,45.907],[7.255,45.89],[7.252,45.89],[7.245,45.894],[7.239,45.89],[7.225,45.892],[7.22,45.887],[7.216,45.887],[7.2,45.876],[7.2,45.865],[7.197,45.862],[7.19,45.86]],[[7.962,46.031],[7.964,46.032],[7.963,46.039],[7.965,46.042],[7.963,46.044],[7.964,46.048],[7.962,46.052],[7.952,46.047],[7.952,46.045],[7.955,46.044],[7.958,46.035],[7.962,46.031]],[[7.413,46.036],[7.412,46.038],[7.413,46.041],[7.41,46.039],[7.409,46.04],[7.409,46.043],[7.405,46.049],[7.406,46.052],[7.402,46.056],[7.402,46.063],[7.399,46.067],[7.406,46.079],[7.402,46.081],[7.397,46.077],[7.393,46.079],[7.392,46.074],[7.387,46.07],[7.393,46.073],[7.394,46.072],[7.391,46.061],[7.393,46.055],[7.398,46.049],[7.403,46.036],[7.406,46.035],[7.413,46.036]]],[[[7.2,46.031],[7.193,46.037],[7.19,46.037],[7.187,46.04],[7.184,46.039],[7.183,46.04],[7.184,46.042],[7.187,46.042],[7.186,46.044],[7.187,46.047],[7.196,46.044],[7.2,46.046],[7.202,46.045],[7.206,46.036],[7.2,46.031]]],[[[7.342,46.022],[7.344,46.02],[7.342,46.019],[7.342,46.022]]],[[[7.898,46.168],[7.897,46.17],[7.899,46.17],[7.898,46.168]]],[[[7.989,46.778],[7.985,46.779],[7.991,46.783],[7.992,46.788],[8.002,46.787],[8.012,46.789],[8.015,46.788],[8.008,46.785],[8.006,46.783],[8.007,46.781],[8.005,46.78],[7.995,46.782],[7.989,46.778]]],[[[8.015,46.788],[8.013,46.79],[8.017,46.792],[8.016,46.794],[8.018,46.796],[8.028,46.798],[8.031,46.797],[8.037,46.799],[8.042,46.799],[8.044,46.797],[8.054,46.798],[8.058,46.8],[8.064,46.798],[8.081,46.802],[8.082,46.801],[8.081,46.799],[8.084,46.797],[8.09,46.8],[8.094,46.799],[8.095,46.803],[8.1,46.805],[8.103,46.805],[8.107,46.801],[8.117,46.803],[8.12,46.8],[8.128,46.801],[8.125,46.798],[8.107,46.796],[8.106,46.794],[8.112,46.792],[8.113,46.79],[8.118,46.789],[8.116,46.788],[8.107,46.79],[8.107,46.785],[8.104,46.783],[8.104,46.78],[8.1,46.777],[8.098,46.781],[8.087,46.787],[8.074,46.786],[8.071,46.788],[8.064,46.788],[8.061,46.786],[8.057,46.786],[8.051,46.789],[8.044,46.784],[8.028,46.79],[8.021,46.788],[8.018,46.789],[8.015,46.788]]],[[[8.103,46.805],[8.11,46.808],[8.111,46.807],[8.11,46.805],[8.107,46.803],[8.103,46.805]]],[[[8.117,46.803],[8.12,46.804],[8.121,46.803],[8.117,46.803]]],[[[8.113,46.18],[8.108,46.18],[8.102,46.183],[8.101,46.185],[8.119,46.189],[8.12,46.187],[8.117,46.182],[8.113,46.18]]],[[[8.072,46.901],[8.081999999999987,46.89800000000001],[8.079,46.9],[8.082,46.902],[8.08,46.904],[8.08,46.907],[8.085,46.91],[8.091,46.907],[8.088,46.904],[8.088,46.9],[8.092,46.899],[8.094,46.895],[8.088,46.894],[8.081999999999997,46.898],[8.076,46.895],[8.069,46.894],[8.063,46.9],[8.065,46.904],[8.069,46.904],[8.072,46.901]]],[[[7.982,46.779],[7.988,46.777],[7.985,46.775],[7.979,46.775],[7.974,46.779],[7.982,46.779]]],[[[7.962,46.826],[7.956,46.825],[7.951,46.831],[7.956,46.837],[7.966,46.842],[7.967,46.844],[7.971,46.84],[7.962,46.826]]],[[[7.897,46.786],[7.894,46.782],[7.89,46.783],[7.887,46.782],[7.882,46.784],[7.881,46.786],[7.871,46.786],[7.871,46.782],[7.867,46.782],[7.863,46.786],[7.864,46.789],[7.877,46.791],[7.894,46.79],[7.9,46.792],[7.913,46.792],[7.916,46.79],[7.91,46.788],[7.904,46.789],[7.897,46.786]]],[[[7.612,46.619],[7.608,46.615],[7.605,46.617],[7.608,46.62],[7.608,46.625],[7.614,46.627],[7.609,46.634],[7.618,46.634],[7.625,46.638],[7.636,46.636],[7.632,46.632],[7.632,46.629],[7.631,46.632],[7.624,46.632],[7.621,46.629],[7.623,46.625],[7.621,46.623],[7.617,46.623],[7.617,46.62],[7.612,46.619]]],[[[7.591,46.591],[7.585,46.591],[7.584,46.593],[7.583,46.596],[7.585,46.598],[7.589,46.596],[7.586,46.598],[7.589,46.6],[7.583,46.605],[7.584,46.607],[7.589,46.607],[7.595,46.604],[7.598,46.605],[7.594,46.609],[7.604,46.611],[7.601,46.614],[7.605,46.615],[7.607,46.611],[7.61,46.609],[7.604,46.605],[7.6,46.598],[7.591,46.591]]],[[[7.435,46.531],[7.432,46.534],[7.436,46.537],[7.433,46.54],[7.44,46.542],[7.441,46.544],[7.437,46.549],[7.442,46.549],[7.445,46.554],[7.448,46.555],[7.455,46.551],[7.456,46.549],[7.451,46.542],[7.452,46.541],[7.461,46.549],[7.468,46.552],[7.469,46.551],[7.468,46.544],[7.465,46.542],[7.464,46.537],[7.456,46.535],[7.448,46.536],[7.441,46.535],[7.435,46.531]]],[[[7.435,46.531],[7.428,46.528],[7.427,46.531],[7.428,46.533],[7.435,46.531]]],[[[7.442,46.558],[7.439,46.558],[7.432,46.562],[7.43,46.564],[7.431,46.567],[7.439,46.568],[7.448,46.573],[7.452,46.573],[7.452,46.576],[7.455,46.578],[7.461,46.576],[7.461,46.573],[7.464,46.571],[7.463,46.569],[7.448,46.563],[7.442,46.558]]],[[[7.439,46.701],[7.416,46.697],[7.408,46.701],[7.409,46.703],[7.415,46.706],[7.418,46.704],[7.418,46.701],[7.427,46.701],[7.429,46.703],[7.429,46.706],[7.435,46.708],[7.439,46.703],[7.44,46.706],[7.445,46.709],[7.45,46.708],[7.448,46.707],[7.447,46.704],[7.448,46.701],[7.445,46.699],[7.439,46.701]]],[[[7.426,46.591],[7.424,46.591],[7.425,46.598],[7.427,46.607],[7.429,46.608],[7.432,46.6],[7.43,46.596],[7.426,46.594],[7.426,46.591]]],[[[7.352,46.654],[7.344,46.65],[7.34,46.652],[7.343,46.654],[7.341,46.655],[7.318,46.656],[7.321,46.659],[7.328,46.657],[7.344,46.658],[7.352,46.654]]],[[[7.334,46.636],[7.324,46.63],[7.322,46.632],[7.323,46.636],[7.321,46.637],[7.315,46.637],[7.308,46.634],[7.303,46.638],[7.303,46.641],[7.299,46.643],[7.301,46.646],[7.311,46.647],[7.31,46.65],[7.311,46.651],[7.313,46.647],[7.318,46.648],[7.321,46.645],[7.328,46.646],[7.331,46.644],[7.334,46.645],[7.339,46.636],[7.337,46.635],[7.334,46.636]]],[[[7.245,46.627],[7.256,46.629],[7.257,46.627],[7.249,46.625],[7.245,46.627]]],[[[7.256,46.629],[7.262,46.633],[7.266,46.632],[7.263,46.629],[7.256,46.629]]],[[[7.266,46.632],[7.264,46.634],[7.268,46.634],[7.266,46.632]]],[[[7.215,46.413],[7.208,46.414],[7.205,46.412],[7.203,46.416],[7.204,46.418],[7.196,46.429],[7.196,46.431],[7.201,46.432],[7.208,46.431],[7.214,46.435],[7.218,46.434],[7.219,46.431],[7.23,46.43],[7.243,46.433],[7.25,46.431],[7.252,46.429],[7.25,46.426],[7.244,46.423],[7.241,46.425],[7.233,46.425],[7.231,46.423],[7.227,46.423],[7.217,46.416],[7.215,46.413]]],[[[7.25,45.932],[7.249,45.93],[7.246,45.932],[7.25,45.932]]],[[[7.193,46.398],[7.198,46.402],[7.204,46.398],[7.204,46.395],[7.2,46.393],[7.207,46.389],[7.203,46.382],[7.205,46.379],[7.214,46.383],[7.221,46.384],[7.224,46.388],[7.23,46.391],[7.234,46.389],[7.235,46.386],[7.214,46.368],[7.211,46.369],[7.201,46.365],[7.198,46.367],[7.192,46.364],[7.182,46.364],[7.179,46.366],[7.179,46.368],[7.188,46.373],[7.182,46.375],[7.156,46.373],[7.149,46.378],[7.146,46.375],[7.14,46.377],[7.145,46.379],[7.143,46.38],[7.14,46.379],[7.136,46.38],[7.127,46.376],[7.105,46.377],[7.107,46.382],[7.105,46.384],[7.108,46.386],[7.11,46.39],[7.117,46.39],[7.12,46.392],[7.123,46.391],[7.123,46.389],[7.125,46.391],[7.13,46.391],[7.132,46.395],[7.136,46.397],[7.143,46.397],[7.149,46.399],[7.152,46.397],[7.159,46.396],[7.162,46.399],[7.166,46.399],[7.169,46.398],[7.172,46.393],[7.179,46.392],[7.192,46.394],[7.194,46.395],[7.193,46.398]]],[[[7.198,46.402],[7.198,46.404],[7.201,46.406],[7.207,46.402],[7.205,46.4],[7.198,46.402]]],[[[7.194,46.436],[7.191,46.434],[7.19,46.438],[7.187,46.438],[7.178,46.436],[7.171,46.44],[7.178,46.443],[7.185,46.442],[7.191,46.444],[7.192,46.449],[7.195,46.452],[7.198,46.446],[7.204,46.446],[7.206,46.445],[7.206,46.443],[7.198,46.438],[7.193,46.438],[7.194,46.436]]],[[[7.139,46.519],[7.135,46.521],[7.134,46.528],[7.139,46.53],[7.147,46.53],[7.149,46.532],[7.145,46.533],[7.141,46.537],[7.145,46.541],[7.149,46.542],[7.152,46.541],[7.158,46.545],[7.163,46.541],[7.157,46.537],[7.158,46.536],[7.175,46.54],[7.178,46.537],[7.167,46.53],[7.17,46.528],[7.168,46.526],[7.161,46.528],[7.158,46.526],[7.152,46.529],[7.139,46.519]]],[[[7.115,46.496],[7.106,46.495],[7.104,46.496],[7.106,46.499],[7.113,46.5],[7.113,46.503],[7.123,46.503],[7.123,46.5],[7.118,46.499],[7.115,46.496]]],[[[7.114,46.327],[7.111,46.324],[7.108,46.327],[7.098,46.326],[7.096,46.328],[7.104,46.333],[7.115,46.334],[7.113,46.339],[7.114,46.341],[7.12,46.341],[7.122,46.339],[7.123,46.334],[7.12,46.332],[7.12,46.329],[7.122,46.328],[7.114,46.327]]],[[[7.088,46.323],[7.086,46.325],[7.086,46.328],[7.091,46.329],[7.097,46.325],[7.088,46.323]]],[[[7.088,46.323],[7.082,46.321],[7.075,46.323],[7.073,46.325],[7.075,46.327],[7.082,46.326],[7.088,46.323]]],[[[7.003,46.374],[7.0,46.37],[6.992,46.374],[6.994,46.377],[6.992,46.379],[6.993,46.382],[6.997,46.38],[7.001,46.381],[7.006,46.384],[7.01,46.389],[7.015,46.39],[7.016,46.393],[7.023,46.393],[7.026,46.391],[7.028,46.395],[7.032,46.398],[7.039,46.397],[7.041,46.395],[7.032,46.392],[7.032,46.388],[7.028,46.384],[7.028,46.381],[7.019,46.38],[7.016,46.374],[7.007,46.373],[7.003,46.374]]],[[[6.906,46.051],[6.89,46.044],[6.88,46.044],[6.877,46.046],[6.873,46.046],[6.867,46.05],[6.867,46.052],[6.87,46.054],[6.87,46.059],[6.874,46.061],[6.874,46.066],[6.883,46.072],[6.887,46.073],[6.886,46.084],[6.883,46.086],[6.883,46.097],[6.886,46.099],[6.886,46.102],[6.889,46.104],[6.889,46.106],[6.893,46.109],[6.892,46.125],[6.856,46.124],[6.853,46.127],[6.843,46.129],[6.841,46.131],[6.814,46.131],[6.808,46.135],[6.798,46.135],[6.795,46.137],[6.796,46.14],[6.793,46.142],[6.794,46.146],[6.789,46.149],[6.79,46.153],[6.801,46.159],[6.804,46.154],[6.817,46.156],[6.817,46.153],[6.808,46.148],[6.8,46.149],[6.798,46.146],[6.804,46.144],[6.808,46.145],[6.813,46.144],[6.817,46.146],[6.837,46.146],[6.839,46.149],[6.853,46.15],[6.863,46.144],[6.879,46.144],[6.882,46.145],[6.885,46.152],[6.89,46.156],[6.89,46.158],[6.887,46.16],[6.89,46.167],[6.905,46.169],[6.9,46.174],[6.901,46.175],[6.911,46.174],[6.912,46.176],[6.917,46.178],[6.921,46.183],[6.927,46.182],[6.93,46.184],[6.934,46.183],[6.939,46.185],[6.94,46.19],[6.943,46.192],[6.946,46.19],[6.946,46.186],[6.953,46.187],[6.956,46.184],[6.959,46.186],[6.969,46.186],[6.971,46.181],[6.969,46.179],[6.96,46.177],[6.959,46.176],[6.962,46.174],[6.956,46.169],[6.96,46.169],[6.969,46.162],[6.973,46.162],[6.979,46.158],[6.982,46.161],[6.986,46.158],[6.989,46.159],[6.992,46.156],[6.999,46.156],[7.0,46.152],[6.973,46.15],[6.969,46.153],[6.965,46.152],[6.951,46.143],[6.951,46.14],[6.953,46.138],[6.958,46.138],[6.973,46.144],[6.983,46.137],[6.986,46.138],[6.989,46.135],[7.001,46.134],[6.996,46.13],[6.986,46.129],[6.979,46.13],[6.976,46.128],[6.976,46.126],[6.979,46.129],[6.983,46.128],[6.985,46.125],[6.983,46.122],[6.978,46.12],[6.981,46.118],[6.979,46.117],[6.973,46.119],[6.96,46.119],[6.957,46.116],[6.953,46.116],[6.97,46.11],[6.978,46.102],[6.964,46.098],[6.966,46.096],[6.963,46.094],[6.957,46.098],[6.96,46.093],[6.954,46.09],[6.952,46.086],[6.956,46.084],[6.94,46.073],[6.944,46.068],[6.937,46.068],[6.933,46.075],[6.928,46.074],[6.919,46.077],[6.917,46.084],[6.908,46.099],[6.908,46.091],[6.904,46.088],[6.905,46.086],[6.912,46.085],[6.915,46.081],[6.918,46.08],[6.917,46.077],[6.914,46.075],[6.915,46.072],[6.93,46.066],[6.922,46.062],[6.918,46.062],[6.915,46.06],[6.915,46.057],[6.906,46.051]]],[[[6.823,46.171],[6.807,46.166],[6.804,46.167],[6.798,46.173],[6.804,46.178],[6.806,46.178],[6.805,46.18],[6.808,46.182],[6.808,46.191],[6.805,46.194],[6.805,46.198],[6.802,46.2],[6.802,46.205],[6.804,46.206],[6.807,46.205],[6.81,46.208],[6.819,46.203],[6.82,46.201],[6.822,46.203],[6.823,46.208],[6.826,46.204],[6.83,46.205],[6.828,46.207],[6.83,46.21],[6.834,46.21],[6.841,46.207],[6.846,46.211],[6.848,46.21],[6.851,46.207],[6.845,46.203],[6.845,46.201],[6.85,46.198],[6.849,46.196],[6.825,46.189],[6.827,46.185],[6.846,46.181],[6.847,46.18],[6.845,46.176],[6.843,46.174],[6.84,46.176],[6.824,46.179],[6.819,46.176],[6.823,46.174],[6.823,46.171]]],[[[6.798,46.333],[6.789,46.331],[6.784,46.333],[6.784,46.335],[6.78,46.337],[6.781,46.34],[6.784,46.342],[6.779,46.343],[6.772,46.349],[6.779,46.352],[6.786,46.35],[6.789,46.351],[6.793,46.349],[6.789,46.347],[6.792,46.345],[6.802,46.345],[6.805,46.342],[6.818,46.344],[6.825,46.342],[6.818,46.339],[6.812,46.339],[6.809,46.336],[6.805,46.337],[6.799,46.336],[6.798,46.333]]]]},"properties":{"value":20,"fill":"#99F0B2","zIndex":2},"id":"1"},{"type":"Feature","geometry":{"type":"MultiPolygon","coordinates":[[[[10.483,46.588],[10.482,46.579],[10.473,46.582],[10.466,46.582],[10.456,46.587],[10.46,46.59],[10.463,46.588],[10.467,46.589],[10.476,46.586],[10.483,46.588]]],[[[10.464,46.542],[10.457,46.542],[10.455,46.545],[10.451,46.546],[10.452,46.549],[10.446,46.554],[10.452,46.557],[10.456,46.556],[10.458,46.552],[10.461,46.554],[10.471,46.555],[10.473,46.553],[10.471,46.551],[10.472,46.549],[10.47,46.549],[10.468,46.553],[10.465,46.551],[10.468,46.548],[10.468,46.544],[10.464,46.542]]],[[[9.825,46.591],[9.815,46.591],[9.823,46.596],[9.806,46.6],[9.808,46.603],[9.818,46.606],[9.819,46.607],[9.818,46.609],[9.824,46.608],[9.829,46.613],[9.828,46.614],[9.825,46.612],[9.82,46.618],[9.822,46.62],[9.828,46.619],[9.831,46.616],[9.833,46.616],[9.831,46.608],[9.837,46.607],[9.842,46.609],[9.847,46.608],[9.848,46.609],[9.847,46.611],[9.851,46.613],[9.861,46.612],[9.857,46.613],[9.849,46.62],[9.851,46.622],[9.858,46.623],[9.859,46.626],[9.862,46.628],[9.861,46.63],[9.844,46.636],[9.865,46.642],[9.872,46.646],[9.872,46.649],[9.869,46.652],[9.865,46.65],[9.862,46.655],[9.859,46.652],[9.847,46.654],[9.849,46.658],[9.853,46.657],[9.855,46.658],[9.852,46.66],[9.856,46.66],[9.858,46.662],[9.855,46.665],[9.86,46.667],[9.861,46.669],[9.859,46.671],[9.86,46.675],[9.856,46.678],[9.857,46.682],[9.862,46.685],[9.854,46.684],[9.852,46.685],[9.852,46.687],[9.855,46.689],[9.855,46.692],[9.851,46.69],[9.849,46.687],[9.849,46.683],[9.844,46.68],[9.841,46.682],[9.834,46.677],[9.827,46.676],[9.812,46.668],[9.813,46.665],[9.811,46.664],[9.807,46.665],[9.806,46.668],[9.819,46.681],[9.819,46.683],[9.814,46.688],[9.806,46.69],[9.803,46.693],[9.812,46.696],[9.821,46.692],[9.821,46.688],[9.825,46.69],[9.828,46.689],[9.835,46.691],[9.838,46.694],[9.84,46.694],[9.841,46.697],[9.848,46.699],[9.851,46.702],[9.855,46.7],[9.861,46.7],[9.864,46.695],[9.874,46.705],[9.881,46.697],[9.884,46.695],[9.888,46.695],[9.89,46.696],[9.89,46.7],[9.894,46.704],[9.889,46.709],[9.893,46.711],[9.881,46.715],[9.88,46.716],[9.882,46.718],[9.878,46.721],[9.878,46.723],[9.882,46.728],[9.887,46.731],[9.887,46.734],[9.892,46.737],[9.896,46.736],[9.897,46.733],[9.901,46.731],[9.901,46.729],[9.906,46.724],[9.915,46.72],[9.917,46.717],[9.915,46.715],[9.918,46.71],[9.915,46.708],[9.917,46.706],[9.92,46.709],[9.924,46.71],[9.939,46.71],[9.947,46.713],[9.95,46.717],[9.96,46.714],[9.963,46.716],[9.966,46.712],[9.98,46.718],[9.986,46.716],[9.99,46.72],[9.993,46.727],[9.997,46.728],[10.0,46.726],[10.004,46.727],[10.005,46.729],[9.999,46.731],[10.0,46.737],[10.012,46.735],[10.013,46.738],[10.009,46.74],[10.01,46.744],[10.014,46.74],[10.019,46.738],[10.016,46.735],[10.017,46.734],[10.02,46.737],[10.023,46.737],[10.023,46.741],[10.03,46.736],[10.037,46.737],[10.038,46.739],[10.036,46.741],[10.033,46.738],[10.03,46.738],[10.025,46.742],[10.027,46.742],[10.03,46.747],[10.037,46.746],[10.038,46.744],[10.043,46.742],[10.046,46.743],[10.05,46.742],[10.044,46.739],[10.046,46.732],[10.04,46.73],[10.029,46.73],[10.024,46.726],[10.026,46.721],[10.029,46.722],[10.033,46.717],[10.022,46.71],[10.027,46.708],[10.028,46.706],[10.038,46.71],[10.045,46.709],[10.048,46.712],[10.051,46.706],[10.059,46.71],[10.056,46.701],[10.047,46.697],[10.04,46.701],[10.042,46.703],[10.038,46.706],[10.04,46.703],[10.031,46.7],[10.032,46.694],[10.027,46.689],[10.022,46.688],[10.023,46.686],[10.021,46.684],[10.011,46.683],[10.008,46.685],[9.993,46.682],[10.004,46.673],[10.007,46.674],[10.014,46.668],[10.01,46.667],[10.004,46.67],[10.004,46.672],[10.0,46.672],[9.994,46.675],[9.991,46.674],[9.988,46.676],[9.978,46.676],[9.977,46.673],[9.982,46.666],[9.987,46.665],[9.993,46.657],[9.989,46.657],[9.98,46.659],[9.979,46.66],[9.981,46.662],[9.977,46.663],[9.974,46.661],[9.955,46.669],[9.948,46.668],[9.942,46.671],[9.938,46.671],[9.936,46.674],[9.946,46.678],[9.949,46.681],[9.939,46.682],[9.932,46.68],[9.923,46.681],[9.916,46.687],[9.913,46.679],[9.909,46.679],[9.889,46.672],[9.883,46.672],[9.88,46.674],[9.878,46.671],[9.88,46.669],[9.875,46.666],[9.876,46.664],[9.872,46.658],[9.872,46.655],[9.875,46.653],[9.883,46.662],[9.889,46.664],[9.902,46.665],[9.909,46.667],[9.915,46.671],[9.919,46.671],[9.918,46.662],[9.919,46.659],[9.907,46.654],[9.915,46.651],[9.921,46.653],[9.927,46.652],[9.928,46.65],[9.921,46.645],[9.914,46.644],[9.909,46.639],[9.911,46.637],[9.921,46.634],[9.917,46.627],[9.923,46.631],[9.925,46.629],[9.928,46.629],[9.926,46.632],[9.927,46.635],[9.93,46.635],[9.933,46.633],[9.938,46.634],[9.94,46.626],[9.937,46.625],[9.936,46.622],[9.922,46.62],[9.916,46.614],[9.91,46.622],[9.903,46.621],[9.897,46.617],[9.894,46.617],[9.888,46.614],[9.889,46.612],[9.887,46.611],[9.882,46.612],[9.885,46.614],[9.883,46.615],[9.881,46.615],[9.88,46.613],[9.874,46.613],[9.873,46.612],[9.874,46.611],[9.88,46.611],[9.879,46.608],[9.887,46.603],[9.867,46.601],[9.863,46.603],[9.86,46.601],[9.858,46.597],[9.856,46.597],[9.853,46.601],[9.848,46.597],[9.837,46.596],[9.834,46.597],[9.825,46.591]]],[[[9.95,46.717],[9.947,46.718],[9.945,46.719],[9.948,46.721],[9.942,46.723],[9.936,46.728],[9.935,46.73],[9.941,46.735],[9.938,46.737],[9.935,46.735],[9.931,46.735],[9.929,46.737],[9.934,46.742],[9.925,46.745],[9.922,46.748],[9.921,46.758],[9.916,46.76],[9.918,46.765],[9.92,46.766],[9.923,46.763],[9.923,46.766],[9.92,46.77],[9.918,46.769],[9.919,46.767],[9.916,46.765],[9.907,46.771],[9.905,46.774],[9.909,46.776],[9.904,46.778],[9.899,46.785],[9.901,46.786],[9.907,46.782],[9.914,46.782],[9.916,46.78],[9.913,46.778],[9.917,46.779],[9.925,46.776],[9.921,46.773],[9.927,46.769],[9.933,46.772],[9.936,46.769],[9.938,46.769],[9.939,46.766],[9.948,46.759],[9.952,46.764],[9.948,46.768],[9.948,46.775],[9.944,46.782],[9.941,46.784],[9.944,46.79],[9.936,46.796],[9.934,46.796],[9.927,46.803],[9.929,46.805],[9.928,46.807],[9.925,46.804],[9.909,46.815],[9.894,46.821],[9.896,46.823],[9.899,46.823],[9.903,46.821],[9.916,46.82],[9.92,46.823],[9.918,46.825],[9.917,46.832],[9.904,46.84],[9.899,46.841],[9.9,46.843],[9.907,46.843],[9.909,46.841],[9.92,46.841],[9.93,46.845],[9.94,46.846],[9.944,46.843],[9.945,46.84],[9.945,46.838],[9.942,46.836],[9.943,46.835],[9.95,46.831],[9.959,46.829],[9.963,46.824],[9.972,46.82],[9.971,46.817],[9.973,46.815],[9.971,46.814],[9.968,46.816],[9.964,46.811],[9.961,46.812],[9.958,46.809],[9.964,46.808],[9.964,46.81],[9.968,46.811],[9.971,46.808],[9.973,46.802],[9.972,46.799],[9.968,46.797],[9.972,46.793],[9.969,46.79],[9.971,46.79],[9.976,46.795],[9.975,46.797],[9.976,46.799],[9.98,46.803],[9.984,46.801],[9.984,46.804],[9.99,46.803],[9.994,46.805],[10.0,46.805],[10.003,46.803],[10.007,46.804],[10.01,46.802],[10.018,46.803],[10.011,46.81],[10.014,46.812],[10.007,46.812],[10.001,46.814],[10.004,46.817],[10.014,46.819],[10.012,46.823],[10.015,46.825],[10.007,46.826],[9.991,46.823],[9.986,46.828],[9.989,46.833],[9.985,46.833],[9.98,46.837],[9.979,46.84],[9.985,46.842],[9.978,46.846],[9.98,46.849],[9.983,46.851],[9.989,46.845],[9.996,46.851],[10.001,46.848],[9.999,46.846],[10.004,46.846],[10.0,46.85],[10.001,46.853],[10.004,46.853],[10.006,46.851],[10.012,46.854],[10.016,46.848],[10.015,46.846],[10.019,46.847],[10.022,46.844],[10.028,46.844],[10.042,46.848],[10.048,46.852],[10.032,46.853],[10.032,46.855],[10.036,46.856],[10.036,46.858],[10.032,46.86],[10.03,46.863],[10.029,46.866],[10.032,46.872],[10.03,46.875],[10.02,46.873],[10.011,46.877],[10.011,46.879],[10.015,46.882],[10.027,46.886],[10.024,46.888],[10.014,46.887],[10.011,46.889],[10.007,46.885],[10.004,46.886],[10.001,46.881],[9.997,46.878],[9.999,46.875],[9.99,46.872],[9.984,46.874],[9.977,46.873],[9.974,46.874],[9.969,46.878],[9.968,46.881],[9.964,46.877],[9.961,46.881],[9.958,46.878],[9.957,46.881],[9.951,46.882],[9.945,46.886],[9.935,46.882],[9.932,46.884],[9.922,46.885],[9.918,46.888],[9.918,46.891],[9.916,46.893],[9.919,46.898],[9.923,46.898],[9.926,46.895],[9.932,46.896],[9.936,46.894],[9.934,46.897],[9.946,46.896],[9.948,46.892],[9.95,46.892],[9.95,46.894],[9.947,46.897],[9.952,46.898],[9.959,46.898],[9.965,46.896],[9.975,46.89],[9.981,46.89],[9.985,46.893],[9.985,46.896],[9.978,46.896],[9.974,46.903],[9.969,46.907],[9.965,46.907],[9.967,46.91],[9.966,46.912],[9.963,46.911],[9.959,46.913],[9.956,46.911],[9.954,46.912],[9.954,46.914],[9.956,46.915],[9.969,46.914],[9.989,46.904],[9.992,46.904],[9.995,46.901],[10.005,46.898],[10.008,46.9],[10.021,46.901],[10.026,46.897],[10.027,46.894],[10.03,46.893],[10.043,46.881],[10.047,46.882],[10.051,46.879],[10.052,46.866],[10.056,46.864],[10.072,46.864],[10.088,46.861],[10.09,46.86],[10.09,46.857],[10.093,46.855],[10.093,46.853],[10.097,46.85],[10.097,46.848],[10.107,46.842],[10.111,46.846],[10.12,46.849],[10.14,46.848],[10.147,46.853],[10.153,46.853],[10.156,46.851],[10.163,46.85],[10.174,46.858],[10.18,46.859],[10.194,46.868],[10.21,46.867],[10.213,46.87],[10.23,46.869],[10.231,46.877],[10.238,46.879],[10.238,46.885],[10.234,46.886],[10.229,46.89],[10.229,46.895],[10.226,46.897],[10.233,46.901],[10.235,46.905],[10.24,46.906],[10.242,46.93],[10.254,46.93],[10.256,46.927],[10.258,46.93],[10.263,46.93],[10.275,46.926],[10.282,46.926],[10.285,46.924],[10.296,46.924],[10.298,46.926],[10.311,46.925],[10.313,46.926],[10.313,46.929],[10.318,46.929],[10.32,46.931],[10.32,46.935],[10.322,46.937],[10.327,46.935],[10.328,46.932],[10.332,46.938],[10.335,46.937],[10.333,46.935],[10.334,46.923],[10.337,46.919],[10.341,46.925],[10.348,46.924],[10.348,46.921],[10.346,46.919],[10.347,46.913],[10.36,46.915],[10.371,46.911],[10.371,46.914],[10.368,46.916],[10.368,46.918],[10.374,46.922],[10.376,46.927],[10.375,46.929],[10.379,46.931],[10.378,46.934],[10.381,46.935],[10.387,46.931],[10.383,46.927],[10.378,46.916],[10.379,46.913],[10.383,46.913],[10.386,46.91],[10.39,46.914],[10.399,46.915],[10.396,46.917],[10.397,46.922],[10.4,46.924],[10.403,46.92],[10.408,46.919],[10.406,46.922],[10.408,46.924],[10.409,46.933],[10.411,46.935],[10.413,46.926],[10.417,46.929],[10.42,46.926],[10.424,46.934],[10.434,46.932],[10.443,46.935],[10.45,46.932],[10.45,46.929],[10.44,46.928],[10.436,46.929],[10.429,46.921],[10.421,46.919],[10.415,46.91],[10.415,46.908],[10.419,46.906],[10.419,46.903],[10.412,46.904],[10.406,46.907],[10.405,46.906],[10.407,46.904],[10.407,46.901],[10.399,46.898],[10.397,46.899],[10.396,46.902],[10.392,46.891],[10.379,46.892],[10.374,46.886],[10.376,46.882],[10.372,46.88],[10.368,46.872],[10.367,46.878],[10.37,46.88],[10.365,46.883],[10.358,46.884],[10.356,46.887],[10.356,46.889],[10.363,46.893],[10.364,46.896],[10.356,46.901],[10.343,46.904],[10.336,46.902],[10.327,46.908],[10.317,46.907],[10.312,46.908],[10.312,46.913],[10.317,46.914],[10.321,46.913],[10.321,46.921],[10.308,46.923],[10.301,46.922],[10.298,46.913],[10.291,46.914],[10.287,46.911],[10.287,46.907],[10.28,46.902],[10.281,46.901],[10.284,46.903],[10.287,46.902],[10.294,46.904],[10.297,46.903],[10.3,46.9],[10.301,46.893],[10.296,46.889],[10.29,46.891],[10.287,46.889],[10.28,46.889],[10.281,46.884],[10.28,46.882],[10.272,46.876],[10.27,46.871],[10.276,46.87],[10.277,46.866],[10.272,46.865],[10.269,46.862],[10.272,46.86],[10.282,46.862],[10.285,46.864],[10.289,46.862],[10.291,46.859],[10.295,46.858],[10.297,46.859],[10.295,46.864],[10.298,46.866],[10.301,46.861],[10.305,46.86],[10.3,46.855],[10.304,46.85],[10.301,46.849],[10.294,46.851],[10.284,46.851],[10.284,46.845],[10.287,46.844],[10.287,46.841],[10.281,46.841],[10.277,46.838],[10.273,46.839],[10.273,46.842],[10.271,46.842],[10.265,46.837],[10.258,46.839],[10.255,46.838],[10.252,46.836],[10.255,46.833],[10.251,46.829],[10.245,46.831],[10.25,46.836],[10.249,46.838],[10.251,46.842],[10.243,46.833],[10.245,46.829],[10.241,46.827],[10.244,46.826],[10.247,46.822],[10.244,46.821],[10.237,46.822],[10.237,46.827],[10.232,46.825],[10.231,46.822],[10.218,46.829],[10.216,46.832],[10.219,46.834],[10.215,46.836],[10.212,46.842],[10.208,46.843],[10.211,46.848],[10.219,46.849],[10.229,46.857],[10.234,46.858],[10.233,46.861],[10.229,46.863],[10.224,46.856],[10.212,46.854],[10.206,46.851],[10.199,46.856],[10.198,46.853],[10.2,46.848],[10.19,46.839],[10.182,46.838],[10.18,46.84],[10.169,46.84],[10.172,46.834],[10.175,46.835],[10.179,46.831],[10.192,46.83],[10.193,46.828],[10.188,46.825],[10.184,46.819],[10.18,46.819],[10.18,46.813],[10.182,46.808],[10.177,46.81],[10.173,46.808],[10.174,46.813],[10.17,46.813],[10.169,46.808],[10.164,46.806],[10.162,46.813],[10.157,46.815],[10.156,46.82],[10.152,46.824],[10.141,46.827],[10.136,46.83],[10.132,46.828],[10.126,46.833],[10.123,46.832],[10.128,46.825],[10.126,46.821],[10.129,46.811],[10.132,46.81],[10.132,46.805],[10.127,46.805],[10.121,46.794],[10.116,46.794],[10.114,46.792],[10.111,46.793],[10.106,46.799],[10.102,46.8],[10.1,46.803],[10.101,46.805],[10.094,46.812],[10.094,46.817],[10.098,46.819],[10.096,46.821],[10.092,46.821],[10.086,46.816],[10.084,46.817],[10.083,46.822],[10.08,46.826],[10.079,46.819],[10.082,46.815],[10.078,46.81],[10.08,46.808],[10.08,46.792],[10.084,46.788],[10.081,46.785],[10.075,46.784],[10.059,46.788],[10.058,46.79],[10.053,46.786],[10.053,46.784],[10.058,46.778],[10.062,46.777],[10.06,46.773],[10.066,46.77],[10.057,46.769],[10.049,46.766],[10.034,46.768],[10.025,46.774],[10.015,46.776],[10.008,46.781],[9.999,46.782],[9.998,46.778],[10.015,46.765],[10.013,46.762],[9.998,46.762],[9.995,46.758],[9.985,46.752],[9.981,46.752],[9.975,46.757],[9.969,46.759],[9.971,46.757],[9.967,46.752],[9.962,46.751],[9.955,46.752],[9.95,46.75],[9.951,46.748],[9.959,46.746],[9.961,46.743],[9.965,46.742],[9.971,46.744],[9.978,46.743],[9.98,46.741],[9.978,46.736],[9.978,46.729],[9.96,46.714],[9.957,46.716],[9.955,46.721],[9.953,46.721],[9.95,46.717]],[[9.926,46.752],[9.922,46.751],[9.928,46.751],[9.926,46.752]]],[[[10.184,46.819],[10.185,46.817],[10.181,46.817],[10.184,46.819]]],[[[10.45,46.932],[10.454,46.932],[10.453,46.931],[10.45,46.932]]],[[[10.322,46.937],[10.319,46.939],[10.315,46.938],[10.307,46.94],[10.308,46.949],[10.313,46.952],[10.319,46.952],[10.326,46.956],[10.335,46.957],[10.335,46.977],[10.339,46.98],[10.339,46.982],[10.349,46.984],[10.349,46.988],[10.353,46.991],[10.374,46.991],[10.376,46.992],[10.376,46.997],[10.381,47.0],[10.391,47.0],[10.398,46.996],[10.397,46.993],[10.401,46.994],[10.403,46.989],[10.397,46.984],[10.391,46.987],[10.391,46.99],[10.387,46.988],[10.384,46.989],[10.381,46.985],[10.37,46.983],[10.368,46.981],[10.37,46.979],[10.382,46.976],[10.38,46.973],[10.376,46.971],[10.37,46.972],[10.366,46.971],[10.36,46.974],[10.357,46.973],[10.354,46.966],[10.348,46.964],[10.353,46.961],[10.351,46.957],[10.339,46.951],[10.332,46.949],[10.326,46.95],[10.316,46.946],[10.324,46.942],[10.322,46.937]]],[[[10.428,46.784],[10.419,46.793],[10.426,46.799],[10.431,46.799],[10.43,46.802],[10.433,46.806],[10.439,46.805],[10.446,46.807],[10.446,46.803],[10.427,46.791],[10.43,46.788],[10.428,46.784]]],[[[10.442,46.754],[10.426,46.752],[10.42,46.766],[10.424,46.767],[10.427,46.765],[10.434,46.765],[10.435,46.766],[10.431,46.768],[10.428,46.772],[10.424,46.773],[10.434,46.773],[10.436,46.775],[10.435,46.777],[10.438,46.778],[10.438,46.775],[10.443,46.77],[10.441,46.765],[10.442,46.754]]],[[[10.374,46.561],[10.377,46.56],[10.369,46.56],[10.367,46.563],[10.371,46.565],[10.374,46.561]]],[[[10.377,46.56],[10.38,46.562],[10.389,46.557],[10.396,46.558],[10.398,46.56],[10.397,46.562],[10.4,46.564],[10.407,46.565],[10.413,46.571],[10.417,46.571],[10.422,46.568],[10.415,46.564],[10.415,46.559],[10.419,46.557],[10.426,46.557],[10.425,46.554],[10.431,46.552],[10.432,46.55],[10.422,46.549],[10.419,46.552],[10.412,46.552],[10.406,46.549],[10.386,46.55],[10.378,46.553],[10.379,46.558],[10.377,46.56]]],[[[10.343,46.77],[10.34577777777777,46.77194444444444],[10.342,46.771],[10.338,46.775],[10.338,46.777],[10.343,46.778],[10.346,46.775],[10.346,46.7721],[10.353,46.777],[10.355,46.774],[10.359,46.772],[10.357,46.768],[10.362,46.765],[10.385,46.764],[10.392,46.769],[10.392,46.772],[10.405,46.769],[10.408,46.762],[10.4,46.76],[10.398,46.758],[10.401,46.754],[10.399,46.749],[10.401,46.748],[10.402,46.751],[10.404,46.751],[10.407,46.754],[10.415,46.744],[10.401,46.735],[10.417,46.723],[10.417,46.717],[10.414,46.714],[10.413,46.71],[10.408,46.707],[10.398,46.706],[10.397,46.701],[10.396,46.704],[10.393,46.706],[10.385,46.709],[10.382,46.708],[10.361,46.72],[10.362,46.725],[10.366,46.722],[10.382,46.724],[10.392,46.722],[10.405,46.722],[10.406,46.727],[10.399,46.731],[10.396,46.73],[10.394,46.731],[10.395,46.733],[10.383,46.735],[10.38,46.734],[10.375,46.736],[10.374,46.743],[10.37,46.743],[10.368,46.745],[10.361,46.747],[10.341,46.743],[10.338,46.74],[10.331,46.742],[10.329,46.744],[10.335,46.746],[10.338,46.745],[10.339,46.75],[10.336,46.755],[10.323,46.764],[10.326,46.765],[10.334,46.761],[10.336,46.761],[10.336,46.765],[10.345,46.763],[10.343,46.77]]],[[[10.41,46.636],[10.394,46.634],[10.39,46.636],[10.394,46.639],[10.381,46.636],[10.376,46.639],[10.384,46.648],[10.388,46.646],[10.391,46.647],[10.39,46.654],[10.392,46.655],[10.396,46.652],[10.395,46.65],[10.392,46.65],[10.392,46.647],[10.398,46.646],[10.399,46.641],[10.401,46.639],[10.41,46.636]]],[[[10.385,46.659],[10.382,46.657],[10.377,46.659],[10.381,46.666],[10.373,46.665],[10.366,46.67],[10.365,46.673],[10.367,46.674],[10.368,46.677],[10.383,46.678],[10.387,46.677],[10.387,46.675],[10.39,46.674],[10.39,46.665],[10.394,46.663],[10.392,46.66],[10.385,46.659]]],[[[10.366,46.585],[10.349,46.583],[10.346,46.585],[10.342,46.585],[10.336,46.588],[10.32,46.592],[10.317,46.595],[10.315,46.595],[10.317,46.598],[10.32,46.598],[10.322,46.6],[10.322,46.602],[10.319,46.604],[10.324,46.605],[10.332,46.602],[10.332,46.597],[10.339,46.592],[10.356,46.589],[10.366,46.585]]],[[[10.288914285714286,46.57048571428572],[10.286,46.57],[10.27,46.578],[10.267,46.578],[10.266,46.581],[10.272,46.583],[10.274,46.586],[10.277,46.582],[10.283,46.583],[10.285,46.587],[10.282,46.589],[10.284,46.591],[10.288,46.589],[10.29,46.584],[10.293,46.584],[10.295,46.582],[10.292,46.576],[10.293,46.575],[10.299,46.573],[10.303,46.575],[10.305,46.573],[10.302,46.569],[10.303,46.564],[10.301,46.562],[10.302,46.56],[10.315,46.563],[10.322,46.571],[10.326,46.568],[10.324,46.566],[10.325,46.564],[10.331,46.559],[10.334,46.566],[10.338,46.567],[10.351,46.564],[10.358,46.565],[10.364,46.561],[10.354,46.56],[10.352,46.556],[10.342,46.547],[10.342,46.545],[10.337,46.544],[10.331,46.549],[10.324,46.552],[10.314,46.549],[10.298,46.55],[10.296,46.551],[10.297,46.555],[10.294,46.558],[10.294,46.56],[10.288,46.565],[10.288914285714286,46.57048571428572]]],[[[10.332,46.662],[10.327,46.658],[10.324,46.663],[10.323,46.66],[10.317,46.659],[10.31,46.661],[10.307,46.66],[10.306,46.661],[10.307,46.663],[10.296,46.663],[10.301,46.672],[10.302,46.678],[10.295,46.678],[10.289,46.682],[10.285,46.681],[10.282,46.685],[10.274,46.68],[10.273,46.677],[10.276,46.673],[10.273,46.671],[10.272,46.667],[10.263,46.673],[10.261,46.68],[10.259,46.682],[10.253,46.684],[10.246,46.689],[10.241,46.69],[10.247,46.694],[10.255,46.691],[10.26,46.695],[10.268,46.696],[10.264,46.698],[10.264,46.7],[10.273,46.7],[10.277,46.698],[10.279,46.692],[10.293,46.694],[10.295,46.688],[10.292,46.686],[10.299,46.688],[10.308,46.683],[10.318,46.682],[10.329,46.687],[10.326,46.69],[10.327,46.692],[10.323,46.696],[10.327,46.699],[10.327,46.701],[10.333,46.701],[10.335,46.698],[10.33,46.696],[10.33,46.694],[10.341,46.692],[10.344,46.689],[10.344,46.687],[10.333,46.685],[10.332,46.681],[10.327,46.676],[10.324,46.675],[10.321,46.671],[10.318,46.673],[10.317,46.67],[10.313,46.667],[10.314,46.666],[10.317,46.669],[10.321,46.669],[10.332,46.662]]],[[[10.318,46.607],[10.301,46.606],[10.293,46.609],[10.301,46.613],[10.308,46.614],[10.316,46.611],[10.318,46.607]]],[[[10.292,46.621],[10.289,46.619],[10.285,46.619],[10.281,46.621],[10.275,46.628],[10.283,46.628],[10.285,46.625],[10.287,46.625],[10.288,46.628],[10.291,46.628],[10.292,46.621]]],[[[10.262,46.725],[10.255,46.727],[10.258,46.73],[10.262,46.73],[10.263,46.734],[10.256,46.736],[10.253,46.739],[10.256,46.743],[10.262,46.741],[10.265,46.738],[10.266,46.741],[10.264,46.745],[10.266,46.747],[10.269,46.747],[10.272,46.741],[10.27,46.736],[10.267,46.734],[10.266,46.729],[10.262,46.725]]],[[[10.217,46.683],[10.214,46.683],[10.213,46.688],[10.217,46.695],[10.211,46.692],[10.208,46.697],[10.198,46.698],[10.191,46.694],[10.185,46.7],[10.182,46.699],[10.169,46.702],[10.165,46.703],[10.164,46.705],[10.166,46.707],[10.176,46.708],[10.181,46.711],[10.182,46.714],[10.189,46.714],[10.192,46.707],[10.195,46.71],[10.208,46.71],[10.212,46.713],[10.206,46.715],[10.207,46.717],[10.204,46.72],[10.203,46.724],[10.206,46.726],[10.21,46.726],[10.216,46.73],[10.219,46.728],[10.216,46.724],[10.22,46.722],[10.219,46.721],[10.211,46.719],[10.213,46.717],[10.228,46.712],[10.225,46.708],[10.219,46.708],[10.221222222222222,46.70444444444445],[10.222,46.706],[10.225,46.707],[10.226,46.706],[10.224,46.703],[10.221631578947369,46.70378947368421],[10.224,46.7],[10.234,46.698],[10.238,46.699],[10.242,46.696],[10.237,46.69],[10.23,46.691],[10.227,46.686],[10.221,46.686],[10.217,46.683]]],[[[10.219,46.728],[10.222,46.729],[10.223,46.728],[10.219,46.728]]],[[[10.143,46.717],[10.137,46.714],[10.13,46.718],[10.125,46.719],[10.114,46.727],[10.125,46.737],[10.128,46.736],[10.131,46.738],[10.134,46.735],[10.138,46.735],[10.141,46.737],[10.143,46.735],[10.139,46.732],[10.145,46.732],[10.147,46.735],[10.155,46.737],[10.164,46.735],[10.171,46.736],[10.174,46.739],[10.176,46.738],[10.176,46.734],[10.168,46.73],[10.167,46.728],[10.16,46.727],[10.17,46.724],[10.172,46.72],[10.18,46.722],[10.182,46.72],[10.179,46.715],[10.169,46.716],[10.154,46.721],[10.158,46.723],[10.159,46.725],[10.157,46.726],[10.147,46.716],[10.143,46.717]]],[[[10.153,46.397],[10.151,46.401],[10.156,46.404],[10.152,46.406],[10.161,46.406],[10.161,46.394],[10.149,46.395],[10.153,46.397]]],[[[10.1,46.603],[10.098,46.601],[10.096,46.603],[10.098,46.605],[10.096,46.607],[10.092,46.611],[10.087,46.612],[10.094,46.614],[10.109,46.626],[10.113,46.623],[10.112,46.621],[10.115,46.616],[10.115,46.613],[10.125,46.619],[10.131,46.616],[10.13,46.613],[10.133,46.613],[10.134,46.616],[10.131,46.618],[10.131,46.62],[10.135,46.623],[10.138,46.617],[10.142,46.619],[10.151,46.62],[10.151,46.617],[10.141,46.61],[10.138,46.611],[10.128,46.608],[10.122,46.609],[10.118,46.608],[10.115,46.611],[10.102,46.611],[10.1,46.61],[10.1,46.603]]],[[[10.129,46.379],[10.126,46.378],[10.122,46.382],[10.127,46.382],[10.13,46.385],[10.14,46.387],[10.14,46.389],[10.138,46.39],[10.14,46.395],[10.147,46.394],[10.148,46.388],[10.146,46.386],[10.143,46.385],[10.137,46.386],[10.13,46.382],[10.129,46.379]]],[[[10.114,46.42],[10.106,46.419],[10.099,46.421],[10.098,46.423],[10.106,46.428],[10.116,46.428],[10.118,46.427],[10.118,46.425],[10.114,46.42]]],[[[10.095,46.628],[10.093,46.624],[10.077,46.629],[10.07,46.627],[10.067,46.628],[10.073,46.633],[10.08,46.632],[10.084,46.633],[10.087,46.629],[10.09,46.629],[10.093,46.634],[10.097,46.636],[10.1,46.634],[10.098,46.63],[10.095,46.628]]],[[[10.088,46.412],[10.084,46.412],[10.078,46.419],[10.07,46.421],[10.062,46.428],[10.077,46.429],[10.082,46.426],[10.081,46.423],[10.089,46.421],[10.084,46.419],[10.088,46.416],[10.088,46.412]]],[[[10.081,46.574],[10.075,46.576],[10.073,46.579],[10.074,46.582],[10.081,46.584],[10.088,46.583],[10.088,46.581],[10.081,46.574]]],[[[10.049,46.53],[10.043,46.53],[10.044,46.534],[10.039,46.541],[10.039,46.544],[10.041,46.546],[10.037,46.55],[10.031,46.549],[10.018,46.555],[10.014,46.553],[10.002,46.558],[9.998,46.558],[9.995,46.562],[9.989,46.562],[9.978,46.57],[9.983,46.571],[9.996,46.568],[9.998,46.567],[9.997,46.565],[9.999,46.563],[10.006,46.565],[10.013,46.562],[10.015,46.564],[10.025,46.557],[10.044,46.559],[10.048,46.555],[10.044,46.552],[10.047,46.55],[10.05,46.553],[10.054,46.554],[10.057,46.553],[10.063,46.554],[10.063,46.551],[10.047,46.543],[10.047,46.534],[10.049,46.53]]],[[[10.063,46.554],[10.063,46.556],[10.067,46.558],[10.067,46.554],[10.063,46.554]]],[[[9.935,46.528],[9.918,46.537],[9.919,46.538],[9.926,46.536],[9.929,46.538],[9.932,46.534],[9.939,46.535],[9.942,46.537],[9.945,46.536],[9.948,46.538],[9.949,46.534],[9.945,46.532],[9.951,46.528],[9.961,46.529],[9.965,46.527],[9.966,46.523],[9.962,46.521],[9.961,46.517],[9.957,46.517],[9.952,46.514],[9.954,46.509],[9.95,46.508],[9.946,46.51],[9.946,46.507],[9.943,46.505],[9.947,46.507],[9.952,46.505],[9.952,46.503],[9.949,46.501],[9.95,46.498],[9.953,46.502],[9.963,46.5],[9.967,46.496],[9.965,46.493],[9.969,46.491],[9.967,46.487],[9.969,46.486],[9.972,46.489],[9.982,46.489],[9.982,46.496],[9.986,46.495],[9.989,46.491],[9.991,46.493],[9.995,46.493],[9.996,46.488],[9.993,46.486],[10.002,46.486],[10.005,46.488],[10.004,46.499],[10.005,46.502],[10.009,46.501],[10.012,46.498],[10.015,46.5],[10.019,46.497],[10.018,46.492],[10.015,46.493],[10.015,46.492],[10.018,46.49],[10.017,46.488],[10.019,46.485],[10.031,46.482],[10.037,46.483],[10.037,46.486],[10.032,46.487],[10.033,46.49],[10.036,46.492],[10.034,46.496],[10.034,46.501],[10.037,46.503],[10.037,46.51],[10.03,46.512],[10.025,46.517],[10.029,46.522],[10.033,46.523],[10.039,46.521],[10.049,46.523],[10.05,46.516],[10.046,46.514],[10.042,46.507],[10.042,46.503],[10.046,46.501],[10.045,46.487],[10.043,46.483],[10.045,46.478],[10.048,46.476],[10.046,46.472],[10.04,46.476],[10.03,46.475],[10.015,46.477],[10.004,46.474],[9.998,46.475],[9.991,46.474],[9.988,46.47],[9.981,46.472],[9.975,46.464],[9.968,46.463],[9.965,46.465],[9.961,46.465],[9.96,46.467],[9.951,46.471],[9.949,46.474],[9.955,46.475],[9.957,46.478],[9.955,46.485],[9.957,46.487],[9.95,46.49],[9.946,46.49],[9.943,46.496],[9.927,46.501],[9.931,46.508],[9.941,46.51],[9.943,46.514],[9.942,46.516],[9.944,46.518],[9.948,46.518],[9.951,46.521],[9.948,46.519],[9.945,46.521],[9.947,46.523],[9.935,46.528]],[[9.951,46.521],[9.954,46.52],[9.953,46.523],[9.948,46.523],[9.951,46.521]]],[[[10.044,46.442],[10.038,46.442],[10.029,46.448],[10.012,46.45],[10.012,46.452],[10.01,46.453],[10.003,46.451],[9.998,46.452],[10.003,46.456],[10.007,46.456],[10.005,46.459],[10.007,46.46],[10.02,46.463],[10.023,46.466],[10.03,46.467],[10.042,46.462],[10.046,46.462],[10.047,46.458],[10.044,46.456],[10.044,46.453],[10.04,46.451],[10.04,46.447],[10.044,46.444],[10.044,46.442]]],[[[10.038,46.422],[10.027,46.417],[10.025,46.42],[10.027,46.429],[10.022,46.43],[10.014,46.427],[10.011,46.429],[10.012,46.432],[10.01,46.436],[10.015,46.439],[10.022,46.439],[10.031,46.436],[10.034,46.433],[10.031,46.431],[10.035,46.424],[10.038,46.422]]],[[[10.02,46.524],[10.013,46.529],[10.01,46.534],[10.017,46.535],[10.019,46.533],[10.018,46.531],[10.023,46.53],[10.025,46.528],[10.025,46.526],[10.02,46.524]]],[[[9.65,46.291],[9.642,46.287],[9.625,46.287],[9.623,46.289],[9.624,46.296],[9.622,46.297],[9.616,46.296],[9.577,46.298],[9.574,46.297],[9.571,46.299],[9.577,46.306],[9.584,46.31],[9.587,46.303],[9.59,46.306],[9.597,46.303],[9.6,46.305],[9.603,46.304],[9.611,46.307],[9.607,46.31],[9.61,46.31],[9.611,46.312],[9.621,46.316],[9.617,46.317],[9.618,46.321],[9.613,46.328],[9.62,46.33],[9.627,46.329],[9.63,46.332],[9.629,46.334],[9.637,46.335],[9.639,46.334],[9.636,46.332],[9.636,46.329],[9.644,46.327],[9.641,46.322],[9.642,46.313],[9.647,46.318],[9.653,46.319],[9.654,46.324],[9.656,46.326],[9.669,46.328],[9.67,46.331],[9.662,46.333],[9.663,46.339],[9.672,46.344],[9.672,46.347],[9.674,46.349],[9.672,46.353],[9.68,46.353],[9.684,46.355],[9.682,46.362],[9.684,46.364],[9.688,46.364],[9.689,46.367],[9.684,46.371],[9.694,46.372],[9.7,46.366],[9.697,46.364],[9.697,46.362],[9.693,46.362],[9.694,46.357],[9.692,46.353],[9.689,46.351],[9.693,46.351],[9.694,46.348],[9.693,46.346],[9.688,46.344],[9.689,46.342],[9.693,46.343],[9.694,46.342],[9.693,46.33],[9.695,46.327],[9.699,46.335],[9.702,46.337],[9.7,46.346],[9.706,46.352],[9.709,46.353],[9.709,46.356],[9.713,46.357],[9.716,46.362],[9.726,46.355],[9.728,46.357],[9.726,46.361],[9.726,46.37],[9.729,46.37],[9.726,46.372],[9.724,46.377],[9.728,46.382],[9.723,46.386],[9.722,46.391],[9.719,46.395],[9.724,46.397],[9.734,46.395],[9.74,46.391],[9.743,46.392],[9.745,46.386],[9.749,46.381],[9.747,46.372],[9.748,46.365],[9.755,46.361],[9.758,46.365],[9.762,46.366],[9.765,46.372],[9.764,46.376],[9.766,46.383],[9.763,46.39],[9.766,46.391],[9.77,46.387],[9.771,46.385],[9.77,46.383],[9.772,46.381],[9.779,46.381],[9.779,46.378],[9.785,46.374],[9.791,46.364],[9.794,46.366],[9.798,46.366],[9.801,46.368],[9.802,46.373],[9.797,46.382],[9.798,46.389],[9.796,46.394],[9.792,46.398],[9.793,46.401],[9.796,46.4],[9.795,46.409],[9.784,46.416],[9.783,46.419],[9.786,46.421],[9.791,46.421],[9.794,46.427],[9.8,46.425],[9.805,46.427],[9.806,46.432],[9.81,46.434],[9.82,46.433],[9.82,46.438],[9.824,46.44],[9.827,46.44],[9.83,46.436],[9.836,46.434],[9.84,46.437],[9.844,46.429],[9.835,46.415],[9.838,46.413],[9.842,46.413],[9.843,46.411],[9.838,46.406],[9.839,46.404],[9.832,46.4],[9.834,46.392],[9.838,46.391],[9.841,46.387],[9.844,46.39],[9.85,46.39],[9.852,46.399],[9.861,46.405],[9.871,46.402],[9.884,46.404],[9.89,46.402],[9.891,46.403],[9.887,46.404],[9.884,46.41],[9.881,46.412],[9.884,46.414],[9.878,46.417],[9.875,46.421],[9.887,46.425],[9.882,46.428],[9.885,46.43],[9.879,46.43],[9.882,46.432],[9.885,46.434],[9.889,46.434],[9.886,46.437],[9.887,46.439],[9.892,46.443],[9.898,46.445],[9.897,46.448],[9.899,46.449],[9.905,46.449],[9.908,46.447],[9.904,46.445],[9.909,46.441],[9.908,46.439],[9.905,46.437],[9.902,46.438],[9.9,46.434],[9.91,46.429],[9.91,46.423],[9.907,46.42],[9.911,46.423],[9.913,46.42],[9.911,46.416],[9.918,46.411],[9.912,46.405],[9.916,46.402],[9.914,46.4],[9.916,46.398],[9.92,46.4],[9.926,46.407],[9.931,46.406],[9.939,46.41],[9.943,46.409],[9.959,46.411],[9.963,46.41],[9.961,46.413],[9.956,46.415],[9.949,46.424],[9.952,46.426],[9.951,46.431],[9.954,46.435],[9.953,46.442],[9.954,46.444],[9.961,46.44],[9.959,46.433],[9.966,46.426],[9.969,46.428],[9.973,46.428],[9.976,46.431],[9.977,46.43],[9.976,46.427],[9.973,46.426],[9.976,46.425],[9.976,46.423],[9.979,46.421],[9.974,46.417],[9.974,46.412],[9.978,46.408],[9.988,46.415],[9.992,46.416],[9.995,46.414],[9.996,46.412],[9.995,46.409],[9.99,46.405],[9.987,46.401],[9.988,46.4],[9.991,46.403],[9.997,46.402],[10.001,46.404],[10.007,46.404],[10.01,46.4],[10.014,46.402],[10.017,46.401],[10.022,46.393],[10.02,46.39],[10.013,46.391],[10.008,46.389],[10.007,46.387],[10.003,46.387],[10.0,46.39],[9.993,46.385],[9.992,46.38],[9.99,46.38],[9.983,46.374],[9.991,46.369],[9.996,46.368],[9.999,46.37],[10.002,46.365],[10.008,46.366],[10.009,46.369],[10.01,46.366],[10.015,46.367],[10.019,46.359],[10.008,46.356],[10.005,46.357],[9.999,46.353],[10.001,46.349],[9.998,46.347],[9.995,46.34],[9.996,46.338],[9.994,46.337],[9.991,46.337],[9.991,46.34],[9.994,46.342],[9.994,46.351],[9.992,46.353],[9.982,46.354],[9.977,46.358],[9.976,46.361],[9.97,46.361],[9.964,46.365],[9.964,46.38],[9.948,46.38],[9.941,46.378],[9.928,46.369],[9.924,46.369],[9.922,46.371],[9.913,46.373],[9.912,46.376],[9.905,46.381],[9.902,46.381],[9.896,46.377],[9.892,46.377],[9.886,46.372],[9.881,46.372],[9.872,46.363],[9.846,46.364],[9.843,46.362],[9.833,46.362],[9.829,46.359],[9.829,46.357],[9.823,46.353],[9.812,46.351],[9.809,46.348],[9.8,46.345],[9.793,46.345],[9.79,46.342],[9.786,46.342],[9.78,46.338],[9.776,46.338],[9.773,46.336],[9.767,46.336],[9.754,46.346],[9.751,46.346],[9.746,46.35],[9.742,46.351],[9.738,46.351],[9.732,46.348],[9.719,46.349],[9.717,46.339],[9.716,46.296],[9.687,46.295],[9.681,46.3],[9.675,46.302],[9.676,46.304],[9.665,46.305],[9.663,46.297],[9.652,46.296],[9.65,46.291]]],[[[10.001,46.385],[9.997,46.387],[10.001,46.387],[10.001,46.385]]],[[[9.94,46.512],[9.937,46.51],[9.921,46.519],[9.925,46.52],[9.928,46.517],[9.938,46.515],[9.94,46.512]]],[[[9.909,46.452],[9.909,46.448],[9.905,46.452],[9.902,46.451],[9.897,46.454],[9.902,46.459],[9.906,46.458],[9.909,46.461],[9.915,46.454],[9.912,46.454],[9.909,46.452]]],[[[9.915,46.454],[9.922,46.454],[9.918,46.451],[9.915,46.454]]],[[[9.872,46.918],[9.855,46.929],[9.852,46.926],[9.849,46.93],[9.842,46.933],[9.839,46.932],[9.834,46.935],[9.836,46.937],[9.848,46.941],[9.848,46.944],[9.846,46.946],[9.849,46.951],[9.853,46.951],[9.855,46.948],[9.866,46.945],[9.874,46.945],[9.874,46.948],[9.876,46.95],[9.876,46.948],[9.881,46.943],[9.88,46.936],[9.885,46.935],[9.888,46.932],[9.896,46.931],[9.885,46.928],[9.877,46.93],[9.878,46.927],[9.883,46.925],[9.873,46.921],[9.872,46.918]]],[[[9.878,46.738],[9.869,46.738],[9.869,46.741],[9.865,46.743],[9.873,46.747],[9.88,46.747],[9.883,46.745],[9.878,46.738]]],[[[9.847,46.453],[9.843,46.447],[9.841,46.449],[9.842,46.451],[9.841,46.453],[9.836,46.458],[9.838,46.46],[9.838,46.465],[9.847,46.467],[9.844,46.472],[9.848,46.471],[9.854,46.473],[9.855,46.471],[9.864,46.468],[9.864,46.464],[9.86,46.464],[9.858,46.458],[9.853,46.455],[9.853,46.452],[9.85,46.451],[9.847,46.453]]],[[[9.774,46.482],[9.764,46.482],[9.767,46.489],[9.764,46.49],[9.757,46.489],[9.754,46.487],[9.747,46.489],[9.746,46.485],[9.744,46.484],[9.738,46.49],[9.728,46.482],[9.718,46.486],[9.717,46.49],[9.712,46.494],[9.705,46.49],[9.702,46.486],[9.702,46.482],[9.7,46.483],[9.699,46.486],[9.695,46.488],[9.689,46.488],[9.686,46.486],[9.682,46.487],[9.675,46.486],[9.67,46.493],[9.686,46.496],[9.689,46.499],[9.688,46.504],[9.679,46.508],[9.683,46.51],[9.683,46.513],[9.686,46.515],[9.679,46.522],[9.685,46.526],[9.691,46.533],[9.687,46.534],[9.684,46.532],[9.674,46.534],[9.671,46.53],[9.669,46.536],[9.675,46.538],[9.678,46.541],[9.688,46.544],[9.675,46.546],[9.674,46.547],[9.677,46.551],[9.681,46.553],[9.679,46.556],[9.672,46.554],[9.669,46.555],[9.668,46.556],[9.669,46.558],[9.681,46.562],[9.681,46.565],[9.678,46.567],[9.682,46.568],[9.685,46.567],[9.691,46.56],[9.688,46.558],[9.695,46.56],[9.698,46.558],[9.705,46.559],[9.71,46.557],[9.719,46.557],[9.722,46.559],[9.716,46.562],[9.719,46.566],[9.718,46.568],[9.712,46.568],[9.71,46.571],[9.715,46.574],[9.719,46.574],[9.723,46.577],[9.723,46.58],[9.728,46.582],[9.732,46.581],[9.737,46.577],[9.731,46.575],[9.728,46.57],[9.735,46.571],[9.736,46.57],[9.733,46.568],[9.734,46.566],[9.736,46.566],[9.737,46.568],[9.748,46.567],[9.751,46.569],[9.754,46.568],[9.761,46.57],[9.764,46.574],[9.768,46.574],[9.77,46.579],[9.781,46.577],[9.782,46.576],[9.778,46.574],[9.78,46.572],[9.79,46.573],[9.796,46.571],[9.792,46.569],[9.797,46.567],[9.787,46.565],[9.783,46.566],[9.779,46.565],[9.78,46.562],[9.766,46.561],[9.764,46.556],[9.757,46.556],[9.75,46.552],[9.742,46.545],[9.739,46.539],[9.735,46.537],[9.733,46.534],[9.726,46.535],[9.727,46.532],[9.723,46.528],[9.73,46.531],[9.73,46.528],[9.739,46.528],[9.746,46.532],[9.755,46.541],[9.759,46.541],[9.766,46.544],[9.769,46.543],[9.771,46.536],[9.767,46.529],[9.768,46.527],[9.765,46.52],[9.768,46.52],[9.77,46.527],[9.775,46.532],[9.779,46.535],[9.782,46.535],[9.785,46.538],[9.779,46.542],[9.78,46.545],[9.783,46.547],[9.789,46.549],[9.799,46.549],[9.795,46.551],[9.799,46.554],[9.806,46.556],[9.816,46.557],[9.822,46.555],[9.834,46.555],[9.832,46.551],[9.828,46.552],[9.829,46.548],[9.826,46.544],[9.828,46.542],[9.831,46.544],[9.838,46.545],[9.841,46.543],[9.839,46.541],[9.841,46.539],[9.837,46.535],[9.834,46.535],[9.834,46.532],[9.827,46.531],[9.824,46.529],[9.821,46.53],[9.818,46.528],[9.818,46.526],[9.814,46.525],[9.809,46.526],[9.808,46.528],[9.802,46.522],[9.803,46.519],[9.802,46.517],[9.796,46.515],[9.804,46.515],[9.807,46.518],[9.811,46.517],[9.816,46.515],[9.815,46.51],[9.807,46.507],[9.8,46.502],[9.792,46.504],[9.794,46.506],[9.791,46.507],[9.776,46.507],[9.77,46.504],[9.774,46.498],[9.772,46.493],[9.776,46.491],[9.785,46.491],[9.788,46.488],[9.783,46.484],[9.774,46.482]]],[[[9.829,46.703],[9.822,46.697],[9.818,46.699],[9.824,46.706],[9.819,46.706],[9.813,46.712],[9.806,46.712],[9.804,46.715],[9.806,46.716],[9.809,46.714],[9.813,46.714],[9.816,46.715],[9.819,46.719],[9.829,46.719],[9.834,46.715],[9.828,46.712],[9.83,46.71],[9.827,46.708],[9.829,46.708],[9.833,46.703],[9.829,46.703]]],[[[9.807,46.83],[9.805,46.827],[9.803,46.83],[9.794,46.832],[9.792,46.837],[9.79,46.837],[9.789,46.835],[9.776,46.838],[9.769,46.834],[9.765,46.835],[9.762,46.84],[9.772,46.841],[9.773,46.85],[9.777,46.848],[9.779,46.85],[9.789,46.849],[9.793,46.85],[9.802,46.847],[9.806,46.851],[9.799,46.855],[9.803,46.86],[9.806,46.86],[9.814,46.854],[9.811,46.85],[9.812,46.848],[9.817,46.848],[9.814,46.845],[9.815,46.844],[9.822,46.849],[9.825,46.846],[9.829,46.845],[9.825,46.843],[9.826,46.841],[9.825,46.84],[9.813,46.836],[9.812,46.834],[9.815,46.831],[9.807,46.83]]],[[[9.738,46.797],[9.744,46.795],[9.737,46.795],[9.738,46.797]]],[[[9.744,46.795],[9.744,46.798],[9.755,46.799],[9.758,46.801],[9.771,46.799],[9.772,46.801],[9.777,46.803],[9.775,46.799],[9.776,46.792],[9.77,46.791],[9.77,46.788],[9.76,46.788],[9.762,46.79],[9.757,46.791],[9.755,46.793],[9.751,46.793],[9.748,46.795],[9.748,46.797],[9.744,46.795]]],[[[9.499,46.363],[9.497,46.366],[9.492,46.366],[9.489,46.369],[9.479,46.369],[9.477,46.371],[9.473,46.371],[9.47,46.374],[9.464,46.375],[9.461,46.378],[9.461,46.38],[9.464,46.382],[9.464,46.387],[9.468,46.389],[9.465,46.391],[9.465,46.409],[9.462,46.411],[9.462,46.414],[9.454,46.42],[9.453,46.423],[9.455,46.43],[9.457,46.432],[9.459,46.444],[9.462,46.443],[9.47,46.429],[9.48,46.42],[9.48,46.418],[9.477,46.416],[9.478,46.414],[9.487,46.417],[9.491,46.416],[9.492,46.413],[9.49,46.411],[9.49,46.408],[9.495,46.399],[9.492,46.395],[9.484,46.391],[9.479,46.386],[9.48,46.385],[9.496,46.393],[9.512,46.391],[9.519,46.393],[9.52,46.395],[9.513,46.396],[9.508,46.399],[9.515,46.406],[9.51,46.417],[9.516,46.419],[9.518,46.422],[9.506,46.429],[9.51,46.433],[9.508,46.436],[9.498,46.436],[9.492,46.44],[9.493,46.442],[9.501,46.444],[9.501,46.447],[9.495,46.451],[9.497,46.458],[9.495,46.46],[9.495,46.465],[9.502,46.463],[9.508,46.457],[9.512,46.458],[9.515,46.453],[9.511,46.448],[9.514,46.444],[9.518,46.446],[9.525,46.446],[9.531,46.449],[9.539,46.444],[9.535,46.441],[9.527,46.439],[9.524,46.433],[9.534,46.435],[9.538,46.426],[9.537,46.423],[9.54,46.422],[9.542,46.419],[9.542,46.417],[9.539,46.414],[9.543,46.415],[9.545,46.41],[9.552,46.409],[9.553,46.41],[9.551,46.412],[9.559,46.412],[9.563,46.414],[9.557,46.416],[9.557,46.419],[9.562,46.421],[9.562,46.423],[9.566,46.427],[9.563,46.429],[9.559,46.428],[9.557,46.43],[9.564,46.434],[9.561,46.436],[9.564,46.439],[9.563,46.443],[9.573,46.443],[9.574,46.439],[9.577,46.438],[9.579,46.44],[9.583,46.438],[9.589,46.431],[9.593,46.429],[9.595,46.423],[9.598,46.427],[9.602,46.426],[9.601,46.431],[9.603,46.436],[9.6,46.438],[9.596,46.445],[9.595,46.452],[9.573,46.461],[9.573,46.463],[9.571,46.464],[9.568,46.463],[9.568,46.461],[9.564,46.46],[9.562,46.463],[9.565,46.466],[9.564,46.467],[9.561,46.465],[9.554,46.465],[9.538,46.473],[9.544,46.475],[9.545,46.477],[9.543,46.48],[9.53,46.482],[9.529,46.485],[9.523,46.487],[9.523,46.491],[9.516,46.492],[9.514,46.489],[9.511,46.489],[9.503,46.494],[9.487,46.499],[9.485,46.503],[9.487,46.505],[9.504,46.503],[9.507,46.509],[9.51,46.51],[9.527,46.504],[9.522,46.514],[9.527,46.518],[9.538,46.518],[9.54,46.516],[9.542,46.52],[9.553,46.52],[9.552,46.518],[9.555,46.513],[9.543,46.507],[9.539,46.507],[9.538,46.504],[9.533,46.5],[9.536,46.501],[9.549,46.498],[9.565,46.499],[9.575,46.492],[9.572,46.488],[9.575,46.487],[9.578,46.49],[9.581,46.488],[9.573,46.481],[9.568363636363637,46.47893939393939],[9.574,46.478],[9.583,46.483],[9.584,46.485],[9.591,46.487],[9.594,46.49],[9.598,46.487],[9.606,46.485],[9.61,46.479],[9.618,46.474],[9.613,46.473],[9.613,46.47],[9.624,46.467],[9.624,46.465],[9.619,46.46],[9.622,46.458],[9.616,46.453],[9.616,46.448],[9.611,46.445],[9.612,46.443],[9.615,46.445],[9.617,46.442],[9.62,46.442],[9.638,46.452],[9.642,46.451],[9.645,46.448],[9.645,46.439],[9.639,46.435],[9.638,46.431],[9.634,46.431],[9.637,46.428],[9.644,46.429],[9.661,46.438],[9.667,46.437],[9.671,46.443],[9.671,46.446],[9.675,46.446],[9.671,46.45],[9.674,46.453],[9.684,46.454],[9.687,46.452],[9.691,46.453],[9.694,46.452],[9.697,46.458],[9.701,46.46],[9.71,46.457],[9.714,46.458],[9.717,46.456],[9.723,46.458],[9.724,46.46],[9.717,46.464],[9.716,46.465],[9.717,46.467],[9.72,46.466],[9.74,46.47],[9.743,46.467],[9.75,46.468],[9.756,46.467],[9.763,46.464],[9.761,46.462],[9.763,46.461],[9.77,46.462],[9.769,46.459],[9.766,46.459],[9.759,46.455],[9.756,46.453],[9.756,46.451],[9.747,46.449],[9.746,46.446],[9.739,46.446],[9.736,46.443],[9.72,46.444],[9.713,46.437],[9.706,46.436],[9.699,46.431],[9.696,46.431],[9.679,46.419],[9.679,46.414],[9.676,46.411],[9.666,46.412],[9.653,46.41],[9.647,46.412],[9.643,46.408],[9.634,46.414],[9.63,46.411],[9.632,46.406],[9.63,46.405],[9.624,46.406],[9.617,46.403],[9.607,46.404],[9.601,46.4],[9.597,46.402],[9.589,46.398],[9.589,46.395],[9.592,46.393],[9.604,46.388],[9.61,46.386],[9.622,46.386],[9.619,46.383],[9.611,46.382],[9.612,46.379],[9.609,46.372],[9.593,46.372],[9.59,46.374],[9.587,46.373],[9.58,46.375],[9.571,46.371],[9.56,46.369],[9.547,46.371],[9.544,46.367],[9.541,46.366],[9.531,46.366],[9.528,46.368],[9.521,46.364],[9.512,46.366],[9.502,46.365],[9.499,46.363]],[[9.619,46.46],[9.61,46.46],[9.608,46.458],[9.609,46.456],[9.618,46.458],[9.619,46.46]]],[[[9.575,46.492],[9.572,46.495],[9.578,46.496],[9.582,46.495],[9.575,46.492]]],[[[9.747,46.867],[9.751,46.867],[9.75,46.869],[9.754,46.873],[9.764,46.87],[9.767,46.873],[9.769,46.869],[9.764,46.866],[9.76,46.866],[9.757,46.86],[9.749,46.86],[9.745,46.865],[9.747,46.867]],[[9.751,46.867],[9.754,46.866],[9.755,46.867],[9.754,46.868],[9.751,46.867]]],[[[9.744,46.779],[9.737,46.778],[9.735,46.78],[9.73,46.78],[9.726,46.784],[9.727,46.786],[9.737,46.785],[9.747,46.786],[9.75,46.788],[9.751,46.792],[9.755,46.788],[9.751,46.786],[9.756,46.784],[9.753,46.782],[9.75,46.783],[9.747,46.782],[9.744,46.779]]],[[[9.724,46.751],[9.716,46.749],[9.714,46.751],[9.715,46.753],[9.712,46.753],[9.71,46.751],[9.707,46.755],[9.714,46.76],[9.71,46.76],[9.7,46.769],[9.707,46.77],[9.71,46.768],[9.72,46.769],[9.727,46.772],[9.734,46.778],[9.736,46.777],[9.737,46.772],[9.733,46.771],[9.733,46.769],[9.736,46.766],[9.73,46.764],[9.735,46.762],[9.733,46.76],[9.73,46.761],[9.725,46.76],[9.723,46.758],[9.721,46.755],[9.724,46.753],[9.724,46.751]]],[[[9.733,46.856],[9.724,46.853],[9.71,46.859],[9.724,46.86],[9.728,46.858],[9.731,46.86],[9.733,46.856]]],[[[9.724,46.584],[9.715,46.576],[9.712,46.582],[9.704,46.584],[9.704,46.587],[9.695,46.596],[9.691,46.598],[9.7,46.599],[9.713,46.596],[9.716,46.597],[9.718,46.593],[9.714,46.591],[9.715,46.589],[9.713,46.584],[9.716,46.583],[9.719,46.585],[9.724,46.584]]],[[[9.653,46.725],[9.633,46.722],[9.627,46.729],[9.623,46.726],[9.617,46.727],[9.615,46.73],[9.617,46.732],[9.614,46.731],[9.61,46.726],[9.604,46.73],[9.604,46.735],[9.601,46.737],[9.604,46.739],[9.604,46.742],[9.598,46.742],[9.595,46.737],[9.593,46.74],[9.596,46.749],[9.599,46.751],[9.599,46.753],[9.602,46.754],[9.612,46.754],[9.615,46.75],[9.618,46.749],[9.625,46.752],[9.632,46.75],[9.641,46.753],[9.643,46.752],[9.644,46.75],[9.642,46.745],[9.635,46.743],[9.636,46.741],[9.634,46.739],[9.627,46.74],[9.625,46.739],[9.626,46.737],[9.624,46.735],[9.62,46.737],[9.624,46.734],[9.627,46.735],[9.628,46.732],[9.638,46.728],[9.636,46.725],[9.643,46.729],[9.645,46.727],[9.648,46.727],[9.653,46.729],[9.648,46.732],[9.65,46.733],[9.662,46.734],[9.663,46.736],[9.675,46.743],[9.673,46.743],[9.672,46.745],[9.677,46.749],[9.682,46.749],[9.683,46.747],[9.687,46.748],[9.689,46.751],[9.685,46.754],[9.687,46.755],[9.693,46.754],[9.694,46.753],[9.692,46.751],[9.693,46.75],[9.697,46.751],[9.703,46.748],[9.709,46.748],[9.713,46.75],[9.715,46.748],[9.713,46.744],[9.706,46.741],[9.699,46.742],[9.691,46.738],[9.691,46.735],[9.689,46.733],[9.681,46.736],[9.68,46.739],[9.678,46.738],[9.679,46.734],[9.682,46.731],[9.679,46.729],[9.676,46.732],[9.673,46.73],[9.666,46.729],[9.663,46.731],[9.66,46.729],[9.659,46.726],[9.656,46.728],[9.653,46.725]]],[[[9.689,46.603],[9.687,46.601],[9.68,46.601],[9.674,46.602],[9.669,46.605],[9.678,46.611],[9.687,46.611],[9.7,46.605],[9.689,46.603]]],[[[9.681,46.418],[9.689,46.425],[9.696,46.425],[9.697,46.423],[9.693,46.42],[9.681,46.418]]],[[[9.629,46.874],[9.63,46.874],[9.633,46.876],[9.631,46.878],[9.632,46.881],[9.637,46.885],[9.644,46.885],[9.646,46.88],[9.644,46.878],[9.644,46.874],[9.651,46.871],[9.675,46.869],[9.684,46.875],[9.688,46.873],[9.68,46.868],[9.675,46.868],[9.673,46.866],[9.669,46.868],[9.666,46.866],[9.642,46.866],[9.632,46.869],[9.632,46.872],[9.629,46.874]]],[[[9.629,46.874],[9.626,46.871],[9.625,46.874],[9.629,46.874]]],[[[9.621,46.762],[9.599,46.759],[9.596,46.762],[9.599,46.766],[9.594,46.771],[9.596,46.772],[9.606,46.77],[9.609,46.771],[9.606,46.773],[9.612,46.774],[9.622,46.77],[9.625,46.771],[9.63,46.766],[9.625,46.764],[9.622,46.767],[9.62,46.764],[9.621,46.762]]],[[[9.599,47.052],[9.591,47.051],[9.587,47.054],[9.582,47.055],[9.585,47.057],[9.58,47.062],[9.589,47.061],[9.598,47.068],[9.601,47.066],[9.604,47.068],[9.608,47.067],[9.609,47.065],[9.605,47.063],[9.608,47.062],[9.611,47.058],[9.607,47.057],[9.601,47.061],[9.596,47.061],[9.599,47.059],[9.595,47.055],[9.599,47.052]]],[[[9.58,46.533],[9.576,46.533],[9.576,46.535],[9.571,46.538],[9.576,46.54],[9.573,46.544],[9.574,46.545],[9.58,46.546],[9.594,46.542],[9.591,46.537],[9.587,46.537],[9.587,46.541],[9.586,46.537],[9.583,46.537],[9.58,46.533]]],[[[9.523,46.516],[9.52,46.515],[9.514,46.518],[9.504,46.518],[9.494,46.521],[9.503,46.528],[9.518,46.525],[9.519,46.53],[9.524,46.532],[9.524,46.535],[9.528,46.54],[9.531,46.542],[9.535,46.542],[9.535,46.54],[9.538,46.538],[9.529,46.532],[9.528,46.527],[9.525,46.525],[9.526,46.523],[9.523,46.516]]],[[[9.51,46.561],[9.506,46.557],[9.503,46.557],[9.499,46.56],[9.496,46.56],[9.493,46.563],[9.486,46.561],[9.483,46.562],[9.48,46.567],[9.483,46.566],[9.49,46.568],[9.5,46.564],[9.501,46.566],[9.496,46.575],[9.496,46.579],[9.497,46.581],[9.502,46.582],[9.507,46.577],[9.513,46.577],[9.52,46.574],[9.516,46.57],[9.511,46.568],[9.51,46.561]]],[[[9.482124999999998,46.540875],[9.481,46.539],[9.472,46.531],[9.455,46.535],[9.456,46.537],[9.458,46.537],[9.454,46.54],[9.459,46.542],[9.466,46.541],[9.473,46.544],[9.476,46.543],[9.479,46.546],[9.484,46.544],[9.482285714285712,46.54114285714285],[9.486,46.543],[9.492,46.542],[9.503,46.532],[9.5,46.528],[9.495,46.526],[9.475,46.528],[9.473,46.53],[9.484,46.539],[9.482124999999998,46.540875]]],[[[9.494,46.582],[9.491,46.585],[9.484,46.584],[9.48,46.586],[9.477,46.591],[9.484,46.591],[9.484,46.588],[9.494,46.589],[9.496,46.584],[9.494,46.582]]],[[[8.651,46.667],[8.641,46.663],[8.631,46.665],[8.63,46.666],[8.633,46.668],[8.627,46.668],[8.627,46.671],[8.633,46.677],[8.628,46.681],[8.624,46.682],[8.627,46.684],[8.623,46.686],[8.624,46.691],[8.628,46.7],[8.635,46.695],[8.633,46.697],[8.641,46.7],[8.642,46.702],[8.649,46.7],[8.649,46.697],[8.652,46.695],[8.651,46.688],[8.654,46.683],[8.658,46.689],[8.661,46.685],[8.661,46.688],[8.665,46.69],[8.667,46.693],[8.665,46.697],[8.666,46.699],[8.665,46.702],[8.671,46.703],[8.674,46.706],[8.681,46.709],[8.684,46.708],[8.686,46.713],[8.684,46.715],[8.678,46.715],[8.675,46.711],[8.666,46.715],[8.668,46.718],[8.677,46.719],[8.682,46.724],[8.676,46.728],[8.682,46.731],[8.683,46.733],[8.673,46.74],[8.676,46.742],[8.676,46.746],[8.679,46.75],[8.682,46.75],[8.689,46.755],[8.695,46.754],[8.696,46.753],[8.692,46.751],[8.684,46.742],[8.685,46.74],[8.684,46.737],[8.685,46.736],[8.689,46.737],[8.695,46.741],[8.701,46.737],[8.701,46.734],[8.704,46.73],[8.708,46.73],[8.711,46.729],[8.71,46.726],[8.714,46.723],[8.717,46.725],[8.719,46.724],[8.718,46.721],[8.714,46.719],[8.704,46.722],[8.703,46.717],[8.707,46.716],[8.711,46.718],[8.724,46.72],[8.73,46.723],[8.736,46.723],[8.73,46.724],[8.729,46.726],[8.731,46.728],[8.727,46.732],[8.731,46.736],[8.731,46.741],[8.734,46.743],[8.741,46.743],[8.742,46.744],[8.739,46.746],[8.743,46.748],[8.751,46.749],[8.753,46.752],[8.748,46.755],[8.756,46.757],[8.757,46.76],[8.763,46.761],[8.767,46.764],[8.772,46.763],[8.777,46.77],[8.784,46.774],[8.797,46.774],[8.797,46.772],[8.8,46.77],[8.8,46.766],[8.807,46.773],[8.81,46.771],[8.812,46.772],[8.809,46.776],[8.809,46.779],[8.811,46.781],[8.805,46.785],[8.804,46.788],[8.801,46.79],[8.804,46.793],[8.809,46.794],[8.813,46.797],[8.809,46.799],[8.811,46.801],[8.812,46.806],[8.827,46.812],[8.831,46.812],[8.83,46.814],[8.824,46.816],[8.811,46.815],[8.808,46.817],[8.805,46.81],[8.801,46.806],[8.798,46.807],[8.795,46.806],[8.789,46.801],[8.781,46.801],[8.778,46.803],[8.773,46.799],[8.762,46.796],[8.752,46.797],[8.745,46.794],[8.74,46.8],[8.736,46.802],[8.737,46.807],[8.739,46.809],[8.736,46.81],[8.731,46.807],[8.738,46.8],[8.74,46.795],[8.739,46.793],[8.73,46.793],[8.727,46.795],[8.726,46.798],[8.722,46.799],[8.716,46.796],[8.709,46.795],[8.706,46.796],[8.709,46.796],[8.71,46.798],[8.707,46.802],[8.713,46.802],[8.715,46.805],[8.714,46.809],[8.718,46.811],[8.724,46.818],[8.72,46.82],[8.715,46.82],[8.716,46.824],[8.73,46.824],[8.735,46.82],[8.739,46.822],[8.742,46.82],[8.741,46.815],[8.749,46.812],[8.762,46.813],[8.765,46.816],[8.781,46.817],[8.778,46.82],[8.783,46.822],[8.778,46.824],[8.785,46.829],[8.789,46.83],[8.791,46.833],[8.789,46.838],[8.786,46.84],[8.785,46.844],[8.793,46.851],[8.811,46.853],[8.809,46.851],[8.815,46.853],[8.822,46.853],[8.825,46.856],[8.829,46.856],[8.832,46.859],[8.83,46.866],[8.836,46.87],[8.842,46.868],[8.851,46.868],[8.855,46.872],[8.868,46.873],[8.87,46.87],[8.869,46.866],[8.872,46.864],[8.878,46.865],[8.88,46.868],[8.891,46.875],[8.898,46.872],[8.908,46.877],[8.915,46.876],[8.915,46.878],[8.911,46.879],[8.925,46.884],[8.927,46.883],[8.92,46.876],[8.921,46.872],[8.924,46.871],[8.927,46.874],[8.941,46.876],[8.942,46.874],[8.933,46.867],[8.934,46.865],[8.944,46.864],[8.949,46.865],[8.952,46.862],[8.944,46.86],[8.946,46.853],[8.937,46.85],[8.936,46.847],[8.933,46.845],[8.93,46.845],[8.927,46.849],[8.92,46.845],[8.914,46.845],[8.91,46.841],[8.907,46.844],[8.906,46.84],[8.909,46.838],[8.907,46.835],[8.903,46.833],[8.907,46.832],[8.917,46.838],[8.923,46.838],[8.926,46.835],[8.933,46.837],[8.949,46.831],[8.946,46.828],[8.943,46.829],[8.94,46.827],[8.943,46.825],[8.952,46.825],[8.952,46.821],[8.947,46.82],[8.949,46.818],[8.953,46.82],[8.962,46.82],[8.965,46.818],[8.969,46.82],[8.975,46.827],[8.98,46.828],[8.976,46.833],[8.976,46.836],[8.973,46.837],[8.976,46.838],[8.977,46.84],[8.974,46.846],[8.98,46.851],[8.979,46.855],[8.982,46.857],[8.983,46.86],[8.985,46.851],[8.989,46.846],[8.992,46.848],[8.996,46.848],[8.999,46.846],[9.003,46.846],[9.004,46.844],[9.002,46.841],[8.998,46.839],[9.002,46.839],[9.004,46.837],[9.0,46.832],[9.001,46.821],[9.005,46.822],[9.011,46.82],[9.015,46.821],[9.015,46.823],[9.022,46.828],[9.021,46.831],[9.025,46.838],[9.026,46.843],[9.024,46.848],[9.026,46.852],[9.023,46.855],[9.019,46.854],[9.003,46.862],[9.002,46.864],[9.006,46.866],[9.001,46.868],[9.003,46.87],[9.009,46.871],[9.006,46.875],[9.018,46.879],[9.018,46.882],[9.021,46.884],[9.019,46.886],[9.02,46.888],[9.026,46.891],[9.026,46.893],[9.03,46.891],[9.03,46.885],[9.028,46.882],[9.029,46.879],[9.032,46.877],[9.037,46.877],[9.034,46.879],[9.036,46.883],[9.039,46.885],[9.054,46.883],[9.056,46.892],[9.063,46.894],[9.063,46.899],[9.071,46.903],[9.069,46.904],[9.066,46.901],[9.063,46.903],[9.056,46.903],[9.055,46.904],[9.06,46.904],[9.061,46.906],[9.059,46.913],[9.056,46.915],[9.054,46.921],[9.05,46.919],[9.042,46.924],[9.047,46.925],[9.054,46.922],[9.064,46.925],[9.07,46.923],[9.076,46.93],[9.072,46.933],[9.077,46.933],[9.08,46.935],[9.084,46.934],[9.086,46.935],[9.084,46.937],[9.087,46.937],[9.09,46.939],[9.096,46.937],[9.093,46.936],[9.09,46.932],[9.094,46.932],[9.097,46.936],[9.1,46.933],[9.103,46.934],[9.107,46.936],[9.106,46.939],[9.111,46.941],[9.112,46.943],[9.11,46.948],[9.116,46.95],[9.114,46.955],[9.12,46.959],[9.122,46.954],[9.121,46.952],[9.127,46.95],[9.122,46.945],[9.122,46.943],[9.13,46.943],[9.133,46.941],[9.13,46.936],[9.126,46.937],[9.12,46.929],[9.106,46.927],[9.104,46.925],[9.104,46.923],[9.109,46.922],[9.112,46.919],[9.111,46.916],[9.113,46.916],[9.114,46.914],[9.106,46.909],[9.103,46.911],[9.093,46.913],[9.089,46.911],[9.086,46.912],[9.084,46.915],[9.079,46.915],[9.073,46.91],[9.073,46.907],[9.082,46.912],[9.083,46.914],[9.09,46.908],[9.089,46.905],[9.093,46.906],[9.099,46.903],[9.085,46.899],[9.085,46.894],[9.079,46.892],[9.078,46.89],[9.088,46.885],[9.088,46.881],[9.095,46.882],[9.098,46.88],[9.106,46.883],[9.111,46.883],[9.109,46.874],[9.111,46.87],[9.118,46.869],[9.121,46.865],[9.124,46.869],[9.133,46.871],[9.141,46.875],[9.142,46.878],[9.139,46.882],[9.142,46.884],[9.14,46.887],[9.141,46.888],[9.151,46.888],[9.154,46.89],[9.161,46.889],[9.157,46.891],[9.161,46.897],[9.171,46.899],[9.174,46.903],[9.179,46.897],[9.194,46.895],[9.197,46.9],[9.207,46.902],[9.21,46.906],[9.21,46.908],[9.203,46.915],[9.204,46.916],[9.224,46.915],[9.221,46.912],[9.225,46.915],[9.225,46.917],[9.233,46.919],[9.226,46.924],[9.228,46.926],[9.231,46.925],[9.238,46.926],[9.246,46.93],[9.245,46.932],[9.248,46.935],[9.227,46.939],[9.225,46.942],[9.228,46.948],[9.227,46.953],[9.225,46.954],[9.219,46.951],[9.22,46.946],[9.215,46.941],[9.209,46.948],[9.2,46.949],[9.206,46.953],[9.209,46.952],[9.214,46.953],[9.219,46.958],[9.226,46.96],[9.232,46.966],[9.238,46.968],[9.237,46.971],[9.239,46.975],[9.241,46.973],[9.241,46.968],[9.245,46.965],[9.248,46.966],[9.247,46.968],[9.249,46.97],[9.251,46.966],[9.257,46.964],[9.257,46.959],[9.255,46.955],[9.257,46.95],[9.26,46.948],[9.258,46.946],[9.252,46.946],[9.264,46.945],[9.268,46.943],[9.269,46.945],[9.266,46.948],[9.272,46.95],[9.273,46.957],[9.268,46.959],[9.278,46.962],[9.282,46.965],[9.287,46.961],[9.291,46.96],[9.293,46.956],[9.318,46.96],[9.321,46.957],[9.324,46.96],[9.336,46.956],[9.327,46.951],[9.33,46.952],[9.337,46.95],[9.347,46.952],[9.35,46.955],[9.357,46.95],[9.36,46.955],[9.37,46.952],[9.372,46.955],[9.37,46.957],[9.364,46.957],[9.384,46.969],[9.374,46.971],[9.368,46.975],[9.37,46.978],[9.381,46.974],[9.382,46.975],[9.379,46.977],[9.381,46.978],[9.387,46.977],[9.392,46.984],[9.387,46.986],[9.386,46.991],[9.394,46.992],[9.401,46.998],[9.403,46.986],[9.406,46.981],[9.4,46.98],[9.399,46.977],[9.4,46.976],[9.404,46.976],[9.411,46.988],[9.414,46.989],[9.43,46.985],[9.439,46.985],[9.44,46.987],[9.447,46.986],[9.444,46.983],[9.43,46.98],[9.414,46.98],[9.41,46.978],[9.409,46.975],[9.414,46.972],[9.41,46.97],[9.4,46.97],[9.399,46.964],[9.4,46.963],[9.415,46.961],[9.408,46.957],[9.409,46.956],[9.416,46.957],[9.422,46.953],[9.427,46.952],[9.422,46.948],[9.416,46.946],[9.412,46.946],[9.409,46.948],[9.402,46.946],[9.402,46.943],[9.399,46.941],[9.394,46.946],[9.393,46.951],[9.391,46.95],[9.392,46.948],[9.389,46.945],[9.381,46.95],[9.381,46.955],[9.383,46.957],[9.379,46.955],[9.379,46.95],[9.38,46.948],[9.386,46.946],[9.383,46.943],[9.379,46.945],[9.376,46.941],[9.373,46.941],[9.37,46.944],[9.363,46.942],[9.356,46.944],[9.353,46.947],[9.353,46.944],[9.35,46.942],[9.327,46.943],[9.32,46.94],[9.317,46.937],[9.314,46.939],[9.307,46.94],[9.304,46.936],[9.28,46.931],[9.277,46.924],[9.274,46.926],[9.27,46.923],[9.274,46.921],[9.273,46.918],[9.28,46.916],[9.283,46.92],[9.29,46.921],[9.296,46.918],[9.303,46.919],[9.311,46.913],[9.316,46.912],[9.325,46.915],[9.326,46.918],[9.329,46.915],[9.333,46.915],[9.339,46.918],[9.342,46.915],[9.338,46.911],[9.344,46.91],[9.352,46.911],[9.353,46.91],[9.347,46.906],[9.352,46.904],[9.354,46.906],[9.365,46.907],[9.368,46.909],[9.372,46.908],[9.368,46.906],[9.373,46.903],[9.382,46.901],[9.374,46.894],[9.373,46.892],[9.375,46.89],[9.374,46.888],[9.371,46.887],[9.364,46.891],[9.362,46.89],[9.366,46.885],[9.365,46.881],[9.357,46.886],[9.357,46.883],[9.367,46.874],[9.364,46.869],[9.357,46.875],[9.354,46.871],[9.351,46.87],[9.347,46.869],[9.346,46.872],[9.344,46.873],[9.341,46.869],[9.339,46.87],[9.338,46.872],[9.341,46.876],[9.342,46.879],[9.341,46.88],[9.338,46.875],[9.331,46.877],[9.329,46.881],[9.323,46.884],[9.322,46.886],[9.318,46.883],[9.312,46.886],[9.311,46.889],[9.315,46.895],[9.305,46.888],[9.299,46.894],[9.287,46.893],[9.286,46.895],[9.282,46.889],[9.277,46.889],[9.282,46.886],[9.289,46.886],[9.289,46.882],[9.292,46.881],[9.297,46.875],[9.294,46.873],[9.298,46.87],[9.298,46.866],[9.278,46.867],[9.265,46.876],[9.246,46.876],[9.241,46.874],[9.236,46.864],[9.216,46.862],[9.202,46.856],[9.193,46.857],[9.186,46.855],[9.185,46.852],[9.196,46.851],[9.205,46.848],[9.208,46.841],[9.205,46.84],[9.189,46.842],[9.186,46.839],[9.182,46.839],[9.181,46.841],[9.172,46.846],[9.17,46.851],[9.166,46.85],[9.163,46.855],[9.16,46.853],[9.149,46.851],[9.15,46.846],[9.14,46.847],[9.14,46.844],[9.136,46.84],[9.133,46.845],[9.127,46.846],[9.124,46.849],[9.117,46.848],[9.114,46.845],[9.104,46.852],[9.101,46.852],[9.098,46.849],[9.098,46.847],[9.094,46.847],[9.091,46.844],[9.078,46.847],[9.076,46.845],[9.077,46.84],[9.092,46.833],[9.091,46.831],[9.096,46.829],[9.094,46.827],[9.09,46.826],[9.087,46.829],[9.084,46.826],[9.077,46.83],[9.061,46.826],[9.058,46.82],[9.05,46.816],[9.037,46.816],[9.031,46.818],[9.024,46.815],[9.018,46.815],[9.012,46.812],[8.995,46.808],[8.985,46.809],[8.982,46.806],[8.985,46.804],[8.984,46.801],[8.988,46.801],[8.994,46.798],[9.007,46.799],[9.014,46.802],[9.027,46.804],[9.028,46.803],[9.026,46.796],[9.023,46.794],[9.032,46.792],[9.03,46.79],[9.003,46.79],[8.991,46.784],[8.984,46.786],[8.981,46.784],[8.977,46.784],[8.964,46.787],[8.959,46.784],[8.954,46.778],[8.947,46.777],[8.946,46.775],[8.948,46.774],[8.948,46.771],[8.935,46.771],[8.934,46.769],[8.938,46.77],[8.94,46.768],[8.936,46.761],[8.932,46.761],[8.931,46.763],[8.924,46.763],[8.921,46.76],[8.918,46.76],[8.911,46.762],[8.908,46.766],[8.902,46.769],[8.892,46.771],[8.898,46.775],[8.899,46.779],[8.904,46.782],[8.891,46.784],[8.885,46.787],[8.887,46.793],[8.886,46.799],[8.885,46.794],[8.883,46.793],[8.879,46.793],[8.87,46.797],[8.869,46.796],[8.874,46.791],[8.873,46.789],[8.865,46.792],[8.874,46.785],[8.871,46.773],[8.866,46.772],[8.856,46.779],[8.846,46.782],[8.846,46.778],[8.843,46.777],[8.84,46.779],[8.839,46.778],[8.852,46.767],[8.852,46.758],[8.859,46.759],[8.862,46.761],[8.869,46.756],[8.879,46.753],[8.874,46.751],[8.87,46.746],[8.871,46.744],[8.863,46.74],[8.862,46.733],[8.855,46.736],[8.848,46.736],[8.845,46.731],[8.845,46.725],[8.829,46.728],[8.825,46.727],[8.819,46.73],[8.818,46.727],[8.815,46.725],[8.809,46.726],[8.802,46.721],[8.8,46.723],[8.795,46.723],[8.802,46.718],[8.801,46.716],[8.804,46.714],[8.802,46.712],[8.792,46.713],[8.79,46.711],[8.791,46.709],[8.786,46.705],[8.785,46.702],[8.779,46.702],[8.772,46.704],[8.772,46.707],[8.769,46.712],[8.764,46.714],[8.767,46.716],[8.76,46.723],[8.758,46.721],[8.76,46.717],[8.756,46.715],[8.756,46.728],[8.754,46.734],[8.75,46.737],[8.749,46.734],[8.753,46.732],[8.752,46.723],[8.75,46.719],[8.754,46.707],[8.753,46.694],[8.746,46.693],[8.742,46.694],[8.742,46.699],[8.74,46.701],[8.733,46.701],[8.727,46.705],[8.725,46.703],[8.725,46.699],[8.728,46.694],[8.725,46.692],[8.728,46.687],[8.726,46.687],[8.723,46.684],[8.717,46.685],[8.716,46.688],[8.709,46.692],[8.707,46.695],[8.699,46.686],[8.7,46.681],[8.697,46.674],[8.691,46.679],[8.69,46.682],[8.683,46.679],[8.683,46.674],[8.68,46.67],[8.667,46.668],[8.664,46.669],[8.654,46.666],[8.651,46.667]]],[[[9.12,46.959],[9.118,46.964],[9.127,46.971],[9.129,46.968],[9.133,46.966],[9.134,46.963],[9.12,46.959]]],[[[9.084,46.937],[9.08,46.935],[9.08,46.937],[9.084,46.937]]],[[[9.134,46.963],[9.135,46.966],[9.138,46.965],[9.137,46.963],[9.134,46.963]]],[[[9.416,46.471],[9.411,46.467],[9.408,46.47],[9.405,46.469],[9.392,46.475],[9.389,46.475],[9.385,46.482],[9.374,46.487],[9.368,46.494],[9.369,46.498],[9.373,46.501],[9.372,46.505],[9.37,46.506],[9.361,46.509],[9.354,46.509],[9.351,46.506],[9.344,46.507],[9.341,46.504],[9.332,46.508],[9.344,46.512],[9.344,46.517],[9.348,46.523],[9.352,46.523],[9.353,46.526],[9.351,46.528],[9.355,46.532],[9.363,46.526],[9.363,46.523],[9.367,46.518],[9.374,46.522],[9.381,46.522],[9.387,46.524],[9.39,46.527],[9.396,46.529],[9.397,46.531],[9.399,46.529],[9.398,46.527],[9.403,46.527],[9.397,46.532],[9.405,46.536],[9.4,46.538],[9.404,46.542],[9.408,46.54],[9.411,46.544],[9.414,46.544],[9.416,46.543],[9.412,46.534],[9.407,46.529],[9.409,46.525],[9.405,46.523],[9.408,46.52],[9.393,46.514],[9.397,46.511],[9.39,46.509],[9.393,46.509],[9.396,46.507],[9.396,46.505],[9.39,46.501],[9.38,46.5],[9.379,46.498],[9.38,46.496],[9.383,46.499],[9.386,46.498],[9.389,46.493],[9.393,46.493],[9.396,46.491],[9.391,46.489],[9.388,46.482],[9.392,46.48],[9.399,46.481],[9.403,46.482],[9.407,46.487],[9.419,46.491],[9.417,46.493],[9.418,46.495],[9.424,46.497],[9.422,46.5],[9.427,46.502],[9.429,46.507],[9.432,46.509],[9.439,46.509],[9.439,46.503],[9.433,46.5],[9.433,46.497],[9.426,46.493],[9.427,46.491],[9.423,46.486],[9.423,46.479],[9.416,46.473],[9.416,46.471]]],[[[9.404,47.132],[9.399,47.126],[9.397,47.13],[9.393,47.133],[9.386,47.134],[9.383,47.137],[9.384,47.139],[9.383,47.142],[9.39,47.143],[9.393,47.141],[9.393,47.139],[9.403,47.146],[9.409,47.143],[9.401,47.137],[9.404,47.132]]],[[[9.316,47.244],[9.321,47.244],[9.318,47.242],[9.316,47.244]]],[[[9.321,47.244],[9.318,47.248],[9.321,47.25],[9.325,47.25],[9.327,47.253],[9.335,47.255],[9.357,47.268],[9.364,47.266],[9.364,47.263],[9.353,47.255],[9.362,47.252],[9.357,47.25],[9.357,47.248],[9.354,47.245],[9.347,47.245],[9.341,47.249],[9.334,47.245],[9.324,47.243],[9.321,47.244]]],[[[9.321,47.244],[9.323,47.242],[9.319,47.242],[9.321,47.244]]],[[[9.354,47.245],[9.357,47.247],[9.367,47.247],[9.372,47.245],[9.374,47.247],[9.381,47.245],[9.38,47.243],[9.387,47.243],[9.393,47.24],[9.397,47.242],[9.4,47.241],[9.404,47.244],[9.406,47.242],[9.403,47.238],[9.4,47.239],[9.397,47.237],[9.39,47.237],[9.377,47.232],[9.367,47.236],[9.364,47.234],[9.357,47.233],[9.355,47.236],[9.357,47.238],[9.356,47.241],[9.358,47.243],[9.354,47.245]]],[[[9.362,46.652],[9.359,46.65],[9.356,46.652],[9.354,46.654],[9.354,46.658],[9.366,46.66],[9.369,46.658],[9.376,46.658],[9.369,46.655],[9.363,46.656],[9.36,46.654],[9.362,46.652]]],[[[9.376,46.658],[9.381,46.658],[9.379,46.657],[9.376,46.658]]],[[[9.319,46.631],[9.306,46.629],[9.304,46.632],[9.306,46.641],[9.32,46.643],[9.327,46.641],[9.333,46.645],[9.343,46.643],[9.346,46.647],[9.349,46.648],[9.356,46.643],[9.356,46.64],[9.349,46.639],[9.336,46.631],[9.323,46.633],[9.319,46.631]]],[[[9.222,46.565],[9.206,46.561],[9.203,46.564],[9.197,46.566],[9.2,46.568],[9.206,46.567],[9.206,46.572],[9.219,46.57],[9.226,46.571],[9.229,46.575],[9.219,46.586],[9.22,46.589],[9.216,46.593],[9.22,46.595],[9.23,46.587],[9.233,46.588],[9.243,46.585],[9.256,46.585],[9.269,46.587],[9.275,46.585],[9.279,46.587],[9.28,46.59],[9.282,46.591],[9.298,46.594],[9.298,46.601],[9.305,46.601],[9.303,46.603],[9.307,46.605],[9.308,46.61],[9.302,46.614],[9.302,46.617],[9.31,46.619],[9.302,46.619],[9.3,46.621],[9.306,46.627],[9.309,46.628],[9.313,46.627],[9.322,46.62],[9.329,46.62],[9.333,46.616],[9.328,46.615],[9.325,46.617],[9.322,46.613],[9.312,46.61],[9.314,46.607],[9.328,46.607],[9.327,46.6],[9.321,46.599],[9.3082,46.6006],[9.311,46.595],[9.315,46.595],[9.318,46.585],[9.305,46.584],[9.301,46.582],[9.298,46.582],[9.295,46.585],[9.288,46.584],[9.285,46.582],[9.272,46.583],[9.268,46.581],[9.268,46.579],[9.257,46.577],[9.256,46.575],[9.258,46.573],[9.264,46.572],[9.289,46.572],[9.288,46.569],[9.281,46.569],[9.275,46.566],[9.265,46.566],[9.239,46.574],[9.237,46.573],[9.24,46.568],[9.225,46.568],[9.222,46.565]]],[[[9.322,47.152],[9.321,47.15],[9.315,47.155],[9.305,47.155],[9.302,47.156],[9.301,47.158],[9.292,47.158],[9.287,47.161],[9.288,47.164],[9.295,47.16],[9.295,47.166],[9.302,47.164],[9.303,47.163],[9.301,47.161],[9.302,47.159],[9.302,47.161],[9.305,47.162],[9.307,47.161],[9.308,47.158],[9.311,47.157],[9.312,47.163],[9.316,47.167],[9.317,47.174],[9.319,47.175],[9.321,47.161],[9.325,47.165],[9.327,47.163],[9.327,47.16],[9.33,47.158],[9.328,47.154],[9.322,47.152]]],[[[9.246,46.446],[9.244,46.442],[9.235,46.445],[9.232,46.45],[9.229,46.451],[9.23,46.46],[9.229,46.463],[9.222,46.469],[9.22,46.474],[9.213,46.476],[9.216,46.483],[9.213,46.487],[9.223,46.491],[9.233,46.498],[9.24,46.498],[9.243,46.502],[9.249,46.499],[9.25,46.498],[9.243,46.493],[9.239,46.492],[9.233,46.485],[9.236,46.482],[9.248,46.48],[9.248,46.473],[9.244,46.467],[9.248,46.463],[9.255,46.465],[9.255,46.467],[9.262,46.472],[9.267,46.48],[9.263,46.484],[9.263,46.487],[9.265,46.489],[9.273,46.491],[9.272,46.502],[9.276,46.504],[9.279,46.514],[9.286,46.517],[9.289,46.515],[9.305,46.515],[9.309,46.516],[9.312,46.52],[9.315,46.517],[9.315,46.512],[9.322,46.511],[9.327,46.508],[9.318,46.505],[9.308,46.505],[9.302,46.5],[9.295,46.501],[9.292,46.498],[9.285,46.499],[9.281,46.498],[9.28,46.493],[9.276,46.491],[9.276,46.489],[9.273,46.486],[9.273,46.48],[9.277,46.477],[9.273,46.469],[9.273,46.466],[9.276,46.464],[9.276,46.459],[9.261,46.449],[9.254,46.45],[9.25,46.449],[9.246,46.446]]],[[[9.207,46.985],[9.203,46.983],[9.202,46.987],[9.206,46.991],[9.201,46.994],[9.187,46.992],[9.183,46.996],[9.19,46.998],[9.192,47.001],[9.197,47.002],[9.198,47.003],[9.196,47.007],[9.198,47.008],[9.201,47.006],[9.204,47.009],[9.206,47.014],[9.205,47.03],[9.202,47.032],[9.198,47.032],[9.194,47.021],[9.191,47.018],[9.181,47.016],[9.172,47.019],[9.17,47.021],[9.169,47.026],[9.165,47.028],[9.159,47.028],[9.156,47.03],[9.154,47.028],[9.156,47.024],[9.154,47.021],[9.156,47.017],[9.155,47.013],[9.149,47.016],[9.145,47.012],[9.141,47.017],[9.135,47.019],[9.127,47.026],[9.125,47.033],[9.127,47.038],[9.123,47.044],[9.123,47.047],[9.12,47.049],[9.113,47.046],[9.108,47.047],[9.112,47.051],[9.114,47.06],[9.124,47.063],[9.13,47.063],[9.132,47.06],[9.129,47.058],[9.134,47.056],[9.132,47.051],[9.127,47.049],[9.13,47.045],[9.133,47.05],[9.138,47.051],[9.14,47.054],[9.143,47.051],[9.146,47.052],[9.16,47.059],[9.16,47.062],[9.166,47.062],[9.17,47.064],[9.17,47.066],[9.173,47.068],[9.18,47.068],[9.183,47.066],[9.183,47.063],[9.18,47.059],[9.173,47.053],[9.169,47.052],[9.166,47.049],[9.163,47.05],[9.149,47.046],[9.145,47.042],[9.146,47.039],[9.149,47.037],[9.149,47.032],[9.156,47.038],[9.169,47.041],[9.178,47.041],[9.195,47.048],[9.199,47.043],[9.202,47.042],[9.208,47.048],[9.212,47.046],[9.213,47.048],[9.21,47.052],[9.212,47.055],[9.216,47.057],[9.218,47.061],[9.215,47.063],[9.214,47.07],[9.223,47.069],[9.226,47.067],[9.227,47.07],[9.225,47.072],[9.229,47.073],[9.233,47.07],[9.242,47.072],[9.239,47.074],[9.246,47.075],[9.252,47.073],[9.259,47.075],[9.262,47.074],[9.258,47.072],[9.257,47.069],[9.252,47.07],[9.239,47.065],[9.236,47.067],[9.229,47.061],[9.231,47.059],[9.231,47.056],[9.229,47.053],[9.226,47.052],[9.228,47.047],[9.233,47.047],[9.244,47.052],[9.246,47.052],[9.249,47.049],[9.244,47.045],[9.244,47.043],[9.251,47.037],[9.255,47.038],[9.259,47.036],[9.253,47.027],[9.254,47.022],[9.26,47.02],[9.274,47.022],[9.28,47.021],[9.284,47.025],[9.29,47.022],[9.293,47.023],[9.296,47.019],[9.3,47.018],[9.308,47.024],[9.32,47.024],[9.323,47.023],[9.324,47.021],[9.32,47.019],[9.32,47.017],[9.311,47.015],[9.31,47.01],[9.306,47.007],[9.293,47.011],[9.29,47.008],[9.29,47.006],[9.292,47.004],[9.291,46.999],[9.294,46.997],[9.294,46.995],[9.286,46.992],[9.286,46.99],[9.283,46.993],[9.279,46.989],[9.276,46.99],[9.274,46.993],[9.275,46.999],[9.273,47.001],[9.266,47.003],[9.258,46.995],[9.253,46.993],[9.25,46.989],[9.246,46.987],[9.243,46.989],[9.245,46.991],[9.243,46.994],[9.24,46.993],[9.24,46.991],[9.232,46.998],[9.236,47.0],[9.235,47.002],[9.237,47.004],[9.234,47.007],[9.236,47.011],[9.234,47.014],[9.228,47.016],[9.221,47.016],[9.217,47.012],[9.214,47.012],[9.213,47.005],[9.207,46.994],[9.207,46.985]]],[[[9.302,46.738],[9.293,46.732],[9.291,46.734],[9.292,46.74],[9.29,46.742],[9.29,46.745],[9.302,46.738]]],[[[9.285,46.315],[9.282,46.315],[9.282,46.318],[9.277,46.322],[9.274,46.327],[9.276,46.328],[9.283,46.324],[9.284,46.327],[9.289,46.327],[9.295,46.324],[9.294,46.32],[9.285,46.315]]],[[[9.288,46.962],[9.285,46.963],[9.288,46.964],[9.288,46.962]]],[[[9.279,46.365],[9.274,46.361],[9.268,46.37],[9.27,46.372],[9.269,46.374],[9.272,46.379],[9.27,46.383],[9.272,46.384],[9.272,46.387],[9.268,46.397],[9.263,46.401],[9.269,46.403],[9.276,46.402],[9.277,46.39],[9.282,46.389],[9.284,46.387],[9.284,46.385],[9.281,46.384],[9.28,46.381],[9.276,46.378],[9.275,46.367],[9.279,46.365]]],[[[9.235,47.15],[9.225,47.148],[9.222,47.151],[9.226,47.156],[9.242,47.158],[9.244,47.16],[9.253,47.159],[9.259,47.162],[9.26,47.164],[9.275,47.162],[9.278,47.158],[9.281,47.157],[9.268,47.154],[9.245,47.156],[9.244,47.153],[9.242,47.152],[9.238,47.153],[9.235,47.15]]],[[[9.24,46.591],[9.236,46.59],[9.231,46.597],[9.235,46.602],[9.232,46.606],[9.234,46.608],[9.243,46.604],[9.25,46.605],[9.255,46.602],[9.246,46.6],[9.244,46.597],[9.245,46.595],[9.24,46.591]]],[[[9.247,46.644],[9.241,46.643],[9.233,46.651],[9.235,46.653],[9.238,46.653],[9.254,46.649],[9.247,46.644]]],[[[9.238,46.629],[9.231,46.623],[9.225,46.624],[9.221,46.627],[9.213,46.629],[9.221,46.63],[9.225,46.629],[9.231,46.633],[9.238,46.629]]],[[[9.232,46.507],[9.229,46.507],[9.226,46.51],[9.222,46.51],[9.22,46.506],[9.215,46.51],[9.227,46.515],[9.23,46.512],[9.236,46.51],[9.232,46.507]]],[[[9.218,46.503],[9.21,46.501],[9.21,46.503],[9.207,46.504],[9.201,46.501],[9.197,46.503],[9.202,46.506],[9.202,46.51],[9.204,46.512],[9.211,46.513],[9.214,46.512],[9.213,46.51],[9.217,46.508],[9.214,46.505],[9.218,46.503]]],[[[9.187,46.553],[9.182,46.553],[9.179,46.555],[9.183,46.56],[9.187,46.56],[9.19,46.562],[9.2,46.562],[9.202,46.56],[9.199,46.555],[9.189,46.555],[9.187,46.553]]],[[[9.168,46.373],[9.157,46.372],[9.154,46.374],[9.156,46.376],[9.164,46.377],[9.168,46.385],[9.158,46.389],[9.161,46.391],[9.166,46.391],[9.163,46.394],[9.168,46.396],[9.178,46.395],[9.181,46.399],[9.188,46.399],[9.189,46.398],[9.185,46.396],[9.183,46.391],[9.189,46.389],[9.187,46.388],[9.184,46.389],[9.174,46.385],[9.174,46.381],[9.177,46.382],[9.182,46.38],[9.177,46.376],[9.168,46.373]]],[[[9.117,46.527],[9.118,46.534],[9.116,46.543],[9.122,46.545],[9.122,46.547],[9.12,46.55],[9.121,46.552],[9.12,46.554],[9.115,46.556],[9.113,46.559],[9.122,46.565],[9.128,46.567],[9.136,46.565],[9.124,46.561],[9.124,46.558],[9.131,46.561],[9.134,46.56],[9.144,46.562],[9.146,46.56],[9.14,46.554],[9.144,46.553],[9.147,46.555],[9.152,46.551],[9.167,46.551],[9.176,46.554],[9.181,46.551],[9.173,46.547],[9.166,46.546],[9.165,46.544],[9.175,46.542],[9.166,46.536],[9.146,46.534],[9.144,46.531],[9.133,46.53],[9.12,46.525],[9.117,46.527]]],[[[9.162,46.567],[9.151,46.567],[9.147,46.565],[9.145,46.567],[9.145,46.572],[9.148,46.573],[9.157,46.57],[9.159,46.572],[9.157,46.572],[9.156,46.576],[9.159,46.578],[9.159,46.583],[9.161,46.584],[9.168,46.583],[9.167,46.578],[9.171,46.574],[9.162,46.567]]],[[[9.076,46.528],[9.071,46.521],[9.078,46.521],[9.087,46.525],[9.091,46.525],[9.103,46.518],[9.107,46.518],[9.105,46.514],[9.107,46.512],[9.116,46.515],[9.118,46.514],[9.117,46.511],[9.113,46.51],[9.103,46.511],[9.101,46.509],[9.094,46.509],[9.087,46.511],[9.08,46.509],[9.071,46.509],[9.067,46.507],[9.064,46.508],[9.052,46.501],[9.054,46.499],[9.057,46.501],[9.085,46.501],[9.087,46.499],[9.085,46.496],[9.086,46.493],[9.09,46.496],[9.119,46.494],[9.121,46.496],[9.129,46.495],[9.135,46.496],[9.147,46.502],[9.147,46.504],[9.149,46.505],[9.153,46.5],[9.152,46.497],[9.135,46.494],[9.132,46.49],[9.127,46.487],[9.129,46.485],[9.135,46.487],[9.14,46.486],[9.142,46.482],[9.138,46.481],[9.134,46.477],[9.136,46.475],[9.141,46.474],[9.148,46.475],[9.15,46.473],[9.148,46.47],[9.15,46.468],[9.138,46.467],[9.134,46.465],[9.127,46.471],[9.127,46.473],[9.115,46.478],[9.109,46.478],[9.105,46.474],[9.102,46.474],[9.109,46.471],[9.109,46.462],[9.112,46.457],[9.105,46.456],[9.09,46.447],[9.091,46.445],[9.094,46.444],[9.09,46.438],[9.091,46.434],[9.094,46.437],[9.097,46.433],[9.091,46.43],[9.088,46.433],[9.078,46.433],[9.075,46.435],[9.074,46.438],[9.078,46.442],[9.07,46.447],[9.071,46.451],[9.08,46.458],[9.084,46.469],[9.082,46.471],[9.06,46.474],[9.053,46.471],[9.049,46.472],[9.044,46.48],[9.033,46.483],[9.033,46.486],[9.039,46.49],[9.028,46.493],[9.022,46.493],[9.018,46.491],[9.012,46.495],[9.007,46.495],[9.008,46.497],[9.013,46.499],[9.012,46.504],[9.009,46.504],[9.008,46.506],[9.013,46.513],[9.007,46.517],[9.009,46.521],[9.015,46.522],[9.014,46.524],[9.017,46.529],[9.009,46.531],[9.0,46.539],[8.995,46.54],[8.992,46.547],[8.994,46.548],[8.997,46.545],[8.999,46.545],[9.0,46.541],[9.001,46.545],[9.003,46.546],[9.016,46.546],[9.018,46.551],[9.016,46.553],[9.017,46.554],[9.02,46.554],[9.023,46.551],[9.033,46.552],[9.034,46.549],[9.033,46.545],[9.029,46.542],[9.029,46.537],[9.022,46.532],[9.022,46.53],[9.029,46.532],[9.029,46.528],[9.032,46.524],[9.029,46.52],[9.023,46.517],[9.025,46.515],[9.034,46.522],[9.047,46.521],[9.047,46.526],[9.044,46.53],[9.048,46.535],[9.052,46.537],[9.052,46.54],[9.05,46.542],[9.052,46.544],[9.059,46.543],[9.065,46.549],[9.075,46.55],[9.077,46.548],[9.073,46.544],[9.075,46.542],[9.085,46.544],[9.086,46.541],[9.081,46.538],[9.078,46.539],[9.068,46.538],[9.062,46.535],[9.058,46.535],[9.06,46.532],[9.068,46.534],[9.069,46.532],[9.075,46.53],[9.076,46.528]]],[[[9.134,46.45],[9.131,46.446],[9.125,46.451],[9.126,46.453],[9.137,46.451],[9.14,46.453],[9.14,46.455],[9.137,46.456],[9.135,46.459],[9.139,46.464],[9.149,46.459],[9.147,46.455],[9.151,46.45],[9.147,46.449],[9.134,46.45]]],[[[9.135,46.628],[9.123,46.628],[9.124,46.631],[9.123,46.633],[9.126,46.635],[9.124,46.637],[9.127,46.638],[9.128,46.635],[9.139,46.63],[9.135,46.628]]],[[[9.095,46.588],[9.085,46.588],[9.083,46.593],[9.088,46.597],[9.087,46.6],[9.096,46.598],[9.098,46.602],[9.097,46.604],[9.1,46.605],[9.106,46.601],[9.116,46.602],[9.106,46.594],[9.093,46.593],[9.097,46.59],[9.095,46.588]]],[[[9.101,46.53],[9.11,46.53],[9.114,46.527],[9.116,46.523],[9.114,46.52],[9.107,46.519],[9.105,46.525],[9.102,46.527],[9.101,46.53]]],[[[9.087,46.39],[9.08,46.39],[9.079,46.393],[9.076,46.395],[9.08,46.397],[9.082,46.404],[9.085,46.406],[9.081,46.408],[9.084,46.41],[9.085,46.413],[9.098,46.417],[9.1,46.42],[9.102,46.415],[9.091,46.408],[9.09,46.406],[9.097,46.406],[9.1,46.404],[9.098,46.401],[9.093,46.399],[9.089,46.395],[9.087,46.39]]],[[[9.07,46.346],[9.066,46.344],[9.053,46.348],[9.056,46.35],[9.059,46.349],[9.066,46.352],[9.072,46.351],[9.079,46.359],[9.082,46.358],[9.086,46.36],[9.09,46.359],[9.089,46.354],[9.092,46.352],[9.072,46.346],[9.069,46.349],[9.07,46.346]]],[[[9.071,46.309],[9.055,46.297],[9.051,46.298],[9.051,46.301],[9.048,46.302],[9.048,46.305],[9.055,46.306],[9.065,46.311],[9.066,46.314],[9.069,46.316],[9.07,46.321],[9.072,46.322],[9.078,46.323],[9.084,46.321],[9.082,46.318],[9.075,46.315],[9.071,46.309]]],[[[8.867,46.566],[8.831,46.564],[8.818,46.572],[8.808,46.573],[8.808,46.579],[8.814,46.581],[8.811,46.585],[8.813,46.59],[8.825,46.593],[8.829,46.596],[8.829,46.594],[8.832,46.593],[8.835,46.596],[8.848,46.596],[8.849,46.594],[8.845,46.59],[8.841,46.59],[8.841,46.586],[8.847,46.58],[8.848,46.577],[8.851,46.582],[8.858,46.584],[8.864,46.59],[8.871,46.591],[8.874,46.586],[8.877,46.589],[8.881,46.589],[8.881,46.591],[8.903,46.598],[8.899,46.6],[8.887,46.6],[8.881,46.602],[8.878,46.605],[8.879,46.609],[8.871,46.611],[8.861,46.618],[8.863,46.621],[8.862,46.623],[8.872,46.628],[8.878,46.627],[8.885,46.634],[8.888,46.632],[8.892,46.633],[8.901,46.639],[8.912,46.64],[8.91,46.645],[8.907,46.647],[8.912,46.651],[8.914,46.649],[8.922,46.647],[8.921,46.645],[8.916,46.645],[8.915,46.642],[8.924,46.641],[8.928,46.641],[8.931,46.643],[8.938,46.642],[8.935,46.644],[8.947,46.647],[8.95,46.644],[8.964,46.646],[8.971,46.639],[8.977,46.643],[8.98,46.641],[8.983,46.645],[8.988,46.641],[8.986,46.64],[8.985,46.637],[8.986,46.636],[8.989,46.637],[8.988,46.639],[8.99,46.64],[8.993,46.639],[8.99,46.637],[8.996,46.635],[8.994,46.63],[8.996,46.628],[8.993,46.625],[8.989,46.625],[8.986,46.622],[8.973,46.622],[8.969,46.624],[8.966,46.622],[8.966,46.619],[8.986,46.616],[8.989,46.618],[9.002,46.621],[9.012,46.627],[9.02,46.625],[9.022,46.631],[9.023,46.627],[9.035,46.623],[9.035,46.62],[9.03,46.618],[9.033,46.614],[9.047,46.609],[9.036,46.603],[9.034,46.598],[9.028,46.595],[9.024,46.6],[9.021,46.601],[9.015,46.599],[9.01,46.603],[9.013,46.605],[9.009,46.607],[9.005,46.612],[9.002,46.61],[8.998,46.61],[8.994,46.605],[8.989,46.602],[8.985,46.604],[8.979,46.604],[8.976,46.601],[8.969,46.602],[8.957,46.597],[8.953,46.597],[8.943,46.608],[8.942,46.611],[8.946,46.613],[8.943,46.613],[8.94,46.615],[8.94,46.617],[8.933,46.616],[8.929,46.618],[8.927,46.616],[8.924,46.619],[8.921,46.618],[8.92,46.615],[8.924,46.614],[8.925,46.611],[8.923,46.609],[8.929,46.606],[8.928,46.6],[8.923,46.595],[8.917,46.594],[8.912,46.591],[8.911,46.588],[8.913,46.584],[8.916,46.582],[8.911,46.58],[8.91,46.577],[8.906,46.577],[8.9,46.58],[8.891,46.575],[8.887,46.574],[8.883,46.575],[8.876,46.573],[8.874,46.57],[8.867,46.566]]],[[[9.034,46.598],[9.044,46.6],[9.05,46.597],[9.064,46.598],[9.056,46.593],[9.06,46.59],[9.076,46.587],[9.082,46.584],[9.073,46.581],[9.06,46.581],[9.053,46.578],[9.047,46.581],[9.04,46.581],[9.032,46.576],[9.033,46.574],[9.037,46.575],[9.037,46.571],[9.041,46.569],[9.038,46.564],[9.026,46.556],[9.023,46.557],[9.017,46.563],[9.01,46.565],[9.01,46.569],[9.012,46.569],[9.013,46.571],[9.006,46.576],[9.009,46.58],[9.011,46.581],[9.014,46.58],[9.017,46.582],[9.019,46.58],[9.018,46.578],[9.012,46.576],[9.018,46.576],[9.024,46.578],[9.027,46.582],[9.033,46.585],[9.034,46.591],[9.032,46.596],[9.034,46.598]]],[[[9.077,46.328],[9.068,46.324],[9.059,46.325],[9.056,46.33],[9.059,46.333],[9.069,46.33],[9.075,46.331],[9.077,46.328]]],[[[9.023,46.65],[9.021,46.65],[9.021,46.655],[9.014,46.659],[9.016,46.664],[9.029,46.66],[9.044,46.659],[9.036,46.657],[9.024,46.657],[9.023,46.65]]],[[[9.008,46.691],[9.010999999999978,46.69299999999999],[9.007,46.691],[9.004,46.693],[9.008,46.694],[9.010999999999996,46.693],[9.014,46.695],[9.02,46.691],[9.02,46.688],[9.017,46.686],[9.027,46.69],[9.032,46.688],[9.03,46.685],[9.026,46.684],[9.024,46.679],[9.017,46.676],[9.013,46.679],[9.012,46.682],[9.01,46.682],[9.006,46.686],[9.008,46.691]]],[[[9.029,47.074],[9.025,47.065],[9.02,47.066],[9.019,47.071],[9.006,47.071],[9.019,47.074],[9.029,47.074]]],[[[8.716,46.942],[8.716,46.944],[8.722,46.946],[8.727,46.946],[8.732,46.943],[8.736,46.943],[8.736,46.945],[8.732,46.944],[8.729,46.948],[8.743,46.946],[8.743,46.948],[8.746,46.951],[8.749,46.951],[8.751,46.953],[8.756,46.952],[8.757,46.95],[8.753,46.941],[8.739,46.933],[8.729,46.93],[8.722,46.925],[8.717,46.919],[8.725,46.923],[8.735,46.924],[8.748,46.922],[8.755,46.925],[8.755,46.923],[8.748,46.919],[8.728,46.913],[8.727,46.912],[8.729,46.91],[8.735,46.909],[8.745,46.911],[8.751,46.908],[8.757,46.908],[8.761,46.906],[8.763,46.903],[8.761,46.901],[8.771,46.905],[8.768,46.907],[8.77,46.91],[8.766,46.912],[8.767,46.916],[8.778,46.922],[8.781,46.92],[8.784,46.922],[8.794,46.919],[8.801,46.926],[8.804,46.922],[8.807,46.922],[8.817,46.927],[8.821,46.926],[8.828,46.916],[8.827,46.914],[8.824,46.915],[8.823,46.913],[8.827,46.911],[8.826,46.909],[8.817,46.906],[8.813,46.907],[8.816,46.911],[8.81,46.914],[8.81,46.91],[8.804,46.911],[8.8,46.906],[8.792,46.909],[8.8,46.905],[8.8,46.903],[8.807,46.902],[8.809,46.9],[8.805,46.896],[8.807,46.89],[8.814,46.896],[8.82,46.898],[8.839,46.898],[8.837,46.895],[8.839,46.894],[8.846,46.895],[8.853,46.893],[8.864,46.897],[8.863,46.9],[8.857,46.904],[8.859,46.906],[8.863,46.906],[8.863,46.909],[8.866,46.911],[8.875,46.913],[8.874,46.917],[8.884,46.922],[8.879,46.922],[8.873,46.919],[8.87,46.922],[8.863,46.923],[8.856,46.927],[8.865,46.931],[8.865,46.933],[8.857,46.94],[8.862,46.944],[8.863,46.947],[8.867,46.949],[8.873,46.947],[8.87,46.944],[8.874,46.946],[8.88,46.944],[8.881,46.947],[8.874,46.952],[8.871,46.95],[8.858,46.954],[8.871,46.957],[8.874,46.96],[8.888,46.962],[8.898,46.969],[8.874,46.969],[8.868,46.974],[8.862,46.976],[8.865,46.981],[8.868,46.98],[8.869,46.985],[8.866,46.989],[8.875,46.998],[8.875,47.004],[8.879,47.007],[8.889,47.008],[8.894,47.012],[8.906,47.014],[8.906,47.011],[8.915,47.005],[8.917,47.002],[8.927,46.998],[8.93,46.993],[8.937,46.989],[8.95,46.987],[8.954,46.988],[8.955,46.991],[8.953,46.993],[8.957,46.995],[8.961,46.996],[8.967,46.995],[8.973,46.997],[8.963,46.999],[8.963,47.002],[8.967,47.004],[8.967,47.007],[8.944,47.008],[8.941,47.011],[8.945,47.014],[8.961,47.01],[8.968,47.013],[8.974,47.01],[8.981,47.009],[8.982,47.015],[8.984,47.016],[8.991,47.017],[8.997,47.015],[9.001,47.016],[9.007,47.013],[9.01,47.015],[9.014,47.015],[9.018,47.021],[9.018,47.019],[9.024,47.017],[9.026,47.014],[9.024,47.012],[9.027,47.011],[9.027,47.007],[9.017,47.005],[9.01,47.0],[9.007,47.001],[8.997,46.994],[9.003,46.996],[9.005,46.994],[9.003,46.99],[9.003,46.98],[8.996,46.982],[8.986,46.982],[8.983,46.98],[8.98,46.983],[8.976,46.979],[8.955,46.973],[8.957,46.971],[8.963,46.97],[8.99,46.968],[8.994,46.965],[8.987,46.963],[8.988,46.961],[8.986,46.96],[8.969,46.96],[8.965,46.957],[8.968,46.954],[8.968,46.952],[8.965,46.952],[8.963,46.954],[8.961,46.95],[8.958,46.948],[8.958,46.946],[8.955,46.943],[8.955,46.939],[8.958,46.934],[8.965,46.932],[8.967,46.93],[8.959,46.927],[8.949,46.926],[8.935,46.921],[8.929,46.917],[8.919,46.915],[8.906,46.909],[8.902,46.909],[8.899,46.906],[8.886,46.903],[8.883,46.897],[8.874,46.895],[8.875,46.889],[8.877,46.888],[8.875,46.886],[8.872,46.886],[8.869,46.882],[8.865,46.88],[8.855,46.877],[8.852,46.873],[8.84,46.88],[8.829,46.883],[8.816,46.88],[8.803,46.885],[8.793,46.886],[8.787,46.89],[8.78,46.89],[8.771,46.894],[8.761,46.896],[8.757,46.894],[8.738,46.901],[8.731,46.901],[8.719,46.915],[8.709,46.915],[8.7,46.919],[8.7,46.922],[8.697,46.924],[8.695,46.928],[8.696,46.932],[8.699,46.93],[8.703,46.93],[8.701,46.933],[8.701,46.937],[8.703,46.939],[8.706,46.937],[8.716,46.942]],[[8.761,46.901],[8.758,46.904],[8.756,46.903],[8.761,46.901]],[[8.87,46.944],[8.867,46.945],[8.867,46.943],[8.87,46.944]]],[[[9.011,46.459],[8.997,46.457],[8.994,46.459],[8.993,46.464],[8.989,46.466],[8.988,46.471],[8.981,46.473],[8.981,46.477],[8.984,46.48],[8.992,46.481],[8.995,46.483],[9.008,46.485],[9.01,46.484],[9.007,46.481],[9.01,46.479],[9.006,46.473],[9.006,46.47],[9.008,46.468],[9.011,46.468],[9.01,46.466],[9.013,46.461],[9.011,46.459]]],[[[8.969,47.049],[8.958,47.049],[8.955,47.051],[8.955,47.054],[8.969,47.058],[8.965,47.06],[8.976,47.061],[8.979,47.063],[8.996,47.062],[8.999,47.064],[9.005,47.064],[9.011,47.062],[8.998,47.057],[8.985,47.058],[8.979,47.052],[8.969,47.049]]],[[[8.916,47.044],[8.909,47.04],[8.903,47.042],[8.899,47.045],[8.903,47.046],[8.906,47.049],[8.92,47.049],[8.922,47.052],[8.926,47.051],[8.933,47.054],[8.936,47.052],[8.936,47.054],[8.932,47.056],[8.943,47.065],[8.949,47.067],[8.951,47.063],[8.948,47.058],[8.949,47.053],[8.936,47.046],[8.932,47.046],[8.926,47.043],[8.916,47.044]]],[[[8.949,47.067],[8.947,47.069],[8.947,47.072],[8.956,47.073],[8.958,47.071],[8.953,47.067],[8.949,47.067]]],[[[8.95,46.662],[8.915,46.655],[8.913,46.656],[8.912,46.66],[8.909,46.661],[8.917,46.663],[8.916,46.665],[8.922,46.666],[8.928,46.663],[8.935,46.666],[8.941,46.663],[8.95,46.662]]],[[[8.856,47.005],[8.842,47.004],[8.839,47.007],[8.836,47.007],[8.833,47.005],[8.826,47.004],[8.824,47.008],[8.826,47.011],[8.833,47.01],[8.836,47.013],[8.839,47.01],[8.843,47.01],[8.842,47.012],[8.846,47.014],[8.849,47.011],[8.859,47.013],[8.86,47.012],[8.856,47.005]]],[[[8.845,46.553],[8.84,46.548],[8.837,46.551],[8.837,46.555],[8.831,46.558],[8.837,46.561],[8.843,46.558],[8.842,46.556],[8.845,46.553]]],[[[8.756,46.539],[8.749,46.543],[8.767,46.543],[8.767,46.545],[8.763,46.548],[8.759,46.547],[8.757,46.55],[8.764,46.557],[8.779,46.563],[8.782,46.566],[8.788,46.563],[8.786,46.559],[8.789,46.55],[8.782,46.544],[8.773,46.543],[8.776,46.541],[8.773,46.538],[8.777,46.536],[8.773,46.534],[8.774,46.532],[8.771,46.529],[8.774,46.529],[8.776,46.532],[8.781,46.534],[8.788,46.533],[8.79,46.532],[8.789,46.529],[8.791,46.528],[8.798,46.531],[8.804,46.526],[8.807,46.526],[8.81,46.529],[8.814,46.525],[8.817,46.526],[8.82,46.524],[8.82,46.522],[8.81,46.518],[8.807,46.521],[8.801,46.523],[8.791,46.522],[8.784,46.517],[8.774,46.521],[8.767,46.521],[8.765,46.519],[8.758,46.521],[8.761,46.524],[8.765,46.525],[8.758,46.526],[8.752,46.524],[8.749,46.528],[8.736,46.533],[8.718,46.535],[8.718,46.537],[8.722,46.539],[8.719,46.541],[8.723,46.544],[8.733,46.542],[8.739,46.538],[8.746,46.54],[8.752,46.538],[8.756,46.539]]],[[[7.089,46.179],[7.089,46.187],[7.082,46.188],[7.08,46.193],[7.076,46.197],[7.069,46.2],[7.061,46.206],[7.067,46.208],[7.068,46.211],[7.063,46.214],[7.062,46.217],[7.066,46.219],[7.069,46.218],[7.072,46.222],[7.076,46.223],[7.078,46.222],[7.078,46.217],[7.103,46.217],[7.109,46.22],[7.108,46.222],[7.112,46.224],[7.11,46.226],[7.111,46.228],[7.115,46.227],[7.116,46.229],[7.115,46.232],[7.113,46.233],[7.117,46.238],[7.115,46.244],[7.121,46.249],[7.129,46.251],[7.132,46.254],[7.131,46.256],[7.144,46.263],[7.141,46.265],[7.144,46.268],[7.147,46.267],[7.145,46.269],[7.147,46.271],[7.159,46.276],[7.156,46.278],[7.149,46.278],[7.144,46.281],[7.149,46.283],[7.15,46.29],[7.149,46.292],[7.153,46.293],[7.156,46.292],[7.156,46.29],[7.163,46.29],[7.167,46.294],[7.164,46.296],[7.165,46.299],[7.168,46.299],[7.169,46.297],[7.17,46.299],[7.166,46.302],[7.16,46.302],[7.15,46.305],[7.143,46.303],[7.132,46.303],[7.137,46.304],[7.143,46.313],[7.153,46.316],[7.156,46.315],[7.157,46.319],[7.159,46.32],[7.166,46.316],[7.179,46.316],[7.187,46.321],[7.189,46.323],[7.188,46.326],[7.19,46.328],[7.192,46.33],[7.196,46.33],[7.192,46.333],[7.185,46.333],[7.181,46.335],[7.185,46.341],[7.195,46.343],[7.207,46.341],[7.211,46.349],[7.222,46.35],[7.224,46.352],[7.231,46.353],[7.237,46.352],[7.239,46.35],[7.239,46.348],[7.236,46.346],[7.237,46.342],[7.244,46.343],[7.25,46.348],[7.256,46.35],[7.257,46.363],[7.266,46.365],[7.27,46.368],[7.273,46.366],[7.276,46.367],[7.279,46.364],[7.292,46.363],[7.293,46.364],[7.29,46.366],[7.302,46.367],[7.304,46.369],[7.301,46.371],[7.304,46.373],[7.303,46.375],[7.299,46.378],[7.318,46.384],[7.322,46.38],[7.325,46.379],[7.329,46.38],[7.331,46.374],[7.338,46.374],[7.348,46.382],[7.357,46.379],[7.364,46.382],[7.365,46.384],[7.364,46.387],[7.367,46.39],[7.375,46.393],[7.374,46.397],[7.362,46.402],[7.362,46.405],[7.38,46.405],[7.376,46.4],[7.383,46.393],[7.396,46.395],[7.413,46.4],[7.415,46.398],[7.413,46.396],[7.399,46.391],[7.399,46.389],[7.403,46.391],[7.414,46.389],[7.413,46.387],[7.416,46.386],[7.455,46.397],[7.458,46.401],[7.461,46.402],[7.462,46.405],[7.468,46.407],[7.478,46.406],[7.481,46.408],[7.484,46.407],[7.504,46.416],[7.505,46.42],[7.51,46.423],[7.517,46.424],[7.53,46.429],[7.521,46.434],[7.513,46.435],[7.51,46.441],[7.507,46.44],[7.504,46.442],[7.494,46.444],[7.494,46.446],[7.51,46.449],[7.513,46.447],[7.52,46.446],[7.523,46.447],[7.525,46.45],[7.542,46.456],[7.543,46.458],[7.545,46.454],[7.548,46.452],[7.543,46.442],[7.539,46.444],[7.536,46.436],[7.556,46.444],[7.572,46.442],[7.575,46.444],[7.579,46.444],[7.569,46.451],[7.566,46.45],[7.564,46.452],[7.572,46.453],[7.575,46.451],[7.582,46.451],[7.582,46.454],[7.594,46.458],[7.592,46.462],[7.585,46.465],[7.583,46.472],[7.599,46.474],[7.601,46.471],[7.603,46.472],[7.602,46.474],[7.605,46.476],[7.611,46.476],[7.608,46.479],[7.614,46.484],[7.619,46.485],[7.621,46.487],[7.624,46.483],[7.606,46.467],[7.604,46.463],[7.596,46.458],[7.599,46.458],[7.605,46.462],[7.609,46.461],[7.608,46.458],[7.601,46.454],[7.601,46.452],[7.604,46.449],[7.602,46.447],[7.607,46.443],[7.614,46.447],[7.624,46.45],[7.625,46.449],[7.626,46.447],[7.622,46.44],[7.614,46.432],[7.614,46.429],[7.618,46.433],[7.62,46.431],[7.624,46.431],[7.628,46.434],[7.621,46.436],[7.624,46.439],[7.627,46.437],[7.634,46.437],[7.637,46.439],[7.644,46.437],[7.647,46.438],[7.646,46.445],[7.655,46.449],[7.655,46.452],[7.657,46.454],[7.663,46.456],[7.666,46.453],[7.67,46.455],[7.673,46.454],[7.683,46.443],[7.682,46.447],[7.689,46.449],[7.687,46.452],[7.696,46.451],[7.698,46.449],[7.694,46.447],[7.696,46.446],[7.699,46.449],[7.705,46.445],[7.705,46.442],[7.709,46.441],[7.707,46.436],[7.712,46.433],[7.718,46.437],[7.728,46.439],[7.741,46.439],[7.748,46.445],[7.751,46.443],[7.754,46.447],[7.759,46.449],[7.759,46.451],[7.766,46.458],[7.765,46.46],[7.768,46.463],[7.768,46.465],[7.762,46.469],[7.765,46.472],[7.764,46.473],[7.754,46.472],[7.745,46.467],[7.741,46.463],[7.728,46.461],[7.722,46.462],[7.718,46.465],[7.718,46.467],[7.715,46.468],[7.712,46.467],[7.699,46.472],[7.689,46.47],[7.683,46.471],[7.681,46.472],[7.686,46.475],[7.693,46.473],[7.695,46.474],[7.693,46.476],[7.689,46.476],[7.684,46.483],[7.686,46.484],[7.693,46.48],[7.7,46.483],[7.701,46.488],[7.715,46.488],[7.725,46.491],[7.732,46.491],[7.735,46.489],[7.75,46.496],[7.741,46.501],[7.739,46.508],[7.746,46.512],[7.74,46.514],[7.738,46.517],[7.732,46.516],[7.731,46.517],[7.734,46.519],[7.732,46.52],[7.725,46.519],[7.718,46.514],[7.714,46.514],[7.713,46.517],[7.703,46.516],[7.7,46.519],[7.712,46.524],[7.719,46.525],[7.722,46.528],[7.72,46.53],[7.725,46.534],[7.735,46.538],[7.743,46.537],[7.742,46.535],[7.735,46.533],[7.735,46.53],[7.738,46.529],[7.745,46.531],[7.751,46.536],[7.764,46.535],[7.765,46.532],[7.763,46.528],[7.764,46.527],[7.778,46.532],[7.779,46.528],[7.777,46.526],[7.777,46.522],[7.781,46.525],[7.784,46.525],[7.789,46.521],[7.787,46.519],[7.787,46.515],[7.79,46.514],[7.792,46.519],[7.797,46.52],[7.798,46.525],[7.796,46.528],[7.801,46.53],[7.802,46.532],[7.792,46.537],[7.8,46.539],[7.807,46.537],[7.81,46.539],[7.8,46.543],[7.796,46.546],[7.796,46.548],[7.788,46.55],[7.788,46.553],[7.773,46.559],[7.788,46.562],[7.792,46.561],[7.793,46.564],[7.801,46.563],[7.804,46.566],[7.807,46.566],[7.807,46.568],[7.81,46.571],[7.815,46.573],[7.817,46.577],[7.81,46.58],[7.807,46.579],[7.806,46.582],[7.81,46.586],[7.807,46.588],[7.801,46.589],[7.788,46.587],[7.783,46.591],[7.784,46.593],[7.794,46.594],[7.798,46.596],[7.804,46.592],[7.808,46.593],[7.812,46.597],[7.809,46.602],[7.809,46.604],[7.811,46.605],[7.82,46.602],[7.831,46.602],[7.837,46.603],[7.843,46.61],[7.85,46.612],[7.856,46.611],[7.845,46.602],[7.843,46.597],[7.845,46.593],[7.842,46.591],[7.838,46.584],[7.84,46.58],[7.842,46.584],[7.846,46.587],[7.85,46.587],[7.855,46.591],[7.863,46.594],[7.867,46.593],[7.866,46.59],[7.862,46.588],[7.865,46.584],[7.865,46.581],[7.869,46.582],[7.874,46.579],[7.876,46.574],[7.863,46.569],[7.859,46.564],[7.849,46.561],[7.843,46.555],[7.836,46.557],[7.823,46.553],[7.823,46.55],[7.827,46.552],[7.829,46.548],[7.832,46.546],[7.832,46.543],[7.835,46.541],[7.828,46.537],[7.826,46.532],[7.822,46.528],[7.823,46.525],[7.828,46.523],[7.828,46.521],[7.846,46.521],[7.852,46.523],[7.85,46.525],[7.852,46.526],[7.856,46.524],[7.866,46.525],[7.869,46.527],[7.875,46.525],[7.872,46.522],[7.863,46.519],[7.858,46.514],[7.862,46.504],[7.875,46.51],[7.882,46.51],[7.895,46.505],[7.892,46.507],[7.908,46.51],[7.914,46.513],[7.918,46.521],[7.917,46.523],[7.921,46.524],[7.924,46.522],[7.926,46.523],[7.931,46.529],[7.931,46.532],[7.937,46.538],[7.937,46.541],[7.931,46.536],[7.924,46.54],[7.923,46.543],[7.925,46.545],[7.925,46.548],[7.929,46.55],[7.921,46.554],[7.921,46.557],[7.934,46.557],[7.941,46.562],[7.947,46.56],[7.961,46.561],[7.962,46.568],[7.971,46.572],[7.972,46.574],[7.967,46.576],[7.967,46.582],[7.971,46.581],[7.987,46.589],[8.026,46.597],[8.036,46.604],[8.042,46.601],[8.038,46.596],[8.034,46.594],[8.042,46.596],[8.044,46.594],[8.041,46.59],[8.042,46.589],[8.049,46.586],[8.057,46.585],[8.058,46.581],[8.062,46.581],[8.065,46.583],[8.065,46.585],[8.075,46.585],[8.078,46.587],[8.085,46.587],[8.089,46.589],[8.09,46.592],[8.088,46.592],[8.084,46.596],[8.085,46.599],[8.081,46.597],[8.075,46.6],[8.074,46.601],[8.077,46.603],[8.077,46.605],[8.068,46.606],[8.067,46.612],[8.062,46.612],[8.062,46.615],[8.063,46.617],[8.069,46.619],[8.075,46.624],[8.091,46.618],[8.095,46.618],[8.098,46.621],[8.104,46.623],[8.095,46.625],[8.094,46.632],[8.09,46.634],[8.094,46.637],[8.095,46.64],[8.098,46.638],[8.099,46.639],[8.095,46.641],[8.102,46.645],[8.101,46.652],[8.103,46.655],[8.095,46.661],[8.094,46.666],[8.086,46.672],[8.082,46.671],[8.076,46.673],[8.076,46.676],[8.073,46.67],[8.071,46.67],[8.069,46.674],[8.068,46.67],[8.066,46.669],[8.063,46.669],[8.059,46.674],[8.057,46.673],[8.053,46.664],[8.043,46.667],[8.036,46.667],[8.032,46.664],[8.035,46.662],[8.033,46.66],[8.027,46.66],[8.024,46.662],[8.01,46.664],[8.003,46.669],[8.001,46.666],[7.987,46.664],[7.978,46.66],[7.974,46.662],[7.973,46.666],[7.971,46.667],[7.968,46.664],[7.949,46.671],[7.957,46.676],[7.968,46.679],[7.971,46.678],[7.983,46.682],[7.988,46.691],[7.991,46.687],[7.991,46.683],[8.0,46.684],[8.017,46.689],[8.025,46.689],[8.03,46.688],[8.032,46.686],[8.046,46.684],[8.054,46.691],[8.039,46.695],[8.05,46.702],[8.052,46.707],[8.049,46.709],[8.053,46.711],[8.055,46.709],[8.054,46.707],[8.056,46.704],[8.069,46.706],[8.079,46.71],[8.089,46.709],[8.1,46.711],[8.104,46.706],[8.104969696969697,46.70212121212121],[8.109,46.705],[8.122,46.706],[8.126,46.704],[8.124,46.706],[8.128,46.708],[8.132,46.707],[8.135,46.709],[8.149,46.702],[8.145,46.701],[8.138,46.703],[8.137,46.699],[8.128,46.692],[8.122,46.697],[8.11,46.695],[8.111,46.686],[8.117,46.684],[8.115,46.682],[8.105,46.68],[8.095,46.683],[8.092,46.682],[8.087599999999995,46.682880000000004],[8.096,46.677],[8.092,46.672],[8.097,46.67],[8.095,46.664],[8.098,46.661],[8.105,46.662],[8.107,46.661],[8.106,46.659],[8.108,46.656],[8.12,46.654],[8.121,46.657],[8.131,46.66],[8.138,46.669],[8.141,46.667],[8.144,46.669],[8.148,46.668],[8.147,46.66],[8.151,46.661],[8.157,46.669],[8.161,46.67],[8.164,46.664],[8.17,46.665],[8.173,46.661],[8.17,46.659],[8.174,46.656],[8.177,46.658],[8.186,46.654],[8.183,46.651],[8.186,46.647],[8.19,46.646],[8.196,46.641],[8.209,46.637],[8.223,46.636],[8.219,46.631],[8.221,46.629],[8.219,46.626],[8.216,46.624],[8.212,46.625],[8.215,46.62],[8.219,46.622],[8.222,46.621],[8.224,46.622],[8.225,46.625],[8.229,46.624],[8.238,46.63],[8.246,46.631],[8.249,46.633],[8.25,46.638],[8.239,46.648],[8.229,46.654],[8.226,46.658],[8.227,46.661],[8.229,46.662],[8.231,46.66],[8.239,46.659],[8.255,46.659],[8.257,46.658],[8.256,46.656],[8.251,46.651],[8.249,46.65],[8.245,46.651],[8.248,46.645],[8.269,46.647],[8.27,46.644],[8.275,46.644],[8.278,46.646],[8.281,46.643],[8.286,46.642],[8.281,46.631],[8.282,46.629],[8.287,46.628],[8.289,46.626],[8.284,46.624],[8.278,46.624],[8.275,46.622],[8.274,46.62],[8.275,46.617],[8.279,46.615],[8.272,46.608],[8.272,46.606],[8.274,46.604],[8.277,46.607],[8.287,46.61],[8.294,46.609],[8.295,46.608],[8.291,46.606],[8.292,46.604],[8.297,46.602],[8.301,46.604],[8.301,46.602],[8.307,46.6],[8.31,46.597],[8.309,46.592],[8.313,46.588],[8.318,46.586],[8.321,46.581],[8.321,46.579],[8.319,46.578],[8.309,46.58],[8.303,46.576],[8.299,46.577],[8.287,46.574],[8.279,46.575],[8.277,46.574],[8.267,46.578],[8.252,46.577],[8.251,46.578],[8.247,46.576],[8.238,46.58],[8.225,46.575],[8.221,46.575],[8.214,46.577],[8.212,46.579],[8.205,46.58],[8.182,46.58],[8.185,46.577],[8.189,46.576],[8.205,46.575],[8.221,46.568],[8.238,46.567],[8.251,46.563],[8.264,46.562],[8.272,46.557],[8.267,46.552],[8.257,46.555],[8.244,46.548],[8.229,46.544],[8.237,46.543],[8.24,46.54],[8.247,46.54],[8.27,46.544],[8.276,46.548],[8.272,46.55],[8.272,46.552],[8.275,46.554],[8.276,46.557],[8.286,46.558],[8.316,46.569],[8.329,46.567],[8.334,46.57],[8.342,46.572],[8.345,46.574],[8.346,46.579],[8.338,46.588],[8.342,46.59],[8.339,46.594],[8.341,46.599],[8.336,46.601],[8.338,46.603],[8.336,46.607],[8.327,46.61],[8.336,46.614],[8.339,46.613],[8.341,46.615],[8.339,46.617],[8.346,46.618],[8.349,46.62],[8.343,46.626],[8.335,46.63],[8.336,46.633],[8.333,46.637],[8.332,46.633],[8.327,46.629],[8.323,46.631],[8.322,46.633],[8.323,46.635],[8.32,46.637],[8.32,46.644],[8.322,46.646],[8.32,46.65],[8.325,46.655],[8.325,46.664],[8.316,46.664],[8.311,46.672],[8.304,46.674],[8.303,46.678],[8.306,46.68],[8.305,46.681],[8.297,46.682],[8.296,46.685],[8.294,46.685],[8.292,46.681],[8.288,46.682],[8.288,46.685],[8.29,46.687],[8.288,46.689],[8.279,46.692],[8.272,46.692],[8.271,46.694],[8.266,46.696],[8.269,46.698],[8.279,46.698],[8.281,46.701],[8.289,46.7],[8.289,46.703],[8.305,46.705],[8.308,46.708],[8.312,46.706],[8.315,46.709],[8.32,46.707],[8.32,46.705],[8.323,46.703],[8.322,46.7],[8.331,46.699],[8.334,46.697],[8.344,46.698],[8.351,46.696],[8.347,46.691],[8.352,46.687],[8.357,46.679],[8.37,46.682],[8.368,46.684],[8.369,46.689],[8.366,46.695],[8.366,46.7],[8.36,46.702],[8.358,46.705],[8.351,46.706],[8.346,46.711],[8.343,46.714],[8.344,46.722],[8.348,46.725],[8.351,46.724],[8.354,46.725],[8.358,46.729],[8.364,46.727],[8.367,46.729],[8.374,46.73],[8.403,46.728],[8.41,46.73],[8.417,46.729],[8.423,46.732],[8.426,46.731],[8.43,46.733],[8.42,46.737],[8.406,46.74],[8.407,46.742],[8.389,46.747],[8.402,46.751],[8.404,46.754],[8.418,46.762],[8.414,46.766],[8.407,46.769],[8.404,46.768],[8.402,46.765],[8.396,46.765],[8.394,46.763],[8.386,46.763],[8.381,46.76],[8.375,46.76],[8.368,46.757],[8.358,46.757],[8.329,46.75],[8.315,46.744],[8.31,46.745],[8.316,46.751],[8.322,46.75],[8.324,46.757],[8.327,46.761],[8.349,46.765],[8.344,46.768],[8.345,46.771],[8.358,46.771],[8.372,46.776],[8.372,46.779],[8.369,46.781],[8.362,46.78],[8.359,46.782],[8.352,46.782],[8.346,46.784],[8.336,46.784],[8.326,46.779],[8.317,46.777],[8.316,46.774],[8.286,46.755],[8.276,46.753],[8.273,46.755],[8.269,46.748],[8.25,46.735],[8.247,46.737],[8.245,46.741],[8.247,46.743],[8.25,46.743],[8.25,46.746],[8.252,46.748],[8.25,46.751],[8.255,46.753],[8.258,46.759],[8.257,46.76],[8.253,46.76],[8.251,46.762],[8.244,46.764],[8.234,46.76],[8.22,46.762],[8.224,46.762],[8.235,46.766],[8.236,46.768],[8.234,46.774],[8.231,46.777],[8.232,46.78],[8.23,46.784],[8.237,46.785],[8.238,46.791],[8.241,46.79],[8.247,46.792],[8.251,46.797],[8.252,46.791],[8.251,46.788],[8.245,46.786],[8.244,46.78],[8.243,46.782],[8.24,46.782],[8.235,46.78],[8.241,46.772],[8.244,46.777],[8.248,46.777],[8.26,46.783],[8.27,46.783],[8.28,46.787],[8.29,46.785],[8.302,46.788],[8.304,46.79],[8.302,46.795],[8.31,46.793],[8.307,46.795],[8.312,46.797],[8.313,46.799],[8.317,46.799],[8.313,46.802],[8.315,46.804],[8.326,46.808],[8.33,46.808],[8.326,46.811],[8.312,46.811],[8.317,46.813],[8.318,46.815],[8.315,46.817],[8.32,46.82],[8.326,46.818],[8.33,46.819],[8.333,46.818],[8.343,46.81],[8.341,46.813],[8.347,46.813],[8.349,46.804],[8.352,46.805],[8.353,46.801],[8.359,46.797],[8.365,46.794],[8.372,46.793],[8.375,46.79],[8.381,46.788],[8.382,46.785],[8.383,46.79],[8.385,46.791],[8.405,46.785],[8.407,46.787],[8.4,46.794],[8.401,46.795],[8.409,46.794],[8.415,46.798],[8.418,46.797],[8.421,46.798],[8.422,46.794],[8.42,46.792],[8.421,46.789],[8.431,46.793],[8.443,46.792],[8.439,46.78],[8.437,46.778],[8.447,46.784],[8.454,46.783],[8.463,46.786],[8.466,46.782],[8.47,46.782],[8.473,46.784],[8.479,46.784],[8.482,46.787],[8.481,46.789],[8.483,46.79],[8.49,46.79],[8.496,46.794],[8.506,46.795],[8.506,46.798],[8.513,46.8],[8.51,46.802],[8.51,46.809],[8.513,46.811],[8.513,46.814],[8.516,46.818],[8.514,46.82],[8.516,46.822],[8.515,46.825],[8.517,46.827],[8.526,46.826],[8.53,46.829],[8.53,46.834],[8.52,46.832],[8.514,46.836],[8.509,46.836],[8.51,46.84],[8.521,46.845],[8.507,46.845],[8.504,46.841],[8.504,46.838],[8.509,46.834],[8.507,46.832],[8.5,46.831],[8.494,46.834],[8.496,46.832],[8.496,46.829],[8.493,46.827],[8.494,46.825],[8.499,46.825],[8.5,46.822],[8.497,46.819],[8.49,46.817],[8.487,46.813],[8.485,46.814],[8.484,46.819],[8.48,46.817],[8.474,46.808],[8.469,46.809],[8.465,46.812],[8.47,46.813],[8.472,46.818],[8.466,46.825],[8.464,46.826],[8.451,46.824],[8.45,46.825],[8.449,46.827],[8.453,46.834],[8.447,46.836],[8.451,46.839],[8.45,46.843],[8.451,46.845],[8.44,46.85],[8.448,46.853],[8.448,46.855],[8.422,46.853],[8.419,46.855],[8.412,46.856],[8.408,46.859],[8.418,46.864],[8.428,46.861],[8.426,46.864],[8.438,46.866],[8.449,46.863],[8.447,46.866],[8.448,46.868],[8.459,46.872],[8.46,46.875],[8.455,46.874],[8.449,46.875],[8.447,46.877],[8.455,46.878],[8.472,46.885],[8.475,46.885],[8.477,46.883],[8.471,46.879],[8.472,46.877],[8.475,46.878],[8.478,46.876],[8.482,46.876],[8.484,46.874],[8.498,46.873],[8.5,46.87],[8.497,46.865],[8.498,46.863],[8.501,46.862],[8.508,46.863],[8.514,46.866],[8.524,46.865],[8.529,46.867],[8.524,46.869],[8.525,46.874],[8.527,46.875],[8.534,46.876],[8.537,46.872],[8.545,46.872],[8.547,46.87],[8.554,46.873],[8.557,46.872],[8.567,46.878],[8.571,46.878],[8.573,46.882],[8.575,46.88],[8.574,46.876],[8.57,46.872],[8.567,46.873],[8.56,46.869],[8.558,46.862],[8.555,46.858],[8.556,46.853],[8.55,46.847],[8.533,46.838],[8.553,46.841],[8.558,46.838],[8.553,46.83],[8.559,46.828],[8.572,46.828],[8.579,46.832],[8.582,46.832],[8.59,46.828],[8.579,46.823],[8.569,46.822],[8.566,46.82],[8.556,46.82],[8.553,46.817],[8.542,46.815],[8.539,46.811],[8.545,46.806],[8.541,46.802],[8.548,46.8],[8.55,46.797],[8.556,46.797],[8.56,46.799],[8.557,46.802],[8.563,46.802],[8.566,46.799],[8.564,46.797],[8.568,46.794],[8.578,46.795],[8.581,46.797],[8.582,46.803],[8.582,46.801],[8.587,46.799],[8.582,46.797],[8.585,46.795],[8.591,46.799],[8.608,46.796],[8.609,46.797],[8.607,46.799],[8.611,46.8],[8.614,46.797],[8.612,46.794],[8.598,46.792],[8.597,46.788],[8.594,46.787],[8.591,46.789],[8.585,46.786],[8.583,46.783],[8.584,46.782],[8.601,46.783],[8.607,46.781],[8.608,46.779],[8.601,46.776],[8.591,46.776],[8.589,46.774],[8.591,46.772],[8.588,46.772],[8.586,46.77],[8.588,46.768],[8.585,46.765],[8.583,46.765],[8.581,46.769],[8.578,46.766],[8.571,46.768],[8.568,46.766],[8.561,46.771],[8.555,46.77],[8.552,46.766],[8.553,46.763],[8.548,46.759],[8.548,46.757],[8.558,46.754],[8.564,46.75],[8.577,46.748],[8.577,46.745],[8.571,46.742],[8.564,46.744],[8.551,46.743],[8.548,46.745],[8.544,46.745],[8.543,46.748],[8.546,46.752],[8.545,46.753],[8.539,46.752],[8.535,46.756],[8.528,46.756],[8.526,46.757],[8.525,46.761],[8.522,46.754],[8.52,46.755],[8.52,46.757],[8.512,46.76],[8.511,46.762],[8.512,46.766],[8.509,46.767],[8.492,46.766],[8.493,46.762],[8.499,46.758],[8.496,46.755],[8.497,46.753],[8.495,46.75],[8.492,46.752],[8.482,46.75],[8.473,46.754],[8.466,46.749],[8.461,46.749],[8.459,46.744],[8.455,46.74],[8.456,46.734],[8.464,46.74],[8.472,46.743],[8.485,46.741],[8.494,46.737],[8.502,46.736],[8.518,46.727],[8.528,46.727],[8.533,46.723],[8.527,46.721],[8.527,46.716],[8.531,46.715],[8.537,46.71],[8.55,46.708],[8.551,46.71],[8.557,46.71],[8.563,46.709],[8.57,46.705],[8.563,46.703],[8.56,46.705],[8.556,46.703],[8.555,46.696],[8.547,46.692],[8.55,46.689],[8.567,46.689],[8.566,46.686],[8.556,46.686],[8.546,46.683],[8.537,46.685],[8.527,46.681],[8.523,46.685],[8.52,46.682],[8.514,46.682],[8.51,46.683],[8.502,46.69],[8.493,46.692],[8.495,46.69],[8.493,46.688],[8.493,46.685],[8.5,46.676],[8.497,46.674],[8.498,46.672],[8.51,46.669],[8.512,46.667],[8.511,46.665],[8.5,46.665],[8.494,46.661],[8.483,46.658],[8.477,46.658],[8.448,46.67],[8.444,46.67],[8.448,46.665],[8.44,46.663],[8.445,46.659],[8.449,46.659],[8.451,46.656],[8.458,46.653],[8.463,46.647],[8.458,46.645],[8.457,46.643],[8.467,46.642],[8.474,46.644],[8.483,46.64],[8.48,46.638],[8.493,46.642],[8.497,46.641],[8.506,46.644],[8.513,46.644],[8.516,46.646],[8.526,46.646],[8.533,46.648],[8.536,46.647],[8.536,46.649],[8.552,46.649],[8.556,46.651],[8.564,46.649],[8.562,46.647],[8.559,46.647],[8.557,46.644],[8.549,46.643],[8.549,46.639],[8.545,46.637],[8.54,46.631],[8.532,46.631],[8.529,46.635],[8.526,46.631],[8.523,46.631],[8.519,46.634],[8.516,46.631],[8.513,46.632],[8.508,46.629],[8.514,46.627],[8.514,46.624],[8.509,46.625],[8.5,46.622],[8.501,46.625],[8.498,46.625],[8.5,46.62],[8.493,46.616],[8.473,46.62],[8.481,46.611],[8.488,46.607],[8.473,46.596],[8.47,46.597],[8.463,46.595],[8.453,46.596],[8.438,46.587],[8.443,46.586],[8.46,46.588],[8.464,46.587],[8.47,46.582],[8.479,46.58],[8.482,46.577],[8.466,46.567],[8.454,46.562],[8.462,46.56],[8.485,46.569],[8.492,46.566],[8.495,46.569],[8.505,46.56],[8.505,46.564],[8.503,46.566],[8.505,46.568],[8.504,46.58],[8.506,46.584],[8.519,46.596],[8.528,46.597],[8.541,46.602],[8.545,46.602],[8.55,46.604],[8.55,46.606],[8.553,46.606],[8.55,46.597],[8.547,46.595],[8.55,46.59],[8.552,46.575],[8.551,46.573],[8.547,46.573],[8.544,46.575],[8.547,46.572],[8.547,46.569],[8.55,46.57],[8.551,46.572],[8.557,46.571],[8.56,46.573],[8.564,46.573],[8.565,46.579],[8.568,46.581],[8.567,46.587],[8.571,46.592],[8.577,46.588],[8.587,46.588],[8.591,46.59],[8.592,46.594],[8.578,46.601],[8.58,46.604],[8.584,46.606],[8.582,46.61],[8.583,46.615],[8.597,46.611],[8.597,46.621],[8.601,46.616],[8.604,46.619],[8.602,46.621],[8.608,46.624],[8.624,46.622],[8.628,46.619],[8.627,46.617],[8.634,46.614],[8.636,46.609],[8.64,46.609],[8.649,46.603],[8.651,46.601],[8.651,46.596],[8.646,46.594],[8.649,46.593],[8.662,46.599],[8.665,46.597],[8.67,46.6],[8.667,46.605],[8.662,46.609],[8.662,46.611],[8.669,46.617],[8.675,46.618],[8.669,46.619],[8.663,46.617],[8.661,46.623],[8.659,46.624],[8.656,46.623],[8.656,46.628],[8.653,46.627],[8.648,46.63],[8.652,46.634],[8.65,46.635],[8.647,46.633],[8.643,46.638],[8.64,46.638],[8.636,46.641],[8.64,46.649],[8.65,46.652],[8.65,46.655],[8.654,46.656],[8.655,46.659],[8.657,46.66],[8.664,46.66],[8.67,46.657],[8.67,46.651],[8.665,46.645],[8.668,46.643],[8.667,46.641],[8.677,46.636],[8.674,46.632],[8.676,46.63],[8.679,46.632],[8.683,46.632],[8.687,46.627],[8.686,46.623],[8.689,46.621],[8.699,46.625],[8.706,46.625],[8.708,46.612],[8.71,46.609],[8.709,46.604],[8.711,46.601],[8.714,46.6],[8.718,46.603],[8.721,46.603],[8.724,46.599],[8.726,46.604],[8.724,46.61],[8.732,46.613],[8.726,46.62],[8.727,46.627],[8.731,46.628],[8.738,46.625],[8.744,46.627],[8.75,46.624],[8.748,46.621],[8.744,46.62],[8.744,46.614],[8.738,46.613],[8.744,46.613],[8.746,46.611],[8.745,46.606],[8.747,46.602],[8.754,46.61],[8.757,46.609],[8.764,46.616],[8.77,46.625],[8.779,46.631],[8.78,46.633],[8.776,46.635],[8.777,46.636],[8.783,46.637],[8.783,46.64],[8.787,46.643],[8.79,46.64],[8.793,46.642],[8.787,46.645],[8.787,46.647],[8.791,46.647],[8.794,46.644],[8.8,46.642],[8.803,46.644],[8.81,46.644],[8.806,46.642],[8.812,46.639],[8.807,46.638],[8.806,46.633],[8.8,46.631],[8.793,46.624],[8.803,46.627],[8.803,46.621],[8.799,46.617],[8.805,46.612],[8.796,46.606],[8.789,46.604],[8.788,46.601],[8.791,46.597],[8.789,46.59],[8.783,46.592],[8.779,46.592],[8.773,46.589],[8.766,46.591],[8.764,46.588],[8.766,46.585],[8.773,46.581],[8.776,46.582],[8.783,46.579],[8.775,46.577],[8.769,46.57],[8.742,46.57],[8.743,46.568],[8.75,46.569],[8.756,46.566],[8.769,46.566],[8.769,46.562],[8.762,46.56],[8.754,46.554],[8.743,46.553],[8.736,46.556],[8.726,46.556],[8.72,46.56],[8.697,46.56],[8.691,46.563],[8.684,46.56],[8.681,46.555],[8.677,46.553],[8.674,46.555],[8.677,46.549],[8.679,46.549],[8.671,46.548],[8.664,46.551],[8.664,46.556],[8.678,46.566],[8.681,46.566],[8.682,46.571],[8.681,46.574],[8.675,46.575],[8.672,46.571],[8.662,46.571],[8.648,46.566],[8.635,46.565],[8.636,46.56],[8.632,46.559],[8.629,46.561],[8.617,46.556],[8.611,46.551],[8.602,46.55],[8.596,46.547],[8.592,46.547],[8.592,46.549],[8.595,46.552],[8.593,46.554],[8.585,46.554],[8.59,46.559],[8.583,46.56],[8.58,46.559],[8.573,46.563],[8.567,46.564],[8.567,46.559],[8.569,46.556],[8.56,46.553],[8.557,46.548],[8.564,46.543],[8.564,46.541],[8.559,46.541],[8.559,46.539],[8.553,46.534],[8.547,46.536],[8.543,46.534],[8.543,46.536],[8.537,46.538],[8.534,46.535],[8.53,46.535],[8.529,46.532],[8.524,46.527],[8.517,46.53],[8.513,46.53],[8.51,46.528],[8.51,46.521],[8.507,46.52],[8.504,46.522],[8.497,46.52],[8.495,46.519],[8.496,46.514],[8.494,46.513],[8.491,46.512],[8.488,46.514],[8.48,46.51],[8.472,46.503],[8.465,46.502],[8.461,46.499],[8.451,46.499],[8.449,46.495],[8.451,46.493],[8.455,46.493],[8.455,46.489],[8.448,46.488],[8.442,46.481],[8.425,46.48],[8.415,46.482],[8.406,46.479],[8.409,46.476],[8.415,46.476],[8.418,46.474],[8.423,46.475],[8.435,46.472],[8.453,46.472],[8.464,46.476],[8.467,46.475],[8.471,46.478],[8.477,46.475],[8.485,46.483],[8.49,46.484],[8.495,46.483],[8.495,46.485],[8.497,46.486],[8.51,46.48],[8.515,46.483],[8.511,46.492],[8.516,46.494],[8.526,46.493],[8.528,46.494],[8.526,46.495],[8.526,46.497],[8.533,46.499],[8.537,46.498],[8.539,46.491],[8.542,46.49],[8.546,46.493],[8.554,46.489],[8.555,46.487],[8.556,46.492],[8.554,46.494],[8.554,46.498],[8.562,46.501],[8.577,46.5],[8.576,46.505],[8.579,46.506],[8.585,46.504],[8.592,46.508],[8.595,46.505],[8.599,46.504],[8.611,46.507],[8.616,46.504],[8.615,46.502],[8.622,46.5],[8.623,46.497],[8.621,46.496],[8.614,46.499],[8.601,46.5],[8.597,46.498],[8.599,46.495],[8.588,46.495],[8.582,46.493],[8.578,46.496],[8.576,46.493],[8.58,46.491],[8.575,46.489],[8.574,46.487],[8.575,46.486],[8.582,46.488],[8.587,46.487],[8.594,46.482],[8.608,46.482],[8.606,46.48],[8.606,46.475],[8.61,46.473],[8.617,46.475],[8.62,46.47],[8.618,46.468],[8.623,46.46],[8.63,46.462],[8.633,46.459],[8.64,46.46],[8.635,46.455],[8.636,46.452],[8.63,46.45],[8.626,46.451],[8.621,46.448],[8.623,46.446],[8.627,46.446],[8.627,46.441],[8.629,46.439],[8.625,46.437],[8.623,46.434],[8.621,46.437],[8.616,46.437],[8.613,46.443],[8.614,46.45],[8.607,46.458],[8.599,46.459],[8.6,46.462],[8.594,46.466],[8.581,46.467],[8.571,46.47],[8.567,46.469],[8.581,46.464],[8.583,46.462],[8.581,46.46],[8.577,46.46],[8.575,46.455],[8.571,46.453],[8.57,46.448],[8.574,46.446],[8.584,46.448],[8.584,46.446],[8.581,46.441],[8.571,46.439],[8.564,46.435],[8.564,46.433],[8.57,46.43],[8.57,46.428],[8.578,46.424],[8.577,46.42],[8.565,46.415],[8.568,46.412],[8.567,46.411],[8.559,46.41],[8.557,46.419],[8.549,46.424],[8.538,46.426],[8.542,46.433],[8.522,46.44],[8.529,46.442],[8.528,46.444],[8.532,46.446],[8.534,46.449],[8.525,46.454],[8.522,46.45],[8.519,46.456],[8.516,46.454],[8.513,46.457],[8.512,46.456],[8.515,46.453],[8.509,46.452],[8.506,46.449],[8.506,46.439],[8.502,46.439],[8.496,46.436],[8.497,46.433],[8.499,46.432],[8.506,46.433],[8.511,46.431],[8.509,46.428],[8.505,46.427],[8.504,46.424],[8.498,46.418],[8.498,46.415],[8.492,46.413],[8.486,46.408],[8.482,46.409],[8.48,46.407],[8.482,46.405],[8.489,46.405],[8.491,46.402],[8.485,46.398],[8.485,46.396],[8.489,46.395],[8.487,46.398],[8.492,46.4],[8.493,46.397],[8.495,46.396],[8.498,46.398],[8.508,46.397],[8.508,46.393],[8.497,46.386],[8.498,46.381],[8.485,46.383],[8.478,46.382],[8.478,46.379],[8.485,46.378],[8.485,46.376],[8.478,46.375],[8.473,46.371],[8.472,46.368],[8.48,46.368],[8.483,46.371],[8.486,46.371],[8.485,46.367],[8.474,46.362],[8.474,46.359],[8.478,46.357],[8.475,46.357],[8.472,46.353],[8.478,46.351],[8.478,46.353],[8.481,46.355],[8.484,46.353],[8.489,46.353],[8.489,46.35],[8.495,46.348],[8.497,46.345],[8.523,46.344],[8.525,46.343],[8.523,46.341],[8.52,46.341],[8.525,46.336],[8.513,46.336],[8.504,46.339],[8.494,46.335],[8.487,46.337],[8.481,46.342],[8.468,46.339],[8.465,46.34],[8.463,46.344],[8.464,46.353],[8.461,46.355],[8.467,46.362],[8.468,46.368],[8.465,46.37],[8.464,46.38],[8.46,46.384],[8.462,46.389],[8.461,46.391],[8.466,46.394],[8.468,46.393],[8.469,46.39],[8.473,46.391],[8.471,46.393],[8.476,46.393],[8.476,46.395],[8.479,46.398],[8.472,46.397],[8.469,46.395],[8.468,46.398],[8.464,46.4],[8.464,46.409],[8.468,46.411],[8.461,46.418],[8.461,46.42],[8.458,46.423],[8.458,46.427],[8.455,46.429],[8.455,46.436],[8.462,46.447],[8.46,46.451],[8.451,46.46],[8.444,46.464],[8.435,46.464],[8.431,46.462],[8.405,46.46],[8.399,46.455],[8.389,46.451],[8.366,46.451],[8.353,46.442],[8.346,46.44],[8.33,46.429],[8.327,46.429],[8.323,46.426],[8.319,46.426],[8.317,46.424],[8.306,46.424],[8.302,46.422],[8.302,46.419],[8.295,46.415],[8.296,46.413],[8.293,46.41],[8.293,46.408],[8.3,46.407],[8.303,46.408],[8.312,46.403],[8.312,46.399],[8.315,46.397],[8.315,46.381],[8.306,46.375],[8.293,46.371],[8.286,46.365],[8.277,46.364],[8.275,46.366],[8.266,46.366],[8.26,46.362],[8.259,46.354],[8.263,46.352],[8.263,46.348],[8.26,46.346],[8.251,46.346],[8.25,46.343],[8.244,46.34],[8.234,46.339],[8.231,46.34],[8.227,46.337],[8.227,46.334],[8.22,46.33],[8.22,46.325],[8.213,46.317],[8.213,46.31],[8.211,46.308],[8.195,46.304],[8.191,46.301],[8.165,46.295],[8.162,46.295],[8.161,46.297],[8.152,46.297],[8.15,46.299],[8.136,46.302],[8.13,46.297],[8.122,46.295],[8.122,46.292],[8.119,46.29],[8.119,46.288],[8.113,46.283],[8.079,46.263],[8.079,46.261],[8.087,46.256],[8.097,46.256],[8.102,46.252],[8.106,46.252],[8.109,46.25],[8.109,46.247],[8.112,46.245],[8.112,46.241],[8.115,46.238],[8.125,46.232],[8.127,46.229],[8.14,46.225],[8.138,46.22],[8.135,46.218],[8.132,46.22],[8.126,46.218],[8.122,46.219],[8.119,46.223],[8.12,46.225],[8.113,46.222],[8.093,46.224],[8.087,46.223],[8.087,46.216],[8.095,46.209],[8.093,46.206],[8.09,46.205],[8.09,46.202],[8.087,46.207],[8.083,46.205],[8.074,46.209],[8.072,46.212],[8.076,46.216],[8.074,46.217],[8.067,46.213],[8.063,46.214],[8.058,46.225],[8.058,46.228],[8.062,46.232],[8.061,46.234],[8.058,46.231],[8.051,46.23],[8.038,46.235],[8.028,46.234],[8.027,46.237],[8.029,46.242],[8.034,46.243],[8.038,46.247],[8.038,46.25],[8.049,46.25],[8.058,46.254],[8.062,46.254],[8.061,46.259],[8.05,46.266],[8.049,46.268],[8.051,46.273],[8.056,46.272],[8.056,46.275],[8.058,46.276],[8.061,46.275],[8.067,46.277],[8.066,46.284],[8.068,46.286],[8.07,46.284],[8.07,46.281],[8.072,46.281],[8.074,46.285],[8.081,46.288],[8.087,46.283],[8.091,46.283],[8.093,46.288],[8.093,46.295],[8.089,46.297],[8.089,46.299],[8.094,46.301],[8.097,46.305],[8.102,46.308],[8.101,46.31],[8.081,46.304],[8.076,46.308],[8.085,46.315],[8.085,46.317],[8.07,46.317],[8.065,46.319],[8.062,46.323],[8.057,46.324],[8.057,46.326],[8.072,46.327],[8.074,46.338],[8.082,46.336],[8.088,46.338],[8.087,46.34],[8.089,46.342],[8.087,46.347],[8.088,46.348],[8.091,46.346],[8.095,46.347],[8.098,46.349],[8.097,46.351],[8.098,46.352],[8.104,46.349],[8.109,46.349],[8.111,46.347],[8.117,46.347],[8.12,46.353],[8.124,46.356],[8.125,46.36],[8.14,46.362],[8.144,46.361],[8.143,46.357],[8.15,46.356],[8.152,46.355],[8.152,46.353],[8.137,46.351],[8.134,46.346],[8.129,46.342],[8.128,46.337],[8.12,46.335],[8.12,46.328],[8.124,46.331],[8.127,46.33],[8.144,46.335],[8.146,46.338],[8.153,46.34],[8.158,46.337],[8.146,46.325],[8.159,46.33],[8.162,46.328],[8.166,46.329],[8.172,46.327],[8.175,46.333],[8.179,46.334],[8.182,46.332],[8.184,46.326],[8.182,46.323],[8.185,46.325],[8.198,46.326],[8.2,46.328],[8.199,46.332],[8.194,46.337],[8.195,46.339],[8.202,46.342],[8.205,46.341],[8.208,46.344],[8.192,46.348],[8.194,46.35],[8.194,46.353],[8.198,46.357],[8.202,46.356],[8.208,46.359],[8.212,46.357],[8.215,46.353],[8.218,46.353],[8.222,46.35],[8.222,46.352],[8.225,46.355],[8.221,46.357],[8.231,46.361],[8.23,46.364],[8.235,46.369],[8.24,46.37],[8.241,46.372],[8.252,46.372],[8.254,46.374],[8.259,46.375],[8.259,46.377],[8.261,46.378],[8.274,46.382],[8.275,46.384],[8.267,46.388],[8.264,46.383],[8.258,46.383],[8.254,46.385],[8.245,46.384],[8.243,46.386],[8.238,46.387],[8.235,46.386],[8.236,46.384],[8.235,46.383],[8.225,46.382],[8.224,46.384],[8.235,46.393],[8.232,46.395],[8.213,46.388],[8.206,46.388],[8.186,46.383],[8.182,46.384],[8.181,46.386],[8.183,46.388],[8.193,46.389],[8.196,46.392],[8.212,46.396],[8.222,46.403],[8.231,46.406],[8.237,46.411],[8.234,46.413],[8.237,46.415],[8.235,46.416],[8.214,46.409],[8.209,46.406],[8.2,46.404],[8.193,46.403],[8.19,46.404],[8.189,46.407],[8.193,46.411],[8.199,46.413],[8.2,46.415],[8.208,46.415],[8.209,46.418],[8.213,46.421],[8.219,46.42],[8.225,46.429],[8.232,46.427],[8.23,46.433],[8.232,46.437],[8.235,46.436],[8.235,46.433],[8.239,46.435],[8.245,46.432],[8.251,46.44],[8.249,46.443],[8.245,46.445],[8.249,46.446],[8.252,46.446],[8.254,46.444],[8.255,46.442],[8.253,46.44],[8.255,46.439],[8.258,46.441],[8.26,46.44],[8.265,46.431],[8.272,46.429],[8.276,46.426],[8.288,46.424],[8.291,46.422],[8.294,46.423],[8.294,46.426],[8.29,46.431],[8.297,46.437],[8.292,46.44],[8.293,46.442],[8.287,46.444],[8.279,46.451],[8.278,46.455],[8.281,46.455],[8.285,46.458],[8.28,46.469],[8.284,46.469],[8.291,46.464],[8.295,46.459],[8.301,46.459],[8.311,46.455],[8.308,46.462],[8.311,46.467],[8.301,46.474],[8.3,46.478],[8.307,46.482],[8.311,46.482],[8.314,46.48],[8.314,46.484],[8.322,46.489],[8.32,46.491],[8.321,46.492],[8.324,46.493],[8.331,46.488],[8.334,46.489],[8.337,46.494],[8.349,46.489],[8.35,46.485],[8.362,46.48],[8.364,46.477],[8.36,46.475],[8.363,46.471],[8.362,46.468],[8.369,46.471],[8.366,46.471],[8.366,46.474],[8.376,46.474],[8.377,46.475],[8.376,46.482],[8.374,46.484],[8.375,46.488],[8.37,46.493],[8.373,46.497],[8.371,46.5],[8.357,46.502],[8.347,46.507],[8.346,46.509],[8.354,46.511],[8.354,46.516],[8.36,46.518],[8.361,46.521],[8.37,46.521],[8.38,46.516],[8.387,46.515],[8.393,46.512],[8.396,46.513],[8.4,46.511],[8.402,46.508],[8.403,46.513],[8.4,46.515],[8.403,46.517],[8.409,46.515],[8.409,46.512],[8.417,46.511],[8.422,46.508],[8.424,46.511],[8.429,46.511],[8.436,46.516],[8.44,46.522],[8.432,46.519],[8.429,46.516],[8.427,46.517],[8.427,46.522],[8.421,46.524],[8.426,46.529],[8.423,46.529],[8.421,46.531],[8.422,46.533],[8.42,46.536],[8.416,46.532],[8.406,46.531],[8.403,46.534],[8.397,46.536],[8.394,46.545],[8.384,46.543],[8.379,46.545],[8.382,46.547],[8.379,46.551],[8.384,46.556],[8.384,46.558],[8.381,46.559],[8.378,46.557],[8.371,46.557],[8.363,46.561],[8.371,46.563],[8.374,46.566],[8.378,46.565],[8.385,46.567],[8.385,46.569],[8.395,46.572],[8.399,46.571],[8.4,46.569],[8.408,46.571],[8.408,46.574],[8.404,46.576],[8.371,46.581],[8.369,46.578],[8.362,46.576],[8.348,46.568],[8.346,46.563],[8.349,46.554],[8.345,46.55],[8.338,46.55],[8.332,46.546],[8.325,46.547],[8.319,46.545],[8.316,46.543],[8.32,46.538],[8.319,46.536],[8.315,46.536],[8.309,46.54],[8.299,46.54],[8.297,46.536],[8.298,46.534],[8.303,46.534],[8.307,46.532],[8.308,46.529],[8.305,46.527],[8.285,46.532],[8.282,46.53],[8.283,46.526],[8.276,46.527],[8.273,46.523],[8.277,46.516],[8.273,46.516],[8.263,46.522],[8.257,46.521],[8.256,46.518],[8.253,46.521],[8.251,46.519],[8.261,46.51],[8.259,46.508],[8.253,46.511],[8.243,46.522],[8.237,46.524],[8.227,46.523],[8.224,46.519],[8.227,46.517],[8.228,46.512],[8.236,46.503],[8.235,46.501],[8.239,46.498],[8.239,46.496],[8.23,46.495],[8.231,46.492],[8.227,46.49],[8.223,46.491],[8.216,46.499],[8.211,46.502],[8.207,46.502],[8.206,46.501],[8.207,46.499],[8.21,46.499],[8.209,46.496],[8.207,46.496],[8.206,46.494],[8.207,46.49],[8.206,46.487],[8.212,46.483],[8.207,46.48],[8.191,46.489],[8.177,46.488],[8.187,46.476],[8.188,46.474],[8.184,46.472],[8.189,46.467],[8.184,46.467],[8.177,46.464],[8.174,46.466],[8.168,46.464],[8.166,46.461],[8.173,46.454],[8.171,46.454],[8.167,46.45],[8.164,46.45],[8.148,46.465],[8.137,46.468],[8.148,46.468],[8.151,46.474],[8.148,46.478],[8.145,46.476],[8.144,46.477],[8.144,46.486],[8.142,46.489],[8.137,46.486],[8.135,46.479],[8.131,46.479],[8.126,46.476],[8.119,46.477],[8.116,46.472],[8.117,46.47],[8.114,46.466],[8.121,46.459],[8.115,46.456],[8.113,46.45],[8.119,46.448],[8.119,46.445],[8.105,46.434],[8.11,46.432],[8.109,46.43],[8.101,46.427],[8.101,46.425],[8.104,46.423],[8.102,46.421],[8.097,46.421],[8.089,46.414],[8.085,46.414],[8.087,46.423],[8.098,46.427],[8.096,46.429],[8.081,46.421],[8.08,46.416],[8.073,46.41],[8.069,46.409],[8.068,46.414],[8.073,46.416],[8.074,46.419],[8.074,46.425],[8.072,46.428],[8.079,46.432],[8.073,46.434],[8.064,46.434],[8.059,46.437],[8.067,46.441],[8.067,46.452],[8.056,46.45],[8.046,46.452],[8.037,46.457],[8.048,46.446],[8.048,46.443],[8.051,46.441],[8.051,46.439],[8.04,46.431],[8.041,46.428],[8.034,46.423],[8.033,46.421],[8.035,46.419],[8.03,46.416],[8.027,46.415],[8.017,46.421],[8.013,46.419],[8.011,46.414],[8.008,46.416],[8.004,46.416],[8.004,46.419],[7.995,46.422],[7.988,46.422],[7.983,46.426],[7.974,46.426],[7.978,46.422],[7.992,46.417],[7.995,46.414],[7.996,46.41],[7.995,46.408],[7.988,46.406],[7.986,46.403],[7.988,46.395],[7.985,46.39],[7.985,46.386],[7.978,46.385],[7.972,46.381],[7.972,46.378],[7.962,46.39],[7.962,46.392],[7.959,46.393],[7.955,46.392],[7.953,46.388],[7.954,46.381],[7.948,46.376],[7.948,46.374],[7.942,46.372],[7.941,46.374],[7.943,46.377],[7.939,46.379],[7.942,46.381],[7.939,46.383],[7.938,46.386],[7.934,46.388],[7.933,46.392],[7.923,46.392],[7.921,46.395],[7.916,46.395],[7.912,46.397],[7.913,46.395],[7.91,46.393],[7.91,46.39],[7.913,46.39],[7.913,46.388],[7.916,46.386],[7.916,46.383],[7.912,46.377],[7.913,46.374],[7.916,46.374],[7.918,46.372],[7.911,46.368],[7.912,46.365],[7.921,46.363],[7.916,46.361],[7.915,46.359],[7.918,46.356],[7.914,46.354],[7.918,46.347],[7.916,46.344],[7.909,46.347],[7.912,46.35],[7.91,46.356],[7.903,46.358],[7.9,46.362],[7.894,46.365],[7.894,46.37],[7.89,46.372],[7.893,46.374],[7.892,46.377],[7.889,46.379],[7.887,46.383],[7.884,46.38],[7.877,46.382],[7.871,46.376],[7.862,46.375],[7.866,46.372],[7.861,46.371],[7.858,46.373],[7.857,46.372],[7.86,46.37],[7.86,46.366],[7.854,46.364],[7.851,46.364],[7.845,46.368],[7.841,46.368],[7.839,46.37],[7.84,46.372],[7.832,46.374],[7.829,46.372],[7.829,46.37],[7.822,46.368],[7.824,46.366],[7.822,46.364],[7.819,46.365],[7.809,46.358],[7.806,46.361],[7.802,46.362],[7.799,46.36],[7.796,46.371],[7.791,46.366],[7.792,46.361],[7.795,46.357],[7.793,46.353],[7.789,46.353],[7.786,46.357],[7.778,46.361],[7.783,46.362],[7.785,46.364],[7.787,46.37],[7.775,46.373],[7.776,46.377],[7.774,46.379],[7.775,46.382],[7.786,46.384],[7.787,46.386],[7.792,46.388],[7.792,46.391],[7.799,46.39],[7.802,46.393],[7.812,46.397],[7.81,46.402],[7.812,46.403],[7.819,46.402],[7.822,46.403],[7.823,46.406],[7.832,46.408],[7.832,46.411],[7.829,46.413],[7.832,46.415],[7.842,46.416],[7.845,46.421],[7.861,46.427],[7.865,46.427],[7.866,46.429],[7.871,46.43],[7.894,46.442],[7.899,46.442],[7.901,46.446],[7.911,46.453],[7.905,46.455],[7.904,46.458],[7.902,46.455],[7.904,46.453],[7.901,46.451],[7.897,46.453],[7.894,46.452],[7.891,46.456],[7.888,46.454],[7.881,46.454],[7.878,46.456],[7.877,46.453],[7.871,46.451],[7.863,46.453],[7.862,46.46],[7.852,46.445],[7.844,46.449],[7.842,46.452],[7.84,46.451],[7.841,46.449],[7.839,46.447],[7.832,46.451],[7.829,46.449],[7.834,46.444],[7.836,46.444],[7.836,46.44],[7.832,46.441],[7.822,46.437],[7.816,46.444],[7.806,46.446],[7.803,46.44],[7.809,46.433],[7.799,46.429],[7.796,46.426],[7.793,46.426],[7.79,46.429],[7.783,46.424],[7.78,46.427],[7.777,46.425],[7.774,46.426],[7.767,46.42],[7.763,46.42],[7.761,46.416],[7.754,46.416],[7.751,46.412],[7.744,46.413],[7.741,46.41],[7.738,46.413],[7.731,46.404],[7.738,46.401],[7.731,46.396],[7.728,46.391],[7.737,46.388],[7.728,46.384],[7.729,46.382],[7.728,46.38],[7.72,46.375],[7.731,46.378],[7.735,46.377],[7.733,46.37],[7.736,46.364],[7.734,46.357],[7.728,46.349],[7.724,46.35],[7.715,46.345],[7.711,46.346],[7.705,46.344],[7.698,46.349],[7.692,46.348],[7.69,46.353],[7.696,46.357],[7.699,46.362],[7.692,46.366],[7.689,46.363],[7.686,46.364],[7.683,46.359],[7.675,46.355],[7.674,46.353],[7.676,46.351],[7.676,46.348],[7.666,46.35],[7.663,46.355],[7.662,46.359],[7.663,46.362],[7.66,46.364],[7.653,46.363],[7.655,46.366],[7.654,46.371],[7.647,46.37],[7.644,46.371],[7.645,46.375],[7.656,46.382],[7.66,46.383],[7.663,46.382],[7.661,46.384],[7.667,46.386],[7.669,46.389],[7.665,46.395],[7.666,46.399],[7.676,46.406],[7.68,46.411],[7.679,46.412],[7.673,46.409],[7.66,46.409],[7.656,46.407],[7.65,46.407],[7.649,46.404],[7.637,46.404],[7.63,46.402],[7.627,46.403],[7.608,46.396],[7.606,46.391],[7.607,46.386],[7.606,46.384],[7.601,46.385],[7.602,46.38],[7.601,46.379],[7.598,46.38],[7.596,46.378],[7.596,46.375],[7.591,46.374],[7.586,46.369],[7.586,46.366],[7.592,46.362],[7.59,46.36],[7.591,46.355],[7.59,46.353],[7.592,46.351],[7.591,46.347],[7.588,46.35],[7.574,46.348],[7.569,46.353],[7.562,46.356],[7.549,46.357],[7.546,46.359],[7.536,46.358],[7.533,46.359],[7.53,46.356],[7.528,46.357],[7.531,46.362],[7.53,46.366],[7.526,46.363],[7.524,46.357],[7.527,46.355],[7.527,46.353],[7.531,46.351],[7.53,46.349],[7.526,46.35],[7.517,46.346],[7.513,46.346],[7.507,46.35],[7.504,46.35],[7.5,46.354],[7.497,46.348],[7.502,46.344],[7.497,46.342],[7.494,46.344],[7.487,46.344],[7.483,46.342],[7.479,46.337],[7.481,46.335],[7.481,46.332],[7.472,46.335],[7.476,46.339],[7.483,46.351],[7.478,46.358],[7.468,46.356],[7.465,46.353],[7.461,46.353],[7.447,46.36],[7.442,46.36],[7.433,46.364],[7.426,46.365],[7.419,46.363],[7.416,46.365],[7.409,46.365],[7.406,46.364],[7.405,46.36],[7.413,46.352],[7.422,46.349],[7.426,46.346],[7.422,46.344],[7.413,46.348],[7.406,46.347],[7.4,46.342],[7.399,46.339],[7.4,46.337],[7.406,46.337],[7.409,46.341],[7.413,46.341],[7.418,46.33],[7.409,46.328],[7.41,46.326],[7.403,46.324],[7.398,46.319],[7.387,46.315],[7.384,46.312],[7.38,46.319],[7.374,46.321],[7.374,46.323],[7.358,46.317],[7.353,46.317],[7.354,46.313],[7.358,46.315],[7.358,46.312],[7.351,46.311],[7.348,46.312],[7.348,46.32],[7.345,46.321],[7.344,46.319],[7.338,46.318],[7.329,46.321],[7.329,46.324],[7.319,46.322],[7.316,46.324],[7.304,46.326],[7.293,46.321],[7.286,46.313],[7.288,46.31],[7.292,46.308],[7.29,46.306],[7.3,46.301],[7.293,46.299],[7.289,46.302],[7.287,46.301],[7.295,46.297],[7.294,46.29],[7.286,46.289],[7.283,46.282],[7.276,46.283],[7.267,46.28],[7.263,46.281],[7.26,46.279],[7.259,46.283],[7.255,46.285],[7.253,46.288],[7.255,46.292],[7.26,46.294],[7.262,46.297],[7.268,46.299],[7.267,46.303],[7.255,46.306],[7.248,46.305],[7.247,46.307],[7.244,46.306],[7.231,46.307],[7.218,46.31],[7.215,46.308],[7.211,46.308],[7.21,46.305],[7.213,46.303],[7.208,46.3],[7.198,46.299],[7.195,46.297],[7.197,46.296],[7.199,46.298],[7.199,46.296],[7.202,46.295],[7.203,46.292],[7.202,46.29],[7.189,46.286],[7.185,46.283],[7.202,46.283],[7.203,46.278],[7.201,46.274],[7.203,46.272],[7.195,46.266],[7.195,46.264],[7.205,46.266],[7.212,46.264],[7.212,46.269],[7.216,46.272],[7.216,46.274],[7.221,46.274],[7.223,46.267],[7.218,46.263],[7.216,46.258],[7.222,46.251],[7.219,46.249],[7.226,46.245],[7.225,46.242],[7.218,46.241],[7.209,46.237],[7.205,46.237],[7.202,46.239],[7.189,46.239],[7.185,46.238],[7.183,46.235],[7.173,46.236],[7.17,46.234],[7.167,46.236],[7.156,46.236],[7.16,46.233],[7.162,46.229],[7.157,46.22],[7.154,46.218],[7.144,46.222],[7.137,46.222],[7.134,46.219],[7.131,46.221],[7.13,46.22],[7.137,46.213],[7.138,46.211],[7.135,46.209],[7.135,46.206],[7.139,46.202],[7.137,46.2],[7.131,46.2],[7.135,46.195],[7.125,46.184],[7.105,46.174],[7.095,46.176],[7.089,46.179]],[[7.484,46.407],[7.484,46.404],[7.486,46.405],[7.484,46.407]],[[8.215,46.62],[8.209,46.617],[8.198,46.616],[8.206,46.609],[8.212,46.609],[8.214,46.611],[8.212,46.618],[8.215,46.62]],[[8.494,46.834],[8.5,46.838],[8.497,46.839],[8.491,46.837],[8.485,46.829],[8.485,46.827],[8.487,46.826],[8.488,46.829],[8.494,46.834]],[[8.512,46.766],[8.515,46.766],[8.515,46.768],[8.512,46.766]],[[8.492,46.566],[8.491,46.564],[8.492,46.563],[8.492,46.566]],[[7.822,46.368],[7.819,46.369],[7.818,46.368],[7.819,46.367],[7.822,46.368]],[[8.26809090909091,46.59390909090909],[8.272,46.59],[8.283,46.586],[8.297,46.59],[8.284,46.594],[8.277,46.592],[8.26809090909091,46.59390909090909]],[[8.277,46.77],[8.28,46.774],[8.289,46.777],[8.273,46.777],[8.264,46.773],[8.266,46.77],[8.27,46.769],[8.277,46.77]],[[8.09,46.45],[8.093,46.452],[8.09,46.454],[8.091,46.457],[8.089,46.459],[8.086,46.459],[8.086,46.454],[8.088,46.452],[8.085,46.448],[8.085,46.443],[8.094,46.443],[8.095,46.445],[8.09,46.45]]],[[[7.089,46.179],[7.092,46.177],[7.089,46.174],[7.086,46.175],[7.086,46.177],[7.089,46.179]]],[[[8.683,46.632],[8.686,46.633],[8.688,46.632],[8.686,46.63],[8.683,46.632]]],[[[8.482,46.577],[8.48,46.58],[8.484,46.58],[8.482,46.577]]],[[[8.323,46.631],[8.325,46.628],[8.323,46.625],[8.322,46.626],[8.323,46.631]]],[[[8.801,46.927],[8.791,46.922],[8.788,46.923],[8.789,46.925],[8.783,46.93],[8.795,46.93],[8.801,46.927]]],[[[8.798,46.945],[8.801,46.948],[8.801,46.945],[8.798,46.945]]],[[[8.798,46.945],[8.791,46.939],[8.785,46.94],[8.78,46.945],[8.785,46.951],[8.789,46.95],[8.793,46.948],[8.792,46.946],[8.787,46.945],[8.798,46.945]]],[[[8.761,46.401],[8.752,46.399],[8.749,46.4],[8.746,46.404],[8.739,46.406],[8.74,46.411],[8.737,46.415],[8.739,46.417],[8.738,46.42],[8.74,46.422],[8.733,46.42],[8.727,46.426],[8.707,46.43],[8.701,46.426],[8.697,46.425],[8.694,46.426],[8.693,46.427],[8.694,46.428],[8.697,46.428],[8.701,46.431],[8.7,46.436],[8.703,46.438],[8.701,46.44],[8.698,46.438],[8.694,46.438],[8.694,46.44],[8.7,46.443],[8.698,46.449],[8.704,46.451],[8.708,46.447],[8.711,46.453],[8.712,46.451],[8.721,46.45],[8.725,46.447],[8.721,46.445],[8.722,46.442],[8.737,46.441],[8.739,46.44],[8.737,46.437],[8.743,46.439],[8.746,46.436],[8.753,46.434],[8.758,46.437],[8.758,46.44],[8.773,46.437],[8.785,46.441],[8.789,46.438],[8.792,46.438],[8.793,46.435],[8.789,46.43],[8.782,46.429],[8.78,46.43],[8.78,46.435],[8.778,46.435],[8.766,46.423],[8.756,46.422],[8.752,46.418],[8.752,46.412],[8.76,46.41],[8.758,46.404],[8.761,46.401]]],[[[8.743,46.633],[8.728,46.635],[8.724,46.64],[8.725,46.642],[8.728,46.642],[8.726,46.645],[8.745,46.645],[8.739,46.638],[8.745,46.637],[8.747,46.635],[8.743,46.633]]],[[[8.731,46.388],[8.729,46.386],[8.727,46.391],[8.722,46.393],[8.721,46.395],[8.729,46.397],[8.732,46.402],[8.729,46.403],[8.729,46.405],[8.738,46.402],[8.731,46.395],[8.731,46.388]]],[[[8.708,46.829],[8.695,46.832],[8.687,46.832],[8.69,46.835],[8.697,46.834],[8.698,46.836],[8.704,46.838],[8.714,46.838],[8.716,46.845],[8.713,46.847],[8.716,46.85],[8.73,46.847],[8.729,46.843],[8.732,46.838],[8.73,46.836],[8.726,46.836],[8.72,46.83],[8.717,46.833],[8.712,46.832],[8.708,46.829]]],[[[8.724,46.46],[8.718,46.458],[8.708,46.461],[8.704,46.467],[8.704,46.47],[8.706,46.47],[8.711,46.464],[8.714,46.465],[8.715,46.47],[8.724,46.472],[8.725,46.469],[8.722,46.467],[8.722,46.465],[8.726,46.463],[8.724,46.46]]],[[[8.713,46.352],[8.705,46.351],[8.703,46.353],[8.708,46.355],[8.705,46.356],[8.702,46.354],[8.699,46.355],[8.703,46.359],[8.702,46.362],[8.706,46.364],[8.715,46.361],[8.718,46.357],[8.713,46.352]]],[[[8.651,46.49],[8.653,46.484],[8.65,46.483],[8.648,46.486],[8.649,46.49],[8.646,46.493],[8.646,46.495],[8.65,46.493],[8.655,46.493],[8.651,46.49]]],[[[8.653,46.484],[8.656,46.489],[8.663,46.489],[8.666,46.487],[8.667,46.492],[8.673,46.495],[8.679,46.488],[8.687,46.488],[8.701,46.485],[8.7,46.481],[8.704,46.479],[8.702,46.476],[8.704,46.474],[8.702,46.472],[8.698,46.472],[8.692,46.475],[8.682,46.471],[8.68,46.472],[8.68,46.474],[8.669,46.476],[8.663,46.481],[8.656,46.48],[8.653,46.484]]],[[[8.644,46.488],[8.634,46.488],[8.622,46.495],[8.624,46.497],[8.637,46.497],[8.641,46.495],[8.644,46.488]]],[[[8.592,46.385],[8.586,46.385],[8.583,46.388],[8.586,46.389],[8.589,46.393],[8.602,46.393],[8.609,46.387],[8.602,46.388],[8.596,46.386],[8.593,46.387],[8.592,46.39],[8.591,46.388],[8.592,46.385]]],[[[8.552,46.257],[8.542,46.258],[8.541,46.257],[8.515,46.263],[8.513,46.265],[8.526,46.267],[8.53,46.267],[8.531,46.265],[8.534,46.267],[8.541,46.266],[8.551,46.267],[8.557,46.27],[8.565,46.269],[8.561,46.268],[8.558,46.262],[8.554,46.26],[8.552,46.257]]],[[[8.526,46.337],[8.523,46.339],[8.525,46.341],[8.534,46.341],[8.533,46.339],[8.526,46.337]]],[[[8.508,46.39],[8.505,46.391],[8.508,46.392],[8.508,46.39]]],[[[8.459,46.906],[8.462,46.904],[8.466,46.904],[8.468,46.901],[8.467,46.899],[8.452,46.899],[8.449,46.902],[8.453,46.906],[8.459,46.906]]],[[[8.462,46.904],[8.457,46.908],[8.459,46.91],[8.469,46.911],[8.48,46.915],[8.482,46.917],[8.481,46.922],[8.496,46.923],[8.497,46.919],[8.487,46.917],[8.485,46.915],[8.489,46.914],[8.488,46.91],[8.485,46.909],[8.482,46.911],[8.462,46.904]]],[[[8.478,46.254],[8.466,46.245],[8.455,46.247],[8.463,46.251],[8.469,46.251],[8.473,46.255],[8.478,46.254]]],[[[8.438,46.297],[8.431,46.294],[8.431,46.297],[8.427,46.299],[8.432,46.302],[8.435,46.302],[8.438,46.307],[8.441,46.308],[8.448,46.303],[8.441,46.301],[8.438,46.297]]],[[[8.448,46.303],[8.445,46.306],[8.448,46.308],[8.455,46.306],[8.462,46.301],[8.454,46.299],[8.448,46.3],[8.445,46.301],[8.451,46.304],[8.448,46.303]]],[[[8.456,46.249],[8.443,46.249],[8.444,46.254],[8.443,46.256],[8.447,46.26],[8.45,46.254],[8.458,46.252],[8.456,46.249]]],[[[8.33,46.839],[8.336258823529409,46.83363529411765],[8.34,46.838],[8.343,46.839],[8.345,46.837],[8.346,46.833],[8.34,46.829],[8.334,46.831],[8.334749999999996,46.831875],[8.333,46.831],[8.328,46.835],[8.33,46.839]]],[[[7.194,45.861],[7.188,45.859],[7.171,45.865],[7.164,45.871],[7.164,45.874],[7.152,45.879],[7.149,45.877],[7.142,45.876],[7.139,45.877],[7.135,45.873],[7.135,45.871],[7.126,45.865],[7.123,45.865],[7.122,45.862],[7.114,45.859],[7.104,45.858],[7.095,45.864],[7.096,45.867],[7.092,45.871],[7.092,45.876],[7.083,45.882],[7.083,45.885],[7.076,45.889],[7.076,45.894],[7.073,45.896],[7.068,45.896],[7.064,45.9],[7.063,45.911],[7.058,45.912],[7.046,45.92],[7.047,45.923],[7.043,45.925],[7.037,45.936],[7.033,45.938],[7.033,45.95],[7.036,45.951],[7.036,45.955],[7.032,45.954],[7.029,45.957],[7.016,45.959],[7.014,45.963],[7.007,45.967],[7.007,45.972],[7.013,45.976],[7.013,45.979],[7.016,45.981],[7.016,45.984],[7.01,45.988],[7.01,45.999],[6.993,46.0],[6.981,46.006],[6.981,46.017],[6.974,46.022],[6.971,46.027],[6.956,46.037],[6.957,46.039],[6.961,46.041],[6.967,46.04],[6.97,46.046],[6.974,46.048],[6.976,46.042],[6.973,46.033],[6.974,46.032],[6.987,46.036],[6.992,46.035],[7.0,46.031],[7.003,46.031],[7.006,46.028],[7.004,46.024],[7.006,46.023],[7.014,46.024],[7.025,46.021],[7.032,46.023],[7.035,46.022],[7.037,46.024],[7.027,46.035],[7.027,46.037],[7.017,46.042],[7.017,46.044],[7.021,46.046],[7.023,46.049],[7.039,46.051],[7.042,46.046],[7.039,46.042],[7.044,46.04],[7.045,46.036],[7.054,46.038],[7.058,46.036],[7.061,46.04],[7.066,46.04],[7.066,46.035],[7.058,46.029],[7.054,46.03],[7.049,46.026],[7.05,46.024],[7.038,46.015],[7.042,46.016],[7.045,46.019],[7.049,46.017],[7.051,46.019],[7.061,46.021],[7.074,46.019],[7.077,46.021],[7.08,46.02],[7.085,46.015],[7.08,46.011],[7.079,46.008],[7.081,46.006],[7.087,46.008],[7.088,46.006],[7.087,46.003],[7.077,46.002],[7.067,45.995],[7.067,45.992],[7.065,45.99],[7.058,45.988],[7.061,45.983],[7.058,45.981],[7.062,45.981],[7.064,45.983],[7.071,45.984],[7.077,45.987],[7.079,45.986],[7.082,45.981],[7.089,45.977],[7.087,45.974],[7.084,45.974],[7.081,45.978],[7.08,45.974],[7.074,45.97],[7.074,45.967],[7.077,45.969],[7.081,45.969],[7.082,45.968],[7.08,45.966],[7.08,45.963],[7.083,45.966],[7.085,45.966],[7.088,45.961],[7.08,45.959],[7.077,45.956],[7.077,45.952],[7.08,45.95],[7.074,45.949],[7.069,45.95],[7.067,45.947],[7.063,45.945],[7.065,45.944],[7.065,45.942],[7.058,45.941],[7.058,45.938],[7.062,45.94],[7.065,45.939],[7.079,45.93],[7.076,45.927],[7.076,45.918],[7.084,45.918],[7.086,45.916],[7.083,45.912],[7.085,45.909],[7.083,45.905],[7.084,45.904],[7.091,45.902],[7.1,45.908],[7.106,45.903],[7.104,45.9],[7.097,45.897],[7.094,45.891],[7.091,45.892],[7.087,45.891],[7.087,45.889],[7.094,45.889],[7.101,45.892],[7.113,45.893],[7.124,45.885],[7.119,45.88],[7.119,45.878],[7.13,45.884],[7.136,45.884],[7.137,45.891],[7.136,45.896],[7.132,45.903],[7.13,45.921],[7.126,45.922],[7.123,45.927],[7.121,45.927],[7.121,45.93],[7.129,45.933],[7.132,45.933],[7.136,45.93],[7.145,45.931],[7.152,45.937],[7.163,45.939],[7.162,45.943],[7.168,45.95],[7.181,45.951],[7.183,45.95],[7.18,45.946],[7.181,45.945],[7.184,45.947],[7.186,45.946],[7.184,45.94],[7.177,45.941],[7.174,45.939],[7.169,45.939],[7.174,45.933],[7.178,45.932],[7.177,45.93],[7.178,45.929],[7.182,45.928],[7.174,45.926],[7.173,45.923],[7.156,45.912],[7.162,45.911],[7.175,45.914],[7.178,45.916],[7.184,45.917],[7.187,45.916],[7.184,45.914],[7.181,45.907],[7.178,45.905],[7.172,45.896],[7.175,45.896],[7.181,45.889],[7.176,45.885],[7.178,45.882],[7.184,45.888],[7.187,45.889],[7.187,45.891],[7.191,45.89],[7.191,45.893],[7.189,45.894],[7.191,45.897],[7.196,45.896],[7.197,45.893],[7.199,45.894],[7.198,45.896],[7.2,45.898],[7.216,45.898],[7.215,45.901],[7.22,45.902],[7.22,45.908],[7.217,45.91],[7.217,45.912],[7.22,45.919],[7.216,45.921],[7.213,45.92],[7.21,45.923],[7.213,45.926],[7.22,45.924],[7.22,45.927],[7.215,45.932],[7.216,45.934],[7.226,45.931],[7.239,45.93],[7.245,45.926],[7.258,45.926],[7.263,45.932],[7.261,45.933],[7.258,45.931],[7.258,45.934],[7.254,45.937],[7.252,45.941],[7.253,45.943],[7.252,45.946],[7.245,45.949],[7.242,45.947],[7.236,45.947],[7.23,45.95],[7.236,45.951],[7.239,45.949],[7.241,45.95],[7.241,45.955],[7.243,45.959],[7.242,45.962],[7.231,45.966],[7.232,45.968],[7.245,45.97],[7.245,45.973],[7.243,45.975],[7.244,45.979],[7.242,45.982],[7.245,45.986],[7.242,45.985],[7.232,45.988],[7.232,45.99],[7.234,45.991],[7.233,45.995],[7.234,45.997],[7.232,46.0],[7.227,46.002],[7.228,46.006],[7.226,46.009],[7.208,46.015],[7.21,46.02],[7.216,46.022],[7.226,46.021],[7.232,46.025],[7.235,46.03],[7.245,46.029],[7.248,46.032],[7.251,46.028],[7.254,46.031],[7.271,46.031],[7.274,46.029],[7.267,46.024],[7.269,46.022],[7.263,46.018],[7.262,46.013],[7.264,46.012],[7.266,46.013],[7.268,46.018],[7.277,46.024],[7.284,46.023],[7.285,46.018],[7.283,46.015],[7.274,46.013],[7.279,46.006],[7.278,46.002],[7.281,45.998],[7.283,46.002],[7.282,46.004],[7.29,46.016],[7.296,46.015],[7.297,46.017],[7.307,46.015],[7.304,46.018],[7.306,46.022],[7.31,46.02],[7.312,46.015],[7.319,46.019],[7.32,46.015],[7.327,46.011],[7.324,46.009],[7.324,46.006],[7.319,46.002],[7.319,45.998],[7.326,46.005],[7.329,46.001],[7.336,46.002],[7.344,45.998],[7.337,45.993],[7.332,45.986],[7.335,45.987],[7.339,45.982],[7.342,45.988],[7.344,45.984],[7.343,45.982],[7.346,45.977],[7.345,45.974],[7.343,45.973],[7.345,45.971],[7.342,45.966],[7.341,45.959],[7.345,45.96],[7.346,45.955],[7.35,45.953],[7.351,45.948],[7.358,45.946],[7.36,45.937],[7.358,45.935],[7.354,45.935],[7.355,45.934],[7.368,45.935],[7.377,45.929],[7.387,45.93],[7.39,45.927],[7.394,45.926],[7.397,45.927],[7.405,45.935],[7.423,45.943],[7.43,45.948],[7.426,45.946],[7.412,45.944],[7.407,45.941],[7.408,45.939],[7.406,45.938],[7.397,45.939],[7.394,45.941],[7.393,45.944],[7.39,45.945],[7.384,45.944],[7.377,45.946],[7.376,45.948],[7.381,45.949],[7.383,45.953],[7.377,45.953],[7.369,45.957],[7.37,45.962],[7.367,45.964],[7.365,45.968],[7.366,45.973],[7.364,45.974],[7.362,45.984],[7.366,45.986],[7.369,45.991],[7.361,45.995],[7.36,45.998],[7.362,46.002],[7.357,46.007],[7.359,46.011],[7.353,46.013],[7.353,46.016],[7.356,46.018],[7.35,46.022],[7.347,46.029],[7.342,46.032],[7.334,46.033],[7.335,46.036],[7.341,46.04],[7.339,46.041],[7.326,46.039],[7.319,46.042],[7.326,46.051],[7.332,46.054],[7.324,46.054],[7.313,46.047],[7.31,46.049],[7.308,46.051],[7.309,46.055],[7.313,46.053],[7.313,46.059],[7.307,46.06],[7.308,46.063],[7.313,46.067],[7.313,46.069],[7.312,46.067],[7.303,46.062],[7.291,46.069],[7.289,46.072],[7.281,46.074],[7.283,46.076],[7.278,46.078],[7.277,46.085],[7.268,46.087],[7.269,46.09],[7.265,46.092],[7.267,46.099],[7.264,46.105],[7.255,46.112],[7.25,46.114],[7.251,46.116],[7.258,46.116],[7.267,46.113],[7.274,46.116],[7.273,46.123],[7.266,46.128],[7.267,46.13],[7.274,46.129],[7.277,46.13],[7.28,46.128],[7.283,46.13],[7.286,46.126],[7.29,46.124],[7.297,46.126],[7.296,46.122],[7.29,46.123],[7.283,46.119],[7.287,46.116],[7.296,46.115],[7.296,46.109],[7.3,46.108],[7.303,46.113],[7.305,46.112],[7.304,46.108],[7.309,46.107],[7.31,46.108],[7.307,46.11],[7.307,46.112],[7.308,46.117],[7.31,46.117],[7.312,46.114],[7.316,46.115],[7.319,46.113],[7.314,46.11],[7.315,46.105],[7.317,46.105],[7.319,46.108],[7.325,46.104],[7.337,46.103],[7.339,46.108],[7.342,46.11],[7.334,46.112],[7.336,46.114],[7.335,46.117],[7.332,46.119],[7.335,46.121],[7.328,46.123],[7.331,46.126],[7.341,46.13],[7.338,46.134],[7.332,46.135],[7.335,46.139],[7.335,46.143],[7.348,46.146],[7.348,46.148],[7.344,46.15],[7.345,46.154],[7.341,46.155],[7.352,46.162],[7.357,46.162],[7.361,46.159],[7.355,46.157],[7.358,46.154],[7.361,46.158],[7.364,46.158],[7.365,46.157],[7.363,46.153],[7.366,46.15],[7.366,46.146],[7.357,46.144],[7.355,46.141],[7.358,46.143],[7.363,46.139],[7.362,46.137],[7.365,46.135],[7.362,46.128],[7.37,46.123],[7.366,46.121],[7.367,46.117],[7.369,46.117],[7.369,46.119],[7.371,46.119],[7.373,46.121],[7.372,46.123],[7.374,46.124],[7.376,46.119],[7.379,46.117],[7.377,46.114],[7.367,46.112],[7.371,46.109],[7.374,46.11],[7.374,46.108],[7.383,46.099],[7.38,46.096],[7.38,46.094],[7.383,46.092],[7.384,46.087],[7.38,46.087],[7.378,46.085],[7.379,46.081],[7.38,46.08],[7.391,46.085],[7.393,46.088],[7.397,46.084],[7.401,46.083],[7.393,46.082],[7.382,46.067],[7.389,46.065],[7.39,46.063],[7.388,46.061],[7.391,46.058],[7.395,46.049],[7.397,46.048],[7.397,46.04],[7.4,46.039],[7.4,46.036],[7.403,46.034],[7.411,46.034],[7.416,46.03],[7.423,46.03],[7.424,46.034],[7.423,46.036],[7.425,46.038],[7.423,46.041],[7.415,46.045],[7.414,46.049],[7.416,46.054],[7.414,46.061],[7.408,46.061],[7.403,46.067],[7.403,46.07],[7.406,46.073],[7.41,46.074],[7.411,46.076],[7.409,46.079],[7.412,46.081],[7.409,46.083],[7.412,46.085],[7.416,46.085],[7.426,46.083],[7.43,46.088],[7.426,46.097],[7.428,46.099],[7.435,46.089],[7.445,46.087],[7.444,46.09],[7.445,46.092],[7.452,46.091],[7.461,46.099],[7.469,46.099],[7.471,46.097],[7.468,46.092],[7.461,46.093],[7.458,46.09],[7.466,46.085],[7.459,46.081],[7.461,46.077],[7.468,46.075],[7.473,46.067],[7.471,46.064],[7.458,46.061],[7.457,46.056],[7.45,46.052],[7.452,46.049],[7.455,46.049],[7.458,46.046],[7.468,46.045],[7.464,46.041],[7.461,46.043],[7.464,46.04],[7.455,46.037],[7.451,46.038],[7.453,46.031],[7.455,46.029],[7.452,46.027],[7.445,46.025],[7.444,46.029],[7.442,46.03],[7.437,46.027],[7.437,46.025],[7.441,46.022],[7.441,46.02],[7.438,46.018],[7.439,46.017],[7.445,46.019],[7.449,46.018],[7.45,46.016],[7.448,46.013],[7.452,46.007],[7.453,46.011],[7.457,46.016],[7.461,46.014],[7.466,46.016],[7.471,46.015],[7.474,46.009],[7.477,46.007],[7.478,46.002],[7.483,45.998],[7.483,45.995],[7.479,45.993],[7.477,45.99],[7.49,45.992],[7.493,45.99],[7.495,45.991],[7.492,45.993],[7.493,45.994],[7.497,45.994],[7.5,45.992],[7.503,45.995],[7.504,46.004],[7.506,46.006],[7.51,46.006],[7.511,46.009],[7.51,46.01],[7.506,46.009],[7.503,46.011],[7.501,46.016],[7.504,46.018],[7.503,46.019],[7.5,46.016],[7.496,46.018],[7.497,46.02],[7.504,46.022],[7.505,46.031],[7.511,46.031],[7.514,46.036],[7.513,46.039],[7.509,46.04],[7.515,46.043],[7.51,46.043],[7.508,46.045],[7.514,46.047],[7.513,46.054],[7.517,46.058],[7.514,46.061],[7.514,46.065],[7.511,46.067],[7.513,46.069],[7.517,46.067],[7.519,46.061],[7.523,46.059],[7.526,46.06],[7.524,46.063],[7.529,46.064],[7.533,46.056],[7.531,46.051],[7.528,46.049],[7.529,46.047],[7.536,46.05],[7.541,46.045],[7.536,46.041],[7.532,46.041],[7.529,46.039],[7.525,46.034],[7.526,46.031],[7.542,46.029],[7.548,46.039],[7.552,46.042],[7.555,46.036],[7.552,46.033],[7.552,46.031],[7.555,46.033],[7.558,46.03],[7.561,46.033],[7.564,46.033],[7.568,46.039],[7.572,46.036],[7.574,46.032],[7.575,46.033],[7.576,46.04],[7.57,46.049],[7.571,46.052],[7.576,46.056],[7.576,46.058],[7.568,46.065],[7.571,46.069],[7.564,46.069],[7.563,46.074],[7.566,46.076],[7.561,46.076],[7.557,46.076],[7.558,46.078],[7.563,46.081],[7.565,46.09],[7.571,46.089],[7.57,46.092],[7.558,46.096],[7.556,46.094],[7.553,46.094],[7.55,46.096],[7.558,46.103],[7.555,46.103],[7.552,46.099],[7.549,46.101],[7.548,46.103],[7.549,46.106],[7.542,46.111],[7.543,46.117],[7.536,46.124],[7.526,46.13],[7.523,46.135],[7.52,46.131],[7.517,46.141],[7.514,46.144],[7.503,46.143],[7.495,46.148],[7.497,46.15],[7.5,46.15],[7.501,46.153],[7.509,46.157],[7.497,46.161],[7.493,46.166],[7.49,46.167],[7.487,46.165],[7.481,46.171],[7.482,46.173],[7.48,46.177],[7.469,46.182],[7.471,46.187],[7.478,46.189],[7.48,46.198],[7.479,46.2],[7.482,46.204],[7.467,46.209],[7.475,46.213],[7.484,46.224],[7.49,46.22],[7.49,46.218],[7.492,46.216],[7.492,46.213],[7.497,46.213],[7.503,46.206],[7.507,46.205],[7.517,46.207],[7.52,46.213],[7.522,46.211],[7.526,46.212],[7.531,46.209],[7.531,46.207],[7.527,46.204],[7.529,46.203],[7.533,46.205],[7.536,46.209],[7.533,46.213],[7.53,46.213],[7.533,46.215],[7.539,46.215],[7.542,46.209],[7.55,46.207],[7.55,46.204],[7.548,46.202],[7.552,46.201],[7.555,46.203],[7.558,46.2],[7.555,46.193],[7.559,46.191],[7.558,46.19],[7.552,46.19],[7.549,46.193],[7.543,46.195],[7.542,46.201],[7.538,46.189],[7.544,46.184],[7.545,46.181],[7.549,46.182],[7.554,46.18],[7.553,46.177],[7.549,46.175],[7.545,46.177],[7.545,46.174],[7.551,46.171],[7.549,46.167],[7.542,46.165],[7.542,46.163],[7.545,46.164],[7.547,46.162],[7.548,46.157],[7.552,46.16],[7.555,46.159],[7.557,46.155],[7.555,46.154],[7.555,46.15],[7.562,46.151],[7.563,46.148],[7.561,46.146],[7.563,46.144],[7.562,46.142],[7.557,46.141],[7.558,46.137],[7.555,46.135],[7.552,46.136],[7.547,46.132],[7.55,46.13],[7.562,46.13],[7.562,46.123],[7.564,46.119],[7.57,46.114],[7.57,46.11],[7.573249999999998,46.10875],[7.572,46.11],[7.576,46.11],[7.5743333333333345,46.108333333333334],[7.583,46.105],[7.581,46.103],[7.582,46.101],[7.59,46.096],[7.59,46.094],[7.597,46.095],[7.6,46.1],[7.607,46.095],[7.61,46.098],[7.613,46.098],[7.619,46.096],[7.62,46.093],[7.623,46.095],[7.623,46.089],[7.62,46.09],[7.616,46.088],[7.611,46.081],[7.613,46.078],[7.613,46.083],[7.616,46.084],[7.623,46.081],[7.625,46.076],[7.618,46.074],[7.62,46.068],[7.618,46.067],[7.623,46.066],[7.626,46.069],[7.627,46.074],[7.63,46.076],[7.633,46.083],[7.635,46.078],[7.635,46.072],[7.639,46.069],[7.635,46.067],[7.645,46.061],[7.647,46.063],[7.641,46.067],[7.642,46.069],[7.637,46.072],[7.643,46.074],[7.641,46.076],[7.642,46.078],[7.64,46.081],[7.642,46.083],[7.641,46.085],[7.642,46.088],[7.648,46.092],[7.647,46.094],[7.649,46.094],[7.652,46.097],[7.665,46.095],[7.671,46.097],[7.674,46.099],[7.674,46.103],[7.668,46.107],[7.668,46.11],[7.657,46.112],[7.656,46.117],[7.653,46.119],[7.666,46.123],[7.663,46.126],[7.655,46.128],[7.657,46.13],[7.655,46.139],[7.657,46.141],[7.657,46.144],[7.654,46.148],[7.655,46.153],[7.653,46.155],[7.649,46.155],[7.646,46.158],[7.641,46.159],[7.64,46.162],[7.642,46.164],[7.656,46.166],[7.652,46.169],[7.65,46.173],[7.638,46.175],[7.643,46.179],[7.643,46.182],[7.639,46.184],[7.639,46.186],[7.633,46.187],[7.627,46.191],[7.63,46.193],[7.628,46.195],[7.628,46.198],[7.621,46.204],[7.622,46.207],[7.62,46.209],[7.627,46.209],[7.633,46.211],[7.636,46.216],[7.632,46.222],[7.626,46.227],[7.628,46.229],[7.627,46.232],[7.62,46.233],[7.617,46.236],[7.618,46.238],[7.609,46.238],[7.607,46.24],[7.612,46.245],[7.614,46.252],[7.611,46.261],[7.608,46.263],[7.606,46.267],[7.607,46.269],[7.617,46.269],[7.62,46.267],[7.62,46.265],[7.622,46.265],[7.621,46.267],[7.623,46.268],[7.636,46.264],[7.64,46.265],[7.641,46.267],[7.64,46.27],[7.643,46.274],[7.651,46.272],[7.65,46.269],[7.652,46.267],[7.666,46.266],[7.669,46.27],[7.675,46.271],[7.686,46.265],[7.692,46.257],[7.692,46.255],[7.686,46.249],[7.688,46.248],[7.695,46.249],[7.7,46.247],[7.699,46.242],[7.697,46.24],[7.7,46.238],[7.698,46.236],[7.699,46.231],[7.697,46.227],[7.697,46.222],[7.695,46.217],[7.691,46.215],[7.688,46.207],[7.685,46.206],[7.687,46.2],[7.685,46.195],[7.686,46.193],[7.684,46.191],[7.685,46.182],[7.683,46.179],[7.686,46.173],[7.685,46.166],[7.681,46.165],[7.679,46.161],[7.681,46.159],[7.685,46.159],[7.688,46.156],[7.691,46.166],[7.69,46.17],[7.694,46.175],[7.696,46.166],[7.698,46.164],[7.711,46.168],[7.704,46.171],[7.702,46.173],[7.703,46.177],[7.699,46.179],[7.699,46.182],[7.704,46.184],[7.707,46.182],[7.707,46.179],[7.711,46.178],[7.714,46.179],[7.713,46.182],[7.708,46.184],[7.707,46.19],[7.717,46.193],[7.708,46.204],[7.714,46.208],[7.717,46.207],[7.719,46.209],[7.726,46.211],[7.727,46.213],[7.723,46.213],[7.722,46.215],[7.726,46.222],[7.737,46.224],[7.74,46.227],[7.729,46.231],[7.731,46.245],[7.728,46.251],[7.73,46.253],[7.734,46.251],[7.745,46.256],[7.735,46.26],[7.734,46.263],[7.736,46.272],[7.743,46.272],[7.75,46.275],[7.751,46.274],[7.749,46.269],[7.745,46.265],[7.763,46.265],[7.759,46.253],[7.766,46.251],[7.769,46.246],[7.779,46.246],[7.786,46.251],[7.79,46.251],[7.795,46.255],[7.799,46.256],[7.805,46.255],[7.811,46.249],[7.816,46.247],[7.811,46.242],[7.817,46.24],[7.816,46.235],[7.805,46.234],[7.803,46.233],[7.803,46.231],[7.798,46.232],[7.795,46.229],[7.793,46.229],[7.789,46.222],[7.785,46.222],[7.787,46.22],[7.778,46.217],[7.781,46.213],[7.794,46.211],[7.796,46.208],[7.779,46.202],[7.774,46.202],[7.764,46.195],[7.779,46.195],[7.782,46.193],[7.771,46.184],[7.769,46.179],[7.762,46.177],[7.762,46.174],[7.765,46.173],[7.766,46.17],[7.762,46.168],[7.759,46.169],[7.756,46.166],[7.753,46.166],[7.761,46.161],[7.759,46.157],[7.755,46.155],[7.756,46.154],[7.761,46.152],[7.77,46.152],[7.765,46.147],[7.761,46.146],[7.763,46.141],[7.761,46.137],[7.764,46.132],[7.758,46.128],[7.759,46.125],[7.756,46.123],[7.758,46.121],[7.745,46.112],[7.746,46.108],[7.751,46.107],[7.746,46.105],[7.751,46.103],[7.752,46.101],[7.751,46.094],[7.746,46.092],[7.747,46.089],[7.736,46.088],[7.726,46.085],[7.723,46.086],[7.722,46.08],[7.718,46.076],[7.72,46.073],[7.723,46.077],[7.729,46.074],[7.733,46.075],[7.739,46.073],[7.752,46.073],[7.753,46.069],[7.748,46.065],[7.748,46.062],[7.745,46.06],[7.745,46.053],[7.742,46.05],[7.739,46.05],[7.735,46.047],[7.733,46.038],[7.726,46.037],[7.723,46.039],[7.721,46.042],[7.723,46.046],[7.72,46.043],[7.714,46.042],[7.71,46.038],[7.71,46.031],[7.713,46.028],[7.72,46.027],[7.72,46.024],[7.717,46.022],[7.707,46.02],[7.701,46.022],[7.704,46.024],[7.703,46.025],[7.694,46.021],[7.681,46.022],[7.674,46.019],[7.667,46.02],[7.665,46.022],[7.667,46.024],[7.667,46.027],[7.663,46.027],[7.662,46.024],[7.659,46.022],[7.658,46.018],[7.655,46.02],[7.652,46.018],[7.647,46.018],[7.639,46.012],[7.636,46.014],[7.635,46.013],[7.637,46.009],[7.632,46.009],[7.624,46.002],[7.626,46.0],[7.638,46.0],[7.645,45.998],[7.647,45.995],[7.657,45.995],[7.655,45.997],[7.658,45.998],[7.663,45.997],[7.661,45.995],[7.668,45.998],[7.694,45.996],[7.702,45.993],[7.699,45.988],[7.694,45.986],[7.697,45.983],[7.706,45.987],[7.713,45.987],[7.719,45.989],[7.723,45.984],[7.735,45.98],[7.736,45.977],[7.741,45.975],[7.739,45.972],[7.73,45.968],[7.739,45.964],[7.748,45.965],[7.755,45.968],[7.758,45.962],[7.771,45.962],[7.777,45.96],[7.78,45.962],[7.787,45.963],[7.797,45.956],[7.797,45.959],[7.799,45.961],[7.806,45.96],[7.813,45.963],[7.819,45.963],[7.82,45.965],[7.819,45.968],[7.814,45.97],[7.813,45.973],[7.806,45.979],[7.813,45.982],[7.823,45.983],[7.82,45.986],[7.81,45.987],[7.8,45.984],[7.798,45.986],[7.801,45.988],[7.8,45.989],[7.797,45.987],[7.774,45.985],[7.766,45.988],[7.767,45.997],[7.771,45.998],[7.784,45.992],[7.787,45.992],[7.79,45.993],[7.784,46.0],[7.797,46.004],[7.81,46.005],[7.812,46.006],[7.813,46.009],[7.816,46.01],[7.819,46.008],[7.817,46.01],[7.823,46.013],[7.836,46.015],[7.826,46.015],[7.815,46.019],[7.813,46.022],[7.807,46.02],[7.804,46.022],[7.797,46.022],[7.793,46.024],[7.787,46.034],[7.803,46.031],[7.804,46.034],[7.801,46.035],[7.81,46.043],[7.817,46.045],[7.82,46.044],[7.822,46.04],[7.821,46.037],[7.816,46.034],[7.816,46.031],[7.826,46.037],[7.829,46.037],[7.833,46.033],[7.836,46.033],[7.844,46.037],[7.841,46.04],[7.846,46.046],[7.838,46.049],[7.839,46.051],[7.838,46.053],[7.841,46.055],[7.842,46.058],[7.833,46.057],[7.828,46.062],[7.833,46.066],[7.834,46.073],[7.839,46.078],[7.836,46.079],[7.826,46.074],[7.823,46.077],[7.825,46.08],[7.823,46.081],[7.82,46.079],[7.818,46.08],[7.826,46.088],[7.83,46.088],[7.825,46.091],[7.83,46.094],[7.827,46.097],[7.822,46.098],[7.821,46.103],[7.823,46.105],[7.819,46.107],[7.82,46.109],[7.826,46.109],[7.83,46.112],[7.827,46.118],[7.828,46.121],[7.837,46.125],[7.833,46.126],[7.832,46.13],[7.834,46.132],[7.827,46.136],[7.825,46.139],[7.83,46.14],[7.831,46.143],[7.833,46.144],[7.84,46.138],[7.837,46.141],[7.838,46.143],[7.837,46.145],[7.84,46.147],[7.846,46.144],[7.85,46.147],[7.853,46.147],[7.849,46.15],[7.853,46.153],[7.858,46.154],[7.852,46.156],[7.856,46.16],[7.863,46.155],[7.867,46.159],[7.866,46.161],[7.869,46.162],[7.879,46.16],[7.882,46.161],[7.883,46.163],[7.881,46.165],[7.882,46.166],[7.892,46.167],[7.896,46.165],[7.895,46.163],[7.898,46.159],[7.896,46.156],[7.898,46.154],[7.891,46.152],[7.893,46.147],[7.889,46.143],[7.889,46.141],[7.892,46.14],[7.892,46.145],[7.895,46.147],[7.898,46.143],[7.896,46.138],[7.903,46.136],[7.899,46.132],[7.901,46.13],[7.908,46.135],[7.91,46.132],[7.904,46.124],[7.9,46.125],[7.898,46.123],[7.896,46.125],[7.897,46.127],[7.895,46.128],[7.892,46.125],[7.897,46.123],[7.895,46.118],[7.896,46.116],[7.891,46.113],[7.89,46.109],[7.894,46.105],[7.891,46.103],[7.888,46.104],[7.885,46.101],[7.886,46.098],[7.883,46.096],[7.888,46.09],[7.891,46.094],[7.898,46.094],[7.898,46.091],[7.901,46.089],[7.905,46.091],[7.911,46.089],[7.917,46.091],[7.92,46.094],[7.935,46.091],[7.937,46.095],[7.94,46.097],[7.944,46.093],[7.944,46.091],[7.941,46.089],[7.942,46.086],[7.936,46.085],[7.935,46.082],[7.941,46.08],[7.942,46.077],[7.94,46.075],[7.936,46.075],[7.939,46.072],[7.943,46.074],[7.947,46.066],[7.943,46.062],[7.939,46.062],[7.937,46.059],[7.949,46.058],[7.95,46.055],[7.949,46.053],[7.946,46.053],[7.949,46.052],[7.951,46.048],[7.949,46.044],[7.942,46.044],[7.934,46.035],[7.949,46.043],[7.953,46.041],[7.954,46.037],[7.959,46.032],[7.958,46.026],[7.965,46.025],[7.967,46.026],[7.965,46.039],[7.968,46.041],[7.967,46.044],[7.969,46.055],[7.967,46.059],[7.97,46.064],[7.975,46.066],[7.968,46.075],[7.969,46.076],[7.977,46.075],[7.988,46.065],[7.994,46.067],[8.004,46.061],[8.002,46.066],[7.997,46.07],[7.998,46.075],[7.988,46.086],[7.984,46.088],[7.983,46.091],[7.973,46.097],[7.975,46.099],[7.979,46.097],[7.991,46.101],[7.995,46.1],[7.998,46.101],[8.0,46.104],[7.995,46.106],[7.995,46.108],[7.992,46.11],[7.985,46.111],[7.979,46.115],[7.969,46.114],[7.966,46.116],[7.967,46.12],[7.965,46.125],[7.96,46.127],[7.965,46.129],[7.966,46.133],[7.971,46.136],[7.969,46.143],[7.975,46.147],[7.974,46.151],[7.976,46.156],[7.969,46.154],[7.971,46.151],[7.969,46.15],[7.963,46.15],[7.961,46.152],[7.964,46.154],[7.956,46.157],[7.956,46.161],[7.96,46.165],[7.96,46.168],[7.957,46.172],[7.962,46.176],[7.96,46.177],[7.953,46.175],[7.941,46.179],[7.956,46.185],[7.955,46.188],[7.952,46.19],[7.941,46.191],[7.94,46.192],[7.945,46.197],[7.944,46.198],[7.937,46.195],[7.934,46.201],[7.934,46.208],[7.937,46.21],[7.937,46.212],[7.925,46.219],[7.931,46.219],[7.936,46.221],[7.937,46.224],[7.935,46.226],[7.938,46.227],[7.941,46.223],[7.944,46.227],[7.947,46.222],[7.952,46.221],[7.951,46.218],[7.944,46.221],[7.94,46.219],[7.946,46.217],[7.947,46.215],[7.96,46.211],[7.967,46.212],[7.963,46.213],[7.962,46.214],[7.963,46.215],[7.97,46.215],[7.972,46.217],[7.97,46.223],[7.972,46.228],[7.965,46.237],[7.969,46.241],[7.969,46.25],[7.972,46.253],[7.969,46.257],[7.97,46.267],[7.973,46.268],[7.972,46.271],[7.982,46.277],[7.978,46.28],[7.98,46.283],[7.984,46.282],[7.985,46.275],[7.984,46.273],[7.988,46.271],[7.993,46.264],[8.0,46.267],[8.009,46.264],[8.022,46.269],[8.024,46.266],[8.021,46.261],[8.01,46.257],[8.009,46.255],[8.006,46.256],[7.999,46.253],[7.999,46.25],[8.002,46.248],[8.0,46.237],[7.998,46.235],[8.0,46.228],[7.997,46.223],[7.998,46.221],[7.996,46.219],[7.999,46.221],[8.006,46.221],[8.015,46.219],[8.022,46.215],[8.028,46.21],[8.028,46.205],[8.025,46.201],[8.022,46.201],[8.02,46.198],[8.021,46.194],[8.031,46.191],[8.035,46.192],[8.037,46.189],[8.041,46.187],[8.044,46.188],[8.048,46.187],[8.053,46.183],[8.052,46.178],[8.054,46.176],[8.05,46.174],[8.051,46.169],[8.045,46.165],[8.041,46.157],[8.039,46.156],[8.039,46.153],[8.053,46.148],[8.06,46.151],[8.066,46.149],[8.07,46.152],[8.076,46.151],[8.081,46.153],[8.078,46.158],[8.074,46.16],[8.076,46.163],[8.083,46.162],[8.086,46.16],[8.086,46.158],[8.089,46.158],[8.09,46.155],[8.088,46.151],[8.085,46.149],[8.085,46.146],[8.087,46.144],[8.085,46.142],[8.086,46.139],[8.084,46.137],[8.085,46.135],[8.075,46.133],[8.072,46.131],[8.071,46.124],[8.074,46.119],[8.058,46.117],[8.076,46.114],[8.084,46.115],[8.093,46.124],[8.102,46.125],[8.104,46.128],[8.104,46.137],[8.109,46.137],[8.112,46.141],[8.124,46.148],[8.124,46.151],[8.127,46.153],[8.131,46.151],[8.136,46.153],[8.147,46.154],[8.152,46.15],[8.151,46.146],[8.141,46.138],[8.124,46.136],[8.115,46.13],[8.113,46.128],[8.112,46.117],[8.108,46.114],[8.103,46.113],[8.102,46.111],[8.085,46.109],[8.082,46.107],[8.069,46.107],[8.066,46.105],[8.059,46.105],[8.056,46.102],[8.05,46.103],[8.046,46.1],[8.04,46.1],[8.033,46.096],[8.032,46.09],[8.029,46.088],[8.029,46.084],[8.026,46.081],[8.026,46.079],[8.022,46.077],[8.026,46.07],[8.026,46.061],[8.029,46.059],[8.029,46.054],[8.032,46.052],[8.032,46.045],[8.019,46.037],[8.019,46.034],[8.015,46.032],[8.016,46.025],[8.012,46.021],[8.012,46.014],[7.999,46.01],[7.999,46.007],[7.993,46.003],[7.99,45.998],[7.981,45.997],[7.978,45.999],[7.966,45.999],[7.965,45.997],[7.907,45.995],[7.906,45.992],[7.899,45.985],[7.886,45.976],[7.881,45.975],[7.88,45.963],[7.877,45.959],[7.876,45.952],[7.873,45.949],[7.873,45.945],[7.87,45.943],[7.87,45.936],[7.873,45.934],[7.876,45.927],[7.864,45.918],[7.861,45.918],[7.858,45.921],[7.832,45.923],[7.822,45.928],[7.819,45.928],[7.818,45.925],[7.812,45.921],[7.805,45.921],[7.803,45.919],[7.793,45.919],[7.791,45.923],[7.783,45.928],[7.78,45.928],[7.771,45.935],[7.765,45.936],[7.765,45.939],[7.748,45.939],[7.742,45.935],[7.741,45.932],[7.735,45.93],[7.735,45.925],[7.732,45.923],[7.719,45.923],[7.713,45.928],[7.713,45.93],[7.707,45.934],[7.706,45.951],[7.701,45.952],[7.698,45.955],[7.684,45.955],[7.68,45.957],[7.675,45.961],[7.675,45.966],[7.661,45.976],[7.648,45.976],[7.642,45.971],[7.622,45.971],[7.62,45.973],[7.615,45.973],[7.61,45.969],[7.6,45.969],[7.597,45.971],[7.587,45.971],[7.578,45.977],[7.578,45.982],[7.571,45.987],[7.568,45.987],[7.564,45.985],[7.555,45.984],[7.548,45.985],[7.547,45.982],[7.543,45.98],[7.543,45.977],[7.541,45.975],[7.544,45.973],[7.544,45.966],[7.547,45.964],[7.544,45.962],[7.544,45.959],[7.542,45.958],[7.539,45.958],[7.535,45.955],[7.532,45.958],[7.522,45.958],[7.517,45.962],[7.506,45.962],[7.497,45.958],[7.493,45.958],[7.49,45.955],[7.476,45.953],[7.47,45.948],[7.47,45.946],[7.473,45.944],[7.473,45.939],[7.468,45.935],[7.458,45.936],[7.455,45.933],[7.445,45.931],[7.439,45.926],[7.437,45.926],[7.434,45.923],[7.434,45.921],[7.427,45.917],[7.426,45.915],[7.416,45.913],[7.41,45.908],[7.406,45.908],[7.4,45.911],[7.396,45.908],[7.396,45.905],[7.387,45.899],[7.377,45.899],[7.374,45.902],[7.371,45.901],[7.368,45.904],[7.362,45.905],[7.36,45.908],[7.355,45.908],[7.352,45.913],[7.348,45.913],[7.345,45.915],[7.323,45.911],[7.314,45.917],[7.303,45.917],[7.3,45.92],[7.297,45.919],[7.294,45.922],[7.29,45.922],[7.285,45.914],[7.28,45.91],[7.28,45.907],[7.255,45.89],[7.252,45.89],[7.246,45.894],[7.242,45.893],[7.239,45.89],[7.225,45.892],[7.22,45.888],[7.216,45.888],[7.211,45.885],[7.199,45.876],[7.199,45.865],[7.194,45.861]],[[7.49,46.218],[7.486,46.216],[7.487,46.215],[7.49,46.218]],[[7.656,46.166],[7.659,46.165],[7.659,46.167],[7.656,46.166]],[[7.839,46.051],[7.842,46.05],[7.846,46.051],[7.839,46.051]],[[7.967,46.212],[7.972,46.212],[7.97,46.214],[7.967,46.212]]],[[[7.38,46.096],[7.387,46.097],[7.387,46.091],[7.384,46.096],[7.38,46.096]]],[[[8.051,46.791],[8.044,46.786],[8.03,46.792],[8.038,46.796],[8.04,46.794],[8.071,46.796],[8.074,46.794],[8.071,46.792],[8.067,46.792],[8.061,46.788],[8.057,46.788],[8.051,46.791]]],[[[8.074,46.794],[8.077,46.795],[8.08,46.793],[8.084,46.795],[8.091,46.794],[8.094,46.795],[8.099,46.801],[8.103,46.801],[8.104,46.798],[8.099,46.794],[8.104,46.792],[8.1,46.789],[8.09,46.788],[8.086,46.79],[8.084,46.788],[8.077,46.788],[8.073,46.79],[8.074,46.794]]],[[[8.074,46.794],[8.072,46.796],[8.074,46.796],[8.074,46.794]]],[[[7.899,46.788],[7.894,46.784],[7.884,46.788],[7.871,46.788],[7.887,46.79],[7.899,46.788]]],[[[7.856,46.174],[7.853,46.176],[7.853,46.178],[7.86,46.18],[7.862,46.179],[7.856,46.174]]],[[[7.856,46.174],[7.859,46.172],[7.863,46.175],[7.862,46.17],[7.863,46.169],[7.866,46.171],[7.869,46.168],[7.859,46.166],[7.853,46.172],[7.856,46.174]]],[[[7.86,46.348],[7.851,46.348],[7.85,46.35],[7.852,46.352],[7.851,46.354],[7.853,46.357],[7.852,46.359],[7.854,46.36],[7.862,46.357],[7.86,46.354],[7.86,46.348]]],[[[7.604,46.105],[7.6,46.101],[7.594,46.106],[7.591,46.106],[7.59,46.108],[7.592,46.114],[7.581,46.117],[7.578,46.121],[7.584,46.128],[7.583,46.132],[7.586,46.137],[7.587,46.145],[7.595,46.141],[7.591,46.139],[7.594,46.137],[7.602,46.135],[7.597,46.132],[7.604,46.129],[7.603,46.126],[7.604,46.123],[7.608,46.121],[7.61,46.116],[7.613,46.116],[7.617,46.112],[7.61,46.111],[7.607,46.113],[7.603,46.112],[7.602,46.11],[7.604,46.105]]],[[[7.595,46.15],[7.591,46.152],[7.584,46.151],[7.582,46.155],[7.591,46.161],[7.592,46.159],[7.589,46.155],[7.591,46.153],[7.594,46.154],[7.595,46.15]]],[[[7.549,46.543],[7.543,46.54],[7.537,46.544],[7.536,46.547],[7.539,46.551],[7.531,46.555],[7.543,46.559],[7.549,46.556],[7.556,46.558],[7.566,46.557],[7.567,46.555],[7.564,46.553],[7.563,46.546],[7.561,46.546],[7.559,46.549],[7.558,46.548],[7.559,46.546],[7.553,46.545],[7.551,46.546],[7.554,46.548],[7.553,46.549],[7.549,46.548],[7.549,46.543]]],[[[7.562,46.139],[7.558,46.139],[7.562,46.141],[7.562,46.139]]],[[[7.549,46.446],[7.546,46.447],[7.552,46.447],[7.549,46.446]]],[[[7.538,46.528],[7.531,46.524],[7.53,46.526],[7.532,46.531],[7.526,46.533],[7.53,46.534],[7.53,46.537],[7.533,46.539],[7.54,46.539],[7.541,46.535],[7.538,46.533],[7.538,46.528]]],[[[7.492,46.486],[7.487,46.481],[7.482,46.486],[7.483,46.49],[7.481,46.495],[7.478,46.498],[7.472,46.499],[7.471,46.504],[7.474,46.505],[7.475,46.508],[7.478,46.51],[7.494,46.51],[7.497,46.508],[7.503,46.508],[7.504,46.512],[7.507,46.513],[7.51,46.517],[7.499,46.522],[7.497,46.525],[7.487,46.528],[7.487,46.531],[7.489,46.533],[7.488,46.534],[7.484,46.531],[7.481,46.531],[7.467,46.535],[7.468,46.54],[7.474,46.542],[7.478,46.539],[7.482,46.54],[7.484,46.536],[7.491,46.535],[7.497,46.53],[7.514,46.524],[7.513,46.522],[7.517,46.52],[7.518,46.524],[7.52,46.525],[7.527,46.526],[7.53,46.524],[7.53,46.519],[7.521,46.513],[7.51,46.501],[7.507,46.499],[7.504,46.5],[7.501,46.498],[7.493,46.497],[7.491,46.495],[7.493,46.492],[7.492,46.486]]],[[[7.449,46.564],[7.445,46.564],[7.448,46.567],[7.448,46.569],[7.457,46.573],[7.458,46.576],[7.46,46.571],[7.449,46.564]]],[[[7.23,46.425],[7.214,46.416],[7.208,46.417],[7.202,46.425],[7.21,46.429],[7.211,46.427],[7.214,46.426],[7.22,46.429],[7.227,46.429],[7.23,46.425]]],[[[7.162,46.391],[7.181500000000001,46.3895],[7.18,46.391],[7.183,46.391],[7.182222222222222,46.38944444444444],[7.188,46.389],[7.192,46.39],[7.195,46.393],[7.195,46.386],[7.198,46.386],[7.2,46.384],[7.199,46.38],[7.205,46.374],[7.208,46.378],[7.215,46.377],[7.216,46.38],[7.222,46.38],[7.222,46.377],[7.218,46.373],[7.205,46.367],[7.198,46.369],[7.195,46.367],[7.192,46.368],[7.192,46.375],[7.182,46.377],[7.175,46.376],[7.172,46.377],[7.169,46.375],[7.154,46.377],[7.152,46.382],[7.149,46.383],[7.127,46.379],[7.109,46.379],[7.11,46.382],[7.114,46.385],[7.12,46.383],[7.132,46.384],[7.136,46.39],[7.135,46.393],[7.136,46.395],[7.146,46.396],[7.148,46.393],[7.146,46.39],[7.149,46.393],[7.156,46.394],[7.157,46.393],[7.155,46.391],[7.156,46.389],[7.162,46.391]]],[[[6.896,46.049],[6.89,46.044],[6.88,46.044],[6.877,46.046],[6.873,46.046],[6.868,46.05],[6.868,46.052],[6.871,46.055],[6.871,46.059],[6.874,46.061],[6.874,46.066],[6.883,46.072],[6.886,46.071],[6.887,46.073],[6.887,46.084],[6.883,46.086],[6.884,46.093],[6.883,46.097],[6.887,46.1],[6.886,46.102],[6.89,46.104],[6.89,46.106],[6.893,46.109],[6.892,46.125],[6.856,46.125],[6.848,46.129],[6.843,46.129],[6.841,46.131],[6.814,46.131],[6.808,46.136],[6.796,46.137],[6.797,46.14],[6.795,46.142],[6.808,46.144],[6.814,46.141],[6.831,46.142],[6.837,46.144],[6.84,46.143],[6.843,46.146],[6.85,46.146],[6.853,46.148],[6.861,46.144],[6.876,46.143],[6.882,46.139],[6.885,46.14],[6.884,46.145],[6.887,46.151],[6.895,46.155],[6.895,46.163],[6.892,46.163],[6.891,46.165],[6.892,46.166],[6.904,46.167],[6.906,46.169],[6.906,46.172],[6.914,46.173],[6.917,46.176],[6.919,46.176],[6.92,46.179],[6.923,46.181],[6.93,46.18],[6.937,46.183],[6.941,46.183],[6.943,46.185],[6.942,46.19],[6.944,46.19],[6.944,46.185],[6.953,46.181],[6.956,46.183],[6.963,46.184],[6.968,46.183],[6.959,46.18],[6.959,46.174],[6.957,46.172],[6.952,46.172],[6.955,46.17],[6.956,46.167],[6.96,46.168],[6.969,46.16],[6.972,46.159],[6.972,46.156],[6.96,46.155],[6.957,46.154],[6.957,46.152],[6.953,46.151],[6.946,46.152],[6.945,46.149],[6.947,46.145],[6.944,46.14],[6.947,46.142],[6.951,46.138],[6.957,46.137],[6.973,46.142],[6.977,46.141],[6.982,46.136],[6.987,46.134],[6.979,46.132],[6.97,46.121],[6.96,46.121],[6.95,46.118],[6.951,46.116],[6.949,46.111],[6.96,46.112],[6.967,46.11],[6.974,46.105],[6.974,46.102],[6.963,46.099],[6.96,46.1],[6.955,46.098],[6.954,46.095],[6.947,46.094],[6.945,46.091],[6.948,46.089],[6.947,46.086],[6.942,46.084],[6.943,46.082],[6.941,46.08],[6.931,46.077],[6.929,46.075],[6.925,46.077],[6.92,46.077],[6.92,46.082],[6.914,46.089],[6.913,46.095],[6.909,46.1],[6.907,46.1],[6.906,46.095],[6.907,46.091],[6.903,46.088],[6.905,46.085],[6.912,46.084],[6.914,46.082],[6.915,46.077],[6.913,46.073],[6.918,46.068],[6.922,46.069],[6.924,46.064],[6.917,46.062],[6.914,46.059],[6.914,46.057],[6.906,46.051],[6.896,46.049]]],[[[6.819,46.187],[6.811,46.181],[6.809,46.182],[6.808,46.185],[6.809,46.191],[6.806,46.194],[6.806,46.198],[6.803,46.2],[6.804,46.204],[6.807,46.202],[6.81,46.205],[6.814,46.205],[6.82,46.199],[6.824,46.201],[6.824,46.198],[6.827,46.197],[6.833,46.207],[6.836,46.207],[6.842,46.203],[6.838,46.198],[6.83,46.196],[6.827,46.192],[6.819,46.192],[6.82,46.189],[6.819,46.187]]],[[[6.795,46.333],[6.789,46.332],[6.786,46.333],[6.788,46.335],[6.782,46.337],[6.783,46.339],[6.789,46.338],[6.792,46.342],[6.796,46.342],[6.799,46.338],[6.803,46.338],[6.79,46.335],[6.793,46.335],[6.795,46.333]]]]},"properties":{"value":50,"fill":"#53BD9F","zIndex":3},"id":"2"},{"type":"Feature","geometry":{"type":"MultiPolygon","coordinates":[[[[10.406,46.55],[10.386,46.551],[10.386,46.553],[10.396,46.552],[10.399,46.554],[10.403,46.554],[10.404,46.557],[10.401,46.559],[10.4,46.562],[10.406,46.564],[10.411,46.564],[10.412,46.559],[10.416,46.558],[10.421,46.554],[10.412,46.553],[10.406,46.55]]],[[[10.409,46.708],[10.395,46.707],[10.388,46.709],[10.379,46.715],[10.375,46.715],[10.376,46.717],[10.383,46.717],[10.385,46.719],[10.395,46.72],[10.398,46.722],[10.402,46.72],[10.408,46.721],[10.407,46.728],[10.41,46.728],[10.416,46.723],[10.416,46.717],[10.413,46.714],[10.412,46.71],[10.409,46.708]]],[[[10.411,46.741],[10.396,46.734],[10.39,46.736],[10.385,46.735],[10.383,46.737],[10.38,46.736],[10.378,46.738],[10.379,46.74],[10.377,46.743],[10.361,46.748],[10.354,46.747],[10.351,46.748],[10.348,46.752],[10.347,46.75],[10.35,46.748],[10.348,46.746],[10.344,46.746],[10.342,46.748],[10.342,46.756],[10.338,46.754],[10.336,46.757],[10.34,46.759],[10.338,46.761],[10.339,46.762],[10.347,46.763],[10.348,46.766],[10.346,46.768],[10.352,46.772],[10.356,46.772],[10.357,46.77],[10.354,46.768],[10.359,46.765],[10.375,46.764],[10.377,46.763],[10.377,46.76],[10.381,46.759],[10.384,46.76],[10.382,46.762],[10.388,46.763],[10.392,46.755],[10.39,46.749],[10.4,46.745],[10.405,46.746],[10.407,46.75],[10.408,46.748],[10.41,46.748],[10.412,46.744],[10.411,46.741]]],[[[10.383,46.895],[10.379,46.894],[10.376,46.895],[10.374,46.898],[10.366,46.899],[10.36,46.903],[10.363,46.906],[10.366,46.904],[10.367,46.907],[10.375,46.911],[10.376,46.913],[10.373,46.916],[10.377,46.916],[10.379,46.906],[10.383,46.906],[10.385,46.902],[10.392,46.9],[10.389,46.898],[10.379,46.898],[10.383,46.895]]],[[[10.392,46.9],[10.389,46.902],[10.388,46.906],[10.39,46.909],[10.395,46.911],[10.399,46.91],[10.406,46.914],[10.412,46.91],[10.409,46.908],[10.406,46.909],[10.402,46.902],[10.399,46.905],[10.392,46.9]]],[[[10.387,46.995],[10.377,46.991],[10.377,46.997],[10.38,46.999],[10.395,46.998],[10.394,46.992],[10.391,46.992],[10.387,46.995]]],[[[10.339,46.953],[10.329,46.951],[10.326,46.954],[10.326,46.956],[10.336,46.957],[10.336,46.977],[10.341,46.983],[10.35,46.984],[10.35,46.988],[10.354,46.991],[10.364,46.989],[10.376,46.99],[10.374,46.987],[10.37,46.988],[10.367,46.986],[10.36,46.976],[10.351,46.973],[10.35,46.97],[10.352,46.968],[10.34,46.962],[10.34,46.959],[10.344,46.957],[10.339,46.953]]],[[[10.359,46.905],[10.353,46.902],[10.343,46.907],[10.342,46.905],[10.335,46.905],[10.327,46.91],[10.315,46.91],[10.324,46.911],[10.327,46.921],[10.324,46.923],[10.314,46.924],[10.314,46.928],[10.315,46.929],[10.318,46.928],[10.322,46.936],[10.326,46.933],[10.328,46.928],[10.331,46.932],[10.333,46.928],[10.333,46.921],[10.337,46.917],[10.344,46.919],[10.345,46.912],[10.359,46.905]]],[[[10.34,46.545],[10.336,46.545],[10.331,46.55],[10.324,46.553],[10.317,46.55],[10.298,46.55],[10.297,46.555],[10.298,46.557],[10.308,46.558],[10.311,46.555],[10.315,46.555],[10.32,46.559],[10.32,46.562],[10.322,46.563],[10.328,46.559],[10.328,46.556],[10.331,46.556],[10.334,46.553],[10.337,46.555],[10.347,46.556],[10.348,46.554],[10.347,46.552],[10.34,46.545]]],[[[10.314,46.67],[10.304,46.677],[10.308,46.681],[10.311,46.678],[10.315,46.68],[10.321,46.679],[10.324,46.683],[10.328,46.684],[10.332,46.683],[10.326,46.681],[10.323,46.676],[10.316,46.674],[10.314,46.67]]],[[[10.307,46.67],[10.311,46.672],[10.313,46.67],[10.311,46.667],[10.307,46.67]]],[[[9.985,46.761],[9.982,46.757],[9.978,46.758],[9.977,46.763],[9.975,46.765],[9.968,46.761],[9.962,46.763],[9.96,46.766],[9.952,46.766],[9.953,46.768],[9.958,46.77],[9.958,46.775],[9.956,46.779],[9.953,46.776],[9.95,46.779],[9.952,46.784],[9.948,46.786],[9.95,46.788],[9.95,46.792],[9.952,46.795],[9.942,46.798],[9.941,46.803],[9.936,46.802],[9.933,46.805],[9.934,46.807],[9.932,46.812],[9.931,46.809],[9.928,46.808],[9.913,46.814],[9.922,46.814],[9.926,46.816],[9.927,46.818],[9.924,46.823],[9.927,46.825],[9.925,46.827],[9.926,46.83],[9.923,46.834],[9.92,46.833],[9.917,46.834],[9.909,46.839],[9.914,46.839],[9.917,46.837],[9.93,46.838],[9.935,46.834],[9.931,46.832],[9.932,46.829],[9.946,46.831],[9.956,46.829],[9.953,46.827],[9.959,46.824],[9.955,46.824],[9.955,46.821],[9.96,46.82],[9.96,46.818],[9.964,46.815],[9.961,46.813],[9.957,46.813],[9.958,46.811],[9.953,46.809],[9.95,46.804],[9.962,46.804],[9.963,46.806],[9.968,46.807],[9.969,46.806],[9.962,46.8],[9.963,46.797],[9.955,46.793],[9.955,46.791],[9.957,46.788],[9.956,46.786],[9.957,46.784],[9.961,46.788],[9.96,46.793],[9.964,46.791],[9.967,46.785],[9.97,46.785],[9.973,46.789],[9.98,46.789],[9.989,46.794],[9.986,46.797],[9.987,46.799],[9.99,46.8],[10.0,46.802],[10.006,46.801],[10.005,46.799],[10.01,46.797],[10.022,46.798],[10.021,46.805],[10.013,46.81],[10.017,46.814],[10.01,46.816],[10.017,46.818],[10.025,46.818],[10.018,46.821],[10.027,46.823],[10.03,46.821],[10.028,46.823],[10.039,46.829],[10.039,46.832],[10.033,46.829],[10.026,46.83],[10.02,46.827],[10.005,46.827],[10.003,46.828],[10.003,46.83],[10.01,46.834],[10.008,46.836],[10.005,46.833],[10.002,46.833],[10.0,46.83],[9.995,46.829],[9.992,46.83],[9.992,46.835],[9.987,46.835],[9.987,46.837],[9.983,46.84],[9.986,46.84],[9.989,46.843],[9.992,46.84],[9.996,46.845],[10.002,46.844],[10.008,46.846],[10.009,46.848],[10.01,46.846],[10.015,46.845],[10.021,46.841],[10.025,46.843],[10.035,46.842],[10.049,46.845],[10.048,46.85],[10.051,46.852],[10.04,46.854],[10.039,46.862],[10.037,46.865],[10.04,46.868],[10.037,46.87],[10.037,46.872],[10.033,46.874],[10.034,46.877],[10.04,46.88],[10.047,46.881],[10.051,46.879],[10.049,46.865],[10.052,46.866],[10.056,46.863],[10.078,46.863],[10.09,46.86],[10.09,46.857],[10.093,46.855],[10.096,46.848],[10.104,46.842],[10.11,46.844],[10.114,46.843],[10.112,46.846],[10.114,46.847],[10.117,46.846],[10.119,46.848],[10.14,46.848],[10.15,46.853],[10.153,46.853],[10.157,46.85],[10.163,46.85],[10.175,46.858],[10.182,46.86],[10.193,46.867],[10.21,46.867],[10.213,46.869],[10.232,46.87],[10.232,46.877],[10.239,46.879],[10.238,46.881],[10.239,46.885],[10.237,46.887],[10.232,46.888],[10.23,46.89],[10.23,46.895],[10.227,46.897],[10.231,46.899],[10.235,46.904],[10.241,46.906],[10.242,46.925],[10.246,46.924],[10.244,46.919],[10.248,46.912],[10.248,46.908],[10.251,46.91],[10.254,46.907],[10.258,46.908],[10.258,46.904],[10.251,46.903],[10.249,46.901],[10.254,46.895],[10.257,46.896],[10.26,46.891],[10.264,46.889],[10.266,46.891],[10.256,46.901],[10.264,46.901],[10.269,46.903],[10.27,46.905],[10.267,46.909],[10.273,46.912],[10.27,46.916],[10.272,46.926],[10.298,46.922],[10.295,46.916],[10.288,46.916],[10.282,46.914],[10.285,46.911],[10.284,46.907],[10.275,46.9],[10.287,46.899],[10.29,46.901],[10.294,46.901],[10.298,46.895],[10.297,46.893],[10.278,46.889],[10.279,46.884],[10.273,46.879],[10.264,46.876],[10.266,46.871],[10.275,46.866],[10.265,46.864],[10.262,46.867],[10.258,46.86],[10.261,46.858],[10.262,46.855],[10.266,46.858],[10.27,46.858],[10.271,46.853],[10.278,46.853],[10.275,46.858],[10.278,46.859],[10.288,46.856],[10.292,46.857],[10.298,46.855],[10.299,46.852],[10.288,46.853],[10.282,46.851],[10.281,46.845],[10.268,46.842],[10.264,46.842],[10.261,46.845],[10.258,46.844],[10.255,46.848],[10.253,46.844],[10.251,46.844],[10.241,46.833],[10.238,46.832],[10.234,46.834],[10.236,46.829],[10.231,46.827],[10.226,46.829],[10.223,46.836],[10.225,46.838],[10.228,46.835],[10.238,46.838],[10.232,46.843],[10.233,46.845],[10.227,46.85],[10.232,46.853],[10.242,46.852],[10.252,46.853],[10.255,46.854],[10.256,46.856],[10.252,46.854],[10.245,46.858],[10.238,46.858],[10.233,46.863],[10.229,46.864],[10.223,46.86],[10.219,46.86],[10.213,46.863],[10.218,46.859],[10.218,46.857],[10.209,46.855],[10.205,46.857],[10.209,46.861],[10.203,46.862],[10.202,46.859],[10.196,46.855],[10.196,46.848],[10.193,46.851],[10.186,46.85],[10.186,46.845],[10.192,46.848],[10.193,46.85],[10.195,46.848],[10.193,46.846],[10.194,46.844],[10.189,46.84],[10.182,46.843],[10.176,46.842],[10.173,46.843],[10.169,46.842],[10.164,46.838],[10.166,46.837],[10.169,46.829],[10.168,46.821],[10.175,46.826],[10.175,46.829],[10.185,46.828],[10.187,46.826],[10.185,46.822],[10.181,46.822],[10.178,46.818],[10.173,46.817],[10.177,46.815],[10.174,46.814],[10.164,46.817],[10.16,46.822],[10.156,46.824],[10.155,46.829],[10.149,46.831],[10.146,46.83],[10.142,46.832],[10.139,46.831],[10.135,46.836],[10.136,46.841],[10.138,46.843],[10.137,46.844],[10.13,46.841],[10.123,46.842],[10.122,46.834],[10.12,46.832],[10.123,46.829],[10.119,46.826],[10.114,46.825],[10.125,46.818],[10.122,46.816],[10.125,46.812],[10.13,46.809],[10.118,46.804],[10.115,46.808],[10.112,46.805],[10.114,46.803],[10.112,46.802],[10.107,46.805],[10.106,46.808],[10.1,46.81],[10.102,46.814],[10.106,46.816],[10.102,46.817],[10.101,46.821],[10.108,46.825],[10.106,46.827],[10.099,46.822],[10.098,46.826],[10.096,46.827],[10.093,46.826],[10.093,46.824],[10.088,46.824],[10.088,46.826],[10.092,46.83],[10.09,46.834],[10.083,46.828],[10.078,46.826],[10.077,46.819],[10.079,46.815],[10.074,46.813],[10.077,46.808],[10.077,46.804],[10.075,46.801],[10.076,46.799],[10.079,46.798],[10.078,46.792],[10.081,46.79],[10.082,46.788],[10.081,46.787],[10.068,46.787],[10.065,46.79],[10.062,46.789],[10.059,46.794],[10.052,46.793],[10.051,46.798],[10.053,46.8],[10.049,46.799],[10.048,46.793],[10.05,46.786],[10.048,46.785],[10.045,46.788],[10.041,46.784],[10.046,46.78],[10.047,46.777],[10.056,46.773],[10.054,46.77],[10.048,46.769],[10.044,46.77],[10.046,46.773],[10.032,46.774],[10.028,46.775],[10.025,46.778],[10.022,46.777],[10.015,46.782],[10.009,46.782],[10.005,46.787],[10.013,46.794],[10.01,46.796],[10.006,46.795],[10.003,46.791],[9.996,46.792],[9.993,46.788],[9.994,46.783],[9.991,46.781],[9.995,46.779],[9.992,46.773],[10.005,46.77],[10.007,46.769],[10.003,46.767],[10.009,46.767],[10.009,46.765],[9.995,46.764],[9.985,46.761]],[[9.992,46.835],[9.999,46.837],[9.995,46.838],[9.992,46.835]]],[[[10.217,46.697],[10.214,46.696],[10.208,46.699],[10.204,46.698],[10.198,46.701],[10.195,46.699],[10.192,46.7],[10.19,46.704],[10.192,46.705],[10.195,46.702],[10.198,46.706],[10.202,46.705],[10.208,46.706],[10.211,46.703],[10.219,46.701],[10.217,46.697]]],[[[10.141,46.719],[10.14,46.717],[10.137,46.718],[10.133,46.717],[10.126,46.724],[10.124,46.729],[10.141,46.729],[10.144,46.731],[10.15,46.729],[10.152,46.73],[10.149,46.732],[10.151,46.734],[10.157,46.73],[10.16,46.731],[10.163,46.73],[10.155,46.728],[10.154,46.725],[10.15,46.722],[10.147,46.725],[10.144,46.723],[10.146,46.721],[10.141,46.719]]],[[[10.11,46.42],[10.099,46.423],[10.106,46.428],[10.116,46.428],[10.117,46.427],[10.116,46.425],[10.11,46.42]]],[[[10.043,46.444],[10.042,46.443],[10.037,46.445],[10.037,46.447],[10.034,46.449],[10.026,46.451],[10.023,46.454],[10.011,46.456],[10.016,46.459],[10.028,46.458],[10.026,46.461],[10.028,46.463],[10.033,46.464],[10.036,46.461],[10.039,46.462],[10.041,46.46],[10.046,46.459],[10.043,46.456],[10.043,46.453],[10.038,46.451],[10.039,46.447],[10.043,46.444]]],[[[10.027,46.877],[10.02,46.874],[10.018,46.877],[10.028,46.884],[10.034,46.884],[10.039,46.881],[10.031,46.879],[10.03,46.876],[10.027,46.877]]],[[[10.021,46.484],[10.024,46.481],[10.021,46.48],[10.018,46.483],[10.015,46.483],[10.021,46.484]]],[[[10.024,46.481],[10.027,46.482],[10.038,46.478],[10.03,46.477],[10.023,46.479],[10.024,46.481]]],[[[10.031,46.89],[10.017,46.888],[10.004,46.895],[10.012,46.9],[10.021,46.9],[10.026,46.897],[10.026,46.895],[10.031,46.89]]],[[[9.884,46.69],[9.9,46.691],[9.897,46.688],[9.903,46.686],[9.9,46.682],[9.896,46.683],[9.898,46.679],[9.891,46.677],[9.89,46.675],[9.886,46.675],[9.877,46.684],[9.86,46.689],[9.868,46.698],[9.871,46.698],[9.871,46.694],[9.874,46.692],[9.877,46.694],[9.884,46.694],[9.885,46.693],[9.882,46.691],[9.884,46.69]]],[[[9.903,46.686],[9.901,46.688],[9.9,46.693],[9.897,46.695],[9.9,46.696],[9.899,46.7],[9.904,46.706],[9.907,46.703],[9.912,46.702],[9.91,46.701],[9.91,46.698],[9.916,46.702],[9.922,46.701],[9.922,46.704],[9.927,46.707],[9.933,46.704],[9.937,46.704],[9.938,46.706],[9.943,46.707],[9.953,46.701],[9.954,46.703],[9.948,46.708],[9.952,46.71],[9.949,46.712],[9.95,46.713],[9.96,46.71],[9.963,46.711],[9.966,46.708],[9.976,46.706],[9.982,46.706],[9.984,46.707],[9.982,46.709],[9.983,46.71],[9.989,46.712],[9.996,46.708],[9.991,46.713],[9.996,46.717],[9.999,46.717],[10.0,46.722],[10.006,46.723],[10.01,46.726],[10.013,46.722],[10.016,46.724],[10.019,46.722],[10.023,46.722],[10.025,46.719],[10.025,46.715],[10.014,46.711],[10.018,46.707],[10.031,46.701],[10.028,46.699],[10.028,46.693],[10.025,46.696],[10.017,46.688],[10.02,46.686],[10.014,46.685],[10.005,46.689],[10.001,46.688],[10.002,46.693],[9.997,46.693],[9.995,46.691],[9.99,46.691],[9.987,46.689],[9.991,46.677],[9.975,46.677],[9.971,46.68],[9.963,46.676],[9.961,46.672],[9.958,46.671],[9.951,46.672],[9.95,46.674],[9.957,46.678],[9.949,46.683],[9.939,46.684],[9.936,46.682],[9.929,46.681],[9.927,46.688],[9.924,46.69],[9.916,46.689],[9.913,46.686],[9.913,46.684],[9.912,46.686],[9.903,46.686]]],[[[9.958,46.671],[9.964,46.671],[9.967,46.673],[9.968,46.677],[9.974,46.671],[9.971,46.667],[9.967,46.666],[9.961,46.669],[9.957,46.669],[9.958,46.671]]],[[[10.026,46.731],[10.016,46.725],[10.01,46.73],[10.005,46.731],[10.013,46.734],[10.016,46.732],[10.026,46.733],[10.026,46.731]]],[[[9.65,46.291],[9.642,46.287],[9.625,46.288],[9.625,46.294],[9.622,46.297],[9.572,46.299],[9.577,46.303],[9.584,46.305],[9.587,46.3],[9.59,46.303],[9.593,46.301],[9.6,46.302],[9.603,46.3],[9.606,46.302],[9.61,46.302],[9.61,46.305],[9.615,46.307],[9.616,46.312],[9.623,46.313],[9.632,46.311],[9.632,46.307],[9.636,46.304],[9.637,46.309],[9.639,46.311],[9.649,46.315],[9.652,46.312],[9.656,46.315],[9.659,46.325],[9.663,46.325],[9.666,46.323],[9.669,46.326],[9.673,46.326],[9.674,46.329],[9.676,46.33],[9.679,46.329],[9.68,46.331],[9.665,46.335],[9.676,46.341],[9.679862068965514,46.342103448275864],[9.676,46.345],[9.675,46.347],[9.677,46.35],[9.675,46.351],[9.683,46.351],[9.686,46.348],[9.69,46.349],[9.691,46.346],[9.686,46.343],[9.683,46.345],[9.680200000000005,46.342200000000005],[9.683,46.343],[9.685,46.342],[9.684,46.337],[9.686,46.336],[9.687,46.34],[9.692,46.341],[9.693,46.339],[9.691,46.337],[9.693,46.333],[9.692,46.331],[9.688,46.331],[9.688,46.328],[9.692,46.329],[9.695,46.324],[9.701,46.333],[9.703,46.333],[9.705,46.33],[9.709,46.337],[9.707,46.346],[9.71,46.348],[9.711,46.355],[9.716,46.357],[9.716,46.359],[9.719,46.359],[9.729,46.352],[9.733,46.354],[9.733,46.357],[9.731,46.359],[9.732,46.36],[9.736,46.361],[9.732,46.361],[9.729,46.363],[9.728,46.368],[9.732,46.37],[9.727,46.375],[9.727,46.377],[9.733,46.379],[9.736,46.378],[9.742,46.381],[9.743,46.383],[9.747,46.379],[9.747,46.374],[9.745,46.365],[9.757,46.358],[9.762,46.358],[9.764,46.363],[9.763,46.365],[9.766,46.369],[9.766,46.376],[9.772,46.378],[9.785,46.371],[9.79,46.364],[9.791,46.36],[9.793,46.362],[9.801,46.363],[9.804,46.372],[9.808,46.372],[9.811,46.37],[9.814,46.371],[9.811,46.374],[9.806,46.375],[9.805,46.378],[9.799,46.382],[9.798,46.385],[9.802,46.387],[9.797,46.396],[9.798,46.398],[9.8,46.398],[9.805,46.391],[9.812,46.393],[9.807,46.396],[9.809,46.396],[9.812,46.402],[9.808,46.407],[9.816,46.409],[9.805,46.411],[9.809,46.412],[9.81,46.414],[9.809,46.415],[9.803,46.415],[9.8,46.412],[9.797,46.414],[9.793,46.413],[9.789,46.414],[9.788,46.416],[9.79,46.419],[9.8,46.418],[9.801,46.421],[9.813,46.42],[9.817,46.422],[9.814,46.425],[9.814,46.427],[9.817,46.43],[9.823,46.426],[9.833,46.43],[9.839,46.426],[9.836,46.417],[9.833,46.415],[9.837,46.411],[9.837,46.408],[9.833,46.406],[9.82,46.407],[9.819,46.404],[9.825,46.406],[9.827,46.404],[9.827,46.4],[9.824,46.398],[9.823,46.395],[9.828,46.395],[9.831,46.389],[9.837,46.386],[9.837,46.384],[9.841,46.383],[9.847,46.388],[9.854,46.387],[9.857,46.385],[9.859,46.388],[9.853,46.395],[9.854,46.397],[9.857,46.396],[9.858,46.397],[9.856,46.399],[9.861,46.402],[9.87,46.398],[9.875,46.399],[9.877,46.397],[9.88,46.401],[9.897,46.399],[9.903,46.402],[9.91,46.403],[9.911,46.4],[9.907,46.396],[9.909,46.392],[9.913,46.396],[9.923,46.401],[9.936,46.397],[9.933,46.4],[9.942,46.407],[9.949,46.405],[9.954,46.406],[9.955,46.408],[9.962,46.407],[9.968,46.402],[9.982,46.409],[9.988,46.407],[9.989,46.405],[9.984,46.401],[9.984,46.393],[9.986,46.398],[9.991,46.402],[9.996,46.401],[9.997,46.399],[10.007,46.395],[10.008,46.396],[10.006,46.398],[10.002,46.4],[10.004,46.402],[10.007,46.402],[10.01,46.398],[10.016,46.396],[10.017,46.394],[10.02,46.394],[10.02,46.392],[10.013,46.393],[10.01,46.391],[10.0,46.391],[9.995,46.389],[9.99,46.38],[9.982,46.374],[9.983,46.367],[9.986,46.369],[9.99,46.369],[9.999,46.366],[10.0,46.364],[9.998,46.358],[10.0,46.355],[9.995,46.353],[9.985,46.353],[9.976,46.361],[9.97,46.362],[9.965,46.365],[9.966,46.379],[9.964,46.38],[9.948,46.38],[9.939,46.377],[9.928,46.369],[9.924,46.369],[9.921,46.372],[9.913,46.373],[9.913,46.375],[9.905,46.382],[9.892,46.377],[9.886,46.373],[9.882,46.373],[9.872,46.364],[9.849,46.365],[9.843,46.362],[9.833,46.362],[9.823,46.353],[9.82,46.354],[9.806,46.347],[9.8,46.345],[9.793,46.345],[9.773,46.337],[9.767,46.337],[9.758,46.344],[9.742,46.352],[9.738,46.352],[9.735,46.349],[9.719,46.349],[9.717,46.348],[9.716,46.337],[9.715,46.296],[9.687,46.296],[9.681,46.3],[9.678,46.3],[9.675,46.305],[9.665,46.305],[9.662,46.297],[9.652,46.297],[9.65,46.295],[9.65,46.291]]],[[[9.995,46.353],[10.0,46.349],[9.998,46.348],[9.995,46.342],[9.995,46.353]]],[[[9.994,46.891],[9.988,46.891],[9.988,46.898],[9.985,46.901],[9.982,46.9],[9.98,46.903],[9.985,46.905],[9.988,46.903],[9.998,46.901],[10.002,46.898],[9.999,46.893],[9.994,46.891]]],[[[9.995,46.875],[9.981,46.874],[9.972,46.878],[9.978,46.884],[9.981,46.883],[9.984,46.886],[9.988,46.883],[9.991,46.883],[9.994,46.886],[9.998,46.882],[9.995,46.878],[9.995,46.875]]],[[[9.97,46.466],[9.965,46.466],[9.961,46.469],[9.961,46.471],[9.957,46.473],[9.97,46.475],[9.965,46.48],[9.965,46.483],[9.977,46.482],[9.974,46.48],[9.973,46.475],[9.977,46.473],[9.975,46.468],[9.971,46.469],[9.97,46.466]]],[[[9.962,46.416],[9.966,46.415],[9.962,46.414],[9.962,46.416]]],[[[9.966,46.415],[9.964,46.417],[9.966,46.421],[9.969,46.419],[9.972,46.42],[9.974,46.419],[9.972,46.417],[9.973,46.412],[9.972,46.41],[9.967,46.41],[9.964,46.412],[9.966,46.415]]],[[[9.952,46.723],[9.944,46.724],[9.939,46.728],[9.943,46.73],[9.943,46.732],[9.948,46.738],[9.951,46.739],[9.945,46.74],[9.942,46.739],[9.943,46.737],[9.941,46.736],[9.937,46.739],[9.941,46.741],[9.934,46.746],[9.935,46.749],[9.941,46.746],[9.948,46.747],[9.958,46.744],[9.96,46.741],[9.952,46.739],[9.951,46.737],[9.954,46.735],[9.964,46.738],[9.965,46.736],[9.968,46.736],[9.969,46.732],[9.972,46.73],[9.97,46.726],[9.967,46.728],[9.957,46.726],[9.952,46.723]]],[[[9.905,46.405],[9.903,46.403],[9.9,46.404],[9.897,46.41],[9.895,46.407],[9.896,46.405],[9.893,46.404],[9.888,46.407],[9.886,46.41],[9.887,46.414],[9.88,46.417],[9.889,46.419],[9.88,46.421],[9.892,46.423],[9.891,46.425],[9.885,46.427],[9.885,46.429],[9.89,46.43],[9.89,46.432],[9.892,46.433],[9.895,46.433],[9.897,46.432],[9.897,46.43],[9.893,46.428],[9.896,46.425],[9.896,46.423],[9.9,46.423],[9.904,46.426],[9.905,46.425],[9.903,46.421],[9.904,46.418],[9.902,46.416],[9.904,46.413],[9.907,46.415],[9.908,46.411],[9.906,46.409],[9.91,46.409],[9.912,46.407],[9.91,46.405],[9.905,46.405]]],[[[9.886,46.623],[9.877,46.622],[9.868,46.625],[9.864,46.628],[9.863,46.631],[9.856,46.635],[9.864,46.64],[9.881,46.639],[9.877,46.646],[9.885,46.644],[9.888,46.648],[9.886,46.653],[9.889,46.654],[9.89,46.657],[9.895,46.659],[9.901,46.655],[9.901,46.651],[9.905,46.651],[9.911,46.643],[9.907,46.639],[9.898,46.643],[9.898,46.646],[9.902,46.648],[9.897,46.646],[9.898,46.641],[9.894,46.639],[9.905,46.634],[9.901,46.632],[9.897,46.633],[9.894,46.63],[9.891,46.63],[9.889,46.628],[9.89,46.626],[9.886,46.623]]],[[[9.906,46.711],[9.904,46.708],[9.901,46.709],[9.895,46.715],[9.888,46.716],[9.891,46.72],[9.898,46.721],[9.9,46.715],[9.906,46.711]]],[[[9.869,46.928],[9.865,46.928],[9.862,46.932],[9.859,46.933],[9.855,46.932],[9.848,46.937],[9.859,46.945],[9.876,46.943],[9.879,46.946],[9.88,46.943],[9.878,46.939],[9.875,46.937],[9.872,46.93],[9.869,46.928]]],[[[9.871,46.667],[9.869,46.666],[9.868,46.671],[9.864,46.673],[9.862,46.68],[9.864,46.681],[9.867,46.679],[9.87,46.68],[9.877,46.678],[9.878,46.675],[9.875,46.671],[9.87,46.669],[9.871,46.667]]],[[[9.876,46.603],[9.866,46.604],[9.863,46.606],[9.86,46.603],[9.851,46.604],[9.856,46.606],[9.857,46.609],[9.864,46.608],[9.866,46.613],[9.863,46.622],[9.864,46.624],[9.874,46.619],[9.875,46.615],[9.868,46.613],[9.868,46.61],[9.876,46.606],[9.876,46.603]]],[[[9.837,46.602],[9.841,46.605],[9.844,46.605],[9.845,46.604],[9.844,46.6],[9.84,46.599],[9.837,46.602]]],[[[9.837,46.602],[9.834,46.599],[9.831,46.602],[9.834,46.604],[9.837,46.602]]],[[[9.844,46.6],[9.848,46.6],[9.847,46.599],[9.844,46.6]]],[[[9.84,46.685],[9.831,46.678],[9.824,46.68],[9.822,46.681],[9.821,46.684],[9.826,46.688],[9.835,46.688],[9.84,46.685]]],[[[9.802,46.533],[9.795,46.533],[9.787,46.54],[9.787,46.542],[9.792,46.545],[9.796,46.545],[9.802,46.54],[9.814,46.537],[9.805,46.537],[9.802,46.533]]],[[[9.807,46.834],[9.805,46.833],[9.798,46.836],[9.795,46.834],[9.795,46.837],[9.791,46.839],[9.793,46.841],[9.79,46.844],[9.792,46.846],[9.805,46.846],[9.809,46.843],[9.807,46.839],[9.807,46.834]]],[[[9.809,46.843],[9.806,46.846],[9.809,46.848],[9.81,46.846],[9.809,46.843]]],[[[9.79,46.508],[9.784,46.507],[9.771,46.509],[9.768,46.507],[9.763,46.511],[9.765,46.513],[9.768,46.513],[9.772,46.52],[9.771,46.522],[9.775,46.525],[9.775,46.527],[9.782,46.524],[9.785,46.52],[9.788,46.519],[9.799,46.524],[9.8,46.52],[9.798,46.518],[9.794,46.518],[9.792,46.517],[9.791,46.514],[9.787,46.513],[9.79,46.511],[9.79,46.508]]],[[[9.731,46.487],[9.729,46.487],[9.727,46.49],[9.729,46.492],[9.725,46.492],[9.724,46.494],[9.726,46.496],[9.723,46.499],[9.718,46.499],[9.712,46.496],[9.706,46.5],[9.701,46.506],[9.7,46.512],[9.697,46.513],[9.694,46.526],[9.694,46.531],[9.696,46.535],[9.691,46.537],[9.692,46.542],[9.691,46.544],[9.685,46.547],[9.685,46.549],[9.688,46.553],[9.695,46.557],[9.698,46.554],[9.701,46.556],[9.723,46.555],[9.725,46.557],[9.722,46.562],[9.725,46.565],[9.729,46.561],[9.733,46.561],[9.729,46.564],[9.731,46.565],[9.738,46.564],[9.741,46.561],[9.744,46.562],[9.747,46.56],[9.751,46.56],[9.754,46.563],[9.756,46.561],[9.754,46.558],[9.75,46.556],[9.746,46.557],[9.744,46.552],[9.74,46.55],[9.737,46.546],[9.735,46.546],[9.735,46.541],[9.731,46.539],[9.732,46.537],[9.723,46.536],[9.714,46.54],[9.707,46.539],[9.705,46.535],[9.707,46.533],[9.71,46.536],[9.714,46.535],[9.716,46.532],[9.716,46.53],[9.71,46.526],[9.706,46.521],[9.713,46.522],[9.716,46.526],[9.72,46.527],[9.736,46.523],[9.738,46.521],[9.736,46.519],[9.739,46.52],[9.745,46.517],[9.75,46.518],[9.75,46.523],[9.752,46.524],[9.755,46.523],[9.754,46.52],[9.755,46.519],[9.759,46.519],[9.759,46.523],[9.762,46.525],[9.764,46.523],[9.763,46.518],[9.758,46.516],[9.758,46.512],[9.763,46.509],[9.765,46.504],[9.768,46.503],[9.767,46.495],[9.771,46.491],[9.767,46.49],[9.764,46.493],[9.761,46.492],[9.751,46.494],[9.749,46.496],[9.75,46.498],[9.748,46.501],[9.743,46.5],[9.742,46.502],[9.738,46.503],[9.734,46.501],[9.734,46.498],[9.736,46.496],[9.734,46.494],[9.736,46.492],[9.731,46.487]]],[[[9.524,46.367],[9.521,46.365],[9.516,46.368],[9.492,46.366],[9.489,46.369],[9.479,46.369],[9.477,46.371],[9.463,46.376],[9.461,46.378],[9.464,46.382],[9.465,46.387],[9.468,46.389],[9.465,46.391],[9.466,46.409],[9.463,46.411],[9.463,46.414],[9.455,46.42],[9.455,46.428],[9.458,46.429],[9.459,46.432],[9.465,46.432],[9.468,46.426],[9.472,46.425],[9.478,46.42],[9.478,46.417],[9.471,46.411],[9.477,46.411],[9.484,46.414],[9.489,46.413],[9.488,46.409],[9.491,46.402],[9.49,46.396],[9.482,46.391],[9.476,46.384],[9.48,46.382],[9.486,46.387],[9.496,46.391],[9.503,46.392],[9.506,46.39],[9.509,46.391],[9.516,46.388],[9.519,46.391],[9.525,46.392],[9.511,46.399],[9.516,46.403],[9.523,46.401],[9.523,46.404],[9.518,46.408],[9.519,46.41],[9.517,46.413],[9.513,46.414],[9.512,46.417],[9.519,46.419],[9.519,46.422],[9.514,46.428],[9.513,46.433],[9.505,46.439],[9.496,46.44],[9.508,46.444],[9.511,46.438],[9.514,46.442],[9.518,46.444],[9.521,46.442],[9.528,46.444],[9.529,46.442],[9.522,46.437],[9.519,46.431],[9.52,46.429],[9.527,46.433],[9.533,46.433],[9.533,46.429],[9.536,46.426],[9.536,46.421],[9.54,46.419],[9.537,46.414],[9.54,46.412],[9.542,46.407],[9.546,46.406],[9.549,46.408],[9.552,46.407],[9.556,46.411],[9.565,46.413],[9.566,46.414],[9.562,46.417],[9.559,46.417],[9.558,46.419],[9.562,46.419],[9.565,46.421],[9.569,46.425],[9.567,46.43],[9.576,46.435],[9.58,46.434],[9.578,46.429],[9.579,46.428],[9.582,46.43],[9.589,46.429],[9.591,46.422],[9.59,46.42],[9.592,46.418],[9.598,46.422],[9.604,46.422],[9.605,46.427],[9.603,46.431],[9.605,46.438],[9.612,46.437],[9.618,46.44],[9.638,46.444],[9.642,46.439],[9.636,46.437],[9.636,46.435],[9.631,46.431],[9.628,46.431],[9.628,46.428],[9.63,46.426],[9.637,46.424],[9.644,46.424],[9.648,46.428],[9.657,46.432],[9.664,46.432],[9.667,46.434],[9.668,46.432],[9.671,46.432],[9.669,46.434],[9.677,46.438],[9.68,46.441],[9.68,46.443],[9.684,46.446],[9.697,46.444],[9.7,46.448],[9.705,46.449],[9.707,46.453],[9.71,46.451],[9.726,46.451],[9.727,46.454],[9.733,46.458],[9.73,46.461],[9.722,46.463],[9.724,46.465],[9.727,46.464],[9.73,46.466],[9.733,46.464],[9.737,46.465],[9.74,46.461],[9.746,46.463],[9.748,46.462],[9.746,46.455],[9.743,46.451],[9.736,46.448],[9.731,46.449],[9.735,46.447],[9.733,46.444],[9.723,46.444],[9.72,46.449],[9.717,46.447],[9.717,46.442],[9.713,46.439],[9.7,46.44],[9.69,46.434],[9.683,46.435],[9.68,46.434],[9.683,46.434],[9.685,46.432],[9.683,46.429],[9.686,46.427],[9.686,46.425],[9.68,46.421],[9.671,46.421],[9.673,46.419],[9.676,46.419],[9.673,46.417],[9.672,46.414],[9.66,46.411],[9.653,46.411],[9.651,46.412],[9.65,46.415],[9.643,46.411],[9.637,46.421],[9.634,46.419],[9.634,46.416],[9.621,46.406],[9.617,46.407],[9.614,46.404],[9.607,46.405],[9.601,46.401],[9.598,46.404],[9.588,46.399],[9.587,46.395],[9.597,46.389],[9.608,46.386],[9.595,46.377],[9.59,46.375],[9.58,46.376],[9.574,46.373],[9.564,46.372],[9.56,46.37],[9.547,46.372],[9.541,46.368],[9.534,46.369],[9.524,46.367]]],[[[9.605,46.438],[9.602,46.437],[9.597,46.447],[9.599,46.45],[9.603,46.45],[9.608,46.454],[9.611,46.454],[9.611,46.451],[9.614,46.449],[9.604,46.44],[9.605,46.438]]],[[[9.64,46.316],[9.633,46.312],[9.63,46.315],[9.626,46.315],[9.622,46.318],[9.622,46.323],[9.616,46.327],[9.621,46.329],[9.63,46.326],[9.637,46.328],[9.639,46.327],[9.64,46.319],[9.638,46.318],[9.64,46.316]]],[[[9.611,46.739],[9.614,46.741],[9.612,46.744],[9.614,46.746],[9.619,46.746],[9.624,46.749],[9.632,46.748],[9.63,46.746],[9.632,46.743],[9.624,46.743],[9.623,46.741],[9.614,46.738],[9.611,46.739]]],[[[9.614,46.741],[9.611,46.74],[9.609,46.742],[9.611,46.743],[9.614,46.741]]],[[[9.562,46.493],[9.571,46.49],[9.569,46.488],[9.572,46.484],[9.571,46.481],[9.562,46.479],[9.56,46.477],[9.565,46.475],[9.571,46.475],[9.573,46.477],[9.578,46.478],[9.58,46.477],[9.58,46.474],[9.584,46.474],[9.587,46.478],[9.594,46.477],[9.601,46.48],[9.607,46.479],[9.611,46.476],[9.604,46.474],[9.603,46.471],[9.608,46.472],[9.608,46.469],[9.613,46.467],[9.609,46.465],[9.614,46.462],[9.606,46.462],[9.603,46.46],[9.6,46.463],[9.596,46.463],[9.598,46.461],[9.598,46.458],[9.602,46.456],[9.6,46.454],[9.592,46.454],[9.588,46.456],[9.587,46.459],[9.58,46.46],[9.579,46.463],[9.568,46.468],[9.574,46.47],[9.571,46.472],[9.568,46.469],[9.562,46.47],[9.561,46.473],[9.555,46.475],[9.554,46.477],[9.557,46.479],[9.553,46.484],[9.545,46.486],[9.545,46.483],[9.542,46.483],[9.539,46.486],[9.532,46.483],[9.532,46.487],[9.529,46.49],[9.517,46.496],[9.51,46.494],[9.507,46.496],[9.503,46.496],[9.501,46.498],[9.502,46.501],[9.51,46.502],[9.51,46.505],[9.517,46.505],[9.528,46.5],[9.527,46.498],[9.529,46.493],[9.531,46.496],[9.536,46.498],[9.543,46.496],[9.546,46.493],[9.555,46.495],[9.559,46.498],[9.562,46.493]]],[[[9.412,46.468],[9.408,46.47],[9.402,46.47],[9.397,46.473],[9.397,46.475],[9.412,46.484],[9.42,46.486],[9.42,46.491],[9.422,46.493],[9.425,46.492],[9.422,46.486],[9.423,46.479],[9.421,46.479],[9.412,46.468]]],[[[9.405,46.95],[9.399,46.949],[9.396,46.95],[9.39,46.956],[9.383,46.958],[9.377,46.956],[9.373,46.957],[9.382,46.966],[9.388,46.968],[9.389,46.97],[9.387,46.972],[9.383,46.973],[9.389,46.975],[9.39,46.977],[9.396,46.975],[9.399,46.97],[9.397,46.964],[9.392,46.959],[9.4,46.961],[9.408,46.959],[9.404,46.957],[9.401,46.952],[9.405,46.95]]],[[[9.386,46.485],[9.383,46.484],[9.379,46.487],[9.375,46.487],[9.369,46.494],[9.37,46.499],[9.373,46.499],[9.375,46.501],[9.373,46.505],[9.37,46.507],[9.366,46.507],[9.361,46.51],[9.357,46.51],[9.351,46.507],[9.344,46.508],[9.347,46.515],[9.356,46.517],[9.35,46.519],[9.358,46.522],[9.364,46.519],[9.363,46.517],[9.364,46.516],[9.368,46.516],[9.37,46.519],[9.377,46.521],[9.387,46.52],[9.39,46.524],[9.394,46.525],[9.397,46.523],[9.403,46.523],[9.402,46.52],[9.399,46.518],[9.382,46.509],[9.388,46.507],[9.386,46.504],[9.39,46.506],[9.393,46.505],[9.39,46.502],[9.378,46.501],[9.378,46.496],[9.38,46.495],[9.383,46.497],[9.386,46.496],[9.389,46.492],[9.393,46.491],[9.389,46.49],[9.386,46.487],[9.386,46.485]]],[[[9.371,47.241],[9.367,47.237],[9.36,47.243],[9.36,47.245],[9.367,47.246],[9.371,47.244],[9.377,47.245],[9.38,47.241],[9.377,47.239],[9.374,47.242],[9.371,47.241]]],[[[9.38,47.241],[9.387,47.239],[9.39,47.241],[9.396,47.238],[9.39,47.238],[9.387,47.235],[9.378,47.234],[9.375,47.236],[9.38,47.241]]],[[[9.014,46.815],[9.011,46.817],[9.018,46.824],[9.021,46.825],[9.023,46.828],[9.023,46.832],[9.026,46.834],[9.027,46.852],[9.026,46.855],[9.012,46.858],[9.006,46.862],[9.013,46.863],[9.021,46.868],[9.02,46.873],[9.018,46.873],[9.016,46.869],[9.01,46.873],[9.013,46.876],[9.021,46.879],[9.02,46.882],[9.024,46.884],[9.021,46.886],[9.023,46.888],[9.026,46.888],[9.028,46.886],[9.026,46.882],[9.027,46.879],[9.033,46.875],[9.036,46.875],[9.049,46.877],[9.052,46.882],[9.056,46.883],[9.059,46.886],[9.06,46.888],[9.059,46.89],[9.063,46.892],[9.071,46.899],[9.071,46.901],[9.075,46.903],[9.075,46.906],[9.085,46.908],[9.088,46.903],[9.078,46.897],[9.083,46.897],[9.082,46.894],[9.076,46.892],[9.069,46.893],[9.066,46.89],[9.063,46.886],[9.064,46.883],[9.067,46.883],[9.068,46.888],[9.072,46.889],[9.075,46.886],[9.079,46.888],[9.084,46.885],[9.085,46.881],[9.092,46.879],[9.102,46.879],[9.105,46.876],[9.104,46.874],[9.108,46.873],[9.111,46.869],[9.119,46.867],[9.118,46.865],[9.116,46.865],[9.116,46.862],[9.118,46.862],[9.127,46.865],[9.13,46.867],[9.128,46.869],[9.134,46.87],[9.142,46.875],[9.144,46.878],[9.141,46.882],[9.146,46.884],[9.148,46.887],[9.156,46.886],[9.164,46.89],[9.164,46.896],[9.171,46.897],[9.173,46.895],[9.172,46.893],[9.174,46.89],[9.198,46.89],[9.194,46.892],[9.187,46.891],[9.185,46.893],[9.194,46.893],[9.197,46.895],[9.197,46.897],[9.207,46.898],[9.208,46.901],[9.213,46.906],[9.212,46.908],[9.214,46.91],[9.231,46.912],[9.227,46.915],[9.227,46.917],[9.238,46.919],[9.232,46.921],[9.229,46.924],[9.244,46.926],[9.248,46.929],[9.248,46.932],[9.251,46.935],[9.258,46.934],[9.254,46.939],[9.258,46.942],[9.261,46.942],[9.264,46.938],[9.268,46.939],[9.267,46.941],[9.271,46.942],[9.274,46.945],[9.287,46.947],[9.284,46.952],[9.276,46.954],[9.277,46.957],[9.281,46.956],[9.285,46.958],[9.288,46.955],[9.306,46.956],[9.301,46.953],[9.293,46.952],[9.298,46.951],[9.304,46.951],[9.308,46.953],[9.311,46.952],[9.314,46.955],[9.318,46.951],[9.314,46.943],[9.308,46.945],[9.31,46.947],[9.303,46.947],[9.301,46.943],[9.305,46.938],[9.304,46.937],[9.294,46.937],[9.287,46.935],[9.281,46.938],[9.272,46.934],[9.271,46.931],[9.266,46.928],[9.269,46.921],[9.274,46.916],[9.273,46.914],[9.28,46.911],[9.284,46.911],[9.286,46.913],[9.292,46.911],[9.301,46.911],[9.303,46.914],[9.309,46.912],[9.322,46.911],[9.329,46.914],[9.336,46.912],[9.338,46.908],[9.345,46.906],[9.348,46.903],[9.378,46.9],[9.378,46.898],[9.367,46.897],[9.372,46.894],[9.371,46.891],[9.368,46.894],[9.363,46.894],[9.364,46.897],[9.361,46.898],[9.356,46.897],[9.361,46.892],[9.36,46.89],[9.362,46.888],[9.361,46.886],[9.354,46.889],[9.353,46.888],[9.356,46.883],[9.35,46.874],[9.345,46.874],[9.343,46.877],[9.344,46.879],[9.35,46.881],[9.348,46.882],[9.341,46.882],[9.338,46.879],[9.335,46.884],[9.331,46.883],[9.325,46.886],[9.322,46.891],[9.326,46.893],[9.318,46.893],[9.317,46.9],[9.314,46.9],[9.314,46.897],[9.309,46.892],[9.305,46.891],[9.299,46.896],[9.292,46.894],[9.284,46.898],[9.282,46.898],[9.281,46.896],[9.283,46.891],[9.276,46.89],[9.267,46.892],[9.267,46.889],[9.269,46.887],[9.275,46.885],[9.282,46.885],[9.28,46.882],[9.289,46.881],[9.294,46.878],[9.296,46.875],[9.292,46.873],[9.292,46.871],[9.275,46.875],[9.272,46.874],[9.266,46.878],[9.243,46.878],[9.24,46.881],[9.237,46.881],[9.238,46.876],[9.236,46.875],[9.226,46.883],[9.226,46.881],[9.229,46.878],[9.237,46.872],[9.237,46.869],[9.229,46.866],[9.223,46.868],[9.214,46.863],[9.202,46.863],[9.201,46.861],[9.196,46.859],[9.181,46.857],[9.179,46.855],[9.18,46.852],[9.188,46.848],[9.185,46.846],[9.187,46.843],[9.179,46.843],[9.177,46.846],[9.182,46.848],[9.173,46.849],[9.168,46.855],[9.166,46.855],[9.163,46.858],[9.153,46.856],[9.147,46.853],[9.147,46.85],[9.14,46.851],[9.137,46.847],[9.127,46.85],[9.117,46.85],[9.114,46.852],[9.107,46.85],[9.103,46.854],[9.091,46.856],[9.095,46.854],[9.096,46.851],[9.091,46.845],[9.074,46.849],[9.073,46.847],[9.075,46.845],[9.075,46.84],[9.09,46.833],[9.084,46.832],[9.08,46.829],[9.074,46.831],[9.061,46.829],[9.059,46.832],[9.054,46.833],[9.05,46.832],[9.051,46.83],[9.057,46.827],[9.057,46.823],[9.054,46.822],[9.047,46.825],[9.05,46.823],[9.044,46.82],[9.037,46.822],[9.029,46.819],[9.026,46.816],[9.014,46.815]],[[9.091,46.856],[9.088,46.86],[9.084,46.853],[9.091,46.856]]],[[[9.34,47.25],[9.326,47.246],[9.321,47.249],[9.334,47.252],[9.34,47.255],[9.341,47.257],[9.345,47.256],[9.343,47.259],[9.358,47.267],[9.361,47.266],[9.361,47.262],[9.346,47.252],[9.358,47.252],[9.351,47.246],[9.347,47.246],[9.34,47.25]]],[[[9.313,46.632],[9.306,46.632],[9.306,46.635],[9.32,46.642],[9.326,46.639],[9.331,46.639],[9.336,46.636],[9.336,46.634],[9.323,46.635],[9.313,46.632]]],[[[9.279,46.493],[9.275,46.493],[9.274,46.5],[9.279,46.506],[9.282,46.504],[9.285,46.505],[9.292,46.503],[9.292,46.507],[9.295,46.507],[9.308,46.513],[9.323,46.508],[9.315,46.505],[9.308,46.506],[9.302,46.501],[9.282,46.499],[9.28,46.498],[9.279,46.493]]],[[[9.282,46.504],[9.281,46.507],[9.283,46.507],[9.282,46.504]]],[[[9.25,46.993],[9.238,46.998],[9.242,47.002],[9.241,47.011],[9.237,47.011],[9.234,47.015],[9.227,47.017],[9.221,47.017],[9.218,47.013],[9.212,47.012],[9.211,47.004],[9.207,47.003],[9.204,47.005],[9.206,47.009],[9.207,47.018],[9.209,47.021],[9.208,47.031],[9.218,47.032],[9.218,47.035],[9.211,47.034],[9.205,47.037],[9.193,47.032],[9.185,47.026],[9.178,47.026],[9.172,47.029],[9.169,47.027],[9.153,47.033],[9.154,47.035],[9.162,47.039],[9.183,47.039],[9.189,47.041],[9.192,47.045],[9.196,47.045],[9.202,47.04],[9.204,47.041],[9.205,47.044],[9.209,47.044],[9.217,47.041],[9.219,47.038],[9.222,47.043],[9.235,47.044],[9.242,47.047],[9.243,47.043],[9.248,47.038],[9.251,47.036],[9.256,47.036],[9.256,47.033],[9.252,47.027],[9.251,47.022],[9.253,47.02],[9.267,47.018],[9.277,47.021],[9.284,47.021],[9.293,47.019],[9.297,47.016],[9.303,47.018],[9.306,47.015],[9.308,47.015],[9.308,47.01],[9.306,47.009],[9.292,47.013],[9.288,47.008],[9.29,47.004],[9.288,47.001],[9.291,46.997],[9.289,46.995],[9.279,46.996],[9.278,47.002],[9.267,47.005],[9.261,47.002],[9.259,46.997],[9.25,46.993]]],[[[9.279,46.381],[9.275,46.381],[9.273,46.383],[9.274,46.385],[9.271,46.39],[9.273,46.392],[9.267,46.399],[9.276,46.399],[9.276,46.392],[9.278,46.388],[9.282,46.389],[9.283,46.387],[9.283,46.385],[9.279,46.381]]],[[[9.251,46.45],[9.244,46.444],[9.238,46.446],[9.231,46.451],[9.234,46.453],[9.234,46.456],[9.231,46.458],[9.231,46.462],[9.223,46.469],[9.221,46.474],[9.218,46.476],[9.22,46.478],[9.22,46.482],[9.216,46.485],[9.216,46.487],[9.226,46.49],[9.233,46.496],[9.236,46.495],[9.24,46.496],[9.242,46.494],[9.233,46.489],[9.231,46.485],[9.233,46.482],[9.244,46.48],[9.245,46.473],[9.245,46.471],[9.24,46.467],[9.239,46.463],[9.236,46.462],[9.236,46.46],[9.255,46.461],[9.261,46.464],[9.263,46.466],[9.262,46.469],[9.265,46.475],[9.269,46.475],[9.27,46.478],[9.267,46.484],[9.268,46.487],[9.272,46.487],[9.272,46.48],[9.277,46.475],[9.273,46.473],[9.273,46.466],[9.276,46.464],[9.275,46.459],[9.261,46.45],[9.251,46.45]]],[[[9.245,46.946],[9.255,46.944],[9.256,46.943],[9.25,46.941],[9.248,46.936],[9.238,46.939],[9.238,46.941],[9.233,46.944],[9.235,46.946],[9.234,46.948],[9.241,46.95],[9.245,46.953],[9.248,46.952],[9.249,46.95],[9.245,46.949],[9.245,46.946]]],[[[9.249,46.581],[9.236,46.576],[9.229,46.578],[9.223,46.584],[9.226,46.585],[9.236,46.583],[9.239,46.584],[9.246,46.583],[9.249,46.581]]],[[[9.237,46.955],[9.235,46.954],[9.228,46.957],[9.227,46.96],[9.239,46.967],[9.242,46.967],[9.245,46.964],[9.247,46.964],[9.247,46.959],[9.239,46.958],[9.237,46.957],[9.237,46.955]]],[[[9.167,47.051],[9.156,47.05],[9.152,47.053],[9.16,47.057],[9.164,47.057],[9.166,47.059],[9.172,47.059],[9.178,47.064],[9.178,47.066],[9.18,47.066],[9.18,47.061],[9.176,47.059],[9.173,47.054],[9.169,47.054],[9.167,47.051]]],[[[9.14,46.531],[9.123,46.528],[9.122,46.529],[9.122,46.532],[9.12,46.533],[9.121,46.538],[9.119,46.543],[9.134,46.543],[9.139,46.545],[9.123,46.55],[9.122,46.552],[9.128,46.558],[9.131,46.557],[9.141,46.559],[9.138,46.552],[9.146,46.547],[9.141,46.545],[9.143,46.543],[9.14,46.542],[9.137,46.536],[9.141,46.538],[9.144,46.543],[9.15,46.542],[9.148,46.547],[9.153,46.55],[9.162,46.549],[9.16,46.547],[9.159,46.542],[9.167,46.542],[9.169,46.54],[9.163,46.537],[9.153,46.535],[9.149,46.536],[9.14,46.531]]],[[[9.153,47.028],[9.152,47.017],[9.147,47.019],[9.147,47.022],[9.151,47.024],[9.149,47.025],[9.143,47.022],[9.142,47.02],[9.139,47.02],[9.136,47.023],[9.132,47.024],[9.131,47.029],[9.128,47.031],[9.133,47.032],[9.133,47.035],[9.129,47.036],[9.129,47.04],[9.127,47.042],[9.133,47.045],[9.14,47.045],[9.143,47.047],[9.146,47.044],[9.144,47.04],[9.148,47.037],[9.147,47.033],[9.151,47.031],[9.153,47.028]]],[[[9.09,46.435],[9.078,46.434],[9.076,46.436],[9.08,46.442],[9.072,46.447],[9.081,46.449],[9.082,46.454],[9.081,46.456],[9.086,46.458],[9.087,46.46],[9.086,46.472],[9.07,46.474],[9.068,46.476],[9.071,46.478],[9.07,46.479],[9.063,46.478],[9.057,46.475],[9.052,46.476],[9.044,46.482],[9.036,46.483],[9.036,46.486],[9.041,46.488],[9.042,46.49],[9.032,46.495],[9.018,46.492],[9.016,46.495],[9.022,46.497],[9.024,46.501],[9.015,46.502],[9.011,46.508],[9.019,46.511],[9.012,46.514],[9.008,46.517],[9.009,46.518],[9.016,46.519],[9.019,46.515],[9.025,46.514],[9.032,46.519],[9.033,46.515],[9.03,46.513],[9.031,46.508],[9.038,46.515],[9.041,46.513],[9.042,46.51],[9.045,46.51],[9.044,46.512],[9.046,46.515],[9.051,46.516],[9.053,46.515],[9.052,46.512],[9.057,46.51],[9.05,46.508],[9.049,46.506],[9.05,46.503],[9.049,46.497],[9.051,46.495],[9.054,46.497],[9.083,46.5],[9.085,46.498],[9.083,46.492],[9.086,46.491],[9.09,46.494],[9.093,46.492],[9.099,46.492],[9.103,46.49],[9.122,46.491],[9.124,46.489],[9.123,46.484],[9.128,46.482],[9.134,46.482],[9.132,46.475],[9.144,46.473],[9.138,46.469],[9.131,46.468],[9.13,46.473],[9.125,46.476],[9.115,46.479],[9.106,46.478],[9.102,46.481],[9.099,46.479],[9.096,46.476],[9.108,46.469],[9.109,46.467],[9.106,46.464],[9.106,46.458],[9.092,46.45],[9.086,46.444],[9.09,46.44],[9.09,46.435]]],[[[9.12,46.931],[9.107,46.93],[9.11,46.94],[9.12,46.942],[9.123,46.94],[9.127,46.941],[9.131,46.939],[9.126,46.938],[9.12,46.934],[9.12,46.931]]],[[[9.073,46.912],[9.07,46.907],[9.064,46.91],[9.064,46.913],[9.06,46.915],[9.057,46.92],[9.06,46.922],[9.07,46.922],[9.073,46.92],[9.081,46.926],[9.078,46.928],[9.083,46.932],[9.088,46.93],[9.085,46.928],[9.087,46.926],[9.09,46.929],[9.093,46.926],[9.097,46.929],[9.107,46.928],[9.102,46.926],[9.098,46.921],[9.099,46.919],[9.094,46.917],[9.092,46.914],[9.089,46.913],[9.086,46.917],[9.08,46.916],[9.073,46.912]]],[[[9.064,46.51],[9.055,46.519],[9.05,46.521],[9.051,46.523],[9.055,46.523],[9.048,46.53],[9.051,46.533],[9.058,46.53],[9.065,46.532],[9.074,46.528],[9.071,46.523],[9.066,46.519],[9.068,46.517],[9.071,46.519],[9.077,46.518],[9.095,46.521],[9.1,46.519],[9.102,46.516],[9.1,46.512],[9.093,46.511],[9.093,46.514],[9.09,46.515],[9.088,46.514],[9.088,46.512],[9.084,46.511],[9.067,46.513],[9.064,46.51]]],[[[9.088,46.397],[9.087,46.391],[9.083,46.391],[9.082,46.393],[9.086,46.399],[9.084,46.402],[9.09,46.405],[9.095,46.404],[9.096,46.402],[9.088,46.397]]],[[[9.047,46.591],[9.046,46.593],[9.038,46.596],[9.044,46.597],[9.05,46.596],[9.052,46.593],[9.047,46.591]]],[[[9.047,46.591],[9.05,46.589],[9.049,46.584],[9.044,46.583],[9.039,46.587],[9.047,46.591]]],[[[9.033,46.603],[9.031,46.599],[9.021,46.602],[9.018,46.606],[9.011,46.607],[9.006,46.614],[9.009,46.616],[9.015,46.614],[9.014,46.612],[9.02,46.612],[9.024,46.609],[9.028,46.611],[9.038,46.61],[9.039,46.607],[9.033,46.603]]],[[[9.026,46.537],[9.019,46.53],[9.006,46.535],[9.003,46.538],[9.004,46.542],[9.016,46.543],[9.019,46.541],[9.02,46.549],[9.026,46.549],[9.031,46.551],[9.032,46.549],[9.03,46.546],[9.031,46.544],[9.026,46.542],[9.026,46.537]]],[[[9.03,46.524],[9.022,46.518],[9.02,46.52],[9.021,46.524],[9.02,46.526],[9.025,46.531],[9.029,46.531],[9.027,46.526],[9.03,46.524]]],[[[8.977,46.986],[8.97,46.986],[8.964,46.989],[8.96,46.989],[8.957,46.987],[8.956,46.988],[8.957,46.993],[8.96,46.992],[8.97,46.994],[8.976,46.997],[8.966,46.999],[8.967,47.002],[8.971,47.001],[8.974,47.004],[8.968,47.008],[8.971,47.01],[8.981,47.007],[8.985,47.01],[8.984,47.013],[8.989,47.015],[9.002,47.015],[9.005,47.012],[9.017,47.014],[9.025,47.01],[9.025,47.008],[9.017,47.007],[9.014,47.003],[9.01,47.001],[9.007,47.002],[9.0,46.997],[8.99,46.995],[8.987,46.991],[8.977,46.986]]],[[[8.656,46.668],[8.643,46.67],[8.643,46.673],[8.64,46.677],[8.641,46.679],[8.645,46.679],[8.647,46.682],[8.638,46.682],[8.635,46.684],[8.631,46.684],[8.635,46.687],[8.638,46.685],[8.639,46.688],[8.644,46.693],[8.639,46.695],[8.639,46.697],[8.642,46.698],[8.648,46.695],[8.648,46.688],[8.652,46.682],[8.657,46.681],[8.658,46.682],[8.665,46.679],[8.663,46.684],[8.664,46.685],[8.674,46.686],[8.669,46.693],[8.67,46.697],[8.668,46.702],[8.681,46.706],[8.687,46.703],[8.689,46.704],[8.687,46.71],[8.689,46.715],[8.694,46.717],[8.701,46.717],[8.707,46.715],[8.717,46.717],[8.72,46.715],[8.727,46.716],[8.73,46.713],[8.73,46.719],[8.741,46.721],[8.745,46.725],[8.744,46.727],[8.737,46.726],[8.735,46.728],[8.737,46.73],[8.744,46.728],[8.747,46.733],[8.751,46.732],[8.75,46.723],[8.747,46.721],[8.75,46.717],[8.75,46.71],[8.752,46.707],[8.752,46.703],[8.749,46.699],[8.743,46.699],[8.737,46.705],[8.738,46.708],[8.729,46.708],[8.723,46.704],[8.72,46.707],[8.716,46.706],[8.723,46.703],[8.722,46.701],[8.725,46.694],[8.72,46.693],[8.717,46.694],[8.713,46.691],[8.707,46.698],[8.705,46.697],[8.704,46.694],[8.7,46.697],[8.701,46.69],[8.695,46.688],[8.696,46.686],[8.694,46.683],[8.687,46.685],[8.687,46.681],[8.684,46.681],[8.682,46.679],[8.68,46.672],[8.673,46.672],[8.675,46.677],[8.674,46.679],[8.67,46.674],[8.667,46.674],[8.662,46.67],[8.656,46.668]]],[[[8.737,46.73],[8.734,46.732],[8.734,46.742],[8.744,46.743],[8.751,46.748],[8.757,46.746],[8.76,46.747],[8.76,46.749],[8.755,46.75],[8.755,46.752],[8.751,46.755],[8.761,46.757],[8.759,46.759],[8.771,46.759],[8.769,46.761],[8.774,46.762],[8.777,46.765],[8.777,46.768],[8.784,46.773],[8.793,46.768],[8.792,46.765],[8.796,46.763],[8.797,46.761],[8.795,46.759],[8.797,46.756],[8.803,46.761],[8.803,46.763],[8.806,46.761],[8.805,46.754],[8.808,46.754],[8.815,46.761],[8.812,46.77],[8.814,46.772],[8.811,46.776],[8.811,46.779],[8.814,46.783],[8.808,46.785],[8.807,46.788],[8.809,46.79],[8.806,46.792],[8.821,46.798],[8.819,46.803],[8.814,46.806],[8.835,46.812],[8.836,46.814],[8.831,46.817],[8.828,46.816],[8.824,46.821],[8.819,46.817],[8.811,46.815],[8.808,46.818],[8.806,46.817],[8.805,46.812],[8.801,46.815],[8.799,46.813],[8.801,46.808],[8.785,46.807],[8.778,46.809],[8.776,46.811],[8.769,46.811],[8.765,46.81],[8.762,46.807],[8.755,46.807],[8.742,46.801],[8.74,46.807],[8.741,46.809],[8.733,46.813],[8.736,46.815],[8.755,46.81],[8.762,46.811],[8.772,46.816],[8.783,46.817],[8.787,46.819],[8.788,46.822],[8.783,46.824],[8.792,46.832],[8.799,46.832],[8.799,46.836],[8.795,46.838],[8.793,46.842],[8.796,46.845],[8.805,46.844],[8.805,46.847],[8.814,46.846],[8.827,46.855],[8.836,46.855],[8.839,46.858],[8.839,46.86],[8.835,46.859],[8.833,46.864],[8.835,46.866],[8.852,46.867],[8.865,46.871],[8.868,46.87],[8.867,46.866],[8.871,46.863],[8.875,46.863],[8.884,46.868],[8.891,46.869],[8.911,46.868],[8.912,46.874],[8.917,46.876],[8.918,46.878],[8.92,46.872],[8.923,46.869],[8.931,46.868],[8.931,46.866],[8.927,46.866],[8.924,46.863],[8.947,46.863],[8.942,46.86],[8.944,46.858],[8.945,46.853],[8.934,46.851],[8.933,46.849],[8.927,46.85],[8.921,46.847],[8.91,46.847],[8.912,46.845],[8.91,46.842],[8.907,46.845],[8.904,46.841],[8.907,46.838],[8.902,46.834],[8.903,46.83],[8.907,46.83],[8.916,46.836],[8.92,46.837],[8.926,46.834],[8.933,46.835],[8.946,46.831],[8.939,46.829],[8.936,46.824],[8.928,46.82],[8.93,46.818],[8.929,46.815],[8.932,46.812],[8.939,46.811],[8.949,46.816],[8.956,46.815],[8.952,46.814],[8.949,46.811],[8.952,46.81],[8.965,46.817],[8.969,46.817],[8.972,46.821],[8.979,46.823],[8.981,46.828],[8.98,46.831],[8.977,46.833],[8.979,46.84],[8.977,46.846],[8.979,46.848],[8.982,46.845],[9.001,46.844],[8.996,46.839],[9.001,46.837],[9.002,46.835],[8.998,46.833],[8.999,46.826],[8.998,46.824],[8.991,46.824],[8.99,46.821],[8.998,46.818],[9.005,46.82],[9.014,46.814],[9.008,46.811],[8.998,46.811],[8.995,46.809],[8.975,46.807],[8.973,46.806],[8.973,46.804],[8.975,46.803],[8.979,46.804],[8.981,46.801],[8.977,46.799],[8.978,46.797],[8.988,46.798],[8.991,46.796],[9.004,46.797],[9.017,46.8],[9.019,46.798],[9.015,46.796],[9.014,46.792],[9.004,46.791],[9.001,46.793],[8.991,46.786],[8.984,46.788],[8.977,46.785],[8.964,46.789],[8.961,46.787],[8.959,46.788],[8.963,46.792],[8.961,46.799],[8.96,46.797],[8.954,46.797],[8.952,46.795],[8.952,46.793],[8.957,46.788],[8.956,46.781],[8.948,46.781],[8.945,46.779],[8.945,46.777],[8.941,46.775],[8.937,46.777],[8.935,46.775],[8.931,46.775],[8.918,46.765],[8.917,46.771],[8.919,46.775],[8.925,46.778],[8.921,46.78],[8.91,46.773],[8.914,46.771],[8.912,46.769],[8.908,46.77],[8.907,46.768],[8.905,46.768],[8.904,46.771],[8.9,46.773],[8.902,46.776],[8.906,46.777],[8.909,46.78],[8.906,46.782],[8.907,46.784],[8.905,46.786],[8.903,46.784],[8.898,46.784],[8.9,46.787],[8.895,46.789],[8.898,46.791],[8.894,46.798],[8.898,46.8],[8.896,46.802],[8.891,46.798],[8.889,46.792],[8.889,46.798],[8.886,46.8],[8.879,46.795],[8.87,46.799],[8.868,46.796],[8.871,46.791],[8.863,46.794],[8.873,46.783],[8.866,46.773],[8.863,46.777],[8.846,46.785],[8.843,46.783],[8.843,46.778],[8.837,46.782],[8.833,46.779],[8.834,46.778],[8.837,46.78],[8.851,46.765],[8.848,46.762],[8.843,46.761],[8.84,46.756],[8.836,46.754],[8.839,46.753],[8.845,46.756],[8.845,46.758],[8.849,46.759],[8.849,46.756],[8.859,46.757],[8.868,46.753],[8.87,46.749],[8.859,46.744],[8.861,46.735],[8.849,46.737],[8.845,46.734],[8.842,46.734],[8.84,46.731],[8.841,46.729],[8.838,46.728],[8.831,46.729],[8.829,46.731],[8.822,46.73],[8.819,46.732],[8.809,46.728],[8.806,46.725],[8.799,46.724],[8.793,46.727],[8.791,46.725],[8.797,46.72],[8.792,46.718],[8.789,46.712],[8.782,46.712],[8.776,46.715],[8.773,46.719],[8.768,46.718],[8.763,46.723],[8.764,46.728],[8.76,46.732],[8.757,46.732],[8.755,46.734],[8.754,46.74],[8.748,46.737],[8.747,46.735],[8.739,46.735],[8.74,46.732],[8.737,46.73]]],[[[8.983,46.981],[8.981,46.986],[8.987,46.987],[8.993,46.992],[9.0,46.993],[9.003,46.995],[9.004,46.994],[8.999,46.988],[8.998,46.985],[8.999,46.983],[8.986,46.983],[8.983,46.981]]],[[[8.861,46.567],[8.851,46.565],[8.831,46.565],[8.828,46.568],[8.823,46.569],[8.821,46.572],[8.811,46.574],[8.816,46.576],[8.814,46.578],[8.818,46.581],[8.818,46.583],[8.815,46.586],[8.819,46.589],[8.82,46.587],[8.828,46.587],[8.827,46.59],[8.832,46.59],[8.835,46.595],[8.84,46.592],[8.83,46.581],[8.835,46.58],[8.837,46.583],[8.842,46.583],[8.848,46.575],[8.851,46.58],[8.859,46.582],[8.867,46.589],[8.871,46.588],[8.873,46.584],[8.879,46.584],[8.887,46.586],[8.887,46.589],[8.893,46.593],[8.906,46.595],[8.908,46.598],[8.9,46.602],[8.884,46.603],[8.881,46.605],[8.882,46.609],[8.874,46.611],[8.868,46.617],[8.867,46.621],[8.874,46.623],[8.873,46.625],[8.875,46.626],[8.878,46.624],[8.888,46.631],[8.891,46.627],[8.893,46.629],[8.891,46.632],[8.897,46.634],[8.898,46.636],[8.908,46.637],[8.921,46.641],[8.926,46.638],[8.929,46.631],[8.931,46.63],[8.932,46.633],[8.931,46.635],[8.935,46.638],[8.93,46.64],[8.934,46.64],[8.941,46.643],[8.951,46.643],[8.954,46.64],[8.96,46.642],[8.964,46.639],[8.967,46.641],[8.97,46.635],[8.973,46.64],[8.977,46.64],[8.98,46.638],[8.983,46.64],[8.983,46.637],[8.986,46.635],[8.991,46.635],[8.992,46.632],[8.991,46.63],[8.993,46.628],[8.979,46.623],[8.97,46.625],[8.965,46.624],[8.964,46.619],[8.96,46.617],[8.949,46.617],[8.943,46.615],[8.94,46.62],[8.934,46.618],[8.933,46.62],[8.921,46.622],[8.922,46.62],[8.916,46.613],[8.917,46.611],[8.916,46.609],[8.928,46.604],[8.927,46.602],[8.92,46.6],[8.919,46.595],[8.911,46.591],[8.91,46.588],[8.913,46.582],[8.91,46.58],[8.903,46.579],[8.9,46.582],[8.897,46.582],[8.887,46.576],[8.88,46.577],[8.87,46.574],[8.869,46.571],[8.861,46.567]]],[[[8.958,46.599],[8.952,46.599],[8.946,46.606],[8.945,46.611],[8.953,46.614],[8.96,46.614],[8.966,46.616],[8.973,46.615],[8.979,46.611],[8.982,46.612],[8.986,46.611],[8.987,46.61],[8.985,46.607],[8.992,46.606],[8.989,46.604],[8.969,46.604],[8.962,46.602],[8.958,46.599]]],[[[8.801,46.916],[8.809,46.914],[8.807,46.912],[8.804,46.913],[8.791,46.911],[8.788,46.909],[8.79,46.907],[8.78,46.905],[8.779,46.903],[8.784,46.902],[8.79,46.898],[8.797,46.899],[8.8,46.901],[8.807,46.901],[8.807,46.899],[8.804,46.896],[8.804,46.893],[8.81,46.887],[8.813,46.891],[8.82,46.893],[8.83,46.892],[8.833,46.89],[8.843,46.89],[8.846,46.888],[8.849,46.89],[8.853,46.888],[8.862,46.895],[8.867,46.897],[8.866,46.899],[8.859,46.903],[8.859,46.905],[8.885,46.908],[8.889,46.91],[8.884,46.913],[8.903,46.92],[8.909,46.918],[8.911,46.919],[8.906,46.921],[8.926,46.93],[8.933,46.93],[8.942,46.938],[8.945,46.939],[8.943,46.942],[8.941,46.939],[8.932,46.933],[8.917,46.933],[8.909,46.931],[8.907,46.928],[8.893,46.923],[8.883,46.926],[8.876,46.924],[8.865,46.924],[8.861,46.927],[8.87,46.928],[8.872,46.931],[8.882,46.935],[8.874,46.94],[8.87,46.94],[8.871,46.942],[8.874,46.943],[8.88,46.942],[8.887,46.949],[8.88,46.949],[8.874,46.953],[8.874,46.958],[8.895,46.964],[8.9,46.969],[8.891,46.972],[8.874,46.97],[8.871,46.976],[8.873,46.978],[8.873,46.983],[8.876,46.985],[8.872,46.992],[8.875,46.996],[8.883,46.998],[8.881,47.0],[8.882,47.004],[8.888,47.007],[8.892,47.005],[8.895,47.009],[8.902,47.007],[8.908,47.009],[8.911,47.007],[8.911,47.004],[8.926,46.998],[8.929,46.993],[8.936,46.989],[8.92,46.978],[8.92,46.974],[8.929,46.977],[8.932,46.982],[8.944,46.986],[8.95,46.978],[8.952,46.979],[8.952,46.982],[8.954,46.984],[8.966,46.981],[8.963,46.98],[8.96,46.981],[8.956,46.977],[8.96,46.975],[8.957,46.973],[8.95,46.972],[8.949,46.97],[8.956,46.966],[8.963,46.965],[8.965,46.966],[8.959,46.968],[8.963,46.969],[8.979,46.969],[8.982,46.968],[8.983,46.966],[8.976,46.966],[8.978,46.963],[8.966,46.959],[8.954,46.943],[8.954,46.939],[8.957,46.934],[8.965,46.93],[8.953,46.93],[8.954,46.928],[8.952,46.927],[8.939,46.924],[8.916,46.914],[8.912,46.914],[8.911,46.912],[8.907,46.91],[8.902,46.91],[8.899,46.907],[8.885,46.904],[8.884,46.899],[8.872,46.895],[8.873,46.888],[8.869,46.883],[8.859,46.879],[8.849,46.878],[8.829,46.885],[8.816,46.882],[8.809,46.884],[8.806,46.887],[8.795,46.887],[8.793,46.891],[8.78,46.891],[8.774,46.895],[8.763,46.896],[8.766,46.901],[8.773,46.905],[8.773,46.91],[8.77,46.912],[8.774,46.915],[8.778,46.912],[8.784,46.914],[8.783,46.916],[8.788,46.917],[8.797,46.915],[8.801,46.916]]],[[[8.87,46.94],[8.86,46.94],[8.864,46.941],[8.87,46.94]]],[[[8.92,46.611],[8.919,46.613],[8.922,46.613],[8.92,46.611]]],[[[8.807,46.917],[8.804,46.916],[8.803,46.918],[8.817,46.926],[8.821,46.924],[8.822,46.92],[8.825,46.918],[8.817,46.916],[8.821,46.914],[8.822,46.909],[8.819,46.909],[8.819,46.911],[8.807,46.917]]],[[[8.606,46.552],[8.599,46.551],[8.596,46.555],[8.593,46.556],[8.599,46.563],[8.607,46.565],[8.61,46.57],[8.597,46.57],[8.593,46.567],[8.59,46.562],[8.583,46.563],[8.577,46.562],[8.566,46.565],[8.562,46.568],[8.569,46.57],[8.567,46.572],[8.57,46.574],[8.57,46.577],[8.568,46.579],[8.57,46.581],[8.57,46.59],[8.58,46.585],[8.59,46.586],[8.593,46.588],[8.593,46.592],[8.595,46.594],[8.585,46.601],[8.588,46.603],[8.588,46.608],[8.591,46.61],[8.597,46.608],[8.6,46.61],[8.599,46.612],[8.601,46.615],[8.604,46.613],[8.607,46.615],[8.614,46.616],[8.62,46.611],[8.623,46.615],[8.627,46.613],[8.63,46.614],[8.633,46.61],[8.633,46.607],[8.64,46.608],[8.642,46.605],[8.646,46.604],[8.649,46.601],[8.647,46.596],[8.639,46.592],[8.626,46.597],[8.625,46.596],[8.625,46.594],[8.629,46.591],[8.639,46.588],[8.642,46.59],[8.649,46.59],[8.651,46.592],[8.656,46.593],[8.658,46.591],[8.655,46.59],[8.656,46.589],[8.665,46.592],[8.669,46.596],[8.67,46.594],[8.675,46.592],[8.676,46.594],[8.674,46.596],[8.678,46.596],[8.685,46.602],[8.685,46.612],[8.687,46.614],[8.692,46.615],[8.695,46.612],[8.701,46.616],[8.7,46.618],[8.705,46.619],[8.705,46.617],[8.702,46.616],[8.705,46.615],[8.709,46.609],[8.704,46.6],[8.705,46.599],[8.708,46.6],[8.713,46.593],[8.711,46.585],[8.714,46.587],[8.719,46.595],[8.723,46.595],[8.724,46.592],[8.726,46.593],[8.725,46.597],[8.728,46.602],[8.728,46.605],[8.726,46.606],[8.727,46.609],[8.744,46.611],[8.743,46.604],[8.745,46.6],[8.739,46.591],[8.74,46.587],[8.748,46.597],[8.75,46.602],[8.754,46.601],[8.756,46.599],[8.755,46.597],[8.757,46.596],[8.757,46.6],[8.755,46.602],[8.757,46.602],[8.761,46.606],[8.76,46.61],[8.766,46.615],[8.767,46.618],[8.771,46.619],[8.772,46.624],[8.779,46.626],[8.78,46.629],[8.787,46.63],[8.79,46.637],[8.794,46.636],[8.8,46.64],[8.804,46.635],[8.791,46.624],[8.796,46.621],[8.796,46.617],[8.8,46.615],[8.801,46.612],[8.799,46.609],[8.793,46.608],[8.787,46.604],[8.786,46.601],[8.789,46.597],[8.788,46.595],[8.786,46.593],[8.78,46.594],[8.773,46.591],[8.763,46.593],[8.763,46.586],[8.766,46.583],[8.769,46.583],[8.774,46.577],[8.769,46.572],[8.753,46.571],[8.745,46.573],[8.74,46.571],[8.738,46.573],[8.73,46.573],[8.724,46.575],[8.721,46.573],[8.719,46.568],[8.72,46.567],[8.725,46.571],[8.733,46.571],[8.737,46.57],[8.737,46.566],[8.74,46.565],[8.743,46.566],[8.756,46.564],[8.766,46.565],[8.767,46.563],[8.75,46.554],[8.738,46.557],[8.73,46.556],[8.72,46.561],[8.704,46.56],[8.694,46.562],[8.691,46.565],[8.685,46.564],[8.682,46.56],[8.682,46.557],[8.679,46.555],[8.671,46.557],[8.671,46.56],[8.679,46.562],[8.678,46.564],[8.686,46.569],[8.684,46.57],[8.682,46.575],[8.684,46.578],[8.689,46.578],[8.691,46.576],[8.689,46.58],[8.685,46.581],[8.674,46.58],[8.671,46.572],[8.662,46.572],[8.645,46.566],[8.635,46.566],[8.632,46.563],[8.616,46.556],[8.612,46.557],[8.606,46.552]]],[[[8.787,46.52],[8.781,46.519],[8.779,46.52],[8.779,46.525],[8.777,46.529],[8.784,46.53],[8.79,46.527],[8.801,46.528],[8.804,46.525],[8.796,46.525],[8.79,46.523],[8.787,46.52]]],[[[8.782,46.545],[8.772,46.544],[8.765,46.547],[8.762,46.55],[8.762,46.552],[8.769,46.557],[8.782,46.562],[8.784,46.561],[8.783,46.559],[8.784,46.554],[8.782,46.552],[8.786,46.552],[8.786,46.55],[8.785,46.547],[8.782,46.545]]],[[[8.777,46.523],[8.774,46.522],[8.768,46.526],[8.758,46.528],[8.75,46.532],[8.762,46.535],[8.768,46.534],[8.769,46.53],[8.777,46.525],[8.777,46.523]]],[[[8.748,46.417],[8.746,46.416],[8.743,46.417],[8.745,46.42],[8.74,46.424],[8.732,46.424],[8.73,46.427],[8.727,46.427],[8.717,46.432],[8.71,46.431],[8.704,46.436],[8.707,46.44],[8.702,46.447],[8.704,46.449],[8.712,46.445],[8.714,46.447],[8.711,46.45],[8.715,46.449],[8.717,46.445],[8.716,46.442],[8.735,46.44],[8.734,46.435],[8.737,46.434],[8.74,46.437],[8.742,46.433],[8.759,46.433],[8.763,46.438],[8.775,46.435],[8.772,46.432],[8.766,46.434],[8.764,46.433],[8.766,46.431],[8.769,46.431],[8.766,46.426],[8.759,46.426],[8.749,46.422],[8.748,46.417]]],[[[8.719,46.922],[8.702,46.919],[8.704,46.922],[8.7,46.926],[8.706,46.928],[8.709,46.923],[8.713,46.928],[8.707,46.933],[8.713,46.936],[8.716,46.934],[8.716,46.937],[8.719,46.94],[8.729,46.943],[8.736,46.938],[8.737,46.939],[8.734,46.942],[8.742,46.944],[8.746,46.949],[8.749,46.947],[8.753,46.948],[8.754,46.946],[8.752,46.942],[8.742,46.935],[8.735,46.933],[8.732,46.935],[8.734,46.933],[8.725,46.929],[8.719,46.922]]],[[[8.742,46.905],[8.745,46.903],[8.733,46.903],[8.735,46.906],[8.742,46.905]]],[[[8.745,46.903],[8.748,46.908],[8.752,46.903],[8.751,46.901],[8.752,46.899],[8.748,46.898],[8.745,46.903]]],[[[8.739,46.615],[8.734,46.613],[8.73,46.615],[8.729,46.618],[8.732,46.622],[8.731,46.624],[8.735,46.625],[8.738,46.623],[8.741,46.625],[8.747,46.624],[8.741,46.618],[8.739,46.618],[8.739,46.615]]],[[[8.741,46.919],[8.732,46.915],[8.722,46.915],[8.717,46.917],[8.725,46.92],[8.733,46.919],[8.735,46.921],[8.741,46.919]]],[[[8.736,46.8],[8.735,46.797],[8.726,46.8],[8.717,46.8],[8.729,46.806],[8.736,46.8]]],[[[8.69,46.474],[8.685,46.474],[8.685,46.476],[8.682,46.478],[8.676,46.477],[8.669,46.48],[8.667,46.483],[8.669,46.484],[8.677,46.481],[8.669,46.487],[8.669,46.492],[8.673,46.493],[8.673,46.49],[8.676,46.486],[8.683,46.486],[8.686,46.483],[8.689,46.485],[8.694,46.479],[8.69,46.474]]],[[[8.679,46.621],[8.676,46.619],[8.666,46.619],[8.655,46.632],[8.66,46.636],[8.666,46.633],[8.669,46.634],[8.672,46.632],[8.673,46.629],[8.677,46.627],[8.678,46.625],[8.677,46.623],[8.679,46.621]]],[[[8.659,46.636],[8.653,46.635],[8.647,46.636],[8.648,46.639],[8.644,46.641],[8.65,46.645],[8.655,46.645],[8.653,46.649],[8.65,46.648],[8.649,46.65],[8.66,46.658],[8.663,46.657],[8.662,46.654],[8.668,46.652],[8.667,46.649],[8.663,46.649],[8.662,46.645],[8.656,46.641],[8.656,46.639],[8.659,46.636]]],[[[7.189,46.301],[7.18,46.303],[7.176,46.3],[7.175,46.303],[7.16,46.303],[7.156,46.306],[7.152,46.305],[7.147,46.308],[7.155,46.31],[7.16,46.317],[7.173,46.316],[7.176,46.314],[7.182,46.316],[7.185,46.32],[7.19,46.323],[7.192,46.327],[7.199,46.328],[7.192,46.334],[7.189,46.333],[7.185,46.334],[7.185,46.339],[7.211,46.341],[7.212,46.346],[7.231,46.351],[7.233,46.35],[7.237,46.341],[7.248,46.341],[7.247,46.344],[7.251,46.344],[7.254,46.339],[7.254,46.341],[7.258,46.344],[7.257,46.348],[7.26,46.35],[7.26,46.357],[7.265,46.359],[7.266,46.362],[7.273,46.365],[7.283,46.362],[7.29,46.362],[7.283,46.356],[7.276,46.355],[7.279,46.352],[7.289,46.354],[7.292,46.353],[7.299,46.359],[7.301,46.357],[7.302,46.351],[7.309,46.348],[7.303,46.353],[7.303,46.355],[7.306,46.357],[7.305,46.361],[7.307,46.362],[7.304,46.364],[7.306,46.366],[7.306,46.371],[7.309,46.375],[7.322,46.374],[7.325,46.376],[7.334,46.373],[7.324,46.366],[7.331,46.363],[7.335,46.363],[7.343,46.369],[7.341,46.373],[7.344,46.374],[7.346,46.373],[7.347,46.371],[7.346,46.369],[7.348,46.368],[7.349,46.378],[7.361,46.378],[7.366,46.382],[7.368,46.389],[7.377,46.393],[7.393,46.393],[7.396,46.395],[7.4,46.395],[7.401,46.393],[7.396,46.392],[7.396,46.39],[7.4,46.387],[7.406,46.385],[7.419,46.385],[7.432,46.39],[7.435,46.389],[7.438,46.391],[7.446,46.389],[7.443,46.391],[7.443,46.393],[7.455,46.395],[7.462,46.4],[7.465,46.405],[7.481,46.406],[7.484,46.403],[7.494,46.404],[7.495,46.407],[7.501,46.409],[7.5,46.414],[7.507,46.414],[7.511,46.416],[7.509,46.42],[7.51,46.421],[7.517,46.422],[7.52,46.424],[7.523,46.422],[7.524,46.423],[7.523,46.425],[7.53,46.427],[7.531,46.429],[7.529,46.432],[7.516,46.436],[7.515,46.438],[7.53,46.443],[7.533,46.446],[7.536,46.445],[7.529,46.438],[7.536,46.431],[7.539,46.432],[7.535,46.434],[7.543,46.437],[7.549,46.434],[7.553,46.434],[7.555,46.436],[7.57,46.438],[7.581,46.443],[7.583,46.445],[7.578,46.447],[7.595,46.457],[7.599,46.454],[7.602,46.449],[7.6,46.447],[7.605,46.442],[7.624,46.448],[7.625,46.447],[7.615,46.434],[7.611,46.432],[7.613,46.427],[7.611,46.425],[7.608,46.427],[7.611,46.424],[7.638,46.436],[7.647,46.434],[7.647,46.431],[7.65,46.427],[7.653,46.433],[7.664,46.429],[7.66,46.434],[7.65,46.44],[7.649,46.445],[7.652,46.445],[7.657,46.442],[7.663,46.442],[7.667,46.445],[7.664,46.447],[7.666,46.451],[7.673,46.447],[7.67,46.449],[7.673,46.453],[7.677,46.449],[7.678,46.445],[7.682,46.443],[7.681,46.44],[7.683,46.44],[7.686,46.445],[7.693,46.445],[7.699,46.442],[7.697,46.447],[7.699,46.448],[7.703,46.445],[7.705,46.438],[7.701,46.431],[7.705,46.423],[7.706,46.431],[7.709,46.433],[7.717,46.431],[7.718,46.434],[7.721,46.436],[7.728,46.435],[7.731,46.438],[7.744,46.437],[7.747,46.438],[7.746,46.44],[7.748,46.442],[7.754,46.44],[7.759,46.445],[7.759,46.447],[7.765,46.447],[7.761,46.449],[7.761,46.451],[7.767,46.455],[7.775,46.456],[7.771,46.46],[7.769,46.467],[7.764,46.47],[7.781,46.485],[7.77,46.481],[7.761,46.474],[7.754,46.474],[7.741,46.466],[7.738,46.469],[7.732,46.463],[7.728,46.462],[7.725,46.465],[7.726,46.467],[7.725,46.469],[7.719,46.47],[7.712,46.468],[7.691,46.479],[7.701,46.479],[7.706,46.476],[7.703,46.481],[7.709,46.487],[7.715,46.486],[7.722,46.489],[7.732,46.489],[7.735,46.487],[7.738,46.489],[7.741,46.487],[7.746,46.487],[7.745,46.49],[7.75,46.492],[7.754,46.496],[7.752,46.499],[7.748,46.499],[7.743,46.503],[7.745,46.505],[7.751,46.505],[7.752,46.508],[7.755,46.51],[7.751,46.51],[7.748,46.514],[7.738,46.518],[7.735,46.522],[7.729,46.522],[7.719,46.516],[7.716,46.516],[7.713,46.519],[7.716,46.52],[7.719,46.524],[7.732,46.524],[7.738,46.526],[7.742,46.525],[7.753,46.53],[7.755,46.533],[7.762,46.53],[7.761,46.527],[7.764,46.524],[7.774,46.527],[7.775,46.523],[7.774,46.521],[7.781,46.52],[7.782,46.521],[7.781,46.523],[7.785,46.523],[7.786,46.517],[7.783,46.51],[7.78,46.508],[7.781,46.507],[7.797,46.516],[7.803,46.515],[7.8163731343283605,46.51882089552239],[7.811,46.523],[7.812,46.525],[7.804,46.533],[7.799,46.534],[7.8,46.536],[7.807,46.535],[7.81,46.536],[7.82,46.545],[7.827,46.545],[7.833,46.541],[7.826,46.539],[7.827,46.537],[7.825,46.532],[7.821,46.53],[7.823,46.522],[7.826,46.523],[7.827,46.521],[7.833,46.518],[7.843,46.518],[7.849,46.52],[7.861,46.519],[7.852,46.512],[7.836,46.512],[7.839,46.509],[7.856,46.511],[7.859,46.51],[7.857,46.507],[7.862,46.502],[7.865,46.505],[7.869,46.506],[7.875,46.502],[7.878,46.505],[7.885,46.501],[7.891,46.504],[7.895,46.502],[7.901,46.502],[7.905,46.505],[7.902,46.507],[7.904,46.509],[7.916,46.509],[7.919,46.514],[7.921,46.515],[7.924,46.513],[7.927,46.515],[7.928,46.516],[7.922,46.521],[7.927,46.522],[7.934,46.531],[7.941,46.529],[7.939,46.534],[7.943,46.536],[7.943,46.538],[7.937,46.544],[7.934,46.545],[7.931,46.552],[7.927,46.554],[7.931,46.556],[7.937,46.556],[7.941,46.553],[7.945,46.556],[7.944,46.558],[7.939,46.556],[7.941,46.559],[7.964,46.559],[7.964,46.565],[7.966,46.568],[7.97,46.568],[7.971,46.57],[7.982,46.574],[7.97,46.577],[7.98,46.577],[7.983,46.579],[7.978,46.581],[7.983,46.585],[7.987,46.585],[7.99,46.583],[7.984,46.581],[7.987,46.58],[7.997,46.581],[8.0,46.583],[8.003,46.582],[8.006,46.587],[8.016,46.588],[8.019,46.592],[8.032,46.597],[8.032,46.59],[8.029,46.587],[8.033,46.59],[8.033,46.592],[8.039,46.595],[8.041,46.594],[8.041,46.592],[8.039,46.59],[8.045,46.584],[8.052,46.585],[8.055,46.583],[8.055,46.58],[8.065,46.58],[8.071,46.584],[8.084,46.585],[8.093,46.589],[8.093,46.592],[8.088,46.594],[8.085,46.603],[8.081,46.602],[8.079,46.603],[8.08,46.605],[8.078,46.607],[8.074,46.607],[8.071,46.612],[8.064,46.614],[8.072,46.618],[8.075,46.623],[8.096,46.616],[8.102,46.616],[8.099,46.619],[8.101,46.62],[8.108,46.618],[8.108,46.621],[8.105,46.625],[8.097,46.625],[8.095,46.634],[8.101,46.639],[8.098,46.641],[8.102,46.643],[8.104,46.648],[8.108,46.65],[8.108,46.652],[8.115,46.651],[8.118,46.653],[8.127,46.654],[8.128,46.656],[8.128,46.654],[8.136,46.654],[8.133,46.661],[8.136,46.663],[8.138,46.667],[8.14,46.666],[8.14,46.663],[8.144,46.664],[8.147,46.659],[8.153,46.661],[8.154,46.664],[8.167,46.661],[8.174,46.655],[8.177,46.656],[8.183,46.647],[8.188,46.645],[8.187,46.643],[8.194,46.64],[8.191,46.638],[8.193,46.637],[8.218,46.634],[8.21,46.625],[8.213,46.62],[8.212,46.619],[8.198,46.618],[8.195,46.616],[8.205,46.608],[8.214,46.609],[8.219,46.615],[8.215,46.616],[8.215,46.618],[8.219,46.62],[8.225,46.618],[8.232,46.62],[8.235,46.626],[8.242,46.629],[8.245,46.627],[8.248,46.629],[8.253,46.629],[8.253,46.636],[8.247,46.642],[8.248,46.643],[8.259,46.642],[8.26,46.645],[8.265,46.645],[8.275,46.641],[8.278,46.643],[8.284,46.64],[8.281,46.638],[8.278,46.629],[8.274,46.63],[8.271,46.629],[8.27,46.626],[8.273,46.622],[8.271,46.62],[8.272,46.617],[8.276,46.615],[8.269,46.611],[8.268,46.604],[8.274,46.603],[8.277,46.605],[8.278,46.602],[8.283,46.599],[8.284,46.601],[8.283,46.602],[8.29,46.604],[8.298,46.599],[8.307,46.599],[8.308,46.59],[8.317,46.586],[8.317,46.583],[8.319,46.581],[8.313,46.58],[8.31,46.582],[8.303,46.578],[8.293,46.58],[8.288,46.579],[8.293,46.578],[8.294,46.577],[8.293,46.576],[8.29,46.577],[8.287,46.575],[8.277,46.577],[8.282,46.579],[8.28,46.58],[8.274,46.576],[8.267,46.579],[8.261,46.578],[8.258,46.579],[8.257,46.581],[8.254,46.579],[8.251,46.58],[8.247,46.578],[8.238,46.581],[8.236,46.579],[8.231,46.58],[8.228,46.578],[8.225,46.581],[8.223,46.58],[8.223,46.577],[8.216,46.577],[8.213,46.58],[8.202,46.581],[8.186,46.58],[8.176,46.587],[8.177,46.584],[8.181,46.582],[8.185,46.575],[8.195,46.576],[8.205,46.574],[8.218,46.567],[8.228,46.564],[8.228,46.561],[8.234,46.562],[8.237,46.56],[8.244,46.56],[8.254,46.562],[8.26,46.559],[8.257,46.556],[8.25,46.555],[8.25,46.552],[8.241,46.548],[8.224,46.544],[8.214,46.539],[8.237,46.542],[8.24,46.54],[8.247,46.539],[8.27,46.543],[8.28,46.547],[8.278,46.554],[8.289,46.559],[8.306,46.563],[8.313,46.566],[8.316,46.569],[8.319,46.567],[8.329,46.566],[8.337,46.57],[8.341,46.57],[8.345,46.567],[8.344,46.565],[8.345,46.558],[8.347,46.556],[8.345,46.552],[8.319,46.552],[8.321,46.55],[8.317,46.547],[8.312,46.548],[8.311,46.547],[8.313,46.543],[8.311,46.541],[8.309,46.54],[8.303,46.543],[8.299,46.542],[8.294,46.536],[8.298,46.532],[8.296,46.531],[8.282,46.534],[8.279,46.529],[8.273,46.528],[8.263,46.523],[8.26,46.524],[8.25,46.522],[8.247,46.52],[8.24,46.526],[8.227,46.524],[8.223,46.521],[8.223,46.519],[8.227,46.511],[8.229,46.51],[8.229,46.505],[8.234,46.503],[8.232,46.499],[8.227,46.497],[8.223,46.499],[8.217,46.499],[8.211,46.503],[8.204,46.502],[8.201,46.497],[8.204,46.495],[8.203,46.49],[8.205,46.487],[8.204,46.485],[8.2,46.484],[8.188,46.495],[8.187,46.492],[8.178,46.49],[8.175,46.493],[8.174,46.49],[8.178,46.483],[8.174,46.479],[8.181,46.479],[8.185,46.476],[8.18,46.472],[8.178,46.467],[8.166,46.465],[8.162,46.461],[8.162,46.456],[8.16,46.459],[8.154,46.461],[8.156,46.465],[8.153,46.468],[8.153,46.472],[8.156,46.474],[8.155,46.477],[8.156,46.481],[8.159,46.486],[8.156,46.492],[8.156,46.499],[8.151,46.499],[8.153,46.497],[8.153,46.492],[8.148,46.482],[8.142,46.49],[8.135,46.485],[8.133,46.481],[8.126,46.478],[8.119,46.48],[8.115,46.477],[8.112,46.471],[8.109,46.472],[8.113,46.468],[8.112,46.465],[8.119,46.458],[8.113,46.457],[8.112,46.453],[8.109,46.455],[8.109,46.449],[8.099,46.449],[8.097,46.454],[8.099,46.457],[8.093,46.459],[8.096,46.46],[8.096,46.462],[8.092,46.463],[8.093,46.467],[8.09,46.467],[8.085,46.472],[8.087,46.477],[8.083,46.481],[8.08,46.481],[8.076,46.484],[8.079,46.486],[8.064,46.491],[8.067,46.486],[8.073,46.482],[8.076,46.482],[8.076,46.477],[8.08,46.473],[8.082,46.473],[8.081,46.468],[8.084,46.461],[8.084,46.452],[8.08,46.446],[8.073,46.444],[8.07,46.446],[8.07,46.45],[8.064,46.463],[8.06,46.462],[8.056,46.464],[8.059,46.461],[8.059,46.459],[8.056,46.457],[8.057,46.452],[8.047,46.454],[8.041,46.458],[8.031,46.461],[8.03,46.459],[8.041,46.451],[8.044,46.446],[8.043,46.443],[8.047,46.443],[8.049,46.441],[8.047,46.437],[8.04,46.437],[8.041,46.434],[8.038,46.432],[8.039,46.428],[8.037,46.426],[8.035,46.426],[8.027,46.419],[8.025,46.421],[8.017,46.422],[8.008,46.418],[8.004,46.421],[8.001,46.42],[8.0,46.423],[7.998,46.424],[7.988,46.423],[7.985,46.427],[7.972,46.427],[7.971,46.426],[7.975,46.422],[7.989,46.415],[7.982,46.413],[7.981,46.415],[7.976,46.415],[7.985,46.41],[7.987,46.406],[7.984,46.403],[7.987,46.397],[7.985,46.394],[7.981,46.392],[7.972,46.391],[7.962,46.394],[7.955,46.394],[7.952,46.39],[7.947,46.388],[7.946,46.385],[7.942,46.384],[7.94,46.388],[7.935,46.392],[7.933,46.397],[7.926,46.394],[7.92,46.397],[7.916,46.396],[7.913,46.399],[7.91,46.399],[7.911,46.397],[7.909,46.395],[7.908,46.39],[7.915,46.386],[7.911,46.377],[7.912,46.372],[7.908,46.368],[7.913,46.363],[7.91,46.36],[7.906,46.362],[7.903,46.361],[7.9,46.366],[7.897,46.366],[7.896,46.368],[7.901,46.372],[7.896,46.374],[7.897,46.377],[7.89,46.381],[7.892,46.383],[7.887,46.387],[7.884,46.383],[7.873,46.384],[7.874,46.381],[7.871,46.381],[7.868,46.376],[7.864,46.376],[7.861,46.378],[7.851,46.367],[7.848,46.368],[7.851,46.37],[7.848,46.373],[7.845,46.372],[7.835,46.377],[7.822,46.369],[7.817,46.37],[7.816,46.377],[7.814,46.373],[7.818,46.366],[7.812,46.361],[7.808,46.361],[7.803,46.364],[7.799,46.363],[7.798,46.366],[7.799,46.368],[7.796,46.372],[7.793,46.369],[7.79,46.371],[7.783,46.372],[7.776,46.379],[7.777,46.381],[7.783,46.378],[7.786,46.381],[7.788,46.379],[7.791,46.379],[7.787,46.382],[7.788,46.384],[7.796,46.389],[7.806,46.389],[7.812,46.391],[7.811,46.393],[7.814,46.395],[7.813,46.399],[7.816,46.401],[7.82,46.399],[7.829,46.406],[7.835,46.408],[7.832,46.413],[7.839,46.415],[7.848,46.415],[7.846,46.417],[7.847,46.42],[7.851,46.422],[7.855,46.421],[7.858,46.423],[7.861,46.422],[7.87,46.426],[7.871,46.429],[7.878,46.43],[7.88,46.433],[7.891,46.435],[7.895,46.44],[7.904,46.443],[7.905,46.444],[7.904,46.447],[7.907,46.447],[7.915,46.455],[7.91,46.456],[7.907,46.455],[7.906,46.458],[7.908,46.46],[7.907,46.462],[7.901,46.465],[7.899,46.464],[7.9,46.458],[7.894,46.455],[7.891,46.457],[7.887,46.455],[7.884,46.457],[7.878,46.457],[7.874,46.455],[7.868,46.462],[7.865,46.46],[7.862,46.463],[7.857,46.456],[7.857,46.453],[7.852,46.449],[7.852,46.446],[7.845,46.45],[7.839,46.456],[7.836,46.45],[7.832,46.453],[7.828,46.451],[7.832,46.443],[7.826,46.443],[7.823,46.44],[7.814,46.447],[7.806,46.447],[7.802,46.442],[7.802,46.438],[7.805,46.436],[7.806,46.433],[7.79,46.433],[7.783,46.426],[7.78,46.428],[7.774,46.428],[7.769,46.424],[7.764,46.423],[7.761,46.42],[7.757,46.419],[7.753,46.42],[7.753,46.422],[7.751,46.423],[7.748,46.42],[7.75,46.415],[7.748,46.414],[7.738,46.416],[7.729,46.413],[7.732,46.411],[7.731,46.408],[7.725,46.411],[7.718,46.408],[7.717,46.407],[7.718,46.405],[7.722,46.404],[7.725,46.406],[7.727,46.404],[7.734,46.402],[7.721,46.397],[7.721,46.394],[7.724,46.393],[7.724,46.389],[7.728,46.388],[7.729,46.386],[7.722,46.382],[7.721,46.379],[7.718,46.38],[7.719,46.377],[7.714,46.373],[7.715,46.371],[7.718,46.371],[7.731,46.374],[7.732,46.37],[7.727,46.366],[7.731,46.366],[7.732,46.357],[7.729,46.357],[7.728,46.36],[7.727,46.355],[7.715,46.352],[7.711,46.356],[7.71,46.355],[7.713,46.35],[7.711,46.348],[7.705,46.347],[7.7,46.353],[7.695,46.351],[7.692,46.353],[7.698,46.357],[7.704,46.366],[7.694,46.366],[7.691,46.373],[7.696,46.377],[7.689,46.374],[7.687,46.375],[7.686,46.377],[7.689,46.378],[7.69,46.38],[7.689,46.383],[7.686,46.38],[7.676,46.378],[7.671,46.375],[7.669,46.371],[7.666,46.367],[7.659,46.368],[7.662,46.371],[7.661,46.373],[7.651,46.375],[7.653,46.378],[7.657,46.38],[7.666,46.381],[7.666,46.384],[7.671,46.386],[7.672,46.389],[7.677,46.393],[7.67,46.393],[7.672,46.395],[7.668,46.4],[7.678,46.404],[7.679,46.407],[7.685,46.411],[7.68,46.413],[7.683,46.416],[7.679,46.416],[7.673,46.412],[7.666,46.411],[7.66,46.413],[7.647,46.407],[7.637,46.407],[7.635,46.404],[7.63,46.403],[7.627,46.404],[7.617,46.401],[7.608,46.396],[7.605,46.391],[7.605,46.386],[7.604,46.385],[7.601,46.387],[7.599,46.384],[7.6,46.382],[7.594,46.38],[7.595,46.378],[7.593,46.375],[7.588,46.373],[7.585,46.369],[7.584,46.366],[7.587,46.364],[7.589,46.36],[7.588,46.355],[7.582,46.357],[7.579,46.355],[7.572,46.356],[7.569,46.355],[7.566,46.36],[7.562,46.358],[7.552,46.358],[7.541,46.364],[7.536,46.364],[7.533,46.362],[7.532,46.366],[7.53,46.367],[7.522,46.36],[7.521,46.357],[7.526,46.353],[7.526,46.351],[7.52,46.351],[7.517,46.349],[7.513,46.35],[7.507,46.353],[7.506,46.355],[7.508,46.357],[7.507,46.358],[7.497,46.356],[7.494,46.347],[7.481,46.343],[7.48,46.344],[7.487,46.353],[7.484,46.354],[7.48,46.357],[7.479,46.36],[7.466,46.357],[7.456,46.357],[7.45,46.36],[7.439,46.362],[7.435,46.365],[7.429,46.365],[7.426,46.367],[7.419,46.364],[7.416,46.367],[7.413,46.365],[7.406,46.365],[7.403,46.361],[7.403,46.359],[7.406,46.358],[7.412,46.351],[7.411,46.348],[7.406,46.348],[7.399,46.342],[7.396,46.337],[7.4,46.335],[7.407,46.335],[7.416,46.33],[7.406,46.33],[7.394,46.326],[7.39,46.329],[7.387,46.327],[7.38,46.327],[7.378,46.326],[7.377,46.322],[7.374,46.325],[7.37,46.322],[7.364,46.322],[7.361,46.324],[7.363,46.321],[7.357,46.321],[7.354,46.324],[7.351,46.322],[7.348,46.324],[7.337,46.324],[7.335,46.32],[7.332,46.321],[7.332,46.324],[7.334,46.326],[7.332,46.328],[7.325,46.326],[7.322,46.323],[7.299,46.331],[7.297,46.33],[7.3,46.326],[7.291,46.321],[7.283,46.312],[7.289,46.308],[7.274,46.301],[7.27,46.3],[7.267,46.305],[7.26,46.305],[7.249,46.308],[7.231,46.308],[7.218,46.311],[7.211,46.308],[7.209,46.31],[7.213,46.312],[7.211,46.313],[7.207,46.31],[7.208,46.308],[7.207,46.305],[7.202,46.302],[7.195,46.303],[7.197,46.301],[7.192,46.298],[7.189,46.301]],[[7.897,46.377],[7.9,46.377],[7.903,46.386],[7.897,46.386],[7.897,46.377]],[[7.487,46.353],[7.491,46.352],[7.493,46.353],[7.491,46.355],[7.487,46.353]],[[8.293,46.583],[8.296,46.584],[8.294,46.586],[8.304,46.59],[8.29,46.593],[8.287,46.596],[8.28,46.594],[8.271,46.594],[8.267,46.596],[8.26,46.595],[8.262,46.588],[8.264,46.587],[8.267,46.59],[8.269,46.588],[8.283,46.584],[8.287,46.586],[8.293,46.583]],[[8.261,46.626],[8.262,46.627],[8.26,46.629],[8.267,46.631],[8.271,46.636],[8.275,46.638],[8.262,46.636],[8.256,46.627],[8.261,46.626]],[[8.248,46.603],[8.254,46.606],[8.264,46.606],[8.267,46.608],[8.261,46.613],[8.258,46.61],[8.247,46.606],[8.248,46.603]],[[8.261,46.613],[8.262,46.615],[8.261,46.616],[8.261,46.613]],[[8.162,46.557],[8.176,46.564],[8.176,46.571],[8.171,46.564],[8.165,46.562],[8.162,46.557]],[[7.956,46.426],[7.964,46.43],[7.97,46.437],[7.969,46.438],[7.959,46.432],[7.955,46.428],[7.956,46.426]],[[7.833,46.512],[7.826,46.512],[7.825,46.507],[7.822,46.505],[7.823,46.504],[7.825,46.505],[7.833,46.512]],[[7.608,46.405],[7.614,46.413],[7.615,46.409],[7.619,46.409],[7.624,46.418],[7.615,46.418],[7.618,46.416],[7.607,46.409],[7.608,46.405]],[[7.578,46.402],[7.596,46.411],[7.58,46.405],[7.578,46.402]]],[[[8.345,46.567],[8.343,46.57],[8.346,46.572],[8.348,46.579],[8.345,46.585],[8.339,46.588],[8.346,46.592],[8.341,46.594],[8.345,46.599],[8.341,46.601],[8.34,46.606],[8.337,46.608],[8.343,46.612],[8.347,46.612],[8.347,46.617],[8.353,46.621],[8.346,46.623],[8.344,46.628],[8.339,46.63],[8.338,46.635],[8.335,46.637],[8.333,46.638],[8.327,46.631],[8.323,46.638],[8.325,46.651],[8.329,46.658],[8.327,46.66],[8.334,46.665],[8.327,46.668],[8.317,46.666],[8.317,46.669],[8.319,46.671],[8.318,46.676],[8.314,46.674],[8.307,46.676],[8.315,46.682],[8.314,46.683],[8.305,46.684],[8.298,46.687],[8.296,46.689],[8.3,46.691],[8.3,46.694],[8.298,46.695],[8.295,46.692],[8.292,46.692],[8.288,46.695],[8.283,46.696],[8.292,46.697],[8.302,46.704],[8.308,46.702],[8.311,46.704],[8.314,46.703],[8.313,46.698],[8.315,46.697],[8.318,46.7],[8.321,46.695],[8.328,46.695],[8.329,46.693],[8.333,46.693],[8.331,46.696],[8.347,46.697],[8.349,46.696],[8.345,46.691],[8.35,46.687],[8.352,46.682],[8.357,46.678],[8.363,46.678],[8.373,46.682],[8.37,46.686],[8.372,46.689],[8.368,46.693],[8.369,46.695],[8.367,46.702],[8.362,46.702],[8.362,46.709],[8.361,46.71],[8.354,46.708],[8.35,46.711],[8.347,46.716],[8.349,46.718],[8.347,46.723],[8.354,46.724],[8.357,46.727],[8.367,46.726],[8.374,46.728],[8.394,46.727],[8.397,46.728],[8.4,46.726],[8.411,46.729],[8.417,46.727],[8.423,46.73],[8.433,46.73],[8.438,46.733],[8.431,46.735],[8.43,46.737],[8.424,46.738],[8.424,46.742],[8.412,46.74],[8.407,46.745],[8.392,46.747],[8.404,46.75],[8.41,46.756],[8.42,46.76],[8.422,46.762],[8.421,46.765],[8.422,46.767],[8.429,46.769],[8.427,46.771],[8.421,46.771],[8.418,46.765],[8.411,46.769],[8.41,46.772],[8.398,46.766],[8.374,46.761],[8.368,46.758],[8.355,46.757],[8.332,46.751],[8.327,46.752],[8.327,46.754],[8.33,46.756],[8.329,46.759],[8.353,46.765],[8.352,46.768],[8.348,46.77],[8.358,46.769],[8.362,46.77],[8.365,46.773],[8.374,46.774],[8.378,46.779],[8.375,46.782],[8.365,46.782],[8.359,46.786],[8.352,46.784],[8.337,46.786],[8.353,46.795],[8.348,46.795],[8.346,46.793],[8.329,46.789],[8.324,46.792],[8.327,46.795],[8.326,46.796],[8.323,46.794],[8.319,46.795],[8.318,46.797],[8.32,46.801],[8.319,46.804],[8.33,46.806],[8.333,46.808],[8.333,46.811],[8.336,46.814],[8.342,46.81],[8.342,46.806],[8.352,46.799],[8.379,46.788],[8.382,46.784],[8.385,46.789],[8.388,46.789],[8.4,46.785],[8.4,46.783],[8.397,46.781],[8.398,46.78],[8.401,46.783],[8.41,46.785],[8.41,46.787],[8.405,46.792],[8.415,46.794],[8.418,46.796],[8.42,46.794],[8.42,46.789],[8.431,46.792],[8.44,46.789],[8.44,46.785],[8.436,46.778],[8.437,46.777],[8.44,46.777],[8.447,46.782],[8.457,46.782],[8.46,46.78],[8.46,46.782],[8.463,46.784],[8.47,46.779],[8.48,46.783],[8.483,46.782],[8.485,46.789],[8.49,46.789],[8.489,46.787],[8.496,46.789],[8.503,46.788],[8.504,46.789],[8.5,46.791],[8.501,46.793],[8.508,46.795],[8.508,46.798],[8.51,46.799],[8.519,46.801],[8.52,46.802],[8.514,46.804],[8.513,46.807],[8.516,46.809],[8.516,46.816],[8.52,46.816],[8.521,46.818],[8.516,46.82],[8.519,46.822],[8.52,46.825],[8.523,46.824],[8.526,46.82],[8.533,46.82],[8.535,46.822],[8.533,46.824],[8.536,46.828],[8.539,46.829],[8.539,46.831],[8.533,46.833],[8.532,46.836],[8.546,46.839],[8.556,46.838],[8.548,46.829],[8.545,46.824],[8.546,46.823],[8.559,46.827],[8.576,46.828],[8.582,46.827],[8.583,46.826],[8.579,46.824],[8.547,46.818],[8.539,46.814],[8.536,46.809],[8.529,46.804],[8.529,46.801],[8.539,46.806],[8.541,46.804],[8.539,46.802],[8.546,46.8],[8.546,46.798],[8.543,46.797],[8.552,46.796],[8.562,46.798],[8.565,46.794],[8.572,46.792],[8.582,46.795],[8.591,46.79],[8.583,46.786],[8.581,46.783],[8.584,46.781],[8.589,46.781],[8.59,46.779],[8.587,46.774],[8.581,46.771],[8.578,46.773],[8.574,46.773],[8.571,46.776],[8.573,46.772],[8.571,46.77],[8.565,46.77],[8.56,46.772],[8.558,46.776],[8.555,46.774],[8.55,46.775],[8.548,46.78],[8.545,46.778],[8.546,46.775],[8.544,46.773],[8.545,46.77],[8.547,46.773],[8.549,46.773],[8.552,46.768],[8.55,46.766],[8.552,46.764],[8.548,46.762],[8.545,46.764],[8.547,46.759],[8.545,46.757],[8.541,46.757],[8.543,46.755],[8.541,46.754],[8.538,46.754],[8.535,46.758],[8.532,46.757],[8.528,46.758],[8.528,46.76],[8.532,46.762],[8.532,46.765],[8.525,46.763],[8.522,46.758],[8.519,46.759],[8.519,46.762],[8.515,46.762],[8.515,46.765],[8.519,46.769],[8.515,46.77],[8.512,46.768],[8.502,46.769],[8.493,46.767],[8.49,46.766],[8.492,46.764],[8.49,46.76],[8.495,46.757],[8.496,46.753],[8.492,46.752],[8.479,46.753],[8.476,46.755],[8.469,46.754],[8.466,46.755],[8.468,46.753],[8.466,46.751],[8.459,46.752],[8.459,46.749],[8.456,46.746],[8.458,46.744],[8.453,46.742],[8.456,46.73],[8.459,46.736],[8.466,46.737],[8.467,46.74],[8.473,46.742],[8.485,46.74],[8.489,46.736],[8.498,46.735],[8.502,46.732],[8.505,46.733],[8.511,46.731],[8.515,46.727],[8.523,46.726],[8.523,46.719],[8.526,46.717],[8.523,46.712],[8.524,46.711],[8.527,46.713],[8.531,46.713],[8.534,46.71],[8.546,46.705],[8.545,46.701],[8.549,46.696],[8.545,46.694],[8.545,46.689],[8.559,46.687],[8.546,46.684],[8.543,46.686],[8.537,46.686],[8.53,46.683],[8.52,46.689],[8.519,46.685],[8.513,46.683],[8.501,46.692],[8.49,46.694],[8.488,46.69],[8.498,46.676],[8.496,46.672],[8.504,46.67],[8.503,46.667],[8.494,46.665],[8.49,46.662],[8.489,46.665],[8.487,46.666],[8.484,46.661],[8.474,46.66],[8.451,46.669],[8.445,46.673],[8.438,46.672],[8.443,46.668],[8.442,46.667],[8.438,46.665],[8.434,46.666],[8.445,46.657],[8.448,46.658],[8.451,46.654],[8.458,46.651],[8.461,46.647],[8.452,46.645],[8.456,46.641],[8.454,46.639],[8.45,46.639],[8.451,46.633],[8.457,46.639],[8.47,46.641],[8.473,46.643],[8.481,46.64],[8.477,46.636],[8.477,46.634],[8.48,46.634],[8.483,46.638],[8.487,46.638],[8.496,46.633],[8.497,46.634],[8.491,46.64],[8.503,46.641],[8.506,46.643],[8.508,46.642],[8.508,46.64],[8.505,46.638],[8.506,46.637],[8.512,46.64],[8.516,46.645],[8.533,46.643],[8.536,46.645],[8.541,46.642],[8.539,46.64],[8.529,46.637],[8.526,46.633],[8.519,46.636],[8.516,46.634],[8.509,46.633],[8.503,46.626],[8.498,46.627],[8.488,46.622],[8.486,46.619],[8.472,46.623],[8.471,46.618],[8.477,46.614],[8.473,46.611],[8.473,46.609],[8.48,46.61],[8.484,46.607],[8.48,46.602],[8.463,46.598],[8.455,46.598],[8.453,46.603],[8.451,46.6],[8.453,46.598],[8.45,46.595],[8.443,46.594],[8.442,46.591],[8.434,46.587],[8.423,46.578],[8.427,46.577],[8.437,46.584],[8.46,46.586],[8.464,46.584],[8.463,46.582],[8.48,46.578],[8.463,46.566],[8.459,46.566],[8.457,46.564],[8.44,46.558],[8.453,46.557],[8.462,46.559],[8.485,46.568],[8.489,46.566],[8.488,46.564],[8.495,46.557],[8.503,46.555],[8.505,46.552],[8.509,46.555],[8.507,46.559],[8.507,46.564],[8.505,46.566],[8.507,46.568],[8.507,46.571],[8.505,46.573],[8.508,46.577],[8.508,46.582],[8.514,46.586],[8.518,46.592],[8.528,46.594],[8.532,46.597],[8.535,46.596],[8.539,46.597],[8.545,46.601],[8.549,46.599],[8.545,46.595],[8.548,46.591],[8.548,46.583],[8.544,46.583],[8.541,46.585],[8.54,46.581],[8.544,46.579],[8.543,46.575],[8.545,46.57],[8.534,46.568],[8.522,46.559],[8.524,46.555],[8.531,46.561],[8.541,46.56],[8.55,46.563],[8.55,46.566],[8.56,46.566],[8.562,46.563],[8.56,46.559],[8.561,46.556],[8.556,46.55],[8.556,46.548],[8.561,46.543],[8.554,46.536],[8.552,46.539],[8.537,46.54],[8.535,46.539],[8.534,46.536],[8.53,46.536],[8.524,46.529],[8.521,46.531],[8.513,46.532],[8.508,46.528],[8.507,46.522],[8.491,46.525],[8.488,46.521],[8.489,46.517],[8.488,46.516],[8.478,46.511],[8.475,46.513],[8.473,46.512],[8.476,46.51],[8.473,46.506],[8.466,46.506],[8.465,46.504],[8.461,46.506],[8.464,46.503],[8.461,46.5],[8.457,46.501],[8.455,46.505],[8.454,46.501],[8.442,46.496],[8.435,46.495],[8.444,46.492],[8.448,46.493],[8.449,46.492],[8.449,46.49],[8.445,46.487],[8.438,46.486],[8.438,46.483],[8.428,46.482],[8.423,46.484],[8.419,46.483],[8.415,46.484],[8.406,46.482],[8.403,46.479],[8.405,46.476],[8.409,46.474],[8.425,46.471],[8.431,46.472],[8.451,46.469],[8.457,46.472],[8.464,46.473],[8.474,46.474],[8.481,46.472],[8.48,46.474],[8.487,46.475],[8.485,46.481],[8.487,46.482],[8.497,46.48],[8.499,46.483],[8.501,46.483],[8.51,46.479],[8.515,46.48],[8.518,46.483],[8.518,46.485],[8.512,46.489],[8.516,46.493],[8.528,46.487],[8.532,46.48],[8.549,46.488],[8.555,46.482],[8.558,46.487],[8.557,46.494],[8.561,46.496],[8.562,46.499],[8.565,46.499],[8.566,46.498],[8.563,46.496],[8.566,46.489],[8.571,46.487],[8.572,46.485],[8.58,46.484],[8.581,46.486],[8.585,46.486],[8.592,46.482],[8.591,46.48],[8.581,46.48],[8.579,46.478],[8.581,46.474],[8.585,46.479],[8.591,46.476],[8.594,46.477],[8.592,46.48],[8.601,46.48],[8.601,46.475],[8.614,46.472],[8.617,46.47],[8.616,46.468],[8.621,46.461],[8.621,46.457],[8.627,46.455],[8.62,46.452],[8.619,46.455],[8.613,46.457],[8.61,46.456],[8.604,46.462],[8.591,46.469],[8.568,46.471],[8.563,46.469],[8.554,46.462],[8.561,46.465],[8.565,46.464],[8.571,46.466],[8.581,46.462],[8.576,46.46],[8.568,46.453],[8.568,46.448],[8.574,46.445],[8.581,46.446],[8.581,46.443],[8.577,46.441],[8.564,46.439],[8.56,46.435],[8.56,46.433],[8.565,46.431],[8.568,46.424],[8.572,46.421],[8.564,46.416],[8.552,46.424],[8.54,46.426],[8.545,46.43],[8.541,46.435],[8.526,46.44],[8.532,46.442],[8.53,46.444],[8.532,46.445],[8.538,46.445],[8.539,46.447],[8.532,46.451],[8.526,46.458],[8.519,46.461],[8.516,46.461],[8.509,46.457],[8.5,46.46],[8.497,46.458],[8.499,46.454],[8.506,46.454],[8.509,46.456],[8.514,46.453],[8.509,46.453],[8.503,46.449],[8.504,46.445],[8.501,46.442],[8.503,46.44],[8.499,46.44],[8.495,46.436],[8.496,46.432],[8.505,46.431],[8.507,46.429],[8.497,46.418],[8.497,46.415],[8.492,46.414],[8.486,46.41],[8.482,46.41],[8.478,46.407],[8.476,46.402],[8.487,46.402],[8.482,46.398],[8.479,46.4],[8.472,46.399],[8.469,46.397],[8.465,46.4],[8.465,46.409],[8.47,46.409],[8.468,46.413],[8.462,46.418],[8.462,46.42],[8.458,46.423],[8.459,46.427],[8.457,46.429],[8.459,46.432],[8.457,46.432],[8.456,46.434],[8.46,46.442],[8.463,46.441],[8.464,46.443],[8.462,46.445],[8.462,46.449],[8.46,46.452],[8.453,46.459],[8.444,46.465],[8.435,46.464],[8.431,46.462],[8.405,46.46],[8.399,46.455],[8.389,46.451],[8.366,46.452],[8.353,46.443],[8.346,46.441],[8.33,46.429],[8.32,46.427],[8.317,46.424],[8.307,46.425],[8.302,46.422],[8.302,46.419],[8.297,46.416],[8.294,46.417],[8.295,46.422],[8.298,46.424],[8.296,46.426],[8.297,46.429],[8.295,46.431],[8.3,46.437],[8.297,46.439],[8.295,46.444],[8.286,46.446],[8.281,46.452],[8.287,46.455],[8.288,46.46],[8.29,46.453],[8.292,46.453],[8.294,46.458],[8.3,46.458],[8.298,46.455],[8.301,46.451],[8.302,46.455],[8.304,46.456],[8.307,46.453],[8.312,46.453],[8.314,46.455],[8.312,46.457],[8.313,46.46],[8.311,46.462],[8.313,46.466],[8.304,46.473],[8.303,46.476],[8.311,46.478],[8.314,46.477],[8.324,46.487],[8.334,46.483],[8.339,46.487],[8.338,46.491],[8.341,46.491],[8.347,46.489],[8.348,46.486],[8.359,46.48],[8.357,46.477],[8.353,46.478],[8.334,46.47],[8.329,46.471],[8.332,46.469],[8.331,46.466],[8.334,46.464],[8.353,46.471],[8.358,46.471],[8.363,46.466],[8.366,46.469],[8.383,46.472],[8.379,46.479],[8.382,46.486],[8.385,46.488],[8.383,46.49],[8.376,46.489],[8.372,46.493],[8.373,46.496],[8.375,46.497],[8.373,46.499],[8.373,46.502],[8.357,46.504],[8.36,46.51],[8.37,46.515],[8.377,46.516],[8.38,46.514],[8.387,46.514],[8.393,46.51],[8.397,46.511],[8.401,46.506],[8.406,46.505],[8.407,46.506],[8.405,46.508],[8.405,46.511],[8.401,46.515],[8.403,46.516],[8.407,46.515],[8.409,46.509],[8.413,46.51],[8.422,46.507],[8.435,46.511],[8.44,46.515],[8.438,46.517],[8.443,46.524],[8.436,46.521],[8.429,46.521],[8.426,46.524],[8.433,46.533],[8.427,46.54],[8.417,46.538],[8.417,46.535],[8.414,46.533],[8.406,46.533],[8.4,46.535],[8.398,46.538],[8.397,46.542],[8.402,46.544],[8.402,46.547],[8.4,46.548],[8.397,46.547],[8.394,46.549],[8.387,46.546],[8.385,46.547],[8.385,46.551],[8.389,46.556],[8.386,46.56],[8.384,46.561],[8.378,46.558],[8.371,46.558],[8.371,46.561],[8.384,46.564],[8.388,46.566],[8.391,46.57],[8.407,46.568],[8.414,46.564],[8.411,46.574],[8.404,46.577],[8.371,46.583],[8.368,46.581],[8.367,46.578],[8.362,46.577],[8.345,46.567]],[[8.584,46.781],[8.58,46.779],[8.583,46.779],[8.584,46.781]],[[8.532,46.451],[8.536,46.453],[8.535,46.454],[8.532,46.451]],[[8.565,46.475],[8.572,46.476],[8.576,46.48],[8.572,46.484],[8.562,46.482],[8.561,46.478],[8.565,46.475]],[[8.473,46.436],[8.486,46.438],[8.498,46.442],[8.48,46.442],[8.473,46.437],[8.47,46.439],[8.467,46.438],[8.473,46.436]]],[[[8.294,46.417],[8.296,46.413],[8.292,46.408],[8.303,46.407],[8.311,46.404],[8.312,46.399],[8.315,46.397],[8.315,46.385],[8.313,46.38],[8.306,46.376],[8.303,46.376],[8.296,46.371],[8.293,46.371],[8.283,46.364],[8.274,46.367],[8.265,46.366],[8.259,46.361],[8.259,46.354],[8.262,46.352],[8.262,46.348],[8.26,46.346],[8.251,46.346],[8.244,46.34],[8.231,46.34],[8.226,46.337],[8.226,46.334],[8.219,46.33],[8.219,46.325],[8.216,46.323],[8.215,46.319],[8.21,46.314],[8.212,46.31],[8.211,46.309],[8.185,46.3],[8.172,46.298],[8.165,46.295],[8.159,46.298],[8.152,46.297],[8.149,46.3],[8.136,46.302],[8.122,46.295],[8.122,46.292],[8.112,46.283],[8.087,46.267],[8.082,46.266],[8.079,46.263],[8.079,46.261],[8.087,46.256],[8.097,46.256],[8.103,46.251],[8.109,46.25],[8.109,46.247],[8.112,46.245],[8.112,46.241],[8.114,46.238],[8.126,46.23],[8.126,46.228],[8.122,46.229],[8.116,46.227],[8.113,46.224],[8.108,46.225],[8.11,46.229],[8.109,46.23],[8.1,46.226],[8.09,46.227],[8.085,46.225],[8.084,46.218],[8.086,46.214],[8.089,46.212],[8.083,46.208],[8.08,46.209],[8.08,46.218],[8.077,46.219],[8.066,46.216],[8.063,46.218],[8.062,46.227],[8.064,46.232],[8.067,46.234],[8.067,46.236],[8.064,46.238],[8.061,46.235],[8.057,46.237],[8.056,46.232],[8.052,46.232],[8.051,46.235],[8.041,46.236],[8.034,46.241],[8.045,46.243],[8.042,46.248],[8.048,46.249],[8.051,46.247],[8.058,46.253],[8.061,46.252],[8.065,46.254],[8.067,46.259],[8.061,46.261],[8.058,46.265],[8.052,46.266],[8.052,46.27],[8.061,46.268],[8.061,46.273],[8.071,46.271],[8.071,46.279],[8.075,46.284],[8.078,46.284],[8.08,46.286],[8.087,46.282],[8.094,46.283],[8.096,46.286],[8.096,46.293],[8.094,46.297],[8.091,46.299],[8.104,46.308],[8.107,46.308],[8.107,46.31],[8.112,46.313],[8.101,46.313],[8.092,46.308],[8.08,46.306],[8.078,46.309],[8.088,46.317],[8.083,46.322],[8.088,46.327],[8.085,46.327],[8.081,46.324],[8.078,46.325],[8.075,46.323],[8.073,46.326],[8.077,46.331],[8.076,46.335],[8.092,46.335],[8.09,46.34],[8.091,46.344],[8.098,46.344],[8.101,46.349],[8.106,46.346],[8.117,46.345],[8.127,46.352],[8.13,46.351],[8.131,46.346],[8.114,46.337],[8.117,46.327],[8.143,46.333],[8.153,46.339],[8.157,46.337],[8.146,46.328],[8.139,46.319],[8.159,46.329],[8.162,46.326],[8.159,46.324],[8.161,46.319],[8.158,46.317],[8.156,46.312],[8.159,46.311],[8.166,46.323],[8.169,46.32],[8.176,46.321],[8.179,46.323],[8.195,46.321],[8.201,46.324],[8.204,46.328],[8.197,46.337],[8.202,46.34],[8.209,46.341],[8.214,46.346],[8.208,46.347],[8.205,46.346],[8.198,46.348],[8.197,46.35],[8.2,46.353],[8.209,46.357],[8.212,46.356],[8.214,46.352],[8.221,46.349],[8.225,46.351],[8.238,46.352],[8.239,46.355],[8.234,46.356],[8.23,46.359],[8.233,46.361],[8.232,46.364],[8.235,46.367],[8.241,46.37],[8.248,46.371],[8.254,46.37],[8.257,46.372],[8.261,46.372],[8.262,46.375],[8.265,46.377],[8.276,46.381],[8.284,46.386],[8.282,46.388],[8.268,46.39],[8.267,46.393],[8.264,46.387],[8.254,46.386],[8.248,46.39],[8.243,46.388],[8.235,46.389],[8.234,46.391],[8.242,46.396],[8.247,46.397],[8.245,46.398],[8.238,46.397],[8.235,46.398],[8.222,46.393],[8.219,46.391],[8.216,46.393],[8.219,46.395],[8.224,46.397],[8.223,46.4],[8.225,46.402],[8.232,46.404],[8.25,46.42],[8.235,46.418],[8.219,46.412],[8.214,46.413],[8.213,46.415],[8.216,46.417],[8.222,46.416],[8.226,46.423],[8.235,46.424],[8.235,46.429],[8.242,46.43],[8.248,46.428],[8.252,46.431],[8.258,46.432],[8.27,46.426],[8.278,46.425],[8.284,46.421],[8.288,46.422],[8.294,46.417]],[[8.284,46.386],[8.293,46.388],[8.287,46.391],[8.284,46.386]],[[8.264,46.393],[8.271,46.394],[8.272,46.395],[8.27,46.397],[8.271,46.398],[8.281,46.397],[8.287,46.399],[8.277,46.402],[8.271,46.399],[8.268,46.402],[8.258,46.395],[8.264,46.393]]],[[[8.26,46.559],[8.263,46.56],[8.268,46.559],[8.27,46.557],[8.267,46.555],[8.263,46.555],[8.26,46.559]]],[[[7.745,46.505],[7.741,46.508],[7.748,46.508],[7.745,46.505]]],[[[7.266,46.362],[7.263,46.36],[7.26,46.362],[7.266,46.362]]],[[[8.62,46.452],[8.616,46.452],[8.617,46.453],[8.62,46.452]]],[[[8.592,46.499],[8.588,46.496],[8.582,46.496],[8.579,46.498],[8.58,46.5],[8.578,46.502],[8.588,46.503],[8.592,46.505],[8.595,46.503],[8.605,46.502],[8.601,46.502],[8.595,46.498],[8.592,46.499]]],[[[8.477,46.816],[8.474,46.816],[8.473,46.82],[8.469,46.823],[8.477,46.829],[8.464,46.829],[8.464,46.827],[8.461,46.826],[8.452,46.827],[8.454,46.831],[8.458,46.832],[8.458,46.834],[8.449,46.836],[8.461,46.839],[8.458,46.841],[8.464,46.842],[8.469,46.845],[8.465,46.846],[8.455,46.842],[8.454,46.845],[8.446,46.85],[8.463,46.857],[8.455,46.857],[8.452,46.855],[8.439,46.856],[8.432,46.854],[8.422,46.854],[8.415,46.857],[8.417,46.859],[8.415,46.861],[8.422,46.862],[8.425,46.86],[8.432,46.861],[8.435,46.858],[8.436,46.864],[8.439,46.865],[8.445,46.863],[8.454,46.863],[8.453,46.866],[8.454,46.868],[8.468,46.876],[8.47,46.874],[8.473,46.874],[8.475,46.876],[8.478,46.876],[8.491,46.871],[8.495,46.873],[8.498,46.872],[8.499,46.87],[8.496,46.865],[8.498,46.862],[8.501,46.861],[8.504,46.862],[8.507,46.859],[8.514,46.858363636363634],[8.514,46.863],[8.527,46.863],[8.54,46.871],[8.544,46.871],[8.547,46.868],[8.557,46.87],[8.558,46.869],[8.557,46.862],[8.553,46.856],[8.555,46.853],[8.55,46.848],[8.546,46.847],[8.54,46.842],[8.533,46.841],[8.517,46.847],[8.507,46.846],[8.501,46.841],[8.491,46.838],[8.483,46.829],[8.483,46.827],[8.487,46.824],[8.49,46.827],[8.495,46.823],[8.496,46.82],[8.487,46.819],[8.484,46.821],[8.478,46.818],[8.477,46.816]],[[8.514857142857142,46.858285714285714],[8.518,46.858],[8.517,46.859],[8.514857142857142,46.858285714285714]]],[[[8.473,46.373],[8.47,46.373],[8.469,46.377],[8.471,46.38],[8.469,46.381],[8.466,46.38],[8.467,46.375],[8.465,46.373],[8.465,46.38],[8.461,46.384],[8.462,46.388],[8.465,46.386],[8.469,46.387],[8.479,46.385],[8.482,46.387],[8.484,46.386],[8.484,46.384],[8.479,46.384],[8.474,46.38],[8.477,46.377],[8.473,46.373]]],[[[8.471,46.341],[8.467,46.341],[8.464,46.346],[8.468,46.352],[8.475,46.351],[8.476,46.35],[8.475,46.348],[8.478,46.347],[8.481,46.348],[8.481,46.344],[8.477,46.344],[8.471,46.341]]],[[[8.266,46.747],[8.253,46.737],[8.25,46.738],[8.249,46.741],[8.255,46.744],[8.254,46.746],[8.26,46.75],[8.26,46.755],[8.263,46.76],[8.268,46.759],[8.271,46.764],[8.28,46.769],[8.293,46.771],[8.296,46.77],[8.299,46.773],[8.309,46.772],[8.286,46.756],[8.28,46.754],[8.277,46.755],[8.277,46.757],[8.28,46.76],[8.273,46.756],[8.267,46.752],[8.268,46.75],[8.266,46.747]]],[[[8.3,46.782],[8.28,46.778],[8.27,46.779],[8.272,46.782],[8.277,46.782],[8.283,46.785],[8.29,46.783],[8.304,46.786],[8.303,46.783],[8.3,46.782]]],[[[8.239,46.771],[8.253596153846154,46.76900961538462],[8.252,46.773],[8.26,46.774],[8.263,46.77],[8.268,46.766],[8.268,46.764],[8.259,46.761],[8.244,46.767],[8.237,46.764],[8.239,46.771]],[[8.263,46.77],[8.260169811320754,46.768113207547174],[8.261,46.768],[8.263,46.77]]],[[[8.134,46.139],[8.128,46.137],[8.126,46.139],[8.127,46.144],[8.126,46.146],[8.128,46.148],[8.138,46.144],[8.141,46.146],[8.134,46.149],[8.133,46.151],[8.138,46.152],[8.144,46.149],[8.151,46.15],[8.15,46.146],[8.141,46.139],[8.134,46.139]]],[[[8.15,46.353],[8.143,46.353],[8.137,46.356],[8.13,46.354],[8.126,46.358],[8.134,46.359],[8.137,46.361],[8.141,46.36],[8.141,46.357],[8.147,46.356],[8.15,46.353]]],[[[7.22,45.888],[7.21,45.887],[7.21,45.892],[7.203,45.896],[7.22,45.898],[7.222,45.901],[7.219,45.912],[7.222,45.914],[7.222,45.916],[7.219,45.921],[7.222,45.923],[7.223,45.926],[7.238,45.928],[7.239,45.926],[7.245,45.924],[7.252,45.924],[7.262,45.921],[7.265,45.917],[7.267,45.919],[7.263,45.923],[7.263,45.925],[7.271,45.93],[7.271,45.932],[7.265,45.936],[7.258,45.936],[7.254,45.941],[7.255,45.946],[7.261,45.944],[7.265,45.945],[7.269,45.943],[7.265,45.949],[7.258,45.95],[7.248,45.948],[7.244,45.952],[7.245,45.957],[7.249,45.957],[7.25,45.959],[7.244,45.964],[7.247,45.968],[7.247,45.973],[7.245,45.975],[7.248,45.98],[7.255,45.981],[7.259,45.979],[7.259,45.984],[7.255,45.987],[7.245,45.989],[7.242,45.994],[7.238,45.995],[7.229,46.009],[7.213,46.015],[7.226,46.015],[7.228,46.02],[7.232,46.018],[7.235,46.019],[7.237,46.02],[7.237,46.024],[7.243,46.027],[7.247,46.027],[7.254,46.022],[7.251,46.018],[7.25,46.02],[7.247,46.02],[7.251,46.017],[7.255,46.019],[7.256,46.018],[7.257,46.011],[7.254,46.009],[7.255,46.008],[7.258,46.01],[7.261,46.007],[7.268,46.011],[7.272,46.009],[7.27,46.006],[7.274,46.005],[7.279,45.997],[7.286,45.993],[7.289,45.993],[7.286,45.997],[7.286,46.0],[7.29,46.004],[7.297,45.999],[7.297,46.002],[7.293,46.005],[7.29,46.005],[7.29,46.009],[7.293,46.012],[7.3,46.006],[7.303,46.006],[7.306,46.009],[7.307,46.013],[7.31,46.015],[7.318399999999998,46.0108],[7.316,46.01],[7.313,46.011],[7.31,46.009],[7.311,46.006],[7.314,46.006],[7.318666666666665,46.010666666666665],[7.322,46.009],[7.322,46.006],[7.319,46.004],[7.316,45.996],[7.312,45.995],[7.306,45.997],[7.304,45.995],[7.31,45.99],[7.313,45.984],[7.313,45.986],[7.314,45.993],[7.316,45.995],[7.319,45.99],[7.325,46.0],[7.332,45.998],[7.332,46.0],[7.335,46.001],[7.343,45.998],[7.342,45.996],[7.336,45.995],[7.326,45.984],[7.332,45.983],[7.335,45.984],[7.337,45.982],[7.338,45.98],[7.336,45.977],[7.339,45.975],[7.341,45.971],[7.341,45.966],[7.339,45.959],[7.335,45.957],[7.339,45.955],[7.342,45.956],[7.354,45.944],[7.357,45.937],[7.352,45.935],[7.352,45.932],[7.358,45.931],[7.361,45.933],[7.365,45.933],[7.382,45.926],[7.381,45.923],[7.384,45.925],[7.387,45.922],[7.388,45.926],[7.397,45.925],[7.408,45.935],[7.423,45.941],[7.433,45.948],[7.437,45.953],[7.41,45.944],[7.406,45.946],[7.405,45.941],[7.403,45.94],[7.4,45.949],[7.395,45.948],[7.397,45.948],[7.397,45.944],[7.39,45.947],[7.384,45.946],[7.38,45.948],[7.384,45.95],[7.386,45.955],[7.389,45.957],[7.387,45.959],[7.384,45.958],[7.381,45.954],[7.373,45.955],[7.371,45.957],[7.376,45.959],[7.377,45.963],[7.381,45.964],[7.384,45.962],[7.387,45.963],[7.39,45.96],[7.392,45.962],[7.381,45.965],[7.371,45.965],[7.368,45.966],[7.367,45.968],[7.371,45.973],[7.369,45.975],[7.371,45.979],[7.375,45.977],[7.376,45.98],[7.372,45.982],[7.375,45.984],[7.373,45.989],[7.374,45.991],[7.368,45.998],[7.364,45.998],[7.365,46.004],[7.36,46.016],[7.364,46.018],[7.365,46.02],[7.364,46.022],[7.358,46.019],[7.354,46.025],[7.362,46.025],[7.357,46.029],[7.348,46.031],[7.346,46.034],[7.341,46.036],[7.345,46.04],[7.345,46.043],[7.334,46.042],[7.327,46.049],[7.332,46.05],[7.334,46.054],[7.329,46.057],[7.322,46.054],[7.316,46.053],[7.315,46.054],[7.318,46.056],[7.317,46.058],[7.326,46.064],[7.326,46.066],[7.317,46.063],[7.316,46.061],[7.312,46.065],[7.315,46.067],[7.316,46.07],[7.311,46.069],[7.311,46.067],[7.306,46.065],[7.301,46.067],[7.3,46.071],[7.293,46.072],[7.285,46.076],[7.288,46.078],[7.29,46.083],[7.294,46.087],[7.287,46.092],[7.283,46.092],[7.28,46.095],[7.271,46.097],[7.267,46.1],[7.267,46.103],[7.264,46.108],[7.266,46.11],[7.274,46.112],[7.277,46.121],[7.28,46.123],[7.287,46.124],[7.278,46.117],[7.282,46.114],[7.278,46.11],[7.28,46.107],[7.293,46.113],[7.294,46.108],[7.298,46.103],[7.301,46.103],[7.303,46.106],[7.309,46.104],[7.322,46.104],[7.325,46.102],[7.335,46.102],[7.348,46.093],[7.352,46.094],[7.345,46.105],[7.348,46.108],[7.348,46.11],[7.339,46.114],[7.339,46.117],[7.345,46.121],[7.349,46.121],[7.343,46.123],[7.345,46.125],[7.348,46.125],[7.351,46.131],[7.355,46.131],[7.356,46.128],[7.362,46.126],[7.358,46.123],[7.365,46.119],[7.364,46.116],[7.358,46.114],[7.357,46.112],[7.361,46.109],[7.364,46.113],[7.365,46.11],[7.369,46.108],[7.366,46.105],[7.371,46.105],[7.371,46.103],[7.364,46.102],[7.361,46.099],[7.363,46.096],[7.365,46.096],[7.368,46.099],[7.371,46.096],[7.38,46.092],[7.381,46.09],[7.377,46.086],[7.378,46.081],[7.374,46.078],[7.38,46.078],[7.384,46.08],[7.388,46.076],[7.384,46.074],[7.384,46.072],[7.374,46.07],[7.373,46.067],[7.374,46.065],[7.377,46.066],[7.384,46.063],[7.387,46.064],[7.387,46.062],[7.384,46.061],[7.376,46.045],[7.377,46.038],[7.379,46.045],[7.387,46.052],[7.39,46.049],[7.39,46.046],[7.392,46.045],[7.393,46.04],[7.398,46.036],[7.397,46.032],[7.393,46.03],[7.393,46.026],[7.403,46.031],[7.413,46.031],[7.419,46.027],[7.423,46.027],[7.432,46.016],[7.444,46.016],[7.447,46.009],[7.445,46.006],[7.452,46.004],[7.455,46.01],[7.459,46.009],[7.461,46.007],[7.459,46.002],[7.462,46.0],[7.468,46.01],[7.473,46.007],[7.482,45.995],[7.477,45.993],[7.476,45.991],[7.477,45.99],[7.49,45.99],[7.5,45.986],[7.506,45.989],[7.505,45.991],[7.506,45.993],[7.523,45.99],[7.518,45.995],[7.517,45.998],[7.523,46.003],[7.513,45.997],[7.506,45.999],[7.508,46.004],[7.521,46.013],[7.516,46.014],[7.506,46.011],[7.504,46.016],[7.507,46.018],[7.509,46.022],[7.508,46.027],[7.513,46.028],[7.516,46.025],[7.519,46.025],[7.52,46.029],[7.518,46.031],[7.517,46.036],[7.521,46.036],[7.524,46.031],[7.53,46.029],[7.531,46.027],[7.529,46.024],[7.539,46.026],[7.543,46.024],[7.545,46.032],[7.548,46.036],[7.549,46.031],[7.555,46.031],[7.561,46.026],[7.562,46.029],[7.56,46.031],[7.561,46.032],[7.568,46.031],[7.571,46.033],[7.574,46.029],[7.576,46.031],[7.578,46.043],[7.575,46.047],[7.579,46.051],[7.581,46.056],[7.587,46.059],[7.576,46.06],[7.573,46.065],[7.574,46.069],[7.577,46.072],[7.574,46.072],[7.572,46.074],[7.568,46.081],[7.571,46.082],[7.574,46.079],[7.575,46.081],[7.583,46.085],[7.58,46.087],[7.581,46.09],[7.575,46.092],[7.575,46.096],[7.578,46.097],[7.584,46.092],[7.587,46.095],[7.592,46.092],[7.592,46.09],[7.596,46.087],[7.6,46.087],[7.602,46.09],[7.599,46.094],[7.6,46.097],[7.607,46.093],[7.61,46.095],[7.618,46.09],[7.609,46.081],[7.613,46.074],[7.61,46.068],[7.61,46.061],[7.613,46.065],[7.616,46.066],[7.626,46.059],[7.639,46.061],[7.645,46.059],[7.651,46.06],[7.65,46.063],[7.655,46.067],[7.649,46.064],[7.644,46.067],[7.647,46.074],[7.652,46.076],[7.645,46.078],[7.644,46.081],[7.646,46.083],[7.645,46.086],[7.654,46.087],[7.648,46.09],[7.655,46.09],[7.658,46.092],[7.658,46.094],[7.672,46.092],[7.673,46.094],[7.678,46.096],[7.679,46.101],[7.669,46.114],[7.664,46.112],[7.659,46.114],[7.661,46.117],[7.66,46.119],[7.671,46.121],[7.673,46.123],[7.67,46.126],[7.662,46.128],[7.66,46.13],[7.657,46.137],[7.662,46.141],[7.662,46.144],[7.659,46.146],[7.66,46.148],[7.659,46.153],[7.646,46.159],[7.654,46.162],[7.659,46.161],[7.663,46.164],[7.656,46.173],[7.652,46.175],[7.645,46.175],[7.644,46.177],[7.646,46.179],[7.65,46.18],[7.65,46.184],[7.646,46.188],[7.635,46.191],[7.636,46.195],[7.638,46.195],[7.642,46.2],[7.646,46.2],[7.651,46.204],[7.649,46.206],[7.642,46.207],[7.641,46.213],[7.643,46.22],[7.64,46.225],[7.632,46.229],[7.637,46.231],[7.633,46.232],[7.628,46.236],[7.63,46.237],[7.63,46.239],[7.627,46.238],[7.619,46.243],[7.622,46.245],[7.617,46.247],[7.622,46.249],[7.622,46.252],[7.617,46.258],[7.618,46.261],[7.612,46.263],[7.614,46.267],[7.623,46.262],[7.636,46.262],[7.64,46.264],[7.643,46.261],[7.649,46.267],[7.653,46.265],[7.662,46.266],[7.664,46.265],[7.661,46.263],[7.662,46.261],[7.666,46.264],[7.668,46.263],[7.668,46.26],[7.662,46.26],[7.66,46.258],[7.662,46.257],[7.666,46.258],[7.669,46.254],[7.675,46.251],[7.675,46.249],[7.682,46.246],[7.694,46.247],[7.692,46.245],[7.694,46.242],[7.691,46.242],[7.689,46.238],[7.684,46.238],[7.689,46.233],[7.686,46.229],[7.691,46.229],[7.691,46.231],[7.695,46.23],[7.695,46.222],[7.691,46.222],[7.692,46.22],[7.691,46.218],[7.686,46.215],[7.686,46.213],[7.678,46.213],[7.677,46.211],[7.678,46.209],[7.675,46.204],[7.678,46.201],[7.682,46.203],[7.683,46.202],[7.68,46.197],[7.682,46.196],[7.682,46.194],[7.675,46.193],[7.676,46.191],[7.675,46.188],[7.68,46.184],[7.676,46.182],[7.675,46.174],[7.678,46.173],[7.675,46.172],[7.673,46.168],[7.676,46.164],[7.676,46.161],[7.673,46.159],[7.68,46.157],[7.675,46.155],[7.685,46.15],[7.684,46.148],[7.69,46.15],[7.691,46.156],[7.693,46.155],[7.695,46.15],[7.707,46.153],[7.711,46.152],[7.712,46.157],[7.703,46.161],[7.705,46.164],[7.714,46.166],[7.717,46.168],[7.717,46.17],[7.711,46.171],[7.705,46.175],[7.711,46.176],[7.717,46.174],[7.72,46.175],[7.718,46.179],[7.721,46.184],[7.716,46.188],[7.724,46.191],[7.725,46.193],[7.721,46.197],[7.717,46.198],[7.715,46.202],[7.717,46.205],[7.727,46.2],[7.725,46.202],[7.732,46.206],[7.73,46.209],[7.737,46.209],[7.741,46.213],[7.733,46.215],[7.73,46.217],[7.73,46.22],[7.74,46.22],[7.747,46.229],[7.736,46.233],[7.737,46.236],[7.734,46.24],[7.732,46.247],[7.734,46.249],[7.74,46.245],[7.743,46.246],[7.746,46.245],[7.747,46.241],[7.754,46.244],[7.75,46.246],[7.747,46.245],[7.745,46.247],[7.745,46.251],[7.747,46.253],[7.755,46.249],[7.764,46.247],[7.763,46.243],[7.758,46.242],[7.76,46.24],[7.769,46.243],[7.779,46.237],[7.781,46.24],[7.795,46.242],[7.808,46.238],[7.805,46.235],[7.794,46.233],[7.792,46.231],[7.789,46.234],[7.787,46.233],[7.789,46.225],[7.785,46.225],[7.781,46.22],[7.775,46.22],[7.774,46.217],[7.769,46.215],[7.775,46.213],[7.776,46.21],[7.79,46.211],[7.793,46.208],[7.788,46.208],[7.787,46.206],[7.769,46.202],[7.767,46.199],[7.76,46.195],[7.759,46.193],[7.762,46.191],[7.766,46.192],[7.769,46.19],[7.768,46.188],[7.771,46.186],[7.767,46.179],[7.76,46.177],[7.758,46.17],[7.756,46.168],[7.751,46.166],[7.755,46.161],[7.756,46.157],[7.748,46.152],[7.753,46.153],[7.763,46.15],[7.759,46.147],[7.752,46.146],[7.752,46.141],[7.755,46.141],[7.754,46.143],[7.756,46.145],[7.759,46.144],[7.76,46.141],[7.756,46.139],[7.76,46.137],[7.759,46.134],[7.763,46.132],[7.756,46.128],[7.748,46.128],[7.747,46.125],[7.743,46.123],[7.739,46.117],[7.744,46.114],[7.743,46.105],[7.749,46.101],[7.748,46.096],[7.743,46.094],[7.744,46.092],[7.738,46.089],[7.724,46.087],[7.723,46.096],[7.723,46.089],[7.72,46.088],[7.719,46.08],[7.715,46.076],[7.72,46.072],[7.726,46.073],[7.734,46.071],[7.736,46.072],[7.737,46.069],[7.742,46.067],[7.742,46.064],[7.746,46.066],[7.746,46.062],[7.743,46.06],[7.742,46.054],[7.741,46.056],[7.739,46.056],[7.736,46.054],[7.733,46.051],[7.733,46.045],[7.729,46.045],[7.727,46.049],[7.721,46.047],[7.72,46.045],[7.716,46.046],[7.716,46.048],[7.718,46.049],[7.716,46.052],[7.71,46.048],[7.704,46.047],[7.7,46.043],[7.703,46.04],[7.698,46.035],[7.699,46.029],[7.697,46.027],[7.674,46.03],[7.668,46.028],[7.661,46.028],[7.657,46.022],[7.642,46.018],[7.633,46.013],[7.635,46.011],[7.632,46.01],[7.629,46.012],[7.621,46.009],[7.623,46.006],[7.622,46.004],[7.613,45.995],[7.613,45.993],[7.616,45.993],[7.619,45.997],[7.626,45.998],[7.632,45.998],[7.639,45.994],[7.665,45.994],[7.668,45.991],[7.669,45.995],[7.671,45.996],[7.694,45.994],[7.695,45.993],[7.694,45.991],[7.687,45.99],[7.686,45.988],[7.68,45.986],[7.679,45.982],[7.681,45.981],[7.69,45.986],[7.693,45.983],[7.697,45.982],[7.706,45.986],[7.716,45.985],[7.72,45.984],[7.723,45.978],[7.729,45.978],[7.732,45.976],[7.739,45.975],[7.739,45.973],[7.737,45.972],[7.732,45.972],[7.722,45.963],[7.722,45.961],[7.732,45.966],[7.739,45.96],[7.742,45.963],[7.768,45.958],[7.771,45.96],[7.78,45.957],[7.784,45.962],[7.787,45.962],[7.788,45.961],[7.786,45.959],[7.787,45.958],[7.79,45.96],[7.793,45.957],[7.795,45.957],[7.796,45.949],[7.8,45.957],[7.809,45.957],[7.812,45.959],[7.812,45.961],[7.819,45.961],[7.822,45.963],[7.823,45.965],[7.822,45.968],[7.817,45.97],[7.811,45.979],[7.826,45.981],[7.824,45.986],[7.816,45.988],[7.806,45.987],[7.803,45.988],[7.806,45.99],[7.803,45.992],[7.797,45.989],[7.795,45.99],[7.794,45.995],[7.803,46.002],[7.813,46.002],[7.819,46.005],[7.823,46.005],[7.826,46.01],[7.839,46.012],[7.845,46.015],[7.835,46.017],[7.826,46.023],[7.82,46.022],[7.816,46.025],[7.813,46.025],[7.808,46.028],[7.806,46.033],[7.81,46.033],[7.815,46.028],[7.817,46.028],[7.818,46.031],[7.826,46.036],[7.831,46.033],[7.833,46.029],[7.838,46.033],[7.846,46.035],[7.846,46.038],[7.843,46.04],[7.851,46.044],[7.852,46.046],[7.841,46.049],[7.848,46.051],[7.841,46.053],[7.844,46.055],[7.845,46.058],[7.834,46.06],[7.837,46.062],[7.836,46.073],[7.849,46.082],[7.854,46.082],[7.849,46.084],[7.841,46.08],[7.829,46.078],[7.828,46.085],[7.834,46.089],[7.83,46.091],[7.837,46.096],[7.826,46.098],[7.824,46.1],[7.83,46.102],[7.832,46.105],[7.827,46.107],[7.833,46.111],[7.831,46.116],[7.839,46.121],[7.836,46.122],[7.839,46.125],[7.836,46.129],[7.837,46.132],[7.835,46.134],[7.85,46.138],[7.846,46.141],[7.85,46.142],[7.851,46.145],[7.859,46.149],[7.863,46.149],[7.866,46.147],[7.871,46.152],[7.87,46.154],[7.873,46.156],[7.873,46.159],[7.876,46.16],[7.882,46.157],[7.885,46.16],[7.888,46.158],[7.891,46.159],[7.889,46.162],[7.886,46.163],[7.892,46.165],[7.894,46.161],[7.897,46.159],[7.893,46.156],[7.894,46.154],[7.892,46.153],[7.888,46.155],[7.887,46.154],[7.89,46.152],[7.89,46.145],[7.882,46.136],[7.881,46.132],[7.882,46.131],[7.885,46.135],[7.892,46.139],[7.894,46.136],[7.898,46.134],[7.898,46.132],[7.893,46.127],[7.885,46.123],[7.891,46.12],[7.889,46.111],[7.885,46.11],[7.882,46.107],[7.874,46.107],[7.87,46.105],[7.867,46.1],[7.862,46.096],[7.869,46.095],[7.87,46.098],[7.875,46.101],[7.882,46.101],[7.883,46.1],[7.882,46.097],[7.88,46.096],[7.888,46.089],[7.891,46.092],[7.894,46.092],[7.896,46.091],[7.896,46.089],[7.901,46.087],[7.917,46.087],[7.927,46.08],[7.923,46.079],[7.922,46.077],[7.927,46.077],[7.929,46.075],[7.924,46.071],[7.927,46.07],[7.936,46.072],[7.943,46.068],[7.944,46.064],[7.937,46.062],[7.933,46.057],[7.936,46.055],[7.942,46.055],[7.942,46.053],[7.946,46.051],[7.947,46.046],[7.939,46.043],[7.932,46.035],[7.932,46.03],[7.939,46.036],[7.942,46.035],[7.942,46.032],[7.944,46.037],[7.946,46.038],[7.952,46.036],[7.954,46.035],[7.954,46.03],[7.957,46.026],[7.958,46.02],[7.962,46.017],[7.965,46.024],[7.968,46.021],[7.97,46.028],[7.969,46.03],[7.971,46.033],[7.978,46.032],[7.987,46.034],[7.984,46.036],[7.975,46.037],[7.971,46.04],[7.97,46.053],[7.973,46.059],[7.979,46.064],[7.974,46.071],[7.975,46.072],[7.98,46.07],[7.988,46.062],[7.991,46.063],[7.994,46.062],[7.995,46.059],[7.994,46.057],[7.997,46.056],[8.001,46.061],[8.007,46.055],[8.008,46.057],[8.006,46.064],[8.0,46.07],[8.001,46.075],[7.999,46.077],[8.001,46.08],[7.987,46.088],[7.986,46.091],[7.981,46.093],[7.985,46.095],[7.99,46.095],[7.991,46.098],[8.003,46.097],[8.005,46.1],[8.003,46.104],[7.997,46.111],[7.993,46.113],[7.992,46.118],[7.988,46.114],[7.985,46.118],[7.98,46.118],[7.976,46.115],[7.971,46.115],[7.972,46.12],[7.969,46.125],[7.97,46.127],[7.972,46.128],[7.976,46.126],[7.979,46.127],[7.972,46.131],[7.975,46.133],[7.977,46.138],[7.974,46.14],[7.978,46.142],[7.979,46.147],[7.976,46.154],[7.979,46.158],[7.983,46.16],[7.979,46.161],[7.973,46.155],[7.964,46.156],[7.967,46.158],[7.966,46.159],[7.963,46.157],[7.961,46.158],[7.962,46.163],[7.965,46.165],[7.96,46.172],[7.966,46.178],[7.968,46.178],[7.967,46.181],[7.962,46.181],[7.96,46.179],[7.953,46.181],[7.961,46.185],[7.959,46.19],[7.964,46.194],[7.95,46.194],[7.949,46.199],[7.947,46.2],[7.941,46.199],[7.937,46.2],[7.938,46.206],[7.944,46.21],[7.947,46.208],[7.95,46.213],[7.958,46.21],[7.961,46.205],[7.958,46.201],[7.96,46.2],[7.963,46.203],[7.969,46.205],[7.969,46.208],[7.965,46.21],[7.967,46.211],[7.97,46.211],[7.975,46.208],[7.973,46.205],[7.98,46.208],[7.976,46.214],[7.977,46.217],[7.976,46.219],[7.978,46.221],[7.977,46.225],[7.974,46.232],[7.971,46.235],[7.971,46.239],[7.973,46.241],[7.977,46.253],[7.975,46.257],[7.977,46.261],[7.975,46.264],[7.977,46.266],[7.976,46.271],[7.982,46.268],[7.985,46.268],[7.987,46.27],[7.993,46.263],[7.996,46.265],[8.003,46.265],[8.009,46.263],[8.013,46.264],[8.016,46.261],[8.009,46.26],[8.006,46.261],[7.997,46.255],[7.996,46.25],[7.991,46.25],[8.0,46.246],[7.993,46.239],[7.996,46.235],[7.997,46.228],[7.989,46.223],[7.996,46.217],[7.999,46.217],[8.002,46.22],[8.013,46.219],[8.014,46.216],[8.019,46.216],[8.025,46.212],[8.026,46.205],[8.023,46.203],[8.018,46.203],[8.019,46.196],[8.007,46.192],[8.009,46.189],[8.012,46.192],[8.015,46.188],[8.018,46.192],[8.022,46.189],[8.034,46.19],[8.041,46.186],[8.052,46.183],[8.051,46.18],[8.041,46.176],[8.038,46.172],[8.032,46.171],[8.036,46.169],[8.034,46.169],[8.033,46.167],[8.034,46.166],[8.037,46.169],[8.039,46.169],[8.038,46.171],[8.041,46.173],[8.046,46.169],[8.044,46.165],[8.042,46.165],[8.041,46.16],[8.038,46.158],[8.034,46.158],[8.036,46.156],[8.036,46.153],[8.057,46.146],[8.063,46.146],[8.066,46.148],[8.083,46.151],[8.083,46.146],[8.085,46.144],[8.082,46.14],[8.082,46.137],[8.08,46.135],[8.073,46.134],[8.066,46.128],[8.06,46.119],[8.055,46.12],[8.053,46.117],[8.063,46.112],[8.069,46.114],[8.076,46.112],[8.082,46.113],[8.087,46.115],[8.095,46.124],[8.102,46.124],[8.106,46.126],[8.108,46.128],[8.105,46.131],[8.105,46.135],[8.115,46.136],[8.115,46.14],[8.121,46.14],[8.127,46.137],[8.111,46.133],[8.114,46.13],[8.112,46.128],[8.112,46.119],[8.102,46.112],[8.085,46.11],[8.08,46.108],[8.069,46.108],[8.056,46.103],[8.053,46.104],[8.046,46.101],[8.04,46.101],[8.033,46.097],[8.031,46.09],[8.029,46.088],[8.029,46.084],[8.022,46.077],[8.025,46.07],[8.025,46.061],[8.028,46.059],[8.028,46.054],[8.032,46.052],[8.032,46.045],[8.018,46.037],[8.018,46.034],[8.015,46.032],[8.015,46.025],[8.012,46.021],[8.011,46.014],[8.0,46.011],[7.998,46.007],[7.992,46.003],[7.992,46.001],[7.989,45.998],[7.981,45.997],[7.978,46.0],[7.971,46.0],[7.958,45.997],[7.939,45.998],[7.936,45.996],[7.907,45.995],[7.906,45.992],[7.902,45.99],[7.902,45.988],[7.899,45.985],[7.887,45.977],[7.881,45.975],[7.879,45.961],[7.876,45.958],[7.876,45.952],[7.872,45.949],[7.873,45.947],[7.872,45.945],[7.869,45.943],[7.87,45.941],[7.869,45.936],[7.873,45.934],[7.876,45.927],[7.864,45.919],[7.858,45.921],[7.845,45.921],[7.841,45.924],[7.832,45.924],[7.829,45.926],[7.819,45.928],[7.818,45.925],[7.812,45.921],[7.805,45.921],[7.803,45.919],[7.793,45.919],[7.791,45.923],[7.787,45.926],[7.78,45.928],[7.771,45.935],[7.765,45.936],[7.766,45.939],[7.764,45.94],[7.747,45.939],[7.741,45.934],[7.741,45.932],[7.738,45.93],[7.734,45.93],[7.734,45.925],[7.719,45.924],[7.714,45.928],[7.713,45.931],[7.707,45.934],[7.708,45.95],[7.701,45.952],[7.697,45.956],[7.684,45.956],[7.68,45.958],[7.675,45.961],[7.676,45.966],[7.661,45.977],[7.648,45.976],[7.639,45.971],[7.635,45.972],[7.629,45.971],[7.616,45.974],[7.61,45.969],[7.6,45.969],[7.597,45.971],[7.587,45.971],[7.579,45.977],[7.578,45.982],[7.571,45.987],[7.568,45.987],[7.564,45.985],[7.546,45.984],[7.546,45.982],[7.54,45.975],[7.543,45.973],[7.544,45.966],[7.547,45.964],[7.544,45.962],[7.542,45.958],[7.535,45.956],[7.532,45.958],[7.522,45.958],[7.517,45.962],[7.505,45.962],[7.497,45.958],[7.484,45.956],[7.481,45.953],[7.477,45.954],[7.469,45.948],[7.469,45.946],[7.472,45.944],[7.473,45.939],[7.468,45.935],[7.458,45.936],[7.449,45.932],[7.445,45.932],[7.436,45.926],[7.433,45.921],[7.426,45.916],[7.416,45.913],[7.41,45.909],[7.4,45.911],[7.395,45.908],[7.394,45.904],[7.387,45.9],[7.377,45.9],[7.365,45.904],[7.36,45.908],[7.355,45.909],[7.352,45.913],[7.342,45.916],[7.336,45.913],[7.329,45.913],[7.323,45.911],[7.314,45.917],[7.303,45.918],[7.294,45.922],[7.29,45.922],[7.289,45.919],[7.279,45.91],[7.279,45.907],[7.255,45.89],[7.252,45.89],[7.245,45.895],[7.239,45.891],[7.226,45.893],[7.22,45.888]],[[7.675,46.188],[7.672,46.191],[7.668,46.193],[7.671,46.191],[7.668,46.188],[7.669,46.187],[7.675,46.188]],[[7.739,46.105],[7.743,46.107],[7.739,46.109],[7.739,46.105]],[[7.316,45.948],[7.322,45.957],[7.322,45.962],[7.326,45.96],[7.328,45.962],[7.322,45.964],[7.319,45.962],[7.314,45.95],[7.316,45.948]],[[7.316,45.981],[7.316,45.978],[7.317,45.98],[7.316,45.981]]],[[[7.3,46.006],[7.298,46.011],[7.3,46.013],[7.3,46.006]]],[[[7.387,46.052],[7.39,46.054],[7.391,46.052],[7.39,46.05],[7.387,46.052]]],[[[7.623,46.006],[7.626,46.008],[7.626,46.006],[7.623,46.006]]],[[[8.1,46.43],[8.096,46.432],[8.092,46.43],[8.09,46.432],[8.091,46.434],[8.089,46.438],[8.102,46.441],[8.116,46.448],[8.117,46.445],[8.116,46.443],[8.1,46.432],[8.1,46.43]]],[[[8.023,46.666],[8.01,46.666],[8.004,46.67],[7.994,46.667],[7.991,46.671],[7.981,46.664],[7.979,46.666],[7.979,46.669],[7.968,46.667],[7.966,46.669],[7.971,46.675],[7.974,46.675],[7.975,46.678],[7.98,46.678],[7.983,46.675],[7.981,46.673],[7.984,46.675],[7.988,46.675],[7.994,46.681],[7.997,46.678],[8.002,46.678],[8.001,46.681],[7.995,46.682],[8.004,46.682],[8.007,46.685],[8.01,46.683],[8.031,46.68],[8.032,46.682],[8.025,46.684],[8.025,46.686],[8.03,46.687],[8.034,46.684],[8.034,46.68],[8.043,46.679],[8.046,46.682],[8.053,46.684],[8.052,46.686],[8.053,46.687],[8.06,46.69],[8.063,46.693],[8.06,46.691],[8.056,46.694],[8.047,46.694],[8.043,46.696],[8.06,46.704],[8.073,46.706],[8.079,46.702],[8.083,46.704],[8.074,46.706],[8.079,46.709],[8.083,46.709],[8.087,46.706],[8.086,46.704],[8.089,46.703],[8.099,46.705],[8.102,46.704],[8.103,46.702],[8.094,46.7],[8.1,46.697],[8.096,46.693],[8.099,46.691],[8.099,46.689],[8.096,46.687],[8.092,46.687],[8.089,46.689],[8.086,46.687],[8.079,46.689],[8.078,46.686],[8.074,46.684],[8.073,46.681],[8.069,46.682],[8.066,46.685],[8.059,46.681],[8.052,46.68],[8.055,46.677],[8.055,46.671],[8.053,46.667],[8.044,46.668],[8.043,46.675],[8.04,46.672],[8.03,46.674],[8.03,46.671],[8.034,46.671],[8.027,46.667],[8.023,46.669],[8.023,46.666]]],[[[7.812,46.541],[7.81,46.54],[7.8,46.545],[7.797,46.55],[7.791,46.55],[7.787,46.555],[7.791,46.558],[7.794,46.556],[7.797,46.563],[7.801,46.562],[7.806,46.564],[7.81,46.563],[7.814,46.569],[7.821,46.57],[7.823,46.573],[7.815,46.582],[7.817,46.589],[7.814,46.591],[7.815,46.597],[7.813,46.6],[7.814,46.601],[7.837,46.602],[7.84,46.596],[7.844,46.595],[7.84,46.591],[7.837,46.584],[7.832,46.582],[7.833,46.579],[7.837,46.583],[7.838,46.579],[7.84,46.578],[7.842,46.579],[7.843,46.583],[7.846,46.58],[7.85,46.58],[7.863,46.586],[7.862,46.579],[7.859,46.577],[7.86,46.575],[7.852,46.573],[7.849,46.568],[7.85,46.566],[7.856,46.57],[7.859,46.57],[7.861,46.568],[7.86,46.566],[7.84,46.557],[7.83,46.558],[7.824,46.555],[7.82,46.55],[7.82,46.547],[7.813,46.544],[7.812,46.541]]],[[[7.798,46.246],[7.792,46.242],[7.787,46.244],[7.786,46.247],[7.787,46.249],[7.795,46.249],[7.802,46.253],[7.808,46.249],[7.802,46.246],[7.798,46.246]]],[[[7.682,46.251],[7.675,46.252],[7.675,46.256],[7.68,46.256],[7.679,46.258],[7.673,46.26],[7.675,46.264],[7.68,46.263],[7.682,46.26],[7.686,46.258],[7.682,46.251]]],[[[7.68,46.166],[7.675,46.166],[7.678,46.168],[7.68,46.166]]],[[[7.606,46.117],[7.6,46.117],[7.594,46.12],[7.587,46.117],[7.584,46.119],[7.584,46.122],[7.591,46.123],[7.591,46.126],[7.586,46.13],[7.588,46.132],[7.588,46.135],[7.591,46.136],[7.595,46.135],[7.595,46.132],[7.593,46.13],[7.601,46.126],[7.6,46.122],[7.607,46.119],[7.606,46.117]]],[[[7.604,46.465],[7.598,46.46],[7.589,46.465],[7.588,46.469],[7.594,46.467],[7.598,46.468],[7.604,46.465]]],[[[7.567,46.108],[7.554,46.105],[7.549,46.108],[7.545,46.112],[7.545,46.115],[7.549,46.113],[7.552,46.115],[7.561,46.114],[7.562,46.115],[7.567,46.108]]],[[[7.479,46.184],[7.478,46.186],[7.481,46.187],[7.487,46.185],[7.488,46.186],[7.485,46.193],[7.487,46.195],[7.493,46.195],[7.491,46.198],[7.497,46.199],[7.495,46.202],[7.499,46.204],[7.5,46.207],[7.503,46.204],[7.501,46.202],[7.503,46.199],[7.51,46.199],[7.511,46.2],[7.509,46.202],[7.513,46.203],[7.528,46.198],[7.529,46.195],[7.53,46.198],[7.529,46.2],[7.536,46.204],[7.539,46.204],[7.541,46.202],[7.535,46.195],[7.534,46.193],[7.537,46.191],[7.534,46.189],[7.532,46.184],[7.538,46.18],[7.536,46.175],[7.538,46.173],[7.537,46.171],[7.541,46.166],[7.54,46.164],[7.542,46.162],[7.545,46.162],[7.545,46.159],[7.549,46.154],[7.552,46.155],[7.553,46.153],[7.554,46.148],[7.548,46.141],[7.542,46.137],[7.544,46.135],[7.544,46.13],[7.55,46.128],[7.544,46.126],[7.542,46.123],[7.538,46.123],[7.537,46.126],[7.532,46.129],[7.529,46.133],[7.52,46.139],[7.516,46.144],[7.511,46.146],[7.51,46.149],[7.506,46.148],[7.506,46.15],[7.51,46.154],[7.513,46.155],[7.511,46.162],[7.507,46.16],[7.497,46.164],[7.497,46.166],[7.491,46.173],[7.487,46.175],[7.488,46.177],[7.487,46.179],[7.481,46.179],[7.475,46.182],[7.479,46.184]]],[[[7.5,46.207],[7.495,46.204],[7.492,46.204],[7.484,46.209],[7.482,46.213],[7.484,46.215],[7.497,46.207],[7.5,46.207]]],[[[7.491,46.493],[7.491,46.489],[7.487,46.49],[7.48,46.499],[7.482,46.501],[7.477,46.504],[7.479,46.508],[7.491,46.506],[7.501,46.507],[7.508,46.504],[7.505,46.501],[7.491,46.497],[7.489,46.495],[7.491,46.493]]],[[[7.433,46.031],[7.428,46.031],[7.427,46.034],[7.429,46.036],[7.419,46.051],[7.418,46.061],[7.405,46.07],[7.413,46.071],[7.417,46.074],[7.412,46.079],[7.416,46.083],[7.422,46.081],[7.422,46.078],[7.426,46.078],[7.429,46.079],[7.429,46.083],[7.432,46.084],[7.445,46.083],[7.448,46.086],[7.452,46.085],[7.455,46.087],[7.458,46.085],[7.455,46.083],[7.454,46.081],[7.457,46.079],[7.456,46.076],[7.463,46.074],[7.471,46.067],[7.468,46.065],[7.464,46.065],[7.461,46.067],[7.456,46.061],[7.456,46.058],[7.452,46.054],[7.447,46.052],[7.446,46.047],[7.452,46.046],[7.457,46.043],[7.458,46.04],[7.452,46.039],[7.449,46.04],[7.448,46.043],[7.448,46.04],[7.45,46.038],[7.448,46.036],[7.435,46.037],[7.436,46.034],[7.433,46.031]],[[7.439,46.047],[7.444,46.045],[7.44,46.047],[7.44,46.049],[7.442,46.05],[7.443,46.054],[7.439,46.054],[7.435,46.057],[7.43,46.054],[7.431,46.052],[7.429,46.049],[7.425,46.047],[7.429,46.044],[7.432,46.047],[7.439,46.047]]],[[[7.271,46.283],[7.267,46.282],[7.265,46.283],[7.27,46.286],[7.271,46.292],[7.267,46.294],[7.265,46.297],[7.27,46.298],[7.276,46.297],[7.281,46.299],[7.283,46.296],[7.286,46.298],[7.288,46.297],[7.288,46.294],[7.271,46.283]]],[[[7.109,46.177],[7.102,46.177],[7.099,46.183],[7.094,46.186],[7.096,46.193],[7.092,46.193],[7.089,46.19],[7.085,46.19],[7.068,46.204],[7.073,46.21],[7.076,46.211],[7.077,46.215],[7.079,46.216],[7.082,46.217],[7.086,46.215],[7.103,46.215],[7.112,46.22],[7.11,46.222],[7.111,46.223],[7.115,46.223],[7.115,46.226],[7.118,46.229],[7.116,46.233],[7.119,46.235],[7.12,46.238],[7.118,46.244],[7.12,46.247],[7.124,46.246],[7.134,46.253],[7.137,46.252],[7.142,46.26],[7.15,46.265],[7.149,46.269],[7.15,46.27],[7.161,46.276],[7.16,46.278],[7.145,46.281],[7.152,46.283],[7.153,46.292],[7.153,46.29],[7.157,46.287],[7.164,46.287],[7.169,46.289],[7.173,46.296],[7.179,46.298],[7.182,46.302],[7.186,46.301],[7.186,46.299],[7.189,46.296],[7.199,46.293],[7.2,46.292],[7.199,46.291],[7.186,46.286],[7.184,46.283],[7.189,46.28],[7.195,46.283],[7.199,46.283],[7.201,46.281],[7.2,46.272],[7.198,46.269],[7.195,46.268],[7.193,46.263],[7.201,46.26],[7.212,46.259],[7.215,46.257],[7.217,46.254],[7.215,46.252],[7.212,46.252],[7.211,46.249],[7.22,46.247],[7.222,46.245],[7.221,46.242],[7.218,46.243],[7.209,46.237],[7.196,46.241],[7.176,46.236],[7.166,46.238],[7.16,46.236],[7.152,46.236],[7.16,46.228],[7.157,46.222],[7.153,46.222],[7.15,46.22],[7.141,46.225],[7.137,46.223],[7.134,46.226],[7.128,46.224],[7.13,46.222],[7.128,46.219],[7.12,46.215],[7.124,46.214],[7.131,46.217],[7.131,46.213],[7.127,46.211],[7.132,46.209],[7.13,46.204],[7.126,46.202],[7.131,46.197],[7.128,46.195],[7.132,46.193],[7.118,46.189],[7.117,46.186],[7.118,46.185],[7.125,46.188],[7.125,46.185],[7.121,46.183],[7.112,46.18],[7.109,46.181],[7.108,46.183],[7.106,46.179],[7.109,46.177]],[[7.128,46.224],[7.124,46.225],[7.124,46.223],[7.128,46.224]]],[[[7.067,46.019],[7.077,46.013],[7.078,46.01],[7.072,46.008],[7.071,46.006],[7.081,46.004],[7.074,46.002],[7.066,45.995],[7.065,45.992],[7.058,45.99],[7.057,45.988],[7.06,45.983],[7.057,45.981],[7.058,45.979],[7.064,45.982],[7.074,45.983],[7.08,45.979],[7.078,45.977],[7.078,45.974],[7.073,45.97],[7.074,45.966],[7.077,45.967],[7.079,45.965],[7.079,45.961],[7.076,45.956],[7.076,45.952],[7.071,45.952],[7.066,45.95],[7.065,45.948],[7.061,45.948],[7.059,45.945],[7.062,45.943],[7.056,45.941],[7.058,45.936],[7.062,45.939],[7.065,45.938],[7.076,45.93],[7.073,45.927],[7.075,45.924],[7.074,45.918],[7.078,45.915],[7.081,45.916],[7.083,45.909],[7.082,45.905],[7.086,45.903],[7.087,45.9],[7.095,45.896],[7.094,45.894],[7.084,45.892],[7.084,45.89],[7.088,45.888],[7.099,45.887],[7.105,45.889],[7.107,45.892],[7.11,45.892],[7.117,45.884],[7.12,45.883],[7.117,45.88],[7.12,45.876],[7.126,45.879],[7.129,45.876],[7.128,45.873],[7.13,45.873],[7.132,45.878],[7.137,45.882],[7.14,45.891],[7.139,45.894],[7.142,45.896],[7.146,45.894],[7.146,45.897],[7.139,45.903],[7.141,45.905],[7.139,45.909],[7.137,45.909],[7.139,45.912],[7.132,45.916],[7.133,45.919],[7.132,45.921],[7.134,45.923],[7.133,45.927],[7.136,45.928],[7.136,45.925],[7.139,45.923],[7.145,45.927],[7.149,45.926],[7.149,45.924],[7.144,45.921],[7.147,45.918],[7.156,45.918],[7.156,45.921],[7.162,45.924],[7.165,45.923],[7.164,45.921],[7.159,45.916],[7.152,45.916],[7.151,45.912],[7.152,45.911],[7.158,45.908],[7.17,45.912],[7.181,45.912],[7.178,45.909],[7.174,45.909],[7.169,45.905],[7.162,45.892],[7.165,45.891],[7.171,45.893],[7.175,45.892],[7.178,45.889],[7.171,45.882],[7.175,45.882],[7.178,45.875],[7.187,45.886],[7.194,45.889],[7.192,45.894],[7.194,45.895],[7.198,45.892],[7.198,45.889],[7.202,45.889],[7.204,45.891],[7.209,45.889],[7.21,45.885],[7.198,45.876],[7.199,45.869],[7.198,45.865],[7.195,45.862],[7.187,45.86],[7.175,45.864],[7.165,45.871],[7.165,45.874],[7.159,45.878],[7.155,45.878],[7.152,45.88],[7.149,45.877],[7.137,45.876],[7.133,45.87],[7.126,45.866],[7.123,45.866],[7.121,45.864],[7.122,45.862],[7.114,45.859],[7.104,45.859],[7.097,45.863],[7.096,45.869],[7.093,45.871],[7.093,45.876],[7.084,45.882],[7.083,45.885],[7.077,45.889],[7.075,45.895],[7.068,45.897],[7.065,45.9],[7.065,45.905],[7.062,45.913],[7.058,45.912],[7.047,45.92],[7.047,45.923],[7.043,45.925],[7.044,45.927],[7.041,45.929],[7.041,45.932],[7.037,45.934],[7.037,45.936],[7.034,45.938],[7.033,45.947],[7.037,45.954],[7.029,45.957],[7.023,45.957],[7.021,45.959],[7.016,45.959],[7.013,45.964],[7.007,45.967],[7.008,45.972],[7.017,45.981],[7.016,45.984],[7.01,45.988],[7.01,45.999],[6.993,46.0],[6.982,46.006],[6.981,46.008],[6.982,46.017],[6.976,46.021],[6.973,46.024],[6.973,46.026],[6.958,46.037],[6.961,46.039],[6.964,46.037],[6.97,46.037],[6.973,46.035],[6.971,46.033],[6.974,46.031],[6.983,46.032],[6.987,46.034],[6.993,46.033],[6.996,46.03],[7.002,46.028],[7.003,46.022],[7.009,46.023],[7.012,46.021],[7.022,46.021],[7.025,46.019],[7.032,46.02],[7.037,46.017],[7.036,46.015],[7.038,46.014],[7.042,46.014],[7.045,46.017],[7.048,46.016],[7.058,46.018],[7.061,46.02],[7.067,46.019]],[[7.175,45.892],[7.171,45.89],[7.171,45.888],[7.174,45.889],[7.175,45.892]]],[[[7.077,46.013],[7.074,46.017],[7.077,46.019],[7.08,46.018],[7.083,46.015],[7.077,46.013]]],[[[7.139,45.903],[7.142,45.9],[7.136,45.898],[7.136,45.901],[7.139,45.903]]],[[[7.207,46.371],[7.205,46.369],[7.198,46.37],[7.192,46.377],[7.179,46.378],[7.175,46.382],[7.178,46.384],[7.179,46.387],[7.179,46.384],[7.182,46.383],[7.185,46.386],[7.192,46.385],[7.195,46.38],[7.207,46.371]]],[[[7.174,45.93],[7.159,45.927],[7.157,45.93],[7.161,45.935],[7.174,45.93]]],[[[7.169,46.377],[7.162,46.377],[7.154,46.384],[7.158,46.386],[7.159,46.389],[7.16,46.386],[7.165,46.386],[7.165,46.389],[7.172,46.387],[7.173,46.386],[7.172,46.384],[7.168,46.38],[7.169,46.377]]],[[[7.145,46.384],[7.14,46.383],[7.137,46.386],[7.141,46.388],[7.14,46.391],[7.143,46.392],[7.146,46.386],[7.145,46.384]]],[[[7.146,46.386],[7.149,46.392],[7.154,46.391],[7.155,46.386],[7.149,46.385],[7.146,46.386]]],[[[6.896,46.049],[6.89,46.044],[6.88,46.044],[6.878,46.046],[6.873,46.046],[6.868,46.052],[6.871,46.055],[6.872,46.059],[6.875,46.061],[6.875,46.066],[6.883,46.072],[6.886,46.071],[6.888,46.073],[6.887,46.084],[6.884,46.086],[6.883,46.097],[6.887,46.1],[6.887,46.102],[6.891,46.104],[6.89,46.106],[6.894,46.109],[6.892,46.125],[6.856,46.125],[6.84,46.132],[6.814,46.132],[6.808,46.136],[6.796,46.137],[6.798,46.14],[6.808,46.143],[6.811,46.141],[6.821,46.14],[6.837,46.143],[6.844,46.142],[6.847,46.145],[6.85,46.144],[6.856,46.146],[6.866,46.142],[6.876,46.142],[6.88,46.138],[6.885,46.137],[6.887,46.142],[6.893,46.147],[6.889,46.151],[6.895,46.153],[6.896,46.158],[6.898,46.16],[6.901,46.161],[6.908,46.16],[6.912,46.163],[6.909,46.165],[6.908,46.169],[6.917,46.175],[6.924,46.176],[6.922,46.179],[6.924,46.18],[6.934,46.178],[6.937,46.181],[6.947,46.184],[6.95,46.181],[6.948,46.179],[6.95,46.176],[6.953,46.175],[6.956,46.176],[6.958,46.174],[6.953,46.174],[6.95,46.172],[6.953,46.17],[6.954,46.167],[6.956,46.166],[6.96,46.167],[6.962,46.165],[6.96,46.163],[6.952,46.161],[6.944,46.154],[6.937,46.152],[6.934,46.157],[6.931,46.154],[6.933,46.152],[6.929,46.149],[6.934,46.147],[6.94,46.148],[6.944,46.146],[6.945,46.145],[6.942,46.143],[6.941,46.14],[6.95,46.136],[6.961,46.136],[6.976,46.14],[6.984,46.134],[6.978,46.132],[6.971,46.125],[6.97,46.122],[6.954,46.121],[6.944,46.116],[6.941,46.118],[6.945,46.12],[6.944,46.123],[6.937,46.122],[6.934,46.121],[6.932,46.116],[6.934,46.111],[6.937,46.113],[6.941,46.113],[6.95,46.11],[6.967,46.11],[6.973,46.105],[6.972,46.102],[6.954,46.1],[6.951,46.097],[6.944,46.098],[6.946,46.095],[6.94,46.086],[6.94,46.082],[6.938,46.08],[6.931,46.078],[6.922,46.079],[6.922,46.082],[6.915,46.089],[6.914,46.095],[6.91,46.1],[6.905,46.101],[6.901,46.095],[6.905,46.091],[6.901,46.088],[6.913,46.082],[6.914,46.08],[6.911,46.075],[6.912,46.072],[6.915,46.071],[6.916,46.068],[6.922,46.068],[6.923,46.064],[6.919,46.064],[6.916,46.062],[6.913,46.057],[6.906,46.051],[6.896,46.049]]],[[[6.812,46.182],[6.81,46.182],[6.809,46.185],[6.81,46.191],[6.807,46.194],[6.807,46.198],[6.814,46.202],[6.818,46.198],[6.814,46.196],[6.819,46.194],[6.814,46.191],[6.816,46.187],[6.812,46.182]]]]},"properties":{"value":80,"fill":"#3296B4","zIndex":4},"id":"3"},{"type":"Feature","geometry":{"type":"MultiPolygon","coordinates":[[[[10.374,46.745],[10.359,46.75],[10.358,46.753],[10.357,46.75],[10.354,46.748],[10.351,46.753],[10.346,46.754],[10.353,46.761],[10.351,46.763],[10.351,46.766],[10.352,46.767],[10.362,46.763],[10.375,46.763],[10.375,46.76],[10.365,46.759],[10.362,46.756],[10.365,46.754],[10.374,46.752],[10.387,46.753],[10.388,46.751],[10.386,46.749],[10.38,46.746],[10.376,46.747],[10.374,46.745]]],[[[10.244,46.89],[10.243,46.888],[10.246,46.885],[10.253,46.881],[10.256,46.883],[10.253,46.885],[10.26,46.887],[10.266,46.885],[10.26,46.883],[10.258,46.88],[10.259,46.876],[10.255,46.869],[10.256,46.868],[10.259,46.871],[10.262,46.869],[10.255,46.858],[10.252,46.857],[10.243,46.863],[10.238,46.863],[10.239,46.868],[10.244,46.872],[10.243,46.874],[10.242,46.872],[10.233,46.869],[10.232,46.874],[10.233,46.877],[10.237,46.877],[10.239,46.879],[10.24,46.885],[10.234,46.887],[10.231,46.89],[10.236,46.894],[10.233,46.899],[10.235,46.901],[10.235,46.904],[10.24,46.903],[10.238,46.901],[10.248,46.898],[10.249,46.896],[10.247,46.892],[10.244,46.89]]],[[[10.226,46.863],[10.223,46.865],[10.218,46.863],[10.212,46.868],[10.232,46.868],[10.226,46.863]]],[[[10.159,46.842],[10.156,46.839],[10.153,46.841],[10.146,46.841],[10.143,46.842],[10.141,46.845],[10.147,46.852],[10.153,46.852],[10.163,46.849],[10.158,46.847],[10.159,46.842]]],[[[10.163,46.849],[10.166,46.852],[10.173,46.852],[10.173,46.856],[10.177,46.859],[10.18,46.858],[10.193,46.867],[10.213,46.866],[10.201,46.862],[10.2,46.859],[10.193,46.854],[10.187,46.853],[10.179,46.844],[10.173,46.848],[10.17,46.847],[10.169,46.844],[10.166,46.842],[10.164,46.844],[10.163,46.849]]],[[[10.06,46.8],[10.056,46.8],[10.05,46.804],[10.051,46.807],[10.047,46.815],[10.034,46.818],[10.034,46.82],[10.045,46.822],[10.053,46.827],[10.044,46.831],[10.041,46.834],[10.031,46.835],[10.026,46.839],[10.031,46.841],[10.038,46.839],[10.041,46.841],[10.051,46.842],[10.056,46.84],[10.051,46.838],[10.048,46.84],[10.042,46.836],[10.044,46.834],[10.048,46.834],[10.051,46.837],[10.054,46.837],[10.063,46.842],[10.059,46.845],[10.069,46.847],[10.065,46.85],[10.061,46.85],[10.055,46.855],[10.049,46.855],[10.042,46.859],[10.049,46.862],[10.059,46.86],[10.057,46.863],[10.069,46.863],[10.072,46.861],[10.089,46.86],[10.089,46.857],[10.092,46.855],[10.092,46.853],[10.096,46.851],[10.096,46.848],[10.107,46.84],[10.113,46.842],[10.117,46.84],[10.12,46.842],[10.121,46.841],[10.117,46.832],[10.119,46.83],[10.109,46.826],[10.106,46.83],[10.102,46.83],[10.104,46.832],[10.103,46.833],[10.093,46.834],[10.09,46.836],[10.082,46.833],[10.084,46.831],[10.083,46.83],[10.077,46.829],[10.073,46.826],[10.07,46.827],[10.064,46.834],[10.059,46.829],[10.067,46.828],[10.069,46.826],[10.069,46.824],[10.064,46.822],[10.063,46.819],[10.065,46.817],[10.064,46.815],[10.069,46.811],[10.066,46.809],[10.065,46.806],[10.067,46.804],[10.06,46.8]]],[[[10.04,46.778],[10.032,46.776],[10.028,46.777],[10.026,46.78],[10.03,46.782],[10.033,46.789],[10.016,46.788],[10.013,46.789],[10.029,46.795],[10.03,46.796],[10.026,46.798],[10.026,46.802],[10.035,46.805],[10.036,46.808],[10.039,46.807],[10.036,46.805],[10.043,46.802],[10.047,46.795],[10.046,46.791],[10.039,46.795],[10.036,46.793],[10.039,46.792],[10.037,46.789],[10.041,46.78],[10.04,46.778]]],[[[10.025,46.832],[10.021,46.834],[10.016,46.832],[10.011,46.833],[10.018,46.835],[10.021,46.838],[10.029,46.834],[10.025,46.832]]],[[[10.025,46.89],[10.022,46.89],[10.021,46.893],[10.018,46.892],[10.013,46.895],[10.024,46.897],[10.028,46.893],[10.025,46.89]]],[[[9.949,46.698],[9.953,46.698],[9.953,46.696],[9.956,46.695],[9.96,46.698],[9.961,46.701],[9.963,46.701],[9.966,46.704],[9.97,46.703],[9.972,46.7],[9.982,46.698],[9.985,46.701],[9.992,46.701],[9.996,46.7],[9.994,46.698],[9.995,46.697],[10.005,46.705],[10.012,46.704],[10.013,46.702],[10.004,46.695],[9.988,46.692],[9.985,46.695],[9.979,46.697],[9.975,46.695],[9.973,46.691],[9.97,46.689],[9.965,46.688],[9.962,46.69],[9.952,46.684],[9.946,46.688],[9.936,46.686],[9.929,46.689],[9.926,46.692],[9.929,46.699],[9.933,46.702],[9.936,46.7],[9.946,46.701],[9.949,46.698]]],[[[9.953,46.698],[9.956,46.7],[9.959,46.698],[9.953,46.698]]],[[[9.988,46.38],[9.983,46.379],[9.978,46.381],[9.977,46.386],[9.984,46.383],[9.987,46.385],[9.989,46.387],[9.986,46.389],[9.985,46.392],[9.987,46.397],[9.991,46.4],[9.994,46.396],[10.002,46.396],[10.002,46.394],[9.998,46.391],[9.994,46.391],[9.992,46.389],[9.991,46.383],[9.988,46.38]]],[[[9.998,46.355],[9.985,46.354],[9.978,46.358],[9.976,46.362],[9.97,46.362],[9.966,46.364],[9.965,46.37],[9.967,46.376],[9.974,46.38],[9.977,46.38],[9.98,46.375],[9.979,46.372],[9.98,46.367],[9.982,46.365],[9.984,46.365],[9.985,46.367],[9.993,46.367],[9.996,46.365],[9.998,46.362],[9.996,46.36],[9.998,46.355]]],[[[9.775,46.338],[9.767,46.337],[9.754,46.347],[9.751,46.347],[9.739,46.357],[9.74,46.359],[9.736,46.363],[9.745,46.363],[9.749,46.36],[9.758,46.357],[9.765,46.358],[9.767,46.36],[9.767,46.363],[9.77,46.365],[9.767,46.367],[9.769,46.377],[9.775,46.374],[9.775,46.371],[9.778,46.371],[9.788,46.365],[9.79,46.358],[9.794,46.357],[9.796,46.36],[9.801,46.36],[9.804,46.368],[9.818,46.368],[9.817,46.371],[9.809,46.378],[9.812,46.38],[9.809,46.382],[9.81,46.387],[9.824,46.387],[9.828,46.389],[9.84,46.382],[9.844,46.383],[9.847,46.386],[9.86,46.384],[9.862,46.385],[9.861,46.388],[9.857,46.393],[9.86,46.397],[9.864,46.398],[9.87,46.395],[9.877,46.394],[9.883,46.398],[9.89,46.397],[9.893,46.398],[9.9,46.396],[9.903,46.39],[9.906,46.391],[9.909,46.389],[9.913,46.394],[9.923,46.391],[9.923,46.395],[9.926,46.397],[9.932,46.395],[9.935,46.392],[9.942,46.392],[9.945,46.389],[9.945,46.392],[9.937,46.397],[9.937,46.4],[9.942,46.403],[9.946,46.402],[9.945,46.395],[9.955,46.402],[9.968,46.4],[9.975,46.404],[9.981,46.401],[9.981,46.39],[9.974,46.389],[9.972,46.383],[9.967,46.379],[9.964,46.381],[9.948,46.381],[9.944,46.378],[9.938,46.377],[9.928,46.369],[9.924,46.369],[9.919,46.373],[9.914,46.373],[9.906,46.383],[9.902,46.382],[9.899,46.379],[9.896,46.38],[9.886,46.374],[9.882,46.374],[9.872,46.364],[9.849,46.365],[9.844,46.363],[9.836,46.363],[9.83,46.361],[9.828,46.357],[9.823,46.354],[9.813,46.352],[9.808,46.348],[9.803,46.348],[9.8,46.345],[9.793,46.345],[9.775,46.338]]],[[[9.945,46.811],[9.942,46.814],[9.938,46.815],[9.932,46.814],[9.931,46.816],[9.932,46.817],[9.935,46.816],[9.941,46.818],[9.932,46.824],[9.931,46.825],[9.932,46.827],[9.942,46.824],[9.945,46.821],[9.949,46.822],[9.949,46.82],[9.956,46.818],[9.959,46.815],[9.955,46.815],[9.953,46.813],[9.945,46.811]]],[[[9.887,46.626],[9.877,46.623],[9.875,46.624],[9.879,46.626],[9.871,46.628],[9.871,46.63],[9.867,46.631],[9.881,46.632],[9.887,46.63],[9.887,46.626]]],[[[9.871,46.934],[9.865,46.932],[9.859,46.935],[9.855,46.934],[9.851,46.937],[9.856,46.942],[9.862,46.944],[9.869,46.94],[9.875,46.939],[9.871,46.937],[9.871,46.934]]],[[[9.644,46.289],[9.625,46.288],[9.625,46.291],[9.631,46.296],[9.631,46.298],[9.627,46.302],[9.629,46.304],[9.633,46.304],[9.636,46.301],[9.64,46.305],[9.642,46.31],[9.646,46.31],[9.649,46.308],[9.652,46.31],[9.659,46.308],[9.662,46.309],[9.656,46.311],[9.656,46.313],[9.662,46.315],[9.665,46.318],[9.663,46.32],[9.666,46.321],[9.669,46.319],[9.672,46.323],[9.682,46.326],[9.683,46.328],[9.681,46.331],[9.686,46.334],[9.691,46.333],[9.687,46.331],[9.687,46.328],[9.689,46.326],[9.687,46.322],[9.688,46.32],[9.692,46.323],[9.693,46.321],[9.693,46.317],[9.689,46.315],[9.691,46.305],[9.693,46.31],[9.7,46.317],[9.701,46.322],[9.705,46.322],[9.708,46.317],[9.712,46.319],[9.71,46.326],[9.712,46.333],[9.71,46.335],[9.713,46.337],[9.709,46.344],[9.713,46.35],[9.713,46.355],[9.719,46.356],[9.722,46.352],[9.725,46.353],[9.729,46.351],[9.739,46.356],[9.742,46.354],[9.738,46.353],[9.735,46.35],[9.722,46.349],[9.719,46.35],[9.716,46.348],[9.715,46.296],[9.71,46.295],[9.687,46.297],[9.681,46.301],[9.678,46.301],[9.675,46.305],[9.665,46.305],[9.663,46.304],[9.661,46.297],[9.652,46.297],[9.649,46.295],[9.65,46.293],[9.649,46.291],[9.644,46.289]]],[[[9.723,46.503],[9.719,46.515],[9.713,46.511],[9.706,46.513],[9.706,46.517],[9.713,46.518],[9.716,46.522],[9.721,46.521],[9.719,46.519],[9.723,46.52],[9.725999999999999,46.519000000000005],[9.725,46.521],[9.731,46.521],[9.729,46.519],[9.72600000000001,46.519],[9.729,46.518],[9.73,46.516],[9.725,46.512],[9.731,46.507],[9.725,46.507],[9.723,46.503]]],[[[9.701,46.524],[9.697,46.524],[9.696,46.526],[9.696,46.528],[9.699,46.531],[9.699,46.535],[9.694,46.537],[9.696,46.54],[9.691,46.547],[9.688,46.547],[9.687,46.549],[9.688,46.552],[9.691,46.55],[9.7,46.549],[9.702,46.546],[9.7,46.544],[9.703,46.537],[9.702,46.533],[9.707,46.531],[9.71,46.534],[9.714,46.533],[9.713,46.529],[9.71,46.529],[9.707,46.525],[9.703,46.526],[9.701,46.524]]],[[[9.671,46.414],[9.656,46.412],[9.657,46.415],[9.647,46.415],[9.645,46.417],[9.648,46.419],[9.648,46.421],[9.653,46.423],[9.66,46.429],[9.667,46.428],[9.669,46.43],[9.673,46.429],[9.68,46.431],[9.684,46.427],[9.684,46.425],[9.68,46.424],[9.673,46.425],[9.667,46.423],[9.662,46.419],[9.67,46.418],[9.671,46.414]]],[[[9.626,46.296],[9.623,46.298],[9.613,46.297],[9.609,46.298],[9.613,46.305],[9.62,46.306],[9.622,46.305],[9.621,46.303],[9.628,46.298],[9.626,46.296]]],[[[9.617,46.426],[9.611,46.425],[9.608,46.426],[9.606,46.431],[9.608,46.433],[9.618,46.433],[9.622,46.435],[9.625,46.435],[9.627,46.433],[9.621,46.431],[9.617,46.426]]],[[[9.522,46.367],[9.515,46.37],[9.505,46.369],[9.502,46.367],[9.492,46.367],[9.489,46.37],[9.482,46.369],[9.463,46.377],[9.462,46.38],[9.465,46.382],[9.466,46.386],[9.469,46.389],[9.466,46.391],[9.467,46.398],[9.466,46.404],[9.468,46.411],[9.474,46.409],[9.484,46.412],[9.486,46.411],[9.484,46.409],[9.484,46.395],[9.474,46.384],[9.476,46.382],[9.476,46.378],[9.477,46.38],[9.48,46.38],[9.499,46.39],[9.503,46.386],[9.509,46.386],[9.512,46.388],[9.519,46.386],[9.522,46.387],[9.528,46.384],[9.534,46.387],[9.528,46.394],[9.53,46.397],[9.529,46.399],[9.526,46.395],[9.515,46.399],[9.523,46.4],[9.526,46.403],[9.524,46.406],[9.525,46.408],[9.516,46.415],[9.524,46.417],[9.526,46.419],[9.525,46.421],[9.527,46.424],[9.53,46.424],[9.53,46.421],[9.536,46.417],[9.534,46.412],[9.537,46.41],[9.539,46.404],[9.549,46.404],[9.552,46.402],[9.556,46.403],[9.557,46.405],[9.556,46.407],[9.558,46.41],[9.569,46.411],[9.569,46.415],[9.565,46.417],[9.571,46.418],[9.576,46.423],[9.576,46.425],[9.582,46.427],[9.589,46.423],[9.583,46.418],[9.585,46.415],[9.602,46.415],[9.608,46.422],[9.615,46.423],[9.618,46.426],[9.626,46.417],[9.621,46.416],[9.618,46.421],[9.61,46.418],[9.605,46.411],[9.608,46.41],[9.611,46.411],[9.614,46.408],[9.614,46.406],[9.604,46.407],[9.598,46.412],[9.591,46.405],[9.585,46.402],[9.586,46.4],[9.583,46.396],[9.6,46.386],[9.591,46.377],[9.587,46.376],[9.58,46.377],[9.571,46.373],[9.56,46.371],[9.545,46.372],[9.541,46.37],[9.529,46.37],[9.522,46.367]],[[9.529,46.399],[9.531,46.401],[9.528,46.401],[9.529,46.399]],[[9.564,46.384],[9.574,46.388],[9.584,46.387],[9.586,46.389],[9.581,46.39],[9.574,46.389],[9.571,46.387],[9.568,46.388],[9.564,46.386],[9.564,46.384]]],[[[9.467,46.411],[9.464,46.411],[9.464,46.414],[9.458,46.418],[9.458,46.423],[9.461,46.42],[9.465,46.42],[9.468,46.422],[9.474,46.418],[9.467,46.411]]],[[[9.384,46.516],[9.387,46.516],[9.39,46.519],[9.395,46.518],[9.39,46.515],[9.384,46.516]]],[[[9.384,46.516],[9.386,46.514],[9.38,46.51],[9.377,46.517],[9.384,46.516]]],[[[9.132,46.853],[9.127,46.852],[9.126,46.855],[9.129,46.858],[9.124,46.858],[9.122,46.86],[9.13,46.862],[9.132,46.867],[9.144,46.876],[9.146,46.878],[9.144,46.882],[9.154,46.884],[9.171,46.892],[9.173,46.888],[9.184,46.889],[9.186,46.888],[9.186,46.886],[9.19,46.885],[9.193,46.886],[9.188,46.888],[9.19,46.889],[9.202,46.89],[9.2,46.896],[9.204,46.895],[9.207,46.897],[9.214,46.897],[9.218,46.892],[9.215,46.89],[9.217,46.888],[9.22,46.889],[9.223,46.888],[9.22,46.886],[9.23,46.876],[9.233,46.875],[9.232,46.871],[9.229,46.872],[9.23,46.87],[9.229,46.869],[9.219,46.869],[9.213,46.871],[9.203,46.866],[9.196,46.867],[9.193,46.864],[9.184,46.864],[9.176,46.862],[9.173,46.864],[9.17,46.86],[9.163,46.863],[9.157,46.86],[9.155,46.862],[9.144,46.863],[9.14,46.862],[9.143,46.86],[9.14,46.854],[9.137,46.854],[9.134,46.857],[9.132,46.853]]],[[[9.214,46.897],[9.211,46.899],[9.217,46.906],[9.214,46.908],[9.224,46.911],[9.231,46.91],[9.236,46.912],[9.231,46.915],[9.237,46.915],[9.241,46.917],[9.245,46.926],[9.251,46.928],[9.254,46.924],[9.26,46.923],[9.267,46.919],[9.268,46.918],[9.266,46.916],[9.271,46.914],[9.272,46.909],[9.28,46.91],[9.286,46.909],[9.288,46.907],[9.283,46.907],[9.282,46.903],[9.276,46.896],[9.272,46.9],[9.274,46.905],[9.267,46.907],[9.267,46.91],[9.265,46.91],[9.266,46.907],[9.269,46.905],[9.266,46.901],[9.262,46.901],[9.264,46.887],[9.262,46.884],[9.27,46.885],[9.271,46.882],[9.287,46.88],[9.285,46.879],[9.269,46.878],[9.256,46.882],[9.243,46.88],[9.23,46.888],[9.231,46.883],[9.229,46.883],[9.223,46.888],[9.224,46.89],[9.219,46.895],[9.224,46.9],[9.224,46.905],[9.214,46.897]]],[[[9.276,46.896],[9.273,46.893],[9.266,46.894],[9.264,46.896],[9.266,46.9],[9.276,46.896]]],[[[9.286,46.909],[9.32,46.909],[9.324,46.906],[9.335,46.904],[9.339,46.906],[9.348,46.902],[9.361,46.899],[9.348,46.898],[9.345,46.895],[9.344,46.899],[9.339,46.902],[9.332,46.903],[9.33,46.902],[9.332,46.9],[9.335,46.901],[9.336,46.897],[9.335,46.895],[9.328,46.892],[9.327,46.9],[9.315,46.902],[9.309,46.906],[9.293,46.905],[9.29,46.908],[9.286,46.909]]],[[[9.361,46.899],[9.368,46.9],[9.375,46.898],[9.361,46.899]]],[[[9.26,46.923],[9.255,46.925],[9.254,46.929],[9.251,46.928],[9.251,46.933],[9.264,46.931],[9.265,46.93],[9.263,46.928],[9.264,46.925],[9.26,46.923]]],[[[9.349,46.883],[9.342,46.884],[9.347,46.886],[9.348,46.89],[9.346,46.892],[9.346,46.895],[9.349,46.895],[9.352,46.892],[9.349,46.89],[9.353,46.886],[9.349,46.883]]],[[[9.257,46.997],[9.253,46.996],[9.25,46.999],[9.247,46.997],[9.245,46.998],[9.246,47.002],[9.243,47.011],[9.241,47.014],[9.237,47.015],[9.236,47.018],[9.236,47.02],[9.239,47.022],[9.238,47.023],[9.234,47.022],[9.231,47.024],[9.229,47.023],[9.23,47.018],[9.224,47.018],[9.224,47.023],[9.222,47.02],[9.214,47.016],[9.214,47.021],[9.218,47.023],[9.215,47.027],[9.212,47.027],[9.215,47.03],[9.221,47.032],[9.231,47.033],[9.233,47.034],[9.232,47.036],[9.235,47.038],[9.242,47.038],[9.254,47.033],[9.247,47.023],[9.247,47.021],[9.251,47.018],[9.256,47.018],[9.257,47.016],[9.281,47.015],[9.277,47.013],[9.278,47.011],[9.277,47.008],[9.27,47.009],[9.264,47.006],[9.253,47.004],[9.253,47.002],[9.257,47.0],[9.257,46.997]]],[[[9.251,46.451],[9.245,46.449],[9.241,46.453],[9.245,46.455],[9.258,46.455],[9.258,46.458],[9.268,46.462],[9.27,46.466],[9.266,46.471],[9.275,46.478],[9.276,46.475],[9.272,46.473],[9.272,46.466],[9.275,46.464],[9.27,46.46],[9.271,46.457],[9.261,46.451],[9.251,46.451]]],[[[9.231,46.467],[9.225,46.469],[9.224,46.474],[9.222,46.476],[9.223,46.483],[9.222,46.485],[9.226,46.487],[9.23,46.487],[9.227,46.485],[9.229,46.478],[9.233,46.478],[9.236,46.481],[9.239,46.48],[9.236,46.476],[9.231,46.474],[9.234,46.469],[9.231,46.467]]],[[[9.035,46.836],[9.04,46.85],[9.037,46.85],[9.038,46.845],[9.031,46.837],[9.029,46.841],[9.031,46.843],[9.028,46.845],[9.028,46.849],[9.03,46.85],[9.029,46.855],[9.019,46.859],[9.015,46.859],[9.016,46.862],[9.019,46.864],[9.022,46.862],[9.032,46.862],[9.035,46.864],[9.037,46.861],[9.038,46.853],[9.042,46.852],[9.045,46.855],[9.051,46.849],[9.052,46.85],[9.048,46.857],[9.05,46.861],[9.049,46.865],[9.045,46.86],[9.042,46.861],[9.039,46.866],[9.032,46.868],[9.026,46.867],[9.023,46.868],[9.024,46.873],[9.023,46.875],[9.019,46.876],[9.019,46.878],[9.026,46.878],[9.029,46.877],[9.032,46.873],[9.046,46.871],[9.054,46.874],[9.056,46.877],[9.062,46.88],[9.069,46.882],[9.071,46.879],[9.075,46.878],[9.088,46.879],[9.108,46.872],[9.111,46.868],[9.116,46.867],[9.111,46.864],[9.104,46.865],[9.107,46.859],[9.121,46.857],[9.122,46.855],[9.111,46.851],[9.107,46.851],[9.101,46.857],[9.094,46.858],[9.081,46.863],[9.075,46.867],[9.077,46.865],[9.076,46.863],[9.085,46.858],[9.081,46.853],[9.075,46.858],[9.075,46.86],[9.073,46.858],[9.075,46.852],[9.069,46.843],[9.071,46.84],[9.076,46.838],[9.074,46.836],[9.07,46.836],[9.074,46.835],[9.077,46.837],[9.081,46.835],[9.077,46.833],[9.061,46.833],[9.058,46.835],[9.051,46.834],[9.044,46.827],[9.038,46.826],[9.034,46.828],[9.031,46.826],[9.028,46.827],[9.026,46.828],[9.025,46.832],[9.028,46.834],[9.031,46.833],[9.035,46.836]],[[9.035,46.836],[9.038,46.834],[9.038,46.835],[9.035,46.836]]],[[[9.077,46.915],[9.075,46.915],[9.076,46.919],[9.087,46.923],[9.09,46.926],[9.093,46.923],[9.093,46.921],[9.077,46.917],[9.077,46.915]]],[[[9.093,46.921],[9.096,46.923],[9.096,46.92],[9.093,46.921]]],[[[9.086,46.474],[9.089,46.474],[9.083,46.473],[9.075,46.476],[9.077,46.481],[9.073,46.482],[9.059,46.479],[9.057,46.477],[9.053,46.48],[9.05,46.479],[9.047,46.483],[9.049,46.49],[9.047,46.492],[9.041,46.492],[9.047,46.496],[9.051,46.492],[9.057,46.495],[9.064,46.495],[9.067,46.492],[9.073,46.493],[9.076,46.492],[9.076,46.485],[9.086,46.488],[9.093,46.478],[9.085,46.476],[9.086,46.474]]],[[[9.089,46.474],[9.092,46.475],[9.095,46.471],[9.092,46.468],[9.088,46.471],[9.089,46.474]]],[[[9.068,46.523],[9.061,46.515],[9.057,46.517],[9.056,46.526],[9.065,46.531],[9.066,46.53],[9.065,46.528],[9.068,46.526],[9.068,46.523]]],[[[9.044,46.497],[9.038,46.493],[9.034,46.494],[9.031,46.497],[9.026,46.497],[9.031,46.499],[9.028,46.502],[9.018,46.504],[9.024,46.506],[9.021,46.511],[9.027,46.513],[9.029,46.51],[9.028,46.507],[9.03,46.506],[9.032,46.506],[9.035,46.509],[9.045,46.509],[9.046,46.508],[9.044,46.506],[9.044,46.503],[9.047,46.501],[9.044,46.497]]],[[[8.978,46.988],[8.968,46.988],[8.967,46.99],[8.972,46.993],[8.984,46.996],[8.98,47.0],[8.977,46.999],[8.974,47.0],[8.973,47.002],[8.987,47.008],[8.989,47.01],[8.987,47.013],[9.0,47.014],[9.007,47.01],[9.017,47.012],[9.019,47.01],[9.011,47.008],[9.013,47.003],[9.0,47.003],[9.002,46.999],[8.993,46.995],[8.988,46.995],[8.984,46.99],[8.978,46.988]]],[[[8.995,46.826],[8.985,46.825],[8.978,46.835],[8.982,46.837],[8.979,46.842],[8.979,46.847],[8.981,46.844],[8.994,46.842],[8.989,46.84],[8.984,46.835],[8.985,46.834],[8.995,46.838],[8.999,46.837],[8.994,46.83],[8.997,46.828],[8.995,46.826]]],[[[8.968,46.8],[8.955,46.799],[8.957,46.804],[8.95,46.806],[8.955,46.807],[8.959,46.81],[8.959,46.813],[8.965,46.816],[8.973,46.817],[8.978,46.821],[8.982,46.822],[8.983,46.819],[8.989,46.817],[8.99,46.815],[8.985,46.811],[8.975,46.811],[8.973,46.81],[8.975,46.808],[8.972,46.806],[8.968,46.807],[8.967,46.806],[8.97,46.804],[8.968,46.8]]],[[[8.973,46.626],[8.967,46.63],[8.967,46.633],[8.972,46.635],[8.973,46.638],[8.977,46.637],[8.975,46.635],[8.976,46.634],[8.984,46.633],[8.987,46.63],[8.983,46.627],[8.973,46.626]]],[[[8.959,46.601],[8.953,46.601],[8.953,46.603],[8.948,46.606],[8.953,46.61],[8.965,46.61],[8.969,46.612],[8.981,46.608],[8.976,46.605],[8.966,46.605],[8.959,46.601]]],[[[8.904,46.969],[8.911,46.971],[8.918,46.969],[8.917,46.966],[8.911,46.964],[8.917,46.961],[8.92,46.965],[8.924,46.967],[8.925,46.971],[8.93,46.975],[8.931,46.973],[8.934,46.972],[8.94,46.975],[8.945,46.97],[8.94,46.968],[8.941,46.966],[8.94,46.965],[8.937142857142856,46.965714285714284],[8.94,46.96],[8.941,46.964],[8.95,46.969],[8.956,46.965],[8.966,46.963],[8.968,46.961],[8.96,46.954],[8.96,46.952],[8.954,46.946],[8.952,46.939],[8.954,46.934],[8.951,46.934],[8.948,46.937],[8.948,46.939],[8.951,46.941],[8.943,46.946],[8.939,46.939],[8.933,46.935],[8.926,46.934],[8.916,46.934],[8.914,46.939],[8.918,46.942],[8.9,46.942],[8.89,46.94],[8.885,46.942],[8.893,46.944],[8.9,46.948],[8.905,46.948],[8.907,46.951],[8.9,46.949],[8.896,46.951],[8.88,46.951],[8.877,46.953],[8.876,46.958],[8.901,46.965],[8.904,46.969]],[[8.936666666666667,46.965833333333336],[8.936,46.966],[8.929,46.962],[8.936666666666667,46.965833333333336]]],[[[8.904,46.969],[8.903,46.971],[8.898,46.973],[8.882,46.973],[8.879,46.978],[8.878,46.98],[8.88,46.985],[8.878,46.994],[8.887,46.998],[8.887,47.005],[8.892,47.003],[8.902,47.003],[8.908,47.007],[8.91,47.002],[8.915,47.0],[8.918,46.995],[8.921,46.999],[8.925,46.998],[8.924,46.993],[8.925,46.989],[8.931,46.986],[8.921,46.979],[8.917,46.978],[8.913,46.975],[8.911,46.971],[8.906,46.971],[8.904,46.969]]],[[[8.924,46.993],[8.928,46.994],[8.928,46.992],[8.924,46.993]]],[[[8.953,46.619],[8.956,46.621],[8.958,46.619],[8.953,46.619]]],[[[8.953,46.619],[8.947,46.619],[8.946,46.62],[8.949,46.624],[8.947,46.625],[8.945,46.624],[8.946,46.622],[8.94,46.621],[8.932,46.626],[8.934,46.631],[8.947,46.628],[8.95,46.629],[8.951,46.633],[8.954,46.635],[8.959,46.631],[8.959,46.628],[8.962,46.626],[8.957,46.624],[8.953,46.619]]],[[[8.802,46.826],[8.803,46.831],[8.805,46.833],[8.801,46.835],[8.798,46.84],[8.801,46.842],[8.815,46.845],[8.825,46.851],[8.835,46.851],[8.838,46.854],[8.842,46.851],[8.841,46.844],[8.838,46.842],[8.84,46.841],[8.845,46.845],[8.846,46.848],[8.846,46.852],[8.841,46.855],[8.843,46.857],[8.841,46.859],[8.841,46.862],[8.849,46.862],[8.853,46.866],[8.858,46.868],[8.86,46.866],[8.859,46.859],[8.861,46.856],[8.871,46.856],[8.875,46.859],[8.878,46.859],[8.881,46.855],[8.888,46.861],[8.891,46.859],[8.897,46.861],[8.894,46.863],[8.898,46.864],[8.902,46.863],[8.904,46.858],[8.911,46.865],[8.914,46.873],[8.918,46.875],[8.918,46.872],[8.926,46.867],[8.924,46.864],[8.916,46.861],[8.917,46.86],[8.928,46.86],[8.934,46.863],[8.941,46.86],[8.937,46.858],[8.937,46.856],[8.943,46.853],[8.933,46.852],[8.93,46.853],[8.924,46.849],[8.917,46.85],[8.914,46.848],[8.91,46.849],[8.91,46.852],[8.903,46.845],[8.903,46.843],[8.897,46.841],[8.902,46.838],[8.899,46.829],[8.9,46.828],[8.904,46.827],[8.91,46.829],[8.913,46.826],[8.916,46.829],[8.919,46.827],[8.915,46.82],[8.919,46.82],[8.923,46.823],[8.926,46.82],[8.925,46.818],[8.928,46.815],[8.928,46.813],[8.932,46.811],[8.931,46.809],[8.932,46.808],[8.939,46.809],[8.941,46.811],[8.946,46.811],[8.948,46.808],[8.945,46.806],[8.95,46.804],[8.946,46.802],[8.942,46.803],[8.939,46.801],[8.935,46.797],[8.939,46.795],[8.939,46.793],[8.935,46.791],[8.932,46.795],[8.929,46.792],[8.925,46.792],[8.919,46.788],[8.912,46.791],[8.914,46.793],[8.91,46.798],[8.913,46.8],[8.909,46.8],[8.909,46.798],[8.902,46.795],[8.9,46.798],[8.904,46.8],[8.899,46.803],[8.903,46.805],[8.893,46.807],[8.89,46.81],[8.882,46.809],[8.886,46.805],[8.884,46.8],[8.88,46.799],[8.874,46.8],[8.872,46.803],[8.873,46.805],[8.867,46.807],[8.87,46.805],[8.869,46.803],[8.861,46.801],[8.861,46.798],[8.866,46.796],[8.863,46.796],[8.86,46.792],[8.87,46.785],[8.869,46.783],[8.86,46.783],[8.857,46.785],[8.858,46.787],[8.857,46.789],[8.859,46.792],[8.855,46.794],[8.856,46.796],[8.85,46.798],[8.854,46.789],[8.85,46.788],[8.848,46.789],[8.847,46.793],[8.845,46.787],[8.837,46.784],[8.833,46.785],[8.831,46.787],[8.834,46.79],[8.834,46.795],[8.824000000000002,46.79],[8.829,46.787],[8.83,46.782],[8.829,46.778],[8.826,46.776],[8.827,46.775],[8.83,46.778],[8.838,46.772],[8.836,46.769],[8.849,46.765],[8.843,46.763],[8.836,46.755],[8.833,46.757],[8.831,46.756],[8.833,46.753],[8.821,46.752],[8.819,46.75],[8.816,46.753],[8.811,46.754],[8.815,46.756],[8.816,46.759],[8.82,46.76],[8.816,46.762],[8.815,46.77],[8.816,46.772],[8.813,46.776],[8.816,46.781],[8.816,46.785],[8.814,46.788],[8.818,46.792],[8.816,46.794],[8.824,46.799],[8.822,46.803],[8.818,46.806],[8.839,46.812],[8.831,46.822],[8.828,46.821],[8.821,46.822],[8.819,46.819],[8.811,46.816],[8.81,46.819],[8.805,46.82],[8.798,46.813],[8.788,46.809],[8.778,46.81],[8.773,46.813],[8.775,46.815],[8.778,46.814],[8.79,46.819],[8.791,46.822],[8.79,46.826],[8.798,46.829],[8.801,46.828],[8.802,46.826]],[[8.903,46.805],[8.909,46.803],[8.914,46.807],[8.909,46.811],[8.903,46.811],[8.903,46.809],[8.907,46.807],[8.906,46.805],[8.903,46.805]],[[8.903,46.811],[8.9,46.813],[8.898,46.811],[8.903,46.811]],[[8.798499999999997,46.82366666666667],[8.796,46.822],[8.798,46.821],[8.801,46.822],[8.798499999999997,46.82366666666667]]],[[[8.929,46.92],[8.916,46.915],[8.912,46.917],[8.919,46.919],[8.922,46.921],[8.922,46.923],[8.927,46.926],[8.936,46.929],[8.942,46.934],[8.942,46.936],[8.946,46.935],[8.944,46.932],[8.946,46.932],[8.95,46.928],[8.942,46.925],[8.938,46.926],[8.929,46.92]]],[[[8.94,46.779],[8.938,46.778],[8.935,46.781],[8.925,46.784],[8.925,46.786],[8.932,46.787],[8.935,46.785],[8.938,46.786],[8.938,46.79],[8.945,46.789],[8.945,46.787],[8.941,46.786],[8.942,46.784],[8.94,46.779]]],[[[8.916,46.595],[8.911,46.595],[8.912,46.597],[8.911,46.6],[8.907,46.6],[8.901,46.606],[8.895,46.607],[8.896,46.609],[8.894,46.61],[8.891,46.611],[8.888,46.609],[8.881,46.611],[8.879,46.614],[8.882,46.616],[8.882,46.62],[8.88,46.623],[8.884,46.625],[8.888,46.624],[8.891,46.626],[8.895,46.624],[8.898,46.629],[8.904,46.625],[8.906,46.627],[8.905,46.631],[8.911,46.633],[8.914,46.636],[8.914,46.638],[8.921,46.638],[8.924,46.636],[8.925,46.631],[8.929,46.629],[8.93,46.626],[8.933,46.624],[8.932,46.622],[8.921,46.623],[8.919,46.622],[8.917,46.617],[8.914,46.616],[8.913,46.613],[8.906,46.611],[8.92,46.603],[8.915,46.597],[8.916,46.595]]],[[[8.903,46.584],[8.893,46.586],[8.89,46.589],[8.897,46.59],[8.9,46.589],[8.903,46.591],[8.903,46.593],[8.91,46.595],[8.912,46.593],[8.903,46.584]]],[[[8.882,46.899],[8.871,46.897],[8.871,46.899],[8.869,46.9],[8.862,46.902],[8.866,46.905],[8.873,46.903],[8.876,46.905],[8.883,46.904],[8.882,46.899]]],[[[8.868,46.573],[8.861,46.573],[8.865,46.576],[8.857,46.576],[8.856,46.578],[8.86,46.58],[8.864,46.579],[8.863,46.582],[8.868,46.585],[8.881,46.582],[8.883,46.58],[8.87,46.577],[8.868,46.576],[8.868,46.573]]],[[[8.856,46.879],[8.842,46.881],[8.843,46.884],[8.84,46.886],[8.843,46.888],[8.849,46.888],[8.854,46.886],[8.858,46.891],[8.869,46.896],[8.869,46.884],[8.856,46.879]]],[[[8.854,46.567],[8.831,46.567],[8.834,46.572],[8.841,46.576],[8.845,46.574],[8.846,46.571],[8.843,46.569],[8.851,46.57],[8.854,46.567]]],[[[8.773,46.723],[8.765,46.723],[8.769,46.725],[8.77,46.73],[8.767,46.732],[8.763,46.731],[8.761,46.734],[8.768,46.739],[8.768,46.741],[8.764,46.743],[8.762,46.746],[8.766,46.75],[8.764,46.752],[8.76,46.752],[8.768,46.754],[8.766,46.757],[8.767,46.758],[8.777,46.755],[8.78,46.751],[8.787,46.751],[8.789,46.745],[8.793,46.743],[8.796,46.745],[8.793,46.747],[8.793,46.751],[8.799,46.754],[8.803,46.748],[8.81,46.747],[8.816,46.75],[8.819,46.746],[8.823,46.749],[8.836,46.749],[8.846,46.753],[8.846,46.749],[8.836,46.745],[8.842,46.742],[8.834,46.738],[8.836,46.736],[8.835,46.734],[8.819,46.735],[8.816,46.739],[8.809,46.738],[8.808,46.736],[8.801,46.732],[8.804,46.727],[8.799,46.726],[8.793,46.729],[8.789,46.726],[8.786,46.728],[8.786,46.726],[8.789,46.723],[8.793,46.722],[8.794,46.72],[8.789,46.718],[8.789,46.716],[8.786,46.717],[8.784,46.721],[8.781,46.721],[8.779,46.719],[8.773,46.723]],[[8.773,46.723],[8.775,46.725],[8.773,46.726],[8.773,46.723]]],[[[8.81,46.747],[8.808,46.752],[8.81,46.754],[8.812,46.752],[8.812,46.749],[8.81,46.747]]],[[[8.784,46.601],[8.765,46.599],[8.761,46.602],[8.763,46.605],[8.767,46.603],[8.776,46.606],[8.775,46.608],[8.777,46.609],[8.777,46.611],[8.773,46.609],[8.769,46.613],[8.77,46.615],[8.775,46.617],[8.775,46.622],[8.777,46.623],[8.783,46.62],[8.794,46.619],[8.787,46.617],[8.785,46.615],[8.788,46.613],[8.787,46.61],[8.781,46.608],[8.785,46.604],[8.784,46.601]]],[[[8.617,46.558],[8.604,46.556],[8.605,46.558],[8.6,46.561],[8.601,46.563],[8.609,46.564],[8.616,46.562],[8.62,46.565],[8.618,46.569],[8.621,46.572],[8.619,46.573],[8.616,46.57],[8.609,46.573],[8.606,46.572],[8.6,46.575],[8.593,46.57],[8.59,46.57],[8.577,46.581],[8.584,46.584],[8.587,46.58],[8.589,46.583],[8.597,46.583],[8.6,46.586],[8.607,46.583],[8.605,46.588],[8.596,46.592],[8.602,46.594],[8.605,46.597],[8.603,46.599],[8.597,46.598],[8.59,46.601],[8.591,46.606],[8.6,46.607],[8.604,46.605],[8.61,46.607],[8.613,46.605],[8.615,46.601],[8.62,46.6],[8.625,46.592],[8.628,46.59],[8.625,46.587],[8.626,46.586],[8.629,46.588],[8.645,46.585],[8.645,46.575],[8.647,46.576],[8.648,46.58],[8.652,46.583],[8.654,46.587],[8.659,46.59],[8.675,46.587],[8.679,46.594],[8.685,46.598],[8.688,46.595],[8.695,46.599],[8.7,46.593],[8.707,46.589],[8.704,46.587],[8.704,46.585],[8.708,46.588],[8.709,46.582],[8.705,46.58],[8.707,46.579],[8.711,46.581],[8.717,46.588],[8.724,46.587],[8.727,46.59],[8.733,46.586],[8.727,46.584],[8.724,46.586],[8.724,46.583],[8.73,46.581],[8.734,46.583],[8.737,46.581],[8.741,46.584],[8.747,46.593],[8.752,46.584],[8.747,46.582],[8.748,46.579],[8.746,46.575],[8.74,46.574],[8.737,46.576],[8.729,46.575],[8.724,46.577],[8.72,46.574],[8.715,46.573],[8.714,46.57],[8.707,46.57],[8.704,46.576],[8.703,46.569],[8.709,46.564],[8.704,46.561],[8.694,46.564],[8.694,46.566],[8.691,46.566],[8.686,46.571],[8.694,46.575],[8.693,46.58],[8.691,46.582],[8.672,46.582],[8.661,46.576],[8.662,46.574],[8.668,46.573],[8.655,46.574],[8.654,46.571],[8.652,46.57],[8.642,46.567],[8.635,46.567],[8.617,46.558]]],[[[8.746,46.575],[8.753,46.579],[8.756,46.576],[8.76,46.576],[8.759,46.574],[8.756,46.573],[8.75,46.573],[8.746,46.575]]],[[[8.753,46.579],[8.751,46.581],[8.753,46.583],[8.763,46.583],[8.767,46.581],[8.766,46.578],[8.76,46.577],[8.756,46.58],[8.753,46.579]]],[[[8.76,46.561],[8.746,46.555],[8.74,46.558],[8.729,46.557],[8.721,46.562],[8.727,46.565],[8.736,46.565],[8.76,46.561]]],[[[8.741,46.705],[8.739,46.705],[8.739,46.708],[8.734,46.71],[8.733,46.713],[8.743,46.72],[8.746,46.716],[8.743,46.714],[8.748,46.712],[8.746,46.707],[8.743,46.709],[8.741,46.708],[8.741,46.705]]],[[[8.738,46.429],[8.736,46.428],[8.73,46.429],[8.728,46.431],[8.723,46.432],[8.719,46.436],[8.724,46.44],[8.727,46.438],[8.732,46.438],[8.732,46.435],[8.738,46.431],[8.738,46.429]]],[[[8.697,46.692],[8.694,46.691],[8.687,46.695],[8.689,46.692],[8.687,46.69],[8.681,46.692],[8.681,46.695],[8.678,46.697],[8.678,46.699],[8.681,46.702],[8.685,46.699],[8.691,46.699],[8.691,46.713],[8.694,46.715],[8.702,46.715],[8.697,46.713],[8.697,46.71],[8.704,46.713],[8.707,46.708],[8.704,46.706],[8.7,46.706],[8.704,46.702],[8.705,46.706],[8.71,46.706],[8.709,46.701],[8.698,46.697],[8.697,46.692]],[[8.697,46.71],[8.692,46.708],[8.694,46.707],[8.697,46.71]]],[[[8.646,46.601],[8.646,46.599],[8.643,46.6],[8.633,46.599],[8.627,46.601],[8.625,46.605],[8.627,46.608],[8.632,46.605],[8.636,46.606],[8.639,46.602],[8.646,46.601]]],[[[8.611,46.464],[8.607,46.462],[8.597,46.469],[8.58,46.471],[8.588,46.472],[8.591,46.475],[8.594,46.472],[8.597,46.473],[8.601,46.471],[8.61,46.47],[8.612,46.468],[8.611,46.464]]],[[[8.439,46.74],[8.436,46.737],[8.429,46.74],[8.427,46.743],[8.423,46.744],[8.42,46.742],[8.413,46.742],[8.413,46.745],[8.407,46.747],[8.413,46.749],[8.414,46.751],[8.41,46.752],[8.409,46.754],[8.424,46.76],[8.425,46.767],[8.438,46.771],[8.444,46.78],[8.447,46.779],[8.453,46.781],[8.46,46.779],[8.463,46.78],[8.463,46.782],[8.467,46.777],[8.47,46.777],[8.48,46.781],[8.486,46.78],[8.486,46.785],[8.509,46.789],[8.512,46.795],[8.511,46.798],[8.524,46.8],[8.517,46.804],[8.52,46.811],[8.519,46.813],[8.525,46.815],[8.524,46.818],[8.526,46.819],[8.543,46.82],[8.544,46.818],[8.537,46.813],[8.536,46.81],[8.529,46.806],[8.529,46.799],[8.532,46.801],[8.536,46.801],[8.545,46.795],[8.562,46.795],[8.56,46.79],[8.562,46.789],[8.565,46.79],[8.567,46.788],[8.578,46.789],[8.581,46.788],[8.575,46.787],[8.566,46.781],[8.566,46.777],[8.569,46.775],[8.568,46.773],[8.561,46.774],[8.561,46.777],[8.555,46.782],[8.548,46.782],[8.543,46.775],[8.543,46.77],[8.548,46.768],[8.545,46.766],[8.541,46.766],[8.545,46.759],[8.541,46.759],[8.538,46.757],[8.534,46.761],[8.532,46.768],[8.529,46.769],[8.522,46.765],[8.519,46.773],[8.512,46.77],[8.504,46.771],[8.506,46.772],[8.506,46.776],[8.5,46.775],[8.502,46.771],[8.499,46.769],[8.49,46.769],[8.491,46.771],[8.489,46.773],[8.488,46.766],[8.491,46.764],[8.489,46.763],[8.483,46.762],[8.476,46.764],[8.476,46.76],[8.483,46.758],[8.486,46.755],[8.492,46.756],[8.492,46.754],[8.478,46.755],[8.476,46.757],[8.473,46.756],[8.471,46.758],[8.466,46.759],[8.456,46.756],[8.452,46.76],[8.446,46.762],[8.456,46.755],[8.458,46.749],[8.454,46.746],[8.456,46.744],[8.443,46.738],[8.44,46.742],[8.44,46.745],[8.439,46.74]]],[[[8.467,46.465],[8.474,46.465],[8.477,46.463],[8.47,46.462],[8.467,46.465]]],[[[8.477,46.463],[8.48,46.465],[8.475,46.472],[8.478,46.472],[8.48,46.47],[8.487,46.47],[8.491,46.474],[8.489,46.476],[8.49,46.478],[8.493,46.48],[8.498,46.476],[8.503,46.475],[8.51,46.478],[8.513,46.477],[8.523,46.48],[8.526,46.475],[8.539,46.479],[8.548,46.478],[8.548,46.476],[8.545,46.473],[8.548,46.469],[8.55,46.469],[8.559,46.477],[8.568,46.474],[8.576,46.478],[8.576,46.475],[8.578,46.473],[8.565,46.472],[8.562,46.469],[8.548,46.465],[8.542,46.465],[8.539,46.461],[8.534,46.462],[8.537,46.465],[8.537,46.467],[8.532,46.465],[8.529,46.467],[8.531,46.469],[8.529,46.47],[8.519,46.465],[8.511,46.467],[8.506,46.465],[8.503,46.461],[8.5,46.465],[8.496,46.465],[8.491,46.463],[8.493,46.458],[8.492,46.456],[8.503,46.451],[8.483,46.446],[8.477,46.446],[8.474,46.445],[8.47,46.441],[8.463,46.447],[8.462,46.454],[8.48,46.461],[8.477,46.463]]],[[[8.519,46.465],[8.524,46.462],[8.518,46.462],[8.519,46.465]]],[[[8.558,46.426],[8.557,46.425],[8.55,46.426],[8.548,46.431],[8.544,46.435],[8.535,46.438],[8.535,46.442],[8.538,46.442],[8.542,46.444],[8.542,46.446],[8.545,46.448],[8.548,46.447],[8.549,46.449],[8.543,46.453],[8.547,46.455],[8.545,46.457],[8.542,46.456],[8.54,46.46],[8.542,46.462],[8.552,46.458],[8.555,46.46],[8.559,46.46],[8.561,46.462],[8.571,46.46],[8.572,46.457],[8.554,46.453],[8.559,46.449],[8.557,46.446],[8.55,46.442],[8.558,46.44],[8.554,46.435],[8.553,46.431],[8.558,46.426]]],[[[8.308,46.689],[8.304,46.687],[8.304,46.691],[8.302,46.694],[8.305,46.696],[8.294,46.698],[8.302,46.699],[8.305,46.702],[8.31,46.7],[8.311,46.695],[8.322,46.694],[8.334,46.689],[8.328,46.687],[8.321,46.688],[8.318,46.687],[8.308,46.689]]],[[[8.334,46.689],[8.337,46.69],[8.34,46.689],[8.339,46.687],[8.341,46.686],[8.344,46.688],[8.346,46.687],[8.353,46.678],[8.357,46.677],[8.367,46.677],[8.375,46.682],[8.374,46.684],[8.378,46.686],[8.37,46.693],[8.375,46.695],[8.371,46.698],[8.374,46.7],[8.37,46.702],[8.378,46.704],[8.377,46.707],[8.373,46.709],[8.372,46.707],[8.367,46.705],[8.361,46.712],[8.357,46.711],[8.355,46.714],[8.351,46.714],[8.349,46.716],[8.353,46.718],[8.354,46.722],[8.357,46.725],[8.361,46.726],[8.367,46.723],[8.381,46.726],[8.403,46.725],[8.41,46.728],[8.412,46.727],[8.41,46.724],[8.413,46.725],[8.418,46.722],[8.413,46.72],[8.41,46.722],[8.403,46.713],[8.406,46.712],[8.413,46.713],[8.416,46.716],[8.42,46.717],[8.426,46.724],[8.43,46.724],[8.433,46.72],[8.441,46.715],[8.442,46.712],[8.445,46.711],[8.445,46.708],[8.446,46.711],[8.444,46.713],[8.44,46.731],[8.443,46.737],[8.449,46.739],[8.452,46.737],[8.457,46.724],[8.459,46.724],[8.46,46.731],[8.462,46.733],[8.466,46.73],[8.469,46.724],[8.473,46.728],[8.466,46.733],[8.472,46.739],[8.479,46.739],[8.494,46.733],[8.492,46.73],[8.495,46.732],[8.497,46.73],[8.505,46.731],[8.515,46.725],[8.521,46.724],[8.521,46.722],[8.519,46.721],[8.523,46.717],[8.52,46.71],[8.521,46.709],[8.528,46.712],[8.537,46.703],[8.544,46.7],[8.544,46.698],[8.539,46.694],[8.54,46.687],[8.533,46.686],[8.53,46.684],[8.517,46.693],[8.515,46.69],[8.516,46.687],[8.512,46.687],[8.507,46.689],[8.506,46.692],[8.509,46.694],[8.503,46.697],[8.5,46.697],[8.5,46.694],[8.498,46.693],[8.493,46.694],[8.485,46.7],[8.481,46.701],[8.484,46.694],[8.479,46.694],[8.475,46.698],[8.474,46.697],[8.481,46.691],[8.485,46.694],[8.486,46.688],[8.491,46.685],[8.492,46.679],[8.496,46.676],[8.493,46.674],[8.494,46.67],[8.484,46.665],[8.48,46.665],[8.479,46.667],[8.48,46.67],[8.478,46.671],[8.475,46.67],[8.475,46.663],[8.473,46.663],[8.469,46.665],[8.468,46.668],[8.461,46.667],[8.442,46.674],[8.435,46.674],[8.434,46.672],[8.436,46.67],[8.435,46.668],[8.426,46.675],[8.422,46.675],[8.428,46.667],[8.44,46.661],[8.445,46.654],[8.448,46.655],[8.454,46.65],[8.449,46.648],[8.449,46.645],[8.447,46.643],[8.446,46.639],[8.449,46.636],[8.448,46.634],[8.457,46.631],[8.47,46.637],[8.48,46.632],[8.483,46.637],[8.489,46.634],[8.489,46.631],[8.492,46.629],[8.492,46.627],[8.49,46.624],[8.483,46.621],[8.48,46.621],[8.477,46.624],[8.468,46.625],[8.457,46.621],[8.453,46.618],[8.454,46.617],[8.457,46.62],[8.462,46.618],[8.458,46.616],[8.458,46.614],[8.466,46.609],[8.463,46.604],[8.462,46.607],[8.454,46.607],[8.448,46.6],[8.447,46.596],[8.439,46.594],[8.436,46.591],[8.43,46.592],[8.424,46.58],[8.42,46.577],[8.417,46.576],[8.414,46.579],[8.411,46.578],[8.411,46.576],[8.41,46.578],[8.407,46.579],[8.4,46.578],[8.398,46.58],[8.401,46.583],[8.397,46.585],[8.397,46.592],[8.391,46.595],[8.389,46.594],[8.392,46.585],[8.385,46.582],[8.379,46.587],[8.378,46.59],[8.375,46.591],[8.373,46.59],[8.372,46.587],[8.375,46.585],[8.365,46.583],[8.362,46.578],[8.358,46.577],[8.356,46.579],[8.357,46.585],[8.355,46.587],[8.353,46.585],[8.349,46.585],[8.349,46.588],[8.347,46.59],[8.35,46.592],[8.347,46.594],[8.349,46.596],[8.349,46.599],[8.342,46.603],[8.347,46.606],[8.342,46.61],[8.351,46.612],[8.351,46.615],[8.349,46.617],[8.355,46.621],[8.353,46.624],[8.349,46.626],[8.351,46.63],[8.346,46.631],[8.337,46.639],[8.333,46.64],[8.33,46.638],[8.327,46.64],[8.327,46.649],[8.338,46.66],[8.337,46.665],[8.328,46.671],[8.327,46.674],[8.318,46.678],[8.316,46.68],[8.317,46.682],[8.314,46.685],[8.318,46.686],[8.321,46.683],[8.327,46.683],[8.336,46.687],[8.334,46.689]]],[[[8.398,46.58],[8.39,46.581],[8.394,46.583],[8.398,46.58]]],[[[8.417,46.576],[8.433,46.573],[8.434,46.578],[8.44,46.578],[8.446,46.581],[8.453,46.582],[8.456,46.582],[8.46,46.579],[8.472,46.578],[8.473,46.575],[8.47,46.573],[8.459,46.568],[8.458,46.566],[8.438,46.558],[8.439,46.552],[8.443,46.556],[8.456,46.556],[8.466,46.558],[8.475,46.562],[8.489,46.562],[8.493,46.555],[8.496,46.553],[8.484,46.55],[8.487,46.548],[8.492,46.548],[8.495,46.545],[8.501,46.543],[8.503,46.544],[8.502,46.546],[8.508,46.547],[8.515,46.552],[8.516,46.555],[8.509,46.562],[8.512,46.57],[8.518,46.574],[8.521,46.57],[8.522,46.573],[8.527,46.575],[8.527,46.577],[8.525,46.578],[8.521,46.574],[8.514,46.579],[8.517,46.582],[8.525,46.582],[8.532,46.577],[8.528,46.575],[8.535,46.57],[8.531,46.568],[8.528,46.57],[8.524,46.565],[8.521,46.564],[8.519,46.559],[8.523,46.55],[8.526,46.55],[8.531,46.557],[8.536,46.557],[8.533,46.555],[8.534,46.554],[8.538,46.557],[8.538,46.559],[8.544,46.561],[8.548,46.559],[8.543,46.554],[8.543,46.552],[8.547,46.555],[8.554,46.555],[8.557,46.552],[8.555,46.55],[8.555,46.545],[8.557,46.541],[8.553,46.54],[8.55,46.541],[8.55,46.544],[8.54,46.545],[8.537,46.544],[8.534,46.54],[8.524,46.54],[8.522,46.539],[8.521,46.536],[8.511,46.541],[8.508,46.538],[8.498,46.534],[8.49,46.535],[8.488,46.533],[8.481,46.533],[8.481,46.527],[8.486,46.528],[8.484,46.53],[8.488,46.532],[8.489,46.528],[8.488,46.525],[8.481,46.524],[8.481,46.52],[8.483,46.519],[8.478,46.513],[8.471,46.515],[8.46870588235294,46.51652941176471],[8.47,46.512],[8.472,46.51],[8.471,46.509],[8.458,46.508],[8.455,46.51],[8.453,46.508],[8.452,46.501],[8.442,46.497],[8.432,46.501],[8.429,46.498],[8.422,46.497],[8.416,46.493],[8.412,46.495],[8.411,46.49],[8.413,46.488],[8.412,46.485],[8.399,46.484],[8.396,46.489],[8.393,46.487],[8.391,46.488],[8.39,46.491],[8.384,46.493],[8.383,46.495],[8.378,46.495],[8.379,46.497],[8.376,46.502],[8.377,46.504],[8.365,46.504],[8.366,46.507],[8.371,46.506],[8.371,46.509],[8.373,46.51],[8.377,46.51],[8.38,46.512],[8.383,46.511],[8.386,46.509],[8.386,46.507],[8.39,46.507],[8.397,46.502],[8.401,46.497],[8.399250000000004,46.49525],[8.403,46.496],[8.406,46.502],[8.409,46.497],[8.417,46.504],[8.416,46.506],[8.419,46.507],[8.422,46.505],[8.429,46.506],[8.439,46.503],[8.438,46.506],[8.44,46.508],[8.438,46.51],[8.438,46.513],[8.446,46.517],[8.442,46.518],[8.442,46.52],[8.448,46.526],[8.442,46.529],[8.443,46.526],[8.439,46.524],[8.432,46.524],[8.435,46.526],[8.436,46.529],[8.443,46.533],[8.436,46.534],[8.432,46.54],[8.424,46.542],[8.423,46.544],[8.42,46.542],[8.414,46.542],[8.413,46.537],[8.41,46.536],[8.4,46.538],[8.4,46.54],[8.405,46.542],[8.406,46.547],[8.395,46.554],[8.394,46.563],[8.391,46.563],[8.39,46.565],[8.391,46.567],[8.394,46.568],[8.401,46.566],[8.407,46.561],[8.418,46.56],[8.417,46.567],[8.414,46.569],[8.414,46.574],[8.417,46.576]],[[8.398454545454536,46.495090909090905],[8.393,46.496],[8.392,46.495],[8.393,46.494],[8.398454545454536,46.495090909090905]]],[[[8.432,46.524],[8.429,46.523],[8.429,46.526],[8.432,46.524]]],[[[8.481,46.82],[8.471,46.823],[8.48,46.827],[8.48,46.829],[8.462,46.836],[8.471,46.842],[8.474,46.847],[8.455,46.847],[8.451,46.85],[8.465,46.854],[8.471,46.852],[8.481,46.858],[8.484,46.856],[8.481,46.862],[8.478,46.858],[8.473,46.856],[8.47,46.856],[8.465,46.859],[8.442,46.857],[8.437,46.859],[8.442,46.863],[8.459,46.863],[8.458,46.866],[8.466,46.87],[8.468,46.873],[8.47,46.872],[8.471,46.866],[8.473,46.868],[8.472,46.87],[8.478,46.875],[8.484,46.872],[8.485,46.87],[8.488,46.871],[8.49,46.87],[8.491,46.867],[8.495,46.868],[8.496,46.861],[8.498,46.859],[8.504,46.861],[8.506,46.858],[8.517,46.856],[8.52,46.858],[8.517,46.861],[8.527,46.859],[8.53,46.856],[8.537,46.857],[8.538,46.858],[8.532,46.863],[8.536,46.865],[8.535,46.867],[8.537,46.869],[8.544,46.869],[8.546,46.867],[8.542,46.865],[8.55,46.862],[8.552,46.865],[8.551,46.867],[8.554,46.868],[8.555,46.867],[8.555,46.862],[8.552,46.858],[8.554,46.853],[8.54,46.843],[8.53,46.843],[8.524,46.846],[8.52,46.846],[8.517,46.849],[8.507,46.848],[8.506,46.845],[8.501,46.841],[8.495,46.841],[8.491,46.839],[8.481,46.829],[8.483,46.823],[8.481,46.82]]],[[[8.476,46.407],[8.472,46.406],[8.472,46.411],[8.466,46.415],[8.463,46.418],[8.463,46.42],[8.459,46.423],[8.463,46.428],[8.473,46.431],[8.477,46.429],[8.474,46.431],[8.475,46.434],[8.479,46.434],[8.483,46.431],[8.486,46.433],[8.499,46.428],[8.504,46.429],[8.503,46.424],[8.497,46.42],[8.495,46.415],[8.489,46.414],[8.486,46.411],[8.479,46.411],[8.476,46.407]]],[[[8.301,46.419],[8.298,46.419],[8.3,46.425],[8.304,46.428],[8.301,46.435],[8.303,46.437],[8.302,46.44],[8.298,46.445],[8.291,46.446],[8.29,46.449],[8.298,46.45],[8.301,46.446],[8.304,46.447],[8.311,46.443],[8.316,46.446],[8.321,46.451],[8.316,46.46],[8.317,46.464],[8.315,46.471],[8.317,46.472],[8.319,46.471],[8.321,46.465],[8.324,46.468],[8.327,46.467],[8.329,46.464],[8.329,46.462],[8.324,46.457],[8.332,46.462],[8.34,46.463],[8.343,46.466],[8.353,46.469],[8.358,46.468],[8.355,46.466],[8.351,46.459],[8.347,46.457],[8.343,46.456428571428575],[8.343,46.455],[8.338,46.455],[8.338833333333334,46.45583333333333],[8.333,46.455],[8.338,46.453],[8.337,46.451],[8.327,46.449],[8.327,46.447],[8.332,46.448],[8.333,46.45],[8.337,46.449],[8.344,46.453],[8.356,46.456],[8.369,46.455],[8.373,46.456],[8.378,46.459],[8.378,46.461],[8.373,46.465],[8.369,46.463],[8.366,46.464],[8.372,46.468],[8.379,46.465],[8.383,46.466],[8.386,46.463],[8.412,46.469],[8.428,46.47],[8.433,46.47],[8.428,46.468],[8.428,46.466],[8.419,46.466],[8.428,46.465],[8.446,46.468],[8.45,46.465],[8.418,46.463],[8.415,46.46],[8.405,46.461],[8.399,46.456],[8.389,46.452],[8.371,46.453],[8.366,46.452],[8.356,46.445],[8.346,46.441],[8.33,46.43],[8.327,46.43],[8.317,46.425],[8.307,46.425],[8.301,46.422],[8.301,46.419]]],[[[8.333,46.752],[8.33,46.752],[8.332,46.756],[8.337,46.759],[8.345,46.76],[8.358,46.765],[8.362,46.763],[8.359,46.765],[8.365,46.77],[8.375,46.77],[8.376,46.772],[8.381,46.774],[8.389,46.774],[8.381,46.78],[8.381,46.782],[8.385,46.783],[8.385,46.785],[8.388,46.788],[8.391,46.785],[8.395,46.785],[8.396,46.783],[8.395,46.781],[8.397,46.778],[8.411,46.783],[8.417,46.781],[8.421,46.782],[8.408,46.792],[8.418,46.793],[8.418,46.789],[8.424,46.786],[8.427,46.789],[8.434,46.79],[8.439,46.787],[8.437,46.78],[8.435,46.778],[8.438,46.774],[8.437,46.773],[8.421,46.772],[8.418,46.771],[8.417,46.768],[8.414,46.768],[8.414,46.776],[8.398,46.767],[8.381,46.764],[8.368,46.759],[8.361,46.759],[8.335,46.754],[8.333,46.752]]],[[[8.397,46.477],[8.392,46.473],[8.389,46.473],[8.383,46.48],[8.389,46.483],[8.392,46.482],[8.39,46.479],[8.396,46.48],[8.397,46.477]]],[[[8.378,46.785],[8.375,46.784],[8.372,46.786],[8.355,46.787],[8.35,46.79],[8.356,46.794],[8.362,46.795],[8.369,46.79],[8.377,46.788],[8.378,46.785]]],[[[8.354,46.797],[8.333,46.793],[8.331,46.797],[8.335,46.799],[8.331,46.801],[8.336,46.803],[8.343,46.803],[8.354,46.797]]],[[[8.336,46.475],[8.327,46.474],[8.323,46.475],[8.321,46.48],[8.324,46.481],[8.331,46.477],[8.34,46.481],[8.351,46.48],[8.336,46.475]]],[[[8.309,46.553],[8.302,46.557],[8.306,46.557],[8.308,46.561],[8.315,46.565],[8.316,46.568],[8.319,46.566],[8.328,46.565],[8.322,46.561],[8.319,46.562],[8.315,46.559],[8.316,46.557],[8.322,46.558],[8.325,46.556],[8.312,46.556],[8.309,46.553]]],[[[8.271,46.416],[8.277842696629214,46.42186516853932],[8.283,46.419],[8.291,46.417],[8.295,46.413],[8.291,46.408],[8.294,46.406],[8.303,46.407],[8.307,46.404],[8.31,46.404],[8.311,46.399],[8.314,46.397],[8.314,46.385],[8.31,46.379],[8.303,46.376],[8.297,46.377],[8.301,46.381],[8.3,46.383],[8.307,46.386],[8.303,46.387],[8.297,46.385],[8.295,46.386],[8.292,46.395],[8.293,46.397],[8.286,46.401],[8.281,46.407],[8.271,46.402],[8.269,46.404],[8.268,46.409],[8.264,46.402],[8.258,46.404],[8.255,46.401],[8.242,46.401],[8.238,46.399],[8.238,46.406],[8.242,46.409],[8.246,46.408],[8.248,46.414],[8.259,46.415],[8.259,46.417],[8.252,46.421],[8.25,46.424],[8.274,46.424],[8.277740259740261,46.421922077922076],[8.268,46.419],[8.271,46.416]]],[[[7.604,46.393],[7.601,46.398],[7.61,46.404],[7.611,46.407],[7.614,46.408],[7.617,46.407],[7.623,46.411],[7.624,46.416],[7.626,46.418],[7.624,46.42],[7.617,46.42],[7.624,46.423],[7.634,46.422],[7.638,46.42],[7.638,46.422],[7.642,46.425],[7.638,46.427],[7.639,46.429],[7.638,46.431],[7.64,46.432],[7.644,46.432],[7.644,46.429],[7.66,46.422],[7.658,46.425],[7.66,46.426],[7.666,46.424],[7.667,46.425],[7.664,46.427],[7.668,46.429],[7.668,46.431],[7.653,46.44],[7.657,46.441],[7.663,46.439],[7.67,46.44],[7.671,46.443],[7.676,46.444],[7.68,46.443],[7.678,46.438],[7.679,46.436],[7.683,46.438],[7.686,46.442],[7.692,46.438],[7.699,46.437],[7.701,46.436],[7.698,46.431],[7.699,46.428],[7.701,46.427],[7.699,46.424],[7.705,46.419],[7.709,46.432],[7.715,46.43],[7.728,46.43],[7.731,46.433],[7.747,46.433],[7.754,46.437],[7.76,46.438],[7.761,46.44],[7.76,46.442],[7.769,46.447],[7.765,46.449],[7.771,46.451],[7.778,46.451],[7.777,46.453],[7.772,46.454],[7.777,46.456],[7.78,46.46],[7.774,46.464],[7.773,46.467],[7.766,46.469],[7.774,46.478],[7.784,46.486],[7.797,46.491],[7.798,46.494],[7.797,46.496],[7.794,46.492],[7.79,46.49],[7.784,46.49],[7.783,46.487],[7.777,46.484],[7.772,46.485],[7.778,46.49],[7.768,46.485],[7.773,46.483],[7.767,46.479],[7.764,46.48],[7.763,46.476],[7.761,46.475],[7.758,46.474],[7.754,46.476],[7.749,46.474],[7.75,46.472],[7.748,46.471],[7.745,46.473],[7.738,46.471],[7.732,46.466],[7.73,46.469],[7.722,46.472],[7.712,46.469],[7.709,46.472],[7.702,46.474],[7.709,46.476],[7.707,46.479],[7.715,46.484],[7.722,46.483],[7.725,46.48],[7.728,46.485],[7.732,46.486],[7.739,46.483],[7.739,46.485],[7.741,46.486],[7.754,46.487],[7.756,46.49],[7.753,46.492],[7.757,46.494],[7.757,46.496],[7.755,46.5],[7.748,46.501],[7.746,46.503],[7.755,46.502],[7.76,46.508],[7.764,46.509],[7.766,46.512],[7.758,46.517],[7.742,46.518],[7.737,46.521],[7.738,46.523],[7.751,46.525],[7.755,46.522],[7.758,46.523],[7.761,46.522],[7.764,46.519],[7.768,46.523],[7.774,46.519],[7.78,46.519],[7.784,46.517],[7.781,46.514],[7.782,46.51],[7.779,46.508],[7.782,46.505],[7.785,46.505],[7.79,46.512],[7.794,46.512],[7.797,46.51],[7.8,46.513],[7.803,46.511],[7.807,46.514],[7.81,46.509],[7.813,46.514],[7.817,46.516],[7.82,46.514],[7.814,46.51],[7.816,46.506],[7.82,46.509],[7.821,46.507],[7.818,46.501],[7.82,46.5],[7.829,46.507],[7.831,46.507],[7.831,46.51],[7.833,46.511],[7.839,46.506],[7.852,46.508],[7.853,46.507],[7.85,46.505],[7.859,46.504],[7.86,46.503],[7.857,46.498],[7.859,46.496],[7.864,46.498],[7.865,46.501],[7.869,46.499],[7.875,46.501],[7.876,46.498],[7.891,46.499],[7.894,46.496],[7.894,46.494],[7.897,46.491],[7.899,46.491],[7.895,46.494],[7.895,46.496],[7.898,46.497],[7.904,46.494],[7.906,46.496],[7.904,46.496],[7.901,46.499],[7.908,46.5],[7.906,46.503],[7.909,46.505],[7.914,46.507],[7.92,46.507],[7.919,46.509],[7.921,46.511],[7.927,46.512],[7.93,46.516],[7.926,46.521],[7.931,46.524],[7.937,46.527],[7.942,46.527],[7.947,46.531],[7.957,46.531],[7.96,46.528],[7.964,46.529],[7.959,46.534],[7.947,46.536],[7.948,46.538],[7.947,46.541],[7.939,46.545],[7.946,46.55],[7.948,46.556],[7.954,46.557],[7.957,46.555],[7.96,46.558],[7.964,46.558],[7.967,46.56],[7.97,46.566],[7.973,46.563],[7.97966666666667,46.561095238095234],[7.977,46.563],[7.977,46.565],[7.975,46.565],[7.979,46.567],[7.976,46.57],[7.983,46.571],[7.986,46.57],[7.987,46.567],[7.987,46.57],[7.99,46.572],[7.99,46.574],[7.994,46.576],[7.986,46.579],[8.0,46.58],[8.009,46.584],[8.016,46.585],[8.019,46.586],[8.022,46.59],[8.027,46.588],[8.024,46.585],[8.026,46.584],[8.031,46.587],[8.035,46.592],[8.039,46.593],[8.04,46.592],[8.038,46.59],[8.042,46.582],[8.064,46.578],[8.073,46.583],[8.085,46.583],[8.088,46.581],[8.089,46.583],[8.086,46.585],[8.091,46.587],[8.098,46.584],[8.1,46.585],[8.097,46.587],[8.097,46.589],[8.098,46.591],[8.1,46.589],[8.101,46.59],[8.087,46.601],[8.091,46.602],[8.092,46.603],[8.091,46.604],[8.081,46.606],[8.072,46.614],[8.07,46.614],[8.078,46.616],[8.079,46.614],[8.082,46.613],[8.085,46.618],[8.097,46.614],[8.107,46.616],[8.111,46.619],[8.108,46.628],[8.098,46.631],[8.101,46.637],[8.105,46.639],[8.101,46.641],[8.106,46.643],[8.106,46.646],[8.124,46.653],[8.131,46.654],[8.138,46.65],[8.145,46.657],[8.154,46.66],[8.164,46.66],[8.165,46.659],[8.162,46.656],[8.167,46.656],[8.16957142857143,46.65485714285714],[8.169,46.656],[8.171,46.656],[8.170272727272726,46.654545454545456],[8.176,46.652],[8.174,46.65],[8.174,46.647],[8.184,46.645],[8.185,46.641],[8.183,46.637],[8.173,46.636],[8.193,46.633],[8.209,46.633],[8.211,46.631],[8.202,46.624],[8.2,46.627],[8.198,46.627],[8.199,46.622],[8.202,46.62],[8.199,46.62],[8.193,46.616],[8.197,46.611],[8.192,46.606],[8.196,46.608],[8.202,46.606],[8.215,46.607],[8.228,46.612],[8.237,46.609],[8.235,46.606],[8.236,46.602],[8.235,46.601],[8.232,46.602],[8.234,46.604],[8.232,46.605],[8.228,46.602],[8.224,46.604],[8.227,46.607],[8.225,46.608],[8.222,46.608],[8.216,46.604],[8.216,46.602],[8.22,46.6],[8.222,46.597],[8.241,46.597],[8.239,46.6],[8.241,46.602],[8.241,46.606],[8.248,46.601],[8.253,46.604],[8.261,46.604],[8.265,46.602],[8.267,46.597],[8.255,46.597],[8.25,46.593],[8.25,46.591],[8.251,46.59],[8.254,46.594],[8.257,46.594],[8.261,46.584],[8.27,46.585],[8.274,46.582],[8.27,46.58],[8.257,46.584],[8.248,46.584],[8.244,46.587],[8.234,46.58],[8.232,46.582],[8.225,46.584],[8.221,46.58],[8.218,46.582],[8.186,46.581],[8.178,46.589],[8.173,46.59],[8.169888888888892,46.58922222222222],[8.173,46.587],[8.174,46.584],[8.179,46.581],[8.183,46.575],[8.197,46.573],[8.194,46.571],[8.198,46.568],[8.192,46.566],[8.184,46.557],[8.185,46.556],[8.188,46.557],[8.192,46.564],[8.197,46.562],[8.198,46.559],[8.202,46.56],[8.205,46.555],[8.211,46.56],[8.215,46.556],[8.221,46.559],[8.229,46.557],[8.228,46.555],[8.234,46.559],[8.238,46.557],[8.238,46.555],[8.233,46.553],[8.234,46.551],[8.244,46.554],[8.247,46.553],[8.238,46.548],[8.231,46.549],[8.228,46.546],[8.211,46.539],[8.205,46.541],[8.207,46.539],[8.231,46.538],[8.234,46.539],[8.24,46.537],[8.253,46.538],[8.28,46.545],[8.283,46.541],[8.288,46.539],[8.276,46.533],[8.266,46.531],[8.262,46.525],[8.256,46.525],[8.252,46.528],[8.247,46.527],[8.243,46.524],[8.23,46.529],[8.226,46.528],[8.225,46.523],[8.221,46.521],[8.221,46.519],[8.224,46.516],[8.22,46.516],[8.219,46.514],[8.22,46.512],[8.224,46.514],[8.224,46.511],[8.221,46.508],[8.224,46.505],[8.231,46.503],[8.224,46.503],[8.22,46.501],[8.218,46.503],[8.214,46.503],[8.211,46.506],[8.204,46.506],[8.201,46.501],[8.196,46.503],[8.196,46.506],[8.193,46.506],[8.192,46.503],[8.195,46.497],[8.192,46.494],[8.19,46.497],[8.184,46.498],[8.184,46.494],[8.178,46.492],[8.175,46.497],[8.171,46.491],[8.168,46.492],[8.175,46.485],[8.171,46.482],[8.171,46.48],[8.177,46.476],[8.174,46.473],[8.171,46.475],[8.166,46.474],[8.171,46.474],[8.173,46.472],[8.171,46.469],[8.168,46.469],[8.163,46.472],[8.163,46.474],[8.16,46.477],[8.162,46.486],[8.161,46.49],[8.163,46.492],[8.162,46.494],[8.158,46.495],[8.162,46.495],[8.163,46.497],[8.158,46.501],[8.152,46.502],[8.149,46.499],[8.15,46.495],[8.149,46.49],[8.145,46.493],[8.142,46.5],[8.14,46.497],[8.141,46.492],[8.133,46.486],[8.133,46.483],[8.129,46.481],[8.122,46.48],[8.114,46.484],[8.106,46.484],[8.105,46.481],[8.099,46.475],[8.102,46.472],[8.111,46.468],[8.11,46.466],[8.112,46.463],[8.103,46.459],[8.099,46.46],[8.094,46.47],[8.088,46.472],[8.089,46.477],[8.083,46.483],[8.083,46.486],[8.074,46.49],[8.07,46.49],[8.07,46.493],[8.075,46.497],[8.074,46.498],[8.07,46.498],[8.068,46.5],[8.069,46.502],[8.066,46.502],[8.061,46.499],[8.054,46.502],[8.052,46.5],[8.057,46.495],[8.061,46.495],[8.063,46.486],[8.073,46.479],[8.073,46.475],[8.066,46.47],[8.063,46.47],[8.062,46.473],[8.057,46.474],[8.05,46.482],[8.047,46.483],[8.045,46.482],[8.049,46.479],[8.047,46.477],[8.052,46.475],[8.053,46.47],[8.055,46.468],[8.055,46.466],[8.052,46.464],[8.055,46.461],[8.055,46.459],[8.052,46.457],[8.052,46.455],[8.05,46.454],[8.043,46.459],[8.042,46.461],[8.044,46.463],[8.047,46.46],[8.048,46.461],[8.045,46.464],[8.041,46.462],[8.037,46.465],[8.031,46.466],[8.025,46.462],[8.037,46.453],[8.038,46.45],[8.035,46.448],[8.037,46.445],[8.04,46.444],[8.035,46.432],[8.038,46.43],[8.037,46.429],[8.031,46.429],[8.027,46.426],[8.023,46.428],[8.024,46.426],[8.021,46.424],[8.008,46.419],[8.001,46.426],[7.998,46.425],[7.991,46.426],[7.991,46.428],[7.985,46.431],[7.975,46.43],[7.969,46.426],[7.969,46.424],[7.976,46.419],[7.975,46.418],[7.965,46.421],[7.963,46.419],[7.965,46.417],[7.972,46.416],[7.973,46.412],[7.985,46.406],[7.983,46.401],[7.985,46.397],[7.981,46.398],[7.978,46.396],[7.969,46.401],[7.959,46.396],[7.955,46.397],[7.953,46.394],[7.945,46.39],[7.936,46.394],[7.935,46.397],[7.937,46.399],[7.936,46.4],[7.926,46.396],[7.92,46.399],[7.916,46.398],[7.915,46.401],[7.91,46.406],[7.908,46.404],[7.909,46.401],[7.907,46.395],[7.904,46.395],[7.906,46.392],[7.903,46.391],[7.893,46.392],[7.894,46.395],[7.892,46.399],[7.884,46.401],[7.886,46.399],[7.879,46.395],[7.882,46.388],[7.877,46.388],[7.879,46.386],[7.871,46.384],[7.868,46.381],[7.866,46.381],[7.865,46.386],[7.868,46.388],[7.864,46.388],[7.864,46.381],[7.861,46.38],[7.857,46.384],[7.855,46.378],[7.851,46.376],[7.838,46.381],[7.827,46.377],[7.822,46.371],[7.818,46.372],[7.816,46.378],[7.81,46.368],[7.814,46.366],[7.812,46.363],[7.799,46.369],[7.795,46.377],[7.799,46.381],[7.806,46.381],[7.81,46.384],[7.809,46.386],[7.812,46.389],[7.822,46.39],[7.817,46.397],[7.819,46.398],[7.829,46.396],[7.835,46.399],[7.833,46.402],[7.828,46.404],[7.838,46.406],[7.839,46.412],[7.842,46.413],[7.848,46.41],[7.852,46.412],[7.853,46.413],[7.851,46.417],[7.852,46.42],[7.861,46.419],[7.887,46.429],[7.891,46.428],[7.891,46.431],[7.894,46.432],[7.897,46.431],[7.896,46.426],[7.898,46.426],[7.905,46.431],[7.911,46.433],[7.903,46.435],[7.9,46.437],[7.9,46.44],[7.904,46.441],[7.907,46.437],[7.91,46.44],[7.908,46.442],[7.912,46.444],[7.911,46.446],[7.918,46.451],[7.916,46.453],[7.921,46.46],[7.92,46.461],[7.91,46.457],[7.908,46.467],[7.905,46.467],[7.904,46.465],[7.899,46.469],[7.9,46.471],[7.894,46.473],[7.89,46.471],[7.887,46.464],[7.881,46.461],[7.875,46.466],[7.86,46.465],[7.86,46.462],[7.857,46.46],[7.855,46.456],[7.851,46.456],[7.852,46.453],[7.849,46.452],[7.845,46.452],[7.846,46.456],[7.842,46.455],[7.839,46.457],[7.832,46.457],[7.829,46.456],[7.828,46.453],[7.821,46.451],[7.826,46.449],[7.827,46.447],[7.824,46.444],[7.821,46.444],[7.82,46.447],[7.813,46.449],[7.806,46.448],[7.801,46.445],[7.8,46.436],[7.8,46.438],[7.796,46.439],[7.786,46.438],[7.785,46.433],[7.78,46.429],[7.774,46.431],[7.766,46.424],[7.761,46.423],[7.757,46.423],[7.754,46.426],[7.742,46.42],[7.743,46.418],[7.741,46.417],[7.738,46.418],[7.716,46.409],[7.717,46.404],[7.714,46.402],[7.727,46.402],[7.721,46.401],[7.717,46.398],[7.72,46.393],[7.718,46.391],[7.715,46.395],[7.708,46.393],[7.712,46.389],[7.718,46.387],[7.72,46.384],[7.715,46.382],[7.716,46.38],[7.715,46.378],[7.712,46.377],[7.712,46.372],[7.702,46.371],[7.7,46.373],[7.705,46.375],[7.699,46.377],[7.707,46.384],[7.702,46.387],[7.699,46.38],[7.692,46.378],[7.689,46.387],[7.686,46.382],[7.682,46.38],[7.678,46.38],[7.669,46.376],[7.662,46.377],[7.677,46.386],[7.679,46.391],[7.685,46.395],[7.684,46.398],[7.679,46.4],[7.683,46.404],[7.683,46.407],[7.686,46.408],[7.689,46.413],[7.682,46.413],[7.686,46.418],[7.683,46.419],[7.669,46.414],[7.649,46.413],[7.652,46.411],[7.647,46.408],[7.637,46.409],[7.631,46.404],[7.627,46.406],[7.608,46.398],[7.604,46.393]],[[8.016,46.585],[8.018,46.583],[8.016,46.581],[8.019,46.579],[8.016,46.576],[8.031,46.581],[8.022,46.581],[8.016,46.585]],[[8.016,46.581],[8.013,46.582],[8.007,46.579],[8.009,46.572],[8.011,46.579],[8.013,46.58],[8.016,46.581]],[[8.228,46.555],[8.227,46.553],[8.228,46.552],[8.228,46.555]],[[8.159,46.555],[8.176,46.563],[8.18,46.569],[8.179,46.571],[8.172,46.574],[8.17,46.564],[8.166,46.564],[8.159,46.556],[8.156,46.555],[8.159,46.555]],[[7.956,46.425],[7.963,46.428],[7.973,46.439],[7.974,46.442],[7.972,46.446],[7.969,46.444],[7.969,46.439],[7.962,46.434],[7.958,46.433],[7.956,46.43],[7.953,46.429],[7.949,46.431],[7.949,46.429],[7.952,46.428],[7.952,46.426],[7.956,46.425]],[[7.881,46.465],[7.883,46.467],[7.88,46.469],[7.889,46.478],[7.888,46.481],[7.876,46.469],[7.881,46.465]]],[[[7.204,46.305],[7.189,46.302],[7.182,46.304],[7.16,46.304],[7.153,46.308],[7.16,46.312],[7.158,46.314],[7.163,46.316],[7.173,46.315],[7.176,46.313],[7.181,46.314],[7.195,46.325],[7.202,46.323],[7.204,46.326],[7.193,46.335],[7.202,46.34],[7.211,46.34],[7.215,46.344],[7.224,46.348],[7.231,46.348],[7.227,46.344],[7.229,46.341],[7.226,46.339],[7.228,46.338],[7.234,46.341],[7.241,46.338],[7.247,46.339],[7.249,46.337],[7.254,46.337],[7.255,46.335],[7.247,46.33],[7.254,46.329],[7.26,46.333],[7.271,46.335],[7.27,46.337],[7.273,46.339],[7.27,46.341],[7.267,46.341],[7.266,46.339],[7.263,46.338],[7.258,46.339],[7.257,46.341],[7.273,46.352],[7.279,46.351],[7.282,46.348],[7.276,46.344],[7.27,46.343],[7.28,46.343],[7.286,46.345],[7.287,46.344],[7.284,46.342],[7.286,46.341],[7.293,46.347],[7.296,46.346],[7.292,46.351],[7.296,46.353],[7.3,46.351],[7.3,46.348],[7.305,46.347],[7.312,46.343],[7.313,46.344],[7.307,46.353],[7.31,46.355],[7.309,46.358],[7.312,46.358],[7.315,46.361],[7.328,46.361],[7.338,46.359],[7.351,46.367],[7.354,46.366],[7.352,46.369],[7.355,46.371],[7.352,46.375],[7.354,46.377],[7.361,46.375],[7.37,46.384],[7.372,46.384],[7.375,46.387],[7.383,46.389],[7.377,46.391],[7.38,46.392],[7.394,46.391],[7.39,46.388],[7.384,46.387],[7.382,46.384],[7.371,46.38],[7.377,46.379],[7.38,46.381],[7.387,46.382],[7.396,46.381],[7.397,46.382],[7.396,46.385],[7.402,46.382],[7.409,46.383],[7.413,46.382],[7.416,46.384],[7.426,46.384],[7.432,46.388],[7.438,46.389],[7.442,46.389],[7.445,46.387],[7.447,46.389],[7.446,46.391],[7.455,46.393],[7.468,46.4],[7.466,46.402],[7.47,46.405],[7.473,46.405],[7.473,46.398],[7.47,46.396],[7.471,46.395],[7.484,46.402],[7.494,46.403],[7.513,46.416],[7.511,46.418],[7.513,46.421],[7.523,46.42],[7.533,46.424],[7.534,46.427],[7.532,46.429],[7.533,46.43],[7.539,46.428],[7.543,46.431],[7.546,46.431],[7.549,46.429],[7.552,46.43],[7.556,46.428],[7.563,46.432],[7.579,46.435],[7.58,46.438],[7.585,46.438],[7.589,46.44],[7.588,46.442],[7.585,46.443],[7.592,46.444],[7.595,46.447],[7.597,46.445],[7.593,46.438],[7.59,46.436],[7.592,46.432],[7.597,46.436],[7.598,46.44],[7.601,46.443],[7.608,46.441],[7.61,46.438],[7.607,46.436],[7.61,46.434],[7.61,46.429],[7.602,46.425],[7.6,46.42],[7.602,46.418],[7.604,46.423],[7.606,46.422],[7.606,46.42],[7.608,46.419],[7.611,46.42],[7.615,46.416],[7.606,46.409],[7.603,46.402],[7.596,46.398],[7.604,46.393],[7.604,46.391],[7.598,46.385],[7.597,46.382],[7.593,46.38],[7.591,46.376],[7.584,46.371],[7.582,46.366],[7.586,46.364],[7.585,46.36],[7.572,46.363],[7.562,46.359],[7.555,46.36],[7.552,46.362],[7.554,46.364],[7.552,46.365],[7.538,46.366],[7.54,46.369],[7.532,46.371],[7.53,46.376],[7.526,46.375],[7.529,46.369],[7.52,46.361],[7.518,46.364],[7.521,46.369],[7.52,46.37],[7.516,46.369],[7.513,46.364],[7.516,46.362],[7.513,46.358],[7.509,46.36],[7.5,46.359],[7.497,46.362],[7.494,46.358],[7.487,46.356],[7.482,46.357],[7.481,46.363],[7.471,46.359],[7.458,46.358],[7.442,46.362],[7.432,46.367],[7.416,46.368],[7.414,46.366],[7.406,46.366],[7.402,46.362],[7.401,46.36],[7.411,46.351],[7.402,46.346],[7.392,46.335],[7.396,46.333],[7.394,46.33],[7.383,46.329],[7.377,46.332],[7.37,46.331],[7.368,46.326],[7.371,46.324],[7.37,46.323],[7.361,46.325],[7.357,46.322],[7.354,46.327],[7.357,46.328],[7.354,46.329],[7.344,46.329],[7.343,46.328],[7.344,46.326],[7.341,46.325],[7.332,46.329],[7.328,46.329],[7.322,46.325],[7.31,46.328],[7.308,46.333],[7.293,46.333],[7.293,46.331],[7.291,46.33],[7.293,46.326],[7.29,46.324],[7.289,46.321],[7.283,46.318],[7.28,46.313],[7.267,46.309],[7.257,46.307],[7.25,46.309],[7.231,46.309],[7.217,46.312],[7.211,46.315],[7.206,46.312],[7.204,46.305]],[[7.575,46.398],[7.576,46.4],[7.591,46.406],[7.599,46.411],[7.595,46.412],[7.588,46.41],[7.575,46.403],[7.572,46.406],[7.567,46.402],[7.575,46.402],[7.574,46.4],[7.575,46.398]]],[[[7.595,46.447],[7.595,46.449],[7.598,46.451],[7.6,46.449],[7.598,46.446],[7.595,46.447]]],[[[8.28,46.545],[8.283,46.55],[8.293,46.549],[8.302,46.551],[8.306,46.554],[8.307,46.55],[8.306,46.547],[8.301,46.548],[8.301,46.545],[8.296,46.544],[8.289,46.546],[8.283,46.544],[8.28,46.545]]],[[[8.083,46.227],[8.08,46.22],[8.076,46.225],[8.077,46.228],[8.073,46.234],[8.057,46.245],[8.058,46.248],[8.068,46.251],[8.068,46.254],[8.072,46.257],[8.072,46.259],[8.067,46.261],[8.067,46.263],[8.068,46.265],[8.071,46.265],[8.075,46.263],[8.072,46.266],[8.076,46.268],[8.077,46.275],[8.087,46.28],[8.091,46.28],[8.097,46.284],[8.1,46.2815],[8.1,46.284],[8.097,46.288],[8.099,46.29],[8.098,46.299],[8.101,46.302],[8.107,46.303],[8.108,46.304],[8.105,46.306],[8.118,46.313],[8.114,46.315],[8.104,46.315],[8.094,46.312],[8.088,46.308],[8.084,46.308],[8.094,46.319],[8.089,46.324],[8.091,46.326],[8.099,46.328],[8.101,46.33],[8.107,46.325],[8.114,46.325],[8.117,46.323],[8.137,46.331],[8.143,46.326],[8.137,46.319],[8.14,46.318],[8.151,46.324],[8.156,46.325],[8.157,46.324],[8.158,46.319],[8.153,46.315],[8.153,46.31],[8.147,46.31],[8.15,46.308],[8.149,46.305],[8.151,46.303],[8.154,46.303],[8.154,46.306],[8.161,46.31],[8.162,46.313],[8.168,46.312],[8.164,46.31],[8.166,46.305],[8.169,46.308],[8.167,46.31],[8.169,46.312],[8.179,46.313],[8.185,46.317],[8.188,46.315],[8.192,46.316],[8.193,46.319],[8.195,46.32],[8.205,46.321],[8.207,46.328],[8.205,46.332],[8.206,46.335],[8.203,46.337],[8.205,46.338],[8.211,46.336],[8.221,46.348],[8.228,46.348],[8.231,46.35],[8.244,46.352],[8.235,46.361],[8.237,46.366],[8.248,46.369],[8.251,46.367],[8.254,46.369],[8.264,46.371],[8.266,46.375],[8.273,46.379],[8.284,46.38],[8.29,46.377],[8.296,46.377],[8.298,46.374],[8.297,46.372],[8.293,46.372],[8.284,46.365],[8.274,46.367],[8.264,46.366],[8.258,46.359],[8.258,46.354],[8.261,46.352],[8.261,46.348],[8.251,46.347],[8.247,46.342],[8.231,46.34],[8.226,46.337],[8.225,46.334],[8.219,46.33],[8.219,46.325],[8.215,46.323],[8.214,46.319],[8.211,46.316],[8.208,46.315],[8.204,46.317],[8.211,46.31],[8.204,46.307],[8.198,46.307],[8.198,46.305],[8.195,46.305],[8.191,46.302],[8.172,46.299],[8.165,46.296],[8.159,46.298],[8.152,46.298],[8.14,46.303],[8.136,46.303],[8.13,46.298],[8.121,46.295],[8.121,46.292],[8.118,46.29],[8.117,46.287],[8.104,46.279],[8.101500000000005,46.280249999999995],[8.103,46.279],[8.094,46.272],[8.081,46.266],[8.078,46.263],[8.078,46.261],[8.087,46.255],[8.097,46.256],[8.101,46.252],[8.108,46.25],[8.108,46.247],[8.111,46.245],[8.111,46.241],[8.114,46.238],[8.105,46.229],[8.093,46.228],[8.091,46.23],[8.094,46.232],[8.096,46.236],[8.092,46.232],[8.083,46.227]]],[[[8.257,46.613],[8.245,46.607],[8.243,46.609],[8.247,46.611],[8.245,46.612],[8.241,46.61],[8.237,46.611],[8.236,46.615],[8.242,46.622],[8.251,46.617],[8.255,46.618],[8.257,46.613]]],[[[8.062,46.684],[8.057,46.684],[8.066,46.694],[8.073,46.695],[8.076,46.691],[8.081,46.691],[8.062,46.684]]],[[[7.4,45.914],[7.398,45.919],[7.403,45.918],[7.404,45.919],[7.403,45.921],[7.406,45.923],[7.41,45.925],[7.413,45.924],[7.416,45.927],[7.416,45.929],[7.412,45.93],[7.412,45.932],[7.415,45.935],[7.426,45.937],[7.428,45.939],[7.425,45.941],[7.437,45.95],[7.449,45.962],[7.448,45.963],[7.442,45.96],[7.439,45.955],[7.435,45.955],[7.429,45.951],[7.423,45.952],[7.422,45.953],[7.423,45.956],[7.419,45.954],[7.413,45.957],[7.415,45.955],[7.413,45.953],[7.406,45.953],[7.394,45.949],[7.39,45.95],[7.39,45.955],[7.394,45.954],[7.396,45.957],[7.4,45.96],[7.403,45.96],[7.41,45.966],[7.411,45.973],[7.409,45.973],[7.41,45.971],[7.406,45.967],[7.393,45.969],[7.394,45.966],[7.39,45.965],[7.377,45.969],[7.375,45.973],[7.377,45.974],[7.381,45.972],[7.381,45.975],[7.379,45.977],[7.379,45.98],[7.376,45.982],[7.378,45.984],[7.377,45.993],[7.371,46.002],[7.368,46.004],[7.368,46.007],[7.366,46.009],[7.368,46.014],[7.367,46.018],[7.368,46.023],[7.366,46.025],[7.368,46.027],[7.364,46.031],[7.351,46.032],[7.349,46.034],[7.352,46.036],[7.35,46.043],[7.353,46.045],[7.351,46.046],[7.339,46.044],[7.332,46.047],[7.339,46.05],[7.337,46.051],[7.337,46.054],[7.335,46.056],[7.337,46.058],[7.335,46.061],[7.332,46.058],[7.328,46.06],[7.328,46.067],[7.319,46.067],[7.319,46.069],[7.313,46.071],[7.306,46.066],[7.302,46.067],[7.305,46.072],[7.303,46.074],[7.296,46.074],[7.301,46.076],[7.296,46.077],[7.293,46.08],[7.293,46.083],[7.296,46.083],[7.297,46.085],[7.294,46.09],[7.288,46.092],[7.287,46.094],[7.294,46.096],[7.298,46.099],[7.296,46.101],[7.292,46.101],[7.303,46.102],[7.309,46.098],[7.313,46.101],[7.319,46.099],[7.329,46.1],[7.331,46.099],[7.328,46.096],[7.335,46.095],[7.342,46.091],[7.345,46.092],[7.348,46.09],[7.355,46.09],[7.357,46.087],[7.361,46.088],[7.368,46.095],[7.374,46.093],[7.377,46.09],[7.374,46.088],[7.37,46.09],[7.361,46.083],[7.361,46.081],[7.371,46.084],[7.374,46.083],[7.373,46.081],[7.367,46.074],[7.367,46.072],[7.361,46.067],[7.361,46.065],[7.357,46.063],[7.358,46.062],[7.371,46.07],[7.371,46.066],[7.358,46.056],[7.371,46.061],[7.381,46.061],[7.381,46.059],[7.379,46.058],[7.38,46.056],[7.377,46.054],[7.377,46.049],[7.374,46.045],[7.374,46.04],[7.376,46.038],[7.373,46.036],[7.374,46.033],[7.381,46.04],[7.384,46.04],[7.387,46.036],[7.392,46.034],[7.389,46.025],[7.39,46.024],[7.413,46.024],[7.419,46.019],[7.427,46.016],[7.429,46.011],[7.429,46.013],[7.432,46.015],[7.435,46.01],[7.442,46.01],[7.445,46.001],[7.448,46.004],[7.466,45.998],[7.468,45.996],[7.466,46.002],[7.468,46.005],[7.479,45.998],[7.48,45.995],[7.477,45.994],[7.475,45.991],[7.477,45.988],[7.492,45.989],[7.49,45.986],[7.497,45.987],[7.498,45.986],[7.496,45.984],[7.5,45.982],[7.5,45.984],[7.51,45.984],[7.511,45.982],[7.504,45.977],[7.512,45.977],[7.518,45.982],[7.519,45.987],[7.523,45.987],[7.529,45.984],[7.532,45.99],[7.539,45.991],[7.542,45.988],[7.543,45.989],[7.535,45.993],[7.532,45.998],[7.531,45.995],[7.526,45.992],[7.523,45.995],[7.521,45.995],[7.522,46.0],[7.527,46.004],[7.527,46.007],[7.521,46.009],[7.521,46.011],[7.523,46.012],[7.526,46.011],[7.524,46.013],[7.524,46.016],[7.52,46.018],[7.523,46.02],[7.523,46.023],[7.521,46.025],[7.526,46.026],[7.529,46.021],[7.535,46.024],[7.552,46.024],[7.561,46.023],[7.564,46.022],[7.563,46.02],[7.565,46.02],[7.564,46.029],[7.565,46.03],[7.571,46.029],[7.574,46.026],[7.578,46.027],[7.581,46.025],[7.582,46.027],[7.579,46.029],[7.581,46.035],[7.586,46.033],[7.59,46.034],[7.597,46.031],[7.594,46.035],[7.585,46.038],[7.592,46.04],[7.587,46.042],[7.585,46.045],[7.594,46.047],[7.596,46.049],[7.586,46.054],[7.59,46.058],[7.597,46.059],[7.597,46.061],[7.59,46.065],[7.587,46.071],[7.578,46.074],[7.581,46.074],[7.582,46.076],[7.577,46.081],[7.58,46.083],[7.587,46.084],[7.591,46.081],[7.591,46.083],[7.594,46.085],[7.603,46.087],[7.607,46.091],[7.609,46.09],[7.611,46.085],[7.608,46.081],[7.612,46.074],[7.609,46.067],[7.61,46.057],[7.611,46.06],[7.616,46.064],[7.618,46.06],[7.623,46.059],[7.621,46.054],[7.626,46.052],[7.632,46.053],[7.636,46.057],[7.642,46.057],[7.644,46.056],[7.644,46.051],[7.641,46.049],[7.642,46.046],[7.646,46.049],[7.647,46.056],[7.649,46.057],[7.659,46.056],[7.665,46.058],[7.658,46.063],[7.657,46.065],[7.66,46.072],[7.658,46.074],[7.662,46.076],[7.659,46.078],[7.662,46.08],[7.662,46.083],[7.658,46.085],[7.66,46.087],[7.66,46.09],[7.665,46.092],[7.678,46.089],[7.686,46.094],[7.684,46.096],[7.687,46.098],[7.686,46.103],[7.688,46.108],[7.681,46.108],[7.676,46.112],[7.675,46.115],[7.677,46.116],[7.677,46.119],[7.682,46.119],[7.681,46.117],[7.678,46.116],[7.686,46.116],[7.688,46.118],[7.693,46.119],[7.681,46.122],[7.681,46.125],[7.678,46.129],[7.672,46.132],[7.675,46.134],[7.676,46.139],[7.673,46.139],[7.672,46.135],[7.669,46.137],[7.671,46.139],[7.671,46.143],[7.666,46.148],[7.67,46.15],[7.668,46.152],[7.665,46.149],[7.657,46.155],[7.662,46.157],[7.668,46.157],[7.672,46.154],[7.678,46.153],[7.682,46.15],[7.678,46.149],[7.672,46.143],[7.676,46.143],[7.677,46.146],[7.685,46.144],[7.686,46.148],[7.688,46.149],[7.694,46.147],[7.698,46.149],[7.708,46.148],[7.72,46.15],[7.718,46.152],[7.726,46.157],[7.724,46.161],[7.727,46.163],[7.733,46.164],[7.736,46.155],[7.738,46.159],[7.743,46.161],[7.743,46.164],[7.747,46.164],[7.749,46.161],[7.744,46.159],[7.746,46.157],[7.749,46.158],[7.752,46.157],[7.74,46.15],[7.743,46.145],[7.739,46.141],[7.743,46.14],[7.746,46.144],[7.749,46.144],[7.75,46.141],[7.755,46.137],[7.75,46.134],[7.751,46.132],[7.75,46.13],[7.743,46.125],[7.739,46.119],[7.738,46.114],[7.74,46.112],[7.738,46.11],[7.738,46.107],[7.734,46.103],[7.736,46.102],[7.739,46.104],[7.743,46.103],[7.742,46.101],[7.748,46.098],[7.74,46.094],[7.739,46.092],[7.736,46.092],[7.723,46.1],[7.717,46.084],[7.711,46.085],[7.711,46.087],[7.707,46.089],[7.708,46.087],[7.707,46.079],[7.712,46.076],[7.71,46.073],[7.713,46.075],[7.717,46.071],[7.733,46.069],[7.741,46.06],[7.733,46.053],[7.722,46.056],[7.716,46.054],[7.714,46.051],[7.704,46.049],[7.697,46.044],[7.701,46.04],[7.7,46.039],[7.697,46.038],[7.694,46.041],[7.692,46.04],[7.695,46.038],[7.697,46.033],[7.693,46.031],[7.694,46.029],[7.69,46.028],[7.689,46.031],[7.684,46.034],[7.683,46.033],[7.687,46.031],[7.684,46.029],[7.678,46.032],[7.665,46.034],[7.663,46.033],[7.668,46.031],[7.661,46.03],[7.655,46.022],[7.636,46.016],[7.632,46.019],[7.63,46.018],[7.631,46.015],[7.623,46.011],[7.616,46.01],[7.615,46.009],[7.617,46.004],[7.615,45.997],[7.61,45.994],[7.606,45.995],[7.605,45.993],[7.613,45.99],[7.619,45.994],[7.623,45.994],[7.629,45.991],[7.639,45.993],[7.648,45.99],[7.657,45.993],[7.665,45.993],[7.67,45.988],[7.678,45.984],[7.676,45.979],[7.677,45.978],[7.683,45.982],[7.69,45.984],[7.697,45.981],[7.71,45.982],[7.716,45.978],[7.719,45.978],[7.722,45.973],[7.727,45.972],[7.726,45.968],[7.721,45.963],[7.722,45.959],[7.729,45.964],[7.732,45.964],[7.739,45.958],[7.742,45.961],[7.745,45.959],[7.751,45.96],[7.751,45.957],[7.758,45.958],[7.761,45.956],[7.766,45.957],[7.768,45.955],[7.771,45.958],[7.784,45.954],[7.787,45.956],[7.793,45.953],[7.796,45.947],[7.799,45.95],[7.8,45.954],[7.803,45.954],[7.806,45.957],[7.815,45.954],[7.816,45.959],[7.822,45.959],[7.829,45.963],[7.826,45.968],[7.826,45.973],[7.824,45.974],[7.823,45.977],[7.829,45.979],[7.836,45.979],[7.837,45.981],[7.835,45.983],[7.837,45.986],[7.829,45.986],[7.809,45.99],[7.81,45.994],[7.813,45.995],[7.813,45.999],[7.826,45.998],[7.829,45.999],[7.828,46.001],[7.831,46.004],[7.828,46.006],[7.829,46.007],[7.836,46.008],[7.839,46.006],[7.842,46.011],[7.849,46.011],[7.859,46.015],[7.855,46.015],[7.849,46.018],[7.838,46.019],[7.835,46.022],[7.834,46.026],[7.836,46.029],[7.838,46.026],[7.842,46.026],[7.842,46.029],[7.845,46.033],[7.849,46.033],[7.851999999999999,46.035],[7.851,46.04],[7.856,46.046],[7.855,46.048],[7.847,46.053],[7.854,46.058],[7.865,46.06],[7.862,46.064],[7.862,46.069],[7.859,46.071],[7.855,46.071],[7.851,46.069],[7.858,46.066],[7.859,46.062],[7.855,46.061],[7.849,46.064],[7.843,46.064],[7.843,46.067],[7.846,46.069],[7.848,46.076],[7.856,46.079],[7.862,46.078],[7.864,46.08],[7.865,46.087],[7.864,46.089],[7.871,46.093],[7.871,46.096],[7.875,46.099],[7.877,46.098],[7.876,46.091],[7.883,46.091],[7.885,46.079],[7.888,46.085],[7.891,46.086],[7.894,46.083],[7.898,46.085],[7.903,46.082],[7.907,46.077],[7.91,46.077],[7.92,46.071],[7.93,46.067],[7.933,46.069],[7.936,46.068],[7.938,46.064],[7.936,46.062],[7.931,46.064],[7.93,46.066],[7.923,46.064],[7.926,46.062],[7.93,46.063],[7.931,46.062],[7.929,46.059],[7.932,46.055],[7.94,46.053],[7.94,46.05],[7.942,46.048],[7.942,46.046],[7.937,46.044],[7.935,46.039],[7.932,46.037],[7.93,46.03],[7.935,46.03],[7.939,46.035],[7.942,46.028],[7.946,46.035],[7.955,46.026],[7.956,46.023],[7.953,46.021],[7.953,46.019],[7.955,46.017],[7.954,46.012],[7.955,46.01],[7.958,46.016],[7.962,46.012],[7.965,46.014],[7.971,46.011],[7.975,46.012],[7.973,46.014],[7.972,46.019],[7.974,46.023],[7.973,46.026],[7.975,46.029],[7.979,46.028],[7.982,46.025],[7.986,46.025],[7.986,46.028],[7.997,46.027],[8.0,46.034],[8.002,46.034],[8.001,46.037],[7.984,46.037],[7.976,46.039],[7.975,46.044],[7.978,46.045],[7.979,46.05],[7.982,46.052],[7.983,46.055],[7.985,46.055],[7.988,46.06],[7.99,46.059],[7.988,46.055],[7.99,46.05],[7.992,46.05],[7.995,46.055],[8.007,46.049],[8.014,46.05],[8.013,46.057],[8.01,46.058],[8.008,46.064],[8.009,46.068],[8.004,46.07],[8.006,46.075],[8.011,46.077],[8.004,46.079],[8.005,46.082],[7.997,46.084],[7.997,46.086],[8.0,46.088],[8.0,46.093],[8.004,46.093],[8.008,46.096],[8.01,46.104],[8.004,46.109],[8.008,46.112],[8.008,46.114],[8.001,46.112],[7.996,46.115],[7.997,46.118],[8.008,46.126],[8.015,46.124],[8.015,46.127],[8.018,46.129],[8.02,46.126],[8.022,46.126],[8.021,46.131],[8.026,46.147],[8.031,46.149],[8.037,46.147],[8.044,46.148],[8.046,46.142],[8.045,46.138],[8.047,46.137],[8.05,46.144],[8.049,46.147],[8.051,46.147],[8.055,46.144],[8.054,46.14],[8.056,46.135],[8.059,46.138],[8.063,46.137],[8.066,46.141],[8.076,46.14],[8.079,46.143],[8.08,46.142],[8.08,46.137],[8.073,46.136],[8.06,46.126],[8.06,46.123],[8.05,46.128],[8.04,46.124],[8.048,46.12],[8.048,46.113],[8.065,46.111],[8.067,46.108],[8.055,46.104],[8.053,46.11],[8.046,46.102],[8.036,46.102],[8.031,46.095],[8.028,46.088],[8.028,46.084],[8.021,46.077],[8.024,46.07],[8.024,46.061],[8.028,46.059],[8.028,46.054],[8.031,46.052],[8.031,46.045],[8.02,46.039],[8.014,46.032],[8.015,46.03],[8.014,46.025],[8.011,46.021],[8.01,46.014],[8.003,46.013],[7.998,46.01],[7.997,46.007],[7.991,46.003],[7.991,46.001],[7.988,45.998],[7.968,46.0],[7.958,45.998],[7.942,45.999],[7.936,45.997],[7.926,45.997],[7.923,45.995],[7.907,45.996],[7.905,45.992],[7.897,45.984],[7.879,45.974],[7.878,45.961],[7.875,45.952],[7.872,45.95],[7.872,45.945],[7.869,45.943],[7.868,45.938],[7.876,45.929],[7.874,45.926],[7.864,45.919],[7.858,45.921],[7.848,45.921],[7.841,45.924],[7.832,45.924],[7.829,45.926],[7.825,45.926],[7.822,45.929],[7.819,45.929],[7.817,45.925],[7.812,45.922],[7.806,45.922],[7.803,45.919],[7.796,45.919],[7.792,45.921],[7.792,45.923],[7.783,45.929],[7.78,45.929],[7.775,45.932],[7.771,45.936],[7.767,45.935],[7.766,45.939],[7.761,45.941],[7.748,45.94],[7.74,45.934],[7.74,45.932],[7.734,45.93],[7.734,45.925],[7.732,45.924],[7.719,45.924],[7.714,45.928],[7.713,45.931],[7.708,45.934],[7.709,45.95],[7.702,45.952],[7.697,45.956],[7.687,45.956],[7.68,45.958],[7.676,45.961],[7.677,45.966],[7.667,45.973],[7.672,45.982],[7.671,45.984],[7.656,45.982],[7.661,45.981],[7.663,45.979],[7.649,45.977],[7.652,45.979],[7.646,45.984],[7.644,45.984],[7.644,45.982],[7.647,45.979],[7.645,45.975],[7.641,45.975],[7.643,45.973],[7.642,45.972],[7.622,45.972],[7.616,45.974],[7.61,45.969],[7.606,45.969],[7.599,45.97],[7.597,45.972],[7.587,45.972],[7.583,45.975],[7.584,45.978],[7.581,45.976],[7.579,45.977],[7.579,45.982],[7.572,45.986],[7.571,45.988],[7.568,45.988],[7.564,45.985],[7.548,45.986],[7.54,45.982],[7.538,45.977],[7.542,45.973],[7.543,45.966],[7.546,45.964],[7.543,45.962],[7.543,45.959],[7.539,45.959],[7.535,45.956],[7.532,45.958],[7.522,45.958],[7.516,45.963],[7.506,45.963],[7.503,45.96],[7.497,45.958],[7.477,45.954],[7.468,45.948],[7.471,45.944],[7.472,45.939],[7.468,45.936],[7.458,45.937],[7.455,45.934],[7.445,45.933],[7.435,45.926],[7.432,45.921],[7.426,45.917],[7.421,45.914],[7.416,45.914],[7.41,45.909],[7.406,45.909],[7.398,45.912],[7.4,45.914]],[[7.413,45.957],[7.419,45.961],[7.423,45.961],[7.43,45.966],[7.429,45.969],[7.425,45.966],[7.425,45.964],[7.416,45.962],[7.413,45.957]],[[7.665,46.058],[7.67,46.056],[7.671,46.054],[7.678,46.052],[7.679,46.054],[7.671,46.059],[7.665,46.058]],[[8.04,46.124],[8.037,46.126],[8.034,46.117],[8.04,46.117],[8.042,46.12],[8.04,46.12],[8.04,46.124]],[[7.907,46.046],[7.91,46.05],[7.915,46.053],[7.907,46.05],[7.904,46.047],[7.895,46.046],[7.907,46.046]],[[7.61,46.001],[7.612,46.006],[7.609,46.009],[7.609,46.011],[7.616,46.02],[7.613,46.024],[7.614,46.027],[7.617,46.029],[7.619,46.033],[7.623,46.034],[7.611,46.033],[7.613,46.022],[7.605,46.018],[7.603,46.011],[7.605,46.006],[7.604,46.004],[7.61,46.001]]],[[[7.319,45.984],[7.323,45.984],[7.328,45.98],[7.329,45.975],[7.327,45.973],[7.328,45.968],[7.33,45.966],[7.329,45.964],[7.326,45.966],[7.322,45.966],[7.319,45.964],[7.312,45.953],[7.313,45.948],[7.316,45.945],[7.321,45.946],[7.319,45.951],[7.326,45.958],[7.329,45.956],[7.332,45.957],[7.336,45.955],[7.34,45.95],[7.349,45.944],[7.343,45.941],[7.343,45.939],[7.34,45.937],[7.342,45.935],[7.342,45.932],[7.336,45.931],[7.332,45.928],[7.345,45.93],[7.361,45.928],[7.365,45.929],[7.377,45.923],[7.374,45.922],[7.373,45.919],[7.37,45.917],[7.370750000000001,45.91475],[7.377,45.921],[7.384,45.922],[7.387,45.917],[7.39,45.92],[7.393,45.919],[7.392,45.917],[7.394,45.915],[7.4,45.914],[7.394,45.913],[7.391,45.91],[7.394,45.91],[7.394,45.905],[7.387,45.9],[7.377,45.9],[7.374,45.903],[7.371,45.902],[7.368,45.905],[7.364,45.905],[7.365,45.908],[7.368,45.907],[7.368,45.909],[7.366,45.91],[7.369000000000005,45.913000000000004],[7.363,45.91],[7.354,45.91],[7.352,45.914],[7.345,45.916],[7.339,45.916],[7.336,45.914],[7.322,45.912],[7.313,45.918],[7.303,45.918],[7.3,45.921],[7.297,45.92],[7.294,45.923],[7.29,45.923],[7.287,45.918],[7.271,45.92],[7.271,45.922],[7.274,45.922],[7.278,45.925],[7.283,45.925],[7.288,45.93],[7.281,45.935],[7.281,45.932],[7.278,45.931],[7.271,45.934],[7.277,45.939],[7.268,45.951],[7.264,45.952],[7.265,45.955],[7.258,45.964],[7.25,45.97],[7.25,45.977],[7.252,45.978],[7.261,45.976],[7.264,45.977],[7.259,45.986],[7.252,45.99],[7.247,45.991],[7.246,45.995],[7.249,46.0],[7.264,46.005],[7.268,46.004],[7.269,46.002],[7.268,45.997],[7.271,45.994],[7.274,45.997],[7.274,45.999],[7.276,45.993],[7.279,45.993],[7.281,45.996],[7.284,45.992],[7.287,45.991],[7.285,45.988],[7.285,45.984],[7.287,45.982],[7.285,45.979],[7.287,45.979],[7.29,45.982],[7.294,45.979],[7.291,45.982],[7.293,45.987],[7.295,45.988],[7.295,45.991],[7.293,45.992],[7.29,45.998],[7.297,45.996],[7.307,45.988],[7.313,45.979],[7.315,45.971],[7.313,45.968],[7.316,45.968],[7.32,45.973],[7.317,45.982],[7.319,45.984]]],[[[7.319,45.984],[7.317,45.988],[7.325,45.991],[7.323,45.993],[7.326,45.996],[7.329,45.996],[7.332,45.993],[7.327,45.986],[7.319,45.984]]],[[[8.021,46.131],[8.014,46.127],[8.003,46.127],[7.998,46.124],[7.995,46.124],[7.994,46.122],[7.988,46.119],[7.985,46.12],[7.988,46.122],[7.985,46.127],[7.987,46.129],[7.98,46.131],[7.99,46.133],[7.985,46.135],[7.99,46.138],[7.99,46.14],[7.984,46.142],[7.985,46.148],[7.999,46.149],[8.002,46.151],[8.008,46.147],[8.008,46.143],[8.01,46.142],[8.011,46.139],[8.015,46.139],[8.011,46.142],[8.009,46.147],[8.015,46.151],[8.021,46.152],[8.022,46.151],[8.019,46.147],[8.021,46.14],[8.018,46.137],[8.014,46.136],[8.021,46.131]]],[[[7.658,46.074],[7.652,46.067],[7.65,46.067],[7.651,46.072],[7.655,46.075],[7.658,46.074]]],[[[8.002,46.151],[7.998,46.149],[7.989,46.15],[7.988,46.151],[7.99,46.156],[7.996,46.158],[7.989,46.159],[7.988,46.16],[7.991,46.163],[7.986,46.165],[7.979,46.162],[7.977,46.163],[7.977,46.165],[7.98,46.167],[7.976,46.17],[7.97,46.171],[7.967,46.174],[7.967,46.176],[7.974,46.178],[7.977,46.181],[7.976,46.184],[7.965,46.185],[7.966,46.19],[7.973,46.198],[7.976,46.195],[7.979,46.196],[7.975,46.199],[7.976,46.2],[7.983,46.2],[7.989,46.198],[7.999,46.188],[8.0,46.192],[7.998,46.194],[7.999,46.197],[8.005,46.196],[8.006,46.194],[8.004,46.192],[8.003,46.187],[8.018,46.186],[8.022,46.183],[8.02,46.18],[8.018,46.18],[8.015,46.174],[8.018,46.172],[8.021,46.177],[8.034,46.186],[8.037,46.185],[8.036,46.183],[8.037,46.18],[8.042,46.178],[8.034,46.174],[8.031,46.172],[8.025,46.17],[8.015,46.17],[8.012,46.168],[8.005,46.163],[8.004,46.16],[8.007,46.156],[8.005,46.153],[8.002,46.151]],[[8.031,46.176],[8.033,46.178],[8.031,46.179],[8.03,46.178],[8.031,46.176]]],[[[7.996,46.201],[7.989,46.2],[7.986,46.207],[7.994,46.21],[7.995,46.212],[7.991,46.214],[7.991,46.217],[7.993,46.218],[7.996,46.215],[8.019,46.215],[8.019,46.212],[8.008,46.212],[8.011,46.21],[8.006,46.208],[8.009,46.205],[8.002,46.204],[7.996,46.201]]],[[[7.909,46.374],[7.904,46.374],[7.903,46.381],[7.907,46.386],[7.91,46.387],[7.913,46.386],[7.909,46.374]]],[[[7.882,46.109],[7.878,46.108],[7.871,46.109],[7.87,46.111],[7.873,46.116],[7.862,46.112],[7.854,46.114],[7.856,46.116],[7.852,46.12],[7.85,46.127],[7.843,46.134],[7.853,46.138],[7.86,46.136],[7.853,46.141],[7.862,46.143],[7.87,46.143],[7.869,46.138],[7.872,46.139],[7.876,46.138],[7.871,46.147],[7.874,46.15],[7.879,46.15],[7.882,46.153],[7.885,46.152],[7.887,46.15],[7.887,46.145],[7.883,46.138],[7.879,46.136],[7.88,46.134],[7.879,46.132],[7.882,46.13],[7.892,46.137],[7.895,46.131],[7.892,46.127],[7.882,46.124],[7.876,46.12],[7.882,46.118],[7.885,46.114],[7.888,46.114],[7.882,46.109]]],[[[7.867,46.102],[7.859,46.096],[7.846,46.097],[7.843,46.096],[7.839,46.098],[7.834,46.098],[7.832,46.1],[7.833,46.101],[7.845,46.105],[7.84,46.106],[7.836,46.105],[7.83,46.107],[7.835,46.109],[7.837,46.112],[7.836,46.114],[7.84,46.116],[7.846,46.111],[7.856,46.111],[7.865,46.107],[7.867,46.105],[7.867,46.102]]],[[[7.853,46.514],[7.833,46.513],[7.83,46.514],[7.833,46.516],[7.843,46.516],[7.846,46.518],[7.86,46.519],[7.853,46.514]]],[[[7.84,46.082],[7.835,46.082],[7.832,46.085],[7.839,46.089],[7.836,46.092],[7.836,46.094],[7.852,46.094],[7.855,46.091],[7.853,46.089],[7.857,46.087],[7.852,46.086],[7.844,46.089],[7.843,46.085],[7.84,46.082]]],[[[7.817,46.548],[7.807,46.544],[7.8,46.549],[7.8,46.552],[7.803,46.555],[7.801,46.557],[7.797,46.557],[7.801,46.561],[7.81,46.558],[7.812,46.559],[7.814,46.564],[7.82,46.565],[7.823,46.563],[7.825,46.566],[7.823,46.568],[7.819,46.568],[7.828,46.57],[7.83,46.574],[7.833,46.571],[7.844,46.575],[7.846,46.578],[7.852,46.577],[7.846,46.569],[7.836,46.564],[7.844,46.564],[7.84,46.558],[7.83,46.562],[7.828,46.561],[7.829,46.559],[7.82,46.555],[7.817,46.548]]],[[[7.837,46.586],[7.83,46.582],[7.828,46.584],[7.827,46.589],[7.823,46.591],[7.826,46.588],[7.82,46.584],[7.819,46.586],[7.82,46.588],[7.817,46.593],[7.82,46.597],[7.816,46.6],[7.834,46.6],[7.834,46.597],[7.839,46.593],[7.835,46.591],[7.837,46.586]]],[[[7.821,46.521],[7.815,46.521],[7.815,46.528],[7.81,46.53],[7.811,46.532],[7.813,46.533],[7.817,46.532],[7.82,46.528],[7.819,46.523],[7.821,46.521]]],[[[7.802,46.235],[7.792,46.237],[7.789,46.235],[7.785,46.235],[7.782,46.238],[7.796,46.24],[7.8,46.238],[7.802,46.235]]],[[[7.779,46.221],[7.766,46.219],[7.763,46.22],[7.763,46.222],[7.759,46.221],[7.756,46.223],[7.753,46.22],[7.748,46.22],[7.753,46.229],[7.763,46.233],[7.767,46.231],[7.768,46.226],[7.77,46.226],[7.772,46.231],[7.782,46.227],[7.786,46.229],[7.786,46.226],[7.779,46.221]]],[[[7.766,46.183],[7.756,46.186],[7.759,46.19],[7.768,46.186],[7.766,46.183]]],[[[7.74,46.173],[7.736,46.169],[7.733,46.173],[7.73,46.174],[7.727,46.172],[7.721,46.173],[7.727,46.175],[7.725,46.179],[7.727,46.183],[7.723,46.184],[7.726,46.186],[7.727,46.189],[7.733,46.19],[7.742,46.195],[7.743,46.198],[7.746,46.194],[7.75,46.196],[7.752,46.193],[7.751,46.191],[7.758,46.184],[7.756,46.18],[7.759,46.183],[7.761,46.182],[7.761,46.179],[7.756,46.176],[7.753,46.178],[7.75,46.177],[7.75,46.175],[7.743,46.172],[7.74,46.173]],[[7.737,46.181],[7.739,46.184],[7.746,46.187],[7.748,46.191],[7.742,46.191],[7.743,46.188],[7.737,46.185],[7.733,46.186],[7.73,46.184],[7.733,46.181],[7.737,46.181]]],[[[7.76,46.206],[7.753,46.205],[7.751,46.206],[7.748,46.209],[7.749,46.215],[7.753,46.216],[7.752,46.213],[7.753,46.212],[7.76,46.211],[7.758,46.209],[7.76,46.206]]],[[[7.738,46.2],[7.733,46.195],[7.728,46.197],[7.732,46.2],[7.73,46.202],[7.733,46.205],[7.75,46.206],[7.751,46.2],[7.75,46.198],[7.746,46.198],[7.745,46.2],[7.738,46.2]]],[[[7.71,46.362],[7.708,46.36],[7.705,46.361],[7.708,46.365],[7.715,46.369],[7.718,46.37],[7.726,46.368],[7.724,46.366],[7.71,46.362]]],[[[7.659,46.204],[7.656,46.205],[7.653,46.209],[7.656,46.213],[7.664,46.213],[7.665,46.218],[7.662,46.224],[7.659,46.221],[7.656,46.222],[7.653,46.226],[7.646,46.229],[7.639,46.236],[7.645,46.238],[7.645,46.24],[7.642,46.247],[7.637,46.249],[7.638,46.252],[7.64,46.254],[7.644,46.251],[7.647,46.251],[7.645,46.254],[7.646,46.256],[7.653,46.255],[7.656,46.253],[7.664,46.254],[7.664,46.251],[7.66,46.249],[7.662,46.247],[7.659,46.242],[7.672,46.251],[7.674,46.247],[7.671,46.245],[7.672,46.243],[7.676,46.242],[7.683,46.245],[7.686,46.24],[7.682,46.238],[7.684,46.236],[7.682,46.234],[7.678,46.238],[7.677,46.236],[7.672,46.234],[7.677,46.231],[7.673,46.229],[7.679,46.224],[7.675,46.224],[7.67,46.22],[7.669,46.215],[7.672,46.211],[7.669,46.208],[7.659,46.204]]],[[[7.66,46.175],[7.656,46.177],[7.648,46.177],[7.656,46.18],[7.657,46.182],[7.669,46.182],[7.672,46.179],[7.662,46.177],[7.66,46.175]]],[[[7.546,46.141],[7.526,46.138],[7.525,46.139],[7.527,46.141],[7.526,46.144],[7.521,46.146],[7.524,46.148],[7.529,46.157],[7.533,46.157],[7.539,46.154],[7.545,46.155],[7.549,46.153],[7.551,46.15],[7.547,46.148],[7.548,46.146],[7.546,46.141]]],[[[7.522,46.148],[7.52,46.146],[7.517,46.148],[7.518,46.159],[7.516,46.165],[7.507,46.163],[7.499,46.166],[7.495,46.175],[7.497,46.177],[7.5,46.175],[7.506,46.175],[7.5,46.179],[7.497,46.178],[7.496,46.18],[7.516,46.182],[7.519,46.18],[7.518,46.177],[7.52,46.176],[7.526,46.181],[7.534,46.18],[7.524,46.171],[7.528,46.168],[7.538,46.166],[7.529,46.163],[7.528,46.159],[7.522,46.153],[7.521,46.15],[7.522,46.148]]],[[[7.442,46.056],[7.433,46.061],[7.429,46.059],[7.424,46.061],[7.425,46.065],[7.429,46.067],[7.425,46.072],[7.418,46.076],[7.427,46.076],[7.435,46.082],[7.445,46.082],[7.448,46.081],[7.448,46.076],[7.455,46.075],[7.459,46.072],[7.455,46.068],[7.452,46.071],[7.45,46.07],[7.445,46.064],[7.445,46.062],[7.449,46.058],[7.445,46.058],[7.442,46.056]]],[[[7.36,46.108],[7.355,46.102],[7.349,46.105],[7.351,46.107],[7.355,46.106],[7.355,46.109],[7.347,46.114],[7.351,46.117],[7.355,46.115],[7.36,46.108]]],[[[7.22,45.889],[7.214,45.889],[7.213,45.892],[7.216,45.895],[7.22,45.894],[7.223,45.895],[7.225,45.898],[7.224,45.907],[7.222,45.91],[7.226,45.912],[7.226,45.914],[7.222,45.919],[7.229,45.919],[7.232,45.917],[7.242,45.916],[7.245,45.919],[7.252,45.919],[7.254,45.916],[7.263,45.914],[7.265,45.912],[7.263,45.91],[7.265,45.909],[7.266,45.914],[7.271,45.918],[7.281,45.918],[7.284,45.916],[7.279,45.914],[7.281,45.912],[7.278,45.91],[7.278,45.907],[7.255,45.89],[7.242,45.896],[7.242,45.894],[7.239,45.892],[7.236,45.891],[7.223,45.893],[7.221,45.892],[7.22,45.889]],[[7.242,45.896],[7.239,45.901],[7.238,45.898],[7.242,45.896]]],[[[7.269,46.353],[7.263,46.346],[7.259,46.348],[7.262,46.353],[7.261,46.355],[7.263,46.357],[7.268,46.36],[7.277,46.36],[7.279,46.357],[7.269,46.353]]],[[[7.248,46.015],[7.239,46.007],[7.236,46.009],[7.234,46.011],[7.238,46.013],[7.235,46.015],[7.232,46.013],[7.232,46.016],[7.239,46.016],[7.242,46.019],[7.248,46.015]]],[[[7.117,46.217],[7.111,46.218],[7.116,46.222],[7.121,46.233],[7.124,46.232],[7.131,46.234],[7.135,46.233],[7.141,46.238],[7.134,46.234],[7.131,46.237],[7.124,46.238],[7.122,46.24],[7.124,46.242],[7.131,46.243],[7.131,46.247],[7.137,46.247],[7.14,46.254],[7.144,46.256],[7.145,46.26],[7.153,46.261],[7.155,46.263],[7.156,46.265],[7.153,46.267],[7.157,46.269],[7.155,46.272],[7.163,46.274],[7.165,46.276],[7.163,46.278],[7.163,46.281],[7.172,46.281],[7.173,46.284],[7.169,46.283],[7.168,46.285],[7.179,46.289],[7.185,46.287],[7.183,46.285],[7.184,46.278],[7.189,46.279],[7.191,46.281],[7.199,46.281],[7.196,46.269],[7.185,46.263],[7.186,46.26],[7.195,46.257],[7.199,46.259],[7.203,46.254],[7.2,46.249],[7.202,46.247],[7.218,46.245],[7.212,46.243],[7.205,46.243],[7.202,46.241],[7.186,46.241],[7.179,46.237],[7.17,46.239],[7.153,46.237],[7.15,46.236],[7.151,46.233],[7.145,46.231],[7.152,46.227],[7.152,46.224],[7.15,46.223],[7.134,46.23],[7.128,46.226],[7.124,46.226],[7.121,46.224],[7.12,46.222],[7.121,46.221],[7.125,46.22],[7.117,46.217]],[[7.147,46.244],[7.151,46.247],[7.15,46.249],[7.147,46.244]],[[7.15,46.249],[7.157,46.253],[7.153,46.254],[7.15,46.258],[7.149,46.256],[7.15,46.249]]],[[[7.197,45.867],[7.194,45.867],[7.195,45.874],[7.192,45.874],[7.191,45.872],[7.189,45.874],[7.19,45.876],[7.189,45.88],[7.191,45.883],[7.196,45.88],[7.2,45.88],[7.201,45.878],[7.197,45.876],[7.198,45.869],[7.197,45.867]]],[[[7.149,45.878],[7.136,45.878],[7.142,45.888],[7.146,45.887],[7.149,45.884],[7.158,45.886],[7.167,45.883],[7.167,45.88],[7.165,45.878],[7.152,45.881],[7.149,45.878]]],[[[7.116,46.188],[7.112,46.182],[7.107,46.188],[7.102,46.188],[7.1,46.19],[7.102,46.196],[7.086,46.192],[7.082,46.194],[7.075,46.199],[7.076,46.202],[7.072,46.206],[7.081,46.213],[7.082,46.216],[7.084,46.215],[7.084,46.213],[7.095,46.214],[7.097,46.213],[7.094,46.211],[7.101,46.208],[7.105,46.209],[7.106,46.211],[7.102,46.213],[7.108,46.215],[7.114,46.211],[7.114,46.208],[7.12,46.206],[7.108,46.205],[7.1,46.202],[7.103,46.199],[7.118,46.196],[7.125,46.198],[7.123,46.193],[7.116,46.188]]],[[[7.114,45.86],[7.107,45.859],[7.097,45.864],[7.097,45.866],[7.101,45.866],[7.104,45.863],[7.105,45.864],[7.094,45.871],[7.095,45.873],[7.092,45.878],[7.093,45.882],[7.081,45.887],[7.1,45.885],[7.099,45.882],[7.101,45.88],[7.107,45.88],[7.101,45.879],[7.1,45.878],[7.101,45.877],[7.104,45.876],[7.107,45.877],[7.11,45.874],[7.114,45.873],[7.11,45.873],[7.108,45.871],[7.11,45.87],[7.118,45.871],[7.12,45.873],[7.122,45.869],[7.12,45.867],[7.121,45.862],[7.12,45.861],[7.113,45.862],[7.114,45.86]]],[[[7.08,45.889],[7.077,45.889],[7.077,45.894],[7.066,45.9],[7.078,45.911],[7.081,45.91],[7.08,45.905],[7.083,45.903],[7.082,45.9],[7.092,45.896],[7.088,45.893],[7.084,45.893],[7.08,45.889]]],[[[7.055,45.936],[7.065,45.932],[7.062,45.934],[7.065,45.936],[7.068,45.934],[7.073,45.929],[7.068,45.925],[7.072,45.923],[7.071,45.918],[7.069,45.916],[7.063,45.916],[7.064,45.914],[7.058,45.912],[7.057,45.914],[7.047,45.92],[7.048,45.923],[7.044,45.925],[7.044,45.927],[7.041,45.929],[7.042,45.932],[7.039,45.933],[7.038,45.936],[7.035,45.938],[7.034,45.95],[7.038,45.952],[7.038,45.954],[7.016,45.96],[7.013,45.964],[7.008,45.967],[7.008,45.972],[7.017,45.981],[7.017,45.983],[7.011,45.988],[7.011,45.999],[6.993,46.0],[6.987,46.005],[6.984,46.005],[6.982,46.008],[6.983,46.017],[6.974,46.023],[6.974,46.026],[6.97,46.028],[6.971,46.029],[6.974,46.028],[6.977,46.03],[6.983,46.029],[6.987,46.031],[6.989,46.03],[6.99,46.026],[6.993,46.025],[6.997,46.028],[6.998,46.021],[6.997,46.019],[7.003,46.02],[7.016,46.018],[7.022,46.019],[7.028,46.017],[7.032,46.018],[7.035,46.012],[7.038,46.012],[7.045,46.007],[7.051,46.008],[7.043,46.013],[7.053,46.015],[7.053,46.013],[7.061,46.009],[7.062,46.006],[7.07,46.004],[7.068,46.0],[7.06,45.997],[7.061,45.992],[7.055,45.99],[7.054,45.986],[7.058,45.983],[7.053,45.979],[7.058,45.978],[7.064,45.981],[7.068,45.981],[7.071,45.979],[7.074,45.981],[7.076,45.974],[7.073,45.972],[7.072,45.968],[7.073,45.965],[7.076,45.963],[7.073,45.959],[7.075,45.956],[7.074,45.954],[7.071,45.953],[7.069,45.954],[7.068,45.958],[7.065,45.959],[7.065,45.952],[7.058,45.948],[7.054,45.941],[7.055,45.936]]],[[[6.896,46.05],[6.89,46.044],[6.883,46.044],[6.877,46.047],[6.873,46.047],[6.869,46.05],[6.869,46.052],[6.872,46.055],[6.872,46.059],[6.876,46.061],[6.875,46.066],[6.883,46.071],[6.885,46.07],[6.885,46.068],[6.881,46.066],[6.886,46.059],[6.897,46.064],[6.887,46.068],[6.889,46.07],[6.887,46.077],[6.888,46.082],[6.884,46.086],[6.884,46.097],[6.887,46.1],[6.887,46.102],[6.892,46.104],[6.891,46.106],[6.894,46.109],[6.893,46.12],[6.894,46.122],[6.892,46.125],[6.855,46.126],[6.853,46.128],[6.843,46.13],[6.84,46.132],[6.821,46.133],[6.814,46.132],[6.808,46.137],[6.797,46.137],[6.798,46.139],[6.816,46.14],[6.821,46.138],[6.822,46.14],[6.827,46.141],[6.83,46.14],[6.85,46.142],[6.853,46.14],[6.846,46.135],[6.85,46.134],[6.853,46.135],[6.855,46.138],[6.851,46.142],[6.856,46.146],[6.866,46.141],[6.869,46.142],[6.876,46.14],[6.876,46.137],[6.869,46.136],[6.868,46.138],[6.863,46.139],[6.857,46.138],[6.86,46.136],[6.885,46.135],[6.893,46.14],[6.894,46.145],[6.898,46.15],[6.911,46.153],[6.905,46.155],[6.901,46.153],[6.898,46.154],[6.898,46.158],[6.909,46.158],[6.914,46.163],[6.914,46.166],[6.921,46.166],[6.937,46.176],[6.94,46.175],[6.947,46.178],[6.95,46.167],[6.961,46.165],[6.95,46.161],[6.936,46.161],[6.935,46.158],[6.931,46.157],[6.927,46.159],[6.926,46.158],[6.929,46.156],[6.922,46.152],[6.919,46.145],[6.925,46.14],[6.924,46.137],[6.928,46.138],[6.931,46.136],[6.933,46.134],[6.931,46.131],[6.937,46.128],[6.942,46.129],[6.94,46.131],[6.94,46.134],[6.95,46.133],[6.957,46.13],[6.966,46.133],[6.972,46.136],[6.972,46.138],[6.976,46.139],[6.976,46.136],[6.981,46.134],[6.971,46.129],[6.97,46.126],[6.963,46.125],[6.959,46.122],[6.948,46.122],[6.944,46.124],[6.934,46.122],[6.931,46.116],[6.931,46.113],[6.933,46.111],[6.93,46.107],[6.931,46.105],[6.937,46.112],[6.955,46.109],[6.956,46.107],[6.955,46.104],[6.956,46.102],[6.951,46.098],[6.942,46.098],[6.94,46.095],[6.943,46.093],[6.941,46.09],[6.937,46.089],[6.939,46.084],[6.938,46.081],[6.931,46.08],[6.922,46.086],[6.918,46.086],[6.916,46.093],[6.926,46.102],[6.925,46.104],[6.921,46.103],[6.918,46.1],[6.912,46.099],[6.907,46.104],[6.905,46.11],[6.904,46.102],[6.899,46.095],[6.898,46.091],[6.905,46.084],[6.912,46.082],[6.91,46.073],[6.912,46.069],[6.906,46.069],[6.9,46.066],[6.902,46.064],[6.909,46.063],[6.912,46.067],[6.92,46.066],[6.913,46.062],[6.913,46.059],[6.909,46.054],[6.9,46.05],[6.896,46.05]]]]},"properties":{"value":120,"fill":"#0670B0","zIndex":5},"id":"4"},{"type":"Feature","geometry":{"type":"MultiPolygon","coordinates":[[[[10.1,46.837],[10.087,46.839],[10.089,46.842],[10.088,46.846],[10.083,46.846],[10.071,46.851],[10.065,46.851],[10.071,46.854],[10.079,46.853],[10.078,46.855],[10.081,46.856],[10.088,46.855],[10.088,46.853],[10.095,46.851],[10.094,46.848],[10.101,46.844],[10.1,46.837]]],[[[9.928,46.371],[9.924,46.37],[9.921,46.375],[9.915,46.374],[9.911,46.378],[9.911,46.382],[9.912,46.383],[9.915,46.382],[9.918,46.379],[9.925,46.388],[9.932,46.385],[9.935,46.382],[9.931,46.381],[9.928,46.371]]],[[[9.892,46.38],[9.889,46.378],[9.875,46.385],[9.876,46.387],[9.883,46.391],[9.892,46.387],[9.892,46.38]]],[[[9.836,46.364],[9.831,46.364],[9.824,46.371],[9.818,46.373],[9.826,46.377],[9.834,46.377],[9.837,46.381],[9.84,46.379],[9.844,46.379],[9.85,46.382],[9.865,46.379],[9.876,46.374],[9.877,46.372],[9.873,46.365],[9.855,46.365],[9.85,46.367],[9.843,46.364],[9.84,46.367],[9.836,46.364]]],[[[9.823,46.358],[9.816,46.352],[9.813,46.353],[9.81,46.351],[9.807,46.353],[9.81,46.365],[9.823,46.365],[9.827,46.364],[9.83,46.361],[9.827,46.359],[9.827,46.357],[9.823,46.358]]],[[[9.787,46.344],[9.774,46.338],[9.767,46.339],[9.765,46.34],[9.764,46.344],[9.761,46.343],[9.758,46.35],[9.751,46.349],[9.75,46.352],[9.751,46.354],[9.758,46.354],[9.761,46.352],[9.768,46.352],[9.771,46.35],[9.776,46.351],[9.774,46.357],[9.781,46.364],[9.782,46.358],[9.785,46.356],[9.785,46.353],[9.787,46.351],[9.794,46.351],[9.803,46.354],[9.806,46.353],[9.802,46.348],[9.8,46.347],[9.794,46.349],[9.796,46.346],[9.787,46.344]]],[[[9.685,46.301],[9.681,46.303],[9.678,46.307],[9.665,46.306],[9.665,46.315],[9.672,46.312],[9.675,46.314],[9.677,46.313],[9.678,46.309],[9.685,46.31],[9.688,46.306],[9.685,46.301]]],[[[9.642,46.289],[9.64,46.289],[9.64,46.291],[9.638,46.292],[9.631,46.293],[9.638,46.3],[9.642,46.3],[9.645,46.298],[9.647,46.293],[9.642,46.291],[9.642,46.289]]],[[[9.542,46.372],[9.533,46.372],[9.533,46.376],[9.535,46.378],[9.538,46.38],[9.541,46.379],[9.546,46.383],[9.535,46.391],[9.535,46.393],[9.545,46.388],[9.548,46.389],[9.548,46.387],[9.555,46.386],[9.558,46.384],[9.558,46.382],[9.553,46.38],[9.554,46.378],[9.551,46.374],[9.544,46.374],[9.542,46.372]]],[[[9.521,46.372],[9.505,46.372],[9.511,46.377],[9.511,46.383],[9.515,46.384],[9.522,46.379],[9.521,46.372]]],[[[9.504,46.372],[9.492,46.367],[9.491,46.368],[9.492,46.37],[9.494,46.37],[9.491,46.373],[9.49,46.379],[9.493,46.381],[9.496,46.375],[9.504,46.372]]],[[[9.467,46.386],[9.472,46.382],[9.473,46.377],[9.476,46.375],[9.486,46.378],[9.486,46.371],[9.481,46.37],[9.474,46.373],[9.473,46.375],[9.463,46.377],[9.467,46.386]]],[[[9.47,46.388],[9.47,46.384],[9.468,46.386],[9.47,46.388]]],[[[9.267,46.905],[9.263,46.904],[9.26,46.907],[9.253,46.91],[9.254,46.907],[9.25,46.904],[9.247,46.904],[9.246,46.908],[9.249,46.91],[9.249,46.914],[9.254,46.917],[9.257,46.916],[9.259,46.912],[9.267,46.905]]],[[[9.245,46.912],[9.24,46.911],[9.24,46.914],[9.245,46.919],[9.247,46.925],[9.251,46.925],[9.256,46.921],[9.248,46.917],[9.245,46.912]]],[[[9.174,46.877],[9.17,46.874],[9.167,46.876],[9.164,46.874],[9.157,46.878],[9.154,46.875],[9.149,46.875],[9.149,46.878],[9.147,46.88],[9.154,46.882],[9.157,46.881],[9.157,46.885],[9.164,46.887],[9.171,46.887],[9.187,46.883],[9.197,46.887],[9.204,46.888],[9.207,46.894],[9.214,46.895],[9.214,46.892],[9.206,46.886],[9.21,46.885],[9.213,46.881],[9.213,46.879],[9.21,46.877],[9.2,46.881],[9.193,46.881],[9.187,46.877],[9.18,46.875],[9.174,46.877]]],[[[8.927,46.802],[8.916,46.802],[8.917,46.807],[8.914,46.813],[8.919,46.818],[8.923,46.819],[8.926,46.814],[8.921,46.811],[8.922,46.806],[8.932,46.805],[8.935,46.807],[8.937,46.804],[8.927,46.802]]],[[[8.854,46.805],[8.851,46.805],[8.85,46.808],[8.844,46.808],[8.843,46.81],[8.848,46.816],[8.848,46.819],[8.841,46.817],[8.836,46.819],[8.835,46.823],[8.83,46.826],[8.83,46.83],[8.826,46.832],[8.825,46.835],[8.831,46.837],[8.838,46.836],[8.841,46.838],[8.845,46.836],[8.849,46.843],[8.848,46.851],[8.861,46.846],[8.874,46.846],[8.888,46.851],[8.897,46.85],[8.904,46.853],[8.905,46.852],[8.904,46.847],[8.892,46.838],[8.892,46.832],[8.894,46.829],[8.89,46.828],[8.884,46.821],[8.887,46.819],[8.893,46.821],[8.897,46.818],[8.895,46.816],[8.893,46.815],[8.883,46.818],[8.877,46.816],[8.874,46.814],[8.873,46.811],[8.87,46.811],[8.868,46.809],[8.857,46.809],[8.854,46.807],[8.854,46.805]]],[[[8.845,46.796],[8.828,46.799],[8.834,46.802],[8.844,46.802],[8.85,46.805],[8.852,46.803],[8.848,46.801],[8.845,46.796]]],[[[8.793,46.736],[8.783,46.733],[8.782,46.736],[8.783,46.738],[8.786,46.738],[8.789,46.741],[8.773,46.741],[8.769,46.745],[8.77,46.747],[8.774,46.75],[8.777,46.746],[8.783,46.746],[8.793,46.741],[8.803,46.741],[8.804,46.738],[8.8,46.736],[8.793,46.736]]],[[[8.526,46.795],[8.529,46.798],[8.536,46.797],[8.542,46.794],[8.553,46.793],[8.563,46.786],[8.555,46.784],[8.552,46.785],[8.546,46.782],[8.539,46.775],[8.54,46.773],[8.535,46.772],[8.538,46.775],[8.535,46.779],[8.529,46.778],[8.519,46.783],[8.514,46.782],[8.514,46.78],[8.51,46.777],[8.496,46.778],[8.493,46.776],[8.487,46.778],[8.49,46.784],[8.497,46.782],[8.508,46.786],[8.516,46.792],[8.521,46.789],[8.522,46.786],[8.525,46.786],[8.527,46.788],[8.526,46.795]]],[[[8.526,46.795],[8.519,46.793],[8.519,46.796],[8.526,46.795]]],[[[8.54,46.845],[8.53,46.844],[8.523,46.847],[8.523,46.849],[8.527,46.851],[8.545,46.849],[8.54,46.845]]],[[[8.501,46.843],[8.487,46.841],[8.484,46.843],[8.491,46.849],[8.497,46.85],[8.5,46.854],[8.504,46.853],[8.505,46.854],[8.504,46.856],[8.511,46.857],[8.515,46.854],[8.514,46.852],[8.512,46.852],[8.512,46.849],[8.505,46.849],[8.504,46.851],[8.503,46.849],[8.497,46.848],[8.497,46.844],[8.501,46.845],[8.504,46.849],[8.505,46.847],[8.501,46.843]]],[[[8.492,46.701],[8.487,46.701],[8.484,46.703],[8.477,46.71],[8.477,46.715],[8.472,46.716],[8.47,46.715],[8.476,46.708],[8.475,46.703],[8.464,46.71],[8.463,46.713],[8.466,46.715],[8.462,46.717],[8.469,46.718],[8.479,46.728],[8.485,46.724],[8.498,46.725],[8.501,46.724],[8.503,46.723],[8.501,46.723],[8.5,46.721],[8.503,46.719],[8.501,46.717],[8.505,46.717],[8.508,46.72],[8.511,46.717],[8.512,46.714],[8.508,46.707],[8.501,46.711],[8.491,46.713],[8.486,46.712],[8.491,46.711],[8.495,46.712],[8.497,46.71],[8.491,46.71],[8.49,46.706],[8.493,46.703],[8.492,46.701]]],[[[8.486,46.413],[8.469,46.415],[8.468,46.42],[8.472,46.422],[8.472,46.425],[8.474,46.425],[8.474,46.422],[8.476,46.421],[8.483,46.421],[8.492,46.418],[8.486,46.413]]],[[[8.371,46.716],[8.377,46.716],[8.38,46.719],[8.384,46.714],[8.387,46.717],[8.397,46.717],[8.398,46.715],[8.394,46.713],[8.396,46.711],[8.394,46.709],[8.395,46.706],[8.399,46.702],[8.396,46.701],[8.396,46.698],[8.401,46.702],[8.403,46.707],[8.406,46.707],[8.41,46.704],[8.416,46.708],[8.423,46.707],[8.433,46.71],[8.442,46.704],[8.439,46.701],[8.444,46.702],[8.449,46.706],[8.452,46.706],[8.455,46.704],[8.456,46.701],[8.459,46.7],[8.462,46.702],[8.459,46.702],[8.453,46.706],[8.453,46.708],[8.455,46.71],[8.459,46.71],[8.46,46.708],[8.467,46.706],[8.471,46.699],[8.468,46.695],[8.471,46.693],[8.475,46.693],[8.475,46.691],[8.471,46.687],[8.481,46.686],[8.483,46.683],[8.481,46.681],[8.485,46.679],[8.486,46.676],[8.483,46.674],[8.474,46.673],[8.472,46.677],[8.468,46.677],[8.466,46.679],[8.467,46.681],[8.465,46.682],[8.458,46.673],[8.454,46.674],[8.452,46.68],[8.449,46.679],[8.448,46.676],[8.445,46.676],[8.426,46.684],[8.428,46.686],[8.426,46.687],[8.413,46.689],[8.412,46.688],[8.411,46.686],[8.412,46.684],[8.42,46.682],[8.423,46.679],[8.415,46.677],[8.419,46.676],[8.421,46.672],[8.42,46.67],[8.425,46.668],[8.423,46.666],[8.423,46.663],[8.427,46.661],[8.424,46.659],[8.432,46.657],[8.429,46.659],[8.435,46.661],[8.437,46.659],[8.436,46.654],[8.438,46.65],[8.444,46.648],[8.442,46.645],[8.442,46.639],[8.444,46.636],[8.44,46.634],[8.444,46.629],[8.45,46.627],[8.437,46.624],[8.434,46.626],[8.431000000000003,46.625],[8.437,46.621],[8.436,46.616],[8.44,46.614],[8.431,46.607],[8.427,46.607],[8.425,46.605],[8.424,46.6],[8.422,46.605],[8.418,46.607],[8.419,46.61],[8.418,46.614],[8.415,46.617],[8.411,46.615],[8.409,46.614],[8.411,46.612],[8.417,46.614],[8.418,46.612],[8.408,46.604],[8.403,46.605],[8.407,46.603],[8.406,46.601],[8.408,46.598],[8.404,46.596],[8.403,46.601],[8.401,46.602],[8.395,46.598],[8.391,46.603],[8.388,46.604],[8.385,46.602],[8.378,46.601],[8.376,46.603],[8.377,46.617],[8.375,46.617],[8.373,46.621],[8.37,46.623],[8.369,46.63],[8.365,46.628],[8.363,46.631],[8.359,46.628],[8.358,46.633],[8.361,46.635],[8.36,46.637],[8.356,46.637],[8.353,46.639],[8.35,46.646],[8.347,46.649],[8.343,46.65],[8.341,46.648],[8.337,46.648],[8.342,46.653],[8.337,46.655],[8.344,46.662],[8.34,46.664],[8.34,46.667],[8.334,46.668],[8.326,46.676],[8.328,46.678],[8.333,46.675],[8.35,46.676],[8.355,46.675],[8.37,46.676],[8.376,46.679],[8.38,46.676],[8.381,46.677],[8.381,46.68],[8.384,46.682],[8.38,46.681],[8.378,46.682],[8.378,46.684],[8.389,46.686],[8.382,46.689],[8.39,46.69],[8.396,46.693],[8.397,46.695],[8.396,46.697],[8.393,46.693],[8.39,46.694],[8.386,46.692],[8.38,46.695],[8.387,46.697],[8.387,46.7],[8.391,46.702],[8.388,46.704],[8.392,46.706],[8.384,46.712],[8.382,46.707],[8.38,46.706],[8.379,46.711],[8.377,46.713],[8.373,46.711],[8.371,46.716]],[[8.468,46.695],[8.466,46.697],[8.465,46.697],[8.468,46.695]],[[8.430999999999996,46.62500000000001],[8.428,46.63],[8.425,46.63],[8.425,46.627],[8.428,46.627],[8.430999999999996,46.62500000000001]],[[8.412,46.657],[8.415,46.657],[8.414,46.661],[8.42,46.664],[8.412,46.666],[8.412,46.669],[8.41,46.668],[8.411,46.666],[8.408,46.661],[8.412,46.657]]],[[[8.371,46.716],[8.367,46.712],[8.367,46.716],[8.365,46.718],[8.367,46.719],[8.371,46.716]]],[[[8.467,46.764],[8.463,46.765],[8.462,46.767],[8.465,46.769],[8.463,46.77],[8.456,46.769],[8.45,46.766],[8.442,46.771],[8.443,46.774],[8.444,46.775],[8.447,46.773],[8.459,46.773],[8.463,46.777],[8.471,46.771],[8.47,46.767],[8.468,46.767],[8.467,46.764]]],[[[8.434,46.774],[8.422,46.774],[8.422,46.776],[8.426,46.78],[8.426,46.783],[8.431,46.785],[8.437,46.785],[8.433,46.778],[8.435,46.776],[8.434,46.774]]],[[[8.372,46.594],[8.363,46.597],[8.362,46.602],[8.359,46.598],[8.356,46.601],[8.35,46.603],[8.365,46.604],[8.372,46.599],[8.372,46.594]]],[[[8.317,46.426],[8.308,46.426],[8.31,46.438],[8.314,46.441],[8.334,46.444],[8.343,46.441],[8.337,46.435],[8.327,46.431],[8.324,46.428],[8.32,46.428],[8.317,46.426]]],[[[8.222,46.591],[8.225,46.592],[8.228,46.588],[8.222,46.591]]],[[[8.156,46.58],[8.15,46.578],[8.146,46.579],[8.145,46.582],[8.14,46.585],[8.133,46.586],[8.131,46.589],[8.133,46.591],[8.125,46.594],[8.116,46.594],[8.112,46.592],[8.112,46.589],[8.109,46.589],[8.105,46.592],[8.107,46.595],[8.113,46.598],[8.107,46.599],[8.106,46.596],[8.104,46.595],[8.102,46.596],[8.103,46.601],[8.101,46.606],[8.098,46.604],[8.091,46.607],[8.084,46.607],[8.088,46.616],[8.091,46.61],[8.095,46.609],[8.101,46.612],[8.104,46.611],[8.108,46.612],[8.111,46.616],[8.115,46.618],[8.114,46.621],[8.118,46.625],[8.117,46.632],[8.121,46.635],[8.115,46.639],[8.115,46.641],[8.13,46.645],[8.128,46.647],[8.121,46.646],[8.118,46.648],[8.131,46.653],[8.134,46.65],[8.134,46.647],[8.137,46.647],[8.145,46.65],[8.144,46.652],[8.147,46.655],[8.154,46.656],[8.155,46.654],[8.16,46.652],[8.164,46.641],[8.163,46.638],[8.167,46.635],[8.176,46.634],[8.17,46.629],[8.179,46.623],[8.187,46.614],[8.187,46.611],[8.181,46.607],[8.181,46.605],[8.186,46.6],[8.192,46.597],[8.196,46.601],[8.202,46.598],[8.216,46.6],[8.218,46.591],[8.215,46.588],[8.208,46.587],[8.203,46.589],[8.186,46.588],[8.182,46.591],[8.182,46.593],[8.169,46.596],[8.163,46.601],[8.16,46.599],[8.158,46.6],[8.156,46.604],[8.15,46.6],[8.16,46.595],[8.167,46.584],[8.166,46.582],[8.162,46.582],[8.159,46.584],[8.159,46.587],[8.153,46.59],[8.151,46.589],[8.153,46.587],[8.149,46.585],[8.149,46.582],[8.156,46.58]]],[[[7.983,46.457],[7.979,46.455],[7.977,46.457],[7.976,46.46],[7.979,46.466],[7.976,46.469],[7.972,46.466],[7.972,46.469],[7.976,46.473],[7.972,46.475],[7.969,46.475],[7.967,46.473],[7.97,46.471],[7.966,46.468],[7.964,46.469],[7.965,46.473],[7.959,46.474],[7.95,46.467],[7.941,46.466],[7.941,46.471],[7.937,46.473],[7.933,46.469],[7.917,46.468],[7.915,46.476],[7.918,46.478],[7.918,46.482],[7.915,46.489],[7.924,46.499],[7.932,46.502],[7.933,46.505],[7.937,46.508],[7.944,46.511],[7.949,46.511],[7.963,46.515],[7.968,46.518],[7.969,46.52],[7.968,46.523],[7.97,46.524],[7.97,46.526],[7.968,46.532],[7.97,46.533],[7.97,46.535],[7.967,46.533],[7.965,46.534],[7.965,46.536],[7.967,46.541],[7.971,46.543],[7.97,46.545],[7.972,46.55],[7.966,46.55],[7.966,46.547],[7.958,46.543],[7.965,46.541],[7.957,46.537],[7.954,46.538],[7.954,46.541],[7.947,46.543],[7.947,46.545],[7.95,46.548],[7.955,46.547],[7.952,46.55],[7.955,46.552],[7.963,46.552],[7.968,46.554],[7.962,46.556],[7.964,46.557],[7.973,46.56],[7.975,46.559],[7.972,46.556],[7.973,46.554],[7.983,46.55],[7.986,46.553],[7.997,46.558],[7.996,46.561],[8.0,46.565],[8.0,46.567],[8.006,46.567],[8.01,46.57],[8.013,46.575],[8.021,46.572],[8.019,46.569],[8.024,46.572],[8.02,46.576],[8.035,46.577],[8.039,46.576],[8.032,46.576],[8.028,46.574],[8.035,46.571],[8.048,46.571],[8.051,46.569],[8.068,46.572],[8.069,46.569],[8.068,46.567],[8.071,46.562],[8.065,46.562],[8.058,46.565],[8.048,46.561],[8.029,46.568],[8.028,46.567],[8.029,46.565],[8.032,46.565],[8.041,46.56],[8.055,46.558],[8.059,46.556],[8.058,46.553],[8.063,46.556],[8.077,46.558],[8.077,46.56],[8.081,46.562],[8.074,46.568],[8.078,46.573],[8.081,46.571],[8.084,46.572],[8.093,46.569],[8.093,46.574],[8.091,46.578],[8.094,46.581],[8.099,46.578],[8.107,46.568],[8.114,46.575],[8.109,46.58],[8.108,46.583],[8.111,46.584],[8.114,46.588],[8.123,46.589],[8.124,46.591],[8.129,46.589],[8.125,46.587],[8.124,46.584],[8.12,46.583],[8.12,46.581],[8.124,46.581],[8.127,46.579],[8.133,46.583],[8.137,46.583],[8.14,46.577],[8.15,46.574],[8.153,46.569],[8.152,46.567],[8.153,46.565],[8.156,46.566],[8.157,46.564],[8.148,46.562],[8.152,46.555],[8.156,46.553],[8.172,46.557],[8.176,46.555],[8.172,46.553],[8.168,46.548],[8.169,46.547],[8.172,46.546],[8.171,46.548],[8.172,46.549],[8.182,46.549],[8.185,46.552],[8.188,46.548],[8.184,46.546],[8.188,46.544],[8.192,46.544],[8.189,46.546],[8.19,46.551],[8.195,46.551],[8.199,46.553],[8.208,46.552],[8.209,46.55],[8.204,46.548],[8.2,46.544],[8.202,46.541],[8.201,46.54],[8.192,46.537],[8.187,46.537],[8.191,46.534],[8.196,46.535],[8.201,46.533],[8.208,46.533],[8.208,46.53],[8.204,46.531],[8.201,46.528],[8.215,46.526],[8.214,46.524],[8.211,46.526],[8.206,46.523],[8.206,46.519],[8.209,46.514],[8.205,46.512],[8.206,46.51],[8.194,46.509],[8.191,46.512],[8.188,46.51],[8.181,46.509],[8.175,46.513],[8.172,46.513],[8.17,46.51],[8.172,46.509],[8.171,46.505],[8.163,46.508],[8.164,46.51],[8.162,46.513],[8.159,46.511],[8.157,46.513],[8.157,46.515],[8.16,46.517],[8.159,46.52],[8.155,46.519],[8.152,46.521],[8.146,46.52],[8.138,46.528],[8.136,46.532],[8.132,46.533],[8.133,46.539],[8.137,46.54],[8.13,46.544],[8.120357142857141,46.54592857142857],[8.121,46.544],[8.125,46.542],[8.124,46.537],[8.122,46.535],[8.129,46.533],[8.138,46.526],[8.133,46.522],[8.12,46.523],[8.116,46.526],[8.113,46.524],[8.116,46.521],[8.129,46.518],[8.144,46.508],[8.142,46.506],[8.129,46.506],[8.127,46.501],[8.122,46.497],[8.12,46.493],[8.123,46.486],[8.119,46.483],[8.109,46.487],[8.106,46.487],[8.103,46.484],[8.101,46.486],[8.101,46.488],[8.104,46.49],[8.1,46.492],[8.098,46.495],[8.107,46.497],[8.096,46.498],[8.095,46.502],[8.09,46.502],[8.087,46.504],[8.085,46.511],[8.091,46.513],[8.08,46.514],[8.077,46.516],[8.08,46.512],[8.083,46.511],[8.083,46.508],[8.077,46.507],[8.073,46.509],[8.068,46.509],[8.064,46.507],[8.061,46.509],[8.068,46.513],[8.066,46.518],[8.061,46.518],[8.057,46.515],[8.048,46.515],[8.042,46.518],[8.04,46.522],[8.032,46.53],[8.028,46.529],[8.03,46.525],[8.027,46.522],[8.028,46.521],[8.04,46.518],[8.04,46.509],[8.037,46.5],[8.037,46.497],[8.039,46.495],[8.028,46.492],[8.026,46.491],[8.025,46.488],[8.021,46.487],[8.015,46.49],[8.012,46.489],[8.017,46.484],[8.012,46.482],[8.005,46.483],[8.002,46.485],[7.999,46.483],[7.995,46.483],[7.989,46.478],[7.986,46.478],[7.985,46.475],[7.98,46.473],[7.985,46.469],[7.985,46.466],[7.988,46.464],[7.985,46.462],[7.983,46.457]],[[8.175,46.529],[8.178,46.533],[8.177,46.535],[8.183,46.542],[8.175,46.54],[8.175,46.537],[8.171,46.535],[8.175,46.529]],[[8.146,46.548],[8.149,46.551],[8.141,46.555],[8.14,46.557],[8.136,46.557],[8.131,46.56],[8.133,46.562],[8.13,46.564],[8.126,46.564],[8.135,46.555],[8.144,46.551],[8.146,46.548]],[[8.118928571428572,46.54742857142857],[8.117,46.55],[8.115,46.549],[8.118928571428572,46.54742857142857]],[[8.015,46.504],[8.023,46.507],[8.022,46.511],[8.018,46.512],[8.021,46.509],[8.015,46.505],[8.008,46.504],[8.015,46.504]],[[7.947086538461539,46.48179807692308],[7.95,46.475],[7.953,46.474],[7.96,46.478],[7.947086538461539,46.48179807692308]],[[7.937,46.487],[7.937,46.49],[7.936,46.489],[7.937,46.487]],[[7.937,46.487],[7.935,46.482],[7.946399999999995,46.482],[7.943,46.483],[7.937,46.487]]],[[[8.185,46.304],[8.178,46.3],[8.169,46.301],[8.168,46.303],[8.175,46.306],[8.172,46.308],[8.175,46.309],[8.185,46.306],[8.192,46.307],[8.193,46.305],[8.192,46.303],[8.185,46.304]]],[[[8.167,46.566],[8.162,46.564],[8.156,46.567],[8.157,46.569],[8.153,46.571],[8.155,46.573],[8.154,46.576],[8.158,46.576],[8.159,46.573],[8.166,46.573],[8.167,46.571],[8.164,46.569],[8.167,46.566]]],[[[8.132,46.301],[8.123,46.3],[8.119,46.304],[8.123,46.304],[8.128,46.31],[8.133,46.311],[8.135,46.313],[8.139,46.312],[8.139,46.31],[8.143,46.309],[8.146,46.306],[8.143,46.304],[8.135,46.304],[8.132,46.301]]],[[[8.117,46.29],[8.113,46.289],[8.105,46.299],[8.113,46.301],[8.112,46.304],[8.114,46.305],[8.125,46.297],[8.12,46.295],[8.12,46.293],[8.117,46.29]]],[[[8.102,46.238],[8.09,46.239],[8.087,46.237],[8.083,46.241],[8.077,46.24],[8.072,46.243],[8.089,46.248],[8.087,46.249],[8.08,46.247],[8.077,46.248],[8.082,46.257],[8.087,46.255],[8.097,46.255],[8.099,46.252],[8.097,46.25],[8.1,46.252],[8.103,46.25],[8.107,46.25],[8.107,46.247],[8.11,46.246],[8.11,46.24],[8.102,46.238]]],[[[8.044,46.48],[8.041,46.475],[8.038,46.475],[8.02,46.482],[8.025,46.483],[8.031,46.481],[8.044,46.48]]],[[[8.026,46.446],[8.014,46.445],[8.01,46.448],[8.01,46.45],[8.005,46.451],[8.0,46.459],[8.002,46.462],[8.0,46.466],[8.004,46.471],[8.002,46.473],[7.998,46.471],[7.997,46.468],[7.992,46.467],[7.989,46.468],[7.989,46.473],[7.999,46.479],[8.021,46.479],[8.027,46.473],[8.028,46.467],[8.024,46.468],[8.021,46.467],[8.014,46.462],[8.02,46.455],[8.017,46.453],[8.018,46.452],[8.021,46.453],[8.024,46.449],[8.027,46.448],[8.026,46.446]]],[[[8.019,46.432],[8.001,46.429],[8.0,46.435],[8.005,46.436],[8.003,46.441],[8.006,46.444],[8.008,46.445],[8.014,46.442],[8.024,46.443],[8.026,46.441],[8.026,46.439],[8.021,46.434],[8.014,46.438],[8.019,46.432]]],[[[7.992,46.446],[7.989,46.449],[7.983,46.451],[7.986,46.455],[7.99,46.457],[7.986,46.46],[7.986,46.462],[7.989,46.464],[7.996,46.462],[7.997,46.45],[7.995,46.447],[7.992,46.446]]],[[[7.992,46.446],[7.994,46.444],[7.992,46.443],[7.991,46.444],[7.992,46.446]]],[[[7.842,45.988],[7.839,45.99],[7.844,45.992],[7.848,45.998],[7.852,45.997],[7.855,45.992],[7.856,45.997],[7.851,46.001],[7.851,46.004],[7.853,46.006],[7.861,46.006],[7.867,46.008],[7.868,46.01],[7.862,46.013],[7.865,46.013],[7.874,46.018],[7.884,46.02],[7.889,46.026],[7.893,46.035],[7.891,46.036],[7.887,46.033],[7.883,46.033],[7.881,46.031],[7.881,46.025],[7.878,46.023],[7.867,46.03],[7.869,46.033],[7.868,46.034],[7.863,46.035],[7.866,46.037],[7.864,46.044],[7.868,46.047],[7.878,46.047],[7.881,46.049],[7.884,46.047],[7.888,46.048],[7.889,46.044],[7.888,46.042],[7.891,46.04],[7.893,46.042],[7.907,46.044],[7.913,46.049],[7.917,46.05],[7.92,46.05],[7.922,46.048],[7.923,46.041],[7.925,46.044],[7.933,46.043],[7.933,46.041],[7.93,46.039],[7.931,46.037],[7.928,46.035],[7.926,46.031],[7.923,46.033],[7.919,46.03],[7.916,46.024],[7.91,46.022],[7.903,46.015],[7.901,46.015],[7.905,46.012],[7.905,46.006],[7.907,46.005],[7.912,46.01],[7.908,46.012],[7.909,46.015],[7.916,46.02],[7.92,46.017],[7.926,46.021],[7.93,46.021],[7.933,46.023],[7.942,46.02],[7.945,46.024],[7.949,46.024],[7.949,46.02],[7.945,46.018],[7.944,46.014],[7.947,46.012],[7.947,46.01],[7.949,46.009],[7.952,46.011],[7.955,46.006],[7.968,46.007],[7.972,46.005],[7.971,46.002],[7.968,46.004],[7.966,46.003],[7.968,46.001],[7.955,45.998],[7.952,46.0],[7.929,46.0],[7.924,45.999],[7.923,45.996],[7.913,45.997],[7.907,45.996],[7.901,45.99],[7.9,45.987],[7.887,45.978],[7.878,45.974],[7.878,45.965],[7.874,45.952],[7.873,45.954],[7.864,45.958],[7.861,45.962],[7.846,45.965],[7.847,45.968],[7.844,45.972],[7.849,45.979],[7.848,45.987],[7.849,45.988],[7.842,45.988]],[[7.894,46.007],[7.9,46.008],[7.89,46.009],[7.887,46.012],[7.881,46.013],[7.878,46.008],[7.872,46.008],[7.894,46.007]]],[[[7.916,46.428],[7.913,46.428],[7.91,46.431],[7.914,46.432],[7.927,46.442],[7.933,46.441],[7.938,46.444],[7.937,46.446],[7.943,46.448],[7.946,46.452],[7.953,46.446],[7.951,46.442],[7.947,46.439],[7.936,46.439],[7.929,46.437],[7.927,46.439],[7.924,46.437],[7.925,46.435],[7.916,46.428]]],[[[7.953,46.446],[7.958,46.448],[7.956,46.451],[7.952,46.453],[7.95,46.46],[7.956,46.462],[7.959,46.468],[7.964,46.464],[7.964,46.453],[7.967,46.451],[7.966,46.449],[7.96,46.448],[7.966,46.448],[7.967,46.446],[7.956,46.444],[7.953,46.446]]],[[[7.951,46.41],[7.938,46.41],[7.944,46.412],[7.933,46.416],[7.931,46.419],[7.933,46.42],[7.949,46.414],[7.956,46.417],[7.958,46.415],[7.957,46.412],[7.951,46.41]]],[[[7.921,46.41],[7.917,46.407],[7.913,46.409],[7.91,46.414],[7.904,46.415],[7.896,46.419],[7.894,46.422],[7.9,46.425],[7.904,46.425],[7.907,46.422],[7.91,46.425],[7.913,46.425],[7.917,46.428],[7.923,46.429],[7.931,46.433],[7.943,46.433],[7.944,46.428],[7.946,46.426],[7.943,46.425],[7.936,46.428],[7.926,46.423],[7.92,46.423],[7.917,46.42],[7.913,46.42],[7.923,46.417],[7.925,46.415],[7.916,46.415],[7.921,46.41]]],[[[7.916,46.478],[7.914,46.477],[7.911,46.481],[7.907,46.477],[7.904,46.477],[7.899,46.48],[7.907,46.488],[7.911,46.488],[7.911,46.485],[7.916,46.482],[7.916,46.478]]],[[[7.902,46.057],[7.888,46.049],[7.886,46.051],[7.885,46.055],[7.887,46.06],[7.894,46.069],[7.902,46.069],[7.905,46.064],[7.902,46.057]]],[[[7.883,46.053],[7.878,46.051],[7.868,46.053],[7.867,46.055],[7.871,46.057],[7.869,46.06],[7.87,46.066],[7.878,46.071],[7.881,46.07],[7.886,46.064],[7.886,46.062],[7.883,46.06],[7.883,46.053]]],[[[7.873,46.39],[7.865,46.39],[7.865,46.393],[7.863,46.393],[7.864,46.39],[7.859,46.39],[7.86,46.393],[7.856,46.395],[7.85,46.402],[7.848,46.407],[7.858,46.409],[7.861,46.411],[7.868,46.411],[7.871,46.414],[7.874,46.412],[7.881,46.414],[7.881,46.404],[7.876,46.402],[7.877,46.397],[7.874,46.392],[7.87,46.393],[7.873,46.39]]],[[[7.871,46.019],[7.852,46.019],[7.858,46.02],[7.865,46.027],[7.875,46.021],[7.871,46.019]]],[[[7.865,45.92],[7.86,45.92],[7.858,45.922],[7.845,45.922],[7.844,45.923],[7.849,45.925],[7.824,45.936],[7.819,45.94],[7.816,45.94],[7.815,45.943],[7.822,45.948],[7.832,45.946],[7.84,45.947],[7.83,45.952],[7.832,45.955],[7.838,45.953],[7.842,45.957],[7.848,45.958],[7.861,45.951],[7.856,45.956],[7.856,45.959],[7.859,45.959],[7.87,45.95],[7.871,45.947],[7.867,45.945],[7.864,45.948],[7.863,45.947],[7.868,45.943],[7.867,45.939],[7.863,45.941],[7.86,45.941],[7.858,45.939],[7.853,45.941],[7.852,45.936],[7.854,45.935],[7.858,45.937],[7.867,45.937],[7.875,45.929],[7.865,45.92]]],[[[7.774,46.436],[7.77,46.435],[7.767,46.438],[7.772,46.442],[7.776,46.449],[7.782,46.451],[7.779,46.456],[7.784,46.46],[7.783,46.463],[7.789,46.465],[7.786,46.467],[7.786,46.469],[7.798,46.476],[7.791,46.476],[7.786,46.481],[7.787,46.483],[7.8,46.491],[7.811,46.494],[7.826,46.502],[7.829,46.5],[7.84,46.501],[7.846,46.496],[7.85,46.496],[7.852,46.494],[7.848,46.492],[7.852,46.489],[7.855,46.489],[7.859,46.493],[7.863,46.494],[7.864,46.487],[7.87,46.485],[7.871,46.483],[7.865,46.481],[7.865,46.479],[7.87,46.476],[7.864,46.471],[7.862,46.47],[7.859,46.473],[7.853,46.471],[7.855,46.469],[7.86,46.469],[7.842,46.464],[7.839,46.46],[7.832,46.464],[7.829,46.464],[7.823,46.456],[7.819,46.455],[7.816,46.457],[7.814,46.456],[7.813,46.453],[7.8,46.452],[7.797,46.448],[7.789,46.445],[7.784,46.44],[7.777,46.441],[7.774,46.436]]],[[[7.783,45.93],[7.78,45.929],[7.776,45.932],[7.778,45.934],[7.772,45.943],[7.774,45.948],[7.777,45.945],[7.78,45.946],[7.787,45.943],[7.788,45.941],[7.785,45.939],[7.787,45.934],[7.782,45.932],[7.783,45.93]]],[[[7.787,45.934],[7.789,45.939],[7.796,45.943],[7.796,45.945],[7.803,45.944],[7.81,45.938],[7.809133333333332,45.934099999999994],[7.813,45.937],[7.814,45.934],[7.809111111111109,45.934],[7.808,45.929],[7.805,45.927],[7.81,45.927],[7.812,45.929],[7.816,45.927],[7.816,45.925],[7.812,45.922],[7.809,45.923],[7.804,45.921],[7.793,45.92],[7.793,45.923],[7.786,45.927],[7.787,45.929],[7.793,45.926],[7.795,45.927],[7.79,45.933],[7.787,45.934]]],[[[7.768,46.505],[7.766,46.508],[7.771,46.513],[7.777,46.512],[7.779,46.51],[7.777,46.505],[7.79,46.5],[7.797,46.499],[7.791,46.496],[7.784,46.497],[7.778,46.494],[7.765,46.496],[7.765,46.499],[7.762,46.503],[7.764,46.505],[7.768,46.505]],[[7.768,46.505],[7.768,46.503],[7.771,46.501],[7.773,46.503],[7.771,46.505],[7.768,46.505]]],[[[7.733,45.925],[7.718,45.925],[7.713,45.932],[7.709,45.934],[7.709,45.946],[7.713,45.95],[7.712,45.955],[7.706,45.957],[7.708,45.955],[7.706,45.953],[7.697,45.959],[7.686,45.961],[7.68,45.968],[7.681,45.973],[7.69,45.973],[7.693,45.97],[7.71,45.967],[7.714,45.961],[7.716,45.961],[7.717,45.954],[7.719,45.952],[7.722,45.953],[7.724,45.952],[7.72,45.943],[7.726,45.943],[7.727,45.941],[7.725,45.939],[7.726,45.938],[7.732,45.941],[7.731,45.943],[7.732,45.945],[7.75,45.943],[7.752,45.948],[7.752,45.943],[7.754,45.941],[7.751,45.94],[7.748,45.941],[7.739,45.934],[7.738,45.931],[7.733,45.93],[7.733,45.925]]],[[[7.736,46.107],[7.729,46.105],[7.728,46.107],[7.728,46.114],[7.732,46.116],[7.729,46.121],[7.73,46.123],[7.724,46.125],[7.716,46.132],[7.716,46.134],[7.713,46.137],[7.716,46.139],[7.716,46.141],[7.727,46.139],[7.733,46.134],[7.738,46.137],[7.743,46.137],[7.744,46.134],[7.748,46.132],[7.743,46.132],[7.736,46.128],[7.736,46.125],[7.74,46.125],[7.739,46.123],[7.736,46.121],[7.736,46.118],[7.734,46.116],[7.736,46.107]]],[[[7.721,46.418],[7.712,46.414],[7.701,46.416],[7.702,46.417],[7.709,46.416],[7.71,46.418],[7.708,46.42],[7.709,46.425],[7.712,46.422],[7.716,46.422],[7.722,46.426],[7.728,46.426],[7.732,46.424],[7.725,46.423],[7.721,46.42],[7.721,46.418]]],[[[7.709,46.116],[7.705,46.116],[7.687,46.125],[7.678,46.137],[7.681,46.139],[7.688,46.138],[7.695,46.134],[7.699,46.137],[7.702,46.137],[7.703,46.134],[7.707,46.133],[7.718,46.121],[7.714,46.12],[7.707,46.126],[7.706,46.125],[7.708,46.123],[7.709,46.116]]],[[[7.713,46.06],[7.707,46.056],[7.704,46.058],[7.705,46.06],[7.704,46.061],[7.698,46.062],[7.695,46.067],[7.696,46.071],[7.701,46.076],[7.699,46.078],[7.702,46.08],[7.703,46.083],[7.707,46.071],[7.713,46.069],[7.714,46.067],[7.706,46.065],[7.707,46.063],[7.71,46.063],[7.713,46.06]]],[[[7.683,46.069],[7.681,46.062],[7.671,46.064],[7.669,46.067],[7.673,46.069],[7.667,46.074],[7.668,46.076],[7.673,46.078],[7.666,46.083],[7.676,46.085],[7.695,46.08],[7.696,46.078],[7.694,46.077],[7.691,46.079],[7.675,46.074],[7.689,46.071],[7.683,46.069]]],[[[7.692,46.425],[7.686,46.424],[7.684,46.427],[7.69,46.429],[7.686,46.431],[7.682,46.436],[7.69,46.436],[7.694,46.431],[7.694,46.427],[7.692,46.425]]],[[[7.647,46.029],[7.642,46.025],[7.639,46.024],[7.633,46.031],[7.638,46.033],[7.629,46.034],[7.629,46.04],[7.636,46.043],[7.639,46.04],[7.642,46.043],[7.649,46.043],[7.639,46.038],[7.642,46.035],[7.647,46.036],[7.649,46.034],[7.647,46.029]]],[[[7.642,45.977],[7.635,45.975],[7.632,45.976],[7.629,45.98],[7.613,45.98],[7.608,45.984],[7.608,45.986],[7.61,45.987],[7.616,45.985],[7.626,45.987],[7.637,45.986],[7.642,45.977]]],[[[7.627,46.042],[7.614,46.042],[7.609,46.045],[7.613,46.048],[7.62,46.049],[7.626,46.046],[7.627,46.042]]],[[[7.607,46.058],[7.603,46.058],[7.599,46.06],[7.597,46.064],[7.593,46.065],[7.592,46.069],[7.594,46.072],[7.597,46.071],[7.599,46.072],[7.598,46.076],[7.6,46.077],[7.603,46.075],[7.607,46.078],[7.607,46.076],[7.61,46.074],[7.607,46.069],[7.607,46.058]]],[[[7.592,45.975],[7.59,45.973],[7.587,45.974],[7.586,45.977],[7.591,45.982],[7.596,45.984],[7.597,45.991],[7.603,45.99],[7.605,45.988],[7.605,45.982],[7.597,45.979],[7.597,45.976],[7.592,45.975]]],[[[7.597,45.991],[7.592,45.991],[7.59,45.989],[7.589,45.984],[7.58,45.977],[7.58,45.982],[7.573,45.986],[7.573,45.988],[7.571,45.989],[7.564,45.99],[7.56,45.988],[7.561,45.986],[7.55,45.986],[7.546,45.993],[7.538,45.993],[7.539,45.998],[7.543,46.0],[7.539,46.005],[7.535,46.001],[7.532,46.003],[7.531,46.007],[7.532,46.009],[7.539,46.01],[7.543,46.018],[7.542,46.02],[7.552,46.021],[7.561,46.013],[7.565,46.017],[7.568,46.016],[7.574,46.019],[7.584,46.017],[7.585,46.018],[7.584,46.02],[7.587,46.023],[7.59,46.023],[7.594,46.02],[7.594,46.024],[7.597,46.027],[7.601,46.024],[7.603,46.02],[7.602,46.006],[7.6,46.003],[7.59416666666667,46.00183333333333],[7.597,45.999],[7.606,46.001],[7.608,46.0],[7.608,45.997],[7.603,45.995],[7.6,45.991],[7.597,45.991]],[[7.593611111111104,46.00172222222222],[7.59,46.001],[7.587,45.997],[7.593611111111104,46.00172222222222]]],[[[7.5,46.366],[7.492,46.364],[7.497,46.369],[7.488,46.369],[7.487,46.366],[7.487,46.369],[7.481,46.374],[7.478,46.37],[7.474,46.371],[7.471,46.374],[7.467,46.375],[7.467,46.378],[7.465,46.379],[7.458,46.374],[7.448,46.372],[7.447,46.378],[7.452,46.376],[7.453,46.378],[7.458,46.379],[7.461,46.382],[7.465,46.381],[7.466,46.382],[7.464,46.384],[7.475,46.387],[7.473,46.389],[7.474,46.391],[7.478,46.391],[7.481,46.388],[7.487,46.392],[7.491,46.39],[7.497,46.397],[7.507,46.397],[7.513,46.402],[7.524,46.402],[7.52,46.405],[7.529,46.407],[7.533,46.413],[7.539,46.415],[7.546,46.415],[7.547,46.418],[7.543,46.42],[7.552,46.424],[7.559,46.423],[7.561,46.42],[7.554,46.418],[7.564,46.416],[7.559,46.414],[7.552,46.414],[7.549,46.412],[7.546,46.413],[7.542,46.411],[7.546,46.409],[7.556,46.412],[7.562,46.41],[7.565,46.411],[7.567,46.416],[7.573,46.418],[7.575,46.421],[7.582,46.42],[7.584,46.418],[7.582,46.416],[7.574,46.414],[7.573,46.411],[7.57,46.409],[7.571,46.407],[7.569,46.404],[7.565,46.403],[7.562,46.404],[7.559,46.402],[7.558,46.4],[7.561,46.396],[7.559,46.394],[7.556,46.394],[7.552,46.397],[7.549,46.402],[7.548,46.398],[7.549,46.396],[7.556,46.393],[7.559,46.388],[7.562,46.393],[7.575,46.389],[7.578,46.391],[7.583,46.389],[7.58,46.387],[7.58,46.384],[7.571,46.378],[7.569,46.373],[7.565,46.379],[7.559,46.382],[7.543,46.379],[7.536,46.38],[7.517,46.375],[7.515,46.373],[7.516,46.371],[7.511,46.369],[7.507,46.365],[7.5,46.366]]],[[[7.543,45.964],[7.539,45.961],[7.529,45.963],[7.526,45.965],[7.522,45.964],[7.522,45.966],[7.519,45.968],[7.517,45.966],[7.518,45.964],[7.504,45.964],[7.515,45.968],[7.516,45.971],[7.523,45.977],[7.523,45.975],[7.527,45.971],[7.532,45.971],[7.542,45.967],[7.543,45.964]]],[[[7.477,45.956],[7.474,45.953],[7.471,45.953],[7.463,45.957],[7.461,45.959],[7.461,45.962],[7.464,45.96],[7.468,45.96],[7.481,45.963],[7.483,45.964],[7.481,45.965],[7.474,45.964],[7.47,45.966],[7.477,45.97],[7.484,45.968],[7.486,45.971],[7.485,45.973],[7.474,45.975],[7.464,45.967],[7.46,45.968],[7.461,45.979],[7.481,45.987],[7.492,45.984],[7.493,45.98],[7.497,45.979],[7.504,45.971],[7.503,45.968],[7.5,45.97],[7.498,45.966],[7.5,45.964],[7.503,45.964],[7.504,45.962],[7.489,45.957],[7.484,45.958],[7.481,45.955],[7.477,45.956]]],[[[7.397,45.984],[7.39,45.978],[7.387,45.978],[7.382,45.982],[7.381,45.994],[7.375,46.002],[7.376,46.004],[7.381,46.006],[7.383,46.004],[7.388,46.004],[7.39,46.006],[7.396,46.004],[7.394,46.007],[7.39,46.007],[7.39,46.012],[7.393,46.014],[7.41,46.014],[7.41,46.012],[7.406,46.013],[7.402,46.009],[7.413,46.006],[7.415,46.004],[7.412,46.002],[7.41,45.998],[7.404,45.995],[7.416,45.993],[7.413,45.991],[7.406,45.992],[7.406,45.989],[7.41,45.989],[7.409,45.986],[7.397,45.984]]],[[[7.413,45.991],[7.419,45.994],[7.422,45.993],[7.421,45.991],[7.423,45.99],[7.426,45.993],[7.432,45.995],[7.429,45.997],[7.431,46.0],[7.439,46.003],[7.442,45.995],[7.443,45.998],[7.448,46.002],[7.453,45.998],[7.446,45.995],[7.469,45.991],[7.468,45.989],[7.462,45.986],[7.458,45.986],[7.455,45.982],[7.453,45.986],[7.458,45.989],[7.455,45.99],[7.453,45.989],[7.45,45.986],[7.45,45.982],[7.444,45.975],[7.437,45.971],[7.438,45.968],[7.435,45.967],[7.431,45.973],[7.43,45.984],[7.432,45.989],[7.429,45.989],[7.426,45.983],[7.416,45.978],[7.41,45.98],[7.413,45.98],[7.415,45.984],[7.413,45.991]]],[[[7.363,46.346],[7.361,46.344],[7.357,46.344],[7.348,46.348],[7.348,46.351],[7.341,46.351],[7.334,46.348],[7.332,46.351],[7.338,46.358],[7.341,46.358],[7.347,46.362],[7.351,46.362],[7.353,46.355],[7.356,46.355],[7.361,46.359],[7.362,46.362],[7.36,46.364],[7.364,46.366],[7.364,46.37],[7.37,46.368],[7.374,46.37],[7.377,46.374],[7.381,46.373],[7.387,46.376],[7.393,46.376],[7.403,46.379],[7.407,46.378],[7.404,46.375],[7.405,46.373],[7.403,46.371],[7.4,46.37],[7.393,46.372],[7.389,46.369],[7.394,46.364],[7.394,46.355],[7.407,46.353],[7.406,46.35],[7.396,46.35],[7.39,46.354],[7.38,46.354],[7.374,46.351],[7.36,46.351],[7.363,46.346]]],[[[7.406,45.971],[7.4,45.969],[7.397,45.97],[7.396,45.971],[7.397,45.975],[7.395,45.977],[7.397,45.979],[7.403,45.979],[7.406,45.975],[7.404,45.973],[7.406,45.971]]],[[[7.359,46.342],[7.37,46.349],[7.38,46.348],[7.383,46.345],[7.387,46.347],[7.391,46.344],[7.39,46.342],[7.384,46.339],[7.377,46.339],[7.374,46.336],[7.364,46.337],[7.368,46.333],[7.361,46.331],[7.359,46.333],[7.36,46.335],[7.359,46.342]]],[[[7.372,46.04],[7.368,46.035],[7.367,46.036],[7.364,46.042],[7.361,46.042],[7.359,46.047],[7.364,46.053],[7.37,46.047],[7.366,46.045],[7.372,46.043],[7.372,46.04]]],[[[7.352,46.063],[7.342,46.067],[7.33,46.069],[7.334,46.072],[7.335,46.075],[7.348,46.074],[7.351,46.068],[7.353,46.069],[7.353,46.072],[7.358,46.076],[7.364,46.074],[7.357,46.065],[7.352,46.063]]],[[[7.303,45.923],[7.307,45.923],[7.309,45.928],[7.319,45.93],[7.329,45.924],[7.336,45.923],[7.336,45.919],[7.334,45.919],[7.336,45.917],[7.323,45.915],[7.322,45.919],[7.329,45.919],[7.326,45.922],[7.319,45.923],[7.313,45.92],[7.302,45.921],[7.303,45.923]]],[[[7.303,45.923],[7.297,45.922],[7.294,45.926],[7.295,45.928],[7.294,45.929],[7.29,45.928],[7.289,45.932],[7.3,45.933],[7.305,45.926],[7.303,45.923]]],[[[7.299,45.941],[7.294,45.94],[7.29,45.942],[7.292,45.946],[7.296,45.948],[7.298,45.952],[7.305,45.957],[7.306,45.96],[7.308,45.961],[7.307,45.964],[7.313,45.965],[7.316,45.964],[7.313,45.957],[7.31,45.953],[7.308,45.953],[7.308,45.95],[7.311,45.946],[7.306,45.944],[7.303,45.945],[7.299,45.941]]],[[[7.281,45.941],[7.277,45.943],[7.276,45.946],[7.271,45.95],[7.269,45.955],[7.27,45.957],[7.267,45.959],[7.268,45.963],[7.271,45.962],[7.276,45.964],[7.277,45.968],[7.271,45.97],[7.274,45.971],[7.275,45.975],[7.277,45.976],[7.284,45.971],[7.289,45.97],[7.288,45.968],[7.29,45.967],[7.296,45.973],[7.296,45.975],[7.3,45.977],[7.311,45.973],[7.31,45.97],[7.304,45.966],[7.299,45.957],[7.294,45.954],[7.287,45.957],[7.284,45.955],[7.289,45.952],[7.297,45.95],[7.284,45.946],[7.281,45.941]]],[[[7.279,45.979],[7.267,45.979],[7.265,45.984],[7.268,45.985],[7.271,45.983],[7.274,45.986],[7.273,45.988],[7.277,45.99],[7.278,45.988],[7.276,45.986],[7.279,45.984],[7.278,45.982],[7.279,45.979]]],[[[7.261,45.905],[7.268,45.906],[7.27,45.903],[7.266,45.898],[7.255,45.891],[7.252,45.892],[7.245,45.896],[7.245,45.899],[7.258,45.899],[7.261,45.905]]],[[[7.261,45.905],[7.251,45.903],[7.251,45.905],[7.245,45.909],[7.245,45.912],[7.251,45.91],[7.253,45.907],[7.258,45.908],[7.261,45.905]]],[[[7.197,46.305],[7.189,46.305],[7.192,46.31],[7.198,46.316],[7.201,46.317],[7.205,46.323],[7.207,46.323],[7.207,46.326],[7.204,46.328],[7.205,46.33],[7.208,46.33],[7.221,46.338],[7.223,46.337],[7.222,46.332],[7.224,46.331],[7.234,46.33],[7.234,46.331],[7.241,46.327],[7.26,46.326],[7.261,46.324],[7.251,46.314],[7.244,46.311],[7.241,46.312],[7.231,46.31],[7.211,46.316],[7.205,46.313],[7.202,46.307],[7.197,46.305]]],[[[7.183,46.242],[7.176,46.238],[7.17,46.241],[7.163,46.239],[7.147,46.24],[7.151,46.242],[7.156,46.249],[7.16,46.245],[7.166,46.247],[7.165,46.249],[7.16,46.251],[7.173,46.26],[7.176,46.26],[7.183,46.256],[7.183,46.253],[7.176,46.254],[7.174,46.251],[7.168,46.249],[7.173,46.247],[7.179,46.248],[7.183,46.244],[7.19,46.247],[7.188,46.242],[7.183,46.242]]],[[[7.184,46.305],[7.161,46.305],[7.159,46.308],[7.163,46.311],[7.165,46.31],[7.166,46.307],[7.182,46.312],[7.187,46.31],[7.187,46.308],[7.184,46.305]]],[[[7.167,46.265],[7.16,46.256],[7.157,46.256],[7.154,46.258],[7.162,46.265],[7.163,46.271],[7.167,46.267],[7.167,46.265]]],[[[7.065,45.918],[7.058,45.917],[7.054,45.92],[7.051,45.925],[7.049,45.926],[7.045,45.925],[7.044,45.929],[7.049,45.936],[7.052,45.936],[7.054,45.934],[7.05,45.932],[7.05,45.929],[7.058,45.927],[7.062,45.922],[7.066,45.92],[7.065,45.918]]],[[[7.023,45.965],[7.025,45.961],[7.023,45.959],[7.016,45.96],[7.013,45.965],[7.008,45.967],[7.009,45.972],[7.018,45.981],[7.016,45.985],[7.011,45.988],[7.011,45.999],[7.003,46.001],[6.993,46.001],[6.983,46.008],[6.987,46.012],[6.985,46.015],[6.992,46.015],[6.993,46.011],[7.0,46.01],[7.006,46.014],[7.008,46.012],[7.022,46.009],[7.028,46.01],[7.025,46.013],[7.026,46.015],[7.032,46.012],[7.035,46.008],[7.045,46.004],[7.045,46.001],[7.061,46.0],[7.055,45.996],[7.05,45.995],[7.055,45.993],[7.05,45.988],[7.054,45.983],[7.048,45.98],[7.046,45.977],[7.058,45.975],[7.059,45.974],[7.058,45.972],[7.055,45.971],[7.052,45.972],[7.048,45.97],[7.058,45.968],[7.061,45.972],[7.063,45.965],[7.062,45.963],[7.053,45.959],[7.053,45.956],[7.042,45.953],[7.036,45.956],[7.032,45.955],[7.029,45.958],[7.024,45.959],[7.03,45.961],[7.026,45.963],[7.029,45.965],[7.03,45.968],[7.028,45.968],[7.026,45.965],[7.023,45.965]]],[[[6.938,46.163],[6.931,46.161],[6.929,46.167],[6.94,46.172],[6.944,46.172],[6.947,46.17],[6.947,46.167],[6.94,46.165],[6.938,46.163]]],[[[6.919,46.102],[6.917,46.102],[6.918,46.104],[6.915,46.109],[6.918,46.113],[6.92,46.113],[6.915,46.115],[6.908,46.115],[6.904,46.113],[6.902,46.109],[6.899,46.113],[6.896,46.113],[6.899,46.116],[6.895,46.114],[6.895,46.122],[6.892,46.126],[6.86,46.127],[6.866,46.13],[6.876,46.129],[6.879,46.132],[6.883,46.131],[6.88,46.129],[6.882,46.128],[6.892,46.128],[6.895,46.129],[6.895,46.133],[6.9,46.133],[6.911,46.14],[6.921,46.14],[6.924,46.13],[6.931,46.129],[6.936,46.125],[6.928,46.116],[6.927,46.113],[6.928,46.109],[6.925,46.111],[6.92,46.107],[6.919,46.102]]],[[[6.901,46.073],[6.899,46.071],[6.896,46.073],[6.895,46.079],[6.899,46.086],[6.907,46.077],[6.905,46.073],[6.901,46.073]]],[[[6.89,46.046],[6.879,46.046],[6.882,46.059],[6.883,46.06],[6.886,46.057],[6.889,46.06],[6.896,46.062],[6.897,46.061],[6.894,46.057],[6.895,46.055],[6.904,46.053],[6.896,46.051],[6.89,46.046]]],[[[6.892,46.086],[6.889,46.082],[6.885,46.086],[6.885,46.091],[6.887,46.093],[6.885,46.097],[6.886,46.098],[6.889,46.096],[6.89,46.097],[6.888,46.102],[6.894,46.104],[6.895,46.106],[6.899,46.104],[6.898,46.102],[6.899,46.099],[6.894,46.093],[6.898,46.088],[6.896,46.086],[6.892,46.086]]]]},"properties":{"value":200,"fill":"#054F8C","zIndex":6},"id":"5"},{"type":"Feature","geometry":{"type":"MultiPolygon","coordinates":[[[[8.886,46.829],[8.877,46.824],[8.874,46.83],[8.867,46.832],[8.861,46.829],[8.854,46.828],[8.851,46.83],[8.851,46.834],[8.854,46.836],[8.858,46.835],[8.859,46.837],[8.857,46.839],[8.861,46.841],[8.868,46.841],[8.869,46.836],[8.874,46.834],[8.879,46.836],[8.877,46.838],[8.877,46.841],[8.88,46.843],[8.878,46.845],[8.884,46.846],[8.891,46.844],[8.891,46.842],[8.887,46.838],[8.886,46.829]]],[[[8.529,46.779],[8.528,46.782],[8.525,46.784],[8.531,46.788],[8.532,46.794],[8.536,46.794],[8.534,46.788],[8.542,46.787],[8.546,46.784],[8.539,46.781],[8.532,46.781],[8.529,46.779]]],[[[8.45,46.692],[8.445,46.688],[8.422,46.69],[8.419,46.689],[8.414,46.691],[8.413,46.693],[8.428,46.695],[8.419,46.699],[8.409,46.693],[8.403,46.693],[8.4,46.695],[8.403,46.697],[8.401,46.7],[8.416,46.705],[8.426,46.706],[8.439,46.699],[8.452,46.703],[8.452,46.696],[8.45,46.692]]],[[[8.405,46.619],[8.395,46.618],[8.391,46.626],[8.382,46.627],[8.376,46.634],[8.372,46.634],[8.369,46.632],[8.364,46.635],[8.364,46.639],[8.367,46.641],[8.361,46.646],[8.36,46.651],[8.357,46.655],[8.36,46.657],[8.36,46.66],[8.359,46.657],[8.353,46.656],[8.349,46.657],[8.349,46.66],[8.353,46.659],[8.354,46.664],[8.357,46.665],[8.36,46.663],[8.37,46.665],[8.373,46.668],[8.38,46.67],[8.386,46.665],[8.389,46.668],[8.395,46.67],[8.396,46.672],[8.397,46.67],[8.402,46.668],[8.406,46.669],[8.406,46.661],[8.402,46.658],[8.397,46.657],[8.405,46.656],[8.409,46.658],[8.412,46.655],[8.416,46.655],[8.421,46.65],[8.421,46.648],[8.42,46.641],[8.417,46.637],[8.417,46.63],[8.415,46.628],[8.411,46.628],[8.41,46.632],[8.408,46.633],[8.4,46.632],[8.406,46.63],[8.408,46.623],[8.405,46.619]]],[[[8.136,46.609],[8.121,46.599],[8.114,46.6],[8.113,46.603],[8.123,46.605],[8.117,46.606],[8.114,46.609],[8.111,46.608],[8.109,46.61],[8.124,46.614],[8.122,46.618],[8.125,46.621],[8.122,46.621],[8.121,46.619],[8.12,46.621],[8.12,46.625],[8.121,46.627],[8.123,46.627],[8.123,46.63],[8.131,46.634],[8.137,46.63],[8.141,46.631],[8.143,46.632],[8.142,46.636],[8.15,46.637],[8.153,46.641],[8.157,46.643],[8.16,46.641],[8.16,46.638],[8.162,46.636],[8.156,46.634],[8.153,46.63],[8.153,46.627],[8.154,46.626],[8.157,46.63],[8.158,46.625],[8.167,46.618],[8.166,46.616],[8.169,46.614],[8.169,46.611],[8.165,46.607],[8.16,46.606],[8.153,46.608],[8.149,46.612],[8.151,46.614],[8.142,46.616],[8.145,46.618],[8.144,46.621],[8.14,46.624],[8.136,46.621],[8.135,46.616],[8.137,46.613],[8.136,46.609]]],[[[8.156,46.524],[8.152,46.524],[8.143,46.528],[8.136,46.536],[8.139,46.537],[8.143,46.535],[8.146,46.531],[8.153,46.531],[8.153,46.528],[8.157,46.526],[8.156,46.524]]],[[[8.138,46.544],[8.136,46.543],[8.127,46.546],[8.117,46.552],[8.107,46.552],[8.104,46.555],[8.1,46.552],[8.098,46.553],[8.099,46.556],[8.095,46.558],[8.104,46.558],[8.107,46.556],[8.111,46.558],[8.11,46.56],[8.12,46.561],[8.123,46.564],[8.133,46.554],[8.136,46.554],[8.143,46.549],[8.139,46.548],[8.138,46.544]]],[[[8.115,46.544],[8.11,46.54],[8.107,46.542],[8.104,46.541],[8.101,46.542],[8.099,46.544],[8.099,46.547],[8.094,46.546],[8.089,46.551],[8.091,46.553],[8.094,46.553],[8.096,46.551],[8.108,46.549],[8.115,46.544]]],[[[8.102,46.533],[8.1,46.528],[8.097,46.529],[8.09,46.535],[8.086,46.535],[8.079,46.54],[8.083,46.542],[8.079,46.544],[8.081,46.547],[8.096,46.54],[8.102,46.533]]],[[[8.055,46.531],[8.045,46.527],[8.038,46.529],[8.029,46.537],[8.011,46.538],[8.012,46.542],[8.015,46.538],[8.017,46.54],[8.019,46.543],[8.019,46.547],[8.022,46.55],[8.016,46.556],[8.012,46.558],[8.007,46.558],[8.01,46.563],[8.007,46.565],[8.019,46.566],[8.022,46.564],[8.033,46.563],[8.036,46.56],[8.055,46.555],[8.055,46.55],[8.047,46.554],[8.049,46.551],[8.046,46.549],[8.051,46.547],[8.052,46.542],[8.055,46.54],[8.055,46.531]]],[[[7.99,46.513],[7.989,46.503],[7.983,46.507],[7.979,46.514],[7.972,46.52],[7.971,46.523],[7.972,46.527],[7.97,46.529],[7.973,46.532],[7.972,46.534],[7.976,46.536],[7.98,46.535],[7.981,46.536],[7.976,46.538],[7.969,46.538],[7.974,46.543],[7.972,46.545],[7.976,46.549],[7.987,46.549],[7.989,46.552],[7.993,46.554],[8.003,46.555],[8.006,46.557],[8.01,46.554],[8.01,46.547],[8.007,46.538],[8.004,46.536],[8.005,46.531],[8.015,46.522],[8.012,46.519],[8.006,46.522],[8.0,46.522],[7.996,46.526],[7.986,46.528],[7.983,46.53],[7.982,46.529],[7.984,46.527],[7.978,46.525],[7.987,46.522],[7.986,46.52],[7.99,46.513]]],[[[7.98,46.505],[7.979,46.498],[7.973,46.502],[7.97,46.502],[7.966,46.507],[7.956,46.511],[7.963,46.513],[7.974,46.509],[7.98,46.505]]],[[[7.966,46.482],[7.963,46.479],[7.943,46.486],[7.936,46.496],[7.937,46.498],[7.935,46.502],[7.936,46.505],[7.944,46.509],[7.957,46.508],[7.958,46.507],[7.957,46.505],[7.952,46.505],[7.954,46.498],[7.956,46.496],[7.96,46.5],[7.96,46.496],[7.966,46.49],[7.969,46.489],[7.972,46.491],[7.973,46.495],[7.975,46.493],[7.975,46.484],[7.979,46.481],[7.98,46.478],[7.979,46.477],[7.976,46.479],[7.973,46.477],[7.966,46.477],[7.965,46.478],[7.966,46.479],[7.971,46.48],[7.966,46.482]],[[7.966,46.482],[7.957,46.489],[7.955,46.487],[7.957,46.484],[7.966,46.482]]],[[[7.878,45.976],[7.872,45.976],[7.867,45.983],[7.873,45.985],[7.874,45.988],[7.881,45.989],[7.882,45.99],[7.879,45.992],[7.884,46.0],[7.894,46.004],[7.903,46.004],[7.907,46.0],[7.907,45.998],[7.904,45.997],[7.904,45.994],[7.9,45.989],[7.893,45.988],[7.895,45.985],[7.894,45.984],[7.878,45.976]]],[[[7.817,46.462],[7.803,46.459],[7.797,46.463],[7.802,46.467],[7.804,46.474],[7.81,46.475],[7.816,46.48],[7.823,46.482],[7.829,46.487],[7.836,46.487],[7.839,46.484],[7.846,46.488],[7.847,46.487],[7.846,46.484],[7.839,46.482],[7.833,46.476],[7.836,46.474],[7.842,46.474],[7.843,46.471],[7.841,46.469],[7.829,46.468],[7.817,46.462]]],[[[7.546,46.399],[7.543,46.397],[7.536,46.399],[7.531,46.402],[7.53,46.405],[7.535,46.409],[7.536,46.412],[7.538,46.411],[7.539,46.408],[7.543,46.406],[7.544,46.402],[7.546,46.402],[7.546,46.399]]],[[[7.364,46.353],[7.362,46.355],[7.367,46.36],[7.366,46.362],[7.37,46.361],[7.372,46.362],[7.37,46.363],[7.37,46.365],[7.373,46.366],[7.374,46.368],[7.381,46.362],[7.374,46.355],[7.37,46.354],[7.367,46.356],[7.364,46.353]]],[[[7.224,46.314],[7.212,46.317],[7.205,46.317],[7.211,46.323],[7.211,46.326],[7.208,46.328],[7.211,46.329],[7.218,46.325],[7.23,46.323],[7.226,46.319],[7.224,46.314]]],[[[7.016,45.977],[7.015,45.979],[7.019,45.979],[7.016,45.977]]],[[[7.016,45.977],[7.023,45.974],[7.028,45.977],[7.029,45.983],[7.032,45.981],[7.035,45.977],[7.037,45.977],[7.036,45.974],[7.039,45.972],[7.043,45.972],[7.039,45.97],[7.043,45.963],[7.042,45.961],[7.029,45.963],[7.032,45.965],[7.032,45.968],[7.029,45.97],[7.026,45.968],[7.016,45.968],[7.013,45.972],[7.013,45.975],[7.016,45.977]]],[[[7.019,45.979],[7.019,45.983],[7.012,45.988],[7.013,45.994],[7.012,45.999],[7.009,46.001],[7.005,46.001],[7.003,46.003],[6.995,46.003],[6.992,46.006],[6.995,46.008],[7.003,46.006],[7.009,46.009],[7.013,46.009],[7.022,46.005],[7.026,46.008],[7.031,46.006],[7.035,46.001],[7.043,45.997],[7.044,45.992],[7.042,45.989],[7.032,45.986],[7.029,45.987],[7.025,45.986],[7.021,45.983],[7.022,45.981],[7.019,45.979]]]]},"properties":{"value":300,"fill":"#610432","zIndex":7},"id":"6"}],"validAt":"2026-05-12T06:00:00Z"}