{"type":"FeatureCollection","features":[{"type":"Feature","geometry":{"type":"MultiPolygon","coordinates":[[[[10.436,46.56],[10.436,46.565],[10.439,46.561],[10.436,46.56]]],[[[10.436,46.565],[10.439,46.566],[10.439,46.564],[10.436,46.565]]],[[[10.439,46.561],[10.442,46.562],[10.443,46.565],[10.447,46.567],[10.444,46.572],[10.446,46.577],[10.456,46.575],[10.462,46.57],[10.466,46.572],[10.466,46.578],[10.463,46.581],[10.453,46.584],[10.444,46.59],[10.453,46.594],[10.458,46.603],[10.463,46.598],[10.47,46.596],[10.469,46.6],[10.472,46.603],[10.479,46.605],[10.467,46.609],[10.466,46.612],[10.468,46.613],[10.471,46.611],[10.484,46.614],[10.479,46.618],[10.479,46.62],[10.481,46.622],[10.485,46.62],[10.487,46.618],[10.485,46.613],[10.487,46.609],[10.485,46.591],[10.486,46.584],[10.485,46.577],[10.482,46.576],[10.48,46.573],[10.477,46.564],[10.478,46.559],[10.481,46.557],[10.479,46.555],[10.48,46.551],[10.477,46.548],[10.471,46.547],[10.47,46.542],[10.467,46.54],[10.463,46.54],[10.46,46.538],[10.444,46.538],[10.441,46.54],[10.443,46.543],[10.442,46.545],[10.447,46.549],[10.442,46.554],[10.439,46.561]]],[[[10.284,46.714],[10.293,46.71],[10.294,46.708],[10.287,46.702],[10.29,46.701],[10.296,46.705],[10.303,46.704],[10.305,46.697],[10.302,46.693],[10.299,46.692],[10.304,46.692],[10.308,46.697],[10.313,46.7],[10.316,46.7],[10.316,46.706],[10.323,46.711],[10.326,46.709],[10.327,46.714],[10.333,46.715],[10.346,46.708],[10.346,46.706],[10.342,46.705],[10.345,46.703],[10.345,46.7],[10.355,46.699],[10.356,46.698],[10.354,46.696],[10.356,46.693],[10.354,46.689],[10.346,46.682],[10.346,46.678],[10.343,46.676],[10.344,46.672],[10.351,46.678],[10.351,46.68],[10.358,46.685],[10.361,46.686],[10.364,46.683],[10.374,46.684],[10.368,46.689],[10.365,46.694],[10.362,46.695],[10.366,46.698],[10.388,46.697],[10.387,46.695],[10.391,46.695],[10.393,46.69],[10.387,46.688],[10.386,46.679],[10.393,46.672],[10.392,46.665],[10.395,46.663],[10.395,46.654],[10.398,46.652],[10.397,46.647],[10.401,46.645],[10.401,46.64],[10.414,46.64],[10.42,46.638],[10.416,46.636],[10.414,46.633],[10.404,46.631],[10.4,46.627],[10.397,46.627],[10.394,46.629],[10.363,46.637],[10.369,46.641],[10.368,46.644],[10.362,46.648],[10.362,46.65],[10.356,46.649],[10.352,46.651],[10.346,46.648],[10.342,46.642],[10.332,46.644],[10.329,46.647],[10.313,46.65],[10.303,46.648],[10.3,46.65],[10.293,46.649],[10.283,46.655],[10.287,46.658],[10.292,46.657],[10.296,46.659],[10.291,46.659],[10.287,46.661],[10.286,46.664],[10.281,46.668],[10.274,46.661],[10.271,46.663],[10.268,46.661],[10.263,46.664],[10.264,46.666],[10.262,46.667],[10.251,46.669],[10.251,46.674],[10.254,46.678],[10.253,46.68],[10.246,46.679],[10.239,46.674],[10.237,46.676],[10.238,46.681],[10.24,46.683],[10.236,46.684],[10.23,46.682],[10.22,46.682],[10.21,46.677],[10.203,46.677],[10.2,46.686],[10.204,46.69],[10.204,46.693],[10.201,46.694],[10.191,46.685],[10.186,46.684],[10.188,46.689],[10.181,46.69],[10.18,46.691],[10.182,46.695],[10.181,46.696],[10.178,46.697],[10.175,46.696],[10.169,46.699],[10.155,46.699],[10.154,46.701],[10.156,46.702],[10.156,46.704],[10.155,46.707],[10.159,46.712],[10.156,46.71],[10.15,46.712],[10.14,46.708],[10.133,46.708],[10.13,46.713],[10.126,46.713],[10.12,46.709],[10.118,46.71],[10.117,46.72],[10.099,46.729],[10.106,46.733],[10.107,46.735],[10.103,46.738],[10.108,46.742],[10.101,46.749],[10.109,46.753],[10.122,46.755],[10.125,46.751],[10.121,46.746],[10.125,46.741],[10.128,46.746],[10.135,46.746],[10.143,46.75],[10.141,46.755],[10.142,46.758],[10.152,46.76],[10.155,46.757],[10.155,46.752],[10.153,46.748],[10.155,46.746],[10.158,46.747],[10.161,46.752],[10.168,46.751],[10.17,46.759],[10.175,46.761],[10.179,46.759],[10.178,46.754],[10.189,46.756],[10.19,46.752],[10.187,46.75],[10.188,46.745],[10.185,46.74],[10.189,46.731],[10.191,46.731],[10.193,46.738],[10.194,46.733],[10.196,46.732],[10.199,46.733],[10.2,46.735],[10.201,46.738],[10.2,46.741],[10.196,46.742],[10.197,46.744],[10.209,46.744],[10.209,46.747],[10.215,46.753],[10.212,46.758],[10.214,46.76],[10.221,46.759],[10.222,46.757],[10.219,46.751],[10.216,46.749],[10.218,46.746],[10.217,46.744],[10.223,46.745],[10.224,46.742],[10.216,46.738],[10.218,46.735],[10.215,46.733],[10.219,46.733],[10.226,46.737],[10.228,46.735],[10.229,46.733],[10.226,46.728],[10.229,46.726],[10.227,46.724],[10.229,46.721],[10.225,46.719],[10.232,46.719],[10.235,46.722],[10.237,46.719],[10.236,46.714],[10.24,46.712],[10.234,46.71],[10.237,46.708],[10.231,46.706],[10.233,46.703],[10.238,46.703],[10.244,46.706],[10.25,46.7],[10.254,46.7],[10.254,46.703],[10.251,46.706],[10.247,46.707],[10.251,46.712],[10.249,46.714],[10.251,46.716],[10.257,46.714],[10.255,46.712],[10.257,46.71],[10.264,46.708],[10.27,46.709],[10.274,46.708],[10.277,46.712],[10.284,46.714]],[[10.369,46.651],[10.374,46.655],[10.373,46.659],[10.366,46.66],[10.354,46.674],[10.352,46.673],[10.352,46.666],[10.355,46.664],[10.354,46.662],[10.359,46.657],[10.364,46.655],[10.362,46.653],[10.366,46.653],[10.369,46.651]]],[[[10.388,46.697],[10.384,46.702],[10.365,46.707],[10.366,46.709],[10.364,46.713],[10.359,46.716],[10.35,46.718],[10.35,46.721],[10.356,46.723],[10.354,46.727],[10.357,46.73],[10.36,46.731],[10.366,46.726],[10.373,46.726],[10.381,46.731],[10.37,46.73],[10.368,46.731],[10.367,46.734],[10.364,46.736],[10.364,46.738],[10.367,46.74],[10.361,46.744],[10.351,46.743],[10.342,46.739],[10.342,46.734],[10.337,46.728],[10.334,46.73],[10.337,46.736],[10.339,46.737],[10.318,46.74],[10.316,46.742],[10.323,46.744],[10.322,46.748],[10.326,46.75],[10.33,46.755],[10.325,46.758],[10.322,46.758],[10.315,46.755],[10.311,46.758],[10.312,46.761],[10.316,46.759],[10.318,46.76],[10.32,46.766],[10.311,46.776],[10.312,46.778],[10.317,46.779],[10.326,46.774],[10.336,46.773],[10.33,46.782],[10.333,46.786],[10.337,46.785],[10.342,46.781],[10.353,46.78],[10.354,46.781],[10.352,46.784],[10.346,46.788],[10.346,46.79],[10.347,46.791],[10.353,46.789],[10.354,46.795],[10.362,46.79],[10.362,46.788],[10.359,46.786],[10.359,46.781],[10.364,46.779],[10.364,46.776],[10.368,46.772],[10.366,46.77],[10.369,46.769],[10.372,46.771],[10.379,46.771],[10.382,46.769],[10.388,46.769],[10.383,46.778],[10.386,46.781],[10.389,46.781],[10.395,46.776],[10.405,46.774],[10.409,46.771],[10.41,46.768],[10.414,46.767],[10.418,46.77],[10.425,46.768],[10.425,46.77],[10.421,46.773],[10.428,46.776],[10.428,46.778],[10.423,46.786],[10.416,46.794],[10.413,46.796],[10.403,46.798],[10.405,46.8],[10.4,46.803],[10.404,46.809],[10.402,46.811],[10.401,46.818],[10.404,46.823],[10.409,46.82],[10.409,46.816],[10.407,46.813],[10.411,46.813],[10.417,46.818],[10.42,46.813],[10.427,46.811],[10.43,46.817],[10.437,46.815],[10.44,46.817],[10.444,46.817],[10.444,46.822],[10.432,46.824],[10.45,46.826],[10.449,46.83],[10.439,46.835],[10.441,46.837],[10.445,46.837],[10.445,46.84],[10.443,46.842],[10.444,46.846],[10.448,46.849],[10.458,46.846],[10.461,46.853],[10.469,46.859],[10.471,46.855],[10.471,46.85],[10.467,46.846],[10.467,46.839],[10.46,46.835],[10.46,46.832],[10.457,46.831],[10.456,46.812],[10.452,46.81],[10.452,46.808],[10.449,46.806],[10.449,46.803],[10.429,46.791],[10.432,46.788],[10.431,46.784],[10.438,46.781],[10.438,46.779],[10.441,46.777],[10.441,46.774],[10.444,46.772],[10.443,46.754],[10.44,46.752],[10.433,46.752],[10.416,46.742],[10.413,46.742],[10.403,46.735],[10.418,46.723],[10.418,46.717],[10.415,46.714],[10.414,46.71],[10.408,46.706],[10.401,46.706],[10.4,46.699],[10.394,46.695],[10.388,46.697]]],[[[10.334,46.73],[10.335,46.728],[10.334,46.727],[10.332,46.728],[10.334,46.73]]],[[[9.757,46.702],[9.76,46.7],[9.756,46.7],[9.757,46.702]]],[[[9.76,46.7],[9.761,46.705],[9.763,46.706],[9.768,46.705],[9.769,46.7],[9.777,46.698],[9.782,46.692],[9.786,46.692],[9.792,46.688],[9.798,46.687],[9.801,46.688],[9.797,46.693],[9.79,46.695],[9.794,46.697],[9.792,46.7],[9.789,46.7],[9.784,46.704],[9.781,46.709],[9.783,46.71],[9.796,46.703],[9.802,46.703],[9.803,46.706],[9.799,46.707],[9.795,46.711],[9.798,46.713],[9.798,46.715],[9.793,46.717],[9.779,46.718],[9.787,46.718],[9.792,46.72],[9.787,46.725],[9.787,46.731],[9.791,46.733],[9.797,46.728],[9.803,46.726],[9.806,46.729],[9.798,46.736],[9.803,46.738],[9.803,46.744],[9.8,46.747],[9.799,46.751],[9.801,46.752],[9.808,46.75],[9.808,46.76],[9.812,46.761],[9.819,46.758],[9.82,46.751],[9.818,46.749],[9.821,46.751],[9.824,46.75],[9.834,46.741],[9.835,46.739],[9.834,46.737],[9.843,46.73],[9.841,46.728],[9.841,46.723],[9.845,46.715],[9.848,46.721],[9.846,46.723],[9.849,46.724],[9.855,46.713],[9.868,46.713],[9.875,46.71],[9.877,46.711],[9.876,46.714],[9.86,46.721],[9.861,46.723],[9.86,46.725],[9.855,46.73],[9.859,46.733],[9.863,46.733],[9.864,46.739],[9.86,46.74],[9.856,46.739],[9.854,46.741],[9.854,46.746],[9.846,46.75],[9.852,46.757],[9.847,46.759],[9.847,46.762],[9.849,46.764],[9.839,46.768],[9.839,46.773],[9.835,46.776],[9.829,46.776],[9.827,46.778],[9.827,46.78],[9.835,46.784],[9.839,46.782],[9.839,46.785],[9.837,46.786],[9.837,46.789],[9.835,46.791],[9.839,46.795],[9.854,46.791],[9.857,46.788],[9.857,46.786],[9.862,46.784],[9.863,46.781],[9.868,46.78],[9.872,46.774],[9.879,46.77],[9.88,46.765],[9.886,46.763],[9.895,46.756],[9.896,46.753],[9.9,46.754],[9.904,46.749],[9.91,46.747],[9.915,46.739],[9.919,46.739],[9.918,46.744],[9.914,46.749],[9.913,46.755],[9.903,46.766],[9.898,46.774],[9.892,46.779],[9.888,46.79],[9.878,46.797],[9.872,46.798],[9.861,46.804],[9.866,46.806],[9.872,46.805],[9.886,46.807],[9.893,46.801],[9.903,46.796],[9.921,46.791],[9.927,46.785],[9.931,46.786],[9.92,46.794],[9.922,46.796],[9.905,46.804],[9.903,46.808],[9.896,46.814],[9.889,46.815],[9.887,46.817],[9.873,46.816],[9.868,46.817],[9.864,46.82],[9.875,46.826],[9.874,46.831],[9.878,46.833],[9.878,46.837],[9.881,46.839],[9.893,46.835],[9.9,46.83],[9.904,46.832],[9.904,46.837],[9.9,46.837],[9.885,46.844],[9.895,46.851],[9.898,46.852],[9.9,46.85],[9.905,46.85],[9.927,46.853],[9.934,46.851],[9.94,46.854],[9.944,46.854],[9.95,46.852],[9.953,46.847],[9.953,46.842],[9.959,46.837],[9.969,46.835],[9.975,46.83],[9.976,46.831],[9.973,46.833],[9.975,46.835],[9.973,46.838],[9.969,46.84],[9.973,46.845],[9.969,46.847],[9.966,46.851],[9.976,46.857],[9.997,46.857],[10.01,46.862],[10.021,46.857],[10.025,46.852],[10.027,46.852],[10.026,46.854],[10.028,46.857],[10.023,46.863],[10.023,46.869],[10.006,46.871],[10.003,46.868],[9.984,46.868],[9.98,46.87],[9.977,46.867],[9.967,46.867],[9.948,46.877],[9.941,46.877],[9.938,46.875],[9.928,46.88],[9.925,46.877],[9.918,46.878],[9.913,46.884],[9.915,46.886],[9.913,46.891],[9.905,46.891],[9.903,46.889],[9.898,46.893],[9.9,46.895],[9.9,46.898],[9.897,46.9],[9.902,46.904],[9.899,46.909],[9.9,46.911],[9.907,46.912],[9.933,46.903],[9.952,46.903],[9.962,46.901],[9.965,46.903],[9.959,46.906],[9.949,46.906],[9.943,46.909],[9.936,46.91],[9.93,46.912],[9.927,46.915],[9.93,46.917],[9.937,46.917],[9.94,46.914],[9.95,46.914],[9.953,46.916],[9.969,46.916],[9.988,46.905],[9.992,46.905],[9.995,46.902],[10.001,46.9],[10.005,46.9],[10.008,46.902],[10.021,46.902],[10.027,46.897],[10.027,46.895],[10.04,46.885],[10.043,46.883],[10.047,46.883],[10.053,46.878],[10.052,46.867],[10.055,46.865],[10.082,46.864],[10.088,46.862],[10.091,46.86],[10.091,46.857],[10.094,46.855],[10.097,46.848],[10.104,46.843],[10.107,46.843],[10.11,46.846],[10.12,46.85],[10.14,46.849],[10.147,46.854],[10.153,46.854],[10.156,46.851],[10.163,46.851],[10.173,46.858],[10.18,46.86],[10.194,46.868],[10.23,46.87],[10.23,46.877],[10.233,46.879],[10.237,46.879],[10.237,46.885],[10.228,46.89],[10.228,46.895],[10.225,46.897],[10.231,46.901],[10.232,46.904],[10.238,46.906],[10.24,46.93],[10.243,46.932],[10.262,46.932],[10.266,46.929],[10.272,46.929],[10.275,46.927],[10.282,46.927],[10.285,46.925],[10.292,46.924],[10.295,46.924],[10.298,46.927],[10.312,46.926],[10.312,46.929],[10.315,46.931],[10.318,46.93],[10.319,46.937],[10.309,46.938],[10.306,46.94],[10.306,46.949],[10.313,46.953],[10.32,46.953],[10.326,46.957],[10.333,46.957],[10.334,46.977],[10.338,46.982],[10.341,46.984],[10.348,46.984],[10.348,46.988],[10.354,46.993],[10.374,46.992],[10.375,46.997],[10.381,47.001],[10.394,47.001],[10.404,46.994],[10.404,46.991],[10.407,46.989],[10.408,46.985],[10.418,46.98],[10.418,46.978],[10.413,46.976],[10.403,46.976],[10.397,46.981],[10.391,46.981],[10.392,46.978],[10.388,46.976],[10.388,46.969],[10.386,46.968],[10.383,46.97],[10.379,46.97],[10.376,46.968],[10.374,46.97],[10.366,46.97],[10.363,46.968],[10.365,46.965],[10.363,46.962],[10.356,46.964],[10.356,46.959],[10.359,46.957],[10.359,46.955],[10.362,46.957],[10.363,46.954],[10.352,46.954],[10.349,46.951],[10.344,46.95],[10.344,46.948],[10.342,46.947],[10.339,46.949],[10.336,46.947],[10.325,46.946],[10.339,46.94],[10.353,46.943],[10.355,46.945],[10.358,46.941],[10.357,46.934],[10.361,46.93],[10.354,46.925],[10.357,46.925],[10.364,46.932],[10.361,46.933],[10.361,46.935],[10.371,46.935],[10.362,46.945],[10.365,46.948],[10.375,46.952],[10.38,46.952],[10.382,46.949],[10.385,46.953],[10.392,46.955],[10.405,46.955],[10.405,46.953],[10.391,46.943],[10.39,46.94],[10.393,46.938],[10.39,46.936],[10.391,46.935],[10.394,46.935],[10.404,46.944],[10.411,46.946],[10.414,46.946],[10.417,46.941],[10.424,46.94],[10.422,46.946],[10.431,46.947],[10.434,46.95],[10.438,46.949],[10.442,46.945],[10.454,46.945],[10.456,46.943],[10.449,46.939],[10.45,46.937],[10.463,46.938],[10.465,46.936],[10.462,46.934],[10.461,46.931],[10.463,46.929],[10.459,46.928],[10.456,46.924],[10.449,46.922],[10.449,46.92],[10.454,46.916],[10.452,46.912],[10.445,46.915],[10.44,46.914],[10.444,46.907],[10.438,46.903],[10.438,46.9],[10.428,46.9],[10.422,46.897],[10.418,46.898],[10.417,46.894],[10.404,46.89],[10.403,46.881],[10.394,46.881],[10.388,46.879],[10.385,46.87],[10.388,46.868],[10.374,46.862],[10.367,46.86],[10.357,46.861],[10.349,46.865],[10.348,46.867],[10.36,46.873],[10.36,46.876],[10.355,46.88],[10.344,46.883],[10.343,46.887],[10.346,46.889],[10.347,46.892],[10.351,46.894],[10.349,46.895],[10.346,46.894],[10.339,46.895],[10.336,46.893],[10.332,46.894],[10.331,46.899],[10.323,46.896],[10.315,46.897],[10.311,46.895],[10.315,46.892],[10.316,46.888],[10.319,46.888],[10.321,46.886],[10.316,46.88],[10.312,46.882],[10.306,46.882],[10.299,46.879],[10.296,46.884],[10.293,46.885],[10.291,46.882],[10.295,46.879],[10.295,46.877],[10.302,46.875],[10.306,46.872],[10.315,46.87],[10.318,46.867],[10.324,46.865],[10.323,46.861],[10.321,46.86],[10.311,46.86],[10.309,46.854],[10.311,46.852],[10.317,46.853],[10.321,46.852],[10.326,46.849],[10.317,46.841],[10.304,46.84],[10.302,46.839],[10.302,46.837],[10.29,46.83],[10.283,46.831],[10.28,46.828],[10.273,46.831],[10.271,46.828],[10.272,46.822],[10.27,46.817],[10.273,46.817],[10.273,46.813],[10.237,46.815],[10.227,46.81],[10.22,46.81],[10.214,46.814],[10.215,46.818],[10.211,46.821],[10.211,46.823],[10.215,46.825],[10.204,46.832],[10.201,46.827],[10.196,46.826],[10.193,46.819],[10.195,46.817],[10.192,46.814],[10.193,46.812],[10.19,46.81],[10.19,46.807],[10.194,46.805],[10.199,46.799],[10.196,46.791],[10.195,46.794],[10.19,46.797],[10.183,46.798],[10.177,46.796],[10.167,46.797],[10.164,46.794],[10.16,46.793],[10.154,46.795],[10.151,46.802],[10.148,46.803],[10.144,46.8],[10.141,46.801],[10.134,46.793],[10.131,46.793],[10.13,46.789],[10.127,46.788],[10.124,46.79],[10.111,46.786],[10.107,46.787],[10.098,46.793],[10.095,46.793],[10.087,46.79],[10.096,46.778],[10.094,46.777],[10.084,46.78],[10.081,46.778],[10.071,46.782],[10.067,46.781],[10.067,46.779],[10.074,46.772],[10.074,46.768],[10.07,46.764],[10.061,46.766],[10.057,46.765],[10.054,46.761],[10.034,46.761],[10.021,46.766],[10.02,46.764],[10.021,46.762],[10.018,46.76],[10.011,46.758],[10.008,46.759],[9.994,46.751],[9.988,46.751],[9.984,46.748],[9.981,46.748],[9.98,46.747],[9.986,46.745],[9.985,46.741],[10.004,46.751],[10.015,46.751],[10.024,46.754],[10.047,46.749],[10.066,46.747],[10.068,46.745],[10.056,46.739],[10.058,46.732],[10.04,46.726],[10.041,46.721],[10.039,46.719],[10.042,46.717],[10.055,46.722],[10.062,46.721],[10.063,46.719],[10.058,46.714],[10.061,46.715],[10.063,46.714],[10.066,46.709],[10.062,46.703],[10.068,46.7],[10.06,46.695],[10.054,46.695],[10.053,46.692],[10.05,46.69],[10.045,46.694],[10.034,46.692],[10.034,46.69],[10.039,46.688],[10.041,46.683],[10.04,46.682],[10.027,46.679],[10.02,46.681],[10.007,46.679],[10.011,46.678],[10.014,46.674],[10.02,46.673],[10.022,46.67],[10.013,46.664],[10.01,46.664],[10.0,46.67],[9.991,46.673],[9.986,46.673],[9.997,46.664],[10.0,46.659],[10.006,46.655],[10.003,46.65],[9.996,46.65],[9.994,46.653],[9.98,46.656],[9.977,46.658],[9.964,46.658],[9.961,46.661],[9.948,46.664],[9.945,46.667],[9.938,46.67],[9.932,46.67],[9.927,46.672],[9.926,46.674],[9.93,46.676],[9.929,46.677],[9.922,46.677],[9.925,46.672],[9.922,46.668],[9.932,46.663],[9.925,46.657],[9.92,46.656],[9.931,46.657],[9.933,46.656],[9.934,46.652],[9.924,46.643],[9.917,46.64],[9.927,46.64],[9.94,46.652],[9.944,46.652],[9.954,46.647],[9.958,46.647],[9.96,46.644],[9.967,46.64],[9.971,46.633],[9.969,46.631],[9.956,46.629],[9.952,46.624],[9.942,46.622],[9.942,46.617],[9.936,46.619],[9.934,46.618],[9.933,46.613],[9.922,46.614],[9.928,46.607],[9.922,46.604],[9.917,46.607],[9.916,46.612],[9.906,46.607],[9.9,46.609],[9.897,46.607],[9.892,46.608],[9.892,46.605],[9.906,46.602],[9.912,46.598],[9.912,46.593],[9.905,46.593],[9.899,46.596],[9.886,46.598],[9.873,46.598],[9.85,46.591],[9.843,46.592],[9.833,46.587],[9.83,46.589],[9.823,46.585],[9.817,46.588],[9.801,46.59],[9.792,46.594],[9.804,46.596],[9.798,46.6],[9.778,46.601],[9.769,46.603],[9.765,46.602],[9.763,46.604],[9.769,46.607],[9.769,46.612],[9.772,46.614],[9.808,46.611],[9.816,46.614],[9.792,46.622],[9.783,46.622],[9.772,46.628],[9.773,46.63],[9.785,46.632],[9.783,46.637],[9.79,46.637],[9.8,46.642],[9.823,46.644],[9.826,46.643],[9.832,46.636],[9.832,46.634],[9.835,46.631],[9.834,46.629],[9.835,46.627],[9.838,46.624],[9.84,46.624],[9.845,46.627],[9.842,46.633],[9.834,46.638],[9.843,46.64],[9.842,46.643],[9.852,46.646],[9.855,46.645],[9.858,46.647],[9.856,46.649],[9.842,46.651],[9.84,46.654],[9.836,46.654],[9.835,46.656],[9.835,46.658],[9.847,46.669],[9.848,46.672],[9.847,46.673],[9.833,46.666],[9.823,46.655],[9.814,46.658],[9.8,46.658],[9.794,46.655],[9.788,46.655],[9.781,46.652],[9.771,46.657],[9.764,46.653],[9.765,46.648],[9.764,46.648],[9.758,46.651],[9.748,46.652],[9.74,46.656],[9.771,46.658],[9.788,46.666],[9.798,46.673],[9.788,46.673],[9.765,46.665],[9.755,46.665],[9.75,46.669],[9.751,46.674],[9.749,46.675],[9.723,46.674],[9.715,46.676],[9.716,46.679],[9.719,46.681],[9.718,46.683],[9.72,46.685],[9.726,46.68],[9.73,46.689],[9.743,46.684],[9.743,46.689],[9.74,46.694],[9.747,46.694],[9.759,46.688],[9.761,46.696],[9.758,46.698],[9.76,46.7]],[[9.981,46.817],[9.984,46.817],[9.975,46.827],[9.974,46.822],[9.981,46.817]]],[[[9.835,46.627],[9.839,46.627],[9.838,46.626],[9.835,46.627]]],[[[10.343,46.545],[10.337,46.543],[10.328,46.55],[10.321,46.55],[10.317,46.548],[10.298,46.549],[10.295,46.551],[10.295,46.556],[10.283,46.57],[10.277,46.574],[10.273,46.574],[10.267,46.577],[10.26,46.577],[10.258,46.579],[10.256,46.583],[10.257,46.584],[10.264,46.585],[10.259,46.59],[10.26,46.595],[10.271,46.599],[10.274,46.596],[10.27,46.592],[10.271,46.591],[10.274,46.59],[10.278,46.596],[10.281,46.596],[10.3,46.588],[10.303,46.579],[10.306,46.581],[10.312,46.577],[10.312,46.575],[10.307,46.571],[10.309,46.567],[10.309,46.569],[10.316,46.575],[10.342,46.571],[10.351,46.572],[10.364,46.571],[10.371,46.575],[10.381,46.575],[10.385,46.573],[10.394,46.572],[10.397,46.573],[10.393,46.575],[10.397,46.582],[10.404,46.579],[10.407,46.58],[10.404,46.584],[10.411,46.585],[10.414,46.583],[10.417,46.585],[10.421,46.584],[10.423,46.581],[10.422,46.579],[10.43,46.581],[10.432,46.579],[10.428,46.574],[10.424,46.572],[10.428,46.57],[10.428,46.565],[10.419,46.564],[10.419,46.561],[10.426,46.563],[10.429,46.562],[10.435,46.559],[10.442,46.55],[10.435,46.548],[10.422,46.548],[10.419,46.55],[10.409,46.55],[10.406,46.548],[10.386,46.549],[10.377,46.553],[10.377,46.558],[10.354,46.559],[10.354,46.556],[10.35,46.554],[10.35,46.552],[10.344,46.548],[10.343,46.545]]],[[[10.25,46.644],[10.257,46.64],[10.258,46.637],[10.253,46.633],[10.252,46.626],[10.246,46.624],[10.238,46.629],[10.238,46.633],[10.236,46.636],[10.24,46.636],[10.242,46.638],[10.238,46.643],[10.231,46.643],[10.228,46.64],[10.224,46.64],[10.221,46.638],[10.218,46.641],[10.219,46.643],[10.202,46.646],[10.197,46.65],[10.199,46.652],[10.203,46.652],[10.204,46.654],[10.203,46.657],[10.209,46.657],[10.211,46.659],[10.214,46.659],[10.215,46.656],[10.219,46.658],[10.222,46.653],[10.228,46.651],[10.23,46.652],[10.23,46.654],[10.224,46.658],[10.235,46.659],[10.238,46.654],[10.245,46.653],[10.248,46.651],[10.258,46.652],[10.259,46.651],[10.256,46.646],[10.25,46.644]]],[[[10.257,46.64],[10.264,46.644],[10.27,46.642],[10.27,46.639],[10.26,46.638],[10.257,46.64]]],[[[10.27,46.642],[10.28,46.643],[10.285,46.641],[10.29,46.636],[10.299,46.634],[10.302,46.632],[10.302,46.63],[10.298,46.623],[10.305,46.624],[10.312,46.621],[10.318,46.621],[10.334,46.608],[10.343,46.606],[10.347,46.601],[10.352,46.599],[10.353,46.596],[10.356,46.598],[10.362,46.592],[10.366,46.593],[10.377,46.589],[10.377,46.587],[10.365,46.581],[10.362,46.581],[10.355,46.576],[10.349,46.58],[10.342,46.579],[10.334,46.581],[10.333,46.586],[10.31,46.594],[10.308,46.598],[10.309,46.6],[10.314,46.602],[10.311,46.605],[10.304,46.602],[10.294,46.605],[10.272,46.617],[10.27,46.615],[10.271,46.61],[10.268,46.608],[10.255,46.606],[10.253,46.608],[10.256,46.611],[10.253,46.613],[10.254,46.617],[10.251,46.622],[10.258,46.626],[10.258,46.631],[10.272,46.635],[10.283,46.634],[10.28,46.638],[10.27,46.642]]],[[[10.294,46.713],[10.287,46.713],[10.29,46.716],[10.294,46.717],[10.294,46.713]]],[[[10.261,46.721],[10.258,46.718],[10.253,46.721],[10.252,46.726],[10.241,46.73],[10.251,46.734],[10.25,46.737],[10.242,46.737],[10.24,46.739],[10.244,46.741],[10.242,46.744],[10.243,46.75],[10.247,46.752],[10.253,46.75],[10.255,46.757],[10.257,46.759],[10.261,46.759],[10.263,46.756],[10.266,46.758],[10.27,46.754],[10.273,46.755],[10.271,46.759],[10.273,46.76],[10.273,46.765],[10.277,46.767],[10.286,46.765],[10.282,46.761],[10.283,46.759],[10.286,46.76],[10.289,46.758],[10.289,46.751],[10.285,46.749],[10.285,46.747],[10.291,46.745],[10.289,46.743],[10.283,46.742],[10.284,46.74],[10.29,46.738],[10.285,46.733],[10.282,46.733],[10.28,46.729],[10.261,46.721]]],[[[9.646,46.329],[9.646,46.325],[9.65,46.323],[9.65,46.325],[9.653,46.328],[9.663,46.331],[9.653,46.331],[9.653,46.334],[9.66,46.336],[9.653,46.336],[9.645,46.34],[9.65,46.342],[9.657,46.339],[9.657,46.343],[9.66,46.345],[9.667,46.344],[9.667,46.347],[9.671,46.349],[9.667,46.353],[9.667,46.356],[9.68,46.356],[9.681,46.358],[9.675,46.365],[9.681,46.367],[9.678,46.369],[9.677,46.372],[9.684,46.373],[9.688,46.376],[9.683,46.38],[9.683,46.385],[9.685,46.388],[9.695,46.387],[9.693,46.384],[9.693,46.38],[9.7,46.375],[9.706,46.368],[9.696,46.358],[9.696,46.349],[9.698,46.353],[9.71,46.364],[9.713,46.366],[9.719,46.365],[9.723,46.368],[9.722,46.373],[9.718,46.377],[9.719,46.382],[9.717,46.391],[9.712,46.398],[9.728,46.403],[9.734,46.407],[9.741,46.405],[9.744,46.397],[9.749,46.39],[9.749,46.383],[9.752,46.381],[9.751,46.372],[9.752,46.369],[9.755,46.383],[9.759,46.383],[9.76,46.385],[9.76,46.393],[9.758,46.394],[9.757,46.401],[9.753,46.408],[9.754,46.411],[9.757,46.412],[9.76,46.41],[9.759,46.408],[9.762,46.406],[9.766,46.396],[9.773,46.393],[9.779,46.387],[9.782,46.387],[9.788,46.383],[9.785,46.381],[9.785,46.377],[9.788,46.38],[9.791,46.377],[9.795,46.376],[9.796,46.38],[9.793,46.385],[9.792,46.394],[9.787,46.396],[9.784,46.401],[9.787,46.405],[9.786,46.407],[9.787,46.41],[9.783,46.411],[9.772,46.421],[9.774,46.423],[9.78,46.423],[9.784,46.427],[9.787,46.427],[9.788,46.432],[9.791,46.434],[9.804,46.437],[9.807,46.44],[9.826,46.447],[9.827,46.449],[9.825,46.454],[9.825,46.46],[9.831,46.47],[9.834,46.472],[9.839,46.471],[9.839,46.474],[9.841,46.476],[9.845,46.476],[9.851,46.481],[9.865,46.484],[9.868,46.486],[9.871,46.484],[9.878,46.486],[9.879,46.484],[9.879,46.482],[9.871,46.473],[9.875,46.468],[9.864,46.462],[9.863,46.457],[9.856,46.451],[9.85,46.437],[9.851,46.428],[9.845,46.422],[9.848,46.42],[9.846,46.408],[9.841,46.405],[9.84,46.402],[9.837,46.4],[9.838,46.397],[9.841,46.396],[9.848,46.399],[9.858,46.41],[9.864,46.407],[9.871,46.406],[9.881,46.407],[9.878,46.411],[9.872,46.414],[9.869,46.424],[9.87,46.426],[9.876,46.428],[9.874,46.432],[9.882,46.444],[9.888,46.45],[9.888,46.455],[9.891,46.459],[9.899,46.461],[9.896,46.466],[9.899,46.47],[9.898,46.475],[9.9,46.476],[9.902,46.475],[9.902,46.47],[9.913,46.465],[9.927,46.454],[9.926,46.449],[9.921,46.442],[9.919,46.436],[9.92,46.431],[9.923,46.427],[9.922,46.422],[9.926,46.42],[9.926,46.418],[9.923,46.416],[9.927,46.416],[9.933,46.42],[9.935,46.418],[9.935,46.415],[9.939,46.413],[9.941,46.418],[9.94,46.42],[9.941,46.424],[9.944,46.426],[9.945,46.429],[9.943,46.431],[9.945,46.435],[9.949,46.438],[9.948,46.447],[9.951,46.449],[9.956,46.446],[9.972,46.442],[9.993,46.432],[9.989,46.43],[9.984,46.43],[9.983,46.428],[9.986,46.426],[9.99,46.425],[9.995,46.428],[10.005,46.423],[10.004,46.421],[10.005,46.42],[10.009,46.42],[10.01,46.423],[10.005,46.425],[10.005,46.428],[10.0,46.434],[10.002,46.437],[10.008,46.441],[10.027,46.445],[10.02,46.447],[10.009,46.446],[10.006,46.447],[10.004,46.445],[10.001,46.445],[10.0,46.449],[9.993,46.45],[9.989,46.452],[9.987,46.455],[9.991,46.459],[10.0,46.464],[10.014,46.467],[10.017,46.47],[10.017,46.472],[9.991,46.47],[9.984,46.467],[9.981,46.469],[9.981,46.467],[9.983,46.466],[9.983,46.462],[9.971,46.456],[9.964,46.46],[9.956,46.462],[9.957,46.464],[9.954,46.467],[9.946,46.471],[9.931,46.483],[9.936,46.484],[9.939,46.482],[9.948,46.483],[9.927,46.494],[9.922,46.499],[9.923,46.501],[9.909,46.508],[9.903,46.515],[9.908,46.517],[9.92,46.512],[9.926,46.512],[9.925,46.515],[9.913,46.522],[9.902,46.525],[9.9,46.531],[9.903,46.533],[9.922,46.523],[9.928,46.521],[9.931,46.523],[9.93,46.526],[9.922,46.533],[9.909,46.54],[9.913,46.542],[9.916,46.546],[9.926,46.546],[9.931,46.548],[9.931,46.55],[9.929,46.551],[9.921,46.553],[9.921,46.555],[9.923,46.557],[9.926,46.557],[9.93,46.561],[9.936,46.561],[9.94,46.559],[9.937,46.557],[9.941,46.553],[9.936,46.544],[9.939,46.543],[9.94,46.546],[9.946,46.551],[9.949,46.549],[9.951,46.555],[9.968,46.552],[9.965,46.551],[9.959,46.545],[9.957,46.539],[9.958,46.538],[9.965,46.545],[9.972,46.549],[9.978,46.547],[9.979,46.545],[9.976,46.543],[9.981,46.531],[9.964,46.519],[9.964,46.516],[9.967,46.517],[9.97,46.516],[9.969,46.511],[9.965,46.507],[9.966,46.505],[9.97,46.507],[9.971,46.511],[9.977,46.518],[9.99,46.525],[9.999,46.515],[10.005,46.511],[9.999,46.507],[9.998,46.504],[9.999,46.503],[10.0,46.506],[10.006,46.51],[10.022,46.501],[10.025,46.497],[10.028,46.497],[10.029,46.501],[10.023,46.506],[10.022,46.509],[10.014,46.515],[10.014,46.524],[10.007,46.529],[10.008,46.531],[9.998,46.538],[10.004,46.541],[10.015,46.54],[10.027,46.533],[10.03,46.533],[10.031,46.535],[10.027,46.539],[10.027,46.542],[10.024,46.544],[10.024,46.546],[10.021,46.546],[10.017,46.549],[10.001,46.55],[10.0,46.553],[9.982,46.564],[9.973,46.567],[9.965,46.565],[9.962,46.568],[9.956,46.57],[9.95,46.569],[9.95,46.573],[9.953,46.573],[9.954,46.575],[9.959,46.577],[9.96,46.582],[9.963,46.58],[9.967,46.58],[9.968,46.581],[9.966,46.583],[9.966,46.586],[9.97,46.586],[9.973,46.584],[9.98,46.585],[9.983,46.587],[9.986,46.585],[9.986,46.583],[9.99,46.581],[9.999,46.583],[9.999,46.585],[9.989,46.592],[9.993,46.594],[10.002,46.594],[9.996,46.596],[9.997,46.599],[10.0,46.599],[10.007,46.607],[10.01,46.607],[10.015,46.603],[10.012,46.6],[10.012,46.598],[10.015,46.594],[10.013,46.591],[10.017,46.589],[10.012,46.585],[10.013,46.58],[10.01,46.578],[10.011,46.576],[10.009,46.573],[10.025,46.587],[10.029,46.587],[10.031,46.584],[10.027,46.58],[10.029,46.578],[10.028,46.574],[10.038,46.576],[10.038,46.582],[10.042,46.583],[10.054,46.575],[10.058,46.57],[10.069,46.57],[10.071,46.572],[10.063,46.574],[10.063,46.579],[10.067,46.583],[10.058,46.586],[10.055,46.589],[10.037,46.595],[10.032,46.602],[10.04,46.605],[10.051,46.604],[10.072,46.598],[10.088,46.588],[10.091,46.589],[10.092,46.59],[10.09,46.594],[10.092,46.597],[10.082,46.603],[10.085,46.605],[10.089,46.605],[10.09,46.608],[10.079,46.611],[10.069,46.609],[10.068,46.61],[10.071,46.617],[10.076,46.619],[10.083,46.619],[10.085,46.621],[10.084,46.624],[10.064,46.625],[10.05,46.619],[10.04,46.62],[10.032,46.629],[10.034,46.63],[10.041,46.628],[10.049,46.629],[10.042,46.636],[10.042,46.638],[10.045,46.642],[10.051,46.637],[10.054,46.637],[10.056,46.642],[10.059,46.644],[10.057,46.649],[10.058,46.65],[10.062,46.65],[10.068,46.653],[10.074,46.648],[10.078,46.648],[10.084,46.645],[10.086,46.646],[10.086,46.65],[10.091,46.655],[10.093,46.657],[10.093,46.662],[10.095,46.663],[10.098,46.661],[10.101,46.663],[10.104,46.661],[10.098,46.655],[10.098,46.652],[10.101,46.649],[10.111,46.656],[10.114,46.653],[10.113,46.648],[10.115,46.645],[10.108,46.641],[10.103,46.634],[10.105,46.63],[10.103,46.628],[10.12,46.64],[10.123,46.64],[10.125,46.636],[10.119,46.63],[10.119,46.628],[10.123,46.627],[10.129,46.635],[10.131,46.634],[10.132,46.63],[10.134,46.631],[10.136,46.633],[10.137,46.638],[10.14,46.64],[10.14,46.645],[10.135,46.649],[10.134,46.656],[10.131,46.658],[10.131,46.663],[10.128,46.665],[10.132,46.667],[10.132,46.67],[10.125,46.674],[10.12,46.679],[10.122,46.683],[10.128,46.681],[10.128,46.678],[10.135,46.679],[10.141,46.677],[10.142,46.676],[10.14,46.674],[10.14,46.665],[10.148,46.665],[10.143,46.66],[10.147,46.655],[10.15,46.657],[10.153,46.656],[10.152,46.653],[10.155,46.649],[10.152,46.647],[10.152,46.644],[10.149,46.643],[10.149,46.64],[10.152,46.638],[10.159,46.639],[10.16,46.637],[10.147,46.627],[10.148,46.625],[10.155,46.628],[10.159,46.628],[10.17,46.633],[10.171,46.635],[10.173,46.635],[10.173,46.633],[10.178,46.63],[10.171,46.621],[10.158,46.615],[10.148,46.613],[10.141,46.609],[10.137,46.609],[10.135,46.607],[10.118,46.607],[10.112,46.61],[10.102,46.61],[10.101,46.601],[10.098,46.598],[10.101,46.596],[10.1,46.589],[10.104,46.587],[10.094,46.581],[10.09,46.581],[10.087,46.579],[10.084,46.576],[10.084,46.574],[10.08,46.572],[10.08,46.567],[10.077,46.565],[10.076,46.561],[10.07,46.557],[10.07,46.554],[10.056,46.546],[10.053,46.546],[10.05,46.543],[10.049,46.534],[10.052,46.532],[10.052,46.527],[10.055,46.525],[10.055,46.523],[10.052,46.521],[10.052,46.516],[10.048,46.514],[10.048,46.512],[10.045,46.51],[10.044,46.503],[10.048,46.501],[10.046,46.478],[10.05,46.476],[10.049,46.474],[10.055,46.469],[10.051,46.467],[10.052,46.462],[10.049,46.461],[10.049,46.458],[10.045,46.456],[10.045,46.453],[10.042,46.451],[10.042,46.447],[10.049,46.442],[10.047,46.435],[10.051,46.431],[10.044,46.424],[10.046,46.415],[10.04,46.414],[10.036,46.409],[10.039,46.406],[10.05,46.407],[10.057,46.404],[10.053,46.397],[10.052,46.392],[10.053,46.388],[10.049,46.384],[10.047,46.39],[10.044,46.393],[10.046,46.395],[10.04,46.397],[10.033,46.397],[10.027,46.404],[10.02,46.407],[10.017,46.41],[10.016,46.414],[10.011,46.416],[10.009,46.414],[10.014,46.407],[10.024,46.403],[10.029,46.393],[10.026,46.391],[10.02,46.387],[10.009,46.387],[10.009,46.384],[10.003,46.38],[9.996,46.379],[9.995,46.376],[9.992,46.374],[9.992,46.371],[9.999,46.375],[10.003,46.375],[10.005,46.373],[10.023,46.371],[10.02,46.368],[10.025,46.365],[10.029,46.359],[10.027,46.355],[10.014,46.355],[10.009,46.351],[10.009,46.348],[10.021,46.344],[10.019,46.341],[10.014,46.34],[10.014,46.337],[10.01,46.337],[10.008,46.34],[10.001,46.335],[9.994,46.333],[9.996,46.331],[9.997,46.326],[10.003,46.323],[10.007,46.323],[10.01,46.321],[10.013,46.319],[10.013,46.316],[10.019,46.314],[10.005,46.31],[10.014,46.306],[10.015,46.303],[10.013,46.301],[10.006,46.299],[10.007,46.297],[10.015,46.294],[10.017,46.292],[10.016,46.29],[10.018,46.289],[10.025,46.291],[10.027,46.29],[10.027,46.287],[10.031,46.284],[10.037,46.282],[10.044,46.283],[10.053,46.275],[10.063,46.273],[10.064,46.271],[10.059,46.269],[10.043,46.269],[10.037,46.274],[10.037,46.279],[10.014,46.279],[10.011,46.281],[10.014,46.288],[10.012,46.289],[10.002,46.288],[9.999,46.29],[10.0,46.297],[10.004,46.299],[10.002,46.299],[10.0,46.304],[10.002,46.313],[9.99,46.32],[9.988,46.324],[9.984,46.324],[9.981,46.327],[9.981,46.329],[9.985,46.331],[9.985,46.333],[9.988,46.335],[9.991,46.334],[9.988,46.338],[9.992,46.342],[9.992,46.351],[9.985,46.351],[9.976,46.358],[9.976,46.361],[9.97,46.361],[9.963,46.365],[9.964,46.379],[9.948,46.379],[9.941,46.377],[9.928,46.368],[9.924,46.368],[9.921,46.371],[9.915,46.371],[9.912,46.373],[9.912,46.375],[9.906,46.38],[9.902,46.38],[9.886,46.372],[9.882,46.372],[9.872,46.363],[9.846,46.363],[9.843,46.361],[9.833,46.361],[9.83,46.359],[9.83,46.357],[9.816,46.35],[9.813,46.351],[9.806,46.346],[9.8,46.344],[9.793,46.344],[9.773,46.336],[9.767,46.336],[9.758,46.343],[9.751,46.345],[9.745,46.35],[9.738,46.35],[9.735,46.348],[9.719,46.348],[9.717,46.298],[9.713,46.294],[9.687,46.295],[9.681,46.299],[9.678,46.299],[9.675,46.302],[9.675,46.304],[9.665,46.304],[9.664,46.297],[9.661,46.295],[9.652,46.295],[9.651,46.291],[9.645,46.287],[9.625,46.287],[9.622,46.289],[9.623,46.296],[9.574,46.297],[9.571,46.299],[9.572,46.306],[9.548,46.307],[9.544,46.309],[9.545,46.311],[9.542,46.313],[9.549,46.316],[9.552,46.315],[9.555,46.317],[9.558,46.316],[9.562,46.318],[9.568,46.318],[9.57,46.317],[9.57,46.315],[9.567,46.313],[9.567,46.31],[9.582,46.312],[9.582,46.315],[9.584,46.316],[9.588,46.316],[9.59,46.314],[9.586,46.312],[9.587,46.309],[9.597,46.313],[9.604,46.312],[9.611,46.316],[9.612,46.325],[9.607,46.326],[9.601,46.33],[9.604,46.333],[9.608,46.331],[9.611,46.331],[9.614,46.334],[9.625,46.332],[9.624,46.334],[9.634,46.338],[9.642,46.334],[9.641,46.331],[9.646,46.329]]],[[[9.97,46.586],[9.969,46.588],[9.971,46.588],[9.97,46.586]]],[[[10.091,46.655],[10.088,46.653],[10.086,46.655],[10.091,46.655]]],[[[10.098,46.661],[10.092,46.667],[10.085,46.67],[10.082,46.675],[10.086,46.676],[10.092,46.674],[10.096,46.677],[10.098,46.669],[10.101,46.666],[10.098,46.661]]],[[[10.026,46.391],[10.03,46.392],[10.03,46.388],[10.026,46.391]]],[[[10.01,46.321],[10.013,46.322],[10.016,46.321],[10.01,46.321]]],[[[10.174,46.261],[10.172,46.26],[10.162,46.266],[10.164,46.268],[10.162,46.271],[10.153,46.273],[10.155,46.278],[10.153,46.28],[10.156,46.282],[10.155,46.284],[10.158,46.286],[10.16,46.284],[10.159,46.282],[10.163,46.28],[10.163,46.277],[10.166,46.275],[10.169,46.268],[10.173,46.268],[10.176,46.266],[10.174,46.261]]],[[[10.092,46.345],[10.096,46.346],[10.094,46.351],[10.101,46.355],[10.1,46.358],[10.094,46.36],[10.096,46.363],[10.116,46.368],[10.1,46.374],[10.098,46.378],[10.101,46.382],[10.102,46.38],[10.107,46.378],[10.108,46.382],[10.107,46.384],[10.114,46.384],[10.117,46.387],[10.127,46.39],[10.131,46.396],[10.135,46.397],[10.141,46.402],[10.144,46.401],[10.141,46.404],[10.141,46.406],[10.144,46.409],[10.151,46.412],[10.161,46.412],[10.163,46.41],[10.163,46.394],[10.16,46.392],[10.15,46.393],[10.149,46.386],[10.146,46.384],[10.136,46.384],[10.132,46.377],[10.126,46.375],[10.123,46.376],[10.121,46.368],[10.122,46.359],[10.119,46.357],[10.109,46.358],[10.108,46.344],[10.106,46.342],[10.106,46.339],[10.108,46.337],[10.106,46.333],[10.107,46.326],[10.104,46.322],[10.1,46.326],[10.103,46.333],[10.098,46.333],[10.094,46.335],[10.093,46.34],[10.09,46.342],[10.092,46.345]],[[10.096,46.346],[10.099,46.345],[10.099,46.348],[10.096,46.346]]],[[[10.156,46.287],[10.151,46.285],[10.146,46.289],[10.135,46.291],[10.129,46.29],[10.117,46.294],[10.117,46.296],[10.119,46.298],[10.122,46.298],[10.129,46.295],[10.136,46.296],[10.139,46.297],[10.14,46.298],[10.139,46.3],[10.142,46.302],[10.145,46.3],[10.143,46.296],[10.152,46.295],[10.154,46.293],[10.154,46.288],[10.156,46.287]]],[[[10.096,46.4],[10.092,46.401],[10.089,46.406],[10.084,46.407],[10.083,46.41],[10.073,46.417],[10.066,46.419],[10.067,46.421],[10.058,46.428],[10.061,46.43],[10.077,46.43],[10.083,46.426],[10.083,46.423],[10.096,46.423],[10.106,46.429],[10.136,46.431],[10.144,46.426],[10.142,46.422],[10.145,46.421],[10.147,46.417],[10.15,46.415],[10.148,46.413],[10.144,46.413],[10.138,46.415],[10.135,46.414],[10.125,46.416],[10.12,46.413],[10.117,46.413],[10.113,46.416],[10.106,46.417],[10.102,46.415],[10.099,46.416],[10.101,46.412],[10.107,46.407],[10.107,46.405],[10.105,46.403],[10.098,46.403],[10.096,46.4]]],[[[10.075,46.225],[10.057,46.224],[10.048,46.231],[10.048,46.235],[10.052,46.237],[10.053,46.242],[10.059,46.248],[10.056,46.251],[10.059,46.253],[10.062,46.252],[10.066,46.257],[10.063,46.259],[10.063,46.264],[10.066,46.265],[10.069,46.264],[10.071,46.259],[10.068,46.253],[10.075,46.255],[10.078,46.253],[10.086,46.252],[10.068,46.242],[10.068,46.239],[10.063,46.235],[10.064,46.23],[10.074,46.228],[10.075,46.225]]],[[[9.998,46.541],[10.001,46.54],[9.997,46.539],[9.998,46.541]]],[[[9.805,46.988],[9.808,46.987],[9.808,46.985],[9.805,46.981],[9.795,46.981],[9.792,46.983],[9.792,46.985],[9.795,46.987],[9.802,46.986],[9.805,46.988]]],[[[9.808,46.987],[9.806,46.992],[9.802,46.995],[9.792,46.995],[9.791,46.997],[9.782,46.996],[9.775,47.001],[9.776,47.004],[9.786,47.004],[9.796,46.998],[9.802,46.998],[9.81,47.001],[9.798,47.003],[9.795,47.006],[9.803,47.012],[9.809,47.012],[9.81,47.014],[9.793,47.019],[9.79,47.018],[9.783,47.02],[9.781,47.022],[9.781,47.026],[9.778,47.028],[9.778,47.031],[9.781,47.034],[9.784,47.033],[9.788,47.037],[9.791,47.037],[9.794,47.034],[9.797,47.035],[9.81,47.025],[9.82,47.023],[9.826,47.018],[9.836,47.015],[9.839,47.018],[9.853,47.02],[9.855,47.016],[9.848,47.013],[9.859,47.015],[9.862,47.02],[9.857,47.022],[9.859,47.024],[9.866,47.024],[9.868,47.022],[9.872,47.022],[9.875,47.02],[9.875,47.008],[9.891,46.999],[9.89,46.99],[9.887,46.988],[9.886,46.979],[9.883,46.977],[9.883,46.974],[9.879,46.972],[9.88,46.97],[9.876,46.968],[9.876,46.963],[9.879,46.961],[9.879,46.947],[9.882,46.945],[9.882,46.936],[9.888,46.934],[9.895,46.934],[9.907,46.926],[9.911,46.926],[9.92,46.922],[9.917,46.92],[9.911,46.922],[9.897,46.922],[9.897,46.918],[9.894,46.915],[9.89,46.913],[9.883,46.914],[9.886,46.907],[9.88,46.903],[9.867,46.907],[9.865,46.91],[9.851,46.911],[9.846,46.919],[9.846,46.924],[9.843,46.926],[9.843,46.928],[9.829,46.93],[9.826,46.934],[9.816,46.933],[9.813,46.935],[9.814,46.938],[9.816,46.938],[9.817,46.94],[9.818,46.947],[9.817,46.95],[9.815,46.951],[9.817,46.953],[9.833,46.946],[9.833,46.951],[9.829,46.953],[9.827,46.958],[9.822,46.962],[9.824,46.968],[9.837,46.968],[9.849,46.962],[9.855,46.957],[9.863,46.956],[9.866,46.959],[9.855,46.966],[9.854,46.968],[9.857,46.97],[9.864,46.971],[9.864,46.973],[9.851,46.975],[9.847,46.974],[9.841,46.978],[9.845,46.982],[9.844,46.985],[9.845,46.987],[9.847,46.989],[9.851,46.989],[9.85,46.991],[9.851,46.994],[9.871,46.992],[9.874,46.993],[9.875,46.996],[9.871,47.001],[9.868,47.002],[9.871,47.0],[9.868,46.996],[9.861,46.998],[9.858,47.001],[9.852,47.002],[9.843,47.0],[9.842,46.996],[9.838,46.992],[9.828,46.987],[9.821,46.985],[9.815,46.988],[9.808,46.987]]],[[[9.867,46.907],[9.861,46.907],[9.864,46.909],[9.867,46.907]]],[[[9.464,46.571],[9.467,46.573],[9.461,46.578],[9.464,46.58],[9.48,46.578],[9.485,46.58],[9.484,46.582],[9.474,46.585],[9.468,46.589],[9.458,46.589],[9.456,46.591],[9.454,46.6],[9.455,46.603],[9.46,46.603],[9.462,46.601],[9.463,46.603],[9.465,46.603],[9.48,46.6],[9.477,46.607],[9.465,46.616],[9.463,46.622],[9.46,46.625],[9.468,46.629],[9.469,46.632],[9.473,46.632],[9.486,46.627],[9.478,46.636],[9.483,46.639],[9.489,46.637],[9.496,46.638],[9.493,46.645],[9.48,46.654],[9.478,46.661],[9.475,46.665],[9.484,46.667],[9.487,46.664],[9.49,46.664],[9.493,46.658],[9.5,46.656],[9.506,46.661],[9.513,46.662],[9.517,46.66],[9.511,46.656],[9.511,46.644],[9.514,46.644],[9.516,46.646],[9.517,46.644],[9.515,46.64],[9.522,46.639],[9.524,46.637],[9.523,46.633],[9.528,46.63],[9.531,46.631],[9.538,46.629],[9.542,46.626],[9.542,46.624],[9.534,46.621],[9.531,46.618],[9.518,46.617],[9.517,46.615],[9.519,46.608],[9.517,46.607],[9.516,46.604],[9.51,46.602],[9.515,46.599],[9.512,46.595],[9.513,46.588],[9.518,46.595],[9.527,46.598],[9.53,46.596],[9.54,46.596],[9.554,46.59],[9.546,46.588],[9.542,46.581],[9.542,46.577],[9.544,46.576],[9.536,46.577],[9.532,46.574],[9.534,46.572],[9.534,46.567],[9.529,46.565],[9.532,46.561],[9.523,46.561],[9.527,46.559],[9.525,46.556],[9.514,46.55],[9.515,46.544],[9.527,46.55],[9.545,46.551],[9.553,46.545],[9.555,46.54],[9.551,46.536],[9.557,46.538],[9.561,46.535],[9.564,46.535],[9.565,46.54],[9.568,46.542],[9.56,46.553],[9.563,46.556],[9.563,46.558],[9.574,46.569],[9.585,46.57],[9.588,46.575],[9.591,46.574],[9.594,46.571],[9.594,46.569],[9.596,46.569],[9.597,46.564],[9.594,46.562],[9.587,46.562],[9.586,46.558],[9.583,46.555],[9.584,46.553],[9.587,46.552],[9.59,46.554],[9.6,46.553],[9.604,46.546],[9.6,46.544],[9.602,46.541],[9.606,46.539],[9.598,46.535],[9.598,46.533],[9.595,46.53],[9.59,46.53],[9.592,46.526],[9.589,46.524],[9.586,46.526],[9.576,46.522],[9.579,46.519],[9.576,46.515],[9.556,46.509],[9.553,46.505],[9.549,46.504],[9.556,46.503],[9.562,46.506],[9.569,46.506],[9.579,46.502],[9.589,46.494],[9.594,46.497],[9.594,46.499],[9.592,46.502],[9.589,46.503],[9.589,46.506],[9.599,46.513],[9.605,46.513],[9.612,46.516],[9.614,46.512],[9.612,46.51],[9.608,46.511],[9.604,46.508],[9.605,46.505],[9.611,46.506],[9.618,46.504],[9.623,46.498],[9.62,46.492],[9.624,46.489],[9.622,46.483],[9.626,46.48],[9.626,46.478],[9.623,46.477],[9.623,46.473],[9.624,46.476],[9.633,46.479],[9.641,46.473],[9.629,46.465],[9.63,46.462],[9.628,46.46],[9.627,46.455],[9.619,46.451],[9.619,46.446],[9.629,46.452],[9.633,46.458],[9.639,46.461],[9.645,46.462],[9.649,46.459],[9.652,46.459],[9.654,46.457],[9.652,46.455],[9.653,46.453],[9.658,46.449],[9.662,46.453],[9.661,46.459],[9.662,46.46],[9.684,46.461],[9.688,46.458],[9.691,46.458],[9.698,46.465],[9.704,46.464],[9.711,46.465],[9.709,46.467],[9.714,46.473],[9.724,46.475],[9.734,46.474],[9.737,46.476],[9.737,46.478],[9.74,46.473],[9.753,46.472],[9.766,46.465],[9.776,46.462],[9.778,46.459],[9.769,46.456],[9.765,46.452],[9.762,46.453],[9.755,46.447],[9.732,46.441],[9.729,46.442],[9.713,46.434],[9.706,46.434],[9.704,46.429],[9.705,46.427],[9.699,46.424],[9.696,46.419],[9.692,46.419],[9.679,46.41],[9.675,46.41],[9.672,46.408],[9.67,46.41],[9.661,46.41],[9.656,46.408],[9.651,46.403],[9.646,46.402],[9.637,46.407],[9.63,46.402],[9.627,46.404],[9.623,46.404],[9.62,46.401],[9.606,46.402],[9.597,46.396],[9.59,46.398],[9.591,46.395],[9.597,46.393],[9.604,46.393],[9.61,46.39],[9.627,46.392],[9.639,46.396],[9.646,46.394],[9.648,46.392],[9.642,46.385],[9.632,46.38],[9.624,46.384],[9.623,46.382],[9.616,46.38],[9.612,46.373],[9.606,46.369],[9.592,46.371],[9.59,46.369],[9.586,46.37],[9.583,46.373],[9.563,46.366],[9.547,46.369],[9.549,46.367],[9.544,46.362],[9.541,46.364],[9.528,46.366],[9.518,46.362],[9.515,46.364],[9.508,46.364],[9.498,46.362],[9.496,46.363],[9.496,46.366],[9.492,46.366],[9.489,46.368],[9.479,46.368],[9.476,46.371],[9.466,46.373],[9.46,46.378],[9.46,46.38],[9.464,46.384],[9.464,46.387],[9.467,46.389],[9.464,46.391],[9.465,46.409],[9.461,46.411],[9.461,46.414],[9.452,46.42],[9.452,46.429],[9.456,46.432],[9.457,46.461],[9.461,46.463],[9.461,46.468],[9.465,46.47],[9.465,46.481],[9.462,46.483],[9.467,46.484],[9.469,46.483],[9.474,46.476],[9.471,46.467],[9.467,46.463],[9.469,46.461],[9.469,46.456],[9.467,46.449],[9.465,46.447],[9.466,46.445],[9.47,46.443],[9.471,46.436],[9.476,46.431],[9.483,46.429],[9.483,46.427],[9.488,46.424],[9.487,46.422],[9.491,46.422],[9.496,46.415],[9.499,46.406],[9.503,46.406],[9.506,46.402],[9.509,46.406],[9.508,46.413],[9.505,46.417],[9.514,46.422],[9.51,46.422],[9.502,46.429],[9.505,46.433],[9.498,46.432],[9.491,46.436],[9.489,46.44],[9.486,46.442],[9.489,46.445],[9.497,46.447],[9.488,46.449],[9.489,46.454],[9.493,46.458],[9.49,46.463],[9.49,46.472],[9.493,46.475],[9.496,46.474],[9.497,46.471],[9.499,46.47],[9.502,46.47],[9.518,46.463],[9.518,46.46],[9.521,46.457],[9.525,46.461],[9.53,46.46],[9.532,46.457],[9.542,46.453],[9.546,46.444],[9.544,46.441],[9.529,46.437],[9.537,46.437],[9.542,46.435],[9.543,46.425],[9.546,46.427],[9.549,46.421],[9.56,46.423],[9.56,46.425],[9.553,46.43],[9.553,46.433],[9.551,46.434],[9.553,46.439],[9.557,46.438],[9.56,46.441],[9.558,46.443],[9.558,46.446],[9.56,46.448],[9.57,46.448],[9.583,46.443],[9.589,46.438],[9.596,46.438],[9.598,46.436],[9.599,46.437],[9.596,46.44],[9.596,46.443],[9.589,46.447],[9.589,46.449],[9.586,46.452],[9.58,46.454],[9.577,46.457],[9.561,46.457],[9.557,46.459],[9.557,46.461],[9.532,46.473],[9.539,46.478],[9.532,46.478],[9.522,46.482],[9.519,46.481],[9.517,46.485],[9.503,46.488],[9.488,46.496],[9.482,46.501],[9.48,46.505],[9.481,46.509],[9.501,46.509],[9.506,46.512],[9.516,46.514],[9.488,46.518],[9.485,46.525],[9.478,46.522],[9.472,46.525],[9.465,46.523],[9.46,46.526],[9.46,46.528],[9.463,46.531],[9.459,46.531],[9.45,46.535],[9.45,46.538],[9.448,46.54],[9.449,46.542],[9.456,46.546],[9.453,46.551],[9.46,46.552],[9.463,46.55],[9.476,46.55],[9.479,46.551],[9.486,46.548],[9.489,46.55],[9.483,46.555],[9.483,46.557],[9.47,46.558],[9.464,46.56],[9.47,46.565],[9.474,46.566],[9.47,46.569],[9.464,46.571]],[[9.551,46.536],[9.542,46.534],[9.542,46.531],[9.544,46.53],[9.551,46.533],[9.551,46.536]]],[[[9.461,46.571],[9.464,46.571],[9.465,46.569],[9.461,46.568],[9.459,46.569],[9.461,46.571]]],[[[9.737,46.478],[9.734,46.477],[9.731,46.479],[9.719,46.478],[9.716,46.481],[9.713,46.481],[9.711,46.479],[9.708,46.48],[9.707,46.474],[9.704,46.473],[9.695,46.477],[9.692,46.475],[9.688,46.476],[9.685,46.479],[9.682,46.475],[9.669,46.473],[9.666,46.475],[9.668,46.477],[9.658,46.482],[9.657,46.484],[9.659,46.487],[9.663,46.489],[9.666,46.488],[9.665,46.491],[9.657,46.495],[9.657,46.498],[9.66,46.5],[9.676,46.5],[9.68,46.501],[9.68,46.503],[9.673,46.504],[9.667,46.507],[9.663,46.505],[9.657,46.506],[9.654,46.504],[9.649,46.511],[9.648,46.514],[9.65,46.516],[9.66,46.512],[9.671,46.513],[9.673,46.515],[9.658,46.52],[9.668,46.522],[9.67,46.524],[9.668,46.528],[9.663,46.529],[9.666,46.531],[9.661,46.533],[9.659,46.538],[9.66,46.545],[9.649,46.545],[9.643,46.547],[9.641,46.55],[9.646,46.555],[9.656,46.554],[9.656,46.556],[9.649,46.558],[9.653,46.56],[9.654,46.563],[9.651,46.572],[9.653,46.573],[9.669,46.566],[9.672,46.569],[9.673,46.572],[9.669,46.572],[9.667,46.574],[9.664,46.581],[9.664,46.583],[9.667,46.584],[9.68,46.581],[9.695,46.57],[9.699,46.569],[9.699,46.567],[9.702,46.569],[9.7,46.571],[9.698,46.578],[9.7,46.58],[9.699,46.581],[9.69,46.583],[9.684,46.587],[9.684,46.589],[9.69,46.591],[9.691,46.589],[9.698,46.589],[9.697,46.591],[9.684,46.597],[9.673,46.596],[9.661,46.597],[9.651,46.605],[9.645,46.605],[9.635,46.602],[9.633,46.604],[9.634,46.608],[9.633,46.611],[9.638,46.612],[9.642,46.61],[9.641,46.613],[9.635,46.614],[9.634,46.615],[9.636,46.617],[9.633,46.62],[9.623,46.624],[9.607,46.638],[9.61,46.64],[9.617,46.637],[9.62,46.639],[9.63,46.637],[9.632,46.638],[9.631,46.642],[9.633,46.645],[9.636,46.638],[9.646,46.641],[9.65,46.64],[9.649,46.635],[9.652,46.633],[9.656,46.636],[9.662,46.635],[9.662,46.633],[9.666,46.635],[9.663,46.639],[9.663,46.642],[9.666,46.643],[9.676,46.64],[9.68,46.637],[9.682,46.634],[9.678,46.63],[9.685,46.632],[9.687,46.63],[9.686,46.628],[9.688,46.627],[9.691,46.629],[9.695,46.628],[9.697,46.63],[9.696,46.634],[9.698,46.636],[9.692,46.645],[9.695,46.648],[9.698,46.645],[9.705,46.644],[9.707,46.638],[9.713,46.634],[9.708,46.632],[9.704,46.627],[9.711,46.627],[9.714,46.625],[9.714,46.622],[9.721,46.627],[9.726,46.625],[9.728,46.622],[9.72,46.615],[9.724,46.617],[9.737,46.619],[9.743,46.615],[9.738,46.609],[9.741,46.606],[9.736,46.603],[9.726,46.602],[9.726,46.6],[9.746,46.598],[9.749,46.595],[9.755,46.595],[9.757,46.592],[9.724,46.591],[9.726,46.588],[9.735,46.588],[9.742,46.584],[9.745,46.576],[9.748,46.576],[9.748,46.58],[9.753,46.586],[9.762,46.59],[9.768,46.589],[9.774,46.585],[9.778,46.585],[9.781,46.582],[9.794,46.582],[9.8,46.578],[9.807,46.58],[9.81,46.579],[9.817,46.581],[9.826,46.581],[9.853,46.589],[9.863,46.589],[9.866,46.591],[9.882,46.588],[9.886,46.589],[9.895,46.585],[9.898,46.578],[9.884,46.572],[9.881,46.568],[9.879,46.57],[9.868,46.57],[9.859,46.573],[9.855,46.571],[9.847,46.573],[9.823,46.572],[9.812,46.569],[9.81,46.567],[9.801,46.567],[9.793,46.563],[9.786,46.563],[9.78,46.558],[9.77,46.553],[9.76,46.551],[9.757,46.552],[9.75,46.548],[9.746,46.542],[9.756,46.547],[9.772,46.549],[9.793,46.558],[9.816,46.564],[9.829,46.563],[9.842,46.557],[9.841,46.552],[9.838,46.551],[9.838,46.549],[9.842,46.552],[9.842,46.555],[9.845,46.557],[9.858,46.554],[9.866,46.55],[9.858,46.548],[9.849,46.548],[9.847,46.546],[9.846,46.541],[9.849,46.539],[9.844,46.532],[9.84,46.532],[9.83,46.524],[9.823,46.524],[9.822,46.519],[9.837,46.518],[9.837,46.515],[9.828,46.512],[9.823,46.508],[9.82,46.508],[9.817,46.506],[9.816,46.503],[9.807,46.498],[9.79,46.497],[9.787,46.495],[9.787,46.493],[9.795,46.488],[9.789,46.484],[9.789,46.481],[9.786,46.477],[9.781,46.475],[9.779,46.472],[9.776,46.472],[9.77,46.478],[9.763,46.478],[9.757,46.48],[9.754,46.478],[9.747,46.48],[9.74,46.477],[9.737,46.478]]],[[[9.603,46.697],[9.599,46.696],[9.588,46.701],[9.59,46.703],[9.59,46.707],[9.582,46.711],[9.584,46.715],[9.579,46.717],[9.578,46.72],[9.578,46.724],[9.581,46.726],[9.589,46.726],[9.589,46.728],[9.588,46.73],[9.578,46.735],[9.576,46.738],[9.58,46.74],[9.575,46.741],[9.57,46.749],[9.576,46.755],[9.574,46.758],[9.581,46.762],[9.582,46.767],[9.58,46.769],[9.58,46.774],[9.583,46.778],[9.581,46.78],[9.578,46.792],[9.567,46.803],[9.568,46.806],[9.565,46.808],[9.566,46.81],[9.565,46.812],[9.575,46.813],[9.576,46.812],[9.575,46.81],[9.578,46.808],[9.591,46.81],[9.594,46.805],[9.6,46.803],[9.604,46.804],[9.615,46.798],[9.616,46.795],[9.626,46.795],[9.625,46.797],[9.627,46.802],[9.623,46.807],[9.626,46.809],[9.63,46.808],[9.633,46.81],[9.647,46.811],[9.653,46.813],[9.66,46.811],[9.663,46.814],[9.666,46.813],[9.673,46.816],[9.676,46.815],[9.686,46.817],[9.692,46.814],[9.693,46.812],[9.688,46.81],[9.689,46.805],[9.685,46.8],[9.682,46.799],[9.68,46.801],[9.682,46.803],[9.679,46.805],[9.675,46.803],[9.678,46.801],[9.676,46.798],[9.662,46.793],[9.662,46.791],[9.671,46.79],[9.672,46.783],[9.66,46.781],[9.662,46.775],[9.666,46.774],[9.671,46.776],[9.678,46.774],[9.677,46.772],[9.681,46.767],[9.667,46.761],[9.666,46.758],[9.662,46.756],[9.663,46.754],[9.659,46.75],[9.66,46.748],[9.664,46.749],[9.668,46.754],[9.684,46.764],[9.687,46.764],[9.693,46.76],[9.698,46.762],[9.698,46.765],[9.692,46.769],[9.691,46.774],[9.694,46.776],[9.699,46.776],[9.699,46.783],[9.701,46.784],[9.704,46.782],[9.708,46.786],[9.711,46.784],[9.712,46.785],[9.709,46.789],[9.711,46.791],[9.718,46.789],[9.71,46.796],[9.715,46.798],[9.725,46.795],[9.726,46.796],[9.722,46.802],[9.721,46.807],[9.728,46.805],[9.733,46.807],[9.726,46.811],[9.726,46.814],[9.732,46.816],[9.74,46.815],[9.745,46.817],[9.755,46.817],[9.762,46.815],[9.772,46.819],[9.769,46.822],[9.744,46.829],[9.746,46.831],[9.743,46.833],[9.743,46.838],[9.746,46.841],[9.743,46.84],[9.742,46.838],[9.723,46.832],[9.721,46.834],[9.719,46.841],[9.717,46.842],[9.71,46.839],[9.704,46.841],[9.705,46.845],[9.697,46.851],[9.69,46.85],[9.684,46.854],[9.681,46.854],[9.678,46.851],[9.674,46.851],[9.668,46.856],[9.664,46.855],[9.658,46.857],[9.656,46.855],[9.645,46.856],[9.639,46.861],[9.619,46.862],[9.616,46.868],[9.609,46.866],[9.606,46.868],[9.596,46.864],[9.59,46.864],[9.585,46.868],[9.589,46.87],[9.587,46.875],[9.594,46.876],[9.592,46.881],[9.6,46.885],[9.605,46.883],[9.611,46.888],[9.611,46.896],[9.603,46.899],[9.608,46.9],[9.608,46.905],[9.602,46.908],[9.602,46.91],[9.599,46.913],[9.602,46.916],[9.612,46.916],[9.6152608696,46.9120869565],[9.618,46.913],[9.618,46.911],[9.6154615385,46.9118461538],[9.617,46.91],[9.619,46.906],[9.617,46.903],[9.621,46.903],[9.624,46.899],[9.624,46.896],[9.622,46.894],[9.617,46.892],[9.62,46.89],[9.627,46.893],[9.634,46.9],[9.64,46.897],[9.647,46.898],[9.647,46.901],[9.644,46.903],[9.646,46.907],[9.644,46.91],[9.638,46.91],[9.634,46.912],[9.642,46.914],[9.64,46.919],[9.635,46.919],[9.631,46.921],[9.636,46.923],[9.637,46.925],[9.633,46.93],[9.635,46.933],[9.652,46.923],[9.654,46.919],[9.661,46.918],[9.663,46.916],[9.656,46.912],[9.659,46.909],[9.657,46.908],[9.657,46.905],[9.66,46.906],[9.667,46.903],[9.671,46.905],[9.672,46.898],[9.677,46.895],[9.673,46.892],[9.666,46.892],[9.669,46.885],[9.671,46.884],[9.659,46.88],[9.661,46.878],[9.666,46.878],[9.685,46.884],[9.689,46.888],[9.692,46.888],[9.702,46.883],[9.703,46.886],[9.711,46.89],[9.704,46.897],[9.71,46.899],[9.708,46.902],[9.709,46.903],[9.716,46.903],[9.726,46.898],[9.731,46.89],[9.729,46.888],[9.735,46.889],[9.737,46.888],[9.735,46.885],[9.738,46.883],[9.742,46.886],[9.745,46.885],[9.748,46.888],[9.752,46.885],[9.755,46.89],[9.762,46.893],[9.778,46.892],[9.785,46.887],[9.784,46.884],[9.791,46.882],[9.795,46.877],[9.807,46.876],[9.817,46.878],[9.82,46.876],[9.826,46.876],[9.829,46.874],[9.836,46.874],[9.842,46.872],[9.843,46.869],[9.846,46.871],[9.852,46.869],[9.854,46.867],[9.852,46.865],[9.857,46.863],[9.858,46.86],[9.864,46.856],[9.862,46.854],[9.854,46.854],[9.848,46.85],[9.838,46.85],[9.837,46.849],[9.84,46.845],[9.838,46.843],[9.835,46.843],[9.834,46.834],[9.843,46.834],[9.841,46.833],[9.84,46.829],[9.837,46.827],[9.834,46.828],[9.827,46.823],[9.821,46.822],[9.819,46.816],[9.803,46.814],[9.807,46.811],[9.814,46.809],[9.801,46.807],[9.797,46.803],[9.79,46.804],[9.788,46.803],[9.79,46.8],[9.794,46.8],[9.8,46.796],[9.799,46.794],[9.8,46.792],[9.794,46.79],[9.798,46.787],[9.793,46.783],[9.78,46.786],[9.779,46.783],[9.781,46.781],[9.78,46.779],[9.773,46.778],[9.77,46.779],[9.769,46.777],[9.775,46.772],[9.769,46.766],[9.752,46.766],[9.752,46.763],[9.754,46.761],[9.767,46.756],[9.76,46.754],[9.738,46.755],[9.729,46.753],[9.731,46.75],[9.736,46.748],[9.75,46.746],[9.754,46.743],[9.762,46.741],[9.751,46.732],[9.748,46.737],[9.745,46.737],[9.735,46.742],[9.734,46.739],[9.738,46.737],[9.74,46.732],[9.733,46.73],[9.724,46.73],[9.716,46.736],[9.706,46.734],[9.702,46.736],[9.702,46.731],[9.698,46.729],[9.697,46.722],[9.695,46.721],[9.682,46.722],[9.682,46.72],[9.679,46.717],[9.676,46.72],[9.672,46.721],[9.666,46.717],[9.656,46.719],[9.646,46.716],[9.651,46.711],[9.642,46.71],[9.639,46.708],[9.637,46.714],[9.63,46.715],[9.628,46.714],[9.627,46.71],[9.623,46.708],[9.619,46.7],[9.613,46.704],[9.606,46.701],[9.603,46.697]]],[[[9.784,46.956],[9.774,46.955],[9.765,46.962],[9.761,46.962],[9.755,46.968],[9.755,46.97],[9.785,46.97],[9.788,46.966],[9.788,46.958],[9.784,46.956]]],[[[9.586,47.025],[9.584,47.028],[9.575,47.03],[9.574,47.032],[9.578,47.035],[9.578,47.037],[9.574,47.037],[9.561,47.047],[9.548,47.047],[9.545,47.049],[9.543,47.051],[9.55,47.053],[9.549,47.06],[9.542,47.063],[9.538,47.067],[9.545,47.068],[9.552,47.063],[9.575,47.063],[9.569,47.066],[9.569,47.071],[9.562,47.078],[9.551,47.082],[9.556,47.084],[9.559,47.083],[9.563,47.084],[9.562,47.087],[9.572,47.091],[9.576,47.09],[9.577,47.086],[9.577,47.084],[9.573,47.08],[9.582,47.079],[9.585,47.074],[9.588,47.073],[9.592,47.075],[9.595,47.074],[9.598,47.075],[9.597,47.077],[9.6,47.079],[9.6,47.081],[9.597,47.084],[9.596,47.093],[9.593,47.095],[9.596,47.101],[9.593,47.1],[9.587,47.104],[9.584,47.109],[9.586,47.11],[9.593,47.109],[9.593,47.106],[9.596,47.104],[9.599,47.106],[9.603,47.105],[9.612,47.096],[9.615,47.095],[9.619,47.097],[9.622,47.096],[9.616,47.106],[9.619,47.108],[9.61,47.113],[9.61,47.118],[9.608,47.12],[9.597,47.12],[9.594,47.122],[9.594,47.124],[9.59,47.122],[9.588,47.124],[9.594,47.127],[9.597,47.125],[9.608,47.129],[9.61,47.127],[9.614,47.128],[9.617,47.126],[9.62,47.13],[9.622,47.13],[9.614,47.133],[9.615,47.135],[9.612,47.137],[9.613,47.14],[9.621,47.145],[9.623,47.142],[9.621,47.14],[9.623,47.137],[9.627,47.137],[9.63,47.135],[9.63,47.133],[9.625,47.13],[9.63,47.132],[9.633,47.13],[9.631,47.128],[9.633,47.126],[9.626,47.118],[9.625,47.112],[9.62,47.108],[9.622,47.104],[9.632,47.099],[9.63,47.09],[9.631,47.088],[9.63,47.085],[9.625,47.084],[9.618,47.079],[9.618,47.077],[9.614,47.074],[9.614,47.068],[9.607,47.063],[9.614,47.058],[9.634,47.054],[9.647,47.062],[9.67,47.062],[9.673,47.064],[9.68,47.064],[9.683,47.062],[9.687,47.062],[9.702,47.052],[9.706,47.052],[9.709,47.05],[9.722,47.05],[9.725,47.047],[9.739,47.047],[9.745,47.042],[9.751,47.04],[9.755,47.04],[9.758,47.042],[9.775,47.041],[9.778,47.042],[9.78,47.04],[9.778,47.038],[9.767,47.038],[9.774,47.037],[9.777,47.035],[9.774,47.033],[9.771,47.027],[9.767,47.027],[9.76,47.031],[9.754,47.024],[9.747,47.025],[9.744,47.023],[9.742,47.025],[9.734,47.025],[9.728,47.027],[9.721,47.025],[9.718,47.026],[9.711,47.021],[9.704,47.019],[9.706,47.014],[9.698,47.009],[9.686,47.015],[9.678,47.016],[9.673,47.019],[9.682,47.021],[9.682,47.024],[9.686,47.024],[9.689,47.021],[9.698,47.021],[9.696,47.026],[9.69,47.03],[9.692,47.032],[9.695,47.034],[9.702,47.033],[9.721,47.036],[9.724,47.039],[9.715,47.041],[9.709,47.04],[9.706,47.043],[9.696,47.042],[9.692,47.044],[9.692,47.046],[9.696,47.05],[9.689,47.051],[9.683,47.055],[9.676,47.054],[9.674,47.055],[9.674,47.058],[9.662,47.058],[9.663,47.056],[9.667,47.057],[9.67,47.056],[9.666,47.049],[9.663,47.049],[9.66,47.052],[9.653,47.052],[9.646,47.047],[9.637,47.047],[9.63,47.049],[9.62,47.046],[9.617,47.048],[9.609,47.048],[9.604,47.043],[9.597,47.044],[9.59,47.039],[9.586,47.039],[9.6,47.038],[9.603,47.035],[9.613,47.037],[9.622,47.034],[9.616,47.029],[9.623,47.033],[9.633,47.028],[9.634,47.025],[9.63,47.022],[9.622,47.02],[9.627,47.016],[9.624,47.013],[9.615,47.01],[9.605,47.01],[9.589,47.019],[9.585,47.023],[9.586,47.025]],[[9.586,47.025],[9.594,47.025],[9.593,47.026],[9.586,47.025]]],[[[9.692,47.044],[9.694,47.041],[9.69,47.041],[9.692,47.044]]],[[[9.596,47.104],[9.595,47.106],[9.598,47.106],[9.596,47.104]]],[[[9.59,47.127],[9.587,47.125],[9.579,47.129],[9.588,47.131],[9.585,47.136],[9.588,47.142],[9.594,47.14],[9.594,47.137],[9.597,47.138],[9.603,47.135],[9.603,47.131],[9.6,47.129],[9.59,47.127]]],[[[9.469,46.8],[9.463,46.803],[9.473,46.805],[9.476,46.807],[9.478,46.805],[9.478,46.802],[9.475,46.8],[9.476,46.799],[9.479,46.802],[9.483,46.802],[9.483,46.809],[9.486,46.811],[9.5,46.813],[9.501,46.816],[9.503,46.817],[9.504,46.804],[9.51,46.802],[9.508,46.797],[9.512,46.796],[9.517,46.791],[9.517,46.788],[9.515,46.786],[9.504,46.782],[9.51,46.779],[9.51,46.777],[9.507,46.775],[9.511,46.774],[9.514,46.776],[9.521,46.776],[9.529,46.775],[9.534,46.774],[9.539,46.77],[9.539,46.768],[9.531,46.763],[9.536,46.761],[9.539,46.756],[9.533,46.754],[9.53,46.75],[9.531,46.748],[9.53,46.745],[9.521,46.739],[9.518,46.73],[9.515,46.728],[9.515,46.721],[9.512,46.72],[9.506,46.723],[9.51,46.73],[9.506,46.737],[9.493,46.738],[9.487,46.742],[9.489,46.744],[9.497,46.743],[9.498,46.744],[9.494,46.748],[9.506,46.752],[9.505,46.755],[9.502,46.757],[9.506,46.759],[9.503,46.764],[9.497,46.765],[9.486,46.773],[9.486,46.778],[9.482,46.779],[9.479,46.782],[9.479,46.787],[9.483,46.791],[9.482,46.793],[9.469,46.798],[9.469,46.8]]],[[[9.445,46.871],[9.439,46.866],[9.433,46.868],[9.433,46.87],[9.43,46.873],[9.433,46.874],[9.436,46.872],[9.443,46.877],[9.447,46.877],[9.45,46.879],[9.452,46.882],[9.45,46.884],[9.45,46.891],[9.448,46.893],[9.45,46.895],[9.456,46.894],[9.46,46.895],[9.458,46.897],[9.458,46.9],[9.454,46.904],[9.458,46.906],[9.458,46.909],[9.462,46.911],[9.467,46.911],[9.466,46.913],[9.474,46.916],[9.48,46.913],[9.483,46.914],[9.485,46.915],[9.484,46.917],[9.487,46.919],[9.497,46.917],[9.499,46.915],[9.493,46.913],[9.483,46.906],[9.486,46.904],[9.496,46.907],[9.499,46.903],[9.491,46.897],[9.492,46.894],[9.49,46.89],[9.485,46.886],[9.487,46.883],[9.476,46.882],[9.469,46.883],[9.466,46.885],[9.465,46.884],[9.471,46.877],[9.461,46.872],[9.454,46.873],[9.454,46.87],[9.451,46.87],[9.449,46.872],[9.445,46.871]]],[[[7.099,46.323],[7.101,46.325],[7.088,46.32],[7.072,46.321],[7.06,46.325],[7.058,46.328],[7.059,46.331],[7.058,46.332],[7.062,46.335],[7.063,46.339],[7.065,46.34],[7.068,46.338],[7.073,46.339],[7.085,46.337],[7.084,46.339],[7.087,46.341],[7.08,46.346],[7.081,46.347],[7.103,46.346],[7.103,46.343],[7.1,46.341],[7.098,46.337],[7.101,46.337],[7.104,46.34],[7.111,46.337],[7.111,46.339],[7.106,46.343],[7.12,46.346],[7.127,46.344],[7.124,46.339],[7.127,46.337],[7.14,46.342],[7.143,46.341],[7.14,46.337],[7.133,46.333],[7.12,46.332],[7.132,46.328],[7.13,46.325],[7.136,46.328],[7.141,46.328],[7.143,46.323],[7.151,46.321],[7.153,46.326],[7.151,46.33],[7.156,46.331],[7.159,46.327],[7.169,46.321],[7.176,46.323],[7.184,46.323],[7.183,46.326],[7.186,46.33],[7.182,46.333],[7.179,46.333],[7.172,46.341],[7.195,46.35],[7.2,46.35],[7.204,46.355],[7.215,46.357],[7.218,46.359],[7.228,46.357],[7.231,46.359],[7.237,46.357],[7.244,46.359],[7.25,46.356],[7.251,46.364],[7.25,46.366],[7.261,46.371],[7.263,46.374],[7.267,46.373],[7.273,46.375],[7.283,46.372],[7.286,46.373],[7.292,46.37],[7.296,46.371],[7.299,46.373],[7.293,46.38],[7.296,46.384],[7.3,46.384],[7.302,46.386],[7.294,46.389],[7.296,46.391],[7.299,46.391],[7.3,46.396],[7.297,46.398],[7.299,46.399],[7.307,46.398],[7.307,46.396],[7.315,46.393],[7.315,46.389],[7.318,46.391],[7.325,46.392],[7.331,46.391],[7.334,46.389],[7.335,46.378],[7.336,46.382],[7.335,46.384],[7.342,46.387],[7.342,46.391],[7.348,46.395],[7.351,46.391],[7.353,46.393],[7.349,46.396],[7.35,46.4],[7.348,46.402],[7.349,46.405],[7.358,46.405],[7.351,46.414],[7.362,46.414],[7.363,46.411],[7.362,46.409],[7.364,46.409],[7.367,46.412],[7.37,46.411],[7.373,46.42],[7.368,46.423],[7.364,46.422],[7.362,46.423],[7.361,46.433],[7.351,46.437],[7.338,46.439],[7.329,46.445],[7.325,46.452],[7.328,46.456],[7.331,46.45],[7.343,46.454],[7.341,46.463],[7.334,46.47],[7.334,46.474],[7.341,46.474],[7.344,46.472],[7.347,46.476],[7.351,46.474],[7.354,46.468],[7.361,46.463],[7.36,46.454],[7.364,46.45],[7.367,46.456],[7.374,46.455],[7.377,46.452],[7.378,46.463],[7.367,46.474],[7.364,46.479],[7.374,46.479],[7.377,46.483],[7.393,46.483],[7.396,46.481],[7.392,46.477],[7.393,46.474],[7.389,46.472],[7.39,46.47],[7.388,46.465],[7.39,46.464],[7.397,46.472],[7.403,46.475],[7.406,46.479],[7.413,46.479],[7.411,46.465],[7.404,46.463],[7.399,46.456],[7.392,46.452],[7.389,46.441],[7.392,46.438],[7.389,46.434],[7.388,46.429],[7.385,46.427],[7.387,46.426],[7.39,46.428],[7.396,46.436],[7.406,46.443],[7.406,46.445],[7.409,46.447],[7.414,46.447],[7.415,46.438],[7.417,46.438],[7.419,46.441],[7.424,46.441],[7.419,46.434],[7.415,46.432],[7.419,46.427],[7.409,46.423],[7.406,46.424],[7.402,46.42],[7.391,46.416],[7.393,46.415],[7.4,46.417],[7.403,46.416],[7.403,46.414],[7.394,46.407],[7.393,46.403],[7.39,46.403],[7.387,46.4],[7.392,46.4],[7.396,46.404],[7.4,46.404],[7.409,46.411],[7.411,46.411],[7.413,46.414],[7.422,46.418],[7.424,46.411],[7.426,46.41],[7.429,46.409],[7.435,46.412],[7.441,46.409],[7.439,46.406],[7.429,46.403],[7.419,46.396],[7.415,46.396],[7.41,46.393],[7.42,46.393],[7.422,46.395],[7.426,46.395],[7.442,46.401],[7.452,46.402],[7.455,46.404],[7.456,46.407],[7.454,46.411],[7.456,46.418],[7.449,46.423],[7.449,46.425],[7.452,46.427],[7.456,46.425],[7.458,46.421],[7.461,46.422],[7.465,46.419],[7.468,46.422],[7.472,46.423],[7.475,46.42],[7.469,46.418],[7.471,46.412],[7.481,46.41],[7.5,46.42],[7.499,46.423],[7.501,46.425],[7.515,46.429],[7.512,46.432],[7.505,46.434],[7.504,46.437],[7.5,46.435],[7.498,46.441],[7.491,46.439],[7.487,46.44],[7.486,46.443],[7.475,46.445],[7.483,46.45],[7.482,46.452],[7.478,46.452],[7.476,46.454],[7.479,46.456],[7.478,46.463],[7.484,46.463],[7.487,46.465],[7.487,46.468],[7.485,46.47],[7.478,46.47],[7.475,46.472],[7.474,46.475],[7.471,46.475],[7.459,46.481],[7.454,46.486],[7.448,46.489],[7.444,46.495],[7.452,46.494],[7.458,46.489],[7.468,46.487],[7.471,46.485],[7.475,46.488],[7.474,46.49],[7.47,46.492],[7.47,46.495],[7.465,46.496],[7.457,46.501],[7.46,46.508],[7.452,46.508],[7.447,46.51],[7.449,46.515],[7.448,46.517],[7.455,46.521],[7.461,46.521],[7.467,46.519],[7.478,46.52],[7.487,46.517],[7.495,46.517],[7.485,46.522],[7.481,46.527],[7.468,46.531],[7.462,46.535],[7.452,46.533],[7.444,46.535],[7.429,46.525],[7.424,46.533],[7.419,46.535],[7.426,46.536],[7.429,46.535],[7.43,46.54],[7.419,46.542],[7.429,46.544],[7.432,46.546],[7.437,46.546],[7.436,46.549],[7.426,46.549],[7.42,46.553],[7.432,46.555],[7.435,46.558],[7.426,46.563],[7.422,46.562],[7.415,46.569],[7.416,46.571],[7.422,46.573],[7.434,46.573],[7.431,46.576],[7.435,46.578],[7.429,46.578],[7.427,46.58],[7.419,46.582],[7.42,46.585],[7.416,46.586],[7.411,46.591],[7.411,46.598],[7.413,46.6],[7.419,46.596],[7.422,46.596],[7.424,46.605],[7.423,46.607],[7.426,46.614],[7.429,46.615],[7.432,46.613],[7.445,46.617],[7.448,46.616],[7.458,46.621],[7.461,46.62],[7.463,46.621],[7.458,46.623],[7.455,46.627],[7.459,46.629],[7.459,46.632],[7.461,46.634],[7.464,46.629],[7.462,46.625],[7.465,46.624],[7.471,46.625],[7.473,46.627],[7.472,46.629],[7.478,46.633],[7.484,46.635],[7.488,46.633],[7.488,46.636],[7.491,46.638],[7.494,46.633],[7.504,46.635],[7.509,46.634],[7.501,46.628],[7.481,46.628],[7.482,46.625],[7.481,46.624],[7.466,46.62],[7.465,46.615],[7.454,46.614],[7.448,46.61],[7.442,46.61],[7.439,46.607],[7.435,46.606],[7.434,46.6],[7.428,46.594],[7.428,46.591],[7.425,46.587],[7.432,46.587],[7.439,46.593],[7.442,46.592],[7.443,46.596],[7.448,46.597],[7.45,46.6],[7.449,46.603],[7.452,46.604],[7.458,46.604],[7.464,46.6],[7.461,46.598],[7.461,46.596],[7.465,46.594],[7.468,46.594],[7.469,46.596],[7.467,46.6],[7.468,46.603],[7.479,46.605],[7.483,46.603],[7.487,46.598],[7.481,46.592],[7.478,46.592],[7.475,46.587],[7.471,46.589],[7.468,46.587],[7.455,46.587],[7.451,46.585],[7.451,46.58],[7.455,46.58],[7.461,46.577],[7.465,46.579],[7.471,46.576],[7.47,46.573],[7.461,46.566],[7.458,46.567],[7.445,46.56],[7.441,46.553],[7.442,46.552],[7.445,46.556],[7.448,46.557],[7.451,46.555],[7.455,46.555],[7.458,46.553],[7.458,46.551],[7.461,46.555],[7.468,46.556],[7.472,46.551],[7.471,46.546],[7.474,46.548],[7.481,46.549],[7.482,46.553],[7.477,46.56],[7.478,46.562],[7.484,46.565],[7.491,46.553],[7.491,46.549],[7.496,46.549],[7.494,46.544],[7.491,46.542],[7.487,46.542],[7.491,46.54],[7.497,46.54],[7.498,46.537],[7.501,46.537],[7.504,46.534],[7.507,46.537],[7.514,46.535],[7.517,46.539],[7.523,46.54],[7.529,46.544],[7.517,46.542],[7.514,46.544],[7.514,46.547],[7.511,46.549],[7.52,46.552],[7.524,46.555],[7.517,46.556],[7.505,46.564],[7.505,46.567],[7.507,46.568],[7.51,46.566],[7.52,46.566],[7.523,46.569],[7.52,46.573],[7.515,46.575],[7.514,46.578],[7.51,46.578],[7.507,46.58],[7.51,46.582],[7.518,46.582],[7.514,46.584],[7.518,46.587],[7.518,46.591],[7.52,46.593],[7.531,46.591],[7.535,46.598],[7.54,46.598],[7.542,46.596],[7.539,46.589],[7.533,46.587],[7.532,46.582],[7.526,46.578],[7.527,46.577],[7.533,46.579],[7.536,46.584],[7.539,46.582],[7.543,46.582],[7.552,46.578],[7.549,46.575],[7.549,46.573],[7.555,46.571],[7.553,46.567],[7.549,46.566],[7.549,46.564],[7.553,46.562],[7.559,46.568],[7.566,46.566],[7.564,46.58],[7.566,46.581],[7.566,46.583],[7.563,46.587],[7.565,46.593],[7.566,46.595],[7.572,46.596],[7.579,46.595],[7.58,46.596],[7.577,46.598],[7.576,46.602],[7.579,46.603],[7.583,46.602],[7.576,46.609],[7.579,46.611],[7.585,46.61],[7.595,46.613],[7.597,46.618],[7.602,46.623],[7.602,46.626],[7.6,46.627],[7.612,46.629],[7.601,46.638],[7.605,46.639],[7.612,46.638],[7.615,46.636],[7.617,46.643],[7.619,46.643],[7.625,46.64],[7.637,46.638],[7.638,46.636],[7.636,46.634],[7.635,46.629],[7.625,46.627],[7.625,46.624],[7.62,46.623],[7.618,46.62],[7.622,46.618],[7.621,46.617],[7.615,46.618],[7.611,46.616],[7.61,46.614],[7.612,46.613],[7.619,46.614],[7.62,46.611],[7.619,46.609],[7.608,46.607],[7.602,46.6],[7.601,46.596],[7.591,46.589],[7.593,46.584],[7.586,46.578],[7.589,46.575],[7.582,46.576],[7.581,46.569],[7.583,46.566],[7.579,46.564],[7.578,46.557],[7.572,46.556],[7.568,46.553],[7.571,46.548],[7.566,46.546],[7.565,46.544],[7.566,46.539],[7.568,46.537],[7.566,46.536],[7.559,46.538],[7.556,46.537],[7.553,46.533],[7.548,46.533],[7.545,46.53],[7.546,46.528],[7.559,46.524],[7.556,46.522],[7.549,46.522],[7.547,46.524],[7.539,46.526],[7.536,46.518],[7.539,46.515],[7.536,46.513],[7.533,46.515],[7.528,46.513],[7.532,46.51],[7.533,46.507],[7.536,46.509],[7.549,46.511],[7.553,46.511],[7.556,46.509],[7.559,46.51],[7.561,46.508],[7.556,46.504],[7.552,46.504],[7.552,46.501],[7.549,46.499],[7.54,46.496],[7.523,46.505],[7.52,46.501],[7.522,46.499],[7.52,46.497],[7.515,46.497],[7.51,46.493],[7.507,46.493],[7.505,46.495],[7.498,46.495],[7.502,46.488],[7.499,46.483],[7.494,46.481],[7.493,46.479],[7.497,46.478],[7.5,46.48],[7.507,46.481],[7.517,46.487],[7.523,46.486],[7.523,46.484],[7.527,46.484],[7.529,46.479],[7.513,46.468],[7.511,46.465],[7.513,46.461],[7.527,46.467],[7.53,46.465],[7.526,46.461],[7.53,46.458],[7.533,46.463],[7.536,46.46],[7.54,46.461],[7.54,46.468],[7.536,46.47],[7.54,46.47],[7.544,46.474],[7.546,46.48],[7.549,46.479],[7.548,46.474],[7.549,46.47],[7.546,46.467],[7.549,46.468],[7.551,46.465],[7.549,46.464],[7.551,46.461],[7.549,46.459],[7.549,46.456],[7.559,46.455],[7.566,46.456],[7.576,46.465],[7.576,46.47],[7.578,46.474],[7.573,46.479],[7.575,46.481],[7.579,46.483],[7.582,46.481],[7.582,46.478],[7.598,46.48],[7.602,46.488],[7.61,46.49],[7.601,46.494],[7.604,46.503],[7.603,46.506],[7.611,46.506],[7.613,46.508],[7.61,46.51],[7.615,46.519],[7.621,46.523],[7.624,46.521],[7.628,46.521],[7.631,46.524],[7.632,46.526],[7.622,46.53],[7.623,46.533],[7.622,46.535],[7.627,46.537],[7.626,46.539],[7.628,46.54],[7.631,46.538],[7.632,46.542],[7.635,46.544],[7.634,46.546],[7.637,46.548],[7.643,46.542],[7.643,46.537],[7.646,46.535],[7.644,46.533],[7.65,46.526],[7.65,46.52],[7.657,46.52],[7.659,46.517],[7.657,46.515],[7.65,46.518],[7.645,46.515],[7.654,46.513],[7.656,46.51],[7.654,46.508],[7.648,46.508],[7.649,46.503],[7.648,46.501],[7.637,46.497],[7.638,46.494],[7.644,46.494],[7.647,46.492],[7.647,46.488],[7.641,46.486],[7.627,46.477],[7.62,46.465],[7.628,46.467],[7.634,46.472],[7.644,46.475],[7.647,46.471],[7.656,46.467],[7.656,46.465],[7.653,46.463],[7.65,46.465],[7.63,46.452],[7.63,46.449],[7.627,46.448],[7.627,46.444],[7.632,46.452],[7.64,46.458],[7.647,46.459],[7.646,46.456],[7.647,46.455],[7.657,46.46],[7.663,46.46],[7.674,46.456],[7.696,46.455],[7.702,46.451],[7.705,46.451],[7.715,46.444],[7.727,46.442],[7.741,46.448],[7.755,46.46],[7.756,46.463],[7.76,46.465],[7.758,46.468],[7.755,46.467],[7.756,46.465],[7.752,46.463],[7.749,46.458],[7.745,46.456],[7.741,46.457],[7.738,46.454],[7.731,46.454],[7.725,46.459],[7.715,46.461],[7.713,46.465],[7.706,46.465],[7.699,46.468],[7.696,46.466],[7.693,46.467],[7.686,46.465],[7.68,46.467],[7.684,46.47],[7.676,46.47],[7.673,46.472],[7.67,46.471],[7.668,46.476],[7.671,46.479],[7.678,46.481],[7.678,46.485],[7.689,46.488],[7.693,46.491],[7.702,46.494],[7.712,46.493],[7.719,46.496],[7.728,46.495],[7.735,46.497],[7.738,46.495],[7.74,46.496],[7.732,46.508],[7.732,46.512],[7.729,46.513],[7.719,46.509],[7.706,46.513],[7.696,46.511],[7.692,46.512],[7.691,46.515],[7.693,46.516],[7.695,46.524],[7.706,46.528],[7.709,46.527],[7.711,46.53],[7.707,46.532],[7.707,46.535],[7.699,46.538],[7.696,46.536],[7.695,46.537],[7.694,46.546],[7.689,46.551],[7.693,46.557],[7.693,46.566],[7.696,46.563],[7.699,46.566],[7.702,46.566],[7.709,46.57],[7.71,46.568],[7.706,46.562],[7.713,46.562],[7.714,46.559],[7.712,46.558],[7.712,46.554],[7.716,46.556],[7.718,46.555],[7.719,46.552],[7.729,46.552],[7.731,46.55],[7.721,46.544],[7.725,46.542],[7.729,46.546],[7.729,46.548],[7.732,46.55],[7.735,46.549],[7.735,46.546],[7.732,46.544],[7.731,46.541],[7.728,46.539],[7.742,46.547],[7.758,46.543],[7.762,46.544],[7.774,46.54],[7.783,46.535],[7.784,46.531],[7.795,46.532],[7.794,46.534],[7.784,46.536],[7.782,46.539],[7.789,46.544],[7.782,46.548],[7.782,46.553],[7.774,46.553],[7.772,46.557],[7.768,46.56],[7.765,46.56],[7.762,46.564],[7.765,46.567],[7.768,46.565],[7.784,46.568],[7.797,46.567],[7.798,46.57],[7.804,46.576],[7.798,46.577],[7.797,46.58],[7.788,46.578],[7.784,46.58],[7.781,46.579],[7.771,46.581],[7.769,46.584],[7.775,46.589],[7.775,46.591],[7.771,46.595],[7.765,46.589],[7.762,46.59],[7.758,46.589],[7.757,46.591],[7.745,46.591],[7.742,46.593],[7.748,46.595],[7.749,46.598],[7.752,46.6],[7.749,46.602],[7.75,46.604],[7.765,46.61],[7.768,46.613],[7.775,46.615],[7.778,46.612],[7.785,46.61],[7.791,46.606],[7.794,46.608],[7.798,46.607],[7.8,46.602],[7.804,46.599],[7.806,46.602],[7.801,46.604],[7.802,46.609],[7.798,46.614],[7.792,46.618],[7.794,46.62],[7.801,46.622],[7.807,46.619],[7.814,46.621],[7.818,46.618],[7.819,46.615],[7.827,46.615],[7.834,46.613],[7.835,46.618],[7.837,46.619],[7.836,46.622],[7.838,46.624],[7.838,46.629],[7.85,46.635],[7.853,46.639],[7.863,46.635],[7.853,46.629],[7.853,46.626],[7.856,46.628],[7.87,46.63],[7.876,46.626],[7.866,46.617],[7.869,46.615],[7.869,46.613],[7.852,46.6],[7.852,46.595],[7.853,46.594],[7.869,46.605],[7.873,46.604],[7.876,46.606],[7.879,46.605],[7.88,46.604],[7.879,46.597],[7.872,46.59],[7.876,46.591],[7.879,46.583],[7.882,46.582],[7.883,46.584],[7.887,46.584],[7.888,46.581],[7.887,46.579],[7.885,46.577],[7.882,46.577],[7.885,46.576],[7.889,46.578],[7.896,46.575],[7.889,46.571],[7.882,46.572],[7.865,46.566],[7.879,46.565],[7.88,46.563],[7.879,46.559],[7.875,46.556],[7.869,46.556],[7.855,46.559],[7.87,46.55],[7.869,46.548],[7.866,46.546],[7.858,46.546],[7.849,46.542],[7.843,46.544],[7.841,46.543],[7.842,46.539],[7.839,46.537],[7.831,46.537],[7.83,46.533],[7.831,46.532],[7.829,46.53],[7.833,46.531],[7.836,46.528],[7.839,46.531],[7.849,46.534],[7.859,46.534],[7.862,46.536],[7.882,46.538],[7.885,46.54],[7.894,46.539],[7.89,46.53],[7.887,46.527],[7.872,46.519],[7.869,46.519],[7.863,46.514],[7.864,46.512],[7.862,46.509],[7.865,46.512],[7.872,46.515],[7.875,46.513],[7.891,46.513],[7.901,46.518],[7.908,46.515],[7.909,46.516],[7.907,46.521],[7.911,46.523],[7.912,46.527],[7.918,46.529],[7.922,46.527],[7.922,46.532],[7.927,46.534],[7.916,46.541],[7.917,46.548],[7.92,46.55],[7.916,46.552],[7.915,46.556],[7.913,46.557],[7.916,46.563],[7.921,46.565],[7.935,46.565],[7.938,46.567],[7.947,46.565],[7.957,46.569],[7.96,46.572],[7.964,46.572],[7.952,46.574],[7.956,46.577],[7.954,46.58],[7.938,46.579],[7.935,46.581],[7.934,46.583],[7.938,46.585],[7.945,46.604],[7.94,46.61],[7.938,46.617],[7.931,46.62],[7.928,46.625],[7.945,46.627],[7.951,46.625],[7.97,46.624],[7.967,46.622],[7.963,46.622],[7.962,46.617],[7.966,46.613],[7.959,46.608],[7.959,46.606],[7.969,46.604],[7.97,46.599],[7.967,46.595],[7.974,46.593],[7.98,46.596],[7.987,46.595],[7.993,46.598],[7.997,46.597],[7.995,46.599],[8.006,46.604],[8.014,46.603],[8.016,46.606],[8.019,46.605],[8.023,46.607],[8.042,46.609],[8.05,46.603],[8.051,46.599],[8.048,46.594],[8.054,46.594],[8.055,46.589],[8.061,46.594],[8.063,46.594],[8.065,46.59],[8.082,46.592],[8.076,46.594],[8.067,46.594],[8.065,46.596],[8.065,46.6],[8.068,46.603],[8.057,46.605],[8.063,46.61],[8.056,46.612],[8.056,46.614],[8.059,46.619],[8.071,46.623],[8.075,46.627],[8.089,46.625],[8.091,46.63],[8.083,46.632],[8.083,46.634],[8.086,46.637],[8.086,46.641],[8.089,46.643],[8.086,46.646],[8.089,46.648],[8.089,46.651],[8.085,46.654],[8.082,46.653],[8.08,46.655],[8.082,46.659],[8.076,46.656],[8.069,46.655],[8.066,46.657],[8.056,46.656],[8.049,46.661],[8.046,46.66],[8.045,46.655],[8.043,46.653],[8.033,46.653],[8.027,46.657],[8.013,46.655],[8.007,46.657],[8.003,46.655],[7.997,46.658],[7.991,46.658],[7.981,46.655],[7.978,46.657],[7.965,46.659],[7.955,46.658],[7.952,46.66],[7.953,46.662],[7.951,46.663],[7.942,46.656],[7.94,46.66],[7.945,46.664],[7.945,46.666],[7.942,46.667],[7.938,46.665],[7.935,46.666],[7.929,46.663],[7.925,46.664],[7.919,46.658],[7.912,46.654],[7.909,46.654],[7.9,46.66],[7.902,46.663],[7.906,46.662],[7.929,46.671],[7.928,46.676],[7.929,46.677],[7.942,46.675],[7.945,46.678],[7.944,46.68],[7.948,46.682],[7.946,46.685],[7.948,46.688],[7.955,46.689],[7.962,46.693],[7.982,46.693],[7.983,46.702],[7.988,46.706],[7.994,46.708],[8.001,46.706],[8.011,46.708],[8.014,46.706],[8.017,46.708],[8.021,46.702],[8.017,46.7],[8.026,46.698],[8.012,46.691],[8.024,46.694],[8.03,46.693],[8.034,46.695],[8.034,46.698],[8.031,46.7],[8.034,46.702],[8.034,46.705],[8.031,46.707],[8.036,46.718],[8.047,46.719],[8.053,46.723],[8.062,46.72],[8.062,46.718],[8.073,46.719],[8.07,46.723],[8.066,46.724],[8.076,46.728],[8.08,46.728],[8.083,46.726],[8.093,46.726],[8.095,46.724],[8.086,46.718],[8.075,46.715],[8.075,46.713],[8.079,46.712],[8.083,46.712],[8.098,46.72],[8.109,46.721],[8.119,46.724],[8.125,46.722],[8.121,46.72],[8.122,46.719],[8.129,46.719],[8.132,46.721],[8.145,46.721],[8.151,46.717],[8.16,46.715],[8.16,46.713],[8.158,46.712],[8.151,46.713],[8.149,46.71],[8.156,46.708],[8.155,46.704],[8.157,46.701],[8.142,46.695],[8.137,46.69],[8.131,46.691],[8.128,46.686],[8.122,46.691],[8.118,46.69],[8.118,46.687],[8.122,46.686],[8.123,46.681],[8.112,46.677],[8.108,46.677],[8.107,46.675],[8.108,46.673],[8.115,46.676],[8.117,46.675],[8.119,46.67],[8.125,46.67],[8.131,46.674],[8.144,46.679],[8.157,46.678],[8.17,46.673],[8.171,46.677],[8.161,46.681],[8.164,46.683],[8.165,46.686],[8.176,46.692],[8.176,46.695],[8.178,46.697],[8.185,46.699],[8.187,46.701],[8.19,46.696],[8.207,46.701],[8.209,46.699],[8.207,46.697],[8.197,46.692],[8.196,46.69],[8.19,46.688],[8.187,46.679],[8.188,46.677],[8.186,46.674],[8.195,46.67],[8.196,46.667],[8.193,46.664],[8.185,46.663],[8.185,46.661],[8.19,46.658],[8.196,46.657],[8.198,46.654],[8.198,46.652],[8.192,46.65],[8.192,46.647],[8.206,46.643],[8.226,46.642],[8.229,46.638],[8.232,46.639],[8.235,46.637],[8.238,46.638],[8.239,46.64],[8.234,46.642],[8.234,46.645],[8.232,46.645],[8.229,46.649],[8.223,46.652],[8.219,46.652],[8.217,46.654],[8.219,46.656],[8.217,46.658],[8.221,46.661],[8.218,46.665],[8.221,46.67],[8.22,46.672],[8.226,46.677],[8.233,46.678],[8.235,46.674],[8.232,46.672],[8.239,46.666],[8.259,46.664],[8.264,46.66],[8.264,46.658],[8.26,46.656],[8.256,46.651],[8.275,46.652],[8.291,46.647],[8.293,46.644],[8.293,46.64],[8.291,46.638],[8.288,46.638],[8.29,46.635],[8.286,46.633],[8.287,46.631],[8.296,46.631],[8.297,46.629],[8.296,46.626],[8.294,46.624],[8.291,46.624],[8.298,46.622],[8.291,46.618],[8.288,46.62],[8.283,46.62],[8.281,46.613],[8.287,46.615],[8.294,46.615],[8.298,46.613],[8.3,46.608],[8.303,46.608],[8.307,46.604],[8.31,46.608],[8.313,46.607],[8.319,46.599],[8.316,46.596],[8.32,46.596],[8.323,46.593],[8.323,46.595],[8.32,46.597],[8.329,46.6],[8.332,46.604],[8.329,46.605],[8.327,46.608],[8.323,46.609],[8.318,46.615],[8.32,46.616],[8.323,46.614],[8.326,46.615],[8.325,46.617],[8.33,46.621],[8.333,46.618],[8.336,46.619],[8.333,46.62],[8.33,46.624],[8.333,46.627],[8.332,46.628],[8.329,46.626],[8.329,46.622],[8.326,46.619],[8.316,46.619],[8.315,46.622],[8.317,46.623],[8.317,46.629],[8.312,46.631],[8.317,46.632],[8.317,46.635],[8.314,46.637],[8.317,46.64],[8.311,46.644],[8.317,46.646],[8.311,46.651],[8.314,46.654],[8.321,46.657],[8.321,46.659],[8.314,46.66],[8.306,46.667],[8.308,46.668],[8.308,46.67],[8.298,46.673],[8.297,46.678],[8.295,46.679],[8.284,46.678],[8.28,46.683],[8.282,46.687],[8.275,46.688],[8.272,46.687],[8.266,46.689],[8.266,46.692],[8.263,46.696],[8.253,46.701],[8.256,46.703],[8.28,46.707],[8.282,46.709],[8.289,46.711],[8.292,46.71],[8.295,46.713],[8.302,46.711],[8.305,46.713],[8.315,46.714],[8.324,46.712],[8.327,46.709],[8.324,46.707],[8.33,46.702],[8.344,46.702],[8.347,46.7],[8.36,46.697],[8.361,46.698],[8.36,46.699],[8.357,46.698],[8.354,46.7],[8.355,46.702],[8.354,46.703],[8.347,46.704],[8.344,46.707],[8.344,46.709],[8.332,46.718],[8.338,46.72],[8.337,46.725],[8.345,46.729],[8.347,46.732],[8.354,46.734],[8.358,46.733],[8.364,46.736],[8.384,46.733],[8.394,46.734],[8.399,46.733],[8.407,46.735],[8.41,46.733],[8.418,46.733],[8.413,46.734],[8.409,46.738],[8.4,46.74],[8.397,46.743],[8.387,46.744],[8.384,46.747],[8.387,46.752],[8.401,46.758],[8.401,46.762],[8.391,46.761],[8.388,46.757],[8.385,46.758],[8.385,46.761],[8.382,46.758],[8.378,46.759],[8.376,46.758],[8.378,46.756],[8.374,46.756],[8.371,46.751],[8.371,46.754],[8.361,46.755],[8.351,46.754],[8.348,46.752],[8.341,46.752],[8.325,46.746],[8.319,46.741],[8.299,46.736],[8.292,46.732],[8.288,46.734],[8.288,46.737],[8.296,46.74],[8.309,46.754],[8.316,46.756],[8.316,46.759],[8.321,46.763],[8.323,46.768],[8.337,46.777],[8.334,46.779],[8.338,46.781],[8.334,46.781],[8.325,46.777],[8.313,46.768],[8.309,46.767],[8.305,46.763],[8.309,46.761],[8.306,46.757],[8.303,46.759],[8.296,46.759],[8.297,46.757],[8.294,46.754],[8.289,46.754],[8.285,46.75],[8.276,46.747],[8.27,46.741],[8.263,46.737],[8.26,46.739],[8.262,46.737],[8.259,46.734],[8.243,46.732],[8.237,46.737],[8.237,46.741],[8.23,46.744],[8.229,46.746],[8.233,46.753],[8.239,46.757],[8.234,46.757],[8.227,46.753],[8.224,46.753],[8.214,46.758],[8.204,46.758],[8.201,46.76],[8.201,46.762],[8.211,46.764],[8.208,46.767],[8.195,46.767],[8.185,46.769],[8.179,46.778],[8.19,46.784],[8.195,46.789],[8.201,46.787],[8.191,46.78],[8.195,46.776],[8.195,46.778],[8.198,46.781],[8.21,46.778],[8.214,46.772],[8.221,46.774],[8.222,46.782],[8.215,46.789],[8.22,46.793],[8.218,46.796],[8.228,46.803],[8.231,46.801],[8.241,46.802],[8.24,46.804],[8.234,46.807],[8.241,46.816],[8.238,46.818],[8.241,46.822],[8.232,46.825],[8.225,46.831],[8.228,46.833],[8.238,46.829],[8.239,46.831],[8.237,46.834],[8.245,46.834],[8.248,46.837],[8.251,46.835],[8.255,46.836],[8.255,46.842],[8.253,46.845],[8.255,46.846],[8.265,46.842],[8.264,46.838],[8.265,46.838],[8.257,46.829],[8.247,46.822],[8.248,46.818],[8.251,46.817],[8.254,46.819],[8.264,46.82],[8.268,46.822],[8.27,46.82],[8.266,46.813],[8.257,46.809],[8.251,46.809],[8.249,46.807],[8.251,46.804],[8.261,46.805],[8.264,46.802],[8.257,46.795],[8.254,46.789],[8.257,46.786],[8.26,46.789],[8.274,46.792],[8.276,46.795],[8.293,46.794],[8.296,46.802],[8.304,46.802],[8.314,46.806],[8.296,46.808],[8.304,46.813],[8.311,46.82],[8.303,46.822],[8.309,46.824],[8.307,46.826],[8.31,46.828],[8.313,46.828],[8.318,46.831],[8.315,46.833],[8.317,46.836],[8.32,46.835],[8.32,46.842],[8.324,46.843],[8.327,46.846],[8.334,46.842],[8.35,46.848],[8.355,46.844],[8.358,46.839],[8.356,46.838],[8.355,46.828],[8.35,46.827],[8.343,46.829],[8.34,46.826],[8.333,46.827],[8.33,46.824],[8.34,46.816],[8.343,46.817],[8.349,46.814],[8.353,46.817],[8.359,46.815],[8.358,46.812],[8.361,46.81],[8.362,46.807],[8.366,46.805],[8.375,46.809],[8.382,46.808],[8.385,46.805],[8.391,46.803],[8.391,46.801],[8.395,46.799],[8.392,46.797],[8.388,46.797],[8.391,46.794],[8.395,46.798],[8.401,46.798],[8.401,46.801],[8.405,46.803],[8.408,46.801],[8.415,46.804],[8.426,46.803],[8.429,46.801],[8.424,46.796],[8.424,46.794],[8.434,46.798],[8.441,46.798],[8.448,46.794],[8.444,46.79],[8.444,46.788],[8.463,46.79],[8.47,46.788],[8.487,46.795],[8.493,46.795],[8.496,46.802],[8.5,46.804],[8.502,46.809],[8.501,46.811],[8.506,46.813],[8.503,46.815],[8.5,46.816],[8.501,46.813],[8.498,46.809],[8.49,46.803],[8.48,46.801],[8.467,46.801],[8.461,46.808],[8.455,46.812],[8.464,46.82],[8.462,46.823],[8.454,46.819],[8.451,46.819],[8.441,46.821],[8.439,46.823],[8.438,46.825],[8.443,46.827],[8.447,46.832],[8.442,46.836],[8.445,46.839],[8.445,46.842],[8.442,46.846],[8.437,46.848],[8.432,46.846],[8.429,46.847],[8.425,46.846],[8.422,46.844],[8.419,46.845],[8.415,46.84],[8.411,46.841],[8.41,46.844],[8.407,46.846],[8.397,46.85],[8.399,46.852],[8.402,46.851],[8.407,46.857],[8.402,46.858],[8.397,46.862],[8.399,46.866],[8.407,46.866],[8.404,46.868],[8.406,46.869],[8.406,46.871],[8.413,46.874],[8.416,46.872],[8.422,46.872],[8.426,46.869],[8.436,46.87],[8.441,46.872],[8.436,46.873],[8.434,46.875],[8.439,46.879],[8.455,46.885],[8.472,46.888],[8.469,46.893],[8.465,46.895],[8.459,46.895],[8.456,46.897],[8.452,46.895],[8.437,46.904],[8.426,46.904],[8.423,46.906],[8.422,46.909],[8.426,46.914],[8.43,46.91],[8.443,46.912],[8.449,46.916],[8.453,46.915],[8.456,46.92],[8.463,46.921],[8.463,46.926],[8.477,46.928],[8.479,46.93],[8.483,46.93],[8.486,46.932],[8.492,46.931],[8.489,46.928],[8.496,46.927],[8.499,46.925],[8.505,46.927],[8.525,46.927],[8.533,46.93],[8.53,46.932],[8.532,46.934],[8.54,46.935],[8.542,46.939],[8.548,46.937],[8.547,46.932],[8.555,46.936],[8.558,46.936],[8.56,46.934],[8.551,46.926],[8.54,46.926],[8.525,46.921],[8.518,46.921],[8.509,46.915],[8.495,46.913],[8.493,46.91],[8.494,46.908],[8.492,46.906],[8.488,46.908],[8.485,46.906],[8.472,46.906],[8.474,46.904],[8.474,46.901],[8.48,46.899],[8.489,46.899],[8.49,46.897],[8.476,46.892],[8.485,46.891],[8.505,46.896],[8.509,46.892],[8.508,46.89],[8.499,46.885],[8.49,46.883],[8.496,46.881],[8.491,46.878],[8.491,46.876],[8.501,46.877],[8.504,46.87],[8.508,46.871],[8.511,46.869],[8.518,46.877],[8.522,46.878],[8.534,46.888],[8.537,46.885],[8.537,46.879],[8.541,46.875],[8.555,46.876],[8.564,46.882],[8.566,46.885],[8.565,46.887],[8.57,46.889],[8.574,46.887],[8.577,46.888],[8.58,46.885],[8.579,46.876],[8.576,46.873],[8.563,46.868],[8.56,46.865],[8.562,46.862],[8.56,46.861],[8.558,46.851],[8.56,46.85],[8.57,46.853],[8.577,46.853],[8.583,46.856],[8.586,46.854],[8.593,46.859],[8.595,46.855],[8.589,46.852],[8.584,46.846],[8.568,46.844],[8.5631204819,46.8418313253],[8.568,46.835],[8.573,46.837],[8.582,46.836],[8.596,46.839],[8.609,46.834],[8.612,46.831],[8.611,46.828],[8.608,46.826],[8.591,46.826],[8.579,46.82],[8.569,46.82],[8.562,46.816],[8.556,46.816],[8.546,46.811],[8.55,46.809],[8.548,46.806],[8.552,46.808],[8.562,46.809],[8.569,46.808],[8.572,46.81],[8.582,46.81],[8.592,46.808],[8.598,46.805],[8.628,46.808],[8.628,46.804],[8.624,46.804],[8.621,46.801],[8.618,46.801],[8.618,46.799],[8.637,46.799],[8.634,46.797],[8.633,46.79],[8.643,46.79],[8.642,46.787],[8.639,46.785],[8.627,46.781],[8.622,46.785],[8.621,46.79],[8.608,46.792],[8.604,46.79],[8.604,46.787],[8.607,46.787],[8.61,46.783],[8.614,46.781],[8.613,46.776],[8.614,46.775],[8.623,46.772],[8.62,46.77],[8.61,46.77],[8.607,46.768],[8.605,46.772],[8.608,46.774],[8.607,46.775],[8.603,46.774],[8.6,46.77],[8.596,46.768],[8.596,46.765],[8.6,46.762],[8.617,46.76],[8.619,46.758],[8.607,46.752],[8.604,46.752],[8.6,46.748],[8.581,46.761],[8.577,46.76],[8.571,46.763],[8.563,46.757],[8.58,46.75],[8.585,46.745],[8.588,46.738],[8.592,46.736],[8.592,46.734],[8.595,46.732],[8.59,46.725],[8.587,46.728],[8.577,46.732],[8.568,46.739],[8.564,46.739],[8.561,46.741],[8.554,46.738],[8.54,46.743],[8.538,46.746],[8.531,46.745],[8.528,46.742],[8.522,46.746],[8.522,46.748],[8.515,46.745],[8.51,46.748],[8.513,46.753],[8.512,46.755],[8.505,46.754],[8.499,46.746],[8.492,46.749],[8.479,46.749],[8.475,46.751],[8.469,46.749],[8.469,46.746],[8.472,46.747],[8.489,46.743],[8.495,46.743],[8.499,46.741],[8.505,46.741],[8.51,46.737],[8.521,46.732],[8.525,46.734],[8.534,46.729],[8.538,46.729],[8.542,46.725],[8.541,46.723],[8.534,46.721],[8.533,46.719],[8.536,46.716],[8.542,46.716],[8.55,46.719],[8.554,46.719],[8.557,46.717],[8.56,46.718],[8.567,46.716],[8.57,46.712],[8.575,46.712],[8.575,46.709],[8.579,46.707],[8.57,46.701],[8.566,46.701],[8.563,46.699],[8.562,46.696],[8.566,46.693],[8.574,46.694],[8.575,46.689],[8.569,46.684],[8.563,46.683],[8.556,46.678],[8.55,46.676],[8.546,46.677],[8.54,46.673],[8.533,46.672],[8.53,46.677],[8.52,46.677],[8.517,46.678],[8.517,46.681],[8.504,46.681],[8.502,46.679],[8.504,46.674],[8.507,46.677],[8.51,46.674],[8.525,46.667],[8.525,46.665],[8.52,46.661],[8.517,46.663],[8.509,46.663],[8.503,46.661],[8.502,46.656],[8.493,46.649],[8.497,46.65],[8.5,46.648],[8.507,46.651],[8.513,46.65],[8.523,46.651],[8.526,46.654],[8.528,46.651],[8.53,46.651],[8.534,46.656],[8.539,46.658],[8.552,46.657],[8.572,46.661],[8.575,46.658],[8.574,46.653],[8.569,46.647],[8.562,46.644],[8.564,46.64],[8.56,46.633],[8.549,46.626],[8.545,46.632],[8.542,46.629],[8.532,46.627],[8.53,46.622],[8.526,46.619],[8.521,46.618],[8.519,46.616],[8.512,46.616],[8.499,46.609],[8.493,46.608],[8.492,46.604],[8.486,46.602],[8.482,46.598],[8.487,46.591],[8.486,46.59],[8.476,46.589],[8.47,46.593],[8.463,46.594],[8.458,46.593],[8.458,46.591],[8.472,46.587],[8.476,46.584],[8.484,46.584],[8.489,46.586],[8.491,46.582],[8.488,46.58],[8.488,46.577],[8.485,46.574],[8.491,46.577],[8.492,46.58],[8.498,46.572],[8.5,46.575],[8.5,46.586],[8.515,46.601],[8.538,46.607],[8.542,46.606],[8.543,46.611],[8.545,46.612],[8.558,46.613],[8.561,46.61],[8.554,46.599],[8.554,46.596],[8.558,46.595],[8.554,46.594],[8.554,46.589],[8.558,46.589],[8.561,46.594],[8.567,46.596],[8.571,46.596],[8.574,46.594],[8.575,46.595],[8.576,46.597],[8.572,46.599],[8.572,46.601],[8.573,46.604],[8.578,46.607],[8.578,46.613],[8.576,46.615],[8.577,46.619],[8.584,46.621],[8.591,46.617],[8.591,46.62],[8.589,46.621],[8.59,46.628],[8.598,46.631],[8.613,46.628],[8.624,46.628],[8.633,46.621],[8.639,46.614],[8.644,46.614],[8.643,46.616],[8.646,46.617],[8.649,46.613],[8.656,46.613],[8.648,46.621],[8.645,46.628],[8.637,46.631],[8.63,46.636],[8.621,46.637],[8.618,46.639],[8.624,46.646],[8.627,46.653],[8.62,46.653],[8.614,46.649],[8.611,46.649],[8.601,46.651],[8.598,46.655],[8.594,46.657],[8.598,46.661],[8.602,46.661],[8.608,46.666],[8.611,46.666],[8.611,46.669],[8.626,46.675],[8.625,46.678],[8.621,46.679],[8.615,46.678],[8.61,46.68],[8.61,46.682],[8.615,46.684],[8.616,46.686],[8.613,46.691],[8.615,46.693],[8.615,46.697],[8.619,46.699],[8.627,46.709],[8.631,46.711],[8.632,46.713],[8.628,46.716],[8.635,46.72],[8.639,46.718],[8.64,46.715],[8.645,46.711],[8.645,46.708],[8.647,46.706],[8.652,46.707],[8.655,46.702],[8.661,46.703],[8.662,46.704],[8.656,46.706],[8.659,46.708],[8.659,46.717],[8.663,46.722],[8.662,46.724],[8.657,46.726],[8.657,46.729],[8.665,46.73],[8.669,46.734],[8.657,46.742],[8.662,46.746],[8.669,46.746],[8.67,46.749],[8.667,46.751],[8.669,46.753],[8.68,46.76],[8.686,46.762],[8.692,46.762],[8.695,46.759],[8.699,46.759],[8.701,46.757],[8.7,46.753],[8.703,46.751],[8.698,46.748],[8.701,46.741],[8.705,46.741],[8.711,46.734],[8.721,46.732],[8.724,46.737],[8.725,46.744],[8.725,46.746],[8.722,46.748],[8.725,46.751],[8.735,46.75],[8.739,46.753],[8.735,46.755],[8.728,46.755],[8.725,46.757],[8.731,46.76],[8.743,46.759],[8.745,46.764],[8.748,46.766],[8.751,46.763],[8.754,46.768],[8.758,46.77],[8.771,46.77],[8.768,46.772],[8.769,46.775],[8.78,46.779],[8.784,46.782],[8.794,46.78],[8.801,46.781],[8.791,46.783],[8.79,46.786],[8.797,46.79],[8.801,46.795],[8.799,46.797],[8.803,46.801],[8.798,46.804],[8.788,46.797],[8.775,46.791],[8.768,46.791],[8.765,46.789],[8.748,46.785],[8.742,46.787],[8.727,46.786],[8.73,46.789],[8.725,46.789],[8.721,46.791],[8.709,46.789],[8.706,46.792],[8.703,46.792],[8.699,46.795],[8.699,46.799],[8.703,46.801],[8.7,46.803],[8.696,46.803],[8.694,46.805],[8.696,46.809],[8.703,46.809],[8.705,46.814],[8.697,46.818],[8.69,46.819],[8.688,46.821],[8.691,46.823],[8.69,46.827],[8.68,46.828],[8.679,46.83],[8.674,46.832],[8.671,46.837],[8.664,46.837],[8.662,46.839],[8.671,46.841],[8.699,46.843],[8.704,46.846],[8.707,46.845],[8.708,46.85],[8.711,46.851],[8.711,46.859],[8.707,46.86],[8.706,46.863],[8.708,46.865],[8.716,46.861],[8.717,46.855],[8.72,46.852],[8.724,46.855],[8.73,46.856],[8.731,46.861],[8.734,46.862],[8.74,46.862],[8.743,46.86],[8.753,46.861],[8.759,46.858],[8.753,46.852],[8.75,46.852],[8.752,46.847],[8.746,46.845],[8.755,46.84],[8.749,46.831],[8.751,46.829],[8.751,46.824],[8.752,46.823],[8.766,46.825],[8.772,46.83],[8.779,46.831],[8.779,46.836],[8.772,46.838],[8.777,46.842],[8.778,46.851],[8.78,46.853],[8.78,46.857],[8.778,46.858],[8.783,46.86],[8.799,46.862],[8.812,46.861],[8.819,46.863],[8.823,46.862],[8.823,46.864],[8.83,46.871],[8.83,46.873],[8.819,46.874],[8.816,46.876],[8.811,46.875],[8.806,46.877],[8.803,46.876],[8.801,46.88],[8.797,46.883],[8.786,46.882],[8.777,46.885],[8.771,46.887],[8.771,46.89],[8.767,46.89],[8.765,46.892],[8.761,46.891],[8.751,46.894],[8.744,46.894],[8.741,46.897],[8.728,46.896],[8.723,46.899],[8.722,46.902],[8.719,46.903],[8.718,46.906],[8.715,46.904],[8.71,46.904],[8.708,46.901],[8.705,46.905],[8.699,46.905],[8.692,46.908],[8.685,46.906],[8.682,46.91],[8.679,46.907],[8.672,46.908],[8.674,46.911],[8.682,46.914],[8.683,46.916],[8.669,46.918],[8.667,46.922],[8.663,46.925],[8.643,46.93],[8.641,46.931],[8.641,46.936],[8.647,46.937],[8.65,46.935],[8.66,46.935],[8.663,46.937],[8.673,46.938],[8.68,46.941],[8.69,46.941],[8.693,46.945],[8.698,46.944],[8.703,46.946],[8.713,46.946],[8.719,46.95],[8.723,46.95],[8.729,46.954],[8.736,46.956],[8.739,46.955],[8.743,46.957],[8.759,46.959],[8.764,46.957],[8.762,46.956],[8.762,46.952],[8.759,46.949],[8.759,46.945],[8.763,46.941],[8.759,46.941],[8.752,46.937],[8.748,46.937],[8.748,46.935],[8.741,46.932],[8.742,46.931],[8.749,46.934],[8.758,46.934],[8.762,46.932],[8.764,46.928],[8.755,46.918],[8.742,46.917],[8.735,46.912],[8.742,46.914],[8.755,46.913],[8.765,46.923],[8.765,46.925],[8.768,46.927],[8.775,46.927],[8.775,46.929],[8.773,46.93],[8.774,46.932],[8.785,46.936],[8.785,46.939],[8.778,46.94],[8.773,46.946],[8.773,46.948],[8.775,46.95],[8.779,46.95],[8.779,46.953],[8.777,46.955],[8.779,46.955],[8.785,46.961],[8.789,46.961],[8.792,46.958],[8.795,46.96],[8.801,46.956],[8.805,46.956],[8.809,46.952],[8.808,46.948],[8.81,46.947],[8.81,46.945],[8.809,46.943],[8.805,46.941],[8.801,46.942],[8.801,46.938],[8.809,46.938],[8.814,46.94],[8.818,46.938],[8.818,46.936],[8.824,46.938],[8.827,46.936],[8.828,46.931],[8.825,46.925],[8.83,46.915],[8.835,46.911],[8.833,46.908],[8.816,46.905],[8.813,46.903],[8.812,46.9],[8.817,46.902],[8.837,46.904],[8.843,46.909],[8.846,46.907],[8.85,46.908],[8.856,46.914],[8.863,46.913],[8.866,46.914],[8.868,46.917],[8.867,46.92],[8.864,46.922],[8.853,46.924],[8.85,46.927],[8.851,46.929],[8.858,46.931],[8.857,46.936],[8.854,46.936],[8.852,46.938],[8.857,46.944],[8.857,46.947],[8.861,46.948],[8.862,46.951],[8.857,46.951],[8.844,46.947],[8.842,46.949],[8.847,46.954],[8.864,46.96],[8.868,46.96],[8.868,46.963],[8.864,46.961],[8.86,46.963],[8.862,46.965],[8.861,46.966],[8.858,46.966],[8.844,46.963],[8.841,46.961],[8.837,46.963],[8.839,46.965],[8.838,46.966],[8.831,46.967],[8.835,46.97],[8.834,46.972],[8.845,46.976],[8.838,46.979],[8.848,46.982],[8.851,46.985],[8.847,46.987],[8.849,46.989],[8.859,46.992],[8.86,46.996],[8.855,46.997],[8.853,47.001],[8.864,47.007],[8.862,47.011],[8.862,47.007],[8.852,47.001],[8.842,47.002],[8.839,47.004],[8.826,47.001],[8.816,47.002],[8.813,47.0],[8.796,47.0],[8.79,46.997],[8.773,46.996],[8.766,46.993],[8.764,46.995],[8.77,46.998],[8.771,47.0],[8.763,47.005],[8.755,47.006],[8.764,47.015],[8.767,47.016],[8.772,47.013],[8.77,47.011],[8.775,47.009],[8.772,47.006],[8.787,47.008],[8.79,47.011],[8.8,47.009],[8.803,47.011],[8.807,47.01],[8.812,47.013],[8.82,47.014],[8.823,47.019],[8.833,47.024],[8.83,47.024],[8.827,47.028],[8.827,47.03],[8.83,47.033],[8.818,47.037],[8.832,47.044],[8.829,47.048],[8.83,47.049],[8.844,47.05],[8.848,47.048],[8.848,47.044],[8.843,47.042],[8.844,47.037],[8.839,47.032],[8.839,47.028],[8.842,47.026],[8.843,47.02],[8.849,47.025],[8.853,47.025],[8.854,47.028],[8.866,47.034],[8.866,47.037],[8.864,47.039],[8.866,47.041],[8.87,47.04],[8.877,47.043],[8.868,47.048],[8.87,47.049],[8.876,47.05],[8.883,47.055],[8.886,47.052],[8.886,47.05],[8.883,47.048],[8.883,47.041],[8.886,47.045],[8.896,47.052],[8.906,47.052],[8.909,47.054],[8.915,47.054],[8.92,47.056],[8.924,47.061],[8.922,47.063],[8.923,47.064],[8.93,47.065],[8.928,47.067],[8.937,47.069],[8.934,47.072],[8.936,47.074],[8.946,47.078],[8.951,47.076],[8.95,47.078],[8.96,47.083],[8.96,47.088],[8.95,47.09],[8.946,47.094],[8.948,47.099],[8.95,47.1],[8.954,47.098],[8.956,47.094],[8.963,47.091],[8.976,47.091],[8.979,47.089],[8.979,47.087],[8.976,47.085],[8.972,47.085],[8.962,47.078],[8.961,47.071],[8.952,47.063],[8.952,47.054],[8.956,47.06],[8.962,47.064],[8.976,47.066],[8.981,47.069],[8.982,47.072],[8.991,47.076],[9.002,47.078],[9.006,47.077],[9.019,47.081],[9.029,47.082],[9.035,47.081],[9.037,47.079],[9.032,47.075],[9.03,47.064],[9.021,47.064],[9.016,47.062],[9.016,47.059],[9.012,47.056],[8.998,47.055],[8.992,47.047],[8.982,47.048],[8.978,47.044],[8.975,47.045],[8.972,47.042],[8.962,47.038],[8.955,47.038],[8.952,47.04],[8.953,47.042],[8.945,47.041],[8.945,47.045],[8.947,47.047],[8.946,47.048],[8.939,47.047],[8.936,47.044],[8.928,47.043],[8.925,47.04],[8.919,47.038],[8.912,47.039],[8.912,47.036],[8.909,47.034],[8.902,47.034],[8.896,47.03],[8.888,47.032],[8.886,47.028],[8.881,47.03],[8.886,47.036],[8.886,47.039],[8.883,47.038],[8.876,47.034],[8.872,47.028],[8.872,47.025],[8.869,47.023],[8.868,47.019],[8.865,47.016],[8.869,47.008],[8.875,47.012],[8.883,47.012],[8.885,47.015],[8.899,47.016],[8.905,47.018],[8.91,47.016],[8.911,47.011],[8.917,47.007],[8.918,47.004],[8.921,47.004],[8.931,46.998],[8.931,46.995],[8.934,46.995],[8.937,46.992],[8.941,46.992],[8.947,46.996],[8.958,46.999],[8.961,47.004],[8.948,47.005],[8.943,47.004],[8.939,47.006],[8.932,47.016],[8.935,47.018],[8.958,47.016],[8.964,47.017],[8.974,47.015],[8.981,47.021],[8.985,47.019],[8.988,47.021],[8.995,47.021],[8.997,47.023],[9.004,47.022],[9.011,47.024],[9.01,47.026],[9.014,47.027],[9.017,47.024],[9.024,47.022],[9.03,47.023],[9.028,47.026],[9.031,47.029],[9.044,47.028],[9.047,47.029],[9.05,47.025],[9.036,47.019],[9.035,47.016],[9.03,47.015],[9.029,47.012],[9.032,47.01],[9.032,47.007],[9.036,47.003],[9.033,47.001],[9.029,47.003],[9.023,46.996],[9.017,47.0],[9.01,46.997],[9.007,46.999],[9.006,46.994],[9.008,46.992],[9.006,46.991],[9.006,46.989],[9.009,46.988],[9.008,46.985],[9.009,46.981],[9.006,46.979],[8.996,46.979],[8.993,46.977],[8.986,46.979],[8.974,46.975],[8.976,46.972],[8.986,46.973],[8.996,46.972],[9.006,46.968],[9.009,46.969],[9.012,46.965],[9.009,46.963],[9.005,46.963],[8.999,46.959],[8.988,46.959],[8.985,46.954],[8.98,46.952],[8.981,46.95],[8.979,46.946],[8.969,46.949],[8.966,46.948],[8.968,46.945],[8.972,46.945],[8.975,46.943],[8.968,46.939],[8.967,46.936],[8.974,46.932],[8.976,46.927],[8.972,46.926],[8.965,46.921],[8.957,46.921],[8.952,46.917],[8.948,46.917],[8.942,46.92],[8.935,46.919],[8.929,46.915],[8.922,46.915],[8.921,46.912],[8.912,46.91],[8.902,46.904],[8.899,46.903],[8.895,46.904],[8.897,46.901],[8.895,46.9],[8.892,46.901],[8.892,46.899],[8.895,46.897],[8.892,46.894],[8.885,46.895],[8.879,46.886],[8.873,46.884],[8.873,46.881],[8.871,46.879],[8.875,46.875],[8.878,46.875],[8.888,46.882],[8.915,46.89],[8.918,46.893],[8.931,46.896],[8.941,46.903],[8.958,46.905],[8.961,46.903],[8.968,46.902],[8.97,46.9],[8.967,46.895],[8.957,46.89],[8.944,46.888],[8.934,46.883],[8.934,46.88],[8.938,46.882],[8.961,46.882],[8.963,46.88],[8.963,46.878],[8.957,46.874],[8.956,46.871],[8.966,46.867],[8.966,46.864],[8.955,46.86],[8.955,46.856],[8.949,46.853],[8.949,46.849],[8.946,46.847],[8.943,46.848],[8.939,46.845],[8.939,46.842],[8.936,46.84],[8.939,46.838],[8.946,46.839],[8.953,46.836],[8.954,46.833],[8.953,46.831],[8.956,46.829],[8.961,46.838],[8.963,46.839],[8.963,46.842],[8.961,46.844],[8.962,46.846],[8.963,46.847],[8.967,46.846],[8.964,46.849],[8.966,46.851],[8.965,46.853],[8.97,46.858],[8.976,46.859],[8.983,46.864],[8.988,46.862],[8.989,46.859],[8.999,46.853],[9.0,46.85],[9.003,46.855],[8.998,46.857],[9.0,46.859],[8.994,46.862],[8.995,46.866],[8.99,46.871],[8.995,46.875],[8.995,46.878],[8.993,46.878],[8.992,46.88],[9.0,46.883],[9.008,46.882],[9.012,46.884],[9.01,46.887],[9.005,46.889],[9.005,46.891],[9.023,46.895],[9.02,46.898],[9.013,46.9],[9.019,46.902],[9.015,46.907],[9.017,46.911],[9.024,46.911],[9.032,46.906],[9.032,46.902],[9.03,46.9],[9.032,46.897],[9.036,46.895],[9.04,46.894],[9.043,46.897],[9.05,46.895],[9.054,46.897],[9.054,46.901],[9.047,46.904],[9.048,46.906],[9.054,46.908],[9.047,46.913],[9.047,46.918],[9.031,46.927],[9.034,46.928],[9.035,46.931],[9.038,46.933],[9.057,46.929],[9.067,46.929],[9.067,46.931],[9.059,46.935],[9.058,46.937],[9.061,46.939],[9.071,46.939],[9.071,46.942],[9.064,46.945],[9.057,46.951],[9.059,46.955],[9.065,46.96],[9.07,46.96],[9.07,46.955],[9.067,46.953],[9.068,46.951],[9.071,46.952],[9.075,46.948],[9.081,46.946],[9.084,46.946],[9.088,46.95],[9.085,46.959],[9.086,46.962],[9.088,46.963],[9.094,46.961],[9.099,46.962],[9.104,46.958],[9.107,46.959],[9.109,46.961],[9.108,46.964],[9.1,46.968],[9.105,46.97],[9.105,46.973],[9.102,46.975],[9.105,46.977],[9.109,46.977],[9.106,46.986],[9.103,46.988],[9.104,46.991],[9.115,46.988],[9.121,46.981],[9.127,46.979],[9.128,46.975],[9.131,46.978],[9.15,46.965],[9.15,46.961],[9.135,46.961],[9.127,46.959],[9.126,46.957],[9.127,46.955],[9.133,46.956],[9.136,46.952],[9.146,46.952],[9.153,46.95],[9.15,46.948],[9.146,46.948],[9.145,46.945],[9.149,46.943],[9.153,46.944],[9.156,46.943],[9.153,46.939],[9.146,46.939],[9.142,46.934],[9.151,46.932],[9.152,46.929],[9.142,46.926],[9.136,46.926],[9.135,46.925],[9.138,46.923],[9.138,46.92],[9.136,46.919],[9.129,46.919],[9.119,46.924],[9.116,46.923],[9.116,46.92],[9.122,46.914],[9.122,46.912],[9.118,46.91],[9.117,46.907],[9.115,46.906],[9.115,46.904],[9.12,46.901],[9.119,46.9],[9.108,46.898],[9.106,46.903],[9.102,46.903],[9.102,46.901],[9.099,46.899],[9.095,46.899],[9.094,46.896],[9.088,46.892],[9.092,46.891],[9.095,46.893],[9.099,46.893],[9.105,46.89],[9.122,46.888],[9.124,46.887],[9.123,46.885],[9.118,46.882],[9.126,46.88],[9.127,46.885],[9.132,46.882],[9.133,46.885],[9.133,46.887],[9.128,46.889],[9.138,46.895],[9.151,46.896],[9.15,46.898],[9.158,46.906],[9.172,46.909],[9.181,46.913],[9.185,46.912],[9.183,46.904],[9.188,46.904],[9.191,46.906],[9.203,46.906],[9.203,46.908],[9.2,46.911],[9.196,46.913],[9.197,46.915],[9.195,46.917],[9.2,46.92],[9.211,46.922],[9.212,46.924],[9.221,46.927],[9.224,46.93],[9.212,46.934],[9.205,46.933],[9.202,46.936],[9.195,46.932],[9.191,46.935],[9.19,46.942],[9.186,46.945],[9.192,46.947],[9.184,46.951],[9.185,46.954],[9.196,46.956],[9.199,46.959],[9.209,46.961],[9.226,46.968],[9.228,46.973],[9.219,46.978],[9.226,46.981],[9.233,46.979],[9.233,46.981],[9.23,46.982],[9.23,46.985],[9.226,46.985],[9.223,46.983],[9.22,46.986],[9.218,46.985],[9.218,46.98],[9.214,46.978],[9.215,46.976],[9.21,46.974],[9.197,46.975],[9.189,46.978],[9.195,46.98],[9.181,46.985],[9.181,46.991],[9.175,46.996],[9.172,47.005],[9.175,47.007],[9.181,47.007],[9.188,47.01],[9.196,47.016],[9.185,47.012],[9.168,47.016],[9.165,47.019],[9.165,47.022],[9.158,47.019],[9.158,47.012],[9.152,47.01],[9.148,47.006],[9.145,47.006],[9.138,47.01],[9.136,47.015],[9.125,47.014],[9.122,47.018],[9.112,47.02],[9.11,47.022],[9.116,47.024],[9.117,47.029],[9.12,47.031],[9.116,47.031],[9.113,47.033],[9.115,47.036],[9.114,47.04],[9.117,47.045],[9.11,47.043],[9.108,47.045],[9.103,47.045],[9.095,47.049],[9.097,47.051],[9.101,47.051],[9.1,47.054],[9.104,47.059],[9.101,47.063],[9.108,47.067],[9.098,47.069],[9.097,47.07],[9.099,47.072],[9.104,47.076],[9.114,47.077],[9.118,47.076],[9.119,47.071],[9.121,47.07],[9.124,47.073],[9.131,47.073],[9.13,47.076],[9.141,47.08],[9.136,47.082],[9.139,47.085],[9.138,47.087],[9.141,47.089],[9.142,47.094],[9.144,47.095],[9.151,47.087],[9.157,47.087],[9.154,47.085],[9.154,47.082],[9.161,47.086],[9.165,47.084],[9.161,47.087],[9.171,47.097],[9.177,47.093],[9.177,47.091],[9.173,47.089],[9.174,47.087],[9.187,47.092],[9.189,47.091],[9.19,47.086],[9.186,47.079],[9.183,47.077],[9.18,47.078],[9.167,47.076],[9.16,47.072],[9.157,47.073],[9.154,47.069],[9.15,47.067],[9.155,47.066],[9.16,47.069],[9.173,47.072],[9.187,47.072],[9.19,47.069],[9.186,47.065],[9.186,47.063],[9.189,47.061],[9.184,47.057],[9.185,47.055],[9.183,47.053],[9.18,47.053],[9.173,47.049],[9.169,47.049],[9.162,47.044],[9.177,47.046],[9.179,47.048],[9.192,47.051],[9.196,47.055],[9.199,47.052],[9.203,47.052],[9.199,47.055],[9.21,47.061],[9.204,47.063],[9.206,47.065],[9.209,47.064],[9.21,47.066],[9.206,47.075],[9.207,47.077],[9.206,47.079],[9.217,47.083],[9.23,47.081],[9.231,47.086],[9.227,47.088],[9.23,47.09],[9.239,47.085],[9.248,47.085],[9.25,47.087],[9.253,47.087],[9.257,47.085],[9.259,47.087],[9.269,47.088],[9.276,47.084],[9.286,47.084],[9.292,47.086],[9.294,47.085],[9.289,47.077],[9.285,47.074],[9.279,47.072],[9.272,47.072],[9.268,47.069],[9.273,47.065],[9.272,47.064],[9.257,47.063],[9.247,47.058],[9.246,47.056],[9.255,47.055],[9.26,47.051],[9.251,47.047],[9.251,47.044],[9.255,47.046],[9.258,47.044],[9.268,47.048],[9.272,47.047],[9.266,47.038],[9.267,47.031],[9.264,47.029],[9.265,47.027],[9.269,47.026],[9.274,47.029],[9.277,47.028],[9.281,47.03],[9.287,47.03],[9.288,47.031],[9.283,47.033],[9.291,47.035],[9.289,47.037],[9.295,47.044],[9.293,47.049],[9.298,47.053],[9.305,47.055],[9.305,47.057],[9.311,47.063],[9.314,47.064],[9.322,47.062],[9.32,47.059],[9.324,47.059],[9.326,47.057],[9.327,47.055],[9.323,47.053],[9.324,47.048],[9.334,47.051],[9.339,47.048],[9.324,47.042],[9.314,47.036],[9.31,47.037],[9.308,47.035],[9.311,47.03],[9.31,47.028],[9.324,47.036],[9.33,47.038],[9.34,47.038],[9.343,47.04],[9.353,47.036],[9.357,47.032],[9.359,47.027],[9.353,47.022],[9.336,47.019],[9.335,47.016],[9.34,47.012],[9.332,47.006],[9.323,47.006],[9.319,47.009],[9.316,47.009],[9.315,47.005],[9.317,47.003],[9.316,47.002],[9.309,47.002],[9.306,47.004],[9.297,47.001],[9.301,46.997],[9.3,46.994],[9.292,46.991],[9.289,46.988],[9.282,46.987],[9.276,46.984],[9.269,46.988],[9.266,46.988],[9.269,46.984],[9.267,46.979],[9.262,46.973],[9.256,46.973],[9.262,46.966],[9.262,46.963],[9.278,46.97],[9.289,46.97],[9.298,46.974],[9.302,46.974],[9.306,46.97],[9.304,46.967],[9.312,46.967],[9.313,46.969],[9.31,46.974],[9.315,46.98],[9.335,46.983],[9.34,46.98],[9.341,46.976],[9.346,46.971],[9.343,46.969],[9.35,46.964],[9.348,46.96],[9.357,46.96],[9.361,46.962],[9.361,46.964],[9.354,46.967],[9.357,46.971],[9.361,46.971],[9.362,46.978],[9.365,46.98],[9.362,46.982],[9.362,46.987],[9.365,46.988],[9.378,46.982],[9.381,46.982],[9.383,46.984],[9.379,46.986],[9.378,46.993],[9.381,46.997],[9.385,46.997],[9.386,47.0],[9.385,47.003],[9.383,47.004],[9.383,47.007],[9.384,47.011],[9.389,47.014],[9.395,47.011],[9.402,47.014],[9.404,47.011],[9.403,47.008],[9.405,47.001],[9.418,47.004],[9.419,47.001],[9.416,46.997],[9.417,46.994],[9.424,46.994],[9.431,46.999],[9.441,47.002],[9.447,46.998],[9.463,46.992],[9.462,46.989],[9.453,46.983],[9.463,46.982],[9.465,46.98],[9.45,46.979],[9.446,46.981],[9.437,46.976],[9.431,46.977],[9.423,46.975],[9.423,46.972],[9.411,46.966],[9.413,46.964],[9.42,46.964],[9.442,46.956],[9.457,46.956],[9.455,46.952],[9.452,46.951],[9.451,46.945],[9.448,46.943],[9.436,46.947],[9.431,46.947],[9.434,46.945],[9.424,46.943],[9.425,46.941],[9.432,46.938],[9.435,46.934],[9.443,46.931],[9.441,46.93],[9.431,46.928],[9.428,46.93],[9.414,46.93],[9.417,46.925],[9.415,46.924],[9.403,46.93],[9.401,46.932],[9.403,46.934],[9.402,46.935],[9.395,46.933],[9.395,46.931],[9.397,46.93],[9.395,46.928],[9.394,46.923],[9.388,46.921],[9.372,46.924],[9.362,46.929],[9.361,46.93],[9.363,46.933],[9.359,46.934],[9.346,46.932],[9.346,46.935],[9.34,46.932],[9.332,46.931],[9.331,46.933],[9.334,46.935],[9.33,46.936],[9.32,46.932],[9.303,46.932],[9.299,46.929],[9.3,46.928],[9.303,46.929],[9.306,46.927],[9.304,46.925],[9.306,46.924],[9.31,46.924],[9.313,46.926],[9.323,46.926],[9.326,46.924],[9.336,46.924],[9.339,46.922],[9.346,46.921],[9.348,46.919],[9.359,46.919],[9.365,46.914],[9.372,46.914],[9.375,46.911],[9.378,46.912],[9.385,46.91],[9.391,46.911],[9.398,46.909],[9.414,46.909],[9.416,46.907],[9.411,46.903],[9.404,46.901],[9.391,46.903],[9.384,46.9],[9.386,46.894],[9.391,46.892],[9.397,46.893],[9.4,46.892],[9.402,46.889],[9.377,46.886],[9.38,46.879],[9.382,46.878],[9.379,46.876],[9.381,46.872],[9.377,46.87],[9.374,46.871],[9.369,46.87],[9.372,46.867],[9.369,46.863],[9.37,46.858],[9.375,46.854],[9.373,46.852],[9.366,46.855],[9.363,46.852],[9.36,46.854],[9.35,46.854],[9.343,46.857],[9.347,46.857],[9.349,46.861],[9.347,46.862],[9.344,46.861],[9.34,46.863],[9.334,46.869],[9.324,46.869],[9.321,46.879],[9.321,46.873],[9.318,46.871],[9.311,46.878],[9.305,46.878],[9.302,46.881],[9.296,46.88],[9.306,46.871],[9.303,46.868],[9.304,46.865],[9.313,46.857],[9.311,46.855],[9.307,46.853],[9.297,46.853],[9.281,46.86],[9.275,46.866],[9.268,46.868],[9.265,46.865],[9.255,46.866],[9.252,46.868],[9.248,46.867],[9.242,46.865],[9.242,46.86],[9.245,46.858],[9.246,46.856],[9.245,46.855],[9.231,46.854],[9.225,46.852],[9.222,46.853],[9.213,46.852],[9.215,46.85],[9.232,46.846],[9.234,46.843],[9.224,46.836],[9.222,46.831],[9.223,46.827],[9.221,46.826],[9.215,46.83],[9.208,46.83],[9.201,46.834],[9.201,46.83],[9.203,46.827],[9.192,46.826],[9.188,46.824],[9.185,46.82],[9.173,46.825],[9.173,46.83],[9.17,46.835],[9.162,46.835],[9.156,46.838],[9.155,46.837],[9.159,46.835],[9.165,46.826],[9.157,46.819],[9.161,46.817],[9.16,46.814],[9.158,46.813],[9.136,46.814],[9.134,46.815],[9.134,46.817],[9.127,46.819],[9.125,46.822],[9.129,46.826],[9.123,46.826],[9.123,46.83],[9.12,46.835],[9.113,46.833],[9.107,46.838],[9.107,46.84],[9.104,46.843],[9.094,46.843],[9.091,46.841],[9.087,46.841],[9.087,46.839],[9.093,46.836],[9.105,46.824],[9.1,46.822],[9.097,46.823],[9.09,46.82],[9.08,46.822],[9.077,46.82],[9.076,46.816],[9.083,46.811],[9.08,46.809],[9.076,46.809],[9.079,46.807],[9.076,46.799],[9.081,46.798],[9.082,46.795],[9.069,46.794],[9.063,46.796],[9.056,46.799],[9.046,46.807],[9.044,46.809],[9.045,46.812],[9.04,46.812],[9.037,46.814],[9.034,46.812],[9.026,46.812],[9.021,46.81],[9.014,46.81],[9.004,46.806],[9.001,46.807],[8.997,46.806],[8.994,46.803],[9.011,46.805],[9.021,46.809],[9.034,46.808],[9.037,46.803],[9.04,46.804],[9.042,46.803],[9.042,46.796],[9.044,46.794],[9.042,46.789],[9.045,46.787],[9.043,46.785],[9.036,46.786],[9.031,46.785],[9.026,46.783],[9.025,46.78],[9.023,46.779],[9.017,46.779],[9.013,46.781],[9.009,46.776],[9.0,46.774],[8.971,46.774],[8.973,46.779],[8.964,46.781],[8.957,46.777],[8.959,46.775],[8.959,46.772],[8.967,46.765],[8.966,46.763],[8.957,46.761],[8.947,46.763],[8.944,46.762],[8.941,46.756],[8.937,46.758],[8.933,46.757],[8.934,46.752],[8.931,46.751],[8.923,46.753],[8.923,46.748],[8.921,46.746],[8.911,46.745],[8.906,46.748],[8.908,46.751],[8.902,46.753],[8.905,46.756],[8.905,46.758],[8.901,46.759],[8.902,46.762],[8.894,46.764],[8.892,46.768],[8.882,46.767],[8.88,46.769],[8.879,46.774],[8.869,46.769],[8.862,46.77],[8.862,46.768],[8.867,46.764],[8.872,46.764],[8.879,46.761],[8.884,46.755],[8.884,46.753],[8.881,46.751],[8.885,46.749],[8.884,46.742],[8.881,46.74],[8.882,46.737],[8.878,46.734],[8.875,46.736],[8.868,46.736],[8.868,46.733],[8.871,46.731],[8.871,46.728],[8.868,46.727],[8.86,46.731],[8.855,46.731],[8.848,46.724],[8.849,46.722],[8.845,46.72],[8.832,46.723],[8.828,46.721],[8.825,46.717],[8.819,46.719],[8.812,46.719],[8.81,46.718],[8.817,46.713],[8.816,46.711],[8.805,46.709],[8.814,46.707],[8.812,46.705],[8.802,46.705],[8.799,46.707],[8.795,46.707],[8.791,46.705],[8.792,46.703],[8.798,46.7],[8.798,46.697],[8.789,46.696],[8.779,46.7],[8.772,46.698],[8.766,46.704],[8.763,46.703],[8.759,46.706],[8.758,46.698],[8.756,46.697],[8.755,46.692],[8.752,46.69],[8.743,46.69],[8.739,46.693],[8.736,46.692],[8.733,46.694],[8.732,46.692],[8.733,46.687],[8.729,46.685],[8.73,46.681],[8.729,46.68],[8.716,46.681],[8.713,46.684],[8.71,46.682],[8.707,46.683],[8.706,46.681],[8.71,46.673],[8.713,46.675],[8.728,46.669],[8.719,46.668],[8.7,46.662],[8.696,46.663],[8.69,46.657],[8.676,46.654],[8.676,46.651],[8.68,46.651],[8.686,46.648],[8.699,46.651],[8.702,46.645],[8.708,46.645],[8.71,46.64],[8.715,46.636],[8.712,46.634],[8.708,46.636],[8.708,46.631],[8.699,46.631],[8.695,46.629],[8.705,46.628],[8.709,46.631],[8.71,46.627],[8.714,46.625],[8.715,46.622],[8.717,46.627],[8.716,46.638],[8.719,46.641],[8.713,46.647],[8.713,46.652],[8.722,46.655],[8.725,46.653],[8.732,46.659],[8.743,46.66],[8.765,46.67],[8.768,46.669],[8.758,46.656],[8.76,46.651],[8.756,46.649],[8.757,46.647],[8.755,46.644],[8.757,46.642],[8.755,46.64],[8.757,46.638],[8.754,46.635],[8.757,46.633],[8.756,46.629],[8.758,46.628],[8.761,46.63],[8.764,46.627],[8.769,46.633],[8.768,46.637],[8.763,46.642],[8.763,46.644],[8.778,46.648],[8.779,46.653],[8.784,46.658],[8.788,46.666],[8.794,46.664],[8.793,46.662],[8.794,46.661],[8.799,46.66],[8.797,46.658],[8.797,46.651],[8.801,46.65],[8.804,46.652],[8.807,46.651],[8.809,46.653],[8.808,46.66],[8.814,46.667],[8.817,46.664],[8.817,46.662],[8.828,46.664],[8.829,46.657],[8.827,46.654],[8.833,46.652],[8.832,46.65],[8.835,46.648],[8.831,46.643],[8.823,46.642],[8.822,46.639],[8.815,46.637],[8.814,46.632],[8.819,46.63],[8.809,46.628],[8.812,46.623],[8.812,46.619],[8.807,46.617],[8.81,46.612],[8.806,46.608],[8.805,46.603],[8.799,46.602],[8.793,46.604],[8.792,46.601],[8.797,46.599],[8.795,46.592],[8.792,46.588],[8.798,46.585],[8.796,46.582],[8.793,46.581],[8.789,46.583],[8.788,46.581],[8.791,46.579],[8.791,46.576],[8.789,46.575],[8.786,46.577],[8.787,46.574],[8.786,46.572],[8.792,46.572],[8.798,46.567],[8.801,46.57],[8.798,46.574],[8.799,46.581],[8.803,46.583],[8.803,46.588],[8.799,46.587],[8.797,46.588],[8.797,46.59],[8.802,46.595],[8.811,46.596],[8.819,46.6],[8.822,46.605],[8.826,46.608],[8.829,46.614],[8.827,46.621],[8.833,46.625],[8.839,46.616],[8.838,46.614],[8.839,46.612],[8.846,46.605],[8.845,46.602],[8.85,46.601],[8.854,46.594],[8.853,46.591],[8.85,46.589],[8.851,46.588],[8.858,46.593],[8.864,46.593],[8.879,46.598],[8.864,46.598],[8.862,46.6],[8.868,46.607],[8.86,46.612],[8.862,46.614],[8.856,46.618],[8.856,46.623],[8.849,46.628],[8.849,46.63],[8.852,46.633],[8.859,46.634],[8.862,46.637],[8.879,46.638],[8.879,46.641],[8.876,46.646],[8.869,46.649],[8.867,46.652],[8.867,46.659],[8.869,46.66],[8.876,46.657],[8.882,46.657],[8.886,46.653],[8.889,46.654],[8.894,46.647],[8.892,46.645],[8.895,46.643],[8.901,46.645],[8.898,46.646],[8.896,46.649],[8.898,46.652],[8.893,46.654],[8.895,46.658],[8.897,46.658],[8.896,46.661],[8.893,46.663],[8.889,46.663],[8.882,46.668],[8.898,46.67],[8.893,46.675],[8.889,46.675],[8.888,46.677],[8.892,46.681],[8.891,46.683],[8.899,46.685],[8.898,46.688],[8.893,46.69],[8.88,46.69],[8.875,46.692],[8.876,46.695],[8.88,46.695],[8.883,46.698],[8.897,46.7],[8.903,46.698],[8.913,46.702],[8.916,46.7],[8.926,46.702],[8.929,46.701],[8.933,46.703],[8.935,46.701],[8.932,46.698],[8.919,46.692],[8.912,46.692],[8.91,46.69],[8.913,46.688],[8.922,46.688],[8.932,46.685],[8.934,46.683],[8.935,46.678],[8.932,46.676],[8.931,46.674],[8.932,46.673],[8.938,46.676],[8.945,46.676],[8.949,46.673],[8.95,46.676],[8.952,46.677],[8.958,46.677],[8.963,46.673],[8.964,46.67],[8.97,46.666],[8.967,46.664],[8.967,46.661],[8.969,46.66],[8.967,46.658],[8.964,46.657],[8.949,46.658],[8.95,46.655],[8.944,46.651],[8.951,46.65],[8.957,46.652],[8.97,46.65],[8.977,46.654],[8.98,46.654],[8.992,46.646],[8.993,46.643],[8.994,46.646],[8.996,46.647],[9.003,46.645],[9.012,46.652],[9.01,46.654],[9.003,46.654],[9.002,46.657],[9.006,46.659],[9.0,46.662],[9.01,46.666],[9.004,46.667],[8.997,46.671],[9.006,46.673],[9.004,46.677],[8.999,46.68],[8.999,46.682],[8.994,46.687],[8.984,46.687],[8.979,46.691],[8.986,46.693],[8.988,46.695],[8.993,46.695],[8.992,46.702],[8.988,46.704],[8.982,46.714],[8.985,46.716],[8.995,46.714],[9.005,46.715],[9.009,46.713],[9.011,46.708],[9.015,46.708],[9.025,46.713],[9.021,46.72],[9.025,46.724],[9.035,46.725],[9.045,46.73],[9.054,46.731],[9.056,46.73],[9.056,46.728],[9.05,46.726],[9.059,46.724],[9.058,46.719],[9.055,46.717],[9.058,46.71],[9.056,46.706],[9.057,46.703],[9.063,46.699],[9.063,46.697],[9.07,46.695],[9.071,46.701],[9.069,46.71],[9.074,46.715],[9.086,46.707],[9.103,46.699],[9.105,46.696],[9.096,46.694],[9.095,46.692],[9.104,46.689],[9.105,46.687],[9.092,46.684],[9.086,46.685],[9.069,46.683],[9.06,46.679],[9.048,46.67],[9.049,46.668],[9.062,46.669],[9.066,46.671],[9.069,46.669],[9.081,46.667],[9.079,46.665],[9.07,46.663],[9.073,46.656],[9.072,46.655],[9.065,46.654],[9.062,46.657],[9.056,46.659],[9.052,46.657],[9.049,46.653],[9.042,46.653],[9.039,46.652],[9.038,46.65],[9.039,46.647],[9.049,46.645],[9.056,46.641],[9.055,46.638],[9.042,46.636],[9.04,46.632],[9.042,46.629],[9.054,46.629],[9.056,46.632],[9.061,46.632],[9.062,46.634],[9.068,46.637],[9.079,46.636],[9.071,46.628],[9.065,46.625],[9.074,46.62],[9.064,46.617],[9.058,46.621],[9.047,46.62],[9.048,46.618],[9.055,46.616],[9.057,46.614],[9.057,46.611],[9.059,46.609],[9.05,46.607],[9.054,46.603],[9.07,46.603],[9.083,46.61],[9.097,46.612],[9.095,46.615],[9.096,46.624],[9.108,46.626],[9.105,46.629],[9.097,46.632],[9.096,46.635],[9.097,46.636],[9.107,46.633],[9.114,46.633],[9.115,46.635],[9.114,46.639],[9.107,46.643],[9.107,46.645],[9.109,46.646],[9.108,46.649],[9.111,46.651],[9.114,46.651],[9.117,46.647],[9.127,46.643],[9.137,46.643],[9.137,46.648],[9.134,46.652],[9.123,46.66],[9.127,46.661],[9.131,46.659],[9.134,46.663],[9.144,46.656],[9.147,46.657],[9.15,46.655],[9.154,46.657],[9.16,46.654],[9.17,46.655],[9.168,46.652],[9.169,46.648],[9.163,46.64],[9.146,46.633],[9.146,46.63],[9.142,46.628],[9.143,46.627],[9.153,46.632],[9.154,46.63],[9.153,46.626],[9.15,46.623],[9.146,46.624],[9.145,46.621],[9.139,46.617],[9.136,46.611],[9.131,46.61],[9.131,46.608],[9.135,46.606],[9.134,46.603],[9.126,46.599],[9.116,46.59],[9.109,46.588],[9.106,46.589],[9.101,46.581],[9.095,46.575],[9.089,46.574],[9.079,46.578],[9.063,46.578],[9.053,46.574],[9.047,46.576],[9.043,46.574],[9.045,46.573],[9.047,46.575],[9.049,46.573],[9.039,46.562],[9.039,46.56],[9.033,46.555],[9.036,46.555],[9.039,46.551],[9.038,46.546],[9.034,46.54],[9.034,46.535],[9.036,46.534],[9.036,46.537],[9.04,46.544],[9.04,46.551],[9.042,46.555],[9.049,46.563],[9.059,46.567],[9.076,46.568],[9.082,46.565],[9.089,46.565],[9.092,46.559],[9.095,46.557],[9.097,46.543],[9.086,46.537],[9.086,46.534],[9.081,46.533],[9.078,46.525],[9.084,46.529],[9.088,46.529],[9.094,46.535],[9.101,46.538],[9.104,46.537],[9.109,46.541],[9.107,46.541],[9.105,46.545],[9.111,46.548],[9.113,46.552],[9.109,46.554],[9.109,46.557],[9.107,46.559],[9.102,46.561],[9.102,46.563],[9.107,46.566],[9.106,46.57],[9.108,46.572],[9.118,46.578],[9.131,46.58],[9.145,46.59],[9.148,46.59],[9.161,46.596],[9.166,46.596],[9.171,46.599],[9.178,46.6],[9.188,46.596],[9.191,46.594],[9.192,46.591],[9.189,46.587],[9.19,46.582],[9.187,46.578],[9.183,46.576],[9.177,46.569],[9.173,46.568],[9.17,46.565],[9.165,46.565],[9.169,46.56],[9.174,46.56],[9.178,46.562],[9.193,46.573],[9.197,46.574],[9.203,46.581],[9.207,46.581],[9.214,46.577],[9.218,46.577],[9.22,46.58],[9.212,46.591],[9.214,46.593],[9.211,46.595],[9.211,46.6],[9.204,46.61],[9.199,46.614],[9.204,46.618],[9.214,46.611],[9.221,46.609],[9.227,46.613],[9.224,46.616],[9.214,46.618],[9.213,46.622],[9.215,46.625],[9.208,46.629],[9.205,46.634],[9.2,46.636],[9.199,46.641],[9.202,46.644],[9.212,46.641],[9.215,46.642],[9.218,46.64],[9.231,46.64],[9.233,46.642],[9.23,46.645],[9.23,46.647],[9.223,46.649],[9.224,46.651],[9.215,46.652],[9.207,46.659],[9.209,46.662],[9.219,46.658],[9.219,46.661],[9.216,46.663],[9.218,46.665],[9.219,46.666],[9.226,46.664],[9.228,46.667],[9.223,46.675],[9.21,46.677],[9.207,46.679],[9.203,46.686],[9.213,46.684],[9.218,46.685],[9.22,46.687],[9.222,46.685],[9.23,46.686],[9.236,46.684],[9.239,46.681],[9.239,46.673],[9.241,46.671],[9.243,46.671],[9.244,46.674],[9.246,46.675],[9.252,46.673],[9.254,46.674],[9.25,46.678],[9.252,46.682],[9.256,46.68],[9.259,46.682],[9.265,46.682],[9.27,46.689],[9.264,46.691],[9.265,46.694],[9.269,46.694],[9.271,46.696],[9.269,46.696],[9.266,46.699],[9.259,46.699],[9.25,46.702],[9.247,46.705],[9.256,46.706],[9.26,46.708],[9.27,46.706],[9.278,46.709],[9.281,46.714],[9.273,46.717],[9.27,46.716],[9.25,46.719],[9.24,46.723],[9.247,46.725],[9.273,46.723],[9.262,46.732],[9.267,46.733],[9.277,46.731],[9.278,46.732],[9.271,46.736],[9.274,46.738],[9.284,46.736],[9.288,46.738],[9.287,46.74],[9.278,46.743],[9.283,46.745],[9.284,46.747],[9.268,46.755],[9.262,46.761],[9.26,46.761],[9.265,46.764],[9.271,46.764],[9.274,46.761],[9.278,46.762],[9.281,46.758],[9.291,46.757],[9.301,46.758],[9.305,46.756],[9.303,46.754],[9.304,46.753],[9.31,46.751],[9.314,46.754],[9.314,46.759],[9.32,46.759],[9.325,46.756],[9.32,46.755],[9.316,46.751],[9.316,46.749],[9.309,46.745],[9.312,46.742],[9.318,46.74],[9.318,46.738],[9.314,46.736],[9.315,46.729],[9.313,46.728],[9.311,46.729],[9.311,46.731],[9.3,46.734],[9.296,46.731],[9.296,46.729],[9.3,46.729],[9.303,46.727],[9.303,46.724],[9.295,46.722],[9.297,46.72],[9.294,46.718],[9.296,46.715],[9.299,46.713],[9.309,46.713],[9.311,46.711],[9.298,46.707],[9.302,46.703],[9.307,46.702],[9.298,46.698],[9.297,46.695],[9.293,46.693],[9.292,46.69],[9.287,46.689],[9.288,46.686],[9.291,46.684],[9.286,46.682],[9.287,46.677],[9.278,46.673],[9.271,46.664],[9.272,46.662],[9.263,46.658],[9.263,46.655],[9.269,46.651],[9.265,46.644],[9.266,46.64],[9.263,46.637],[9.266,46.635],[9.264,46.631],[9.26,46.628],[9.269,46.624],[9.26,46.615],[9.266,46.612],[9.27,46.612],[9.281,46.603],[9.279,46.599],[9.272,46.599],[9.267,46.597],[9.268,46.595],[9.266,46.592],[9.27,46.595],[9.276,46.596],[9.282,46.601],[9.286,46.601],[9.292,46.598],[9.292,46.603],[9.299,46.606],[9.3,46.61],[9.298,46.614],[9.299,46.617],[9.296,46.617],[9.29,46.621],[9.298,46.626],[9.286,46.63],[9.29,46.632],[9.298,46.632],[9.295,46.635],[9.29,46.635],[9.287,46.637],[9.288,46.639],[9.29,46.64],[9.3,46.638],[9.3,46.639],[9.297,46.642],[9.287,46.644],[9.293,46.646],[9.291,46.65],[9.294,46.654],[9.299,46.653],[9.299,46.65],[9.303,46.647],[9.305,46.648],[9.304,46.651],[9.301,46.653],[9.304,46.654],[9.309,46.652],[9.315,46.652],[9.314,46.655],[9.301,46.662],[9.304,46.665],[9.31,46.661],[9.314,46.662],[9.314,46.674],[9.324,46.673],[9.333,46.665],[9.337,46.664],[9.337,46.659],[9.34,46.658],[9.35,46.661],[9.347,46.663],[9.349,46.672],[9.342,46.674],[9.344,46.677],[9.347,46.678],[9.357,46.678],[9.359,46.676],[9.353,46.672],[9.358,46.667],[9.37,46.668],[9.382,46.664],[9.389,46.665],[9.391,46.662],[9.396,46.664],[9.399,46.669],[9.405,46.666],[9.406,46.669],[9.409,46.67],[9.413,46.669],[9.415,46.666],[9.395,46.658],[9.394,46.655],[9.397,46.651],[9.388,46.646],[9.382,46.647],[9.385,46.643],[9.385,46.64],[9.375,46.637],[9.372,46.639],[9.368,46.639],[9.371,46.633],[9.378,46.629],[9.381,46.629],[9.384,46.626],[9.381,46.624],[9.355,46.626],[9.349,46.625],[9.353,46.62],[9.364,46.615],[9.377,46.614],[9.381,46.612],[9.384,46.614],[9.389,46.613],[9.39,46.608],[9.373,46.594],[9.36,46.593],[9.351,46.596],[9.347,46.591],[9.337,46.593],[9.334,46.595],[9.329,46.594],[9.335,46.584],[9.344,46.583],[9.345,46.58],[9.324,46.572],[9.32,46.572],[9.317,46.575],[9.307,46.574],[9.295,46.58],[9.275,46.579],[9.277,46.576],[9.285,46.576],[9.297,46.572],[9.302,46.567],[9.301,46.563],[9.297,46.561],[9.295,46.563],[9.284,46.565],[9.278,46.559],[9.274,46.559],[9.268,46.56],[9.255,46.567],[9.254,46.566],[9.258,46.561],[9.255,46.56],[9.252,46.562],[9.235,46.564],[9.23,46.561],[9.229,46.558],[9.222,46.559],[9.221,46.555],[9.218,46.553],[9.22,46.55],[9.219,46.549],[9.209,46.551],[9.194,46.551],[9.185,46.542],[9.188,46.54],[9.173,46.533],[9.159,46.53],[9.15,46.531],[9.152,46.529],[9.146,46.525],[9.143,46.526],[9.139,46.524],[9.134,46.525],[9.133,46.528],[9.126,46.527],[9.125,46.523],[9.126,46.522],[9.13,46.524],[9.132,46.52],[9.122,46.514],[9.117,46.509],[9.093,46.505],[9.09,46.508],[9.08,46.507],[9.073,46.508],[9.069,46.505],[9.07,46.503],[9.084,46.504],[9.087,46.503],[9.09,46.499],[9.1,46.5],[9.104,46.498],[9.115,46.498],[9.146,46.512],[9.152,46.513],[9.162,46.519],[9.178,46.518],[9.179,46.517],[9.177,46.513],[9.179,46.51],[9.181,46.513],[9.185,46.513],[9.189,46.522],[9.208,46.529],[9.21,46.528],[9.21,46.524],[9.214,46.52],[9.221,46.519],[9.225,46.521],[9.221,46.521],[9.219,46.523],[9.225,46.526],[9.217,46.53],[9.228,46.532],[9.231,46.535],[9.238,46.535],[9.239,46.534],[9.237,46.528],[9.241,46.527],[9.242,46.523],[9.249,46.521],[9.251,46.518],[9.244,46.514],[9.248,46.512],[9.244,46.507],[9.25,46.507],[9.255,46.5],[9.253,46.497],[9.246,46.494],[9.244,46.491],[9.249,46.49],[9.249,46.487],[9.252,46.487],[9.259,46.497],[9.266,46.494],[9.267,46.496],[9.264,46.5],[9.266,46.505],[9.273,46.511],[9.268,46.518],[9.267,46.523],[9.263,46.525],[9.263,46.527],[9.257,46.532],[9.267,46.535],[9.273,46.534],[9.277,46.537],[9.296,46.539],[9.298,46.538],[9.298,46.536],[9.295,46.533],[9.296,46.532],[9.306,46.529],[9.299,46.527],[9.294,46.522],[9.294,46.52],[9.297,46.52],[9.309,46.526],[9.313,46.526],[9.311,46.533],[9.308,46.535],[9.308,46.538],[9.313,46.541],[9.317,46.538],[9.316,46.533],[9.324,46.524],[9.325,46.519],[9.328,46.516],[9.338,46.514],[9.34,46.517],[9.339,46.519],[9.342,46.521],[9.34,46.528],[9.344,46.53],[9.339,46.535],[9.342,46.538],[9.353,46.539],[9.345,46.542],[9.346,46.544],[9.362,46.552],[9.366,46.55],[9.366,46.552],[9.369,46.555],[9.372,46.557],[9.376,46.557],[9.378,46.554],[9.375,46.551],[9.375,46.547],[9.377,46.546],[9.375,46.544],[9.372,46.544],[9.37,46.541],[9.375,46.542],[9.379,46.541],[9.372,46.534],[9.379,46.532],[9.371,46.529],[9.368,46.53],[9.368,46.528],[9.371,46.525],[9.374,46.527],[9.378,46.527],[9.384,46.535],[9.394,46.536],[9.396,46.543],[9.393,46.547],[9.398,46.554],[9.405,46.558],[9.403,46.561],[9.411,46.563],[9.416,46.561],[9.417,46.556],[9.41,46.549],[9.414,46.551],[9.42,46.547],[9.419,46.538],[9.414,46.529],[9.42,46.526],[9.417,46.522],[9.41,46.518],[9.408,46.513],[9.406,46.513],[9.403,46.509],[9.405,46.505],[9.402,46.502],[9.402,46.5],[9.409,46.498],[9.416,46.506],[9.423,46.506],[9.423,46.511],[9.432,46.515],[9.439,46.512],[9.447,46.511],[9.442,46.502],[9.428,46.493],[9.428,46.491],[9.425,46.489],[9.425,46.479],[9.421,46.477],[9.418,46.471],[9.414,46.468],[9.411,46.466],[9.408,46.469],[9.401,46.469],[9.386,46.476],[9.382,46.483],[9.379,46.483],[9.37,46.489],[9.37,46.492],[9.367,46.494],[9.367,46.498],[9.37,46.5],[9.37,46.505],[9.367,46.505],[9.364,46.508],[9.354,46.508],[9.351,46.506],[9.344,46.506],[9.341,46.504],[9.335,46.506],[9.321,46.506],[9.318,46.504],[9.308,46.504],[9.302,46.5],[9.282,46.498],[9.282,46.493],[9.278,46.491],[9.278,46.489],[9.275,46.487],[9.275,46.48],[9.278,46.477],[9.278,46.475],[9.274,46.471],[9.274,46.466],[9.277,46.464],[9.277,46.459],[9.261,46.449],[9.251,46.449],[9.247,46.446],[9.247,46.442],[9.241,46.44],[9.231,46.444],[9.229,46.449],[9.225,46.449],[9.223,46.451],[9.226,46.458],[9.226,46.464],[9.222,46.466],[9.219,46.465],[9.217,46.467],[9.216,46.472],[9.206,46.475],[9.201,46.483],[9.2,46.488],[9.197,46.489],[9.191,46.495],[9.187,46.492],[9.187,46.488],[9.181,46.485],[9.168,46.489],[9.165,46.492],[9.153,46.491],[9.147,46.482],[9.144,46.48],[9.145,46.479],[9.154,46.486],[9.161,46.487],[9.162,46.486],[9.156,46.484],[9.166,46.479],[9.167,46.474],[9.171,46.468],[9.167,46.466],[9.157,46.466],[9.172,46.457],[9.166,46.452],[9.174,46.448],[9.163,46.444],[9.159,46.446],[9.157,46.444],[9.15,46.444],[9.148,46.446],[9.136,46.448],[9.13,46.444],[9.127,46.444],[9.119,46.451],[9.119,46.453],[9.123,46.457],[9.121,46.464],[9.126,46.466],[9.122,46.471],[9.123,46.473],[9.111,46.476],[9.11,46.473],[9.112,46.471],[9.113,46.466],[9.118,46.462],[9.11,46.453],[9.11,46.446],[9.106,46.444],[9.106,46.44],[9.103,46.433],[9.114,46.429],[9.116,46.426],[9.115,46.417],[9.11,46.413],[9.103,46.413],[9.096,46.408],[9.108,46.408],[9.113,46.41],[9.115,46.408],[9.11,46.402],[9.106,46.4],[9.097,46.4],[9.093,46.397],[9.09,46.385],[9.088,46.388],[9.07,46.39],[9.061,46.396],[9.048,46.396],[9.035,46.399],[9.032,46.401],[9.025,46.401],[9.023,46.403],[9.025,46.408],[9.037,46.405],[9.038,46.402],[9.048,46.403],[9.058,46.401],[9.077,46.401],[9.079,46.406],[9.073,46.409],[9.058,46.412],[9.052,46.416],[9.045,46.418],[9.078,46.42],[9.083,46.417],[9.087,46.417],[9.094,46.419],[9.094,46.422],[9.09,46.424],[9.088,46.43],[9.074,46.433],[9.07,46.438],[9.075,46.44],[9.075,46.442],[9.069,46.445],[9.066,46.451],[9.061,46.456],[9.074,46.46],[9.079,46.468],[9.076,46.467],[9.073,46.47],[9.065,46.469],[9.064,46.472],[9.053,46.469],[9.043,46.471],[9.04,46.476],[9.041,46.479],[9.031,46.479],[9.031,46.476],[9.027,46.475],[9.015,46.475],[9.013,46.472],[9.014,46.47],[9.023,46.468],[9.025,46.463],[9.014,46.457],[9.02,46.457],[9.027,46.46],[9.028,46.459],[9.027,46.454],[9.023,46.45],[9.026,46.447],[9.017,46.445],[9.011,46.448],[9.0,46.448],[8.994,46.452],[8.995,46.455],[8.991,46.457],[8.988,46.462],[8.981,46.464],[8.972,46.463],[8.969,46.466],[8.977,46.471],[8.973,46.473],[8.975,46.485],[8.989,46.486],[8.992,46.488],[9.012,46.488],[9.015,46.49],[9.012,46.493],[9.008,46.493],[9.003,46.497],[9.003,46.506],[9.004,46.509],[9.007,46.511],[9.004,46.513],[9.003,46.518],[9.0,46.522],[9.003,46.525],[9.007,46.526],[9.006,46.528],[8.996,46.53],[8.995,46.531],[8.997,46.533],[8.997,46.538],[8.99,46.537],[8.974,46.554],[8.962,46.561],[8.968,46.562],[8.978,46.56],[8.988,46.567],[8.994,46.561],[8.997,46.561],[9.004,46.556],[9.006,46.56],[9.003,46.569],[8.996,46.572],[8.995,46.574],[8.998,46.579],[8.994,46.581],[9.004,46.585],[9.014,46.585],[9.021,46.587],[9.025,46.589],[9.024,46.591],[9.016,46.592],[9.011,46.59],[9.001,46.594],[8.998,46.591],[8.989,46.594],[8.985,46.597],[8.981,46.592],[8.982,46.589],[8.978,46.587],[8.972,46.592],[8.965,46.594],[8.965,46.592],[8.961,46.59],[8.961,46.588],[8.968,46.579],[8.968,46.576],[8.965,46.575],[8.957,46.579],[8.956,46.586],[8.953,46.59],[8.956,46.593],[8.949,46.594],[8.944,46.599],[8.943,46.603],[8.94,46.599],[8.936,46.6],[8.933,46.603],[8.933,46.599],[8.935,46.597],[8.929,46.595],[8.929,46.593],[8.922,46.586],[8.928,46.584],[8.923,46.58],[8.919,46.579],[8.919,46.577],[8.925,46.575],[8.916,46.572],[8.909,46.573],[8.903,46.576],[8.896,46.575],[8.893,46.571],[8.883,46.571],[8.88,46.569],[8.886,46.566],[8.886,46.564],[8.883,46.562],[8.873,46.562],[8.866,46.56],[8.886,46.557],[8.889,46.555],[8.896,46.556],[8.899,46.554],[8.906,46.554],[8.912,46.552],[8.922,46.553],[8.923,46.552],[8.921,46.548],[8.924,46.546],[8.922,46.545],[8.915,46.545],[8.909,46.549],[8.876,46.549],[8.866,46.547],[8.85,46.547],[8.851,46.544],[8.843,46.543],[8.838,46.547],[8.831,46.549],[8.831,46.552],[8.824,46.555],[8.823,46.558],[8.818,46.559],[8.815,46.562],[8.811,46.562],[8.807,46.558],[8.799,46.556],[8.799,46.554],[8.803,46.552],[8.801,46.551],[8.801,46.547],[8.798,46.545],[8.809,46.545],[8.823,46.54],[8.814,46.539],[8.812,46.536],[8.817,46.533],[8.837,46.528],[8.838,46.526],[8.845,46.524],[8.844,46.522],[8.853,46.52],[8.856,46.516],[8.859,46.517],[8.865,46.513],[8.872,46.515],[8.875,46.511],[8.882,46.513],[8.896,46.512],[8.905,46.514],[8.909,46.51],[8.906,46.508],[8.906,46.505],[8.898,46.504],[8.896,46.503],[8.896,46.501],[8.888,46.499],[8.885,46.496],[8.878,46.494],[8.875,46.497],[8.874,46.494],[8.877,46.49],[8.868,46.487],[8.859,46.488],[8.859,46.498],[8.854,46.499],[8.853,46.502],[8.849,46.504],[8.846,46.502],[8.843,46.508],[8.835,46.508],[8.834,46.511],[8.826,46.512],[8.816,46.508],[8.807,46.511],[8.797,46.517],[8.79,46.516],[8.784,46.513],[8.76,46.514],[8.755,46.513],[8.752,46.517],[8.743,46.521],[8.74,46.525],[8.74,46.528],[8.736,46.53],[8.716,46.531],[8.713,46.533],[8.702,46.533],[8.7,46.531],[8.696,46.531],[8.69,46.533],[8.684,46.537],[8.687,46.539],[8.691,46.539],[8.693,46.541],[8.708,46.544],[8.707,46.546],[8.699,46.546],[8.694,46.549],[8.687,46.545],[8.681,46.547],[8.677,46.544],[8.673,46.544],[8.67,46.542],[8.67,46.535],[8.668,46.533],[8.664,46.532],[8.661,46.533],[8.658,46.535],[8.661,46.537],[8.655,46.54],[8.651,46.547],[8.659,46.549],[8.653,46.556],[8.665,46.562],[8.668,46.566],[8.672,46.567],[8.669,46.569],[8.652,46.563],[8.648,46.561],[8.645,46.557],[8.642,46.558],[8.64,46.553],[8.638,46.553],[8.637,46.551],[8.629,46.549],[8.622,46.545],[8.605,46.547],[8.605,46.545],[8.602,46.543],[8.589,46.543],[8.581,46.547],[8.566,46.548],[8.566,46.544],[8.575,46.541],[8.575,46.536],[8.573,46.535],[8.568,46.536],[8.563,46.532],[8.543,46.53],[8.54,46.528],[8.533,46.527],[8.53,46.524],[8.517,46.524],[8.51,46.517],[8.5,46.517],[8.5,46.514],[8.502,46.512],[8.501,46.511],[8.494,46.508],[8.488,46.511],[8.486,46.51],[8.486,46.503],[8.483,46.503],[8.481,46.505],[8.468,46.493],[8.464,46.493],[8.447,46.479],[8.458,46.479],[8.471,46.484],[8.474,46.483],[8.481,46.488],[8.497,46.492],[8.5,46.489],[8.508,46.487],[8.507,46.49],[8.504,46.492],[8.509,46.499],[8.533,46.507],[8.536,46.504],[8.546,46.502],[8.547,46.505],[8.545,46.507],[8.546,46.508],[8.556,46.511],[8.561,46.509],[8.559,46.507],[8.562,46.509],[8.567,46.509],[8.569,46.513],[8.574,46.514],[8.576,46.517],[8.582,46.515],[8.592,46.517],[8.608,46.516],[8.605,46.513],[8.611,46.515],[8.621,46.514],[8.622,46.513],[8.62,46.509],[8.621,46.507],[8.628,46.508],[8.63,46.506],[8.641,46.507],[8.644,46.501],[8.65,46.501],[8.653,46.503],[8.657,46.502],[8.658,46.504],[8.663,46.506],[8.667,46.503],[8.67,46.503],[8.672,46.499],[8.676,46.499],[8.683,46.496],[8.685,46.497],[8.685,46.499],[8.687,46.499],[8.689,46.496],[8.699,46.498],[8.702,46.496],[8.709,46.496],[8.712,46.491],[8.718,46.49],[8.72,46.487],[8.708,46.485],[8.709,46.481],[8.714,46.478],[8.725,46.478],[8.725,46.481],[8.723,46.483],[8.728,46.484],[8.73,46.483],[8.731,46.48],[8.728,46.476],[8.727,46.474],[8.73,46.469],[8.734,46.47],[8.737,46.468],[8.747,46.466],[8.754,46.467],[8.756,46.462],[8.744,46.457],[8.735,46.458],[8.733,46.456],[8.733,46.453],[8.737,46.453],[8.74,46.449],[8.75,46.447],[8.75,46.444],[8.773,46.444],[8.779,46.447],[8.782,46.446],[8.786,46.447],[8.789,46.442],[8.792,46.441],[8.802,46.443],[8.806,46.441],[8.796,46.435],[8.788,46.423],[8.784,46.424],[8.773,46.417],[8.761,46.417],[8.762,46.415],[8.781,46.405],[8.792,46.406],[8.794,46.403],[8.798,46.405],[8.801,46.403],[8.804,46.406],[8.814,46.407],[8.823,46.403],[8.816,46.392],[8.81,46.388],[8.806,46.39],[8.797,46.39],[8.788,46.394],[8.781,46.393],[8.771,46.397],[8.765,46.394],[8.762,46.398],[8.758,46.398],[8.755,46.395],[8.739,46.4],[8.736,46.397],[8.735,46.393],[8.736,46.392],[8.743,46.393],[8.745,46.385],[8.752,46.385],[8.758,46.38],[8.768,46.381],[8.786,46.379],[8.787,46.376],[8.771,46.368],[8.764,46.368],[8.755,46.371],[8.748,46.37],[8.738,46.371],[8.735,46.373],[8.725,46.369],[8.724,46.366],[8.721,46.364],[8.736,46.359],[8.728,46.355],[8.722,46.355],[8.722,46.352],[8.725,46.354],[8.731,46.353],[8.735,46.349],[8.754,46.349],[8.756,46.347],[8.75,46.341],[8.75,46.338],[8.754,46.339],[8.757,46.337],[8.76,46.339],[8.776,46.339],[8.776,46.336],[8.769,46.332],[8.769,46.329],[8.774,46.32],[8.773,46.319],[8.763,46.32],[8.761,46.323],[8.763,46.325],[8.76,46.327],[8.747,46.328],[8.744,46.331],[8.737,46.333],[8.734,46.331],[8.729,46.332],[8.733,46.334],[8.729,46.334],[8.727,46.332],[8.718,46.33],[8.715,46.332],[8.72,46.337],[8.715,46.344],[8.708,46.347],[8.699,46.345],[8.692,46.346],[8.688,46.348],[8.683,46.356],[8.672,46.357],[8.676,46.361],[8.68,46.36],[8.683,46.365],[8.69,46.362],[8.692,46.359],[8.696,46.361],[8.696,46.367],[8.693,46.368],[8.691,46.373],[8.693,46.375],[8.696,46.372],[8.706,46.372],[8.709,46.37],[8.72,46.37],[8.724,46.373],[8.723,46.375],[8.713,46.379],[8.706,46.384],[8.709,46.388],[8.72,46.388],[8.719,46.391],[8.713,46.393],[8.707,46.398],[8.712,46.402],[8.723,46.4],[8.727,46.402],[8.718,46.406],[8.717,46.409],[8.72,46.411],[8.726,46.411],[8.728,46.413],[8.724,46.418],[8.726,46.422],[8.723,46.423],[8.72,46.421],[8.717,46.423],[8.706,46.422],[8.704,46.423],[8.703,46.42],[8.7,46.418],[8.703,46.416],[8.702,46.413],[8.7,46.412],[8.697,46.414],[8.691,46.414],[8.688,46.413],[8.69,46.411],[8.687,46.408],[8.681,46.408],[8.674,46.411],[8.668,46.418],[8.671,46.42],[8.676,46.42],[8.672,46.423],[8.672,46.425],[8.675,46.426],[8.679,46.425],[8.682,46.427],[8.682,46.432],[8.685,46.436],[8.685,46.441],[8.681,46.441],[8.679,46.443],[8.677,46.45],[8.681,46.456],[8.68,46.459],[8.688,46.463],[8.686,46.467],[8.684,46.468],[8.682,46.467],[8.675,46.459],[8.671,46.461],[8.668,46.468],[8.662,46.468],[8.657,46.47],[8.653,46.477],[8.648,46.479],[8.648,46.481],[8.644,46.484],[8.634,46.484],[8.614,46.494],[8.604,46.495],[8.598,46.491],[8.59,46.491],[8.591,46.489],[8.597,46.486],[8.608,46.49],[8.609,46.486],[8.614,46.486],[8.617,46.484],[8.613,46.48],[8.614,46.479],[8.617,46.481],[8.632,46.475],[8.625,46.468],[8.627,46.467],[8.63,46.47],[8.636,46.47],[8.651,46.459],[8.651,46.457],[8.648,46.454],[8.651,46.452],[8.649,46.45],[8.642,46.446],[8.636,46.447],[8.632,46.446],[8.633,46.442],[8.642,46.439],[8.634,46.434],[8.642,46.434],[8.644,46.432],[8.636,46.427],[8.623,46.426],[8.619,46.433],[8.61,46.433],[8.606,46.435],[8.604,46.437],[8.607,46.442],[8.603,46.444],[8.606,46.448],[8.597,46.452],[8.587,46.459],[8.584,46.455],[8.577,46.453],[8.574,46.45],[8.587,46.454],[8.591,46.452],[8.593,46.45],[8.587,46.446],[8.589,46.444],[8.589,46.439],[8.577,46.438],[8.57,46.435],[8.581,46.433],[8.58,46.43],[8.587,46.43],[8.589,46.428],[8.587,46.426],[8.588,46.424],[8.586,46.419],[8.578,46.417],[8.58,46.414],[8.59,46.411],[8.593,46.412],[8.595,46.41],[8.589,46.403],[8.588,46.401],[8.589,46.399],[8.606,46.398],[8.609,46.402],[8.616,46.405],[8.622,46.404],[8.624,46.403],[8.62,46.396],[8.617,46.394],[8.622,46.391],[8.631,46.391],[8.635,46.389],[8.633,46.385],[8.628,46.382],[8.628,46.38],[8.618,46.377],[8.612,46.37],[8.605,46.368],[8.603,46.369],[8.604,46.372],[8.609,46.376],[8.612,46.381],[8.592,46.379],[8.587,46.383],[8.581,46.385],[8.579,46.388],[8.566,46.389],[8.567,46.393],[8.563,46.393],[8.561,46.395],[8.569,46.397],[8.566,46.399],[8.569,46.401],[8.57,46.406],[8.567,46.408],[8.562,46.408],[8.557,46.405],[8.554,46.408],[8.548,46.41],[8.548,46.413],[8.552,46.417],[8.551,46.42],[8.548,46.422],[8.531,46.424],[8.53,46.426],[8.535,46.431],[8.533,46.433],[8.509,46.441],[8.516,46.431],[8.508,46.427],[8.506,46.424],[8.508,46.422],[8.502,46.42],[8.502,46.417],[8.504,46.415],[8.501,46.413],[8.502,46.411],[8.499,46.41],[8.495,46.412],[8.491,46.409],[8.497,46.409],[8.498,46.404],[8.505,46.402],[8.511,46.404],[8.515,46.403],[8.52,46.399],[8.511,46.395],[8.52,46.393],[8.521,46.39],[8.524,46.39],[8.526,46.388],[8.514,46.388],[8.508,46.386],[8.511,46.383],[8.523,46.379],[8.517,46.378],[8.517,46.376],[8.521,46.376],[8.525,46.372],[8.514,46.371],[8.511,46.369],[8.499,46.373],[8.501,46.375],[8.489,46.368],[8.49,46.366],[8.481,46.363],[8.487,46.357],[8.487,46.355],[8.494,46.354],[8.497,46.352],[8.497,46.35],[8.507,46.352],[8.52,46.351],[8.527,46.355],[8.536,46.352],[8.534,46.354],[8.54,46.356],[8.54,46.36],[8.546,46.361],[8.554,46.359],[8.56,46.356],[8.549,46.352],[8.551,46.35],[8.549,46.349],[8.549,46.347],[8.552,46.345],[8.559,46.345],[8.562,46.347],[8.569,46.347],[8.571,46.345],[8.567,46.341],[8.569,46.338],[8.575,46.338],[8.58,46.336],[8.575,46.332],[8.568,46.332],[8.562,46.329],[8.546,46.336],[8.535,46.334],[8.533,46.332],[8.523,46.329],[8.517,46.331],[8.504,46.331],[8.497,46.328],[8.491,46.331],[8.484,46.332],[8.473,46.326],[8.471,46.324],[8.471,46.319],[8.463,46.315],[8.459,46.308],[8.461,46.306],[8.464,46.309],[8.474,46.309],[8.48,46.311],[8.484,46.31],[8.486,46.312],[8.497,46.314],[8.51,46.314],[8.521,46.309],[8.513,46.307],[8.51,46.308],[8.506,46.304],[8.497,46.303],[8.487,46.307],[8.48,46.306],[8.474,46.302],[8.463,46.299],[8.462,46.294],[8.457,46.29],[8.454,46.293],[8.448,46.293],[8.444,46.292],[8.438,46.286],[8.432,46.29],[8.432,46.292],[8.428,46.295],[8.429,46.297],[8.425,46.299],[8.432,46.303],[8.435,46.303],[8.435,46.306],[8.439,46.308],[8.445,46.319],[8.458,46.332],[8.459,46.339],[8.462,46.341],[8.462,46.353],[8.459,46.355],[8.465,46.362],[8.466,46.368],[8.462,46.371],[8.462,46.38],[8.459,46.382],[8.459,46.391],[8.466,46.395],[8.466,46.398],[8.463,46.4],[8.463,46.409],[8.466,46.411],[8.466,46.414],[8.46,46.418],[8.46,46.42],[8.457,46.423],[8.457,46.427],[8.454,46.429],[8.454,46.438],[8.457,46.44],[8.457,46.445],[8.46,46.447],[8.46,46.45],[8.454,46.454],[8.454,46.456],[8.451,46.459],[8.444,46.463],[8.434,46.463],[8.431,46.461],[8.405,46.459],[8.395,46.452],[8.389,46.45],[8.366,46.45],[8.353,46.442],[8.35,46.442],[8.33,46.428],[8.326,46.428],[8.317,46.424],[8.307,46.424],[8.304,46.422],[8.304,46.419],[8.297,46.415],[8.294,46.408],[8.303,46.408],[8.31,46.406],[8.313,46.403],[8.313,46.399],[8.316,46.397],[8.316,46.381],[8.306,46.374],[8.293,46.37],[8.283,46.363],[8.277,46.363],[8.274,46.366],[8.267,46.366],[8.26,46.361],[8.26,46.354],[8.263,46.352],[8.263,46.348],[8.26,46.345],[8.251,46.346],[8.25,46.343],[8.244,46.339],[8.231,46.339],[8.228,46.337],[8.228,46.334],[8.221,46.33],[8.221,46.325],[8.214,46.317],[8.214,46.31],[8.211,46.308],[8.178,46.297],[8.172,46.297],[8.169,46.294],[8.162,46.294],[8.159,46.297],[8.152,46.297],[8.149,46.299],[8.136,46.301],[8.126,46.295],[8.123,46.295],[8.123,46.292],[8.12,46.29],[8.12,46.288],[8.094,46.27],[8.087,46.266],[8.084,46.266],[8.081,46.263],[8.08,46.261],[8.087,46.257],[8.097,46.256],[8.103,46.252],[8.11,46.25],[8.11,46.247],[8.113,46.245],[8.113,46.241],[8.116,46.238],[8.129,46.229],[8.139,46.227],[8.142,46.225],[8.141,46.22],[8.145,46.218],[8.145,46.213],[8.142,46.209],[8.138,46.211],[8.136,46.214],[8.132,46.215],[8.129,46.214],[8.126,46.216],[8.122,46.215],[8.119,46.218],[8.113,46.219],[8.1,46.219],[8.098,46.218],[8.098,46.216],[8.101,46.214],[8.099,46.212],[8.099,46.209],[8.093,46.203],[8.095,46.2],[8.093,46.198],[8.086,46.199],[8.08,46.201],[8.067,46.21],[8.061,46.21],[8.057,46.212],[8.051,46.225],[8.048,46.224],[8.045,46.225],[8.037,46.23],[8.019,46.23],[8.016,46.232],[8.016,46.234],[8.017,46.237],[8.019,46.238],[8.019,46.242],[8.014,46.243],[8.018,46.248],[8.009,46.249],[8.006,46.248],[8.005,46.239],[8.003,46.237],[8.002,46.232],[8.007,46.228],[8.005,46.226],[8.006,46.225],[8.012,46.225],[8.019,46.222],[8.025,46.219],[8.03,46.214],[8.031,46.203],[8.028,46.198],[8.031,46.196],[8.038,46.197],[8.044,46.196],[8.041,46.196],[8.042,46.192],[8.051,46.19],[8.053,46.187],[8.062,46.183],[8.06,46.18],[8.056,46.178],[8.057,46.174],[8.056,46.171],[8.047,46.163],[8.046,46.158],[8.043,46.156],[8.043,46.153],[8.05,46.155],[8.053,46.154],[8.06,46.158],[8.063,46.157],[8.067,46.158],[8.067,46.16],[8.07,46.163],[8.07,46.167],[8.073,46.168],[8.08,46.165],[8.079,46.171],[8.083,46.173],[8.082,46.176],[8.086,46.179],[8.09,46.178],[8.096,46.171],[8.095,46.162],[8.098,46.16],[8.098,46.158],[8.094,46.153],[8.095,46.151],[8.092,46.144],[8.094,46.142],[8.091,46.135],[8.092,46.133],[8.079,46.124],[8.091,46.128],[8.091,46.131],[8.097,46.135],[8.097,46.14],[8.109,46.144],[8.109,46.146],[8.112,46.148],[8.118,46.15],[8.118,46.153],[8.125,46.159],[8.126,46.164],[8.131,46.166],[8.138,46.164],[8.141,46.161],[8.143,46.162],[8.145,46.164],[8.142,46.166],[8.147,46.169],[8.134,46.173],[8.138,46.176],[8.145,46.175],[8.141,46.18],[8.148,46.181],[8.148,46.183],[8.146,46.184],[8.148,46.186],[8.152,46.184],[8.161,46.183],[8.167,46.18],[8.157,46.171],[8.157,46.168],[8.154,46.166],[8.154,46.159],[8.15,46.157],[8.15,46.153],[8.154,46.15],[8.154,46.148],[8.141,46.137],[8.124,46.135],[8.118,46.131],[8.114,46.128],[8.114,46.117],[8.098,46.108],[8.069,46.106],[8.066,46.104],[8.049,46.102],[8.046,46.099],[8.04,46.1],[8.033,46.095],[8.033,46.09],[8.03,46.088],[8.03,46.084],[8.027,46.082],[8.027,46.079],[8.023,46.077],[8.023,46.075],[8.027,46.072],[8.026,46.061],[8.03,46.059],[8.03,46.054],[8.033,46.052],[8.033,46.045],[8.02,46.037],[8.02,46.034],[8.016,46.032],[8.016,46.023],[8.013,46.021],[8.013,46.014],[8.01,46.012],[8.0,46.01],[8.0,46.007],[7.987,45.996],[7.981,45.996],[7.978,45.999],[7.968,45.999],[7.965,45.996],[7.939,45.997],[7.936,45.994],[7.906,45.994],[7.906,45.992],[7.9,45.985],[7.884,45.974],[7.88,45.974],[7.88,45.961],[7.877,45.959],[7.877,45.952],[7.874,45.95],[7.874,45.945],[7.871,45.943],[7.87,45.938],[7.87,45.936],[7.874,45.934],[7.874,45.931],[7.877,45.929],[7.877,45.927],[7.864,45.918],[7.858,45.92],[7.845,45.92],[7.842,45.923],[7.832,45.923],[7.829,45.925],[7.819,45.927],[7.819,45.925],[7.812,45.921],[7.806,45.921],[7.803,45.918],[7.793,45.918],[7.79,45.921],[7.79,45.923],[7.784,45.927],[7.78,45.927],[7.771,45.934],[7.767,45.934],[7.764,45.936],[7.764,45.939],[7.748,45.939],[7.742,45.934],[7.742,45.932],[7.735,45.93],[7.735,45.925],[7.732,45.923],[7.719,45.923],[7.713,45.928],[7.713,45.93],[7.706,45.934],[7.706,45.95],[7.703,45.95],[7.697,45.955],[7.684,45.955],[7.68,45.957],[7.674,45.961],[7.674,45.966],[7.661,45.975],[7.648,45.975],[7.642,45.97],[7.629,45.97],[7.616,45.973],[7.61,45.968],[7.6,45.968],[7.597,45.971],[7.587,45.971],[7.577,45.977],[7.577,45.982],[7.571,45.986],[7.568,45.986],[7.564,45.984],[7.548,45.984],[7.548,45.982],[7.545,45.98],[7.545,45.977],[7.542,45.975],[7.545,45.973],[7.545,45.966],[7.548,45.964],[7.542,45.957],[7.535,45.955],[7.532,45.957],[7.522,45.957],[7.516,45.962],[7.506,45.962],[7.503,45.959],[7.497,45.957],[7.477,45.953],[7.471,45.948],[7.471,45.946],[7.474,45.944],[7.474,45.939],[7.468,45.935],[7.458,45.935],[7.455,45.932],[7.445,45.93],[7.438,45.926],[7.435,45.923],[7.435,45.921],[7.426,45.914],[7.416,45.912],[7.41,45.908],[7.4,45.91],[7.397,45.908],[7.397,45.905],[7.387,45.899],[7.377,45.899],[7.365,45.903],[7.358,45.908],[7.352,45.91],[7.352,45.912],[7.348,45.912],[7.345,45.914],[7.323,45.91],[7.313,45.917],[7.303,45.917],[7.294,45.921],[7.29,45.921],[7.29,45.919],[7.287,45.917],[7.287,45.914],[7.281,45.91],[7.281,45.907],[7.255,45.89],[7.252,45.89],[7.245,45.894],[7.239,45.89],[7.226,45.892],[7.22,45.887],[7.216,45.887],[7.2,45.876],[7.2,45.865],[7.194,45.86],[7.188,45.858],[7.185,45.86],[7.175,45.862],[7.162,45.871],[7.162,45.874],[7.152,45.878],[7.149,45.876],[7.139,45.876],[7.136,45.874],[7.136,45.871],[7.126,45.865],[7.123,45.865],[7.123,45.862],[7.12,45.86],[7.114,45.858],[7.104,45.858],[7.094,45.864],[7.094,45.869],[7.091,45.871],[7.091,45.876],[7.081,45.882],[7.081,45.885],[7.075,45.889],[7.075,45.894],[7.072,45.896],[7.068,45.896],[7.062,45.9],[7.062,45.912],[7.058,45.911],[7.046,45.92],[7.046,45.923],[7.042,45.925],[7.042,45.927],[7.039,45.929],[7.039,45.932],[7.033,45.938],[7.033,45.95],[7.036,45.952],[7.036,45.954],[7.023,45.956],[7.02,45.959],[7.016,45.959],[7.007,45.967],[7.007,45.972],[7.013,45.976],[7.013,45.979],[7.016,45.981],[7.016,45.983],[7.01,45.988],[7.01,45.999],[6.993,45.999],[6.987,46.003],[6.984,46.003],[6.98,46.006],[6.98,46.017],[6.974,46.021],[6.971,46.024],[6.971,46.026],[6.954,46.037],[6.955,46.039],[6.952,46.041],[6.954,46.045],[6.964,46.045],[6.964,46.048],[6.975,46.053],[6.976,46.055],[6.975,46.06],[6.977,46.061],[6.979,46.06],[6.978,46.048],[6.982,46.044],[6.977,46.035],[6.987,46.039],[6.993,46.039],[7.009,46.03],[7.012,46.03],[7.022,46.025],[7.026,46.028],[7.023,46.031],[7.022,46.037],[7.006,46.044],[7.012,46.046],[7.006,46.051],[7.005,46.055],[7.009,46.057],[7.019,46.057],[7.026,46.055],[7.032,46.058],[7.032,46.06],[7.041,46.062],[7.045,46.062],[7.047,46.06],[7.057,46.06],[7.051,46.052],[7.044,46.049],[7.05,46.044],[7.05,46.042],[7.058,46.045],[7.07,46.046],[7.076,46.04],[7.085,46.04],[7.077,46.033],[7.071,46.031],[7.064,46.031],[7.061,46.029],[7.062,46.024],[7.087,46.027],[7.093,46.03],[7.1,46.03],[7.106,46.027],[7.108,46.024],[7.099,46.02],[7.089,46.013],[7.094,46.008],[7.099,46.008],[7.103,46.01],[7.105,46.008],[7.106,46.006],[7.103,46.002],[7.104,45.999],[7.103,45.997],[7.093,45.997],[7.087,46.0],[7.08,46.0],[7.079,45.995],[7.075,45.992],[7.075,45.99],[7.081,45.99],[7.084,45.986],[7.093,45.981],[7.097,45.982],[7.102,45.979],[7.09,45.97],[7.092,45.966],[7.092,45.959],[7.087,45.954],[7.084,45.945],[7.071,45.946],[7.071,45.944],[7.074,45.943],[7.074,45.936],[7.086,45.93],[7.081,45.927],[7.081,45.924],[7.084,45.922],[7.087,45.924],[7.094,45.921],[7.09,45.914],[7.091,45.912],[7.097,45.915],[7.099,45.914],[7.1,45.911],[7.104,45.911],[7.113,45.906],[7.116,45.903],[7.117,45.896],[7.124,45.903],[7.124,45.907],[7.127,45.909],[7.127,45.912],[7.123,45.912],[7.122,45.914],[7.123,45.916],[7.12,45.918],[7.122,45.921],[7.113,45.925],[7.107,45.93],[7.11,45.934],[7.12,45.934],[7.117,45.939],[7.123,45.945],[7.127,45.945],[7.129,45.947],[7.123,45.954],[7.126,45.956],[7.132,45.956],[7.139,45.959],[7.133,45.97],[7.139,45.973],[7.14,45.977],[7.144,45.981],[7.143,45.984],[7.148,45.989],[7.15,45.988],[7.15,45.981],[7.155,45.981],[7.157,45.979],[7.157,45.972],[7.149,45.968],[7.152,45.966],[7.153,45.963],[7.148,45.96],[7.148,45.958],[7.155,45.957],[7.158,45.963],[7.165,45.967],[7.174,45.975],[7.177,45.974],[7.181,45.976],[7.19,45.97],[7.189,45.966],[7.19,45.964],[7.187,45.961],[7.19,45.959],[7.191,45.952],[7.199,45.941],[7.19,45.932],[7.188,45.928],[7.189,45.925],[7.192,45.923],[7.189,45.921],[7.192,45.919],[7.193,45.916],[7.193,45.907],[7.19,45.905],[7.191,45.903],[7.191,45.905],[7.197,45.909],[7.2,45.907],[7.203,45.916],[7.201,45.925],[7.21,45.934],[7.211,45.941],[7.213,45.943],[7.219,45.938],[7.229,45.934],[7.242,45.936],[7.243,45.941],[7.239,45.944],[7.232,45.943],[7.224,45.946],[7.223,45.95],[7.219,45.953],[7.218,45.957],[7.221,45.959],[7.22,45.966],[7.223,45.968],[7.223,45.971],[7.22,45.973],[7.22,45.975],[7.223,45.977],[7.227,45.977],[7.227,45.982],[7.224,45.984],[7.216,45.984],[7.211,45.986],[7.21,45.988],[7.213,45.989],[7.216,45.995],[7.201,45.997],[7.201,46.002],[7.208,46.006],[7.208,46.009],[7.203,46.012],[7.2,46.012],[7.197,46.017],[7.19,46.02],[7.19,46.022],[7.193,46.024],[7.192,46.027],[7.194,46.029],[7.189,46.036],[7.184,46.036],[7.18,46.038],[7.173,46.044],[7.173,46.047],[7.177,46.048],[7.18,46.047],[7.181,46.049],[7.178,46.053],[7.18,46.055],[7.187,46.055],[7.189,46.054],[7.189,46.051],[7.206,46.048],[7.206,46.042],[7.209,46.039],[7.213,46.038],[7.212,46.036],[7.213,46.034],[7.222,46.031],[7.226,46.031],[7.228,46.036],[7.232,46.039],[7.238,46.037],[7.242,46.038],[7.24,46.042],[7.245,46.043],[7.258,46.039],[7.268,46.038],[7.271,46.039],[7.277,46.037],[7.279,46.036],[7.277,46.033],[7.287,46.026],[7.284,46.029],[7.287,46.031],[7.291,46.031],[7.293,46.033],[7.3,46.032],[7.306,46.033],[7.316,46.025],[7.322,46.023],[7.329,46.018],[7.333,46.013],[7.332,46.008],[7.335,46.011],[7.338,46.009],[7.342,46.01],[7.343,46.011],[7.34,46.013],[7.342,46.014],[7.342,46.016],[7.346,46.018],[7.342,46.018],[7.339,46.02],[7.338,46.024],[7.339,46.027],[7.326,46.033],[7.327,46.036],[7.322,46.036],[7.313,46.04],[7.315,46.042],[7.314,46.045],[7.309,46.045],[7.306,46.043],[7.301,46.047],[7.3,46.05],[7.297,46.049],[7.291,46.051],[7.29,46.055],[7.281,46.06],[7.282,46.063],[7.285,46.065],[7.284,46.068],[7.277,46.071],[7.271,46.071],[7.264,46.075],[7.261,46.079],[7.254,46.08],[7.252,46.083],[7.253,46.087],[7.244,46.092],[7.245,46.097],[7.251,46.098],[7.249,46.101],[7.25,46.108],[7.245,46.112],[7.245,46.115],[7.235,46.118],[7.228,46.116],[7.216,46.116],[7.203,46.118],[7.199,46.113],[7.193,46.116],[7.194,46.121],[7.193,46.123],[7.2,46.125],[7.205,46.128],[7.205,46.13],[7.215,46.132],[7.217,46.135],[7.225,46.137],[7.235,46.135],[7.237,46.132],[7.248,46.129],[7.262,46.121],[7.264,46.123],[7.258,46.13],[7.259,46.132],[7.257,46.135],[7.258,46.137],[7.264,46.139],[7.267,46.136],[7.274,46.137],[7.28,46.135],[7.281,46.137],[7.279,46.141],[7.288,46.15],[7.287,46.155],[7.278,46.159],[7.275,46.164],[7.277,46.167],[7.287,46.168],[7.29,46.17],[7.299,46.166],[7.303,46.162],[7.301,46.159],[7.304,46.157],[7.306,46.15],[7.309,46.146],[7.308,46.141],[7.309,46.136],[7.312,46.135],[7.306,46.13],[7.311,46.132],[7.312,46.134],[7.319,46.13],[7.317,46.132],[7.321,46.135],[7.323,46.139],[7.322,46.14],[7.319,46.138],[7.316,46.139],[7.317,46.141],[7.325,46.145],[7.329,46.151],[7.332,46.15],[7.336,46.153],[7.33,46.159],[7.33,46.162],[7.335,46.163],[7.338,46.166],[7.343,46.166],[7.346,46.171],[7.358,46.171],[7.363,46.18],[7.36,46.184],[7.361,46.186],[7.371,46.188],[7.378,46.182],[7.373,46.173],[7.372,46.159],[7.376,46.157],[7.376,46.153],[7.374,46.15],[7.377,46.146],[7.379,46.139],[7.377,46.138],[7.374,46.14],[7.373,46.139],[7.375,46.137],[7.374,46.135],[7.376,46.132],[7.38,46.13],[7.38,46.126],[7.385,46.123],[7.386,46.112],[7.391,46.108],[7.389,46.105],[7.396,46.099],[7.398,46.092],[7.4,46.091],[7.403,46.095],[7.41,46.092],[7.41,46.106],[7.412,46.11],[7.406,46.114],[7.405,46.117],[7.41,46.121],[7.405,46.126],[7.41,46.132],[7.413,46.132],[7.416,46.135],[7.413,46.141],[7.409,46.141],[7.408,46.144],[7.413,46.144],[7.412,46.15],[7.413,46.151],[7.419,46.151],[7.426,46.148],[7.429,46.149],[7.439,46.145],[7.441,46.139],[7.439,46.137],[7.445,46.133],[7.456,46.13],[7.455,46.126],[7.458,46.123],[7.458,46.121],[7.454,46.117],[7.455,46.114],[7.454,46.112],[7.458,46.114],[7.468,46.114],[7.477,46.107],[7.481,46.107],[7.482,46.105],[7.484,46.105],[7.49,46.099],[7.489,46.096],[7.487,46.096],[7.486,46.094],[7.487,46.091],[7.492,46.088],[7.482,46.079],[7.486,46.076],[7.486,46.074],[7.483,46.07],[7.483,46.065],[7.481,46.063],[7.478,46.063],[7.481,46.056],[7.474,46.053],[7.469,46.054],[7.473,46.049],[7.479,46.047],[7.482,46.04],[7.479,46.036],[7.477,46.029],[7.471,46.025],[7.473,46.022],[7.481,46.021],[7.481,46.019],[7.477,46.019],[7.477,46.015],[7.484,46.016],[7.487,46.013],[7.494,46.01],[7.495,46.011],[7.494,46.012],[7.484,46.018],[7.49,46.025],[7.491,46.029],[7.494,46.031],[7.491,46.034],[7.494,46.036],[7.5,46.054],[7.497,46.056],[7.497,46.067],[7.493,46.07],[7.503,46.074],[7.51,46.075],[7.519,46.073],[7.529,46.073],[7.536,46.069],[7.542,46.063],[7.545,46.064],[7.552,46.059],[7.56,46.06],[7.562,46.063],[7.552,46.065],[7.551,46.067],[7.553,46.069],[7.552,46.072],[7.549,46.072],[7.542,46.078],[7.546,46.081],[7.546,46.083],[7.542,46.085],[7.542,46.088],[7.536,46.084],[7.53,46.09],[7.528,46.094],[7.528,46.101],[7.526,46.103],[7.529,46.105],[7.524,46.108],[7.524,46.112],[7.518,46.117],[7.516,46.121],[7.509,46.123],[7.507,46.128],[7.5,46.13],[7.5,46.132],[7.505,46.137],[7.5,46.14],[7.49,46.138],[7.482,46.146],[7.49,46.152],[7.494,46.153],[7.487,46.157],[7.479,46.159],[7.479,46.162],[7.474,46.169],[7.471,46.168],[7.47,46.171],[7.472,46.173],[7.468,46.177],[7.458,46.182],[7.458,46.184],[7.461,46.185],[7.463,46.189],[7.471,46.196],[7.474,46.202],[7.468,46.207],[7.456,46.209],[7.454,46.218],[7.469,46.22],[7.471,46.223],[7.475,46.225],[7.474,46.228],[7.484,46.231],[7.486,46.229],[7.49,46.23],[7.494,46.228],[7.493,46.225],[7.5,46.218],[7.499,46.216],[7.507,46.217],[7.51,46.215],[7.523,46.226],[7.526,46.226],[7.519,46.234],[7.521,46.238],[7.526,46.24],[7.532,46.236],[7.542,46.234],[7.544,46.229],[7.55,46.225],[7.55,46.22],[7.553,46.218],[7.552,46.215],[7.555,46.215],[7.561,46.211],[7.562,46.209],[7.558,46.207],[7.564,46.204],[7.565,46.2],[7.562,46.198],[7.562,46.195],[7.567,46.193],[7.567,46.189],[7.559,46.184],[7.562,46.177],[7.555,46.175],[7.561,46.173],[7.561,46.171],[7.557,46.168],[7.558,46.162],[7.569,46.164],[7.567,46.166],[7.568,46.168],[7.571,46.168],[7.575,46.173],[7.578,46.172],[7.581,46.174],[7.584,46.174],[7.59,46.171],[7.591,46.169],[7.597,46.168],[7.603,46.164],[7.606,46.159],[7.613,46.153],[7.612,46.148],[7.615,46.144],[7.615,46.141],[7.618,46.139],[7.619,46.135],[7.617,46.13],[7.623,46.121],[7.623,46.116],[7.626,46.11],[7.629,46.108],[7.633,46.11],[7.635,46.108],[7.633,46.103],[7.636,46.101],[7.635,46.096],[7.636,46.096],[7.642,46.1],[7.665,46.103],[7.662,46.105],[7.658,46.104],[7.655,46.106],[7.649,46.104],[7.642,46.104],[7.639,46.107],[7.64,46.114],[7.637,46.117],[7.637,46.119],[7.639,46.123],[7.646,46.126],[7.64,46.128],[7.645,46.132],[7.641,46.137],[7.643,46.139],[7.642,46.144],[7.641,46.146],[7.634,46.15],[7.633,46.158],[7.629,46.162],[7.631,46.168],[7.634,46.171],[7.629,46.171],[7.626,46.169],[7.619,46.175],[7.63,46.182],[7.62,46.186],[7.617,46.189],[7.612,46.2],[7.615,46.207],[7.608,46.211],[7.61,46.214],[7.614,46.215],[7.63,46.216],[7.627,46.221],[7.62,46.222],[7.619,46.225],[7.621,46.227],[7.62,46.228],[7.61,46.229],[7.604,46.236],[7.597,46.237],[7.596,46.24],[7.601,46.247],[7.607,46.249],[7.606,46.254],[7.591,46.258],[7.594,46.26],[7.598,46.26],[7.594,46.262],[7.592,46.265],[7.598,46.269],[7.597,46.274],[7.624,46.274],[7.627,46.271],[7.633,46.27],[7.638,46.276],[7.643,46.278],[7.656,46.275],[7.682,46.276],[7.688,46.272],[7.691,46.267],[7.695,46.267],[7.698,46.263],[7.697,46.258],[7.701,46.256],[7.698,46.252],[7.697,46.254],[7.694,46.254],[7.703,46.249],[7.704,46.244],[7.707,46.242],[7.705,46.231],[7.707,46.229],[7.704,46.227],[7.706,46.222],[7.701,46.218],[7.701,46.215],[7.694,46.211],[7.693,46.204],[7.695,46.203],[7.698,46.209],[7.708,46.219],[7.711,46.227],[7.718,46.227],[7.717,46.232],[7.719,46.233],[7.719,46.236],[7.717,46.238],[7.721,46.239],[7.723,46.242],[7.721,46.247],[7.723,46.249],[7.717,46.252],[7.717,46.254],[7.721,46.256],[7.728,46.256],[7.729,46.258],[7.727,46.267],[7.729,46.269],[7.729,46.272],[7.721,46.276],[7.722,46.278],[7.737,46.283],[7.751,46.283],[7.762,46.276],[7.762,46.271],[7.769,46.273],[7.771,46.271],[7.769,46.267],[7.772,46.265],[7.773,46.258],[7.783,46.262],[7.789,46.267],[7.793,46.267],[7.795,46.262],[7.799,46.264],[7.802,46.262],[7.805,46.264],[7.81,46.262],[7.814,46.258],[7.823,46.258],[7.826,46.256],[7.824,46.254],[7.824,46.244],[7.827,46.242],[7.828,46.236],[7.821,46.232],[7.811,46.232],[7.813,46.224],[7.811,46.223],[7.808,46.226],[7.802,46.227],[7.798,46.225],[7.797,46.22],[7.795,46.218],[7.789,46.218],[7.788,46.217],[7.792,46.214],[7.798,46.214],[7.806,46.211],[7.795,46.202],[7.788,46.204],[7.782,46.2],[7.781,46.199],[7.784,46.195],[7.788,46.193],[7.785,46.19],[7.775,46.186],[7.783,46.184],[7.779,46.179],[7.775,46.18],[7.772,46.179],[7.769,46.175],[7.766,46.175],[7.769,46.172],[7.775,46.172],[7.778,46.17],[7.771,46.166],[7.77,46.163],[7.765,46.161],[7.767,46.157],[7.775,46.156],[7.777,46.154],[7.775,46.15],[7.768,46.146],[7.767,46.141],[7.769,46.139],[7.778,46.141],[7.781,46.139],[7.775,46.137],[7.768,46.132],[7.772,46.134],[7.777,46.13],[7.764,46.125],[7.763,46.123],[7.765,46.121],[7.769,46.122],[7.771,46.119],[7.768,46.117],[7.762,46.118],[7.756,46.117],[7.752,46.112],[7.758,46.11],[7.759,46.105],[7.764,46.103],[7.762,46.101],[7.762,46.098],[7.765,46.096],[7.765,46.094],[7.762,46.092],[7.759,46.093],[7.755,46.092],[7.755,46.089],[7.746,46.084],[7.741,46.083],[7.738,46.08],[7.746,46.078],[7.749,46.08],[7.755,46.08],[7.762,46.078],[7.764,46.076],[7.761,46.074],[7.76,46.071],[7.761,46.067],[7.758,46.065],[7.752,46.065],[7.754,46.062],[7.758,46.06],[7.755,46.057],[7.751,46.056],[7.753,46.053],[7.751,46.051],[7.751,46.047],[7.749,46.045],[7.744,46.047],[7.737,46.042],[7.741,46.04],[7.739,46.038],[7.742,46.035],[7.736,46.033],[7.721,46.033],[7.724,46.029],[7.732,46.024],[7.723,46.02],[7.722,46.017],[7.709,46.015],[7.697,46.018],[7.694,46.016],[7.684,46.016],[7.681,46.013],[7.671,46.013],[7.668,46.011],[7.674,46.007],[7.7,46.009],[7.707,46.007],[7.713,46.003],[7.719,46.003],[7.721,46.002],[7.72,45.997],[7.717,45.993],[7.723,45.994],[7.725,45.993],[7.725,45.99],[7.735,45.987],[7.742,45.98],[7.748,45.98],[7.752,45.976],[7.771,45.978],[7.781,45.977],[7.797,45.978],[7.798,45.979],[7.797,45.98],[7.79,45.98],[7.787,45.982],[7.755,45.982],[7.745,45.987],[7.74,45.993],[7.733,45.995],[7.742,45.999],[7.753,45.999],[7.756,46.002],[7.75,46.006],[7.752,46.009],[7.758,46.009],[7.767,46.006],[7.765,46.008],[7.768,46.01],[7.784,46.009],[7.79,46.011],[7.794,46.01],[7.796,46.015],[7.794,46.016],[7.771,46.019],[7.765,46.018],[7.763,46.02],[7.765,46.022],[7.771,46.02],[7.778,46.024],[7.776,46.026],[7.778,46.033],[7.776,46.035],[7.775,46.042],[7.778,46.044],[7.778,46.047],[7.789,46.051],[7.791,46.054],[7.795,46.053],[7.794,46.058],[7.791,46.06],[7.794,46.064],[7.8,46.061],[7.807,46.061],[7.81,46.058],[7.814,46.058],[7.813,46.055],[7.82,46.054],[7.826,46.05],[7.829,46.051],[7.822,46.058],[7.816,46.06],[7.827,46.069],[7.824,46.071],[7.82,46.071],[7.813,46.068],[7.813,46.071],[7.811,46.073],[7.803,46.076],[7.801,46.083],[7.797,46.083],[7.793,46.087],[7.797,46.088],[7.81,46.086],[7.818,46.091],[7.807,46.092],[7.801,46.098],[7.804,46.1],[7.807,46.099],[7.81,46.101],[7.814,46.101],[7.815,46.103],[7.814,46.105],[7.803,46.109],[7.804,46.111],[7.814,46.112],[7.819,46.116],[7.819,46.118],[7.811,46.121],[7.811,46.123],[7.817,46.124],[7.819,46.127],[7.811,46.128],[7.808,46.13],[7.814,46.132],[7.815,46.134],[7.814,46.138],[7.812,46.139],[7.816,46.141],[7.815,46.145],[7.807,46.15],[7.821,46.152],[7.819,46.154],[7.819,46.157],[7.821,46.157],[7.821,46.163],[7.817,46.168],[7.821,46.169],[7.828,46.166],[7.827,46.161],[7.828,46.159],[7.826,46.157],[7.827,46.156],[7.834,46.161],[7.835,46.157],[7.842,46.154],[7.846,46.154],[7.846,46.156],[7.842,46.159],[7.845,46.163],[7.842,46.168],[7.846,46.172],[7.843,46.175],[7.837,46.177],[7.839,46.179],[7.844,46.179],[7.844,46.181],[7.849,46.183],[7.851,46.188],[7.855,46.19],[7.856,46.194],[7.866,46.197],[7.867,46.199],[7.866,46.201],[7.869,46.202],[7.875,46.199],[7.875,46.195],[7.877,46.192],[7.872,46.19],[7.873,46.187],[7.876,46.186],[7.885,46.189],[7.887,46.188],[7.887,46.186],[7.885,46.185],[7.885,46.18],[7.887,46.179],[7.877,46.177],[7.881,46.174],[7.878,46.172],[7.879,46.17],[7.882,46.169],[7.895,46.174],[7.901,46.17],[7.902,46.167],[7.905,46.167],[7.906,46.165],[7.904,46.163],[7.905,46.161],[7.908,46.16],[7.914,46.154],[7.914,46.152],[7.909,46.147],[7.912,46.14],[7.91,46.138],[7.914,46.138],[7.917,46.136],[7.917,46.134],[7.912,46.129],[7.917,46.128],[7.921,46.125],[7.92,46.12],[7.917,46.116],[7.904,46.119],[7.901,46.117],[7.901,46.113],[7.905,46.116],[7.91,46.111],[7.906,46.107],[7.894,46.102],[7.891,46.099],[7.891,46.097],[7.904,46.101],[7.907,46.1],[7.907,46.097],[7.914,46.096],[7.933,46.105],[7.937,46.104],[7.942,46.1],[7.943,46.097],[7.946,46.097],[7.951,46.091],[7.947,46.089],[7.951,46.08],[7.95,46.073],[7.952,46.071],[7.951,46.064],[7.952,46.063],[7.962,46.066],[7.96,46.068],[7.962,46.072],[7.962,46.08],[7.969,46.081],[7.972,46.079],[7.976,46.079],[7.978,46.081],[7.982,46.08],[7.983,46.082],[7.972,46.082],[7.967,46.086],[7.969,46.089],[7.977,46.091],[7.976,46.093],[7.966,46.098],[7.966,46.1],[7.969,46.102],[7.973,46.102],[7.975,46.105],[7.985,46.105],[7.988,46.107],[7.982,46.107],[7.975,46.11],[7.966,46.109],[7.954,46.111],[7.954,46.116],[7.951,46.12],[7.952,46.125],[7.948,46.131],[7.957,46.136],[7.957,46.14],[7.951,46.14],[7.951,46.145],[7.948,46.147],[7.946,46.152],[7.95,46.154],[7.944,46.158],[7.945,46.161],[7.944,46.163],[7.939,46.167],[7.941,46.172],[7.931,46.177],[7.924,46.177],[7.921,46.179],[7.928,46.18],[7.931,46.183],[7.931,46.185],[7.924,46.188],[7.927,46.19],[7.927,46.192],[7.926,46.197],[7.922,46.199],[7.929,46.203],[7.925,46.208],[7.927,46.212],[7.925,46.215],[7.921,46.215],[7.918,46.217],[7.912,46.227],[7.91,46.228],[7.915,46.23],[7.921,46.229],[7.922,46.23],[7.92,46.235],[7.922,46.236],[7.928,46.234],[7.933,46.237],[7.932,46.242],[7.929,46.244],[7.929,46.246],[7.932,46.248],[7.932,46.251],[7.929,46.255],[7.933,46.26],[7.933,46.269],[7.929,46.271],[7.928,46.276],[7.924,46.278],[7.932,46.281],[7.934,46.28],[7.938,46.273],[7.941,46.271],[7.941,46.269],[7.947,46.264],[7.943,46.257],[7.944,46.248],[7.949,46.242],[7.95,46.237],[7.956,46.233],[7.957,46.227],[7.96,46.229],[7.964,46.228],[7.964,46.233],[7.958,46.239],[7.96,46.243],[7.964,46.243],[7.963,46.246],[7.964,46.249],[7.962,46.25],[7.965,46.253],[7.965,46.255],[7.962,46.264],[7.971,46.275],[7.969,46.282],[7.974,46.286],[7.979,46.286],[7.976,46.291],[7.977,46.292],[7.993,46.29],[8.0,46.288],[8.002,46.286],[7.997,46.284],[7.996,46.282],[7.997,46.277],[7.995,46.271],[7.996,46.27],[8.013,46.273],[8.022,46.273],[8.028,46.264],[8.022,46.256],[8.025,46.257],[8.032,46.254],[8.035,46.256],[8.048,46.253],[8.052,46.255],[8.052,46.257],[8.049,46.259],[8.053,46.261],[8.05,46.264],[8.048,46.264],[8.045,46.268],[8.045,46.281],[8.053,46.279],[8.052,46.284],[8.061,46.282],[8.062,46.284],[8.059,46.286],[8.059,46.288],[8.062,46.291],[8.069,46.29],[8.071,46.292],[8.075,46.292],[8.078,46.29],[8.081,46.292],[8.084,46.291],[8.089,46.293],[8.085,46.297],[8.085,46.299],[8.088,46.302],[8.078,46.302],[8.072,46.308],[8.075,46.311],[8.075,46.313],[8.068,46.314],[8.067,46.308],[8.065,46.307],[8.058,46.31],[8.048,46.311],[8.055,46.313],[8.059,46.319],[8.053,46.322],[8.05,46.329],[8.051,46.331],[8.068,46.333],[8.069,46.338],[8.066,46.34],[8.069,46.343],[8.078,46.34],[8.082,46.342],[8.083,46.344],[8.08,46.351],[8.082,46.352],[8.085,46.353],[8.092,46.351],[8.095,46.356],[8.098,46.357],[8.114,46.351],[8.119,46.362],[8.124,46.366],[8.131,46.364],[8.134,46.368],[8.137,46.366],[8.141,46.366],[8.144,46.368],[8.147,46.365],[8.153,46.365],[8.154,46.364],[8.15,46.36],[8.147,46.36],[8.157,46.359],[8.16,46.357],[8.156,46.354],[8.156,46.352],[8.162,46.351],[8.164,46.348],[8.156,46.347],[8.15,46.351],[8.147,46.349],[8.14,46.349],[8.141,46.344],[8.136,46.339],[8.133,46.338],[8.133,46.336],[8.143,46.342],[8.153,46.343],[8.16,46.341],[8.162,46.339],[8.159,46.336],[8.159,46.334],[8.163,46.334],[8.166,46.332],[8.168,46.335],[8.179,46.337],[8.184,46.335],[8.185,46.333],[8.194,46.332],[8.189,46.339],[8.192,46.341],[8.196,46.341],[8.198,46.344],[8.189,46.345],[8.184,46.348],[8.186,46.35],[8.189,46.35],[8.19,46.353],[8.187,46.355],[8.189,46.358],[8.194,46.357],[8.193,46.359],[8.194,46.362],[8.199,46.364],[8.202,46.363],[8.205,46.366],[8.212,46.367],[8.215,46.363],[8.218,46.365],[8.222,46.365],[8.225,46.369],[8.231,46.372],[8.235,46.372],[8.244,46.377],[8.248,46.377],[8.245,46.38],[8.238,46.38],[8.225,46.377],[8.216,46.382],[8.207,46.384],[8.205,46.384],[8.205,46.382],[8.202,46.38],[8.196,46.383],[8.189,46.38],[8.176,46.38],[8.175,46.384],[8.177,46.386],[8.173,46.393],[8.176,46.395],[8.178,46.393],[8.183,46.392],[8.191,46.393],[8.208,46.402],[8.199,46.402],[8.196,46.4],[8.192,46.4],[8.19,46.398],[8.186,46.398],[8.183,46.403],[8.176,46.409],[8.186,46.409],[8.187,46.411],[8.184,46.413],[8.187,46.417],[8.193,46.414],[8.196,46.416],[8.194,46.42],[8.196,46.423],[8.2,46.423],[8.202,46.42],[8.205,46.42],[8.207,46.422],[8.204,46.427],[8.206,46.429],[8.216,46.425],[8.215,46.433],[8.217,46.436],[8.219,46.437],[8.226,46.434],[8.225,46.44],[8.229,46.444],[8.232,46.444],[8.239,46.439],[8.244,46.44],[8.237,46.449],[8.239,46.451],[8.242,46.45],[8.252,46.456],[8.255,46.451],[8.267,46.442],[8.27,46.438],[8.268,46.435],[8.281,46.437],[8.286,46.44],[8.281,46.444],[8.281,46.447],[8.272,46.453],[8.266,46.46],[8.264,46.467],[8.265,46.468],[8.269,46.466],[8.272,46.462],[8.276,46.462],[8.277,46.464],[8.272,46.469],[8.272,46.471],[8.275,46.475],[8.282,46.477],[8.286,46.476],[8.291,46.471],[8.291,46.469],[8.298,46.468],[8.304,46.464],[8.302,46.469],[8.297,46.473],[8.291,46.482],[8.292,46.484],[8.295,46.484],[8.298,46.488],[8.302,46.49],[8.308,46.49],[8.309,46.493],[8.315,46.497],[8.324,46.499],[8.331,46.498],[8.338,46.501],[8.343,46.498],[8.344,46.495],[8.353,46.491],[8.354,46.489],[8.361,46.489],[8.367,46.486],[8.366,46.484],[8.369,46.484],[8.37,46.489],[8.365,46.491],[8.365,46.495],[8.357,46.498],[8.358,46.5],[8.354,46.5],[8.347,46.505],[8.344,46.505],[8.336,46.509],[8.341,46.514],[8.348,46.515],[8.347,46.518],[8.348,46.52],[8.354,46.522],[8.356,46.529],[8.358,46.53],[8.37,46.527],[8.377,46.521],[8.383,46.519],[8.387,46.52],[8.375,46.527],[8.38,46.532],[8.384,46.531],[8.393,46.524],[8.397,46.524],[8.4,46.522],[8.406,46.521],[8.413,46.523],[8.413,46.527],[8.409,46.526],[8.381,46.541],[8.377,46.541],[8.374,46.539],[8.372,46.54],[8.371,46.547],[8.375,46.554],[8.371,46.553],[8.368,46.554],[8.355,46.561],[8.355,46.563],[8.361,46.567],[8.364,46.567],[8.366,46.57],[8.372,46.569],[8.378,46.571],[8.384,46.573],[8.384,46.576],[8.378,46.577],[8.375,46.574],[8.365,46.575],[8.362,46.574],[8.355,46.564],[8.35,46.563],[8.354,46.556],[8.357,46.554],[8.355,46.551],[8.351,46.551],[8.351,46.549],[8.345,46.545],[8.333,46.541],[8.332,46.539],[8.328,46.538],[8.325,46.534],[8.318,46.532],[8.312,46.533],[8.312,46.527],[8.305,46.523],[8.299,46.526],[8.296,46.524],[8.292,46.524],[8.294,46.518],[8.292,46.517],[8.282,46.52],[8.282,46.514],[8.279,46.512],[8.276,46.512],[8.266,46.518],[8.266,46.508],[8.269,46.505],[8.266,46.503],[8.263,46.505],[8.256,46.505],[8.252,46.507],[8.24,46.519],[8.234,46.521],[8.239,46.516],[8.239,46.514],[8.237,46.512],[8.233,46.512],[8.242,46.505],[8.246,46.494],[8.243,46.491],[8.232,46.49],[8.227,46.484],[8.22,46.492],[8.217,46.493],[8.216,46.492],[8.219,46.487],[8.216,46.483],[8.217,46.476],[8.21,46.474],[8.204,46.476],[8.201,46.481],[8.194,46.483],[8.191,46.486],[8.188,46.485],[8.193,46.483],[8.192,46.476],[8.196,46.465],[8.194,46.462],[8.19,46.464],[8.187,46.463],[8.188,46.458],[8.181,46.459],[8.179,46.458],[8.18,46.452],[8.172,46.449],[8.171,46.446],[8.161,46.444],[8.158,46.448],[8.151,46.453],[8.148,46.453],[8.145,46.457],[8.142,46.458],[8.138,46.464],[8.131,46.465],[8.13,46.468],[8.136,46.472],[8.135,46.476],[8.129,46.473],[8.125,46.475],[8.122,46.471],[8.122,46.463],[8.125,46.459],[8.118,46.452],[8.124,46.448],[8.123,46.445],[8.124,46.443],[8.114,46.439],[8.114,46.436],[8.118,46.436],[8.12,46.434],[8.118,46.43],[8.11,46.427],[8.111,46.423],[8.11,46.421],[8.113,46.418],[8.112,46.416],[8.108,46.415],[8.105,46.417],[8.102,46.412],[8.102,46.409],[8.085,46.403],[8.086,46.4],[8.082,46.398],[8.072,46.395],[8.067,46.396],[8.066,46.398],[8.07,46.401],[8.072,46.405],[8.069,46.406],[8.053,46.397],[8.046,46.392],[8.045,46.389],[8.033,46.388],[8.02,46.383],[8.018,46.385],[8.021,46.387],[8.02,46.39],[8.021,46.392],[8.017,46.395],[8.02,46.394],[8.027,46.396],[8.025,46.399],[8.027,46.4],[8.037,46.399],[8.036,46.403],[8.037,46.404],[8.043,46.407],[8.047,46.407],[8.05,46.41],[8.053,46.41],[8.06,46.414],[8.06,46.419],[8.053,46.419],[8.05,46.421],[8.04,46.417],[8.037,46.418],[8.034,46.415],[8.03,46.414],[8.029,46.41],[8.024,46.408],[8.017,46.408],[8.004,46.414],[8.004,46.41],[8.008,46.408],[8.006,46.403],[7.993,46.403],[7.994,46.399],[7.988,46.39],[7.988,46.388],[7.994,46.381],[7.984,46.381],[7.969,46.372],[7.958,46.363],[7.963,46.363],[7.962,46.361],[7.963,46.358],[7.959,46.352],[7.959,46.349],[7.962,46.349],[7.964,46.347],[7.958,46.34],[7.955,46.339],[7.952,46.34],[7.952,46.343],[7.949,46.345],[7.949,46.351],[7.946,46.354],[7.946,46.358],[7.942,46.363],[7.942,46.368],[7.938,46.37],[7.939,46.373],[7.936,46.372],[7.933,46.374],[7.929,46.372],[7.923,46.373],[7.922,46.372],[7.925,46.368],[7.925,46.365],[7.928,46.363],[7.926,46.359],[7.927,46.356],[7.925,46.354],[7.929,46.352],[7.928,46.347],[7.931,46.345],[7.928,46.343],[7.932,46.341],[7.929,46.338],[7.929,46.336],[7.932,46.334],[7.922,46.33],[7.916,46.339],[7.903,46.333],[7.896,46.337],[7.89,46.337],[7.888,46.339],[7.897,46.344],[7.897,46.35],[7.893,46.35],[7.891,46.352],[7.897,46.359],[7.89,46.358],[7.883,46.363],[7.88,46.368],[7.883,46.372],[7.883,46.377],[7.879,46.377],[7.867,46.369],[7.867,46.367],[7.869,46.366],[7.865,46.361],[7.873,46.359],[7.865,46.35],[7.87,46.345],[7.865,46.341],[7.864,46.337],[7.862,46.336],[7.854,46.336],[7.855,46.341],[7.848,46.343],[7.841,46.342],[7.84,46.343],[7.843,46.345],[7.839,46.352],[7.838,46.357],[7.837,46.354],[7.834,46.354],[7.833,46.357],[7.835,46.365],[7.838,46.365],[7.836,46.368],[7.83,46.366],[7.831,46.361],[7.825,46.359],[7.827,46.357],[7.826,46.354],[7.82,46.354],[7.819,46.352],[7.824,46.35],[7.822,46.345],[7.812,46.343],[7.805,46.348],[7.799,46.349],[7.796,46.344],[7.789,46.344],[7.786,46.342],[7.767,46.343],[7.772,46.348],[7.773,46.351],[7.776,46.35],[7.775,46.352],[7.778,46.355],[7.778,46.357],[7.772,46.359],[7.77,46.364],[7.78,46.368],[7.769,46.373],[7.769,46.377],[7.766,46.379],[7.768,46.384],[7.773,46.389],[7.777,46.388],[7.777,46.391],[7.79,46.398],[7.793,46.397],[7.799,46.401],[7.806,46.399],[7.803,46.402],[7.806,46.407],[7.813,46.409],[7.816,46.408],[7.819,46.414],[7.823,46.413],[7.823,46.415],[7.826,46.418],[7.832,46.42],[7.839,46.425],[7.842,46.425],[7.845,46.428],[7.855,46.429],[7.862,46.435],[7.868,46.436],[7.871,46.439],[7.884,46.444],[7.874,46.444],[7.873,46.447],[7.87,46.447],[7.868,46.445],[7.858,46.445],[7.855,46.442],[7.851,46.442],[7.845,46.445],[7.842,46.443],[7.839,46.445],[7.842,46.439],[7.844,46.438],[7.842,46.436],[7.829,46.436],[7.826,46.434],[7.822,46.434],[7.819,46.436],[7.815,46.433],[7.815,46.429],[7.813,46.428],[7.809,46.43],[7.796,46.423],[7.787,46.421],[7.777,46.413],[7.77,46.413],[7.764,46.41],[7.754,46.408],[7.745,46.409],[7.742,46.404],[7.746,46.402],[7.744,46.4],[7.741,46.4],[7.74,46.397],[7.737,46.395],[7.742,46.391],[7.741,46.388],[7.734,46.382],[7.744,46.382],[7.743,46.379],[7.74,46.377],[7.739,46.373],[7.742,46.37],[7.741,46.368],[7.744,46.364],[7.737,46.36],[7.738,46.357],[7.731,46.351],[7.731,46.348],[7.734,46.346],[7.731,46.341],[7.728,46.344],[7.728,46.346],[7.711,46.343],[7.705,46.34],[7.698,46.342],[7.696,46.346],[7.685,46.348],[7.682,46.348],[7.676,46.344],[7.672,46.344],[7.669,46.342],[7.663,46.343],[7.659,46.347],[7.656,46.346],[7.653,46.348],[7.656,46.35],[7.655,46.355],[7.65,46.358],[7.647,46.357],[7.641,46.359],[7.647,46.365],[7.647,46.367],[7.637,46.365],[7.634,46.366],[7.635,46.368],[7.632,46.371],[7.64,46.375],[7.645,46.386],[7.648,46.389],[7.66,46.393],[7.658,46.395],[7.66,46.396],[7.66,46.4],[7.656,46.396],[7.65,46.395],[7.648,46.4],[7.642,46.4],[7.64,46.398],[7.617,46.398],[7.61,46.393],[7.61,46.389],[7.612,46.386],[7.61,46.384],[7.611,46.382],[7.608,46.38],[7.604,46.382],[7.606,46.377],[7.6,46.378],[7.601,46.375],[7.595,46.371],[7.591,46.371],[7.591,46.366],[7.596,46.362],[7.594,46.357],[7.594,46.351],[7.599,46.346],[7.604,46.344],[7.601,46.342],[7.595,46.342],[7.588,46.345],[7.58,46.344],[7.578,46.342],[7.569,46.345],[7.562,46.344],[7.56,46.346],[7.563,46.348],[7.555,46.353],[7.539,46.356],[7.538,46.344],[7.536,46.342],[7.533,46.346],[7.53,46.344],[7.519,46.344],[7.517,46.341],[7.513,46.34],[7.507,46.343],[7.5,46.335],[7.484,46.335],[7.484,46.33],[7.481,46.328],[7.474,46.329],[7.465,46.326],[7.459,46.33],[7.46,46.333],[7.465,46.334],[7.469,46.337],[7.47,46.344],[7.468,46.347],[7.458,46.342],[7.455,46.342],[7.452,46.344],[7.453,46.351],[7.452,46.353],[7.448,46.352],[7.442,46.353],[7.439,46.356],[7.433,46.357],[7.433,46.36],[7.427,46.36],[7.424,46.353],[7.432,46.348],[7.432,46.346],[7.428,46.342],[7.437,46.337],[7.438,46.335],[7.435,46.333],[7.422,46.324],[7.413,46.324],[7.412,46.321],[7.406,46.318],[7.402,46.31],[7.4,46.309],[7.387,46.306],[7.377,46.313],[7.373,46.312],[7.37,46.313],[7.369,46.303],[7.361,46.301],[7.358,46.297],[7.348,46.295],[7.345,46.297],[7.343,46.301],[7.338,46.303],[7.336,46.306],[7.339,46.308],[7.341,46.312],[7.335,46.315],[7.332,46.316],[7.327,46.315],[7.322,46.311],[7.315,46.314],[7.315,46.319],[7.296,46.32],[7.294,46.317],[7.297,46.315],[7.295,46.312],[7.306,46.306],[7.309,46.303],[7.31,46.299],[7.303,46.297],[7.305,46.292],[7.299,46.287],[7.289,46.285],[7.291,46.281],[7.288,46.276],[7.28,46.272],[7.277,46.268],[7.27,46.265],[7.267,46.26],[7.264,46.259],[7.259,46.263],[7.261,46.267],[7.257,46.27],[7.258,46.274],[7.254,46.281],[7.245,46.287],[7.248,46.29],[7.247,46.294],[7.25,46.296],[7.257,46.296],[7.261,46.299],[7.261,46.301],[7.244,46.304],[7.241,46.302],[7.234,46.301],[7.224,46.308],[7.218,46.306],[7.215,46.303],[7.219,46.301],[7.22,46.296],[7.215,46.294],[7.208,46.294],[7.211,46.29],[7.205,46.287],[7.204,46.285],[7.208,46.285],[7.211,46.283],[7.205,46.276],[7.208,46.278],[7.214,46.278],[7.225,46.282],[7.226,46.281],[7.227,46.274],[7.224,46.272],[7.228,46.267],[7.225,46.261],[7.221,46.259],[7.221,46.256],[7.225,46.258],[7.23,46.256],[7.228,46.254],[7.227,46.249],[7.233,46.249],[7.23,46.24],[7.221,46.238],[7.224,46.236],[7.225,46.233],[7.221,46.231],[7.215,46.233],[7.212,46.232],[7.209,46.234],[7.205,46.233],[7.199,46.234],[7.196,46.236],[7.192,46.234],[7.189,46.236],[7.183,46.233],[7.179,46.234],[7.166,46.23],[7.166,46.227],[7.163,46.225],[7.163,46.22],[7.16,46.216],[7.147,46.216],[7.143,46.213],[7.149,46.206],[7.143,46.202],[7.148,46.202],[7.151,46.2],[7.15,46.191],[7.154,46.189],[7.155,46.186],[7.151,46.18],[7.147,46.18],[7.144,46.182],[7.144,46.184],[7.138,46.188],[7.139,46.191],[7.136,46.191],[7.131,46.186],[7.13,46.179],[7.125,46.175],[7.115,46.175],[7.116,46.173],[7.112,46.169],[7.098,46.166],[7.095,46.163],[7.095,46.161],[7.083,46.156],[7.081,46.157],[7.08,46.161],[7.076,46.163],[7.073,46.17],[7.064,46.177],[7.063,46.182],[7.064,46.184],[7.073,46.184],[7.073,46.191],[7.066,46.194],[7.063,46.198],[7.051,46.206],[7.053,46.21],[7.06,46.21],[7.06,46.213],[7.057,46.215],[7.057,46.217],[7.052,46.22],[7.054,46.222],[7.054,46.229],[7.058,46.229],[7.06,46.225],[7.063,46.228],[7.067,46.229],[7.066,46.233],[7.067,46.238],[7.069,46.24],[7.072,46.24],[7.076,46.243],[7.088,46.247],[7.095,46.248],[7.098,46.247],[7.095,46.24],[7.092,46.239],[7.09,46.233],[7.094,46.231],[7.092,46.229],[7.091,46.224],[7.092,46.223],[7.095,46.226],[7.097,46.226],[7.097,46.229],[7.102,46.231],[7.111,46.24],[7.107,46.247],[7.114,46.252],[7.124,46.254],[7.127,46.26],[7.131,46.26],[7.131,46.267],[7.134,46.269],[7.134,46.272],[7.131,46.27],[7.127,46.27],[7.118,46.264],[7.114,46.265],[7.117,46.267],[7.115,46.269],[7.093,46.271],[7.101,46.276],[7.115,46.278],[7.118,46.281],[7.131,46.282],[7.14,46.287],[7.147,46.287],[7.144,46.29],[7.144,46.294],[7.147,46.296],[7.153,46.296],[7.154,46.299],[7.151,46.301],[7.139,46.301],[7.127,46.295],[7.114,46.294],[7.104,46.295],[7.099,46.298],[7.1,46.301],[7.104,46.301],[7.111,46.307],[7.118,46.307],[7.121,46.309],[7.134,46.309],[7.139,46.312],[7.138,46.314],[7.127,46.315],[7.121,46.318],[7.119,46.321],[7.124,46.323],[7.124,46.325],[7.121,46.326],[7.114,46.326],[7.114,46.323],[7.111,46.321],[7.108,46.322],[7.104,46.321],[7.099,46.323]],[[7.435,46.578],[7.439,46.579],[7.438,46.58],[7.435,46.578]],[[7.967,46.595],[7.962,46.595],[7.964,46.593],[7.967,46.595]],[[8.336,46.619],[8.342,46.621],[8.34,46.622],[8.336,46.619]],[[8.493,46.649],[8.485,46.649],[8.484,46.653],[8.481,46.655],[8.474,46.656],[8.471,46.659],[8.464,46.659],[8.463,46.656],[8.472,46.652],[8.474,46.647],[8.477,46.646],[8.495,46.645],[8.493,46.649]],[[8.83,47.033],[8.833,47.031],[8.833,47.033],[8.83,47.033]],[[8.966,46.948],[8.962,46.95],[8.959,46.948],[8.957,46.941],[8.961,46.943],[8.96,46.945],[8.962,46.948],[8.966,46.948]],[[8.879,46.641],[8.885,46.645],[8.885,46.647],[8.882,46.65],[8.881,46.643],[8.879,46.641]],[[8.248,46.377],[8.254,46.379],[8.249,46.379],[8.248,46.377]],[[9.255,46.59],[9.262,46.592],[9.259,46.593],[9.255,46.59]],[[9.015,46.831],[9.016,46.846],[9.012,46.847],[9.01,46.846],[9.011,46.841],[9.014,46.839],[9.014,46.837],[9.012,46.835],[9.008,46.837],[9.011,46.832],[9.015,46.831]],[[8.271,46.563],[8.282,46.561],[8.283,46.563],[8.299,46.565],[8.305,46.568],[8.302,46.57],[8.309,46.574],[8.306,46.575],[8.301,46.572],[8.29,46.573],[8.287,46.571],[8.277,46.569],[8.273,46.573],[8.267,46.575],[8.267,46.577],[8.264,46.575],[8.244,46.575],[8.238,46.578],[8.234,46.576],[8.234,46.574],[8.238,46.575],[8.241,46.571],[8.244,46.57],[8.26,46.57],[8.271,46.563]],[[8.26,46.543],[8.273,46.548],[8.256,46.546],[8.249,46.543],[8.26,46.543]],[[7.406,46.037],[7.407,46.04],[7.404,46.045],[7.404,46.052],[7.4,46.056],[7.4,46.062],[7.397,46.065],[7.397,46.07],[7.4,46.074],[7.404,46.076],[7.404,46.079],[7.4,46.079],[7.396,46.074],[7.396,46.07],[7.393,46.068],[7.393,46.057],[7.396,46.056],[7.396,46.052],[7.403,46.043],[7.403,46.038],[7.406,46.037]],[[7.355,45.963],[7.355,45.985],[7.353,45.986],[7.354,45.989],[7.352,45.991],[7.352,45.998],[7.35,45.998],[7.351,45.982],[7.348,45.98],[7.348,45.973],[7.352,45.973],[7.354,45.971],[7.355,45.963]]],[[[8.502,46.411],[8.508,46.411],[8.505,46.41],[8.502,46.411]]],[[[8.672,46.908],[8.678,46.904],[8.676,46.901],[8.667,46.904],[8.672,46.908]]],[[[8.801,46.795],[8.798,46.793],[8.796,46.795],[8.801,46.795]]],[[[8.265,46.842],[8.262,46.845],[8.265,46.847],[8.269,46.845],[8.265,46.842]]],[[[8.309,46.761],[8.308,46.763],[8.309,46.764],[8.31,46.763],[8.309,46.761]]],[[[7.794,46.62],[7.791,46.619],[7.789,46.622],[7.782,46.624],[7.779,46.627],[7.788,46.63],[7.799,46.631],[7.801,46.637],[7.806,46.636],[7.806,46.633],[7.802,46.629],[7.797,46.627],[7.797,46.624],[7.794,46.62]]],[[[7.315,46.393],[7.316,46.396],[7.318,46.397],[7.32,46.396],[7.318,46.393],[7.315,46.393]]],[[[7.296,46.391],[7.292,46.39],[7.292,46.392],[7.296,46.391]]],[[[9.464,46.805],[9.459,46.801],[9.455,46.803],[9.464,46.805]]],[[[9.449,47.26],[9.437,47.251],[9.428,47.253],[9.447,47.262],[9.449,47.26]]],[[[9.418,47.099],[9.408,47.095],[9.402,47.099],[9.399,47.096],[9.397,47.096],[9.385,47.104],[9.382,47.104],[9.374,47.108],[9.373,47.11],[9.379,47.112],[9.385,47.109],[9.395,47.107],[9.399,47.108],[9.395,47.109],[9.392,47.112],[9.394,47.114],[9.392,47.116],[9.384,47.119],[9.389,47.123],[9.393,47.13],[9.386,47.131],[9.381,47.135],[9.366,47.135],[9.36,47.131],[9.351,47.138],[9.347,47.145],[9.334,47.147],[9.327,47.146],[9.321,47.147],[9.318,47.15],[9.311,47.153],[9.285,47.155],[9.27,47.152],[9.265,47.153],[9.262,47.151],[9.252,47.153],[9.248,47.151],[9.235,47.149],[9.228,47.144],[9.222,47.147],[9.206,47.147],[9.199,47.145],[9.197,47.147],[9.206,47.15],[9.206,47.152],[9.203,47.156],[9.195,47.158],[9.203,47.162],[9.206,47.162],[9.209,47.16],[9.207,47.158],[9.209,47.156],[9.216,47.157],[9.222,47.159],[9.224,47.162],[9.253,47.177],[9.256,47.174],[9.259,47.176],[9.263,47.176],[9.269,47.173],[9.276,47.181],[9.281,47.177],[9.282,47.174],[9.286,47.174],[9.287,47.172],[9.29,47.172],[9.287,47.175],[9.288,47.177],[9.292,47.175],[9.294,47.177],[9.299,47.178],[9.302,47.175],[9.305,47.175],[9.31,47.176],[9.312,47.179],[9.315,47.18],[9.319,47.179],[9.322,47.176],[9.325,47.178],[9.333,47.178],[9.337,47.181],[9.339,47.181],[9.342,47.178],[9.345,47.18],[9.358,47.179],[9.36,47.176],[9.358,47.174],[9.358,47.162],[9.347,47.16],[9.348,47.158],[9.344,47.157],[9.344,47.155],[9.357,47.155],[9.363,47.153],[9.356,47.144],[9.364,47.146],[9.366,47.149],[9.38,47.152],[9.387,47.156],[9.39,47.156],[9.394,47.16],[9.404,47.161],[9.406,47.159],[9.398,47.155],[9.397,47.152],[9.4,47.153],[9.403,47.151],[9.413,47.151],[9.42,47.153],[9.422,47.152],[9.416,47.146],[9.416,47.143],[9.427,47.141],[9.423,47.137],[9.409,47.137],[9.412,47.134],[9.411,47.132],[9.414,47.13],[9.415,47.127],[9.424,47.125],[9.429,47.126],[9.436,47.131],[9.438,47.129],[9.439,47.125],[9.435,47.12],[9.437,47.118],[9.432,47.116],[9.431,47.114],[9.435,47.109],[9.445,47.104],[9.438,47.1],[9.428,47.1],[9.425,47.097],[9.421,47.097],[9.418,47.099]]],[[[9.267,47.22],[9.254,47.214],[9.248,47.22],[9.251,47.222],[9.255,47.222],[9.256,47.225],[9.261,47.226],[9.264,47.229],[9.273,47.229],[9.271,47.227],[9.274,47.226],[9.276,47.229],[9.278,47.229],[9.278,47.233],[9.281,47.235],[9.294,47.235],[9.301,47.237],[9.3,47.24],[9.303,47.242],[9.302,47.246],[9.303,47.249],[9.322,47.26],[9.332,47.259],[9.333,47.264],[9.331,47.268],[9.332,47.269],[9.342,47.264],[9.348,47.265],[9.352,47.268],[9.35,47.27],[9.355,47.272],[9.37,47.272],[9.378,47.276],[9.382,47.276],[9.384,47.274],[9.371,47.266],[9.37,47.265],[9.371,47.263],[9.378,47.263],[9.381,47.26],[9.388,47.26],[9.394,47.262],[9.401,47.267],[9.406,47.267],[9.408,47.269],[9.421,47.271],[9.424,47.269],[9.428,47.272],[9.429,47.269],[9.424,47.268],[9.421,47.265],[9.409,47.263],[9.405,47.26],[9.413,47.258],[9.411,47.255],[9.397,47.252],[9.394,47.248],[9.39,47.247],[9.397,47.246],[9.4,47.248],[9.42,47.253],[9.423,47.251],[9.423,47.249],[9.417,47.241],[9.406,47.236],[9.393,47.227],[9.386,47.225],[9.37,47.216],[9.362,47.218],[9.365,47.221],[9.373,47.223],[9.383,47.228],[9.384,47.229],[9.383,47.232],[9.377,47.228],[9.37,47.228],[9.367,47.231],[9.363,47.227],[9.357,47.229],[9.356,47.225],[9.35,47.222],[9.347,47.226],[9.34,47.227],[9.338,47.23],[9.339,47.237],[9.349,47.241],[9.344,47.241],[9.337,47.238],[9.331,47.24],[9.321,47.233],[9.308,47.233],[9.309,47.226],[9.304,47.224],[9.301,47.226],[9.297,47.223],[9.29,47.224],[9.28,47.222],[9.277,47.22],[9.267,47.22]],[[9.371,47.263],[9.361,47.258],[9.36,47.257],[9.361,47.256],[9.368,47.259],[9.371,47.263]]],[[[9.398,47.283],[9.402,47.284],[9.403,47.283],[9.402,47.282],[9.398,47.283]]],[[[9.398,47.283],[9.396,47.285],[9.399,47.287],[9.401,47.285],[9.398,47.283]]],[[[9.392,47.277],[9.385,47.275],[9.382,47.277],[9.383,47.279],[9.395,47.285],[9.4,47.281],[9.399,47.278],[9.394,47.279],[9.392,47.277]]],[[[9.36,46.721],[9.358,46.719],[9.357,46.724],[9.353,46.726],[9.356,46.728],[9.355,46.731],[9.365,46.734],[9.367,46.732],[9.361,46.726],[9.36,46.721]]],[[[9.328,46.758],[9.327,46.756],[9.326,46.758],[9.321,46.76],[9.317,46.769],[9.324,46.769],[9.327,46.766],[9.336,46.762],[9.328,46.758]]],[[[9.257,46.271],[9.248,46.265],[9.242,46.267],[9.236,46.271],[9.235,46.274],[9.236,46.276],[9.251,46.28],[9.252,46.282],[9.248,46.284],[9.25,46.287],[9.268,46.295],[9.272,46.301],[9.279,46.304],[9.28,46.306],[9.279,46.309],[9.276,46.311],[9.277,46.318],[9.27,46.327],[9.271,46.331],[9.27,46.334],[9.277,46.336],[9.28,46.333],[9.289,46.33],[9.291,46.331],[9.291,46.335],[9.293,46.336],[9.294,46.333],[9.299,46.331],[9.296,46.327],[9.298,46.322],[9.289,46.316],[9.288,46.313],[9.285,46.311],[9.283,46.297],[9.278,46.296],[9.272,46.291],[9.27,46.291],[9.271,46.286],[9.261,46.28],[9.261,46.277],[9.258,46.275],[9.257,46.271]]],[[[9.296,46.34],[9.286,46.338],[9.282,46.345],[9.29,46.346],[9.291,46.349],[9.287,46.348],[9.28,46.35],[9.279,46.351],[9.282,46.354],[9.282,46.356],[9.277,46.359],[9.271,46.359],[9.268,46.365],[9.263,46.37],[9.266,46.372],[9.264,46.374],[9.269,46.379],[9.263,46.383],[9.265,46.385],[9.268,46.385],[9.268,46.39],[9.266,46.397],[9.262,46.397],[9.257,46.404],[9.259,46.406],[9.269,46.406],[9.276,46.412],[9.282,46.41],[9.282,46.403],[9.278,46.401],[9.278,46.39],[9.282,46.39],[9.285,46.387],[9.285,46.385],[9.281,46.383],[9.281,46.381],[9.278,46.379],[9.277,46.367],[9.287,46.357],[9.294,46.358],[9.296,46.356],[9.296,46.34]]],[[[9.29,46.625],[9.293,46.623],[9.289,46.621],[9.286,46.624],[9.29,46.625]]],[[[9.183,46.22],[9.188,46.224],[9.192,46.221],[9.198,46.223],[9.208,46.22],[9.206,46.222],[9.211,46.227],[9.212,46.231],[9.211,46.233],[9.205,46.235],[9.201,46.24],[9.212,46.246],[9.212,46.249],[9.215,46.25],[9.223,46.249],[9.223,46.247],[9.218,46.242],[9.238,46.241],[9.241,46.239],[9.247,46.243],[9.25,46.242],[9.25,46.239],[9.247,46.238],[9.247,46.235],[9.244,46.233],[9.234,46.233],[9.231,46.231],[9.224,46.231],[9.22,46.229],[9.22,46.215],[9.211,46.211],[9.207,46.211],[9.201,46.207],[9.198,46.209],[9.198,46.211],[9.191,46.214],[9.183,46.22]]],[[[9.233,46.284],[9.229,46.28],[9.226,46.283],[9.223,46.281],[9.214,46.283],[9.216,46.286],[9.22,46.285],[9.222,46.287],[9.219,46.289],[9.22,46.292],[9.226,46.289],[9.224,46.287],[9.226,46.286],[9.229,46.289],[9.232,46.287],[9.233,46.284]]],[[[9.168,46.319],[9.149,46.318],[9.141,46.324],[9.14,46.327],[9.15,46.329],[9.153,46.331],[9.153,46.334],[9.149,46.335],[9.15,46.336],[9.157,46.338],[9.157,46.34],[9.153,46.341],[9.15,46.344],[9.144,46.343],[9.139,46.345],[9.15,46.345],[9.151,46.347],[9.149,46.351],[9.142,46.354],[9.142,46.356],[9.147,46.358],[9.157,46.356],[9.16,46.358],[9.162,46.362],[9.159,46.367],[9.164,46.369],[9.154,46.369],[9.151,46.373],[9.148,46.374],[9.151,46.375],[9.154,46.38],[9.162,46.38],[9.162,46.385],[9.155,46.388],[9.142,46.386],[9.14,46.387],[9.142,46.392],[9.14,46.396],[9.142,46.398],[9.162,46.397],[9.18,46.405],[9.181,46.407],[9.183,46.405],[9.183,46.402],[9.191,46.402],[9.198,46.4],[9.194,46.399],[9.187,46.393],[9.197,46.393],[9.202,46.391],[9.194,46.387],[9.18,46.387],[9.177,46.385],[9.187,46.383],[9.189,46.38],[9.187,46.376],[9.175,46.373],[9.184,46.371],[9.183,46.362],[9.18,46.36],[9.169,46.36],[9.166,46.358],[9.166,46.355],[9.158,46.351],[9.16,46.349],[9.163,46.35],[9.166,46.349],[9.169,46.344],[9.181,46.344],[9.178,46.342],[9.18,46.34],[9.176,46.338],[9.162,46.338],[9.162,46.321],[9.169,46.323],[9.171,46.322],[9.168,46.319]]],[[[9.181,46.407],[9.175,46.412],[9.172,46.412],[9.162,46.407],[9.159,46.41],[9.155,46.41],[9.15,46.419],[9.146,46.421],[9.143,46.426],[9.146,46.429],[9.155,46.43],[9.155,46.432],[9.146,46.433],[9.142,46.435],[9.15,46.438],[9.156,46.438],[9.166,46.445],[9.17,46.445],[9.176,46.439],[9.173,46.437],[9.169,46.437],[9.169,46.435],[9.176,46.436],[9.178,46.434],[9.176,46.43],[9.172,46.43],[9.171,46.427],[9.176,46.423],[9.179,46.422],[9.188,46.425],[9.191,46.423],[9.191,46.42],[9.194,46.416],[9.201,46.419],[9.206,46.418],[9.201,46.413],[9.194,46.41],[9.188,46.41],[9.185,46.407],[9.181,46.407]]],[[[9.187,46.177],[9.18,46.169],[9.177,46.172],[9.171,46.169],[9.164,46.172],[9.158,46.169],[9.147,46.174],[9.148,46.176],[9.159,46.178],[9.161,46.181],[9.181,46.179],[9.184,46.18],[9.185,46.184],[9.189,46.186],[9.191,46.189],[9.196,46.189],[9.196,46.186],[9.193,46.184],[9.192,46.18],[9.187,46.177]]],[[[9.182,46.224],[9.185,46.222],[9.182,46.221],[9.179,46.223],[9.182,46.224]]],[[[9.149,46.738],[9.143,46.736],[9.137,46.738],[9.137,46.741],[9.14,46.744],[9.143,46.743],[9.156,46.747],[9.159,46.745],[9.149,46.738]]],[[[9.091,47.167],[9.087,47.163],[9.084,47.164],[9.084,47.169],[9.099,47.177],[9.098,47.18],[9.094,47.179],[9.092,47.182],[9.098,47.184],[9.111,47.183],[9.115,47.188],[9.115,47.191],[9.112,47.193],[9.112,47.198],[9.115,47.199],[9.119,47.197],[9.128,47.196],[9.131,47.199],[9.133,47.199],[9.138,47.206],[9.141,47.204],[9.14,47.199],[9.146,47.197],[9.141,47.193],[9.137,47.193],[9.131,47.189],[9.131,47.184],[9.141,47.186],[9.147,47.185],[9.149,47.183],[9.141,47.182],[9.133,47.177],[9.159,47.177],[9.154,47.172],[9.143,47.172],[9.137,47.169],[9.13,47.168],[9.124,47.164],[9.12,47.166],[9.125,47.175],[9.119,47.179],[9.119,47.182],[9.116,47.182],[9.111,47.178],[9.108,47.178],[9.101,47.171],[9.094,47.167],[9.091,47.167]]],[[[9.109,46.709],[9.1,46.708],[9.096,46.709],[9.084,46.717],[9.076,46.719],[9.08,46.723],[9.08,46.726],[9.083,46.728],[9.087,46.728],[9.093,46.725],[9.093,46.721],[9.097,46.724],[9.103,46.723],[9.106,46.72],[9.107,46.723],[9.12,46.723],[9.122,46.718],[9.116,46.714],[9.112,46.714],[9.109,46.709]]],[[[9.023,46.355],[9.024,46.358],[9.021,46.357],[9.017,46.358],[9.014,46.361],[9.011,46.361],[9.005,46.365],[9.006,46.367],[9.008,46.368],[9.011,46.366],[9.025,46.367],[9.027,46.365],[9.031,46.366],[9.032,46.362],[9.03,46.36],[9.027,46.36],[9.034,46.357],[9.037,46.354],[9.043,46.354],[9.053,46.358],[9.067,46.357],[9.07,46.359],[9.071,46.364],[9.068,46.366],[9.069,46.368],[9.064,46.37],[9.07,46.374],[9.075,46.373],[9.072,46.37],[9.076,46.37],[9.085,46.363],[9.089,46.364],[9.09,46.366],[9.085,46.372],[9.086,46.373],[9.093,46.374],[9.099,46.37],[9.099,46.368],[9.095,46.366],[9.094,46.363],[9.099,46.363],[9.101,46.361],[9.101,46.354],[9.095,46.349],[9.078,46.348],[9.077,46.346],[9.084,46.343],[9.086,46.339],[9.085,46.336],[9.078,46.332],[9.082,46.332],[9.084,46.33],[9.084,46.327],[9.088,46.327],[9.095,46.323],[9.089,46.318],[9.079,46.314],[9.078,46.312],[9.079,46.31],[9.077,46.305],[9.079,46.301],[9.087,46.296],[9.084,46.294],[9.07,46.296],[9.066,46.294],[9.069,46.289],[9.062,46.283],[9.064,46.28],[9.07,46.284],[9.074,46.283],[9.07,46.278],[9.07,46.274],[9.073,46.269],[9.07,46.268],[9.063,46.27],[9.061,46.274],[9.058,46.276],[9.056,46.285],[9.052,46.292],[9.044,46.294],[9.041,46.299],[9.036,46.301],[9.036,46.303],[9.039,46.305],[9.042,46.303],[9.044,46.306],[9.042,46.31],[9.045,46.312],[9.055,46.314],[9.058,46.312],[9.062,46.316],[9.065,46.316],[9.067,46.321],[9.065,46.323],[9.055,46.324],[9.052,46.327],[9.049,46.324],[9.046,46.324],[9.042,46.328],[9.046,46.33],[9.052,46.33],[9.053,46.335],[9.062,46.335],[9.058,46.339],[9.063,46.341],[9.063,46.343],[9.049,46.345],[9.033,46.343],[9.017,46.346],[9.01,46.343],[9.008,46.344],[9.008,46.347],[9.004,46.351],[9.011,46.353],[9.019,46.353],[9.023,46.355]]],[[[9.077,46.114],[9.075,46.112],[9.07,46.116],[9.069,46.119],[9.064,46.121],[9.071,46.123],[9.073,46.125],[9.072,46.127],[9.075,46.129],[9.086,46.129],[9.095,46.131],[9.097,46.129],[9.091,46.125],[9.088,46.126],[9.085,46.123],[9.081,46.123],[9.075,46.119],[9.077,46.114]]],[[[9.019,46.985],[9.016,46.981],[9.014,46.983],[9.019,46.989],[9.023,46.989],[9.023,46.994],[9.03,46.997],[9.032,46.994],[9.032,46.989],[9.023,46.985],[9.019,46.985]]],[[[8.965,47.103],[8.954,47.099],[8.951,47.103],[8.965,47.107],[8.967,47.111],[8.975,47.107],[8.993,47.106],[8.999,47.102],[8.99,47.1],[8.983,47.101],[8.98,47.103],[8.977,47.101],[8.974,47.103],[8.965,47.103]]],[[[8.992,46.506],[8.989,46.505],[8.986,46.508],[8.981,46.509],[8.975,46.516],[8.974,46.52],[8.971,46.522],[8.972,46.525],[8.969,46.531],[8.97,46.536],[8.972,46.534],[8.971,46.531],[8.98,46.528],[8.981,46.525],[8.988,46.52],[8.986,46.518],[8.986,46.515],[8.988,46.513],[8.987,46.511],[8.992,46.506]]],[[[8.94,46.224],[8.937,46.224],[8.933,46.228],[8.929,46.228],[8.926,46.226],[8.924,46.228],[8.923,46.233],[8.913,46.232],[8.91,46.23],[8.904,46.234],[8.9,46.234],[8.897,46.232],[8.892,46.236],[8.892,46.238],[8.887,46.239],[8.886,46.242],[8.882,46.245],[8.878,46.243],[8.875,46.244],[8.872,46.247],[8.872,46.249],[8.875,46.251],[8.883,46.251],[8.884,46.254],[8.892,46.254],[8.898,46.253],[8.901,46.25],[8.907,46.248],[8.91,46.249],[8.914,46.248],[8.919,46.253],[8.911,46.258],[8.913,46.262],[8.917,46.264],[8.927,46.264],[8.93,46.26],[8.933,46.261],[8.936,46.26],[8.93,46.254],[8.927,46.256],[8.926,46.255],[8.926,46.251],[8.923,46.249],[8.923,46.244],[8.939,46.242],[8.943,46.243],[8.944,46.242],[8.942,46.236],[8.946,46.235],[8.949,46.236],[8.952,46.234],[8.959,46.234],[8.96,46.235],[8.959,46.237],[8.962,46.239],[8.965,46.237],[8.964,46.232],[8.959,46.231],[8.952,46.226],[8.942,46.226],[8.94,46.224]]],[[[8.833,46.29],[8.829,46.288],[8.826,46.295],[8.824,46.295],[8.818,46.3],[8.822,46.304],[8.819,46.306],[8.822,46.311],[8.825,46.312],[8.837,46.306],[8.83,46.304],[8.833,46.299],[8.831,46.295],[8.833,46.293],[8.833,46.29]]],[[[8.837,46.306],[8.835,46.308],[8.835,46.311],[8.832,46.315],[8.836,46.322],[8.835,46.325],[8.833,46.326],[8.833,46.329],[8.828,46.329],[8.823,46.333],[8.828,46.336],[8.832,46.335],[8.832,46.338],[8.838,46.34],[8.845,46.339],[8.848,46.34],[8.849,46.342],[8.855,46.344],[8.855,46.349],[8.842,46.359],[8.822,46.36],[8.816,46.357],[8.808,46.36],[8.81,46.362],[8.816,46.361],[8.818,46.362],[8.815,46.365],[8.824,46.369],[8.823,46.374],[8.816,46.376],[8.815,46.378],[8.815,46.385],[8.812,46.387],[8.814,46.39],[8.817,46.391],[8.819,46.389],[8.824,46.389],[8.827,46.391],[8.84,46.392],[8.843,46.389],[8.849,46.392],[8.851,46.391],[8.851,46.389],[8.843,46.383],[8.839,46.383],[8.833,46.379],[8.832,46.376],[8.836,46.373],[8.839,46.375],[8.841,46.373],[8.848,46.373],[8.852,46.375],[8.859,46.374],[8.868,46.377],[8.87,46.375],[8.854,46.364],[8.855,46.36],[8.853,46.358],[8.854,46.355],[8.857,46.358],[8.865,46.361],[8.875,46.36],[8.874,46.357],[8.868,46.352],[8.864,46.351],[8.863,46.346],[8.86,46.344],[8.86,46.339],[8.854,46.336],[8.854,46.33],[8.857,46.327],[8.874,46.328],[8.876,46.326],[8.877,46.321],[8.885,46.326],[8.89,46.327],[8.891,46.326],[8.889,46.323],[8.886,46.322],[8.886,46.319],[8.884,46.317],[8.886,46.316],[8.896,46.316],[8.897,46.321],[8.903,46.325],[8.909,46.321],[8.902,46.316],[8.902,46.312],[8.915,46.31],[8.915,46.307],[8.928,46.309],[8.934,46.305],[8.928,46.301],[8.907,46.298],[8.908,46.287],[8.903,46.285],[8.911,46.281],[8.923,46.28],[8.922,46.273],[8.914,46.27],[8.913,46.265],[8.911,46.263],[8.905,46.267],[8.907,46.271],[8.906,46.274],[8.9,46.274],[8.898,46.272],[8.888,46.27],[8.882,46.272],[8.877,46.276],[8.882,46.278],[8.884,46.276],[8.888,46.276],[8.889,46.279],[8.887,46.283],[8.895,46.283],[8.9,46.285],[8.896,46.292],[8.902,46.296],[8.901,46.301],[8.903,46.305],[8.902,46.306],[8.879,46.304],[8.879,46.301],[8.873,46.297],[8.87,46.297],[8.867,46.299],[8.867,46.301],[8.875,46.312],[8.874,46.317],[8.871,46.319],[8.86,46.32],[8.855,46.319],[8.855,46.317],[8.848,46.308],[8.841,46.309],[8.837,46.306]]],[[[8.887,46.454],[8.89,46.452],[8.891,46.447],[8.898,46.44],[8.898,46.436],[8.896,46.435],[8.893,46.439],[8.886,46.442],[8.877,46.449],[8.872,46.454],[8.872,46.456],[8.874,46.458],[8.883,46.452],[8.887,46.454]],[[8.89,46.452],[8.886,46.449],[8.889,46.449],[8.89,46.452]]],[[[8.895,47.063],[8.887,47.057],[8.884,47.059],[8.877,47.058],[8.865,47.066],[8.867,47.068],[8.87,47.068],[8.874,47.066],[8.88,47.07],[8.896,47.068],[8.895,47.063]]],[[[8.877,46.35],[8.874,46.347],[8.87,46.351],[8.884,46.357],[8.887,46.355],[8.884,46.352],[8.877,46.35]]],[[[8.887,46.355],[8.886,46.357],[8.891,46.358],[8.891,46.356],[8.887,46.355]]],[[[8.874,46.468],[8.871,46.46],[8.869,46.463],[8.865,46.465],[8.86,46.472],[8.865,46.477],[8.868,46.475],[8.868,46.47],[8.874,46.468]]],[[[8.8,46.257],[8.787,46.244],[8.781,46.244],[8.774,46.249],[8.775,46.251],[8.778,46.252],[8.781,46.251],[8.782,46.253],[8.797,46.26],[8.8,46.257]]],[[[8.774,46.262],[8.771,46.258],[8.763,46.262],[8.765,46.264],[8.775,46.266],[8.769,46.271],[8.769,46.273],[8.775,46.276],[8.784,46.273],[8.779,46.268],[8.78,46.266],[8.778,46.262],[8.774,46.262]]],[[[8.771,46.275],[8.768,46.274],[8.762,46.278],[8.749,46.282],[8.746,46.285],[8.749,46.287],[8.746,46.29],[8.736,46.293],[8.734,46.296],[8.728,46.298],[8.727,46.303],[8.714,46.31],[8.711,46.308],[8.708,46.31],[8.704,46.31],[8.701,46.307],[8.698,46.307],[8.689,46.31],[8.691,46.312],[8.69,46.317],[8.701,46.319],[8.711,46.315],[8.714,46.316],[8.721,46.315],[8.724,46.311],[8.729,46.31],[8.74,46.303],[8.741,46.3],[8.739,46.298],[8.746,46.295],[8.753,46.297],[8.762,46.295],[8.765,46.293],[8.759,46.289],[8.758,46.284],[8.772,46.286],[8.775,46.284],[8.769,46.278],[8.771,46.275]]],[[[8.725,46.761],[8.728,46.759],[8.723,46.759],[8.725,46.761]]],[[[8.722,46.289],[8.713,46.283],[8.709,46.287],[8.711,46.29],[8.717,46.29],[8.72,46.297],[8.724,46.294],[8.722,46.289]]],[[[8.719,46.957],[8.71,46.954],[8.692,46.958],[8.664,46.958],[8.657,46.959],[8.651,46.963],[8.644,46.963],[8.642,46.965],[8.648,46.968],[8.659,46.969],[8.661,46.971],[8.681,46.971],[8.684,46.968],[8.694,46.969],[8.696,46.967],[8.693,46.964],[8.699,46.964],[8.703,46.966],[8.71,46.966],[8.717,46.971],[8.719,46.969],[8.715,46.962],[8.719,46.957]]],[[[8.666,46.31],[8.663,46.313],[8.663,46.319],[8.643,46.32],[8.639,46.324],[8.643,46.326],[8.654,46.326],[8.651,46.331],[8.663,46.334],[8.67,46.33],[8.672,46.333],[8.669,46.338],[8.666,46.338],[8.664,46.34],[8.666,46.341],[8.686,46.339],[8.689,46.341],[8.695,46.341],[8.697,46.339],[8.692,46.335],[8.694,46.332],[8.691,46.33],[8.694,46.326],[8.694,46.321],[8.688,46.317],[8.682,46.32],[8.668,46.317],[8.668,46.312],[8.666,46.31]]],[[[8.657,46.117],[8.653,46.117],[8.649,46.122],[8.632,46.122],[8.629,46.124],[8.626,46.122],[8.611,46.124],[8.616,46.128],[8.627,46.128],[8.629,46.13],[8.632,46.128],[8.643,46.128],[8.645,46.13],[8.655,46.126],[8.658,46.129],[8.66,46.128],[8.659,46.126],[8.664,46.124],[8.657,46.117]]],[[[8.65,46.232],[8.647,46.23],[8.642,46.234],[8.642,46.236],[8.644,46.238],[8.648,46.238],[8.651,46.24],[8.654,46.238],[8.661,46.238],[8.654,46.232],[8.65,46.232]]],[[[8.654,46.238],[8.653,46.241],[8.655,46.241],[8.654,46.238]]],[[[8.642,46.967],[8.636,46.967],[8.635,46.972],[8.632,46.974],[8.638,46.976],[8.64,46.979],[8.651,46.98],[8.653,46.978],[8.65,46.974],[8.641,46.972],[8.642,46.967]]],[[[8.553,46.222],[8.55,46.216],[8.543,46.22],[8.54,46.22],[8.534,46.217],[8.53,46.217],[8.524,46.22],[8.514,46.22],[8.512,46.222],[8.508,46.222],[8.486,46.231],[8.469,46.231],[8.463,46.238],[8.463,46.245],[8.444,46.247],[8.441,46.249],[8.441,46.256],[8.444,46.258],[8.444,46.261],[8.451,46.265],[8.453,46.272],[8.46,46.274],[8.476,46.272],[8.475,46.269],[8.469,46.267],[8.469,46.263],[8.467,46.261],[8.461,46.258],[8.462,46.256],[8.465,46.256],[8.47,46.258],[8.492,46.26],[8.489,46.263],[8.49,46.267],[8.493,46.269],[8.496,46.266],[8.497,46.267],[8.496,46.271],[8.491,46.274],[8.499,46.278],[8.503,46.282],[8.51,46.28],[8.506,46.277],[8.501,46.276],[8.502,46.273],[8.506,46.271],[8.516,46.271],[8.522,46.274],[8.535,46.272],[8.563,46.275],[8.562,46.278],[8.558,46.278],[8.552,46.282],[8.555,46.286],[8.558,46.284],[8.561,46.287],[8.564,46.284],[8.574,46.285],[8.577,46.282],[8.594,46.284],[8.596,46.282],[8.582,46.275],[8.583,46.27],[8.588,46.271],[8.592,46.268],[8.603,46.268],[8.606,46.265],[8.613,46.266],[8.619,46.265],[8.621,46.263],[8.625,46.265],[8.629,46.262],[8.638,46.261],[8.635,46.258],[8.634,46.254],[8.625,46.254],[8.628,46.252],[8.626,46.245],[8.624,46.245],[8.623,46.25],[8.619,46.255],[8.607,46.257],[8.603,46.255],[8.599,46.25],[8.597,46.252],[8.596,46.259],[8.588,46.262],[8.583,46.262],[8.577,46.265],[8.57,46.265],[8.567,46.264],[8.566,46.262],[8.57,46.255],[8.575,46.253],[8.57,46.251],[8.563,46.251],[8.56,46.249],[8.555,46.253],[8.534,46.254],[8.529,46.258],[8.524,46.258],[8.524,46.253],[8.521,46.251],[8.515,46.254],[8.508,46.252],[8.505,46.249],[8.492,46.252],[8.486,46.249],[8.483,46.245],[8.482,46.242],[8.485,46.24],[8.498,46.239],[8.505,46.237],[8.507,46.235],[8.511,46.235],[8.518,46.231],[8.524,46.232],[8.527,46.23],[8.54,46.229],[8.548,46.231],[8.554,46.228],[8.553,46.226],[8.557,46.227],[8.565,46.224],[8.56,46.222],[8.553,46.222]]],[[[8.558,46.948],[8.555,46.946],[8.542,46.947],[8.539,46.946],[8.531,46.948],[8.539,46.95],[8.542,46.949],[8.55,46.95],[8.555,46.952],[8.558,46.95],[8.558,46.948]]],[[[8.339,46.869],[8.331,46.867],[8.324,46.874],[8.317,46.873],[8.309,46.878],[8.314,46.88],[8.318,46.878],[8.321,46.879],[8.324,46.884],[8.331,46.884],[8.332,46.882],[8.33,46.88],[8.331,46.876],[8.337,46.882],[8.34,46.88],[8.34,46.876],[8.344,46.877],[8.346,46.876],[8.345,46.873],[8.339,46.869]]],[[[8.229,46.971],[8.224,46.969],[8.211,46.969],[8.208,46.971],[8.224,46.974],[8.225,46.975],[8.222,46.978],[8.224,46.979],[8.237,46.979],[8.24,46.981],[8.247,46.979],[8.249,46.977],[8.244,46.976],[8.24,46.973],[8.23,46.973],[8.229,46.971]]],[[[7.918,46.736],[7.914,46.736],[7.913,46.741],[7.907,46.743],[7.906,46.749],[7.91,46.75],[7.913,46.755],[7.92,46.759],[7.923,46.754],[7.919,46.75],[7.923,46.75],[7.926,46.752],[7.933,46.752],[7.946,46.762],[7.959,46.765],[7.961,46.763],[7.956,46.759],[7.952,46.758],[7.948,46.754],[7.934,46.748],[7.932,46.745],[7.918,46.736]]],[[[7.959,46.765],[7.956,46.77],[7.959,46.772],[7.963,46.772],[7.965,46.774],[7.965,46.779],[7.977,46.783],[7.979,46.785],[7.985,46.785],[7.987,46.788],[7.988,46.795],[7.991,46.792],[8.003,46.792],[8.008,46.796],[8.012,46.797],[8.014,46.801],[8.017,46.803],[8.015,46.805],[8.015,46.808],[8.018,46.81],[8.021,46.808],[8.019,46.803],[8.022,46.8],[8.031,46.802],[8.048,46.801],[8.054,46.804],[8.069,46.803],[8.074,46.805],[8.081,46.805],[8.083,46.803],[8.087,46.803],[8.092,46.805],[8.09,46.808],[8.097,46.811],[8.1,46.809],[8.102,46.812],[8.096,46.817],[8.086,46.819],[8.094,46.825],[8.096,46.823],[8.104,46.823],[8.113,46.819],[8.12,46.821],[8.123,46.819],[8.113,46.814],[8.11,46.814],[8.116,46.807],[8.113,46.805],[8.118,46.807],[8.12,46.81],[8.123,46.809],[8.126,46.805],[8.13,46.807],[8.136,46.805],[8.137,46.803],[8.133,46.799],[8.13,46.799],[8.126,46.796],[8.11,46.795],[8.124,46.789],[8.116,46.786],[8.111,46.787],[8.109,46.785],[8.109,46.78],[8.113,46.78],[8.117,46.776],[8.113,46.772],[8.103,46.772],[8.097,46.776],[8.097,46.779],[8.087,46.785],[8.071,46.785],[8.067,46.788],[8.061,46.785],[8.038,46.782],[8.031,46.78],[8.028,46.777],[8.022,46.779],[8.025,46.782],[8.031,46.782],[8.031,46.785],[8.028,46.788],[8.018,46.788],[8.017,46.785],[8.012,46.785],[8.012,46.782],[8.008,46.783],[8.01,46.781],[8.008,46.778],[8.005,46.779],[7.995,46.776],[7.992,46.773],[7.989,46.775],[7.985,46.775],[7.965,46.765],[7.959,46.765]]],[[[8.075,46.875],[8.081,46.878],[8.0873333333,46.8885555556],[8.085,46.887],[8.08,46.891],[8.068,46.889],[8.065,46.891],[8.062,46.89],[8.062,46.895],[8.059,46.896],[8.056,46.9],[8.064,46.907],[8.069,46.907],[8.072,46.904],[8.077,46.904],[8.079,46.909],[8.088,46.916],[8.092,46.918],[8.102,46.919],[8.103,46.918],[8.095,46.91],[8.091,46.909],[8.094,46.906],[8.09,46.904],[8.094,46.904],[8.098,46.907],[8.1,46.906],[8.098,46.897],[8.1,46.895],[8.1,46.891],[8.097,46.888],[8.099,46.886],[8.094,46.884],[8.102,46.882],[8.107,46.879],[8.111,46.88],[8.114,46.883],[8.121,46.881],[8.122,46.879],[8.127,46.879],[8.129,46.877],[8.124,46.873],[8.121,46.875],[8.114,46.875],[8.111,46.873],[8.098,46.873],[8.094,46.871],[8.085,46.876],[8.081,46.873],[8.075,46.875]],[[8.0878181818,46.8893636364],[8.09,46.893],[8.088,46.893],[8.085,46.896],[8.079,46.895],[8.087,46.891],[8.0878181818,46.8893636364]]],[[[8.075,46.875],[8.078,46.873],[8.075,46.871],[8.067,46.873],[8.075,46.875]]],[[[8.117,46.18],[8.112,46.177],[8.102,46.18],[8.099,46.179],[8.095,46.185],[8.106,46.187],[8.122,46.195],[8.128,46.193],[8.118,46.184],[8.117,46.18]]],[[[8.082,46.823],[8.078,46.825],[8.068,46.824],[8.061,46.826],[8.049,46.835],[8.051,46.837],[8.045,46.839],[8.042,46.837],[8.036,46.842],[8.036,46.844],[8.045,46.85],[8.052,46.847],[8.058,46.842],[8.068,46.85],[8.071,46.85],[8.078,46.846],[8.077,46.844],[8.071,46.842],[8.068,46.838],[8.064,46.837],[8.06,46.832],[8.064,46.83],[8.074,46.83],[8.078,46.826],[8.081,46.828],[8.083,46.826],[8.082,46.823]]],[[[8.081,46.855],[8.078,46.851],[8.071,46.852],[8.069,46.857],[8.071,46.859],[8.066,46.864],[8.068,46.866],[8.075,46.865],[8.076,46.864],[8.073,46.862],[8.072,46.859],[8.075,46.859],[8.081,46.855]]],[[[7.956,46.817],[7.946,46.814],[7.942,46.822],[7.942,46.824],[7.946,46.827],[7.95,46.827],[7.95,46.829],[7.945,46.831],[7.95,46.833],[7.951,46.835],[7.947,46.838],[7.948,46.84],[7.96,46.843],[7.963,46.842],[7.963,46.847],[7.966,46.852],[7.982,46.855],[7.983,46.861],[7.989,46.863],[7.998,46.86],[7.996,46.858],[7.992,46.858],[7.992,46.855],[7.986,46.854],[7.982,46.846],[7.975,46.84],[7.975,46.837],[7.98,46.835],[7.969,46.83],[7.968,46.826],[7.961,46.822],[7.967,46.819],[7.966,46.817],[7.963,46.815],[7.956,46.817]]],[[[7.89,46.779],[7.888,46.782],[7.881,46.78],[7.877,46.783],[7.871,46.78],[7.864,46.78],[7.854,46.776],[7.853,46.777],[7.854,46.781],[7.861,46.786],[7.861,46.788],[7.864,46.791],[7.884,46.793],[7.894,46.792],[7.9,46.795],[7.913,46.794],[7.923,46.797],[7.933,46.797],[7.936,46.795],[7.933,46.793],[7.927,46.793],[7.92,46.789],[7.91,46.787],[7.909,46.784],[7.911,46.781],[7.905,46.781],[7.904,46.789],[7.9,46.786],[7.897,46.786],[7.897,46.784],[7.89,46.779]]],[[[7.89,46.779],[7.887,46.775],[7.884,46.777],[7.887,46.78],[7.89,46.779]]],[[[7.901,46.75],[7.893,46.748],[7.876,46.757],[7.877,46.759],[7.884,46.76],[7.887,46.756],[7.9,46.752],[7.901,46.75]]],[[[7.876,46.627],[7.873,46.629],[7.877,46.629],[7.876,46.627]]],[[[7.805,46.728],[7.805,46.73],[7.808,46.732],[7.813,46.728],[7.808,46.726],[7.805,46.728]]],[[[7.808,46.732],[7.798,46.726],[7.795,46.728],[7.798,46.733],[7.805,46.737],[7.808,46.741],[7.81,46.741],[7.814,46.748],[7.808,46.751],[7.805,46.75],[7.803,46.753],[7.808,46.757],[7.818,46.761],[7.828,46.768],[7.831,46.772],[7.833,46.768],[7.84,46.766],[7.83,46.764],[7.838,46.759],[7.835,46.757],[7.831,46.757],[7.83,46.75],[7.821,46.747],[7.821,46.739],[7.814,46.735],[7.813,46.732],[7.809,46.732],[7.808,46.735],[7.808,46.732]]],[[[7.792,46.753],[7.792,46.755],[7.799,46.759],[7.801,46.755],[7.795,46.751],[7.792,46.753]]],[[[7.792,46.753],[7.795,46.75],[7.785,46.745],[7.783,46.746],[7.792,46.753]]],[[[7.799,46.759],[7.801,46.762],[7.804,46.759],[7.799,46.759]]],[[[7.737,46.607],[7.736,46.605],[7.732,46.605],[7.728,46.609],[7.732,46.612],[7.739,46.611],[7.736,46.613],[7.739,46.616],[7.745,46.616],[7.747,46.613],[7.745,46.612],[7.744,46.609],[7.737,46.607]]],[[[7.658,46.645],[7.641,46.643],[7.632,46.647],[7.63,46.652],[7.638,46.653],[7.641,46.651],[7.644,46.652],[7.642,46.654],[7.651,46.656],[7.653,46.654],[7.654,46.649],[7.659,46.647],[7.658,46.645]]],[[[7.395,46.668],[7.393,46.666],[7.391,46.67],[7.383,46.67],[7.377,46.673],[7.373,46.672],[7.377,46.672],[7.38,46.668],[7.377,46.666],[7.373,46.666],[7.365,46.672],[7.367,46.674],[7.37,46.674],[7.368,46.681],[7.373,46.683],[7.374,46.681],[7.383,46.679],[7.386,46.682],[7.39,46.683],[7.403,46.683],[7.405,46.688],[7.396,46.69],[7.395,46.695],[7.396,46.696],[7.403,46.694],[7.412,46.697],[7.406,46.701],[7.404,46.706],[7.412,46.71],[7.419,46.707],[7.422,46.709],[7.426,46.708],[7.426,46.715],[7.429,46.717],[7.435,46.715],[7.431,46.71],[7.435,46.712],[7.445,46.712],[7.446,46.715],[7.444,46.719],[7.448,46.721],[7.451,46.719],[7.458,46.719],[7.465,46.716],[7.468,46.719],[7.471,46.719],[7.474,46.717],[7.473,46.713],[7.475,46.711],[7.484,46.713],[7.488,46.717],[7.494,46.712],[7.501,46.715],[7.507,46.712],[7.511,46.712],[7.513,46.708],[7.53,46.709],[7.535,46.706],[7.534,46.699],[7.553,46.695],[7.567,46.695],[7.568,46.692],[7.55,46.688],[7.546,46.689],[7.547,46.692],[7.543,46.693],[7.52,46.694],[7.53,46.699],[7.527,46.702],[7.52,46.702],[7.518,46.704],[7.511,46.704],[7.504,46.707],[7.491,46.704],[7.478,46.704],[7.468,46.707],[7.456,46.699],[7.462,46.699],[7.467,46.697],[7.462,46.693],[7.458,46.692],[7.455,46.695],[7.442,46.697],[7.439,46.699],[7.421,46.697],[7.422,46.695],[7.412,46.691],[7.412,46.688],[7.435,46.69],[7.442,46.683],[7.435,46.682],[7.429,46.679],[7.416,46.679],[7.415,46.677],[7.417,46.674],[7.413,46.673],[7.409,46.674],[7.406,46.677],[7.405,46.674],[7.399,46.672],[7.396,46.675],[7.395,46.668]]],[[[7.53,46.686],[7.514,46.681],[7.507,46.683],[7.507,46.686],[7.505,46.688],[7.498,46.69],[7.498,46.692],[7.501,46.694],[7.517,46.694],[7.52,46.692],[7.517,46.691],[7.517,46.689],[7.527,46.69],[7.529,46.688],[7.53,46.686]]],[[[7.484,46.023],[7.487,46.022],[7.482,46.022],[7.484,46.023]]],[[[7.325,46.629],[7.316,46.629],[7.322,46.636],[7.314,46.636],[7.308,46.634],[7.299,46.636],[7.3,46.641],[7.297,46.643],[7.295,46.65],[7.305,46.653],[7.307,46.659],[7.311,46.664],[7.315,46.665],[7.317,46.663],[7.328,46.662],[7.337,46.663],[7.341,46.661],[7.347,46.665],[7.357,46.665],[7.359,46.663],[7.353,46.659],[7.354,46.655],[7.364,46.664],[7.367,46.662],[7.373,46.665],[7.378,46.665],[7.38,46.667],[7.382,46.665],[7.376,46.659],[7.375,46.656],[7.36,46.651],[7.357,46.648],[7.357,46.645],[7.354,46.641],[7.35,46.642],[7.347,46.641],[7.344,46.645],[7.344,46.648],[7.341,46.646],[7.338,46.647],[7.338,46.65],[7.336,46.652],[7.34,46.654],[7.334,46.653],[7.321,46.654],[7.32,46.652],[7.315,46.65],[7.318,46.649],[7.324,46.653],[7.326,46.65],[7.334,46.65],[7.34,46.645],[7.337,46.643],[7.34,46.641],[7.34,46.636],[7.337,46.634],[7.334,46.635],[7.325,46.629]]],[[[7.369,46.49],[7.367,46.488],[7.364,46.488],[7.354,46.492],[7.344,46.49],[7.334,46.492],[7.315,46.488],[7.308,46.494],[7.307,46.497],[7.315,46.503],[7.318,46.5],[7.321,46.501],[7.331,46.498],[7.331,46.501],[7.328,46.501],[7.325,46.504],[7.331,46.51],[7.338,46.507],[7.341,46.502],[7.351,46.503],[7.353,46.506],[7.353,46.517],[7.36,46.519],[7.363,46.515],[7.356,46.506],[7.36,46.504],[7.364,46.505],[7.367,46.504],[7.366,46.501],[7.36,46.497],[7.36,46.495],[7.364,46.495],[7.369,46.49]]],[[[7.328,46.551],[7.325,46.555],[7.328,46.557],[7.331,46.556],[7.338,46.561],[7.34,46.56],[7.338,46.556],[7.331,46.552],[7.328,46.551]]],[[[7.327,46.573],[7.318,46.568],[7.316,46.569],[7.312,46.573],[7.316,46.575],[7.316,46.58],[7.318,46.581],[7.319,46.58],[7.32,46.575],[7.329,46.578],[7.329,46.575],[7.327,46.573]]],[[[7.327,46.557],[7.318,46.549],[7.306,46.555],[7.311,46.558],[7.325,46.559],[7.327,46.557]]],[[[7.3,46.551],[7.295,46.549],[7.287,46.553],[7.287,46.555],[7.292,46.562],[7.297,46.562],[7.296,46.566],[7.298,46.568],[7.315,46.568],[7.316,46.566],[7.308,46.56],[7.308,46.557],[7.302,46.556],[7.299,46.553],[7.3,46.551]]],[[[7.269,46.521],[7.259,46.521],[7.258,46.524],[7.266,46.525],[7.269,46.528],[7.264,46.537],[7.259,46.54],[7.255,46.546],[7.26,46.551],[7.268,46.551],[7.262,46.546],[7.263,46.546],[7.279,46.552],[7.298,46.543],[7.305,46.543],[7.311,46.539],[7.311,46.537],[7.308,46.536],[7.298,46.535],[7.292,46.536],[7.29,46.537],[7.289,46.54],[7.285,46.54],[7.279,46.543],[7.269,46.54],[7.267,46.537],[7.272,46.535],[7.276,46.536],[7.278,46.533],[7.273,46.528],[7.274,46.526],[7.276,46.525],[7.28,46.526],[7.28,46.524],[7.269,46.521]]],[[[7.291,46.629],[7.286,46.629],[7.28,46.636],[7.286,46.641],[7.292,46.643],[7.296,46.641],[7.298,46.636],[7.294,46.634],[7.294,46.632],[7.291,46.629]]],[[[7.253,46.625],[7.249,46.622],[7.24,46.627],[7.244,46.629],[7.239,46.636],[7.24,46.638],[7.243,46.64],[7.249,46.64],[7.256,46.637],[7.265,46.643],[7.269,46.643],[7.272,46.645],[7.278,46.643],[7.278,46.641],[7.275,46.638],[7.271,46.636],[7.276,46.632],[7.274,46.629],[7.269,46.629],[7.269,46.632],[7.262,46.627],[7.264,46.625],[7.262,46.624],[7.253,46.625]]],[[[7.274,46.566],[7.266,46.562],[7.263,46.564],[7.263,46.566],[7.256,46.563],[7.252,46.566],[7.25,46.571],[7.256,46.572],[7.261,46.571],[7.263,46.574],[7.262,46.578],[7.263,46.58],[7.269,46.584],[7.276,46.585],[7.275,46.58],[7.271,46.578],[7.268,46.575],[7.268,46.573],[7.263,46.571],[7.266,46.568],[7.272,46.57],[7.274,46.569],[7.274,46.566]]],[[[7.227,46.549],[7.22,46.546],[7.212,46.555],[7.214,46.556],[7.215,46.56],[7.223,46.564],[7.243,46.567],[7.253,46.563],[7.254,46.562],[7.252,46.56],[7.253,46.559],[7.259,46.561],[7.264,46.557],[7.256,46.554],[7.253,46.551],[7.248,46.551],[7.246,46.548],[7.24,46.551],[7.24,46.553],[7.231,46.553],[7.227,46.549]]],[[[7.258,46.647],[7.239,46.639],[7.234,46.643],[7.239,46.648],[7.249,46.649],[7.259,46.653],[7.263,46.652],[7.258,46.647]]],[[[7.198,46.452],[7.194,46.456],[7.189,46.458],[7.189,46.461],[7.186,46.463],[7.188,46.465],[7.191,46.464],[7.198,46.469],[7.201,46.468],[7.203,46.47],[7.208,46.471],[7.22,46.47],[7.209,46.463],[7.208,46.461],[7.223,46.465],[7.223,46.467],[7.226,46.47],[7.231,46.47],[7.224,46.462],[7.214,46.456],[7.213,46.454],[7.214,46.452],[7.216,46.452],[7.211,46.45],[7.204,46.45],[7.201,46.452],[7.205,46.454],[7.199,46.454],[7.198,46.452]]],[[[7.198,46.452],[7.2,46.447],[7.204,46.449],[7.208,46.444],[7.211,46.446],[7.221,46.447],[7.23,46.445],[7.222,46.443],[7.221,46.441],[7.214,46.441],[7.205,46.438],[7.211,46.436],[7.217,46.438],[7.22,46.436],[7.221,46.432],[7.245,46.436],[7.253,46.439],[7.256,46.438],[7.256,46.434],[7.253,46.432],[7.253,46.427],[7.244,46.423],[7.241,46.425],[7.237,46.423],[7.234,46.424],[7.22,46.418],[7.214,46.411],[7.214,46.408],[7.216,46.407],[7.208,46.402],[7.211,46.398],[7.21,46.395],[7.206,46.393],[7.208,46.389],[7.207,46.386],[7.204,46.384],[7.205,46.381],[7.218,46.386],[7.221,46.39],[7.231,46.395],[7.233,46.398],[7.231,46.404],[7.237,46.408],[7.24,46.406],[7.244,46.41],[7.248,46.409],[7.249,46.402],[7.243,46.395],[7.247,46.394],[7.25,46.395],[7.252,46.391],[7.25,46.389],[7.244,46.389],[7.237,46.393],[7.236,46.391],[7.238,46.386],[7.227,46.38],[7.226,46.377],[7.217,46.371],[7.218,46.366],[7.211,46.361],[7.21,46.362],[7.209,46.366],[7.213,46.368],[7.202,46.364],[7.198,46.367],[7.195,46.364],[7.188,46.364],[7.185,46.362],[7.173,46.366],[7.186,46.373],[7.182,46.374],[7.172,46.374],[7.166,46.372],[7.161,46.373],[7.159,46.371],[7.156,46.371],[7.149,46.376],[7.143,46.375],[7.136,46.378],[7.128,46.375],[7.127,46.372],[7.125,46.375],[7.12,46.377],[7.101,46.373],[7.091,46.375],[7.089,46.377],[7.091,46.379],[7.098,46.379],[7.095,46.382],[7.095,46.386],[7.1,46.391],[7.104,46.39],[7.104,46.393],[7.107,46.396],[7.11,46.393],[7.117,46.397],[7.127,46.394],[7.131,46.397],[7.13,46.4],[7.133,46.402],[7.136,46.401],[7.146,46.405],[7.153,46.401],[7.159,46.4],[7.162,46.402],[7.169,46.399],[7.17,46.404],[7.16,46.413],[7.16,46.418],[7.165,46.42],[7.172,46.419],[7.181,46.413],[7.178,46.409],[7.18,46.407],[7.178,46.402],[7.174,46.4],[7.175,46.396],[7.179,46.398],[7.183,46.395],[7.186,46.395],[7.192,46.399],[7.192,46.402],[7.195,46.404],[7.194,46.407],[7.198,46.408],[7.196,46.411],[7.201,46.413],[7.2,46.42],[7.194,46.427],[7.195,46.432],[7.188,46.432],[7.185,46.436],[7.162,46.434],[7.15,46.438],[7.159,46.442],[7.169,46.442],[7.17,46.447],[7.175,46.449],[7.178,46.446],[7.182,46.447],[7.188,46.446],[7.19,46.447],[7.189,46.452],[7.195,46.454],[7.198,46.452]]],[[[7.231,46.395],[7.227,46.394],[7.226,46.395],[7.227,46.397],[7.231,46.395]]],[[[7.216,46.573],[7.211,46.573],[7.214,46.578],[7.211,46.58],[7.217,46.584],[7.222,46.582],[7.236,46.582],[7.239,46.58],[7.239,46.578],[7.233,46.574],[7.22,46.576],[7.216,46.573]]],[[[7.235,46.508],[7.23,46.507],[7.227,46.509],[7.22,46.506],[7.217,46.508],[7.215,46.512],[7.217,46.514],[7.221,46.512],[7.222,46.515],[7.227,46.519],[7.228,46.517],[7.233,46.515],[7.229,46.512],[7.235,46.508]]],[[[7.204,46.53],[7.198,46.524],[7.194,46.524],[7.192,46.526],[7.203,46.537],[7.198,46.546],[7.204,46.547],[7.207,46.544],[7.214,46.545],[7.217,46.548],[7.22,46.544],[7.216,46.542],[7.217,46.541],[7.224,46.542],[7.229,46.537],[7.22,46.533],[7.213,46.533],[7.211,46.53],[7.204,46.53]]],[[[7.129,46.526],[7.126,46.53],[7.132,46.532],[7.143,46.532],[7.139,46.537],[7.13,46.541],[7.13,46.544],[7.139,46.548],[7.159,46.55],[7.159,46.553],[7.165,46.555],[7.168,46.559],[7.173,46.559],[7.181,46.563],[7.192,46.562],[7.188,46.558],[7.184,46.558],[7.18,46.555],[7.183,46.553],[7.181,46.551],[7.175,46.551],[7.171,46.549],[7.169,46.546],[7.164,46.546],[7.161,46.544],[7.164,46.541],[7.163,46.539],[7.181,46.544],[7.184,46.542],[7.183,46.537],[7.181,46.535],[7.171,46.533],[7.17,46.53],[7.173,46.528],[7.173,46.526],[7.171,46.525],[7.152,46.527],[7.148,46.526],[7.141,46.521],[7.138,46.514],[7.132,46.512],[7.128,46.517],[7.121,46.521],[7.129,46.521],[7.132,46.523],[7.132,46.526],[7.129,46.526]]],[[[7.159,46.447],[7.153,46.449],[7.153,46.451],[7.156,46.453],[7.164,46.452],[7.159,46.447]]],[[[7.156,46.447],[7.152,46.443],[7.149,46.444],[7.145,46.449],[7.146,46.451],[7.156,46.447]]],[[[7.102,46.487],[7.1,46.486],[7.093,46.492],[7.088,46.494],[7.09,46.496],[7.097,46.494],[7.1,46.495],[7.101,46.496],[7.096,46.501],[7.097,46.503],[7.101,46.503],[7.103,46.506],[7.106,46.506],[7.11,46.509],[7.116,46.505],[7.118,46.508],[7.117,46.51],[7.118,46.512],[7.123,46.513],[7.129,46.511],[7.136,46.511],[7.139,46.512],[7.145,46.518],[7.148,46.517],[7.152,46.512],[7.145,46.51],[7.145,46.508],[7.142,46.506],[7.136,46.507],[7.134,46.505],[7.136,46.503],[7.125,46.503],[7.123,46.499],[7.119,46.499],[7.113,46.494],[7.107,46.494],[7.104,46.492],[7.102,46.487]]],[[[7.121,46.053],[7.116,46.045],[7.107,46.056],[7.098,46.062],[7.098,46.065],[7.109,46.07],[7.116,46.068],[7.117,46.067],[7.115,46.065],[7.118,46.062],[7.115,46.056],[7.116,46.054],[7.119,46.055],[7.121,46.053]]],[[[7.005,46.359],[7.003,46.357],[6.998,46.361],[6.997,46.363],[6.998,46.368],[6.996,46.37],[6.978,46.374],[6.984,46.377],[6.987,46.376],[6.99,46.377],[6.988,46.383],[6.99,46.385],[7.007,46.386],[7.004,46.388],[7.003,46.392],[6.997,46.395],[7.003,46.396],[7.01,46.393],[7.013,46.396],[7.023,46.397],[7.025,46.399],[7.026,46.404],[7.035,46.412],[7.041,46.408],[7.035,46.404],[7.034,46.399],[7.037,46.399],[7.042,46.402],[7.049,46.4],[7.053,46.402],[7.051,46.404],[7.055,46.405],[7.058,46.402],[7.06,46.408],[7.062,46.409],[7.065,46.406],[7.066,46.408],[7.078,46.413],[7.081,46.413],[7.083,46.411],[7.084,46.409],[7.08,46.404],[7.075,46.402],[7.074,46.4],[7.077,46.397],[7.079,46.397],[7.084,46.402],[7.087,46.4],[7.087,46.397],[7.081,46.393],[7.081,46.39],[7.078,46.389],[7.075,46.391],[7.068,46.392],[7.068,46.395],[7.062,46.393],[7.067,46.388],[7.065,46.386],[7.062,46.386],[7.052,46.387],[7.049,46.389],[7.036,46.392],[7.034,46.386],[7.031,46.384],[7.034,46.381],[7.041,46.379],[7.036,46.376],[7.029,46.38],[7.023,46.377],[7.019,46.379],[7.019,46.375],[7.021,46.372],[7.017,46.37],[7.017,46.366],[7.01,46.363],[7.006,46.366],[7.005,46.359]]],[[[7.084,46.402],[7.088,46.403],[7.088,46.401],[7.084,46.402]]],[[[7.075,46.391],[7.076,46.388],[7.073,46.388],[7.075,46.391]]],[[[6.996,46.415],[6.993,46.413],[6.991,46.415],[6.997,46.422],[7.013,46.43],[7.027,46.424],[7.016,46.422],[7.013,46.42],[7.006,46.42],[7.003,46.416],[6.996,46.415]]],[[[6.996,46.536],[6.992,46.536],[6.991,46.539],[6.999,46.539],[6.996,46.536]]],[[[6.999,46.539],[7.0,46.543],[7.004,46.548],[7.011,46.548],[7.002,46.537],[6.999,46.539]]],[[[7.004,46.073],[7.002,46.072],[6.996,46.075],[6.992,46.075],[7.001,46.078],[7.001,46.082],[7.006,46.086],[7.008,46.082],[7.004,46.08],[7.004,46.073]]],[[[6.81,46.215],[6.813,46.214],[6.813,46.211],[6.817,46.208],[6.82,46.212],[6.824,46.212],[6.826,46.215],[6.833,46.217],[6.837,46.216],[6.834,46.219],[6.846,46.223],[6.845,46.225],[6.848,46.228],[6.845,46.23],[6.852,46.233],[6.857,46.232],[6.854,46.23],[6.855,46.229],[6.859,46.231],[6.865,46.228],[6.858,46.223],[6.863,46.219],[6.856,46.214],[6.861,46.21],[6.856,46.205],[6.86,46.203],[6.861,46.198],[6.852,46.194],[6.848,46.194],[6.846,46.192],[6.842,46.192],[6.839,46.189],[6.839,46.185],[6.843,46.184],[6.853,46.186],[6.857,46.185],[6.846,46.178],[6.848,46.174],[6.846,46.172],[6.843,46.172],[6.837,46.175],[6.83,46.175],[6.83,46.171],[6.827,46.168],[6.824,46.167],[6.82,46.169],[6.814,46.165],[6.804,46.163],[6.804,46.159],[6.814,46.16],[6.817,46.158],[6.837,46.16],[6.842,46.158],[6.84,46.156],[6.833,46.157],[6.817,46.151],[6.847,46.151],[6.859,46.156],[6.869,46.147],[6.879,46.146],[6.882,46.151],[6.879,46.154],[6.886,46.156],[6.886,46.158],[6.88,46.163],[6.881,46.165],[6.887,46.165],[6.885,46.169],[6.888,46.171],[6.895,46.171],[6.898,46.169],[6.902,46.169],[6.901,46.172],[6.896,46.176],[6.898,46.178],[6.909,46.178],[6.911,46.18],[6.917,46.18],[6.918,46.183],[6.915,46.185],[6.916,46.187],[6.911,46.19],[6.914,46.193],[6.934,46.188],[6.937,46.185],[6.938,46.19],[6.936,46.192],[6.937,46.194],[6.931,46.199],[6.929,46.203],[6.94,46.204],[6.943,46.201],[6.943,46.193],[6.946,46.193],[6.95,46.188],[6.953,46.189],[6.956,46.187],[6.959,46.19],[6.963,46.19],[6.966,46.188],[6.972,46.188],[6.972,46.181],[6.968,46.179],[6.966,46.174],[6.959,46.17],[6.969,46.166],[6.973,46.167],[6.978,46.165],[6.982,46.166],[6.986,46.164],[6.992,46.166],[6.995,46.163],[6.994,46.161],[6.998,46.161],[7.001,46.159],[7.001,46.152],[6.999,46.15],[6.991,46.152],[6.989,46.15],[6.975,46.15],[6.971,46.145],[6.976,46.145],[6.982,46.14],[6.986,46.14],[6.989,46.138],[7.002,46.138],[7.008,46.134],[7.005,46.132],[7.001,46.132],[6.999,46.129],[6.992,46.128],[6.989,46.126],[6.986,46.12],[6.987,46.118],[6.983,46.114],[6.97,46.118],[6.966,46.114],[6.976,46.106],[6.982,46.105],[6.981,46.102],[6.967,46.098],[6.969,46.096],[6.967,46.094],[6.954,46.089],[6.957,46.084],[6.956,46.082],[6.95,46.08],[6.949,46.077],[6.944,46.073],[6.941,46.073],[6.946,46.068],[6.941,46.065],[6.931,46.071],[6.932,46.073],[6.931,46.074],[6.925,46.073],[6.918,46.076],[6.915,46.075],[6.915,46.073],[6.918,46.07],[6.922,46.07],[6.931,46.066],[6.925,46.062],[6.918,46.062],[6.915,46.059],[6.915,46.057],[6.906,46.05],[6.896,46.048],[6.89,46.043],[6.88,46.043],[6.877,46.046],[6.873,46.046],[6.867,46.05],[6.867,46.052],[6.87,46.055],[6.87,46.059],[6.873,46.061],[6.873,46.066],[6.883,46.073],[6.886,46.073],[6.886,46.084],[6.883,46.086],[6.883,46.097],[6.892,46.109],[6.892,46.124],[6.856,46.124],[6.853,46.127],[6.843,46.129],[6.84,46.131],[6.814,46.131],[6.808,46.135],[6.798,46.135],[6.795,46.137],[6.795,46.14],[6.792,46.142],[6.792,46.147],[6.788,46.149],[6.788,46.162],[6.791,46.164],[6.795,46.16],[6.795,46.163],[6.792,46.167],[6.798,46.171],[6.798,46.173],[6.801,46.176],[6.805,46.178],[6.804,46.18],[6.807,46.182],[6.807,46.192],[6.804,46.194],[6.804,46.198],[6.801,46.2],[6.801,46.205],[6.805,46.207],[6.804,46.209],[6.81,46.215]],[[6.912,46.086],[6.916,46.082],[6.915,46.086],[6.912,46.089],[6.912,46.093],[6.909,46.095],[6.908,46.098],[6.908,46.091],[6.905,46.089],[6.905,46.086],[6.912,46.086]]],[[[6.813,46.214],[6.813,46.217],[6.814,46.216],[6.813,46.214]]],[[[6.972,46.188],[6.97,46.19],[6.972,46.193],[6.976,46.192],[6.977,46.19],[6.972,46.188]]],[[[6.993,46.435],[6.99,46.433],[6.977,46.433],[6.973,46.435],[6.974,46.44],[6.98,46.444],[6.983,46.444],[6.986,46.441],[6.993,46.442],[6.999,46.445],[7.0,46.442],[7.003,46.44],[7.007,46.44],[6.999,46.438],[6.996,46.439],[6.995,46.437],[6.993,46.437],[6.993,46.435]]],[[[6.997,46.505],[6.989,46.503],[6.986,46.505],[6.989,46.51],[6.996,46.511],[6.997,46.514],[6.999,46.515],[7.004,46.512],[7.005,46.509],[6.999,46.508],[6.997,46.505]]],[[[6.982,46.476],[6.976,46.469],[6.971,46.473],[6.97,46.476],[6.979,46.48],[6.978,46.485],[6.983,46.485],[6.984,46.489],[6.986,46.49],[6.988,46.489],[6.988,46.485],[6.983,46.479],[6.98,46.478],[6.982,46.476]]],[[[6.868,46.256],[6.862,46.254],[6.858,46.255],[6.853,46.259],[6.855,46.261],[6.858,46.26],[6.861,46.261],[6.859,46.264],[6.861,46.267],[6.865,46.267],[6.866,46.266],[6.864,46.264],[6.865,46.263],[6.868,46.265],[6.871,46.262],[6.874,46.265],[6.881,46.265],[6.884,46.263],[6.891,46.266],[6.893,46.264],[6.89,46.259],[6.884,46.256],[6.881,46.256],[6.874,46.26],[6.868,46.256]]],[[[6.891,46.266],[6.891,46.268],[6.894,46.271],[6.896,46.268],[6.894,46.266],[6.891,46.266]]],[[[6.876,46.286],[6.864,46.284],[6.855,46.291],[6.844,46.293],[6.848,46.296],[6.861,46.295],[6.865,46.288],[6.876,46.286]]],[[[6.802,46.336],[6.796,46.331],[6.786,46.331],[6.78,46.337],[6.78,46.342],[6.773,46.346],[6.77,46.349],[6.77,46.352],[6.767,46.353],[6.77,46.355],[6.787,46.355],[6.786,46.357],[6.783,46.356],[6.778,46.358],[6.777,46.36],[6.782,46.362],[6.793,46.36],[6.795,46.362],[6.802,46.362],[6.807,46.358],[6.814,46.356],[6.815,46.353],[6.795,46.349],[6.796,46.346],[6.799,46.348],[6.805,46.346],[6.822,46.346],[6.834,46.342],[6.813,46.338],[6.807,46.335],[6.802,46.336]]],[[[6.827,46.358],[6.825,46.356],[6.815,46.357],[6.813,46.358],[6.812,46.361],[6.809,46.362],[6.809,46.365],[6.821,46.365],[6.828,46.367],[6.831,46.365],[6.826,46.362],[6.827,46.358]]],[[[6.825,46.317],[6.819,46.314],[6.813,46.317],[6.809,46.321],[6.799,46.32],[6.797,46.322],[6.802,46.326],[6.806,46.327],[6.815,46.326],[6.818,46.324],[6.814,46.322],[6.825,46.32],[6.825,46.317]]]]},"properties":{"value":5,"fill":"#CDFFCD","zIndex":1},"id":"0"},{"type":"Feature","geometry":{"type":"MultiPolygon","coordinates":[[[[10.474,46.564],[10.471,46.564],[10.469,46.574],[10.474,46.58],[10.466,46.581],[10.451,46.587],[10.457,46.594],[10.464,46.595],[10.473,46.59],[10.483,46.591],[10.485,46.582],[10.478,46.573],[10.476,46.566],[10.474,46.564]]],[[[10.444,46.554],[10.449,46.56],[10.455,46.558],[10.458,46.561],[10.462,46.561],[10.462,46.565],[10.465,46.566],[10.467,46.564],[10.466,46.562],[10.468,46.559],[10.474,46.562],[10.475,46.564],[10.476,46.56],[10.479,46.557],[10.474,46.555],[10.474,46.55],[10.476,46.548],[10.471,46.547],[10.468,46.542],[10.457,46.539],[10.444,46.539],[10.443,46.54],[10.444,46.542],[10.455,46.542],[10.451,46.544],[10.444,46.544],[10.45,46.549],[10.444,46.554]]],[[[10.462,46.565],[10.455,46.566],[10.452,46.561],[10.449,46.56],[10.445,46.565],[10.449,46.566],[10.446,46.572],[10.449,46.574],[10.459,46.571],[10.464,46.567],[10.462,46.565]]],[[[10.466,46.839],[10.461,46.839],[10.46,46.844],[10.468,46.856],[10.47,46.85],[10.466,46.848],[10.466,46.839]]],[[[10.399,46.699],[10.394,46.697],[10.39,46.699],[10.389,46.704],[10.372,46.708],[10.365,46.716],[10.355,46.718],[10.358,46.723],[10.356,46.725],[10.36,46.727],[10.366,46.725],[10.394,46.726],[10.383,46.733],[10.376,46.733],[10.373,46.731],[10.37,46.733],[10.367,46.736],[10.371,46.74],[10.369,46.743],[10.362,46.745],[10.354,46.745],[10.338,46.739],[10.326,46.741],[10.324,46.748],[10.335,46.75],[10.335,46.753],[10.32,46.764],[10.319,46.769],[10.316,46.773],[10.317,46.775],[10.323,46.771],[10.331,46.771],[10.336,46.768],[10.334,46.77],[10.339,46.77],[10.339,46.773],[10.334,46.777],[10.333,46.78],[10.337,46.782],[10.34,46.78],[10.359,46.778],[10.362,46.774],[10.363,46.767],[10.388,46.767],[10.39,46.769],[10.386,46.776],[10.389,46.778],[10.392,46.775],[10.402,46.773],[10.412,46.764],[10.401,46.757],[10.404,46.754],[10.407,46.756],[10.411,46.755],[10.414,46.757],[10.417,46.755],[10.42,46.757],[10.418,46.766],[10.421,46.768],[10.428,46.768],[10.422,46.773],[10.428,46.774],[10.432,46.777],[10.429,46.779],[10.425,46.786],[10.417,46.793],[10.416,46.796],[10.407,46.802],[10.407,46.805],[10.405,46.807],[10.407,46.81],[10.414,46.814],[10.42,46.804],[10.421,46.809],[10.425,46.809],[10.426,46.806],[10.429,46.806],[10.433,46.813],[10.446,46.814],[10.447,46.817],[10.45,46.819],[10.442,46.824],[10.444,46.825],[10.45,46.824],[10.453,46.826],[10.452,46.83],[10.448,46.833],[10.446,46.837],[10.446,46.84],[10.448,46.842],[10.446,46.844],[10.448,46.846],[10.451,46.842],[10.456,46.842],[10.463,46.837],[10.459,46.835],[10.459,46.832],[10.454,46.828],[10.455,46.812],[10.452,46.81],[10.452,46.808],[10.448,46.806],[10.448,46.804],[10.445,46.801],[10.428,46.791],[10.431,46.788],[10.43,46.784],[10.435,46.783],[10.437,46.779],[10.44,46.777],[10.44,46.774],[10.443,46.772],[10.443,46.756],[10.44,46.752],[10.433,46.753],[10.402,46.735],[10.415,46.726],[10.418,46.723],[10.418,46.719],[10.414,46.714],[10.414,46.71],[10.408,46.706],[10.4,46.706],[10.399,46.699]]],[[[9.827,46.674],[9.824,46.67],[9.828,46.665],[9.823,46.66],[9.817,46.66],[9.814,46.664],[9.812,46.663],[9.812,46.661],[9.807,46.661],[9.781,46.654],[9.779,46.655],[9.778,46.659],[9.804,46.672],[9.806,46.677],[9.805,46.678],[9.775,46.671],[9.765,46.671],[9.758,46.668],[9.754,46.669],[9.759,46.673],[9.755,46.674],[9.754,46.676],[9.72,46.676],[9.723,46.68],[9.726,46.677],[9.733,46.682],[9.736,46.68],[9.734,46.683],[9.736,46.684],[9.746,46.681],[9.749,46.687],[9.753,46.683],[9.754,46.685],[9.757,46.685],[9.761,46.682],[9.765,46.682],[9.763,46.685],[9.763,46.691],[9.765,46.693],[9.762,46.698],[9.763,46.699],[9.767,46.698],[9.768,46.696],[9.767,46.693],[9.769,46.692],[9.776,46.694],[9.778,46.691],[9.779,46.689],[9.776,46.687],[9.772,46.687],[9.772,46.684],[9.779,46.683],[9.782,46.687],[9.795,46.686],[9.798,46.684],[9.808,46.686],[9.807,46.688],[9.796,46.695],[9.797,46.697],[9.794,46.7],[9.806,46.701],[9.808,46.702],[9.808,46.706],[9.806,46.709],[9.8,46.708],[9.799,46.709],[9.798,46.711],[9.802,46.713],[9.791,46.724],[9.794,46.728],[9.803,46.723],[9.807,46.723],[9.811,46.729],[9.803,46.733],[9.804,46.735],[9.814,46.734],[9.811,46.741],[9.804,46.747],[9.81,46.747],[9.814,46.745],[9.821,46.747],[9.821,46.744],[9.828,46.742],[9.828,46.737],[9.835,46.733],[9.835,46.728],[9.833,46.728],[9.831,46.724],[9.836,46.723],[9.841,46.719],[9.838,46.714],[9.85,46.71],[9.85,46.707],[9.835,46.702],[9.832,46.699],[9.828,46.701],[9.828,46.699],[9.832,46.696],[9.835,46.696],[9.837,46.699],[9.855,46.707],[9.853,46.71],[9.862,46.712],[9.868,46.711],[9.88,46.705],[9.884,46.7],[9.885,46.702],[9.882,46.707],[9.883,46.711],[9.875,46.716],[9.873,46.718],[9.874,46.72],[9.862,46.724],[9.859,46.729],[9.859,46.731],[9.866,46.731],[9.869,46.734],[9.867,46.739],[9.86,46.742],[9.86,46.745],[9.855,46.75],[9.859,46.755],[9.858,46.759],[9.853,46.761],[9.855,46.766],[9.846,46.768],[9.847,46.771],[9.84,46.775],[9.839,46.777],[9.842,46.779],[9.848,46.779],[9.841,46.789],[9.842,46.792],[9.852,46.789],[9.853,46.786],[9.858,46.782],[9.857,46.779],[9.85,46.775],[9.851,46.774],[9.861,46.779],[9.877,46.768],[9.876,46.763],[9.87,46.76],[9.87,46.751],[9.875,46.759],[9.88,46.762],[9.884,46.761],[9.885,46.758],[9.898,46.749],[9.899,46.745],[9.896,46.743],[9.893,46.745],[9.889,46.745],[9.884,46.743],[9.88,46.738],[9.882,46.736],[9.886,46.736],[9.899,46.744],[9.902,46.743],[9.906,46.741],[9.908,46.738],[9.908,46.73],[9.912,46.733],[9.924,46.721],[9.934,46.715],[9.936,46.717],[9.933,46.721],[9.933,46.726],[9.93,46.728],[9.928,46.733],[9.923,46.737],[9.923,46.742],[9.918,46.749],[9.918,46.753],[9.92,46.755],[9.914,46.758],[9.912,46.765],[9.896,46.778],[9.895,46.781],[9.896,46.783],[9.892,46.788],[9.882,46.797],[9.874,46.799],[9.87,46.802],[9.886,46.805],[9.892,46.798],[9.898,46.797],[9.908,46.792],[9.918,46.785],[9.927,46.783],[9.933,46.778],[9.936,46.773],[9.94,46.772],[9.943,46.773],[9.935,46.787],[9.925,46.797],[9.915,46.803],[9.908,46.805],[9.904,46.812],[9.899,46.816],[9.894,46.819],[9.886,46.821],[9.875,46.819],[9.876,46.824],[9.88,46.826],[9.881,46.835],[9.884,46.836],[9.897,46.832],[9.903,46.826],[9.914,46.825],[9.906,46.837],[9.889,46.844],[9.894,46.849],[9.905,46.848],[9.918,46.85],[9.92,46.849],[9.924,46.851],[9.933,46.849],[9.94,46.852],[9.947,46.85],[9.951,46.847],[9.95,46.845],[9.951,46.843],[9.958,46.836],[9.954,46.833],[9.965,46.828],[9.968,46.826],[9.968,46.824],[9.981,46.815],[9.988,46.816],[9.994,46.819],[9.986,46.822],[9.982,46.826],[9.979,46.835],[9.974,46.84],[9.974,46.842],[9.977,46.844],[9.968,46.851],[9.983,46.856],[9.994,46.855],[10.003,46.858],[10.013,46.859],[10.018,46.857],[10.019,46.851],[10.032,46.847],[10.04,46.85],[10.03,46.852],[10.029,46.854],[10.031,46.856],[10.031,46.859],[10.025,46.863],[10.026,46.868],[10.028,46.87],[10.026,46.872],[10.02,46.871],[10.013,46.874],[10.007,46.873],[10.004,46.875],[10.005,46.877],[10.004,46.88],[10.003,46.873],[10.0,46.871],[9.987,46.87],[9.979,46.871],[9.977,46.868],[9.97,46.868],[9.964,46.872],[9.948,46.878],[9.941,46.878],[9.938,46.876],[9.932,46.881],[9.928,46.882],[9.925,46.879],[9.921,46.879],[9.92,46.884],[9.917,46.886],[9.915,46.891],[9.906,46.894],[9.903,46.898],[9.907,46.902],[9.905,46.909],[9.907,46.91],[9.913,46.909],[9.933,46.901],[9.956,46.901],[9.972,46.898],[9.966,46.905],[9.96,46.908],[9.949,46.908],[9.93,46.915],[9.937,46.916],[9.94,46.913],[9.943,46.914],[9.946,46.913],[9.956,46.916],[9.966,46.916],[9.976,46.911],[9.979,46.911],[9.989,46.904],[9.998,46.902],[10.001,46.899],[10.005,46.899],[10.008,46.901],[10.021,46.901],[10.043,46.882],[10.047,46.883],[10.052,46.879],[10.052,46.867],[10.055,46.865],[10.062,46.864],[10.082,46.864],[10.084,46.862],[10.088,46.862],[10.091,46.86],[10.091,46.857],[10.094,46.855],[10.097,46.848],[10.104,46.843],[10.108,46.843],[10.114,46.848],[10.117,46.847],[10.12,46.85],[10.141,46.849],[10.147,46.853],[10.164,46.851],[10.177,46.86],[10.18,46.86],[10.194,46.868],[10.23,46.87],[10.231,46.877],[10.237,46.878],[10.238,46.885],[10.228,46.89],[10.228,46.895],[10.225,46.897],[10.232,46.901],[10.232,46.904],[10.239,46.906],[10.24,46.928],[10.243,46.932],[10.262,46.931],[10.266,46.929],[10.272,46.929],[10.275,46.927],[10.282,46.927],[10.285,46.924],[10.296,46.924],[10.298,46.926],[10.312,46.926],[10.312,46.929],[10.319,46.931],[10.32,46.937],[10.309,46.938],[10.306,46.94],[10.307,46.949],[10.313,46.953],[10.32,46.953],[10.326,46.957],[10.334,46.957],[10.334,46.977],[10.338,46.98],[10.338,46.982],[10.341,46.984],[10.348,46.984],[10.348,46.988],[10.354,46.992],[10.375,46.992],[10.375,46.997],[10.381,47.001],[10.394,47.0],[10.398,46.998],[10.403,46.994],[10.403,46.991],[10.405,46.989],[10.404,46.985],[10.413,46.98],[10.412,46.978],[10.41,46.977],[10.403,46.978],[10.4,46.981],[10.39,46.984],[10.385,46.978],[10.386,46.974],[10.383,46.971],[10.363,46.97],[10.36,46.964],[10.356,46.965],[10.354,46.963],[10.355,46.961],[10.354,46.959],[10.356,46.956],[10.349,46.955],[10.341,46.95],[10.326,46.948],[10.323,46.946],[10.325,46.939],[10.332,46.941],[10.337,46.939],[10.338,46.937],[10.336,46.93],[10.338,46.927],[10.34,46.935],[10.342,46.937],[10.345,46.939],[10.355,46.94],[10.356,46.939],[10.354,46.927],[10.352,46.925],[10.354,46.923],[10.361,46.923],[10.364,46.927],[10.368,46.927],[10.368,46.932],[10.375,46.934],[10.37,46.938],[10.369,46.941],[10.378,46.938],[10.379,46.94],[10.376,46.945],[10.378,46.947],[10.385,46.944],[10.388,46.947],[10.388,46.949],[10.392,46.951],[10.396,46.949],[10.388,46.941],[10.389,46.938],[10.387,46.936],[10.387,46.933],[10.389,46.931],[10.387,46.926],[10.39,46.925],[10.394,46.926],[10.394,46.929],[10.397,46.93],[10.402,46.928],[10.402,46.933],[10.404,46.937],[10.411,46.942],[10.414,46.936],[10.417,46.939],[10.421,46.939],[10.427,46.936],[10.428,46.937],[10.426,46.941],[10.427,46.944],[10.434,46.942],[10.436,46.946],[10.438,46.946],[10.44,46.941],[10.447,46.943],[10.449,46.941],[10.446,46.936],[10.459,46.934],[10.459,46.932],[10.451,46.925],[10.446,46.924],[10.448,46.918],[10.439,46.916],[10.432,46.907],[10.435,46.905],[10.432,46.902],[10.418,46.9],[10.415,46.897],[10.405,46.894],[10.398,46.889],[10.395,46.884],[10.388,46.885],[10.385,46.888],[10.38,46.886],[10.381,46.879],[10.378,46.875],[10.382,46.873],[10.381,46.87],[10.367,46.863],[10.354,46.864],[10.354,46.866],[10.357,46.869],[10.364,46.871],[10.362,46.88],[10.352,46.883],[10.346,46.887],[10.349,46.89],[10.356,46.893],[10.357,46.896],[10.352,46.895],[10.349,46.899],[10.344,46.896],[10.339,46.898],[10.335,46.896],[10.333,46.899],[10.33,46.9],[10.326,46.898],[10.319,46.899],[10.32,46.902],[10.324,46.903],[10.325,46.906],[10.305,46.906],[10.306,46.913],[10.311,46.917],[10.314,46.916],[10.318,46.918],[10.314,46.918],[10.311,46.92],[10.31,46.917],[10.307,46.917],[10.304,46.92],[10.305,46.915],[10.3,46.911],[10.294,46.91],[10.29,46.911],[10.289,46.909],[10.291,46.906],[10.304,46.906],[10.305,46.897],[10.311,46.893],[10.318,46.883],[10.316,46.882],[10.306,46.883],[10.29,46.888],[10.287,46.886],[10.283,46.887],[10.283,46.885],[10.288,46.88],[10.287,46.877],[10.278,46.878],[10.275,46.875],[10.282,46.872],[10.296,46.874],[10.302,46.871],[10.305,46.866],[10.32,46.863],[10.311,46.862],[10.305,46.854],[10.307,46.852],[10.314,46.85],[10.315,46.847],[10.32,46.847],[10.321,46.845],[10.314,46.841],[10.298,46.846],[10.296,46.843],[10.298,46.839],[10.297,46.837],[10.287,46.834],[10.274,46.834],[10.27,46.833],[10.267,46.83],[10.262,46.829],[10.26,46.826],[10.267,46.825],[10.268,46.822],[10.26,46.817],[10.257,46.82],[10.253,46.82],[10.25,46.817],[10.237,46.817],[10.227,46.813],[10.224,46.814],[10.224,46.816],[10.219,46.821],[10.221,46.823],[10.218,46.828],[10.214,46.828],[10.205,46.835],[10.198,46.832],[10.199,46.828],[10.193,46.826],[10.189,46.821],[10.19,46.812],[10.187,46.808],[10.197,46.798],[10.193,46.797],[10.191,46.799],[10.169,46.804],[10.167,46.804],[10.167,46.802],[10.164,46.799],[10.162,46.799],[10.157,46.801],[10.154,46.806],[10.154,46.809],[10.151,46.811],[10.145,46.813],[10.142,46.812],[10.138,46.813],[10.134,46.807],[10.136,46.802],[10.124,46.792],[10.121,46.792],[10.118,46.789],[10.111,46.788],[10.108,46.791],[10.101,46.793],[10.098,46.798],[10.093,46.801],[10.096,46.806],[10.095,46.807],[10.092,46.806],[10.09,46.801],[10.088,46.8],[10.086,46.806],[10.084,46.806],[10.085,46.804],[10.083,46.801],[10.085,46.799],[10.085,46.796],[10.083,46.795],[10.083,46.792],[10.087,46.788],[10.087,46.785],[10.09,46.783],[10.089,46.781],[10.074,46.781],[10.071,46.783],[10.061,46.785],[10.058,46.782],[10.073,46.772],[10.071,46.768],[10.067,46.766],[10.057,46.767],[10.054,46.763],[10.034,46.765],[10.03,46.764],[10.025,46.769],[10.015,46.772],[10.008,46.776],[10.011,46.771],[10.018,46.765],[10.017,46.762],[10.012,46.76],[10.008,46.761],[10.005,46.759],[10.001,46.759],[9.995,46.754],[9.987,46.752],[9.985,46.75],[9.969,46.748],[9.978,46.747],[9.983,46.741],[9.981,46.738],[9.983,46.736],[9.98,46.729],[9.976,46.725],[9.977,46.723],[9.973,46.721],[9.971,46.718],[9.974,46.718],[9.98,46.722],[9.985,46.729],[9.985,46.734],[9.99,46.743],[10.001,46.744],[10.007,46.75],[10.02,46.749],[10.027,46.75],[10.03,46.752],[10.037,46.75],[10.04,46.747],[10.053,46.747],[10.06,46.745],[10.061,46.743],[10.052,46.739],[10.055,46.734],[10.052,46.732],[10.042,46.728],[10.036,46.728],[10.038,46.721],[10.037,46.717],[10.035,46.715],[10.031,46.715],[10.025,46.71],[10.032,46.71],[10.037,46.712],[10.038,46.714],[10.048,46.716],[10.05,46.719],[10.055,46.72],[10.058,46.719],[10.056,46.714],[10.058,46.712],[10.063,46.712],[10.059,46.703],[10.061,46.7],[10.057,46.696],[10.051,46.697],[10.047,46.695],[10.044,46.697],[10.04,46.697],[10.037,46.694],[10.034,46.694],[10.031,46.69],[10.037,46.685],[10.034,46.682],[10.01,46.681],[10.005,46.682],[10.001,46.679],[10.019,46.67],[10.013,46.666],[10.007,46.667],[9.996,46.673],[9.985,46.675],[9.981,46.674],[9.983,46.671],[9.993,46.664],[9.998,46.657],[10.003,46.655],[10.0,46.653],[9.996,46.653],[9.983,46.658],[9.98,46.657],[9.971,46.661],[9.964,46.661],[9.961,46.664],[9.948,46.666],[9.942,46.67],[9.938,46.67],[9.931,46.674],[9.936,46.679],[9.919,46.679],[9.916,46.682],[9.915,46.679],[9.912,46.677],[9.894,46.673],[9.883,46.667],[9.879,46.664],[9.879,46.662],[9.886,46.666],[9.9,46.668],[9.919,46.675],[9.921,46.672],[9.921,46.665],[9.929,46.663],[9.925,46.659],[9.917,46.657],[9.917,46.654],[9.931,46.655],[9.932,46.652],[9.921,46.643],[9.91,46.639],[9.924,46.637],[9.937,46.644],[9.94,46.642],[9.941,46.647],[9.944,46.649],[9.95,46.647],[9.952,46.642],[9.946,46.638],[9.946,46.635],[9.95,46.637],[9.953,46.641],[9.957,46.641],[9.963,46.639],[9.967,46.635],[9.966,46.633],[9.959,46.632],[9.947,46.627],[9.947,46.624],[9.943,46.624],[9.939,46.621],[9.932,46.62],[9.929,46.617],[9.923,46.618],[9.919,46.611],[9.91,46.617],[9.906,46.616],[9.905,46.612],[9.903,46.611],[9.893,46.612],[9.886,46.608],[9.893,46.603],[9.909,46.599],[9.91,46.598],[9.908,46.596],[9.905,46.595],[9.899,46.598],[9.883,46.601],[9.866,46.599],[9.853,46.594],[9.852,46.597],[9.847,46.595],[9.843,46.596],[9.84,46.594],[9.837,46.595],[9.839,46.593],[9.837,46.592],[9.82,46.589],[9.809,46.591],[9.811,46.594],[9.814,46.593],[9.818,46.596],[9.808,46.598],[9.804,46.601],[9.778,46.602],[9.772,46.605],[9.772,46.609],[9.776,46.611],[9.782,46.608],[9.788,46.61],[9.795,46.61],[9.808,46.608],[9.821,46.611],[9.82,46.614],[9.816,46.616],[9.802,46.619],[9.796,46.623],[9.789,46.625],[9.787,46.628],[9.793,46.633],[9.802,46.629],[9.806,46.629],[9.802,46.634],[9.803,46.637],[9.807,46.636],[9.809,46.638],[9.822,46.639],[9.823,46.638],[9.826,46.631],[9.825,46.626],[9.829,46.628],[9.833,46.625],[9.834,46.622],[9.832,46.62],[9.837,46.615],[9.834,46.612],[9.834,46.61],[9.848,46.614],[9.848,46.617],[9.845,46.62],[9.846,46.622],[9.855,46.625],[9.851,46.625],[9.848,46.629],[9.849,46.631],[9.844,46.633],[9.841,46.636],[9.841,46.638],[9.849,46.64],[9.848,46.642],[9.865,46.644],[9.868,46.646],[9.862,46.649],[9.862,46.651],[9.859,46.65],[9.852,46.651],[9.842,46.654],[9.842,46.658],[9.85,46.664],[9.85,46.667],[9.855,46.669],[9.851,46.674],[9.852,46.678],[9.85,46.679],[9.844,46.672],[9.839,46.672],[9.838,46.669],[9.831,46.667],[9.829,46.667],[9.829,46.67],[9.833,46.674],[9.827,46.674]],[[9.855,46.707],[9.858,46.704],[9.859,46.705],[9.855,46.707]],[[10.198,46.832],[10.197,46.835],[10.2,46.844],[10.192,46.838],[10.181,46.835],[10.185,46.833],[10.198,46.832]]],[[[10.342,46.545],[10.337,46.544],[10.334,46.545],[10.327,46.551],[10.321,46.551],[10.318,46.549],[10.298,46.549],[10.293,46.56],[10.287,46.565],[10.286,46.569],[10.276,46.575],[10.26,46.579],[10.259,46.581],[10.264,46.582],[10.266,46.585],[10.265,46.588],[10.262,46.59],[10.268,46.593],[10.271,46.585],[10.274,46.588],[10.277,46.586],[10.28,46.587],[10.281,46.592],[10.284,46.593],[10.287,46.592],[10.29,46.588],[10.297,46.587],[10.299,46.585],[10.299,46.582],[10.296,46.579],[10.296,46.575],[10.299,46.575],[10.306,46.579],[10.309,46.578],[10.31,46.575],[10.304,46.569],[10.304,46.562],[10.309,46.563],[10.312,46.569],[10.318,46.573],[10.322,46.573],[10.325,46.571],[10.328,46.565],[10.335,46.57],[10.339,46.57],[10.341,46.568],[10.353,46.57],[10.366,46.569],[10.37,46.572],[10.374,46.571],[10.378,46.573],[10.402,46.566],[10.407,46.567],[10.407,46.569],[10.398,46.575],[10.399,46.578],[10.407,46.578],[10.417,46.581],[10.42,46.579],[10.42,46.577],[10.413,46.572],[10.417,46.572],[10.419,46.57],[10.427,46.568],[10.417,46.564],[10.415,46.561],[10.416,46.559],[10.426,46.56],[10.436,46.554],[10.435,46.549],[10.428,46.548],[10.416,46.552],[10.409,46.551],[10.406,46.549],[10.386,46.549],[10.383,46.552],[10.377,46.553],[10.377,46.559],[10.367,46.56],[10.354,46.559],[10.353,46.556],[10.35,46.555],[10.349,46.552],[10.342,46.545]]],[[[10.42,46.577],[10.427,46.578],[10.428,46.577],[10.423,46.574],[10.418,46.575],[10.42,46.577]]],[[[10.41,46.634],[10.394,46.632],[10.391,46.634],[10.381,46.634],[10.367,46.637],[10.371,46.638],[10.376,46.643],[10.376,46.646],[10.373,46.65],[10.383,46.652],[10.385,46.654],[10.379,46.655],[10.374,46.659],[10.376,46.664],[10.373,46.662],[10.361,46.668],[10.359,46.671],[10.36,46.676],[10.364,46.677],[10.364,46.68],[10.378,46.682],[10.378,46.684],[10.371,46.688],[10.369,46.691],[10.368,46.693],[10.371,46.695],[10.388,46.693],[10.39,46.69],[10.386,46.688],[10.385,46.679],[10.389,46.677],[10.389,46.675],[10.392,46.672],[10.392,46.665],[10.395,46.663],[10.393,46.656],[10.397,46.652],[10.396,46.647],[10.4,46.645],[10.4,46.64],[10.417,46.638],[10.41,46.634]]],[[[10.359,46.584],[10.345,46.58],[10.34,46.581],[10.338,46.584],[10.339,46.586],[10.326,46.589],[10.317,46.594],[10.312,46.595],[10.31,46.598],[10.319,46.6],[10.319,46.602],[10.314,46.605],[10.301,46.605],[10.291,46.61],[10.283,46.612],[10.281,46.619],[10.268,46.63],[10.276,46.632],[10.283,46.631],[10.286,46.635],[10.289,46.636],[10.296,46.632],[10.3,46.632],[10.299,46.627],[10.295,46.623],[10.295,46.621],[10.298,46.62],[10.305,46.621],[10.305,46.617],[10.315,46.617],[10.32,46.613],[10.324,46.612],[10.327,46.607],[10.33,46.608],[10.347,46.599],[10.348,46.597],[10.345,46.595],[10.346,46.594],[10.356,46.594],[10.362,46.589],[10.37,46.587],[10.365,46.582],[10.359,46.584]]],[[[10.339,46.647],[10.336,46.646],[10.333,46.649],[10.327,46.651],[10.342,46.66],[10.337,46.665],[10.34,46.666],[10.346,46.664],[10.359,46.653],[10.356,46.652],[10.346,46.657],[10.341,46.653],[10.339,46.647]]],[[[10.326,46.651],[10.323,46.65],[10.31,46.652],[10.307,46.65],[10.294,46.651],[10.287,46.654],[10.286,46.655],[10.298,46.657],[10.301,46.659],[10.294,46.661],[10.291,46.664],[10.291,46.666],[10.297,46.672],[10.295,46.675],[10.292,46.674],[10.289,46.677],[10.282,46.68],[10.278,46.668],[10.275,46.664],[10.271,46.666],[10.268,46.663],[10.267,46.666],[10.268,46.669],[10.265,46.67],[10.262,46.669],[10.257,46.671],[10.256,46.681],[10.253,46.682],[10.244,46.68],[10.244,46.683],[10.246,46.685],[10.245,46.687],[10.233,46.687],[10.213,46.681],[10.211,46.679],[10.206,46.679],[10.204,46.681],[10.205,46.686],[10.209,46.688],[10.211,46.691],[10.207,46.691],[10.201,46.696],[10.198,46.696],[10.194,46.692],[10.188,46.691],[10.184,46.693],[10.185,46.698],[10.175,46.698],[10.172,46.701],[10.165,46.699],[10.159,46.701],[10.162,46.705],[10.16,46.707],[10.172,46.711],[10.176,46.714],[10.156,46.717],[10.144,46.712],[10.136,46.711],[10.131,46.715],[10.123,46.714],[10.121,46.72],[10.102,46.729],[10.11,46.733],[10.11,46.735],[10.107,46.738],[10.112,46.739],[10.115,46.742],[10.105,46.747],[10.106,46.749],[10.11,46.749],[10.112,46.751],[10.115,46.75],[10.119,46.752],[10.122,46.751],[10.118,46.745],[10.121,46.742],[10.121,46.737],[10.131,46.743],[10.135,46.741],[10.143,46.744],[10.146,46.75],[10.144,46.753],[10.145,46.756],[10.152,46.755],[10.153,46.752],[10.15,46.748],[10.151,46.746],[10.149,46.741],[10.151,46.738],[10.155,46.739],[10.161,46.747],[10.165,46.743],[10.166,46.748],[10.171,46.75],[10.178,46.75],[10.184,46.753],[10.187,46.752],[10.18,46.738],[10.18,46.735],[10.185,46.734],[10.179,46.727],[10.184,46.725],[10.186,46.719],[10.189,46.72],[10.189,46.722],[10.193,46.721],[10.199,46.716],[10.202,46.716],[10.204,46.717],[10.197,46.729],[10.206,46.729],[10.226,46.735],[10.227,46.733],[10.225,46.728],[10.221,46.724],[10.226,46.721],[10.222,46.719],[10.225,46.717],[10.228,46.716],[10.232,46.718],[10.233,46.717],[10.234,46.712],[10.23,46.71],[10.233,46.708],[10.229,46.706],[10.228,46.703],[10.23,46.701],[10.241,46.703],[10.247,46.701],[10.25,46.698],[10.257,46.697],[10.26,46.698],[10.26,46.7],[10.252,46.707],[10.254,46.708],[10.267,46.705],[10.274,46.706],[10.277,46.705],[10.279,46.709],[10.283,46.708],[10.287,46.71],[10.289,46.709],[10.289,46.706],[10.279,46.7],[10.28,46.698],[10.283,46.7],[10.286,46.698],[10.29,46.698],[10.3,46.703],[10.302,46.697],[10.298,46.695],[10.298,46.69],[10.309,46.691],[10.318,46.686],[10.323,46.687],[10.321,46.69],[10.323,46.692],[10.319,46.699],[10.322,46.701],[10.323,46.705],[10.326,46.708],[10.329,46.706],[10.332,46.71],[10.334,46.71],[10.339,46.707],[10.341,46.701],[10.337,46.696],[10.345,46.697],[10.348,46.696],[10.35,46.694],[10.351,46.689],[10.348,46.686],[10.341,46.683],[10.341,46.678],[10.337,46.673],[10.329,46.672],[10.326,46.669],[10.327,46.667],[10.334,46.667],[10.339,46.662],[10.327,46.656],[10.328,46.654],[10.326,46.651]]],[[[10.249,46.73],[10.258,46.734],[10.244,46.739],[10.247,46.743],[10.244,46.746],[10.244,46.748],[10.246,46.751],[10.25,46.748],[10.253,46.749],[10.256,46.748],[10.258,46.752],[10.257,46.754],[10.26,46.757],[10.263,46.751],[10.266,46.753],[10.269,46.751],[10.273,46.752],[10.277,46.756],[10.274,46.758],[10.276,46.763],[10.277,46.764],[10.28,46.763],[10.278,46.761],[10.286,46.756],[10.284,46.754],[10.286,46.751],[10.282,46.751],[10.283,46.747],[10.279,46.743],[10.277,46.743],[10.278,46.74],[10.286,46.738],[10.285,46.736],[10.279,46.734],[10.276,46.731],[10.277,46.729],[10.268,46.728],[10.258,46.723],[10.249,46.73]]],[[[10.225,46.651],[10.238,46.647],[10.232,46.645],[10.212,46.646],[10.206,46.648],[10.206,46.65],[10.207,46.652],[10.212,46.654],[10.219,46.654],[10.222,46.65],[10.225,46.651]]],[[[10.238,46.647],[10.24,46.645],[10.238,46.644],[10.236,46.645],[10.238,46.647]]],[[[10.218,46.742],[10.209,46.731],[10.205,46.735],[10.203,46.741],[10.21,46.741],[10.214,46.748],[10.214,46.744],[10.218,46.742]]],[[[10.096,46.598],[10.085,46.603],[10.094,46.605],[10.093,46.608],[10.082,46.612],[10.074,46.612],[10.073,46.615],[10.076,46.617],[10.083,46.617],[10.093,46.621],[10.077,46.627],[10.07,46.625],[10.064,46.627],[10.057,46.625],[10.044,46.636],[10.048,46.637],[10.055,46.633],[10.059,46.633],[10.057,46.638],[10.063,46.64],[10.061,46.647],[10.065,46.649],[10.074,46.641],[10.078,46.644],[10.083,46.642],[10.084,46.64],[10.089,46.644],[10.088,46.648],[10.09,46.65],[10.09,46.653],[10.094,46.655],[10.096,46.652],[10.094,46.648],[10.101,46.646],[10.108,46.65],[10.111,46.648],[10.112,46.645],[10.106,46.641],[10.099,46.628],[10.103,46.624],[10.113,46.633],[10.116,46.631],[10.118,46.627],[10.116,46.623],[10.119,46.62],[10.126,46.627],[10.132,46.625],[10.139,46.631],[10.139,46.635],[10.143,46.638],[10.156,46.637],[10.157,46.635],[10.142,46.627],[10.139,46.622],[10.142,46.62],[10.162,46.628],[10.168,46.626],[10.167,46.624],[10.169,46.622],[10.165,46.619],[10.148,46.614],[10.141,46.609],[10.138,46.61],[10.131,46.607],[10.118,46.607],[10.112,46.611],[10.101,46.61],[10.101,46.603],[10.096,46.598]]],[[[10.128,46.377],[10.122,46.377],[10.118,46.38],[10.127,46.388],[10.137,46.39],[10.133,46.393],[10.144,46.397],[10.15,46.397],[10.151,46.399],[10.145,46.406],[10.147,46.408],[10.154,46.411],[10.161,46.411],[10.162,46.399],[10.161,46.394],[10.15,46.394],[10.148,46.392],[10.149,46.388],[10.146,46.385],[10.136,46.385],[10.128,46.377]]],[[[10.15,46.644],[10.143,46.64],[10.141,46.642],[10.142,46.645],[10.139,46.647],[10.135,46.654],[10.135,46.658],[10.133,46.661],[10.134,46.664],[10.143,46.663],[10.141,46.66],[10.143,46.652],[10.147,46.653],[10.15,46.65],[10.15,46.644]]],[[[10.101,46.405],[10.095,46.403],[10.082,46.412],[10.077,46.419],[10.07,46.42],[10.06,46.428],[10.077,46.43],[10.082,46.426],[10.083,46.422],[10.093,46.421],[10.096,46.421],[10.106,46.429],[10.116,46.429],[10.12,46.427],[10.12,46.422],[10.124,46.42],[10.126,46.418],[10.125,46.417],[10.119,46.419],[10.093,46.418],[10.091,46.416],[10.092,46.414],[10.097,46.412],[10.101,46.405]]],[[[10.12,46.371],[10.116,46.37],[10.113,46.372],[10.107,46.372],[10.102,46.376],[10.111,46.375],[10.12,46.377],[10.121,46.373],[10.12,46.371]]],[[[10.107,46.344],[10.103,46.344],[10.105,46.349],[10.101,46.351],[10.104,46.353],[10.104,46.355],[10.099,46.36],[10.106,46.361],[10.116,46.366],[10.119,46.366],[10.121,46.362],[10.119,46.358],[10.108,46.357],[10.106,46.353],[10.107,46.344]]],[[[9.961,46.533],[9.971,46.527],[9.963,46.52],[9.961,46.516],[9.964,46.512],[9.964,46.509],[9.958,46.505],[9.966,46.501],[9.972,46.493],[9.977,46.495],[9.978,46.498],[9.975,46.5],[9.975,46.502],[9.978,46.509],[9.98,46.511],[9.983,46.511],[9.983,46.513],[9.98,46.516],[9.983,46.516],[9.985,46.52],[9.99,46.521],[9.993,46.518],[9.993,46.512],[10.0,46.511],[9.994,46.502],[9.99,46.5],[9.992,46.495],[9.998,46.497],[10.002,46.505],[10.009,46.507],[10.023,46.497],[10.024,46.488],[10.028,46.491],[10.033,46.492],[10.031,46.501],[10.032,46.505],[10.03,46.51],[10.023,46.515],[10.021,46.521],[10.012,46.528],[10.011,46.531],[10.0,46.538],[10.007,46.539],[10.017,46.538],[10.026,46.53],[10.036,46.524],[10.04,46.523],[10.046,46.525],[10.042,46.526],[10.038,46.53],[10.036,46.537],[10.031,46.539],[10.035,46.546],[10.034,46.547],[10.03,46.545],[10.018,46.553],[10.014,46.551],[10.007,46.553],[10.005,46.556],[9.998,46.556],[9.995,46.559],[9.989,46.56],[9.982,46.566],[9.973,46.569],[9.969,46.568],[9.958,46.572],[9.963,46.577],[9.975,46.576],[9.975,46.579],[9.977,46.58],[9.977,46.576],[9.983,46.576],[9.986,46.572],[9.989,46.574],[9.993,46.573],[9.996,46.578],[10.003,46.577],[10.006,46.579],[10.006,46.574],[10.0,46.567],[10.002,46.566],[10.009,46.568],[10.012,46.572],[10.019,46.576],[10.025,46.573],[10.025,46.571],[10.028,46.569],[10.029,46.566],[10.027,46.562],[10.028,46.56],[10.035,46.566],[10.038,46.562],[10.041,46.568],[10.04,46.573],[10.042,46.577],[10.045,46.579],[10.051,46.574],[10.052,46.57],[10.057,46.566],[10.052,46.561],[10.053,46.559],[10.052,46.557],[10.054,46.556],[10.061,46.563],[10.064,46.562],[10.068,46.563],[10.066,46.565],[10.067,46.567],[10.077,46.57],[10.077,46.572],[10.079,46.567],[10.076,46.565],[10.075,46.561],[10.07,46.558],[10.069,46.554],[10.056,46.546],[10.053,46.546],[10.048,46.541],[10.048,46.534],[10.051,46.532],[10.049,46.528],[10.054,46.525],[10.054,46.523],[10.051,46.521],[10.051,46.516],[10.048,46.515],[10.047,46.512],[10.044,46.51],[10.043,46.503],[10.047,46.501],[10.045,46.485],[10.046,46.478],[10.049,46.476],[10.048,46.474],[10.053,46.468],[10.049,46.468],[10.043,46.471],[10.041,46.474],[10.017,46.475],[10.011,46.473],[9.995,46.473],[9.991,46.472],[9.988,46.469],[9.981,46.47],[9.974,46.461],[9.971,46.46],[9.964,46.462],[9.958,46.467],[9.945,46.473],[9.94,46.478],[9.943,46.48],[9.952,46.478],[9.952,46.483],[9.933,46.494],[9.934,46.497],[9.927,46.498],[9.924,46.502],[9.912,46.508],[9.907,46.513],[9.908,46.515],[9.921,46.509],[9.933,46.51],[9.932,46.512],[9.915,46.522],[9.905,46.526],[9.903,46.529],[9.906,46.53],[9.923,46.521],[9.934,46.518],[9.943,46.523],[9.919,46.535],[9.914,46.54],[9.926,46.542],[9.929,46.54],[9.933,46.545],[9.935,46.538],[9.939,46.542],[9.942,46.541],[9.945,46.543],[9.955,46.545],[9.955,46.541],[9.951,46.537],[9.955,46.534],[9.951,46.53],[9.955,46.532],[9.958,46.531],[9.961,46.533]]],[[[9.971,46.527],[9.968,46.529],[9.968,46.535],[9.966,46.536],[9.974,46.536],[9.976,46.531],[9.971,46.527]]],[[[10.077,46.572],[10.073,46.574],[10.068,46.585],[10.062,46.586],[10.046,46.593],[10.051,46.595],[10.052,46.598],[10.059,46.595],[10.062,46.591],[10.064,46.592],[10.065,46.595],[10.069,46.596],[10.073,46.595],[10.081,46.588],[10.094,46.585],[10.096,46.583],[10.091,46.582],[10.081,46.573],[10.077,46.572]]],[[[10.094,46.585],[10.098,46.586],[10.097,46.584],[10.094,46.585]]],[[[10.059,46.252],[10.06476,46.25072],[10.064,46.253],[10.066,46.253],[10.0652068966,46.2506206897],[10.068,46.25],[10.075,46.252],[10.079,46.25],[10.065,46.243],[10.061,46.244],[10.06,46.248],[10.057,46.251],[10.059,46.252]]],[[[10.069,46.226],[10.064,46.224],[10.057,46.225],[10.049,46.231],[10.049,46.235],[10.055,46.239],[10.058,46.244],[10.061,46.243],[10.063,46.239],[10.06,46.237],[10.061,46.228],[10.064,46.227],[10.068,46.228],[10.069,46.226]]],[[[10.058,46.271],[10.043,46.27],[10.038,46.274],[10.038,46.276],[10.04,46.279],[10.044,46.28],[10.049,46.273],[10.058,46.271]]],[[[10.021,46.411],[10.027,46.413],[10.03,46.41],[10.034,46.41],[10.035,46.406],[10.037,46.405],[10.046,46.402],[10.051,46.402],[10.043,46.397],[10.036,46.398],[10.027,46.408],[10.021,46.411]]],[[[10.021,46.411],[10.022,46.418],[10.02,46.422],[10.022,46.425],[10.025,46.426],[10.025,46.428],[10.015,46.426],[10.009,46.427],[10.007,46.432],[10.005,46.433],[10.006,46.436],[10.012,46.44],[10.025,46.44],[10.035,46.435],[10.041,46.436],[10.047,46.431],[10.047,46.429],[10.041,46.424],[10.041,46.419],[10.034,46.419],[10.032,46.418],[10.031,46.415],[10.027,46.416],[10.021,46.411]]],[[[10.045,46.442],[10.042,46.44],[10.038,46.441],[10.029,46.446],[10.019,46.449],[10.013,46.448],[10.006,46.451],[10.003,46.449],[9.996,46.452],[9.996,46.455],[10.0,46.461],[10.015,46.465],[10.019,46.468],[10.03,46.469],[10.05,46.462],[10.048,46.458],[10.045,46.456],[10.045,46.453],[10.041,46.451],[10.041,46.447],[10.045,46.442]]],[[[9.651,46.291],[9.645,46.287],[9.625,46.287],[9.623,46.289],[9.623,46.296],[9.574,46.297],[9.571,46.299],[9.574,46.306],[9.57,46.308],[9.581,46.309],[9.584,46.311],[9.587,46.308],[9.587,46.306],[9.59,46.308],[9.594,46.306],[9.597,46.308],[9.603,46.307],[9.605,46.31],[9.616,46.316],[9.617,46.323],[9.612,46.328],[9.614,46.33],[9.621,46.331],[9.624,46.33],[9.628,46.332],[9.628,46.334],[9.634,46.336],[9.64,46.334],[9.637,46.332],[9.636,46.329],[9.643,46.329],[9.645,46.327],[9.642,46.325],[9.643,46.315],[9.644,46.318],[9.652,46.322],[9.655,46.327],[9.666,46.328],[9.668,46.331],[9.66,46.333],[9.662,46.336],[9.659,46.342],[9.67,46.344],[9.669,46.347],[9.672,46.349],[9.672,46.351],[9.67,46.354],[9.672,46.356],[9.68,46.354],[9.682,46.355],[9.683,46.358],[9.68,46.364],[9.687,46.367],[9.682,46.371],[9.69,46.373],[9.69,46.376],[9.699,46.373],[9.7,46.369],[9.704,46.368],[9.699,46.364],[9.693,46.355],[9.695,46.348],[9.693,46.344],[9.695,46.342],[9.695,46.335],[9.699,46.337],[9.697,46.346],[9.701,46.353],[9.706,46.358],[9.713,46.359],[9.713,46.363],[9.723,46.36],[9.726,46.364],[9.724,46.366],[9.725,46.37],[9.721,46.379],[9.723,46.382],[9.72,46.387],[9.72,46.391],[9.716,46.395],[9.724,46.399],[9.734,46.397],[9.735,46.402],[9.737,46.403],[9.739,46.402],[9.739,46.395],[9.745,46.392],[9.748,46.383],[9.751,46.381],[9.749,46.378],[9.749,46.371],[9.752,46.365],[9.756,46.372],[9.759,46.374],[9.762,46.373],[9.763,46.376],[9.764,46.383],[9.761,46.39],[9.762,46.394],[9.761,46.397],[9.764,46.397],[9.769,46.39],[9.774,46.387],[9.775,46.385],[9.772,46.383],[9.779,46.385],[9.782,46.378],[9.79,46.371],[9.791,46.367],[9.798,46.371],[9.801,46.37],[9.8,46.376],[9.796,46.382],[9.795,46.394],[9.788,46.398],[9.789,46.401],[9.793,46.403],[9.793,46.41],[9.783,46.416],[9.78,46.416],[9.778,46.419],[9.79,46.425],[9.79,46.43],[9.797,46.431],[9.81,46.437],[9.817,46.436],[9.819,46.443],[9.824,46.444],[9.827,46.443],[9.83,46.439],[9.837,46.435],[9.839,46.438],[9.832,46.445],[9.834,46.445],[9.834,46.447],[9.841,46.451],[9.831,46.452],[9.828,46.454],[9.828,46.458],[9.835,46.463],[9.833,46.467],[9.835,46.468],[9.844,46.467],[9.842,46.471],[9.843,46.474],[9.848,46.473],[9.851,46.478],[9.861,46.482],[9.871,46.482],[9.874,46.48],[9.87,46.475],[9.872,46.471],[9.868,46.466],[9.862,46.462],[9.861,46.457],[9.857,46.456],[9.856,46.453],[9.852,46.451],[9.852,46.446],[9.846,46.438],[9.846,46.425],[9.842,46.423],[9.838,46.417],[9.845,46.411],[9.834,46.4],[9.835,46.395],[9.839,46.393],[9.841,46.388],[9.844,46.392],[9.848,46.39],[9.85,46.392],[9.847,46.395],[9.851,46.4],[9.86,46.406],[9.871,46.403],[9.884,46.404],[9.887,46.403],[9.872,46.424],[9.885,46.425],[9.877,46.43],[9.878,46.432],[9.88,46.432],[9.881,46.437],[9.885,46.443],[9.889,46.445],[9.895,46.452],[9.893,46.457],[9.899,46.458],[9.903,46.465],[9.906,46.461],[9.912,46.462],[9.915,46.458],[9.922,46.456],[9.924,46.454],[9.922,46.451],[9.915,46.448],[9.912,46.444],[9.908,46.445],[9.911,46.439],[9.913,46.441],[9.916,46.441],[9.915,46.438],[9.911,46.438],[9.91,46.434],[9.907,46.432],[9.911,46.433],[9.919,46.425],[9.919,46.422],[9.917,46.42],[9.914,46.42],[9.912,46.416],[9.919,46.411],[9.917,46.407],[9.917,46.402],[9.915,46.4],[9.916,46.399],[9.919,46.4],[9.926,46.409],[9.936,46.412],[9.949,46.411],[9.955,46.413],[9.948,46.417],[9.947,46.42],[9.948,46.422],[9.945,46.424],[9.951,46.426],[9.946,46.433],[9.952,46.435],[9.951,46.444],[9.954,46.445],[9.963,46.442],[9.967,46.439],[9.97,46.439],[9.973,46.435],[9.977,46.435],[9.981,46.432],[9.977,46.426],[9.978,46.423],[9.981,46.421],[9.98,46.414],[9.982,46.413],[9.992,46.421],[9.995,46.419],[9.996,46.416],[9.999,46.414],[9.997,46.409],[9.992,46.405],[9.998,46.404],[10.008,46.409],[10.024,46.398],[10.023,46.393],[10.02,46.389],[10.01,46.389],[10.0,46.381],[9.997,46.382],[9.993,46.379],[9.99,46.379],[9.988,46.376],[9.99,46.371],[9.993,46.37],[9.999,46.373],[10.015,46.369],[10.018,46.366],[10.018,46.362],[10.021,46.359],[10.019,46.357],[10.008,46.355],[10.005,46.356],[10.002,46.354],[10.001,46.353],[10.003,46.351],[10.002,46.349],[9.997,46.344],[9.998,46.337],[9.991,46.336],[9.99,46.338],[9.99,46.34],[9.993,46.342],[9.992,46.352],[9.985,46.352],[9.976,46.358],[9.976,46.361],[9.97,46.361],[9.964,46.365],[9.965,46.379],[9.947,46.379],[9.944,46.377],[9.94,46.377],[9.931,46.37],[9.924,46.369],[9.922,46.371],[9.915,46.371],[9.912,46.373],[9.912,46.376],[9.905,46.381],[9.902,46.381],[9.895,46.376],[9.892,46.376],[9.886,46.372],[9.882,46.372],[9.872,46.363],[9.846,46.364],[9.843,46.361],[9.833,46.362],[9.829,46.359],[9.829,46.357],[9.823,46.353],[9.813,46.351],[9.806,46.346],[9.803,46.347],[9.8,46.344],[9.786,46.342],[9.78,46.338],[9.776,46.338],[9.773,46.336],[9.767,46.336],[9.755,46.345],[9.745,46.35],[9.738,46.35],[9.735,46.348],[9.718,46.348],[9.716,46.296],[9.713,46.294],[9.687,46.295],[9.681,46.3],[9.675,46.302],[9.675,46.304],[9.665,46.304],[9.664,46.297],[9.652,46.296],[9.651,46.291]],[[9.967,46.439],[9.963,46.438],[9.964,46.437],[9.967,46.439]]],[[[10.007,46.315],[10.003,46.313],[10.0,46.316],[9.995,46.317],[9.992,46.32],[9.994,46.321],[9.994,46.324],[9.997,46.325],[10.003,46.32],[10.007,46.319],[10.007,46.315]]],[[[9.849,47.012],[9.855,47.009],[9.851,47.007],[9.85,47.004],[9.841,47.002],[9.832,47.005],[9.833,47.003],[9.831,47.0],[9.836,46.996],[9.836,46.993],[9.822,46.988],[9.812,46.988],[9.809,46.992],[9.812,46.994],[9.807,46.994],[9.808,46.996],[9.813,46.998],[9.814,47.001],[9.799,47.004],[9.798,47.006],[9.816,47.012],[9.809,47.017],[9.802,47.019],[9.801,47.021],[9.803,47.022],[9.81,47.019],[9.82,47.022],[9.826,47.017],[9.829,47.017],[9.834,47.014],[9.833,47.012],[9.836,47.01],[9.846,47.01],[9.849,47.012]]],[[[9.855,47.009],[9.862,47.01],[9.865,47.012],[9.869,47.011],[9.863,47.006],[9.855,47.009]]],[[[9.869,47.011],[9.863,47.015],[9.862,47.018],[9.865,47.02],[9.864,47.022],[9.873,47.02],[9.875,47.015],[9.874,47.008],[9.881,47.003],[9.885,47.003],[9.89,46.999],[9.889,46.99],[9.885,46.986],[9.886,46.983],[9.882,46.975],[9.874,46.966],[9.879,46.959],[9.877,46.952],[9.878,46.948],[9.881,46.945],[9.881,46.936],[9.885,46.936],[9.888,46.933],[9.895,46.933],[9.897,46.931],[9.901,46.931],[9.906,46.927],[9.904,46.925],[9.897,46.925],[9.892,46.923],[9.891,46.919],[9.883,46.916],[9.875,46.909],[9.864,46.914],[9.857,46.914],[9.859,46.917],[9.858,46.919],[9.851,46.917],[9.849,46.919],[9.849,46.926],[9.845,46.93],[9.838,46.93],[9.832,46.934],[9.823,46.936],[9.82,46.938],[9.819,46.941],[9.821,46.947],[9.823,46.948],[9.833,46.943],[9.843,46.944],[9.826,46.96],[9.825,46.962],[9.827,46.966],[9.843,46.962],[9.866,46.949],[9.869,46.948],[9.871,46.95],[9.867,46.955],[9.871,46.959],[9.859,46.966],[9.86,46.968],[9.864,46.968],[9.867,46.973],[9.857,46.977],[9.844,46.977],[9.848,46.98],[9.851,46.985],[9.854,46.986],[9.853,46.989],[9.858,46.992],[9.865,46.991],[9.874,46.987],[9.878,46.988],[9.876,46.99],[9.876,46.993],[9.878,46.999],[9.875,46.998],[9.873,46.999],[9.872,47.004],[9.866,47.006],[9.869,47.009],[9.869,47.011]]],[[[9.679,46.477],[9.672,46.477],[9.674,46.479],[9.672,46.483],[9.669,46.481],[9.664,46.482],[9.671,46.488],[9.67,46.491],[9.661,46.495],[9.663,46.498],[9.683,46.497],[9.686,46.498],[9.686,46.502],[9.683,46.505],[9.677,46.507],[9.673,46.506],[9.658,46.509],[9.67,46.51],[9.679,46.513],[9.68,46.515],[9.677,46.517],[9.67,46.517],[9.669,46.52],[9.688,46.531],[9.678,46.531],[9.674,46.526],[9.664,46.536],[9.671,46.54],[9.664,46.547],[9.662,46.548],[9.659,46.546],[9.649,46.546],[9.644,46.55],[9.652,46.553],[9.659,46.55],[9.675,46.551],[9.677,46.553],[9.675,46.554],[9.672,46.552],[9.665,46.552],[9.656,46.558],[9.655,46.561],[9.666,46.564],[9.676,46.564],[9.678,46.565],[9.676,46.569],[9.684,46.574],[9.689,46.573],[9.695,46.567],[9.692,46.564],[9.692,46.561],[9.698,46.562],[9.705,46.561],[9.708,46.559],[9.714,46.56],[9.713,46.562],[9.715,46.563],[9.715,46.565],[9.708,46.569],[9.705,46.573],[9.71,46.578],[9.71,46.58],[9.703,46.584],[9.69,46.585],[9.693,46.587],[9.699,46.587],[9.7,46.59],[9.684,46.6],[9.679,46.598],[9.674,46.6],[9.661,46.599],[9.659,46.601],[9.659,46.606],[9.668,46.608],[9.671,46.611],[9.677,46.612],[9.681,46.615],[9.688,46.616],[9.689,46.621],[9.691,46.622],[9.698,46.62],[9.701,46.63],[9.702,46.627],[9.711,46.625],[9.713,46.623],[9.71,46.62],[9.711,46.619],[9.717,46.622],[9.722,46.62],[9.716,46.616],[9.715,46.613],[9.72,46.611],[9.726,46.616],[9.733,46.616],[9.739,46.613],[9.723,46.6],[9.729,46.597],[9.743,46.597],[9.745,46.595],[9.736,46.592],[9.732,46.594],[9.723,46.593],[9.721,46.591],[9.721,46.586],[9.726,46.587],[9.732,46.584],[9.735,46.585],[9.741,46.581],[9.742,46.577],[9.734,46.575],[9.733,46.573],[9.744,46.568],[9.751,46.572],[9.754,46.571],[9.761,46.572],[9.758,46.574],[9.758,46.578],[9.756,46.581],[9.758,46.583],[9.761,46.583],[9.761,46.586],[9.771,46.584],[9.774,46.581],[9.79,46.575],[9.794,46.577],[9.803,46.575],[9.826,46.579],[9.845,46.579],[9.841,46.582],[9.843,46.583],[9.853,46.581],[9.861,46.586],[9.866,46.584],[9.862,46.581],[9.866,46.58],[9.869,46.582],[9.885,46.584],[9.892,46.581],[9.895,46.578],[9.888,46.576],[9.881,46.571],[9.875,46.573],[9.868,46.572],[9.856,46.574],[9.823,46.574],[9.82,46.572],[9.812,46.573],[9.814,46.571],[9.813,46.57],[9.783,46.564],[9.78,46.56],[9.773,46.56],[9.767,46.556],[9.757,46.554],[9.743,46.544],[9.741,46.539],[9.734,46.53],[9.739,46.53],[9.745,46.534],[9.748,46.539],[9.756,46.544],[9.773,46.546],[9.787,46.551],[9.793,46.555],[9.816,46.562],[9.821,46.56],[9.822,46.557],[9.829,46.56],[9.839,46.555],[9.832,46.548],[9.838,46.546],[9.841,46.548],[9.843,46.546],[9.843,46.539],[9.838,46.532],[9.83,46.53],[9.83,46.528],[9.827,46.526],[9.821,46.528],[9.817,46.523],[9.811,46.522],[9.81,46.519],[9.814,46.517],[9.827,46.516],[9.828,46.514],[9.814,46.508],[9.81,46.503],[9.803,46.5],[9.79,46.5],[9.785,46.502],[9.788,46.504],[9.787,46.505],[9.773,46.504],[9.773,46.502],[9.779,46.495],[9.792,46.488],[9.79,46.485],[9.787,46.484],[9.785,46.479],[9.781,46.479],[9.778,46.482],[9.776,46.482],[9.773,46.478],[9.77,46.48],[9.763,46.48],[9.759,46.482],[9.761,46.484],[9.76,46.485],[9.755,46.484],[9.756,46.482],[9.754,46.481],[9.751,46.482],[9.751,46.484],[9.744,46.482],[9.734,46.487],[9.731,46.481],[9.724,46.48],[9.715,46.485],[9.715,46.49],[9.712,46.491],[9.707,46.488],[9.702,46.481],[9.696,46.483],[9.696,46.486],[9.688,46.486],[9.685,46.484],[9.685,46.481],[9.679,46.477]]],[[[9.59,46.867],[9.593,46.866],[9.59,46.865],[9.59,46.867]]],[[[9.593,46.866],[9.59,46.868],[9.591,46.872],[9.596,46.877],[9.595,46.879],[9.597,46.881],[9.604,46.881],[9.604,46.879],[9.607,46.877],[9.612,46.881],[9.614,46.885],[9.613,46.888],[9.614,46.89],[9.617,46.889],[9.62,46.881],[9.627,46.889],[9.63,46.888],[9.634,46.892],[9.632,46.896],[9.637,46.897],[9.643,46.894],[9.648,46.898],[9.649,46.901],[9.646,46.903],[9.648,46.907],[9.644,46.912],[9.644,46.916],[9.642,46.919],[9.635,46.921],[9.64,46.923],[9.641,46.926],[9.645,46.926],[9.65,46.923],[9.649,46.919],[9.656,46.916],[9.656,46.914],[9.653,46.912],[9.656,46.909],[9.655,46.905],[9.657,46.903],[9.66,46.904],[9.662,46.903],[9.663,46.9],[9.667,46.901],[9.672,46.896],[9.67,46.894],[9.666,46.894],[9.664,46.889],[9.666,46.884],[9.659,46.882],[9.656,46.877],[9.677,46.877],[9.682,46.881],[9.686,46.881],[9.689,46.884],[9.699,46.882],[9.705,46.879],[9.706,46.884],[9.712,46.887],[9.713,46.89],[9.709,46.895],[9.713,46.899],[9.716,46.899],[9.725,46.895],[9.727,46.885],[9.731,46.883],[9.729,46.881],[9.73,46.876],[9.728,46.874],[9.745,46.883],[9.752,46.883],[9.762,46.878],[9.761,46.883],[9.757,46.887],[9.768,46.89],[9.774,46.887],[9.779,46.887],[9.784,46.879],[9.788,46.878],[9.79,46.873],[9.794,46.874],[9.8,46.87],[9.807,46.871],[9.813,46.874],[9.822,46.872],[9.833,46.873],[9.841,46.867],[9.849,46.868],[9.852,46.86],[9.86,46.856],[9.852,46.854],[9.845,46.855],[9.839,46.853],[9.833,46.854],[9.832,46.857],[9.829,46.855],[9.828,46.852],[9.831,46.847],[9.837,46.845],[9.831,46.841],[9.83,46.836],[9.827,46.834],[9.838,46.831],[9.814,46.823],[9.811,46.821],[9.811,46.815],[9.801,46.817],[9.797,46.814],[9.801,46.812],[9.796,46.81],[9.798,46.805],[9.787,46.806],[9.784,46.803],[9.786,46.801],[9.785,46.799],[9.787,46.797],[9.793,46.798],[9.796,46.796],[9.796,46.794],[9.788,46.79],[9.792,46.787],[9.79,46.786],[9.78,46.787],[9.777,46.785],[9.778,46.781],[9.776,46.78],[9.767,46.786],[9.763,46.776],[9.764,46.774],[9.77,46.772],[9.771,46.77],[9.766,46.768],[9.756,46.769],[9.742,46.766],[9.758,46.757],[9.743,46.755],[9.739,46.757],[9.733,46.755],[9.726,46.755],[9.728,46.75],[9.745,46.744],[9.749,46.744],[9.754,46.739],[9.754,46.736],[9.751,46.735],[9.75,46.737],[9.735,46.743],[9.732,46.742],[9.732,46.739],[9.734,46.737],[9.731,46.735],[9.73,46.732],[9.712,46.74],[9.7,46.738],[9.692,46.724],[9.679,46.725],[9.676,46.727],[9.678,46.724],[9.676,46.722],[9.666,46.723],[9.664,46.72],[9.661,46.72],[9.655,46.723],[9.654,46.72],[9.643,46.719],[9.642,46.716],[9.639,46.715],[9.627,46.721],[9.624,46.719],[9.623,46.711],[9.609,46.715],[9.613,46.71],[9.61,46.708],[9.606,46.708],[9.603,46.712],[9.597,46.708],[9.593,46.708],[9.585,46.713],[9.58,46.722],[9.584,46.724],[9.587,46.722],[9.591,46.723],[9.597,46.72],[9.604,46.721],[9.597,46.724],[9.594,46.727],[9.596,46.733],[9.588,46.734],[9.584,46.738],[9.582,46.744],[9.578,46.746],[9.579,46.749],[9.587,46.753],[9.586,46.76],[9.589,46.765],[9.587,46.767],[9.587,46.776],[9.584,46.78],[9.584,46.785],[9.581,46.792],[9.578,46.794],[9.574,46.801],[9.584,46.803],[9.586,46.805],[9.591,46.805],[9.589,46.798],[9.586,46.796],[9.587,46.793],[9.597,46.801],[9.604,46.801],[9.611,46.798],[9.613,46.795],[9.61,46.787],[9.613,46.785],[9.616,46.788],[9.619,46.788],[9.629,46.793],[9.628,46.797],[9.632,46.8],[9.628,46.804],[9.636,46.809],[9.644,46.806],[9.645,46.808],[9.653,46.811],[9.656,46.81],[9.657,46.808],[9.663,46.807],[9.666,46.811],[9.669,46.809],[9.673,46.813],[9.679,46.812],[9.678,46.81],[9.681,46.808],[9.669,46.804],[9.669,46.802],[9.673,46.801],[9.671,46.799],[9.666,46.796],[9.662,46.797],[9.66,46.792],[9.652,46.791],[9.649,46.789],[9.649,46.787],[9.652,46.786],[9.654,46.783],[9.637,46.782],[9.649,46.779],[9.65,46.777],[9.647,46.775],[9.647,46.772],[9.652,46.771],[9.658,46.773],[9.668,46.771],[9.671,46.772],[9.679,46.767],[9.667,46.763],[9.661,46.758],[9.658,46.752],[9.655,46.75],[9.654,46.745],[9.649,46.743],[9.649,46.741],[9.646,46.739],[9.645,46.736],[9.647,46.735],[9.657,46.74],[9.67,46.754],[9.677,46.758],[9.684,46.761],[9.694,46.759],[9.699,46.76],[9.701,46.765],[9.695,46.771],[9.694,46.774],[9.717,46.773],[9.714,46.776],[9.706,46.778],[9.711,46.783],[9.721,46.786],[9.718,46.792],[9.715,46.793],[9.718,46.796],[9.724,46.792],[9.738,46.793],[9.728,46.798],[9.724,46.802],[9.725,46.804],[9.736,46.804],[9.736,46.809],[9.738,46.811],[9.745,46.809],[9.745,46.815],[9.755,46.815],[9.761,46.813],[9.764,46.81],[9.762,46.806],[9.768,46.803],[9.774,46.804],[9.776,46.806],[9.768,46.81],[9.766,46.813],[9.767,46.815],[9.778,46.818],[9.791,46.819],[9.798,46.828],[9.793,46.828],[9.788,46.824],[9.772,46.823],[9.755,46.829],[9.756,46.831],[9.752,46.83],[9.75,46.833],[9.751,46.836],[9.749,46.838],[9.751,46.84],[9.749,46.841],[9.75,46.845],[9.766,46.853],[9.766,46.856],[9.74,46.854],[9.734,46.847],[9.737,46.845],[9.733,46.844],[9.73,46.846],[9.727,46.844],[9.723,46.844],[9.72,46.846],[9.714,46.846],[9.71,46.844],[9.709,46.848],[9.704,46.849],[9.7,46.852],[9.703,46.854],[9.703,46.857],[9.701,46.858],[9.698,46.855],[9.691,46.853],[9.685,46.857],[9.681,46.857],[9.678,46.852],[9.675,46.852],[9.672,46.859],[9.668,46.861],[9.662,46.859],[9.658,46.861],[9.645,46.859],[9.639,46.863],[9.629,46.862],[9.623,46.864],[9.619,46.868],[9.613,46.87],[9.604,46.87],[9.593,46.866]]],[[[9.614,46.89],[9.612,46.897],[9.608,46.899],[9.61,46.904],[9.609,46.906],[9.603,46.91],[9.602,46.913],[9.608,46.914],[9.611,46.912],[9.611,46.91],[9.615,46.909],[9.615,46.903],[9.62,46.899],[9.617,46.898],[9.614,46.89]]],[[[9.778,46.956],[9.774,46.956],[9.765,46.963],[9.763,46.963],[9.765,46.966],[9.771,46.966],[9.774,46.968],[9.781,46.966],[9.784,46.963],[9.784,46.961],[9.778,46.956]]],[[[9.471,46.579],[9.49,46.575],[9.493,46.571],[9.494,46.573],[9.49,46.582],[9.477,46.585],[9.472,46.589],[9.461,46.59],[9.459,46.591],[9.458,46.595],[9.462,46.597],[9.475,46.599],[9.48,46.595],[9.488,46.595],[9.494,46.593],[9.494,46.599],[9.485,46.607],[9.48,46.609],[9.476,46.614],[9.469,46.618],[9.466,46.623],[9.469,46.624],[9.476,46.622],[9.482,46.623],[9.485,46.62],[9.495,46.617],[9.502,46.618],[9.499,46.622],[9.494,46.624],[9.485,46.631],[9.484,46.634],[9.486,46.635],[9.491,46.631],[9.496,46.63],[9.495,46.633],[9.499,46.638],[9.498,46.642],[9.493,46.647],[9.5,46.651],[9.502,46.645],[9.505,46.642],[9.503,46.638],[9.5,46.636],[9.502,46.634],[9.509,46.635],[9.514,46.631],[9.511,46.629],[9.511,46.624],[9.515,46.622],[9.518,46.625],[9.527,46.628],[9.533,46.628],[9.528,46.624],[9.528,46.621],[9.521,46.618],[9.518,46.619],[9.507,46.613],[9.513,46.611],[9.513,46.608],[9.511,46.607],[9.504,46.609],[9.496,46.604],[9.504,46.604],[9.506,46.602],[9.507,46.599],[9.504,46.597],[9.505,46.595],[9.503,46.588],[9.505,46.586],[9.506,46.581],[9.509,46.581],[9.513,46.584],[9.517,46.583],[9.52,46.586],[9.517,46.588],[9.523,46.59],[9.526,46.595],[9.528,46.595],[9.533,46.59],[9.543,46.588],[9.536,46.584],[9.533,46.578],[9.529,46.579],[9.526,46.577],[9.522,46.568],[9.519,46.566],[9.513,46.566],[9.512,46.562],[9.516,46.563],[9.518,46.559],[9.516,46.557],[9.516,46.554],[9.506,46.554],[9.507,46.545],[9.51,46.539],[9.508,46.533],[9.511,46.532],[9.515,46.535],[9.528,46.548],[9.541,46.548],[9.543,46.547],[9.542,46.545],[9.546,46.538],[9.537,46.534],[9.535,46.531],[9.536,46.527],[9.532,46.523],[9.534,46.52],[9.544,46.526],[9.547,46.523],[9.547,46.526],[9.545,46.527],[9.55,46.531],[9.554,46.532],[9.554,46.529],[9.557,46.528],[9.559,46.531],[9.566,46.535],[9.567,46.54],[9.57,46.541],[9.571,46.544],[9.577,46.549],[9.584,46.551],[9.59,46.55],[9.594,46.552],[9.6,46.549],[9.601,46.548],[9.597,46.544],[9.596,46.539],[9.593,46.535],[9.586,46.536],[9.585,46.535],[9.584,46.533],[9.585,46.531],[9.582,46.526],[9.576,46.524],[9.573,46.526],[9.563,46.522],[9.571,46.517],[9.566,46.516],[9.563,46.513],[9.553,46.509],[9.549,46.509],[9.55,46.506],[9.546,46.506],[9.543,46.503],[9.539,46.502],[9.556,46.501],[9.569,46.504],[9.568,46.502],[9.569,46.501],[9.572,46.502],[9.579,46.499],[9.584,46.495],[9.574,46.49],[9.575,46.489],[9.581,46.492],[9.583,46.488],[9.571,46.479],[9.579,46.481],[9.587,46.49],[9.596,46.492],[9.598,46.494],[9.604,46.492],[9.599,46.497],[9.599,46.501],[9.601,46.502],[9.605,46.503],[9.618,46.501],[9.608,46.498],[9.607,46.496],[9.608,46.495],[9.614,46.496],[9.618,46.494],[9.614,46.489],[9.617,46.487],[9.617,46.485],[9.611,46.483],[9.61,46.48],[9.617,46.479],[9.621,46.471],[9.623,46.47],[9.625,46.474],[9.633,46.475],[9.636,46.473],[9.636,46.471],[9.628,46.467],[9.624,46.456],[9.619,46.454],[9.617,46.451],[9.618,46.449],[9.616,46.447],[9.617,46.444],[9.619,46.443],[9.632,46.45],[9.637,46.458],[9.642,46.458],[9.647,46.455],[9.65,46.448],[9.648,46.444],[9.65,46.442],[9.645,46.437],[9.646,46.435],[9.644,46.433],[9.648,46.434],[9.653,46.444],[9.66,46.441],[9.669,46.443],[9.669,46.446],[9.671,46.448],[9.667,46.452],[9.668,46.456],[9.678,46.457],[9.694,46.453],[9.696,46.459],[9.701,46.462],[9.707,46.461],[9.711,46.462],[9.717,46.46],[9.714,46.465],[9.715,46.467],[9.717,46.469],[9.722,46.469],[9.724,46.471],[9.734,46.47],[9.737,46.472],[9.747,46.469],[9.755,46.469],[9.766,46.463],[9.773,46.462],[9.776,46.459],[9.765,46.457],[9.766,46.455],[9.757,46.453],[9.756,46.45],[9.749,46.449],[9.746,46.445],[9.739,46.445],[9.736,46.443],[9.719,46.443],[9.718,46.44],[9.713,46.436],[9.706,46.435],[9.699,46.429],[9.696,46.43],[9.692,46.427],[9.692,46.425],[9.696,46.426],[9.698,46.423],[9.692,46.419],[9.68,46.416],[9.681,46.414],[9.676,46.41],[9.663,46.411],[9.656,46.409],[9.646,46.41],[9.643,46.406],[9.634,46.409],[9.633,46.406],[9.63,46.404],[9.624,46.405],[9.617,46.402],[9.607,46.403],[9.601,46.399],[9.598,46.4],[9.597,46.402],[9.597,46.4],[9.589,46.398],[9.589,46.395],[9.593,46.393],[9.609,46.388],[9.62,46.389],[9.623,46.391],[9.63,46.392],[9.633,46.391],[9.639,46.393],[9.645,46.392],[9.644,46.39],[9.633,46.385],[9.623,46.385],[9.619,46.382],[9.612,46.382],[9.611,46.373],[9.606,46.371],[9.6,46.373],[9.596,46.371],[9.591,46.373],[9.58,46.374],[9.57,46.37],[9.547,46.37],[9.544,46.366],[9.528,46.367],[9.518,46.364],[9.512,46.366],[9.508,46.364],[9.498,46.363],[9.497,46.366],[9.482,46.368],[9.47,46.373],[9.466,46.373],[9.46,46.378],[9.464,46.382],[9.464,46.387],[9.467,46.388],[9.464,46.391],[9.465,46.409],[9.462,46.411],[9.462,46.414],[9.453,46.42],[9.453,46.427],[9.457,46.432],[9.457,46.441],[9.459,46.447],[9.464,46.443],[9.468,46.434],[9.473,46.429],[9.479,46.427],[9.477,46.425],[9.481,46.423],[9.483,46.42],[9.481,46.418],[9.488,46.419],[9.491,46.418],[9.493,46.415],[9.497,46.399],[9.493,46.393],[9.5,46.396],[9.506,46.392],[9.514,46.392],[9.516,46.394],[9.519,46.394],[9.509,46.397],[9.507,46.399],[9.513,46.406],[9.508,46.417],[9.514,46.419],[9.517,46.422],[9.512,46.424],[9.511,46.426],[9.507,46.426],[9.504,46.428],[9.508,46.432],[9.508,46.434],[9.504,46.436],[9.495,46.436],[9.491,46.438],[9.489,46.442],[9.492,46.444],[9.499,46.444],[9.499,46.447],[9.492,46.453],[9.496,46.456],[9.493,46.46],[9.493,46.468],[9.505,46.465],[9.515,46.458],[9.517,46.455],[9.514,46.446],[9.52,46.448],[9.521,46.45],[9.531,46.452],[9.541,46.446],[9.539,46.441],[9.531,46.44],[9.527,46.438],[9.525,46.435],[9.539,46.435],[9.539,46.423],[9.543,46.421],[9.545,46.414],[9.549,46.412],[9.552,46.414],[9.559,46.413],[9.562,46.414],[9.555,46.416],[9.556,46.419],[9.564,46.427],[9.559,46.427],[9.556,46.429],[9.556,46.432],[9.561,46.434],[9.559,46.437],[9.562,46.439],[9.561,46.443],[9.563,46.446],[9.57,46.446],[9.583,46.441],[9.595,46.429],[9.599,46.431],[9.602,46.436],[9.593,46.447],[9.593,46.45],[9.591,46.452],[9.571,46.461],[9.571,46.463],[9.57,46.461],[9.563,46.459],[9.56,46.461],[9.559,46.464],[9.554,46.464],[9.542,46.471],[9.535,46.472],[9.535,46.474],[9.542,46.475],[9.542,46.477],[9.536,46.48],[9.532,46.48],[9.528,46.482],[9.526,46.485],[9.523,46.483],[9.52,46.484],[9.521,46.489],[9.519,46.49],[9.513,46.487],[9.508,46.489],[9.507,46.492],[9.503,46.491],[9.487,46.498],[9.482,46.505],[9.483,46.508],[9.504,46.506],[9.505,46.51],[9.507,46.511],[9.52,46.51],[9.521,46.511],[9.518,46.516],[9.504,46.517],[9.491,46.52],[9.488,46.526],[9.485,46.527],[9.478,46.525],[9.472,46.528],[9.465,46.525],[9.462,46.526],[9.463,46.528],[9.466,46.53],[9.469,46.528],[9.472,46.53],[9.453,46.535],[9.451,46.537],[9.451,46.54],[9.453,46.542],[9.459,46.544],[9.459,46.546],[9.456,46.549],[9.457,46.55],[9.462,46.549],[9.462,46.546],[9.469,46.545],[9.473,46.545],[9.476,46.549],[9.479,46.549],[9.486,46.545],[9.495,46.544],[9.5,46.548],[9.494,46.55],[9.493,46.553],[9.489,46.553],[9.488,46.555],[9.489,46.557],[9.493,46.559],[9.49,46.561],[9.486,46.559],[9.475,46.562],[9.477,46.562],[9.478,46.564],[9.477,46.567],[9.47,46.572],[9.467,46.578],[9.471,46.579]],[[9.717,46.46],[9.72,46.458],[9.72,46.461],[9.717,46.46]]],[[[9.577,46.549],[9.571,46.545],[9.567,46.553],[9.571,46.561],[9.576,46.564],[9.577,46.567],[9.582,46.567],[9.586,46.562],[9.58,46.555],[9.581,46.553],[9.577,46.551],[9.577,46.549]]],[[[9.712,47.023],[9.701,47.02],[9.694,47.03],[9.695,47.032],[9.708,47.031],[9.715,47.034],[9.729,47.036],[9.737,47.041],[9.732,47.041],[9.725,47.044],[9.715,47.044],[9.709,47.047],[9.702,47.047],[9.701,47.05],[9.706,47.052],[9.709,47.049],[9.719,47.05],[9.725,47.048],[9.725,47.046],[9.739,47.046],[9.745,47.041],[9.748,47.042],[9.751,47.039],[9.755,47.039],[9.758,47.041],[9.771,47.04],[9.765,47.039],[9.761,47.036],[9.754,47.034],[9.756,47.029],[9.754,47.026],[9.744,47.025],[9.741,47.027],[9.718,47.028],[9.715,47.027],[9.712,47.023]]],[[[9.584,47.039],[9.577,47.038],[9.574,47.039],[9.571,47.042],[9.567,47.043],[9.561,47.049],[9.554,47.049],[9.552,47.051],[9.553,47.058],[9.551,47.058],[9.55,47.06],[9.552,47.061],[9.568,47.06],[9.577,47.062],[9.575,47.065],[9.571,47.066],[9.572,47.071],[9.561,47.08],[9.562,47.082],[9.572,47.079],[9.574,47.077],[9.579,47.077],[9.581,47.075],[9.58,47.073],[9.585,47.071],[9.605,47.072],[9.601,47.074],[9.6,47.077],[9.608,47.079],[9.609,47.081],[9.601,47.084],[9.598,47.09],[9.6,47.093],[9.606,47.097],[9.61,47.092],[9.623,47.092],[9.624,47.099],[9.626,47.1],[9.63,47.099],[9.626,47.09],[9.63,47.088],[9.628,47.086],[9.621,47.086],[9.62,47.081],[9.613,47.074],[9.613,47.068],[9.607,47.063],[9.614,47.058],[9.617,47.058],[9.62,47.055],[9.627,47.056],[9.63,47.053],[9.634,47.053],[9.647,47.062],[9.67,47.061],[9.673,47.064],[9.68,47.064],[9.683,47.061],[9.687,47.062],[9.693,47.056],[9.696,47.057],[9.701,47.052],[9.699,47.051],[9.689,47.053],[9.68,47.057],[9.676,47.056],[9.676,47.06],[9.67,47.058],[9.659,47.058],[9.657,47.055],[9.653,47.055],[9.652,47.051],[9.646,47.048],[9.627,47.05],[9.62,47.048],[9.618,47.05],[9.614,47.05],[9.604,47.046],[9.597,47.046],[9.587,47.052],[9.584,47.052],[9.583,47.05],[9.59,47.046],[9.592,47.043],[9.587,47.042],[9.584,47.039]]],[[[9.618,46.631],[9.623,46.636],[9.626,46.632],[9.63,46.633],[9.636,46.631],[9.639,46.633],[9.642,46.63],[9.645,46.633],[9.643,46.635],[9.644,46.637],[9.646,46.638],[9.649,46.633],[9.647,46.631],[9.649,46.628],[9.652,46.627],[9.656,46.632],[9.662,46.629],[9.665,46.632],[9.674,46.63],[9.675,46.628],[9.668,46.621],[9.672,46.621],[9.678,46.626],[9.682,46.627],[9.685,46.625],[9.682,46.623],[9.681,46.618],[9.671,46.612],[9.668,46.613],[9.661,46.609],[9.651,46.611],[9.648,46.613],[9.647,46.615],[9.652,46.618],[9.645,46.615],[9.639,46.616],[9.636,46.62],[9.626,46.624],[9.624,46.627],[9.626,46.629],[9.623,46.627],[9.618,46.631]]],[[[9.643,46.635],[9.639,46.634],[9.639,46.636],[9.643,46.635]]],[[[9.623,47.112],[9.619,47.111],[9.613,47.113],[9.612,47.119],[9.61,47.12],[9.597,47.122],[9.604,47.125],[9.61,47.123],[9.613,47.126],[9.62,47.123],[9.622,47.124],[9.621,47.126],[9.623,47.128],[9.627,47.128],[9.63,47.126],[9.63,47.124],[9.625,47.121],[9.626,47.119],[9.623,47.115],[9.623,47.112]]],[[[9.614,47.011],[9.606,47.011],[9.59,47.021],[9.597,47.025],[9.581,47.03],[9.581,47.035],[9.585,47.037],[9.594,47.037],[9.6,47.033],[9.61,47.035],[9.618,47.034],[9.609,47.027],[9.626,47.028],[9.63,47.025],[9.621,47.023],[9.616,47.02],[9.615,47.018],[9.618,47.014],[9.614,47.011]]],[[[9.506,46.739],[9.5,46.741],[9.501,46.744],[9.498,46.746],[9.51,46.752],[9.508,46.761],[9.505,46.764],[9.496,46.768],[9.493,46.773],[9.481,46.784],[9.481,46.787],[9.489,46.791],[9.492,46.797],[9.496,46.798],[9.488,46.807],[9.496,46.811],[9.5,46.809],[9.497,46.804],[9.503,46.802],[9.501,46.8],[9.504,46.797],[9.503,46.795],[9.505,46.793],[9.512,46.793],[9.512,46.788],[9.5,46.782],[9.501,46.779],[9.506,46.777],[9.5,46.773],[9.504,46.77],[9.517,46.775],[9.533,46.772],[9.529,46.768],[9.53,46.766],[9.526,46.763],[9.528,46.754],[9.52,46.748],[9.516,46.749],[9.513,46.748],[9.512,46.743],[9.506,46.739]]],[[[9.512,46.639],[9.512,46.633],[9.511,46.638],[9.512,46.639]]],[[[9.462,46.879],[9.457,46.879],[9.451,46.886],[9.452,46.893],[9.463,46.89],[9.466,46.893],[9.463,46.897],[9.463,46.9],[9.46,46.9],[9.457,46.904],[9.47,46.908],[9.471,46.911],[9.473,46.912],[9.483,46.911],[9.484,46.91],[9.48,46.906],[9.473,46.905],[9.469,46.899],[9.474,46.897],[9.472,46.895],[9.473,46.894],[9.478,46.895],[9.476,46.89],[9.469,46.891],[9.467,46.89],[9.468,46.888],[9.466,46.887],[9.459,46.887],[9.459,46.885],[9.465,46.881],[9.462,46.879]]],[[[7.087,46.159],[7.084,46.159],[7.075,46.17],[7.066,46.177],[7.066,46.182],[7.073,46.179],[7.076,46.182],[7.077,46.184],[7.076,46.186],[7.078,46.188],[7.058,46.204],[7.053,46.206],[7.061,46.208],[7.062,46.211],[7.055,46.22],[7.063,46.222],[7.066,46.225],[7.069,46.223],[7.07,46.229],[7.068,46.233],[7.069,46.235],[7.076,46.237],[7.085,46.245],[7.092,46.246],[7.094,46.242],[7.088,46.235],[7.081,46.231],[7.079,46.228],[7.087,46.229],[7.089,46.226],[7.087,46.222],[7.089,46.22],[7.099,46.224],[7.102,46.228],[7.103,46.226],[7.107,46.226],[7.105,46.229],[7.108,46.229],[7.109,46.231],[7.108,46.233],[7.114,46.238],[7.114,46.242],[7.11,46.244],[7.11,46.247],[7.114,46.25],[7.118,46.249],[7.124,46.251],[7.13,46.258],[7.134,46.259],[7.135,46.26],[7.133,46.267],[7.137,46.271],[7.155,46.276],[7.15,46.276],[7.147,46.278],[7.127,46.271],[7.121,46.267],[7.114,46.27],[7.102,46.271],[7.101,46.274],[7.12,46.276],[7.117,46.278],[7.118,46.279],[7.132,46.28],[7.14,46.285],[7.147,46.285],[7.148,46.287],[7.145,46.292],[7.146,46.294],[7.156,46.295],[7.163,46.298],[7.164,46.301],[7.156,46.301],[7.15,46.304],[7.135,46.301],[7.13,46.297],[7.121,46.295],[7.111,46.296],[7.109,46.298],[7.114,46.305],[7.117,46.304],[7.13,46.308],[7.135,46.307],[7.141,46.312],[7.14,46.314],[7.131,46.316],[7.124,46.321],[7.127,46.323],[7.14,46.323],[7.143,46.318],[7.153,46.319],[7.156,46.327],[7.162,46.321],[7.179,46.319],[7.182,46.321],[7.186,46.321],[7.186,46.326],[7.189,46.331],[7.182,46.333],[7.174,46.341],[7.189,46.347],[7.195,46.349],[7.204,46.348],[7.206,46.353],[7.218,46.357],[7.241,46.357],[7.254,46.354],[7.254,46.364],[7.258,46.366],[7.258,46.368],[7.26,46.369],[7.263,46.367],[7.266,46.371],[7.273,46.373],[7.282,46.371],[7.279,46.369],[7.279,46.367],[7.283,46.367],[7.285,46.371],[7.296,46.368],[7.301,46.373],[7.295,46.38],[7.302,46.383],[7.305,46.387],[7.312,46.386],[7.322,46.39],[7.332,46.389],[7.331,46.387],[7.328,46.386],[7.326,46.382],[7.331,46.382],[7.331,46.376],[7.335,46.376],[7.341,46.382],[7.348,46.386],[7.354,46.386],[7.358,46.389],[7.36,46.393],[7.354,46.395],[7.352,46.4],[7.361,46.406],[7.374,46.407],[7.376,46.409],[7.374,46.411],[7.374,46.414],[7.377,46.417],[7.376,46.42],[7.374,46.423],[7.366,46.425],[7.367,46.427],[7.362,46.434],[7.374,46.436],[7.374,46.438],[7.377,46.44],[7.378,46.443],[7.377,46.445],[7.379,46.447],[7.381,46.459],[7.38,46.463],[7.375,46.468],[7.375,46.47],[7.377,46.471],[7.386,46.468],[7.386,46.459],[7.389,46.456],[7.39,46.458],[7.388,46.459],[7.396,46.466],[7.406,46.471],[7.41,46.47],[7.408,46.465],[7.403,46.464],[7.398,46.459],[7.397,46.456],[7.391,46.452],[7.387,46.447],[7.385,46.443],[7.386,46.432],[7.38,46.427],[7.379,46.425],[7.38,46.424],[7.391,46.425],[7.396,46.432],[7.403,46.433],[7.409,46.441],[7.409,46.444],[7.412,46.443],[7.41,46.441],[7.415,46.436],[7.411,46.434],[7.413,46.428],[7.404,46.425],[7.398,46.42],[7.383,46.416],[7.383,46.414],[7.4,46.413],[7.393,46.408],[7.389,46.407],[7.387,46.402],[7.383,46.399],[7.383,46.397],[7.39,46.397],[7.4,46.402],[7.405,46.407],[7.413,46.406],[7.416,46.404],[7.422,46.407],[7.429,46.407],[7.435,46.41],[7.439,46.41],[7.44,46.409],[7.439,46.408],[7.432,46.404],[7.429,46.404],[7.422,46.399],[7.406,46.393],[7.41,46.391],[7.424,46.393],[7.429,46.396],[7.439,46.398],[7.448,46.397],[7.452,46.4],[7.455,46.4],[7.461,46.409],[7.465,46.409],[7.468,46.412],[7.473,46.409],[7.486,46.409],[7.487,46.411],[7.493,46.414],[7.5,46.416],[7.502,46.418],[7.502,46.423],[7.517,46.427],[7.519,46.432],[7.51,46.433],[7.507,46.437],[7.502,46.438],[7.501,46.441],[7.491,46.44],[7.489,46.441],[7.491,46.443],[7.479,46.445],[7.487,46.451],[7.491,46.452],[7.491,46.454],[7.484,46.456],[7.489,46.463],[7.489,46.468],[7.487,46.471],[7.478,46.474],[7.476,46.477],[7.471,46.477],[7.461,46.483],[7.474,46.484],[7.48,46.49],[7.473,46.492],[7.473,46.495],[7.471,46.497],[7.468,46.496],[7.461,46.501],[7.465,46.506],[7.472,46.508],[7.465,46.511],[7.455,46.511],[7.451,46.513],[7.453,46.517],[7.461,46.519],[7.477,46.515],[7.478,46.513],[7.481,46.517],[7.494,46.514],[7.507,46.514],[7.507,46.517],[7.495,46.519],[7.489,46.522],[7.481,46.529],[7.468,46.532],[7.465,46.535],[7.465,46.5418333333],[7.464,46.54],[7.464,46.537],[7.455,46.535],[7.448,46.537],[7.442,46.536],[7.43,46.528],[7.427,46.531],[7.427,46.533],[7.437,46.537],[7.434,46.54],[7.435,46.542],[7.439,46.541],[7.441,46.544],[7.438,46.549],[7.444,46.551],[7.444,46.553],[7.448,46.556],[7.452,46.552],[7.455,46.554],[7.456,46.553],[7.456,46.549],[7.451,46.542],[7.452,46.541],[7.461,46.551],[7.461,46.553],[7.468,46.554],[7.469,46.553],[7.47,46.551],[7.4650909091,46.542],[7.468,46.542],[7.474,46.547],[7.483,46.546],[7.482,46.549],[7.484,46.55],[7.492,46.546],[7.492,46.544],[7.486,46.542],[7.488,46.538],[7.494,46.539],[7.495,46.537],[7.501,46.535],[7.504,46.53],[7.507,46.535],[7.514,46.531],[7.517,46.531],[7.516,46.533],[7.52,46.538],[7.533,46.542],[7.534,46.544],[7.533,46.546],[7.53,46.546],[7.517,46.544],[7.514,46.549],[7.528,46.553],[7.523,46.556],[7.517,46.556],[7.514,46.56],[7.51,46.562],[7.51,46.564],[7.514,46.565],[7.52,46.563],[7.523,46.565],[7.533,46.561],[7.536,46.562],[7.522,46.573],[7.53,46.575],[7.536,46.58],[7.543,46.58],[7.549,46.578],[7.546,46.571],[7.548,46.569],[7.545,46.562],[7.549,46.56],[7.557,46.562],[7.559,46.565],[7.569,46.565],[7.572,46.564],[7.574,46.56],[7.566,46.553],[7.568,46.548],[7.565,46.546],[7.562,46.54],[7.556,46.539],[7.553,46.536],[7.543,46.534],[7.542,46.531],[7.543,46.528],[7.54,46.528],[7.536,46.524],[7.533,46.52],[7.533,46.517],[7.53,46.515],[7.526,46.515],[7.524,46.513],[7.527,46.512],[7.533,46.505],[7.536,46.504],[7.54,46.507],[7.553,46.509],[7.556,46.506],[7.551,46.504],[7.55,46.501],[7.54,46.497],[7.52,46.508],[7.517,46.504],[7.517,46.499],[7.51,46.495],[7.496,46.497],[7.494,46.495],[7.494,46.492],[7.497,46.493],[7.499,46.488],[7.497,46.484],[7.494,46.486],[7.493,46.483],[7.49,46.481],[7.494,46.477],[7.493,46.474],[7.5,46.478],[7.504,46.474],[7.505,46.477],[7.507,46.477],[7.514,46.484],[7.517,46.484],[7.519,46.481],[7.525,46.479],[7.514,46.47],[7.505,46.465],[7.5,46.464],[7.499,46.459],[7.5,46.456],[7.502,46.456],[7.504,46.459],[7.513,46.459],[7.523,46.464],[7.525,46.463],[7.52,46.452],[7.527,46.457],[7.54,46.458],[7.543,46.462],[7.546,46.461],[7.545,46.459],[7.546,46.456],[7.549,46.453],[7.562,46.454],[7.572,46.458],[7.581,46.458],[7.579,46.46],[7.574,46.461],[7.579,46.464],[7.581,46.47],[7.58,46.474],[7.585,46.476],[7.601,46.478],[7.603,46.481],[7.602,46.483],[7.614,46.49],[7.606,46.494],[7.604,46.497],[7.611,46.498],[7.613,46.499],[7.613,46.501],[7.618,46.503],[7.62,46.506],[7.618,46.515],[7.619,46.517],[7.621,46.518],[7.628,46.513],[7.636,46.517],[7.636,46.526],[7.634,46.528],[7.625,46.53],[7.626,46.533],[7.628,46.533],[7.636,46.539],[7.635,46.542],[7.637,46.545],[7.64,46.542],[7.64,46.537],[7.643,46.535],[7.642,46.533],[7.645,46.528],[7.644,46.526],[7.647,46.528],[7.65,46.526],[7.648,46.524],[7.649,46.519],[7.643,46.515],[7.647,46.512],[7.655,46.51],[7.644,46.508],[7.647,46.506],[7.646,46.503],[7.641,46.501],[7.637,46.502],[7.638,46.499],[7.637,46.498],[7.63,46.499],[7.628,46.497],[7.624,46.497],[7.624,46.494],[7.631,46.496],[7.636,46.492],[7.634,46.49],[7.637,46.492],[7.644,46.491],[7.646,46.488],[7.644,46.486],[7.637,46.485],[7.631,46.48],[7.627,46.485],[7.627,46.483],[7.618,46.477],[7.613,46.47],[7.621,46.473],[7.622,46.472],[7.62,46.467],[7.614,46.461],[7.611,46.461],[7.614,46.46],[7.618,46.462],[7.621,46.459],[7.624,46.46],[7.625,46.463],[7.634,46.469],[7.637,46.469],[7.644,46.473],[7.646,46.47],[7.646,46.465],[7.627,46.45],[7.625,46.443],[7.626,46.44],[7.631,46.439],[7.634,46.441],[7.636,46.447],[7.633,46.449],[7.638,46.454],[7.644,46.455],[7.651,46.449],[7.651,46.452],[7.648,46.454],[7.653,46.457],[7.663,46.459],[7.676,46.454],[7.686,46.455],[7.699,46.452],[7.718,46.44],[7.734,46.442],[7.747,46.447],[7.746,46.449],[7.749,46.451],[7.75,46.454],[7.765,46.465],[7.761,46.467],[7.761,46.47],[7.752,46.469],[7.752,46.465],[7.749,46.463],[7.75,46.46],[7.741,46.46],[7.735,46.456],[7.719,46.462],[7.715,46.462],[7.716,46.467],[7.715,46.468],[7.709,46.466],[7.702,46.467],[7.7,46.47],[7.696,46.468],[7.693,46.47],[7.676,46.471],[7.672,46.474],[7.672,46.476],[7.676,46.48],[7.68,46.478],[7.681,46.485],[7.693,46.486],[7.693,46.488],[7.696,46.49],[7.699,46.489],[7.702,46.49],[7.702,46.492],[7.706,46.493],[7.712,46.491],[7.719,46.494],[7.738,46.493],[7.745,46.494],[7.748,46.496],[7.738,46.5],[7.738,46.505],[7.735,46.508],[7.737,46.512],[7.735,46.515],[7.732,46.514],[7.729,46.517],[7.729,46.519],[7.725,46.517],[7.728,46.514],[7.722,46.511],[7.716,46.511],[7.709,46.514],[7.696,46.513],[7.694,46.515],[7.704,46.526],[7.718,46.528],[7.712,46.533],[7.709,46.539],[7.706,46.538],[7.702,46.539],[7.698,46.544],[7.698,46.548],[7.692,46.551],[7.699,46.563],[7.708,46.559],[7.709,46.555],[7.716,46.552],[7.716,46.55],[7.719,46.548],[7.725,46.551],[7.727,46.55],[7.722,46.545],[7.715,46.544],[7.714,46.541],[7.718,46.539],[7.716,46.537],[7.722,46.538],[7.725,46.536],[7.742,46.544],[7.746,46.544],[7.752,46.541],[7.758,46.542],[7.771,46.539],[7.78,46.535],[7.781,46.528],[7.792,46.523],[7.795,46.523],[7.794,46.527],[7.791,46.528],[7.798,46.532],[7.794,46.535],[7.787,46.536],[7.785,46.539],[7.797,46.543],[7.801,46.541],[7.791,46.548],[7.787,46.548],[7.784,46.55],[7.784,46.553],[7.775,46.555],[7.766,46.562],[7.768,46.563],[7.771,46.562],[7.774,46.564],[7.784,46.563],[7.798,46.566],[7.807,46.575],[7.806,46.577],[7.799,46.579],[7.796,46.582],[7.806,46.586],[7.794,46.587],[7.793,46.586],[7.795,46.584],[7.791,46.581],[7.787,46.582],[7.781,46.58],[7.775,46.582],[7.775,46.584],[7.78,46.589],[7.774,46.595],[7.776,46.598],[7.775,46.599],[7.768,46.595],[7.758,46.592],[7.752,46.593],[7.751,46.595],[7.754,46.6],[7.752,46.602],[7.761,46.604],[7.768,46.61],[7.775,46.611],[7.782,46.609],[7.784,46.606],[7.783,46.604],[7.788,46.603],[7.788,46.6],[7.795,46.6],[7.807,46.596],[7.809,46.6],[7.804,46.606],[7.804,46.609],[7.81,46.609],[7.811,46.606],[7.814,46.605],[7.816,46.606],[7.816,46.609],[7.827,46.61],[7.834,46.606],[7.837,46.609],[7.843,46.623],[7.845,46.624],[7.845,46.627],[7.847,46.628],[7.856,46.625],[7.86,46.627],[7.864,46.626],[7.866,46.628],[7.87,46.627],[7.871,46.624],[7.87,46.623],[7.86,46.622],[7.856,46.62],[7.855,46.617],[7.852,46.615],[7.853,46.614],[7.856,46.616],[7.866,46.616],[7.867,46.613],[7.86,46.607],[7.846,46.6],[7.846,46.598],[7.849,46.597],[7.85,46.595],[7.843,46.589],[7.842,46.586],[7.844,46.586],[7.863,46.599],[7.87,46.599],[7.876,46.601],[7.878,46.599],[7.877,46.597],[7.869,46.588],[7.872,46.582],[7.873,46.584],[7.876,46.585],[7.879,46.582],[7.881,46.575],[7.876,46.571],[7.864,46.568],[7.865,46.561],[7.856,46.561],[7.849,46.559],[7.853,46.555],[7.865,46.55],[7.862,46.548],[7.849,46.546],[7.848,46.548],[7.843,46.55],[7.838,46.546],[7.837,46.543],[7.838,46.541],[7.829,46.537],[7.829,46.534],[7.826,46.529],[7.834,46.528],[7.83,46.521],[7.836,46.524],[7.839,46.529],[7.843,46.529],[7.849,46.532],[7.859,46.532],[7.866,46.534],[7.867,46.532],[7.865,46.529],[7.872,46.531],[7.875,46.536],[7.882,46.536],[7.883,46.532],[7.887,46.53],[7.881,46.525],[7.865,46.519],[7.861,46.514],[7.862,46.508],[7.872,46.513],[7.882,46.511],[7.898,46.511],[7.908,46.513],[7.911,46.514],[7.91,46.518],[7.914,46.523],[7.914,46.526],[7.924,46.525],[7.926,46.532],[7.929,46.534],[7.928,46.536],[7.919,46.541],[7.92,46.548],[7.924,46.55],[7.923,46.552],[7.918,46.554],[7.916,46.559],[7.918,46.561],[7.928,46.561],[7.938,46.564],[7.957,46.564],[7.959,46.565],[7.96,46.57],[7.968,46.572],[7.96,46.578],[7.957,46.586],[7.952,46.583],[7.944,46.583],[7.942,46.586],[7.944,46.588],[7.944,46.592],[7.946,46.595],[7.952,46.595],[7.964,46.591],[7.967,46.587],[7.97,46.587],[7.974,46.591],[7.98,46.589],[7.983,46.592],[7.987,46.592],[7.99,46.595],[8.003,46.596],[8.006,46.6],[8.013,46.6],[8.026,46.603],[8.029,46.606],[8.043,46.608],[8.045,46.601],[8.044,46.599],[8.048,46.596],[8.042,46.589],[8.045,46.591],[8.052,46.591],[8.057,46.587],[8.069,46.587],[8.08,46.589],[8.085,46.591],[8.085,46.593],[8.078,46.596],[8.068,46.596],[8.071,46.601],[8.075,46.603],[8.068,46.604],[8.065,46.608],[8.065,46.612],[8.062,46.611],[8.059,46.612],[8.059,46.616],[8.078,46.626],[8.083,46.625],[8.081,46.623],[8.085,46.625],[8.088,46.622],[8.102,46.623],[8.094,46.625],[8.092,46.628],[8.093,46.63],[8.086,46.634],[8.092,46.643],[8.09,46.646],[8.091,46.652],[8.097,46.655],[8.095,46.658],[8.089,46.657],[8.087,46.659],[8.09,46.664],[8.089,46.665],[8.082,46.662],[8.076,46.663],[8.069,46.658],[8.055,46.659],[8.049,46.663],[8.045,46.662],[8.043,46.657],[8.036,46.654],[8.02,46.66],[8.013,46.657],[8.007,46.661],[8.005,46.657],[8.002,46.657],[7.998,46.662],[7.991,46.659],[7.984,46.659],[7.982,46.657],[7.965,46.661],[7.958,46.66],[7.955,46.662],[7.956,46.664],[7.955,46.665],[7.952,46.665],[7.944,46.669],[7.932,46.667],[7.928,46.669],[7.932,46.673],[7.943,46.673],[7.946,46.676],[7.947,46.68],[7.95,46.682],[7.948,46.685],[7.965,46.691],[7.968,46.69],[7.978,46.691],[7.981,46.688],[7.985,46.691],[7.983,46.693],[7.986,46.698],[7.985,46.7],[7.988,46.703],[7.998,46.702],[8.001,46.704],[8.004,46.703],[8.008,46.705],[8.013,46.702],[8.01,46.7],[8.01,46.698],[8.014,46.698],[8.023,46.698],[8.017,46.696],[8.007,46.691],[8.014,46.69],[8.024,46.693],[8.027,46.691],[8.031,46.691],[8.033,46.688],[8.043,46.687],[8.047,46.689],[8.037,46.695],[8.035,46.7],[8.037,46.702],[8.04,46.702],[8.036,46.704],[8.034,46.707],[8.037,46.709],[8.035,46.713],[8.037,46.715],[8.05,46.714],[8.057,46.718],[8.066,46.717],[8.076,46.711],[8.084,46.711],[8.093,46.714],[8.097,46.718],[8.106,46.718],[8.112,46.721],[8.116,46.721],[8.119,46.718],[8.129,46.717],[8.125,46.715],[8.129,46.715],[8.132,46.712],[8.132,46.715],[8.13,46.715],[8.135,46.72],[8.145,46.72],[8.149,46.717],[8.141,46.715],[8.146,46.711],[8.145,46.706],[8.154,46.701],[8.144,46.699],[8.143,46.697],[8.132,46.692],[8.118,46.692],[8.116,46.686],[8.12,46.684],[8.119,46.681],[8.105,46.678],[8.103,46.675],[8.106,46.673],[8.103,46.668],[8.104,46.666],[8.105,46.665],[8.108,46.667],[8.112,46.665],[8.113,46.663],[8.111,46.661],[8.117,46.663],[8.118,46.666],[8.121,46.667],[8.128,46.666],[8.127,46.663],[8.13,46.663],[8.133,46.666],[8.133,46.668],[8.129,46.67],[8.131,46.673],[8.138,46.674],[8.148,46.678],[8.151,46.676],[8.157,46.676],[8.161,46.672],[8.164,46.674],[8.171,46.67],[8.174,46.673],[8.174,46.675],[8.166,46.683],[8.167,46.685],[8.171,46.685],[8.171,46.688],[8.174,46.69],[8.177,46.688],[8.18,46.692],[8.186,46.695],[8.197,46.696],[8.199,46.694],[8.189,46.688],[8.184,46.677],[8.184,46.673],[8.179,46.672],[8.178,46.665],[8.176,46.663],[8.177,46.661],[8.193,46.656],[8.195,46.654],[8.189,46.65],[8.19,46.647],[8.212,46.639],[8.222,46.642],[8.232,46.634],[8.239,46.635],[8.242,46.633],[8.243,46.636],[8.246,46.638],[8.242,46.642],[8.238,46.642],[8.236,46.647],[8.232,46.651],[8.226,46.653],[8.219,46.653],[8.223,46.656],[8.222,46.658],[8.224,46.661],[8.224,46.67],[8.229,46.676],[8.232,46.674],[8.232,46.667],[8.236,46.666],[8.239,46.662],[8.245,46.664],[8.257,46.663],[8.261,46.66],[8.261,46.658],[8.255,46.654],[8.253,46.649],[8.255,46.648],[8.268,46.651],[8.275,46.651],[8.287,46.647],[8.291,46.644],[8.286,46.638],[8.287,46.635],[8.284,46.634],[8.284,46.63],[8.296,46.629],[8.289,46.624],[8.296,46.622],[8.294,46.62],[8.287,46.62],[8.278,46.623],[8.276,46.62],[8.277,46.617],[8.28,46.615],[8.277,46.61],[8.281,46.61],[8.287,46.614],[8.295,46.613],[8.298,46.608],[8.295,46.606],[8.297,46.605],[8.304,46.606],[8.308,46.601],[8.313,46.599],[8.316,46.593],[8.319,46.593],[8.324,46.59],[8.321,46.586],[8.323,46.582],[8.329,46.583],[8.333,46.581],[8.335,46.579],[8.332,46.576],[8.336,46.578],[8.339,46.581],[8.336,46.587],[8.332,46.588],[8.336,46.588],[8.338,46.59],[8.333,46.592],[8.337,46.597],[8.333,46.599],[8.333,46.606],[8.324,46.61],[8.321,46.613],[8.326,46.613],[8.33,46.617],[8.336,46.617],[8.344,46.621],[8.339,46.624],[8.336,46.621],[8.333,46.621],[8.333,46.63],[8.33,46.63],[8.328,46.626],[8.329,46.622],[8.326,46.62],[8.32,46.62],[8.318,46.622],[8.319,46.628],[8.317,46.631],[8.319,46.635],[8.316,46.637],[8.318,46.64],[8.317,46.642],[8.314,46.644],[8.319,46.646],[8.313,46.651],[8.321,46.655],[8.321,46.662],[8.316,46.662],[8.308,46.667],[8.309,46.671],[8.302,46.673],[8.298,46.68],[8.295,46.681],[8.285,46.679],[8.283,46.68],[8.285,46.687],[8.279,46.69],[8.272,46.688],[8.269,46.689],[8.268,46.694],[8.254,46.701],[8.266,46.702],[8.282,46.707],[8.293,46.707],[8.299,46.711],[8.302,46.71],[8.305,46.712],[8.308,46.711],[8.315,46.713],[8.32,46.712],[8.324,46.709],[8.323,46.707],[8.328,46.702],[8.334,46.699],[8.344,46.7],[8.356,46.696],[8.354,46.691],[8.36,46.689],[8.362,46.691],[8.363,46.7],[8.36,46.7],[8.354,46.704],[8.347,46.706],[8.344,46.712],[8.341,46.712],[8.335,46.718],[8.341,46.72],[8.34,46.723],[8.345,46.728],[8.349,46.729],[8.352,46.732],[8.358,46.732],[8.368,46.735],[8.374,46.733],[8.384,46.733],[8.389,46.731],[8.397,46.732],[8.403,46.73],[8.405,46.731],[8.403,46.733],[8.404,46.734],[8.407,46.734],[8.41,46.731],[8.422,46.733],[8.422,46.735],[8.42,46.736],[8.413,46.735],[8.412,46.736],[8.414,46.738],[8.41,46.738],[8.397,46.744],[8.385,46.747],[8.414,46.762],[8.414,46.765],[8.411,46.765],[8.407,46.768],[8.405,46.767],[8.409,46.765],[8.404,46.762],[8.401,46.764],[8.394,46.762],[8.388,46.763],[8.381,46.759],[8.375,46.759],[8.369,46.756],[8.358,46.756],[8.331,46.75],[8.329,46.748],[8.322,46.746],[8.319,46.743],[8.305,46.738],[8.299,46.737],[8.296,46.739],[8.305,46.745],[8.306,46.748],[8.312,46.754],[8.322,46.759],[8.324,46.763],[8.329,46.765],[8.34,46.765],[8.339,46.767],[8.329,46.766],[8.326,46.768],[8.339,46.775],[8.34,46.779],[8.345,46.781],[8.332,46.782],[8.32,46.775],[8.318,46.772],[8.308,46.768],[8.303,46.763],[8.299,46.762],[8.293,46.757],[8.289,46.757],[8.286,46.753],[8.28,46.75],[8.274,46.75],[8.25,46.733],[8.243,46.734],[8.241,46.739],[8.233,46.746],[8.234,46.75],[8.24,46.755],[8.244,46.752],[8.241,46.755],[8.246,46.759],[8.24,46.76],[8.231,46.757],[8.227,46.754],[8.222,46.757],[8.221,46.76],[8.215,46.762],[8.208,46.769],[8.188,46.769],[8.185,46.771],[8.183,46.776],[8.185,46.78],[8.188,46.781],[8.194,46.773],[8.196,46.773],[8.198,46.778],[8.201,46.778],[8.208,46.777],[8.211,46.771],[8.214,46.769],[8.221,46.77],[8.224,46.769],[8.229,46.771],[8.227,46.772],[8.228,46.776],[8.224,46.784],[8.221,46.785],[8.218,46.789],[8.222,46.793],[8.221,46.796],[8.243,46.798],[8.244,46.795],[8.243,46.804],[8.237,46.807],[8.24,46.809],[8.241,46.812],[8.244,46.813],[8.244,46.816],[8.24,46.818],[8.244,46.822],[8.239,46.825],[8.231,46.827],[8.231,46.829],[8.245,46.829],[8.255,46.833],[8.255,46.829],[8.245,46.822],[8.247,46.818],[8.251,46.814],[8.253,46.816],[8.267,46.82],[8.27,46.818],[8.257,46.809],[8.248,46.811],[8.245,46.809],[8.245,46.804],[8.247,46.802],[8.261,46.804],[8.263,46.802],[8.256,46.795],[8.251,46.786],[8.247,46.782],[8.251,46.781],[8.26,46.787],[8.27,46.789],[8.273,46.791],[8.283,46.793],[8.297,46.792],[8.296,46.797],[8.297,46.798],[8.318,46.806],[8.316,46.808],[8.307,46.809],[8.304,46.811],[8.307,46.812],[8.31,46.816],[8.314,46.815],[8.311,46.817],[8.313,46.82],[8.309,46.822],[8.311,46.824],[8.309,46.826],[8.317,46.827],[8.32,46.829],[8.322,46.831],[8.318,46.833],[8.324,46.835],[8.327,46.842],[8.33,46.843],[8.337,46.839],[8.347,46.844],[8.35,46.842],[8.345,46.84],[8.346,46.837],[8.351,46.835],[8.353,46.837],[8.353,46.829],[8.343,46.829],[8.34,46.827],[8.336,46.827],[8.333,46.829],[8.323,46.822],[8.326,46.82],[8.33,46.822],[8.339,46.814],[8.343,46.816],[8.349,46.812],[8.356,46.812],[8.365,46.803],[8.382,46.807],[8.393,46.799],[8.392,46.797],[8.388,46.798],[8.386,46.796],[8.391,46.793],[8.395,46.794],[8.393,46.796],[8.395,46.798],[8.405,46.797],[8.415,46.802],[8.424,46.802],[8.426,46.801],[8.423,46.796],[8.424,46.793],[8.431,46.796],[8.441,46.796],[8.444,46.794],[8.443,46.787],[8.444,46.785],[8.463,46.789],[8.473,46.786],[8.483,46.793],[8.489,46.793],[8.5,46.797],[8.503,46.795],[8.503,46.798],[8.508,46.802],[8.506,46.804],[8.505,46.809],[8.51,46.813],[8.51,46.816],[8.505,46.818],[8.506,46.822],[8.503,46.823],[8.492,46.816],[8.48,46.804],[8.47,46.803],[8.467,46.804],[8.458,46.812],[8.466,46.816],[8.466,46.821],[8.464,46.824],[8.454,46.823],[8.451,46.821],[8.441,46.823],[8.445,46.825],[8.449,46.832],[8.449,46.834],[8.444,46.836],[8.447,46.841],[8.445,46.846],[8.435,46.849],[8.434,46.85],[8.436,46.852],[8.432,46.852],[8.429,46.849],[8.422,46.847],[8.419,46.848],[8.422,46.85],[8.419,46.852],[8.417,46.85],[8.417,46.843],[8.415,46.842],[8.409,46.847],[8.405,46.848],[8.405,46.85],[8.409,46.852],[8.411,46.855],[8.41,46.857],[8.4,46.862],[8.401,46.864],[8.412,46.864],[8.408,46.871],[8.409,46.872],[8.413,46.872],[8.416,46.87],[8.419,46.871],[8.419,46.868],[8.422,46.87],[8.425,46.868],[8.4232857143,46.8668571429],[8.439,46.87],[8.447,46.87],[8.454,46.872],[8.438,46.875],[8.437,46.877],[8.452,46.882],[8.456,46.881],[8.458,46.884],[8.472,46.886],[8.475,46.891],[8.478,46.888],[8.482,46.888],[8.49,46.89],[8.495,46.893],[8.499,46.892],[8.502,46.895],[8.507,46.892],[8.505,46.889],[8.498,46.886],[8.494,46.886],[8.492,46.884],[8.475,46.882],[8.475,46.88],[8.481,46.877],[8.489,46.879],[8.488,46.877],[8.501,46.872],[8.501,46.866],[8.508,46.868],[8.512,46.867],[8.521,46.877],[8.528,46.88],[8.534,46.886],[8.536,46.883],[8.536,46.878],[8.54,46.874],[8.55,46.874],[8.567,46.88],[8.567,46.883],[8.57,46.887],[8.577,46.887],[8.579,46.885],[8.579,46.882],[8.576,46.878],[8.578,46.876],[8.577,46.875],[8.567,46.872],[8.56,46.867],[8.559,46.865],[8.56,46.862],[8.556,46.858],[8.558,46.853],[8.556,46.851],[8.56,46.848],[8.579,46.85],[8.583,46.848],[8.58,46.846],[8.566,46.845],[8.558,46.84],[8.559,46.838],[8.563,46.838],[8.564,46.835],[8.561,46.833],[8.566,46.831],[8.572,46.834],[8.582,46.834],[8.595,46.837],[8.602,46.836],[8.61,46.83],[8.609,46.828],[8.602,46.827],[8.599,46.828],[8.599,46.831],[8.598,46.828],[8.588,46.826],[8.572,46.82],[8.567,46.82],[8.566,46.818],[8.562,46.817],[8.559,46.82],[8.556,46.817],[8.549,46.815],[8.548,46.813],[8.543,46.811],[8.548,46.809],[8.545,46.804],[8.578,46.809],[8.592,46.807],[8.595,46.803],[8.598,46.802],[8.614,46.804],[8.616,46.806],[8.625,46.806],[8.621,46.802],[8.615,46.801],[8.615,46.799],[8.631,46.797],[8.631,46.795],[8.627,46.793],[8.627,46.791],[8.63,46.787],[8.634,46.787],[8.636,46.785],[8.63,46.783],[8.627,46.784],[8.621,46.791],[8.614,46.793],[8.604,46.792],[8.602,46.79],[8.603,46.785],[8.607,46.785],[8.612,46.781],[8.612,46.774],[8.61,46.772],[8.607,46.777],[8.597,46.773],[8.594,46.775],[8.593,46.774],[8.596,46.77],[8.589,46.765],[8.607,46.758],[8.615,46.758],[8.603,46.753],[8.6,46.75],[8.592,46.754],[8.587,46.759],[8.571,46.765],[8.564,46.762],[8.561,46.758],[8.558,46.759],[8.56,46.754],[8.574,46.751],[8.58,46.747],[8.583,46.743],[8.582,46.738],[8.589,46.734],[8.587,46.732],[8.591,46.729],[8.586,46.729],[8.583,46.732],[8.577,46.733],[8.573,46.736],[8.572,46.739],[8.561,46.742],[8.557,46.742],[8.554,46.74],[8.538,46.747],[8.528,46.747],[8.525,46.745],[8.522,46.749],[8.518,46.748],[8.515,46.75],[8.517,46.753],[8.516,46.755],[8.509,46.76],[8.5,46.762],[8.504,46.764],[8.502,46.766],[8.495,46.764],[8.495,46.762],[8.501,46.759],[8.5,46.748],[8.492,46.75],[8.482,46.749],[8.473,46.752],[8.469,46.751],[8.466,46.745],[8.463,46.743],[8.459,46.743],[8.456,46.74],[8.459,46.739],[8.469,46.745],[8.472,46.745],[8.482,46.744],[8.499,46.739],[8.505,46.74],[8.508,46.736],[8.517,46.732],[8.518,46.73],[8.525,46.731],[8.538,46.727],[8.54,46.725],[8.539,46.723],[8.534,46.722],[8.53,46.719],[8.532,46.716],[8.536,46.714],[8.547,46.715],[8.55,46.717],[8.553,46.716],[8.552,46.714],[8.554,46.713],[8.56,46.716],[8.566,46.712],[8.566,46.709],[8.57,46.709],[8.572,46.707],[8.57,46.703],[8.566,46.703],[8.563,46.701],[8.56,46.702],[8.558,46.7],[8.561,46.698],[8.56,46.696],[8.556,46.694],[8.569,46.691],[8.572,46.689],[8.569,46.686],[8.56,46.683],[8.547,46.683],[8.54,46.679],[8.537,46.68],[8.536,46.683],[8.536,46.68],[8.539,46.676],[8.536,46.673],[8.53,46.681],[8.527,46.678],[8.523,46.68],[8.519,46.678],[8.519,46.681],[8.501,46.684],[8.499,46.683],[8.502,46.676],[8.5,46.674],[8.514,46.671],[8.522,46.667],[8.522,46.665],[8.52,46.663],[8.513,46.664],[8.503,46.663],[8.495,46.654],[8.494,46.651],[8.49,46.651],[8.49,46.654],[8.484,46.657],[8.481,46.656],[8.461,46.662],[8.455,46.661],[8.454,46.657],[8.464,46.652],[8.467,46.647],[8.466,46.645],[8.471,46.647],[8.48,46.644],[8.493,46.643],[8.5,46.646],[8.516,46.649],[8.53,46.649],[8.533,46.651],[8.546,46.652],[8.556,46.655],[8.562,46.655],[8.565,46.657],[8.569,46.657],[8.571,46.655],[8.569,46.649],[8.56,46.644],[8.56,46.637],[8.555,46.632],[8.552,46.631],[8.548,46.633],[8.552,46.638],[8.539,46.629],[8.532,46.629],[8.529,46.634],[8.528,46.631],[8.522,46.63],[8.519,46.627],[8.526,46.624],[8.526,46.621],[8.516,46.617],[8.512,46.617],[8.51,46.618],[8.512,46.62],[8.506,46.622],[8.503,46.62],[8.506,46.617],[8.509,46.617],[8.51,46.615],[8.503,46.615],[8.498,46.611],[8.495,46.611],[8.483,46.617],[8.481,46.616],[8.481,46.613],[8.491,46.609],[8.491,46.607],[8.479,46.599],[8.481,46.591],[8.479,46.59],[8.47,46.594],[8.457,46.594],[8.444,46.589],[8.46,46.59],[8.476,46.583],[8.488,46.582],[8.483,46.575],[8.479,46.574],[8.464,46.564],[8.468,46.564],[8.482,46.571],[8.492,46.57],[8.49,46.573],[8.492,46.576],[8.498,46.57],[8.502,46.57],[8.501,46.58],[8.505,46.588],[8.509,46.592],[8.513,46.593],[8.515,46.597],[8.528,46.602],[8.535,46.602],[8.538,46.604],[8.545,46.605],[8.548,46.609],[8.551,46.61],[8.558,46.609],[8.551,46.593],[8.554,46.586],[8.557,46.585],[8.563,46.588],[8.562,46.59],[8.571,46.594],[8.573,46.592],[8.58,46.593],[8.587,46.592],[8.587,46.594],[8.584,46.597],[8.574,46.599],[8.574,46.602],[8.579,46.606],[8.578,46.617],[8.584,46.619],[8.591,46.616],[8.594,46.617],[8.591,46.624],[8.598,46.629],[8.604,46.627],[8.622,46.626],[8.63,46.621],[8.639,46.612],[8.659,46.608],[8.66,46.612],[8.656,46.617],[8.655,46.621],[8.65,46.626],[8.645,46.63],[8.635,46.634],[8.634,46.637],[8.623,46.639],[8.624,46.643],[8.631,46.651],[8.647,46.661],[8.644,46.662],[8.614,46.652],[8.597,46.657],[8.605,46.66],[8.608,46.664],[8.611,46.664],[8.615,46.668],[8.625,46.671],[8.625,46.673],[8.628,46.675],[8.629,46.677],[8.623,46.68],[8.613,46.68],[8.62,46.686],[8.616,46.691],[8.617,46.695],[8.625,46.703],[8.63,46.704],[8.629,46.706],[8.631,46.709],[8.635,46.711],[8.638,46.709],[8.635,46.707],[8.635,46.705],[8.638,46.708],[8.645,46.706],[8.648,46.703],[8.651,46.703],[8.654,46.699],[8.654,46.693],[8.658,46.699],[8.668,46.706],[8.671,46.711],[8.665,46.708],[8.661,46.708],[8.661,46.711],[8.664,46.713],[8.661,46.715],[8.661,46.717],[8.665,46.721],[8.671,46.721],[8.678,46.724],[8.668,46.723],[8.66,46.726],[8.676,46.735],[8.661,46.74],[8.666,46.742],[8.665,46.744],[8.672,46.745],[8.673,46.749],[8.67,46.751],[8.682,46.757],[8.685,46.76],[8.689,46.761],[8.693,46.76],[8.693,46.758],[8.698,46.755],[8.698,46.753],[8.695,46.751],[8.697,46.749],[8.697,46.744],[8.701,46.74],[8.706,46.739],[8.708,46.732],[8.714,46.732],[8.717,46.73],[8.716,46.728],[8.721,46.73],[8.724,46.727],[8.724,46.732],[8.727,46.735],[8.727,46.744],[8.724,46.748],[8.731,46.747],[8.734,46.749],[8.747,46.752],[8.728,46.757],[8.741,46.758],[8.744,46.757],[8.748,46.763],[8.749,46.761],[8.754,46.761],[8.754,46.764],[8.757,46.766],[8.757,46.768],[8.761,46.769],[8.771,46.767],[8.772,46.77],[8.77,46.772],[8.776,46.775],[8.777,46.777],[8.784,46.779],[8.797,46.779],[8.8,46.777],[8.807,46.78],[8.805,46.783],[8.794,46.784],[8.792,46.786],[8.807,46.797],[8.804,46.799],[8.807,46.801],[8.806,46.806],[8.808,46.806],[8.811,46.809],[8.818,46.81],[8.818,46.813],[8.814,46.814],[8.808,46.812],[8.801,46.804],[8.798,46.805],[8.795,46.802],[8.779,46.795],[8.762,46.792],[8.748,46.786],[8.735,46.789],[8.726,46.793],[8.719,46.793],[8.716,46.793],[8.709,46.791],[8.701,46.796],[8.702,46.798],[8.707,46.798],[8.704,46.8],[8.703,46.803],[8.698,46.805],[8.698,46.807],[8.706,46.809],[8.707,46.814],[8.7,46.818],[8.7,46.821],[8.697,46.819],[8.693,46.82],[8.693,46.825],[8.69,46.829],[8.684,46.831],[8.681,46.83],[8.673,46.836],[8.674,46.838],[8.677,46.839],[8.691,46.838],[8.695,46.841],[8.7,46.841],[8.704,46.844],[8.71,46.841],[8.712,46.843],[8.71,46.845],[8.711,46.85],[8.717,46.853],[8.72,46.851],[8.724,46.851],[8.727,46.853],[8.73,46.852],[8.733,46.854],[8.734,46.861],[8.75,46.856],[8.747,46.85],[8.74,46.851],[8.733,46.848],[8.731,46.845],[8.733,46.838],[8.74,46.835],[8.746,46.835],[8.748,46.831],[8.743,46.827],[8.74,46.827],[8.746,46.826],[8.746,46.82],[8.749,46.819],[8.756,46.822],[8.762,46.821],[8.766,46.822],[8.776,46.829],[8.783,46.831],[8.779,46.838],[8.783,46.844],[8.78,46.847],[8.781,46.858],[8.796,46.86],[8.809,46.859],[8.816,46.861],[8.829,46.859],[8.827,46.862],[8.829,46.864],[8.827,46.866],[8.831,46.873],[8.823,46.878],[8.819,46.876],[8.81,46.877],[8.809,46.878],[8.81,46.88],[8.806,46.879],[8.803,46.883],[8.783,46.885],[8.78,46.889],[8.777,46.889],[8.773,46.892],[8.767,46.892],[8.764,46.894],[8.757,46.893],[8.748,46.896],[8.743,46.896],[8.741,46.898],[8.728,46.899],[8.719,46.908],[8.719,46.913],[8.715,46.914],[8.705,46.91],[8.702,46.914],[8.696,46.915],[8.689,46.913],[8.686,46.915],[8.686,46.918],[8.673,46.918],[8.669,46.92],[8.666,46.925],[8.653,46.928],[8.65,46.931],[8.644,46.931],[8.65,46.934],[8.672,46.935],[8.683,46.939],[8.693,46.939],[8.693,46.942],[8.715,46.946],[8.732,46.953],[8.739,46.952],[8.743,46.955],[8.759,46.956],[8.761,46.952],[8.758,46.95],[8.755,46.944],[8.756,46.941],[8.735,46.929],[8.732,46.93],[8.725,46.926],[8.729,46.925],[8.743,46.928],[8.749,46.931],[8.759,46.932],[8.763,46.928],[8.758,46.926],[8.758,46.923],[8.754,46.919],[8.748,46.917],[8.741,46.917],[8.732,46.912],[8.735,46.911],[8.748,46.913],[8.758,46.911],[8.763,46.914],[8.762,46.916],[8.769,46.921],[8.767,46.923],[8.768,46.925],[8.777,46.925],[8.777,46.932],[8.785,46.934],[8.787,46.936],[8.788,46.939],[8.78,46.941],[8.776,46.946],[8.777,46.948],[8.779,46.948],[8.782,46.954],[8.787,46.954],[8.786,46.957],[8.789,46.959],[8.798,46.954],[8.798,46.952],[8.802,46.954],[8.807,46.95],[8.807,46.947],[8.8,46.943],[8.795,46.936],[8.814,46.939],[8.816,46.938],[8.816,46.936],[8.813,46.934],[8.814,46.931],[8.824,46.936],[8.827,46.931],[8.823,46.925],[8.831,46.911],[8.827,46.908],[8.813,46.905],[8.809,46.898],[8.806,46.896],[8.807,46.893],[8.808,46.896],[8.817,46.9],[8.836,46.903],[8.843,46.907],[8.846,46.901],[8.85,46.901],[8.858,46.897],[8.861,46.897],[8.86,46.9],[8.856,46.903],[8.853,46.901],[8.85,46.902],[8.85,46.904],[8.856,46.911],[8.867,46.913],[8.87,46.916],[8.87,46.918],[8.865,46.922],[8.853,46.925],[8.852,46.927],[8.857,46.929],[8.861,46.933],[8.855,46.938],[8.855,46.94],[8.858,46.942],[8.86,46.947],[8.865,46.951],[8.854,46.952],[8.852,46.954],[8.861,46.956],[8.874,46.963],[8.884,46.964],[8.881,46.967],[8.874,46.967],[8.868,46.964],[8.86,46.969],[8.858,46.974],[8.855,46.972],[8.851,46.974],[8.85,46.976],[8.855,46.977],[8.855,46.981],[8.858,46.982],[8.863,46.987],[8.858,46.988],[8.858,46.99],[8.865,46.994],[8.865,46.998],[8.86,47.003],[8.869,47.005],[8.875,47.01],[8.885,47.011],[8.905,47.017],[8.918,47.004],[8.93,46.998],[8.93,46.995],[8.941,46.99],[8.947,46.994],[8.961,46.999],[8.961,47.002],[8.963,47.004],[8.961,47.006],[8.944,47.005],[8.933,47.016],[8.935,47.017],[8.942,47.015],[8.955,47.016],[8.958,47.013],[8.968,47.015],[8.977,47.012],[8.978,47.017],[8.994,47.02],[8.998,47.019],[9.001,47.021],[9.004,47.019],[9.007,47.021],[9.011,47.02],[9.012,47.024],[9.014,47.025],[9.02,47.021],[9.027,47.021],[9.032,47.016],[9.028,47.012],[9.032,47.005],[9.03,47.004],[9.027,47.006],[9.017,47.003],[9.01,46.999],[9.007,47.0],[9.004,46.997],[9.006,46.994],[9.006,46.98],[8.986,46.98],[8.983,46.978],[8.98,46.98],[8.976,46.977],[8.969,46.977],[8.966,46.975],[8.967,46.972],[8.997,46.97],[9.002,46.967],[9.01,46.965],[9.002,46.961],[8.996,46.96],[8.971,46.959],[8.976,46.957],[8.972,46.955],[8.972,46.952],[8.966,46.95],[8.963,46.952],[8.955,46.943],[8.955,46.941],[8.96,46.936],[8.962,46.942],[8.969,46.944],[8.972,46.943],[8.969,46.94],[8.964,46.939],[8.964,46.936],[8.969,46.936],[8.971,46.934],[8.971,46.932],[8.9695,46.93075],[8.972,46.932],[8.974,46.93],[8.973,46.927],[8.968,46.924],[8.966,46.925],[8.9677,46.92925],[8.965,46.927],[8.949,46.925],[8.935,46.92],[8.929,46.916],[8.921,46.915],[8.918,46.912],[8.912,46.911],[8.902,46.906],[8.894,46.904],[8.892,46.902],[8.889,46.902],[8.888,46.901],[8.893,46.897],[8.892,46.896],[8.883,46.895],[8.879,46.89],[8.878,46.886],[8.875,46.884],[8.872,46.885],[8.869,46.881],[8.869,46.878],[8.865,46.879],[8.869,46.877],[8.872,46.87],[8.875,46.874],[8.882,46.875],[8.888,46.88],[8.911,46.887],[8.918,46.887],[8.928,46.891],[8.945,46.902],[8.958,46.903],[8.967,46.9],[8.966,46.896],[8.961,46.892],[8.948,46.89],[8.931,46.885],[8.934,46.879],[8.939,46.881],[8.962,46.88],[8.962,46.878],[8.954,46.874],[8.954,46.872],[8.95,46.87],[8.947,46.872],[8.94,46.869],[8.96,46.868],[8.964,46.867],[8.965,46.864],[8.953,46.861],[8.946,46.851],[8.939,46.849],[8.937,46.842],[8.935,46.84],[8.937,46.838],[8.952,46.833],[8.951,46.826],[8.956,46.824],[8.959,46.828],[8.96,46.826],[8.965,46.825],[8.969,46.828],[8.97,46.831],[8.967,46.833],[8.968,46.835],[8.973,46.835],[8.965,46.84],[8.97,46.842],[8.971,46.844],[8.966,46.849],[8.972,46.851],[8.969,46.855],[8.972,46.858],[8.976,46.858],[8.983,46.863],[8.986,46.859],[8.996,46.854],[8.999,46.849],[9.005,46.848],[9.007,46.846],[9.008,46.839],[9.006,46.832],[9.008,46.828],[9.017,46.83],[9.018,46.837],[9.016,46.848],[9.017,46.85],[9.015,46.852],[9.009,46.852],[9.006,46.856],[9.002,46.857],[9.003,46.86],[8.999,46.864],[9.0,46.866],[8.993,46.87],[9.003,46.873],[8.997,46.88],[9.01,46.88],[9.013,46.883],[9.016,46.883],[9.016,46.885],[9.012,46.886],[9.009,46.889],[9.023,46.893],[9.027,46.896],[9.03,46.894],[9.04,46.892],[9.042,46.89],[9.046,46.89],[9.046,46.893],[9.056,46.895],[9.058,46.897],[9.057,46.899],[9.06,46.901],[9.049,46.904],[9.056,46.908],[9.056,46.91],[9.047,46.92],[9.035,46.926],[9.037,46.931],[9.047,46.928],[9.064,46.929],[9.067,46.927],[9.07,46.928],[9.068,46.931],[9.059,46.937],[9.071,46.938],[9.074,46.937],[9.075,46.944],[9.081,46.945],[9.087,46.942],[9.088,46.946],[9.094,46.952],[9.1,46.948],[9.108,46.95],[9.109,46.952],[9.107,46.955],[9.108,46.957],[9.114,46.962],[9.111,46.962],[9.106,46.968],[9.108,46.97],[9.104,46.975],[9.112,46.977],[9.112,46.979],[9.109,46.982],[9.111,46.986],[9.124,46.979],[9.125,46.977],[9.123,46.975],[9.124,46.974],[9.131,46.975],[9.134,46.972],[9.14,46.97],[9.14,46.965],[9.144,46.966],[9.144,46.962],[9.134,46.962],[9.125,46.959],[9.125,46.954],[9.127,46.954],[9.13,46.951],[9.133,46.952],[9.143,46.95],[9.145,46.947],[9.142,46.945],[9.149,46.942],[9.153,46.943],[9.154,46.94],[9.143,46.939],[9.139,46.935],[9.148,46.932],[9.149,46.929],[9.142,46.928],[9.136,46.929],[9.129,46.922],[9.117,46.928],[9.107,46.925],[9.11,46.925],[9.114,46.921],[9.116,46.916],[9.121,46.914],[9.119,46.911],[9.116,46.91],[9.112,46.912],[9.112,46.905],[9.102,46.905],[9.099,46.9],[9.092,46.9],[9.087,46.892],[9.091,46.887],[9.102,46.888],[9.108,46.886],[9.118,46.886],[9.119,46.885],[9.116,46.883],[9.12,46.88],[9.118,46.878],[9.121,46.88],[9.124,46.878],[9.128,46.878],[9.131,46.873],[9.134,46.876],[9.129,46.878],[9.135,46.88],[9.137,46.885],[9.134,46.889],[9.138,46.893],[9.154,46.893],[9.156,46.895],[9.155,46.9],[9.158,46.903],[9.165,46.907],[9.175,46.908],[9.18,46.911],[9.182,46.911],[9.183,46.909],[9.18,46.906],[9.181,46.901],[9.198,46.905],[9.204,46.904],[9.207,46.906],[9.207,46.908],[9.199,46.913],[9.197,46.917],[9.198,46.918],[9.211,46.921],[9.214,46.919],[9.212,46.922],[9.221,46.925],[9.228,46.93],[9.233,46.93],[9.237,46.932],[9.231,46.933],[9.225,46.938],[9.224,46.937],[9.227,46.935],[9.226,46.933],[9.221,46.932],[9.214,46.937],[9.213,46.94],[9.205,46.942],[9.202,46.938],[9.195,46.939],[9.195,46.942],[9.189,46.944],[9.192,46.945],[9.193,46.947],[9.187,46.951],[9.189,46.953],[9.196,46.954],[9.209,46.96],[9.226,46.965],[9.232,46.969],[9.23,46.971],[9.231,46.973],[9.225,46.978],[9.233,46.978],[9.235,46.98],[9.233,46.985],[9.23,46.985],[9.228,46.987],[9.234,46.991],[9.23,46.992],[9.223,46.992],[9.222,46.991],[9.223,46.989],[9.22,46.989],[9.215,46.985],[9.218,46.982],[9.213,46.98],[9.21,46.982],[9.207,46.981],[9.203,46.976],[9.2,46.977],[9.2,46.98],[9.195,46.983],[9.184,46.985],[9.184,46.987],[9.188,46.989],[9.185,46.99],[9.184,46.989],[9.183,46.992],[9.177,46.996],[9.175,47.003],[9.187,47.007],[9.2,47.016],[9.199,47.023],[9.202,47.028],[9.198,47.028],[9.197,47.019],[9.195,47.017],[9.186,47.014],[9.168,47.017],[9.166,47.019],[9.167,47.021],[9.165,47.024],[9.162,47.022],[9.158,47.024],[9.157,47.012],[9.152,47.011],[9.145,47.007],[9.137,47.015],[9.126,47.017],[9.117,47.022],[9.123,47.031],[9.118,47.033],[9.12,47.039],[9.118,47.04],[9.117,47.046],[9.11,47.045],[9.103,47.047],[9.105,47.051],[9.105,47.056],[9.107,47.058],[9.104,47.063],[9.107,47.064],[9.112,47.069],[9.111,47.071],[9.109,47.069],[9.104,47.069],[9.103,47.072],[9.114,47.075],[9.116,47.074],[9.115,47.072],[9.117,47.067],[9.114,47.065],[9.127,47.071],[9.13,47.069],[9.132,47.074],[9.137,47.075],[9.139,47.078],[9.144,47.08],[9.14,47.087],[9.143,47.089],[9.142,47.091],[9.144,47.093],[9.148,47.089],[9.147,47.087],[9.15,47.085],[9.147,47.08],[9.15,47.077],[9.154,47.08],[9.161,47.082],[9.164,47.08],[9.167,47.083],[9.174,47.084],[9.18,47.088],[9.184,47.086],[9.187,47.088],[9.188,47.086],[9.186,47.084],[9.185,47.079],[9.183,47.078],[9.164,47.076],[9.157,47.074],[9.154,47.07],[9.15,47.069],[9.138,47.069],[9.15,47.061],[9.153,47.064],[9.167,47.07],[9.186,47.07],[9.189,47.068],[9.186,47.067],[9.186,47.061],[9.18,47.057],[9.181,47.055],[9.176,47.051],[9.169,47.05],[9.161,47.044],[9.163,47.043],[9.179,47.045],[9.189,47.05],[9.199,47.051],[9.206,47.05],[9.206,47.052],[9.201,47.054],[9.202,47.056],[9.214,47.059],[9.211,47.063],[9.213,47.066],[9.209,47.072],[9.208,47.077],[9.21,47.079],[9.213,47.078],[9.216,47.081],[9.225,47.079],[9.226,47.076],[9.236,47.084],[9.239,47.08],[9.243,47.08],[9.253,47.084],[9.263,47.082],[9.265,47.08],[9.269,47.083],[9.282,47.082],[9.284,47.08],[9.281,47.078],[9.279,47.074],[9.266,47.072],[9.264,47.069],[9.265,47.067],[9.248,47.061],[9.243,47.056],[9.248,47.053],[9.255,47.053],[9.256,47.051],[9.249,47.047],[9.249,47.045],[9.251,47.042],[9.261,47.042],[9.265,47.036],[9.264,47.03],[9.261,47.029],[9.258,47.031],[9.257,47.029],[9.261,47.028],[9.261,47.026],[9.257,47.025],[9.257,47.023],[9.274,47.027],[9.279,47.026],[9.28,47.028],[9.284,47.029],[9.287,47.028],[9.289,47.031],[9.287,47.033],[9.294,47.033],[9.295,47.04],[9.298,47.042],[9.298,47.049],[9.302,47.048],[9.301,47.051],[9.312,47.055],[9.314,47.058],[9.326,47.055],[9.317,47.053],[9.309,47.048],[9.311,47.044],[9.332,47.048],[9.332,47.046],[9.33,47.045],[9.307,47.036],[9.306,47.035],[9.308,47.033],[9.31,47.026],[9.32,47.033],[9.33,47.035],[9.333,47.037],[9.339,47.037],[9.341,47.034],[9.345,47.032],[9.343,47.027],[9.352,47.023],[9.334,47.021],[9.331,47.016],[9.336,47.014],[9.335,47.01],[9.33,47.007],[9.327,47.007],[9.323,47.011],[9.316,47.013],[9.313,47.005],[9.309,47.004],[9.306,47.005],[9.296,47.002],[9.295,46.999],[9.298,46.997],[9.298,46.994],[9.289,46.991],[9.286,46.988],[9.282,46.989],[9.276,46.986],[9.263,46.991],[9.267,46.999],[9.266,47.0],[9.263,46.998],[9.26,46.994],[9.253,46.991],[9.255,46.986],[9.249,46.986],[9.249,46.984],[9.256,46.983],[9.263,46.99],[9.266,46.984],[9.264,46.977],[9.259,46.973],[9.252,46.972],[9.252,46.97],[9.259,46.967],[9.259,46.964],[9.262,46.962],[9.272,46.964],[9.272,46.966],[9.278,46.968],[9.285,46.968],[9.298,46.972],[9.301,46.97],[9.3,46.965],[9.298,46.963],[9.311,46.963],[9.314,46.964],[9.317,46.969],[9.313,46.974],[9.315,46.978],[9.322,46.981],[9.328,46.976],[9.328,46.974],[9.331,46.974],[9.333,46.976],[9.328,46.98],[9.331,46.982],[9.337,46.98],[9.337,46.976],[9.341,46.974],[9.343,46.971],[9.34,46.969],[9.349,46.962],[9.344,46.961],[9.337,46.965],[9.336,46.962],[9.344,46.959],[9.36,46.96],[9.367,46.966],[9.368,46.969],[9.364,46.967],[9.362,46.969],[9.365,46.973],[9.364,46.975],[9.366,46.98],[9.363,46.984],[9.365,46.986],[9.377,46.98],[9.385,46.982],[9.387,46.984],[9.383,46.986],[9.382,46.991],[9.379,46.993],[9.381,46.996],[9.385,46.995],[9.388,46.997],[9.388,47.0],[9.386,47.002],[9.389,47.006],[9.389,47.009],[9.392,47.01],[9.395,47.01],[9.398,47.007],[9.403,47.006],[9.402,47.004],[9.404,46.998],[9.407,46.997],[9.406,46.988],[9.408,46.988],[9.41,46.995],[9.414,46.995],[9.42,46.99],[9.423,46.99],[9.43,46.992],[9.434,46.998],[9.437,46.996],[9.444,46.996],[9.446,46.994],[9.458,46.992],[9.459,46.99],[9.457,46.987],[9.44,46.979],[9.423,46.978],[9.42,46.975],[9.422,46.972],[9.413,46.97],[9.407,46.966],[9.408,46.963],[9.42,46.963],[9.426,46.959],[9.433,46.959],[9.442,46.954],[9.449,46.954],[9.45,46.951],[9.447,46.945],[9.445,46.944],[9.439,46.948],[9.429,46.948],[9.417,46.945],[9.416,46.943],[9.419,46.941],[9.423,46.941],[9.425,46.938],[9.432,46.936],[9.432,46.933],[9.425,46.931],[9.414,46.932],[9.408,46.929],[9.407,46.932],[9.402,46.937],[9.396,46.936],[9.393,46.932],[9.394,46.925],[9.389,46.922],[9.385,46.924],[9.379,46.923],[9.374,46.928],[9.369,46.929],[9.369,46.933],[9.366,46.932],[9.365,46.935],[9.363,46.936],[9.353,46.934],[9.346,46.938],[9.34,46.937],[9.34,46.94],[9.33,46.937],[9.327,46.94],[9.326,46.938],[9.317,46.934],[9.31,46.935],[9.297,46.931],[9.293,46.927],[9.281,46.925],[9.29,46.923],[9.316,46.925],[9.336,46.923],[9.349,46.917],[9.345,46.915],[9.352,46.918],[9.359,46.917],[9.363,46.915],[9.365,46.912],[9.372,46.912],[9.375,46.909],[9.391,46.91],[9.397,46.907],[9.408,46.907],[9.411,46.905],[9.404,46.903],[9.391,46.904],[9.384,46.901],[9.378,46.896],[9.378,46.891],[9.384,46.893],[9.394,46.891],[9.396,46.889],[9.377,46.887],[9.375,46.885],[9.376,46.881],[9.372,46.879],[9.374,46.876],[9.367,46.877],[9.369,46.872],[9.366,46.87],[9.369,46.867],[9.365,46.865],[9.366,46.863],[9.361,46.861],[9.362,46.858],[9.36,46.857],[9.353,46.861],[9.352,46.863],[9.344,46.864],[9.334,46.87],[9.334,46.873],[9.332,46.875],[9.328,46.877],[9.324,46.876],[9.322,46.882],[9.319,46.879],[9.318,46.874],[9.315,46.878],[9.302,46.888],[9.294,46.88],[9.3,46.875],[9.301,46.866],[9.304,46.862],[9.308,46.861],[9.312,46.857],[9.311,46.856],[9.298,46.855],[9.29,46.857],[9.288,46.859],[9.281,46.861],[9.276,46.867],[9.269,46.871],[9.252,46.871],[9.24,46.865],[9.241,46.86],[9.244,46.856],[9.242,46.855],[9.222,46.855],[9.209,46.852],[9.196,46.854],[9.199,46.852],[9.206,46.852],[9.212,46.849],[9.219,46.848],[9.23,46.843],[9.215,46.833],[9.212,46.835],[9.208,46.834],[9.199,46.838],[9.197,46.836],[9.199,46.832],[9.198,46.829],[9.191,46.83],[9.185,46.825],[9.176,46.828],[9.178,46.83],[9.175,46.832],[9.175,46.837],[9.172,46.839],[9.156,46.841],[9.154,46.844],[9.157,46.848],[9.156,46.849],[9.153,46.848],[9.147,46.842],[9.153,46.84],[9.152,46.837],[9.161,46.83],[9.16,46.826],[9.153,46.819],[9.154,46.817],[9.152,46.815],[9.146,46.819],[9.139,46.818],[9.132,46.819],[9.134,46.826],[9.125,46.833],[9.126,46.836],[9.13,46.837],[9.13,46.84],[9.127,46.842],[9.12,46.843],[9.117,46.84],[9.117,46.835],[9.112,46.835],[9.11,46.84],[9.104,46.844],[9.094,46.845],[9.091,46.843],[9.086,46.843],[9.084,46.84],[9.094,46.834],[9.095,46.831],[9.099,46.829],[9.102,46.824],[9.09,46.822],[9.077,46.822],[9.073,46.818],[9.073,46.816],[9.077,46.814],[9.077,46.811],[9.075,46.809],[9.077,46.807],[9.07,46.798],[9.059,46.8],[9.051,46.807],[9.046,46.809],[9.048,46.812],[9.047,46.813],[9.037,46.815],[8.991,46.806],[8.993,46.801],[8.995,46.801],[9.004,46.802],[9.007,46.804],[9.027,46.809],[9.031,46.808],[9.034,46.802],[9.04,46.8],[9.041,46.798],[9.039,46.796],[9.041,46.794],[9.041,46.791],[9.036,46.787],[9.02,46.785],[9.022,46.783],[9.02,46.782],[9.009,46.783],[9.006,46.778],[9.002,46.776],[8.989,46.776],[8.981,46.779],[8.977,46.776],[8.975,46.777],[8.974,46.782],[8.964,46.783],[8.958,46.779],[8.953,46.772],[8.964,46.767],[8.966,46.765],[8.964,46.763],[8.954,46.762],[8.951,46.763],[8.948,46.768],[8.944,46.767],[8.94,46.761],[8.93,46.757],[8.932,46.755],[8.931,46.753],[8.928,46.755],[8.924,46.755],[8.918,46.749],[8.911,46.749],[8.907,46.753],[8.907,46.757],[8.903,46.764],[8.898,46.765],[8.897,46.769],[8.888,46.769],[8.888,46.775],[8.895,46.78],[8.886,46.782],[8.884,46.778],[8.885,46.776],[8.882,46.772],[8.881,46.776],[8.879,46.776],[8.876,46.78],[8.875,46.778],[8.877,46.776],[8.875,46.773],[8.87,46.771],[8.866,46.771],[8.856,46.776],[8.855,46.774],[8.858,46.769],[8.855,46.767],[8.856,46.765],[8.862,46.766],[8.869,46.762],[8.872,46.763],[8.873,46.76],[8.879,46.758],[8.882,46.755],[8.88,46.751],[8.881,46.742],[8.879,46.737],[8.873,46.74],[8.868,46.74],[8.865,46.738],[8.865,46.734],[8.868,46.731],[8.868,46.728],[8.855,46.734],[8.852,46.734],[8.849,46.731],[8.85,46.726],[8.845,46.722],[8.832,46.725],[8.829,46.724],[8.825,46.719],[8.819,46.721],[8.809,46.721],[8.808,46.718],[8.814,46.713],[8.799,46.708],[8.795,46.708],[8.789,46.705],[8.788,46.702],[8.796,46.7],[8.792,46.698],[8.785,46.698],[8.782,46.701],[8.772,46.7],[8.766,46.707],[8.766,46.711],[8.765,46.707],[8.759,46.708],[8.756,46.703],[8.757,46.701],[8.755,46.694],[8.753,46.692],[8.743,46.691],[8.74,46.695],[8.73,46.698],[8.729,46.696],[8.732,46.687],[8.728,46.685],[8.726,46.682],[8.72,46.681],[8.713,46.686],[8.71,46.685],[8.703,46.687],[8.702,46.685],[8.707,46.676],[8.705,46.674],[8.706,46.672],[8.713,46.673],[8.716,46.67],[8.712,46.667],[8.696,46.664],[8.693,46.665],[8.698,46.67],[8.693,46.673],[8.689,46.668],[8.689,46.665],[8.692,46.661],[8.69,46.657],[8.677,46.658],[8.671,46.648],[8.673,46.645],[8.676,46.648],[8.687,46.643],[8.699,46.649],[8.701,46.647],[8.701,46.643],[8.706,46.642],[8.708,46.638],[8.702,46.632],[8.695,46.632],[8.692,46.63],[8.692,46.625],[8.695,46.627],[8.702,46.627],[8.708,46.625],[8.712,46.62],[8.715,46.619],[8.721,46.622],[8.722,46.625],[8.72,46.64],[8.716,46.647],[8.722,46.652],[8.731,46.651],[8.73,46.654],[8.732,46.655],[8.739,46.653],[8.739,46.656],[8.742,46.658],[8.745,46.655],[8.747,46.656],[8.748,46.659],[8.755,46.663],[8.758,46.664],[8.76,46.662],[8.755,46.656],[8.755,46.651],[8.753,46.649],[8.755,46.646],[8.747,46.642],[8.748,46.639],[8.751,46.641],[8.752,46.64],[8.752,46.635],[8.754,46.633],[8.751,46.629],[8.754,46.626],[8.75,46.62],[8.751,46.617],[8.749,46.615],[8.751,46.612],[8.752,46.615],[8.756,46.617],[8.755,46.62],[8.757,46.625],[8.761,46.623],[8.767,46.626],[8.771,46.632],[8.771,46.637],[8.767,46.64],[8.767,46.642],[8.781,46.648],[8.783,46.651],[8.782,46.653],[8.788,46.663],[8.79,46.662],[8.789,46.66],[8.794,46.659],[8.796,46.657],[8.796,46.651],[8.799,46.648],[8.804,46.649],[8.807,46.647],[8.811,46.65],[8.811,46.657],[8.814,46.662],[8.817,46.658],[8.824,46.661],[8.826,46.653],[8.831,46.652],[8.83,46.645],[8.825,46.644],[8.82,46.64],[8.812,46.637],[8.811,46.632],[8.816,46.63],[8.813,46.629],[8.803,46.631],[8.809,46.624],[8.807,46.621],[8.809,46.619],[8.805,46.617],[8.808,46.612],[8.803,46.605],[8.796,46.605],[8.791,46.603],[8.791,46.601],[8.795,46.597],[8.792,46.59],[8.789,46.586],[8.786,46.587],[8.783,46.586],[8.782,46.583],[8.788,46.579],[8.78,46.574],[8.775,46.565],[8.782,46.569],[8.793,46.57],[8.794,46.567],[8.797,46.565],[8.795,46.561],[8.795,46.553],[8.798,46.552],[8.799,46.547],[8.797,46.543],[8.804,46.542],[8.806,46.538],[8.804,46.536],[8.811,46.534],[8.813,46.531],[8.824,46.53],[8.827,46.526],[8.831,46.527],[8.838,46.524],[8.837,46.522],[8.842,46.517],[8.849,46.517],[8.851,46.515],[8.849,46.513],[8.86,46.513],[8.861,46.51],[8.865,46.508],[8.878,46.508],[8.882,46.51],[8.903,46.508],[8.895,46.505],[8.882,46.504],[8.878,46.501],[8.871,46.499],[8.873,46.492],[8.865,46.491],[8.863,46.497],[8.859,46.502],[8.849,46.505],[8.846,46.508],[8.83,46.514],[8.823,46.514],[8.817,46.512],[8.81,46.513],[8.802,46.518],[8.797,46.519],[8.791,46.519],[8.784,46.515],[8.774,46.518],[8.777,46.516],[8.771,46.515],[8.757,46.518],[8.753,46.521],[8.745,46.523],[8.742,46.528],[8.736,46.531],[8.726,46.533],[8.717,46.532],[8.71,46.534],[8.703,46.534],[8.697,46.532],[8.694,46.535],[8.697,46.537],[8.693,46.537],[8.693,46.54],[8.711,46.544],[8.703,46.548],[8.703,46.551],[8.707,46.552],[8.708,46.55],[8.714,46.55],[8.717,46.554],[8.733,46.547],[8.749,46.547],[8.754,46.55],[8.743,46.551],[8.739,46.549],[8.733,46.549],[8.732,46.55],[8.733,46.552],[8.728,46.555],[8.72,46.557],[8.717,46.56],[8.704,46.558],[8.695,46.553],[8.696,46.551],[8.691,46.548],[8.687,46.547],[8.684,46.548],[8.674,46.545],[8.667,46.54],[8.669,46.535],[8.664,46.534],[8.662,46.535],[8.664,46.537],[8.661,46.54],[8.654,46.544],[8.654,46.547],[8.662,46.546],[8.663,46.549],[8.661,46.549],[8.657,46.553],[8.656,46.556],[8.672,46.564],[8.675,46.567],[8.665,46.57],[8.658,46.568],[8.652,46.564],[8.643,46.565],[8.644,46.562],[8.639,46.558],[8.638,46.555],[8.625,46.557],[8.622,46.556],[8.622,46.553],[8.615,46.549],[8.612,46.55],[8.609,46.548],[8.602,46.548],[8.599,46.544],[8.589,46.545],[8.586,46.547],[8.588,46.549],[8.586,46.55],[8.583,46.548],[8.573,46.548],[8.565,46.55],[8.567,46.552],[8.56,46.551],[8.559,46.55],[8.56,46.548],[8.563,46.549],[8.564,46.545],[8.571,46.541],[8.572,46.538],[8.566,46.538],[8.56,46.533],[8.543,46.532],[8.537,46.529],[8.53,46.53],[8.529,46.528],[8.524,46.526],[8.514,46.526],[8.514,46.523],[8.511,46.519],[8.507,46.518],[8.504,46.52],[8.501,46.519],[8.498,46.517],[8.497,46.512],[8.494,46.51],[8.491,46.51],[8.488,46.513],[8.484,46.511],[8.471,46.501],[8.468,46.496],[8.466,46.497],[8.467,46.499],[8.465,46.5],[8.46,46.497],[8.464,46.494],[8.461,46.493],[8.454,46.486],[8.452,46.486],[8.448,46.48],[8.442,46.477],[8.451,46.475],[8.458,46.478],[8.464,46.478],[8.47,46.481],[8.476,46.481],[8.484,46.487],[8.49,46.489],[8.497,46.489],[8.503,46.486],[8.51,46.486],[8.51,46.489],[8.506,46.492],[8.513,46.497],[8.519,46.498],[8.533,46.505],[8.539,46.499],[8.546,46.499],[8.549,46.496],[8.551,46.498],[8.55,46.503],[8.548,46.505],[8.55,46.507],[8.556,46.509],[8.559,46.504],[8.562,46.507],[8.569,46.505],[8.572,46.511],[8.576,46.513],[8.579,46.51],[8.585,46.509],[8.585,46.514],[8.589,46.514],[8.592,46.512],[8.618,46.512],[8.619,46.511],[8.617,46.509],[8.617,46.506],[8.621,46.504],[8.628,46.507],[8.63,46.504],[8.637,46.505],[8.641,46.504],[8.643,46.499],[8.657,46.499],[8.66,46.502],[8.663,46.502],[8.679,46.495],[8.679,46.491],[8.689,46.494],[8.705,46.494],[8.713,46.487],[8.708,46.487],[8.705,46.483],[8.702,46.483],[8.705,46.48],[8.725,46.476],[8.728,46.467],[8.733,46.465],[8.734,46.463],[8.737,46.465],[8.74,46.463],[8.744,46.465],[8.746,46.462],[8.746,46.46],[8.744,46.459],[8.731,46.458],[8.727,46.46],[8.732,46.456],[8.73,46.45],[8.734,46.452],[8.739,46.449],[8.737,46.447],[8.733,46.447],[8.739,46.442],[8.743,46.442],[8.746,46.439],[8.753,46.44],[8.756,46.443],[8.769,46.441],[8.782,46.443],[8.786,46.445],[8.789,46.44],[8.801,46.439],[8.795,46.436],[8.788,46.427],[8.772,46.424],[8.77,46.419],[8.759,46.419],[8.756,46.417],[8.757,46.415],[8.764,46.413],[8.768,46.409],[8.775,46.407],[8.78,46.403],[8.791,46.405],[8.793,46.401],[8.79,46.399],[8.788,46.395],[8.781,46.395],[8.778,46.397],[8.775,46.396],[8.771,46.398],[8.765,46.396],[8.762,46.399],[8.758,46.399],[8.755,46.397],[8.749,46.398],[8.746,46.399],[8.742,46.404],[8.739,46.403],[8.738,46.399],[8.734,46.397],[8.732,46.394],[8.732,46.39],[8.735,46.388],[8.735,46.386],[8.736,46.39],[8.739,46.391],[8.745,46.384],[8.752,46.383],[8.761,46.374],[8.762,46.374],[8.761,46.377],[8.767,46.379],[8.781,46.379],[8.783,46.376],[8.771,46.369],[8.764,46.369],[8.761,46.371],[8.745,46.373],[8.74,46.372],[8.733,46.375],[8.729,46.375],[8.729,46.373],[8.711,46.382],[8.71,46.384],[8.724,46.388],[8.724,46.391],[8.719,46.392],[8.71,46.397],[8.712,46.4],[8.726,46.399],[8.729,46.401],[8.718,46.409],[8.723,46.41],[8.726,46.408],[8.737,46.411],[8.729,46.415],[8.727,46.425],[8.723,46.424],[8.72,46.426],[8.714,46.425],[8.707,46.427],[8.702,46.425],[8.701,46.42],[8.694,46.415],[8.689,46.416],[8.682,46.411],[8.674,46.412],[8.672,46.416],[8.674,46.418],[8.679,46.418],[8.681,46.422],[8.683,46.42],[8.687,46.42],[8.69,46.422],[8.685,46.429],[8.687,46.438],[8.685,46.442],[8.681,46.445],[8.681,46.452],[8.684,46.456],[8.684,46.459],[8.692,46.459],[8.694,46.461],[8.691,46.463],[8.691,46.465],[8.699,46.467],[8.698,46.469],[8.695,46.468],[8.689,46.471],[8.679,46.467],[8.675,46.467],[8.675,46.47],[8.672,46.472],[8.663,46.47],[8.66,46.475],[8.663,46.477],[8.662,46.479],[8.658,46.479],[8.656,46.475],[8.65,46.482],[8.646,46.484],[8.64,46.486],[8.633,46.486],[8.628,46.488],[8.621,46.494],[8.603,46.498],[8.603,46.495],[8.591,46.492],[8.588,46.493],[8.586,46.491],[8.588,46.488],[8.594,46.486],[8.594,46.484],[8.604,46.486],[8.613,46.484],[8.614,46.482],[8.61,46.48],[8.61,46.475],[8.617,46.479],[8.629,46.475],[8.622,46.468],[8.623,46.464],[8.633,46.469],[8.638,46.466],[8.636,46.463],[8.643,46.463],[8.647,46.459],[8.64,46.454],[8.646,46.454],[8.647,46.452],[8.642,46.448],[8.63,46.448],[8.631,46.441],[8.637,46.439],[8.633,46.437],[8.631,46.434],[8.641,46.432],[8.636,46.428],[8.625,46.428],[8.619,46.435],[8.613,46.435],[8.608,46.437],[8.611,46.441],[8.606,46.444],[8.61,46.447],[8.611,46.45],[8.607,46.452],[8.604,46.457],[8.6,46.456],[8.587,46.461],[8.581,46.458],[8.58,46.455],[8.572,46.451],[8.574,46.448],[8.577,46.45],[8.589,46.451],[8.589,46.448],[8.586,46.446],[8.586,46.442],[8.584,46.439],[8.58,46.44],[8.567,46.435],[8.577,46.432],[8.579,46.428],[8.583,46.426],[8.58,46.421],[8.574,46.417],[8.579,46.412],[8.583,46.411],[8.586,46.408],[8.59,46.409],[8.59,46.405],[8.584,46.401],[8.593,46.397],[8.607,46.396],[8.608,46.399],[8.612,46.402],[8.619,46.402],[8.621,46.401],[8.618,46.398],[8.618,46.396],[8.613,46.394],[8.621,46.389],[8.631,46.387],[8.63,46.385],[8.626,46.383],[8.625,46.38],[8.621,46.379],[8.615,46.38],[8.606,46.385],[8.602,46.382],[8.598,46.383],[8.599,46.38],[8.592,46.38],[8.581,46.388],[8.569,46.392],[8.574,46.397],[8.573,46.4],[8.58,46.401],[8.573,46.403],[8.567,46.409],[8.554,46.41],[8.551,46.413],[8.555,46.417],[8.551,46.422],[8.533,46.426],[8.537,46.431],[8.535,46.434],[8.519,46.439],[8.509,46.444],[8.508,46.44],[8.514,46.431],[8.505,46.425],[8.505,46.422],[8.501,46.42],[8.499,46.415],[8.492,46.412],[8.489,46.409],[8.495,46.407],[8.492,46.404],[8.495,46.399],[8.511,46.403],[8.515,46.401],[8.516,46.399],[8.51,46.395],[8.511,46.393],[8.518,46.392],[8.519,46.39],[8.508,46.388],[8.506,46.386],[8.509,46.382],[8.516,46.379],[8.514,46.376],[8.511,46.375],[8.514,46.373],[8.508,46.372],[8.498,46.379],[8.495,46.38],[8.491,46.379],[8.488,46.377],[8.494,46.373],[8.487,46.368],[8.487,46.366],[8.481,46.365],[8.478,46.362],[8.476,46.362],[8.483,46.359],[8.485,46.357],[8.484,46.355],[8.491,46.353],[8.497,46.349],[8.517,46.35],[8.523,46.348],[8.525,46.345],[8.527,46.345],[8.524,46.348],[8.526,46.352],[8.53,46.353],[8.536,46.349],[8.54,46.353],[8.548,46.35],[8.549,46.345],[8.556,46.343],[8.566,46.343],[8.564,46.341],[8.565,46.338],[8.575,46.334],[8.562,46.33],[8.552,46.336],[8.543,46.339],[8.537,46.336],[8.533,46.336],[8.532,46.334],[8.526,46.331],[8.507,46.335],[8.494,46.331],[8.482,46.335],[8.471,46.327],[8.459,46.328],[8.464,46.325],[8.468,46.321],[8.468,46.319],[8.461,46.315],[8.459,46.31],[8.456,46.308],[8.458,46.306],[8.461,46.305],[8.464,46.307],[8.48,46.309],[8.485,46.308],[8.461,46.299],[8.457,46.291],[8.453,46.294],[8.453,46.297],[8.448,46.299],[8.444,46.297],[8.445,46.294],[8.439,46.292],[8.438,46.288],[8.434,46.29],[8.426,46.299],[8.432,46.303],[8.435,46.303],[8.436,46.306],[8.44,46.308],[8.44,46.31],[8.443,46.312],[8.443,46.315],[8.446,46.317],[8.45,46.324],[8.458,46.328],[8.456,46.33],[8.459,46.333],[8.46,46.339],[8.463,46.342],[8.463,46.353],[8.46,46.355],[8.466,46.362],[8.467,46.368],[8.463,46.371],[8.463,46.38],[8.46,46.382],[8.46,46.391],[8.467,46.395],[8.467,46.398],[8.463,46.4],[8.463,46.409],[8.467,46.411],[8.467,46.413],[8.46,46.418],[8.46,46.421],[8.457,46.423],[8.457,46.428],[8.454,46.429],[8.454,46.438],[8.458,46.441],[8.458,46.445],[8.461,46.447],[8.461,46.449],[8.455,46.454],[8.454,46.457],[8.445,46.463],[8.441,46.464],[8.435,46.464],[8.431,46.461],[8.405,46.459],[8.395,46.453],[8.392,46.453],[8.389,46.45],[8.366,46.451],[8.353,46.442],[8.346,46.44],[8.33,46.428],[8.326,46.428],[8.317,46.424],[8.307,46.424],[8.303,46.422],[8.303,46.419],[8.296,46.415],[8.297,46.413],[8.293,46.41],[8.293,46.408],[8.303,46.408],[8.313,46.403],[8.313,46.399],[8.316,46.397],[8.315,46.381],[8.306,46.375],[8.303,46.375],[8.296,46.37],[8.293,46.37],[8.283,46.364],[8.266,46.366],[8.26,46.361],[8.26,46.354],[8.263,46.352],[8.263,46.348],[8.26,46.346],[8.251,46.346],[8.25,46.343],[8.244,46.339],[8.231,46.339],[8.227,46.337],[8.227,46.334],[8.221,46.33],[8.221,46.325],[8.217,46.323],[8.217,46.319],[8.214,46.317],[8.213,46.314],[8.214,46.31],[8.211,46.308],[8.207,46.308],[8.178,46.297],[8.171,46.297],[8.169,46.295],[8.152,46.297],[8.15,46.299],[8.143,46.299],[8.14,46.302],[8.136,46.302],[8.13,46.297],[8.123,46.295],[8.123,46.292],[8.113,46.283],[8.094,46.27],[8.087,46.266],[8.083,46.266],[8.08,46.263],[8.08,46.261],[8.087,46.256],[8.097,46.256],[8.103,46.252],[8.106,46.252],[8.109,46.25],[8.109,46.247],[8.113,46.245],[8.113,46.24],[8.128,46.229],[8.132,46.229],[8.135,46.226],[8.141,46.225],[8.14,46.22],[8.138,46.218],[8.144,46.218],[8.142,46.21],[8.132,46.217],[8.122,46.217],[8.116,46.221],[8.106,46.219],[8.101,46.221],[8.096,46.219],[8.093,46.223],[8.09,46.221],[8.089,46.218],[8.093,46.212],[8.096,46.215],[8.098,46.214],[8.098,46.212],[8.096,46.207],[8.092,46.203],[8.092,46.2],[8.09,46.199],[8.083,46.201],[8.067,46.211],[8.06,46.212],[8.059,46.214],[8.06,46.216],[8.054,46.222],[8.055,46.228],[8.058,46.23],[8.048,46.227],[8.046,46.23],[8.038,46.233],[8.032,46.231],[8.022,46.231],[8.018,46.234],[8.024,46.241],[8.024,46.246],[8.032,46.248],[8.032,46.253],[8.035,46.252],[8.038,46.254],[8.043,46.252],[8.05,46.252],[8.055,46.254],[8.056,46.257],[8.052,46.259],[8.056,46.261],[8.047,46.268],[8.048,46.277],[8.064,46.279],[8.062,46.286],[8.065,46.289],[8.071,46.286],[8.081,46.291],[8.087,46.287],[8.091,46.292],[8.09,46.295],[8.086,46.297],[8.088,46.3],[8.091,46.301],[8.092,46.304],[8.091,46.305],[8.081,46.303],[8.075,46.306],[8.074,46.308],[8.081,46.315],[8.068,46.316],[8.065,46.31],[8.057,46.313],[8.062,46.317],[8.059,46.322],[8.055,46.323],[8.053,46.326],[8.055,46.329],[8.068,46.329],[8.07,46.331],[8.069,46.34],[8.072,46.341],[8.078,46.338],[8.082,46.338],[8.086,46.342],[8.083,46.349],[8.085,46.351],[8.088,46.351],[8.095,46.349],[8.095,46.353],[8.098,46.355],[8.104,46.351],[8.111,46.351],[8.117,46.349],[8.118,46.355],[8.121,46.357],[8.121,46.36],[8.124,46.363],[8.127,46.362],[8.134,46.365],[8.144,46.366],[8.149,46.362],[8.146,46.36],[8.146,46.357],[8.153,46.358],[8.156,46.357],[8.156,46.355],[8.153,46.35],[8.14,46.35],[8.138,46.348],[8.137,46.343],[8.133,46.342],[8.135,46.34],[8.129,46.335],[8.13,46.334],[8.137,46.335],[8.143,46.34],[8.153,46.342],[8.16,46.339],[8.158,46.335],[8.152,46.33],[8.153,46.329],[8.159,46.332],[8.162,46.33],[8.166,46.331],[8.17,46.33],[8.17,46.333],[8.179,46.336],[8.184,46.332],[8.185,46.329],[8.195,46.328],[8.197,46.332],[8.191,46.339],[8.205,46.344],[8.192,46.346],[8.189,46.348],[8.191,46.35],[8.19,46.355],[8.195,46.356],[8.196,46.359],[8.199,46.361],[8.209,46.363],[8.211,46.359],[8.214,46.359],[8.218,46.362],[8.223,46.361],[8.225,46.362],[8.228,46.368],[8.238,46.373],[8.261,46.379],[8.258,46.382],[8.241,46.382],[8.238,46.38],[8.224,46.379],[8.219,46.382],[8.219,46.384],[8.223,46.386],[8.222,46.388],[8.209,46.387],[8.205,46.386],[8.202,46.383],[8.195,46.384],[8.186,46.381],[8.179,46.384],[8.177,46.389],[8.174,46.391],[8.176,46.393],[8.186,46.39],[8.206,46.398],[8.218,46.404],[8.219,46.406],[8.216,46.407],[8.19,46.4],[8.186,46.401],[8.181,46.407],[8.183,46.409],[8.188,46.409],[8.19,46.414],[8.197,46.413],[8.197,46.416],[8.195,46.418],[8.196,46.42],[8.206,46.418],[8.208,46.42],[8.207,46.424],[8.209,46.426],[8.212,46.424],[8.218,46.424],[8.217,46.429],[8.219,46.434],[8.226,46.432],[8.228,46.433],[8.229,46.441],[8.242,46.437],[8.247,46.44],[8.24,46.447],[8.242,46.449],[8.246,46.448],[8.252,46.452],[8.256,46.449],[8.259,46.444],[8.265,46.44],[8.264,46.438],[8.265,46.435],[8.271,46.432],[8.281,46.43],[8.292,46.435],[8.284,46.437],[8.289,46.44],[8.289,46.442],[8.281,46.447],[8.269,46.46],[8.28,46.46],[8.281,46.462],[8.28,46.464],[8.275,46.469],[8.282,46.473],[8.285,46.473],[8.291,46.467],[8.295,46.466],[8.298,46.462],[8.304,46.461],[8.306,46.467],[8.298,46.474],[8.294,46.482],[8.299,46.482],[8.299,46.485],[8.305,46.489],[8.308,46.486],[8.311,46.488],[8.311,46.492],[8.315,46.492],[8.318,46.496],[8.321,46.495],[8.326,46.496],[8.331,46.493],[8.334,46.497],[8.341,46.497],[8.355,46.486],[8.366,46.48],[8.366,46.478],[8.37,46.479],[8.373,46.477],[8.374,46.479],[8.371,46.486],[8.373,46.489],[8.366,46.493],[8.368,46.495],[8.367,46.497],[8.36,46.497],[8.361,46.5],[8.344,46.506],[8.34,46.509],[8.344,46.513],[8.349,46.513],[8.35,46.518],[8.356,46.52],[8.357,46.524],[8.36,46.527],[8.37,46.525],[8.377,46.519],[8.39,46.517],[8.387,46.522],[8.379,46.527],[8.38,46.53],[8.388,46.527],[8.39,46.524],[8.403,46.521],[8.411,46.517],[8.414,46.517],[8.416,46.519],[8.423,46.515],[8.423,46.521],[8.416,46.523],[8.414,46.529],[8.406,46.53],[8.399,46.533],[8.39,46.54],[8.377,46.542],[8.374,46.547],[8.375,46.551],[8.381,46.556],[8.368,46.556],[8.358,46.559],[8.356,46.561],[8.361,46.565],[8.394,46.576],[8.388,46.576],[8.378,46.579],[8.375,46.577],[8.371,46.579],[8.358,46.572],[8.355,46.566],[8.348,46.564],[8.348,46.561],[8.355,46.554],[8.35,46.552],[8.349,46.549],[8.325,46.539],[8.324,46.536],[8.319,46.534],[8.315,46.534],[8.309,46.539],[8.299,46.539],[8.299,46.536],[8.302,46.538],[8.31,46.532],[8.31,46.527],[8.305,46.525],[8.299,46.528],[8.292,46.528],[8.288,46.53],[8.286,46.527],[8.292,46.521],[8.289,46.518],[8.279,46.526],[8.277,46.523],[8.28,46.518],[8.279,46.513],[8.267,46.519],[8.263,46.52],[8.259,46.519],[8.262,46.516],[8.261,46.514],[8.265,46.507],[8.263,46.506],[8.256,46.507],[8.247,46.516],[8.237,46.523],[8.227,46.522],[8.226,46.519],[8.229,46.517],[8.233,46.51],[8.237,46.508],[8.244,46.496],[8.243,46.494],[8.239,46.494],[8.227,46.488],[8.218,46.494],[8.214,46.499],[8.213,46.496],[8.214,46.494],[8.209,46.492],[8.209,46.487],[8.214,46.483],[8.214,46.478],[8.21,46.475],[8.191,46.488],[8.186,46.488],[8.185,46.483],[8.187,46.478],[8.191,46.475],[8.191,46.47],[8.193,46.467],[8.19,46.465],[8.186,46.465],[8.186,46.461],[8.184,46.459],[8.174,46.462],[8.174,46.458],[8.178,46.454],[8.177,46.451],[8.161,46.447],[8.16,46.45],[8.155,46.452],[8.155,46.456],[8.151,46.456],[8.147,46.459],[8.145,46.463],[8.135,46.467],[8.135,46.47],[8.14,46.474],[8.138,46.477],[8.14,46.479],[8.139,46.481],[8.138,46.479],[8.121,46.475],[8.118,46.466],[8.122,46.459],[8.119,46.455],[8.116,46.454],[8.116,46.452],[8.12,46.45],[8.121,46.445],[8.112,46.439],[8.111,46.436],[8.117,46.434],[8.117,46.432],[8.107,46.427],[8.106,46.425],[8.108,46.423],[8.107,46.421],[8.105,46.419],[8.102,46.419],[8.099,46.415],[8.095,46.414],[8.094,46.409],[8.083,46.405],[8.084,46.401],[8.08,46.398],[8.075,46.398],[8.076,46.401],[8.08,46.403],[8.076,46.403],[8.075,46.405],[8.082,46.41],[8.08,46.414],[8.083,46.416],[8.082,46.418],[8.082,46.416],[8.073,46.408],[8.043,46.393],[8.04,46.392],[8.029,46.387],[8.025,46.387],[8.027,46.39],[8.037,46.394],[8.041,46.401],[8.04,46.403],[8.05,46.405],[8.053,46.408],[8.059,46.41],[8.065,46.41],[8.064,46.416],[8.067,46.428],[8.06,46.427],[8.055,46.43],[8.054,46.434],[8.057,46.439],[8.065,46.443],[8.054,46.45],[8.044,46.452],[8.047,46.448],[8.055,46.443],[8.053,46.442],[8.053,46.439],[8.042,46.43],[8.043,46.428],[8.047,46.429],[8.049,46.423],[8.047,46.421],[8.037,46.424],[8.035,46.417],[8.03,46.415],[8.024,46.409],[8.017,46.409],[8.008,46.415],[8.004,46.415],[7.993,46.421],[7.978,46.424],[7.994,46.417],[8.001,46.41],[8.002,46.405],[7.995,46.404],[7.991,46.406],[7.988,46.403],[7.991,46.399],[7.987,46.39],[7.987,46.388],[7.99,46.385],[7.988,46.383],[7.985,46.383],[7.972,46.375],[7.964,46.376],[7.96,46.379],[7.958,46.379],[7.955,46.376],[7.953,46.363],[7.956,46.358],[7.956,46.349],[7.958,46.347],[7.955,46.341],[7.95,46.347],[7.95,46.352],[7.943,46.365],[7.944,46.368],[7.94,46.37],[7.939,46.374],[7.936,46.377],[7.933,46.378],[7.926,46.375],[7.925,46.381],[7.926,46.383],[7.92,46.389],[7.917,46.39],[7.916,46.393],[7.916,46.389],[7.921,46.383],[7.921,46.377],[7.92,46.375],[7.915,46.377],[7.918,46.374],[7.92,46.374],[7.921,46.37],[7.92,46.368],[7.925,46.363],[7.922,46.361],[7.924,46.359],[7.92,46.354],[7.925,46.352],[7.923,46.35],[7.919,46.351],[7.919,46.349],[7.923,46.348],[7.924,46.347],[7.923,46.345],[7.93,46.341],[7.926,46.338],[7.929,46.334],[7.926,46.333],[7.922,46.336],[7.922,46.338],[7.913,46.341],[7.911,46.338],[7.897,46.338],[7.897,46.341],[7.901,46.347],[7.902,46.352],[7.9,46.353],[7.897,46.351],[7.893,46.352],[7.897,46.356],[7.899,46.361],[7.896,46.363],[7.89,46.36],[7.889,46.361],[7.892,46.363],[7.884,46.365],[7.886,46.368],[7.884,46.37],[7.888,46.374],[7.884,46.379],[7.881,46.378],[7.878,46.379],[7.877,46.381],[7.874,46.375],[7.868,46.371],[7.863,46.37],[7.866,46.366],[7.86,46.363],[7.859,46.361],[7.87,46.359],[7.863,46.352],[7.863,46.348],[7.867,46.345],[7.863,46.343],[7.863,46.339],[7.861,46.337],[7.857,46.339],[7.857,46.341],[7.854,46.344],[7.844,46.348],[7.848,46.35],[7.845,46.351],[7.843,46.354],[7.85,46.357],[7.842,46.359],[7.842,46.361],[7.846,46.363],[7.845,46.366],[7.841,46.366],[7.835,46.372],[7.832,46.371],[7.827,46.366],[7.827,46.363],[7.823,46.359],[7.823,46.357],[7.819,46.358],[7.812,46.355],[7.809,46.357],[7.808,46.352],[7.806,46.35],[7.801,46.35],[7.8,46.357],[7.796,46.359],[7.798,46.352],[7.793,46.345],[7.788,46.348],[7.786,46.353],[7.784,46.352],[7.785,46.348],[7.783,46.346],[7.776,46.343],[7.776,46.348],[7.781,46.35],[7.783,46.357],[7.776,46.358],[7.773,46.361],[7.783,46.37],[7.779,46.37],[7.772,46.373],[7.771,46.384],[7.776,46.386],[7.78,46.385],[7.781,46.391],[7.783,46.393],[7.786,46.39],[7.79,46.39],[7.788,46.393],[7.79,46.394],[7.8,46.393],[7.798,46.397],[7.803,46.398],[7.806,46.397],[7.808,46.4],[7.806,46.402],[7.809,46.405],[7.813,46.407],[7.819,46.406],[7.818,46.408],[7.819,46.41],[7.829,46.41],[7.83,46.411],[7.825,46.413],[7.829,46.417],[7.835,46.42],[7.839,46.419],[7.848,46.426],[7.858,46.428],[7.861,46.431],[7.875,46.438],[7.885,46.44],[7.885,46.442],[7.892,46.444],[7.893,46.446],[7.891,46.449],[7.884,46.449],[7.884,46.451],[7.878,46.448],[7.871,46.449],[7.868,46.447],[7.858,46.45],[7.857,46.447],[7.852,46.443],[7.842,46.448],[7.837,46.444],[7.841,46.44],[7.839,46.438],[7.832,46.439],[7.824,46.435],[7.821,46.435],[7.816,46.441],[7.81,46.445],[7.806,46.445],[7.805,46.442],[7.806,46.441],[7.81,46.444],[7.815,46.44],[7.813,46.438],[7.809,46.439],[7.812,46.433],[7.8,46.426],[7.793,46.423],[7.786,46.424],[7.78,46.419],[7.777,46.421],[7.774,46.415],[7.77,46.415],[7.768,46.413],[7.744,46.41],[7.739,46.404],[7.741,46.402],[7.74,46.4],[7.734,46.395],[7.734,46.393],[7.74,46.391],[7.739,46.388],[7.733,46.384],[7.734,46.381],[7.738,46.381],[7.741,46.379],[7.737,46.377],[7.738,46.37],[7.737,46.366],[7.74,46.364],[7.737,46.362],[7.736,46.357],[7.73,46.35],[7.73,46.348],[7.724,46.348],[7.715,46.344],[7.709,46.344],[7.705,46.342],[7.699,46.346],[7.689,46.348],[7.689,46.35],[7.683,46.353],[7.685,46.357],[7.679,46.355],[7.68,46.35],[7.676,46.346],[7.666,46.345],[7.659,46.349],[7.659,46.355],[7.653,46.359],[7.644,46.359],[7.651,46.368],[7.65,46.369],[7.643,46.367],[7.639,46.368],[7.637,46.371],[7.64,46.371],[7.643,46.377],[7.645,46.377],[7.647,46.38],[7.651,46.382],[7.653,46.387],[7.663,46.389],[7.663,46.395],[7.661,46.398],[7.673,46.406],[7.662,46.407],[7.653,46.405],[7.653,46.402],[7.65,46.401],[7.639,46.402],[7.637,46.4],[7.634,46.401],[7.63,46.4],[7.627,46.402],[7.611,46.396],[7.607,46.389],[7.61,46.386],[7.604,46.383],[7.601,46.378],[7.598,46.378],[7.599,46.375],[7.598,46.374],[7.591,46.373],[7.588,46.369],[7.589,46.366],[7.594,46.362],[7.593,46.351],[7.597,46.346],[7.595,46.344],[7.585,46.347],[7.582,46.345],[7.575,46.344],[7.569,46.346],[7.566,46.351],[7.559,46.354],[7.539,46.358],[7.532,46.355],[7.538,46.351],[7.53,46.345],[7.526,46.345],[7.523,46.347],[7.513,46.342],[7.503,46.346],[7.506,46.344],[7.504,46.34],[7.5,46.337],[7.497,46.34],[7.487,46.338],[7.484,46.337],[7.481,46.329],[7.474,46.33],[7.465,46.328],[7.461,46.331],[7.465,46.332],[7.472,46.337],[7.471,46.339],[7.472,46.342],[7.475,46.346],[7.469,46.348],[7.471,46.351],[7.458,46.344],[7.454,46.348],[7.457,46.353],[7.452,46.356],[7.44,46.357],[7.437,46.36],[7.43,46.362],[7.416,46.362],[7.413,46.36],[7.413,46.357],[7.416,46.359],[7.421,46.357],[7.419,46.355],[7.42,46.353],[7.429,46.348],[7.43,46.346],[7.425,46.342],[7.424,46.339],[7.424,46.337],[7.429,46.332],[7.422,46.326],[7.415,46.326],[7.411,46.324],[7.41,46.321],[7.406,46.321],[7.404,46.317],[7.396,46.311],[7.39,46.309],[7.383,46.31],[7.373,46.317],[7.376,46.319],[7.366,46.319],[7.368,46.317],[7.366,46.312],[7.368,46.308],[7.367,46.304],[7.358,46.301],[7.354,46.304],[7.354,46.301],[7.356,46.299],[7.351,46.297],[7.348,46.301],[7.34,46.303],[7.344,46.306],[7.342,46.308],[7.344,46.312],[7.343,46.315],[7.338,46.315],[7.332,46.318],[7.325,46.317],[7.322,46.314],[7.319,46.314],[7.317,46.315],[7.317,46.319],[7.312,46.324],[7.306,46.321],[7.299,46.322],[7.296,46.321],[7.292,46.319],[7.293,46.312],[7.302,46.304],[7.308,46.301],[7.301,46.299],[7.299,46.297],[7.303,46.292],[7.296,46.287],[7.289,46.287],[7.287,46.283],[7.289,46.281],[7.283,46.279],[7.283,46.276],[7.28,46.273],[7.275,46.272],[7.273,46.268],[7.27,46.268],[7.264,46.261],[7.262,46.263],[7.262,46.267],[7.259,46.27],[7.261,46.274],[7.248,46.288],[7.251,46.29],[7.249,46.292],[7.25,46.295],[7.257,46.295],[7.264,46.301],[7.257,46.304],[7.241,46.305],[7.238,46.303],[7.233,46.303],[7.227,46.308],[7.221,46.308],[7.211,46.301],[7.215,46.3],[7.217,46.296],[7.212,46.295],[7.209,46.296],[7.208,46.298],[7.205,46.298],[7.203,46.296],[7.204,46.294],[7.209,46.29],[7.205,46.288],[7.195,46.288],[7.195,46.285],[7.199,46.286],[7.208,46.283],[7.203,46.276],[7.205,46.274],[7.208,46.276],[7.213,46.276],[7.225,46.28],[7.226,46.278],[7.224,46.274],[7.225,46.265],[7.219,46.258],[7.219,46.256],[7.225,46.256],[7.227,46.254],[7.224,46.251],[7.224,46.249],[7.229,46.247],[7.23,46.245],[7.226,46.24],[7.219,46.238],[7.223,46.236],[7.223,46.233],[7.222,46.232],[7.203,46.236],[7.199,46.235],[7.192,46.238],[7.188,46.238],[7.183,46.234],[7.166,46.233],[7.163,46.231],[7.164,46.227],[7.16,46.222],[7.16,46.219],[7.154,46.216],[7.143,46.218],[7.14,46.215],[7.146,46.206],[7.142,46.202],[7.144,46.2],[7.149,46.2],[7.148,46.191],[7.15,46.188],[7.15,46.181],[7.147,46.181],[7.146,46.184],[7.141,46.188],[7.141,46.193],[7.134,46.191],[7.127,46.184],[7.128,46.179],[7.125,46.177],[7.114,46.177],[7.112,46.171],[7.105,46.171],[7.102,46.173],[7.097,46.17],[7.1,46.168],[7.099,46.167],[7.087,46.159]],[[7.517,46.531],[7.518,46.528],[7.524,46.528],[7.528,46.531],[7.517,46.531]],[[8.04,46.702],[8.042,46.702],[8.045,46.704],[8.043,46.705],[8.04,46.702]],[[8.419,46.868],[8.419,46.866],[8.4213076923,46.8664615385],[8.419,46.868]],[[8.719,46.793],[8.723,46.795],[8.722,46.797],[8.719,46.793]],[[8.884,46.964],[8.891,46.967],[8.885,46.967],[8.884,46.964]],[[8.966,46.975],[8.963,46.975],[8.958,46.972],[8.966,46.972],[8.966,46.975]],[[8.865,46.879],[8.862,46.879],[8.858,46.877],[8.859,46.875],[8.865,46.877],[8.865,46.879]],[[9.214,46.919],[9.218,46.919],[9.218,46.92],[9.214,46.919]],[[9.328,46.974],[9.325,46.974],[9.325,46.971],[9.328,46.974]],[[8.394,46.576],[8.404,46.573],[8.405,46.574],[8.401,46.574],[8.398,46.576],[8.394,46.576]],[[8.139,46.481],[8.142,46.483],[8.143,46.486],[8.142,46.487],[8.138,46.486],[8.14,46.483],[8.139,46.481]],[[9.21,46.986],[9.219,46.991],[9.22,46.996],[9.228,47.002],[9.224,47.005],[9.227,47.008],[9.234,47.011],[9.231,47.012],[9.227,47.009],[9.217,47.009],[9.213,47.0],[9.215,46.996],[9.21,46.989],[9.21,46.986]],[[8.2087333333,46.5753666667],[8.221,46.57],[8.231,46.57],[8.234,46.572],[8.241,46.569],[8.264,46.566],[8.267,46.563],[8.277,46.56],[8.296,46.563],[8.314,46.57],[8.329,46.57],[8.331,46.572],[8.329,46.574],[8.323,46.574],[8.319,46.577],[8.308,46.577],[8.3,46.574],[8.294,46.575],[8.283,46.573],[8.28,46.571],[8.27,46.575],[8.267,46.578],[8.264,46.576],[8.244,46.576],[8.238,46.579],[8.231,46.575],[8.231,46.573],[8.228,46.571],[8.212,46.577],[8.2087333333,46.5753666667]],[[8.241,46.541],[8.262,46.543],[8.263,46.545],[8.27,46.545],[8.274,46.548],[8.267,46.549],[8.25,46.544],[8.2446666667,46.5453333333],[8.247,46.543],[8.241,46.541]],[[8.2067777778,46.5762222222],[8.205,46.578],[8.199,46.579],[8.187,46.578],[8.205,46.577],[8.2067777778,46.5762222222]]],[[[7.377,46.445],[7.374,46.443],[7.374,46.441],[7.371,46.445],[7.372,46.447],[7.377,46.445]]],[[[7.572,46.564],[7.57,46.566],[7.569,46.575],[7.57,46.58],[7.566,46.586],[7.57,46.593],[7.572,46.594],[7.578,46.593],[7.579,46.588],[7.589,46.587],[7.591,46.584],[7.58,46.575],[7.577,46.566],[7.572,46.564]]],[[[8.313,46.599],[8.312,46.601],[8.314,46.601],[8.313,46.599]]],[[[8.696,46.915],[8.698,46.913],[8.698,46.91],[8.692,46.909],[8.691,46.911],[8.696,46.915]]],[[[8.686,46.915],[8.687,46.913],[8.685,46.913],[8.686,46.915]]],[[[8.851,46.974],[8.846,46.974],[8.848,46.975],[8.851,46.974]]],[[[9.261,47.042],[9.265,47.045],[9.266,47.042],[9.264,47.041],[9.261,47.042]]],[[[8.575,46.334],[8.574,46.336],[8.576,46.336],[8.575,46.334]]],[[[7.776,46.343],[7.77,46.343],[7.773,46.345],[7.776,46.343]]],[[[9.204,46.495],[9.189,46.506],[9.194,46.508],[9.198,46.507],[9.2,46.508],[9.2,46.512],[9.198,46.515],[9.191,46.515],[9.189,46.517],[9.191,46.519],[9.195,46.517],[9.2,46.519],[9.199,46.521],[9.201,46.524],[9.205,46.525],[9.211,46.517],[9.215,46.517],[9.22,46.514],[9.226,46.517],[9.227,46.522],[9.231,46.525],[9.234,46.524],[9.234,46.521],[9.247,46.519],[9.248,46.518],[9.24,46.515],[9.231,46.517],[9.229,46.514],[9.234,46.512],[9.244,46.512],[9.239,46.507],[9.243,46.504],[9.248,46.503],[9.252,46.498],[9.241,46.492],[9.235,46.485],[9.242,46.482],[9.249,46.484],[9.251,46.48],[9.248,46.478],[9.25,46.476],[9.25,46.473],[9.247,46.469],[9.248,46.468],[9.253,46.471],[9.256,46.476],[9.262,46.477],[9.265,46.48],[9.264,46.482],[9.259,46.484],[9.262,46.489],[9.265,46.491],[9.27,46.491],[9.272,46.493],[9.268,46.502],[9.269,46.505],[9.276,46.51],[9.276,46.518],[9.279,46.515],[9.286,46.519],[9.306,46.518],[9.312,46.524],[9.322,46.521],[9.323,46.519],[9.318,46.515],[9.331,46.511],[9.341,46.512],[9.343,46.515],[9.342,46.519],[9.346,46.521],[9.346,46.524],[9.344,46.526],[9.349,46.528],[9.344,46.535],[9.364,46.534],[9.358,46.539],[9.358,46.544],[9.362,46.545],[9.365,46.548],[9.368,46.547],[9.37,46.55],[9.369,46.552],[9.373,46.552],[9.375,46.546],[9.368,46.542],[9.368,46.539],[9.371,46.539],[9.37,46.534],[9.363,46.528],[9.367,46.52],[9.374,46.525],[9.386,46.527],[9.391,46.53],[9.39,46.532],[9.392,46.534],[9.397,46.534],[9.399,46.536],[9.399,46.543],[9.396,46.545],[9.396,46.547],[9.401,46.553],[9.408,46.554],[9.409,46.552],[9.406,46.547],[9.408,46.546],[9.417,46.548],[9.419,46.547],[9.419,46.545],[9.415,46.534],[9.41,46.529],[9.414,46.527],[9.412,46.522],[9.406,46.517],[9.399,46.516],[9.396,46.514],[9.399,46.511],[9.396,46.509],[9.4,46.51],[9.4,46.507],[9.396,46.502],[9.388,46.5],[9.391,46.498],[9.39,46.496],[9.399,46.493],[9.392,46.487],[9.392,46.484],[9.402,46.489],[9.406,46.494],[9.413,46.495],[9.414,46.498],[9.422,46.504],[9.426,46.504],[9.425,46.509],[9.429,46.509],[9.432,46.512],[9.442,46.51],[9.443,46.508],[9.44,46.502],[9.435,46.5],[9.434,46.497],[9.427,46.493],[9.427,46.491],[9.424,46.488],[9.424,46.479],[9.421,46.478],[9.417,46.471],[9.411,46.467],[9.408,46.469],[9.401,46.469],[9.398,46.472],[9.395,46.472],[9.387,46.476],[9.384,46.482],[9.376,46.485],[9.371,46.489],[9.368,46.494],[9.368,46.498],[9.372,46.501],[9.371,46.505],[9.364,46.508],[9.353,46.508],[9.351,46.506],[9.343,46.506],[9.341,46.504],[9.338,46.504],[9.334,46.507],[9.321,46.507],[9.318,46.504],[9.308,46.504],[9.302,46.5],[9.295,46.5],[9.292,46.498],[9.281,46.498],[9.281,46.493],[9.277,46.491],[9.277,46.489],[9.274,46.486],[9.274,46.48],[9.278,46.475],[9.274,46.473],[9.274,46.466],[9.277,46.464],[9.277,46.459],[9.261,46.449],[9.25,46.449],[9.245,46.442],[9.234,46.444],[9.232,46.449],[9.227,46.451],[9.229,46.456],[9.229,46.462],[9.22,46.469],[9.218,46.474],[9.21,46.475],[9.206,46.479],[9.214,46.481],[9.214,46.483],[9.21,46.485],[9.207,46.49],[9.223,46.497],[9.236,46.5],[9.239,46.503],[9.23,46.506],[9.21,46.498],[9.207,46.495],[9.204,46.495]]],[[[9.276,46.518],[9.271,46.52],[9.271,46.523],[9.265,46.527],[9.268,46.529],[9.268,46.532],[9.275,46.531],[9.277,46.533],[9.29,46.535],[9.292,46.533],[9.289,46.531],[9.29,46.529],[9.286,46.527],[9.289,46.524],[9.286,46.524],[9.276,46.518]]],[[[9.371,46.539],[9.375,46.54],[9.375,46.538],[9.371,46.539]]],[[[9.286,46.527],[9.293,46.53],[9.298,46.529],[9.289,46.525],[9.286,46.527]]],[[[9.439,47.102],[9.421,47.101],[9.415,47.104],[9.411,47.101],[9.409,47.103],[9.413,47.11],[9.408,47.11],[9.408,47.107],[9.405,47.106],[9.397,47.11],[9.399,47.114],[9.406,47.114],[9.4,47.121],[9.409,47.129],[9.412,47.128],[9.417,47.123],[9.422,47.122],[9.429,47.124],[9.432,47.128],[9.436,47.127],[9.437,47.123],[9.433,47.12],[9.433,47.118],[9.429,47.118],[9.429,47.114],[9.438,47.105],[9.439,47.102]]],[[[9.355,47.227],[9.347,47.226],[9.341,47.23],[9.344,47.232],[9.341,47.234],[9.343,47.237],[9.351,47.24],[9.351,47.243],[9.341,47.242],[9.338,47.246],[9.334,47.242],[9.328,47.242],[9.326,47.239],[9.314,47.234],[9.304,47.233],[9.301,47.235],[9.308,47.239],[9.306,47.244],[9.308,47.246],[9.311,47.246],[9.311,47.251],[9.321,47.257],[9.329,47.255],[9.335,47.257],[9.338,47.262],[9.348,47.264],[9.358,47.271],[9.362,47.27],[9.372,47.272],[9.374,47.27],[9.368,47.266],[9.365,47.261],[9.36,47.259],[9.359,47.257],[9.361,47.256],[9.368,47.258],[9.374,47.262],[9.378,47.262],[9.381,47.259],[9.388,47.26],[9.392,47.258],[9.397,47.261],[9.4,47.265],[9.421,47.269],[9.421,47.267],[9.401,47.26],[9.404,47.257],[9.407,47.259],[9.408,47.256],[9.397,47.253],[9.389,47.247],[9.39,47.245],[9.397,47.243],[9.4,47.244],[9.402,47.247],[9.421,47.251],[9.42,47.247],[9.411,47.245],[9.416,47.242],[9.41,47.238],[9.403,47.236],[9.398,47.231],[9.39,47.228],[9.386,47.229],[9.396,47.236],[9.38,47.232],[9.377,47.229],[9.369,47.229],[9.367,47.233],[9.36,47.229],[9.357,47.231],[9.355,47.227]]],[[[9.402,47.123],[9.399,47.122],[9.393,47.131],[9.387,47.132],[9.38,47.136],[9.37,47.135],[9.367,47.136],[9.36,47.133],[9.357,47.134],[9.353,47.136],[9.352,47.142],[9.367,47.144],[9.37,47.148],[9.377,47.151],[9.38,47.15],[9.384,47.153],[9.392,47.155],[9.397,47.159],[9.401,47.159],[9.401,47.157],[9.395,47.155],[9.396,47.15],[9.417,47.15],[9.417,47.148],[9.414,47.145],[9.414,47.141],[9.406,47.137],[9.41,47.134],[9.404,47.128],[9.402,47.123]]],[[[8.954,46.664],[8.961,46.667],[8.965,46.66],[8.964,46.659],[8.958,46.661],[8.943,46.658],[8.941,46.656],[8.944,46.653],[8.928,46.648],[8.924,46.644],[8.938,46.648],[8.961,46.65],[8.97,46.646],[8.974,46.648],[8.987,46.647],[8.993,46.642],[8.996,46.643],[8.999,46.639],[9.003,46.637],[9.012,46.635],[9.016,46.636],[9.016,46.639],[9.012,46.641],[9.009,46.645],[9.009,46.648],[9.017,46.652],[9.016,46.655],[9.013,46.655],[9.008,46.659],[9.008,46.661],[9.014,46.666],[9.008,46.668],[9.012,46.673],[9.008,46.677],[9.009,46.679],[9.007,46.682],[8.998,46.69],[8.994,46.689],[8.989,46.691],[8.991,46.693],[8.995,46.693],[8.996,46.698],[8.988,46.706],[8.988,46.71],[8.992,46.709],[9.002,46.713],[9.005,46.712],[9.006,46.709],[9.005,46.707],[9.001,46.707],[8.998,46.704],[9.011,46.705],[9.021,46.702],[9.024,46.708],[9.028,46.708],[9.028,46.712],[9.024,46.72],[9.028,46.722],[9.035,46.721],[9.041,46.725],[9.041,46.722],[9.044,46.72],[9.051,46.721],[9.053,46.719],[9.047,46.717],[9.046,46.715],[9.047,46.713],[9.052,46.713],[9.053,46.71],[9.041,46.706],[9.047,46.703],[9.052,46.704],[9.054,46.703],[9.054,46.701],[9.058,46.699],[9.058,46.697],[9.054,46.695],[9.046,46.686],[9.05,46.685],[9.063,46.689],[9.067,46.683],[9.055,46.679],[9.053,46.677],[9.049,46.677],[9.043,46.67],[9.043,46.667],[9.033,46.665],[9.032,46.663],[9.039,46.662],[9.056,46.667],[9.062,46.666],[9.066,46.669],[9.075,46.667],[9.066,46.665],[9.065,46.66],[9.062,46.659],[9.055,46.661],[9.039,46.655],[9.037,46.654],[9.034,46.648],[9.034,46.645],[9.042,46.645],[9.05,46.643],[9.052,46.641],[9.045,46.638],[9.034,46.639],[9.033,46.636],[9.035,46.631],[9.038,46.629],[9.048,46.627],[9.059,46.627],[9.065,46.632],[9.071,46.634],[9.072,46.631],[9.064,46.627],[9.061,46.623],[9.041,46.621],[9.04,46.618],[9.044,46.615],[9.054,46.614],[9.055,46.611],[9.055,46.609],[9.046,46.607],[9.045,46.605],[9.051,46.603],[9.054,46.6],[9.064,46.602],[9.069,46.6],[9.07,46.598],[9.068,46.593],[9.07,46.592],[9.073,46.597],[9.08,46.596],[9.082,46.597],[9.08,46.602],[9.077,46.602],[9.085,46.609],[9.103,46.607],[9.102,46.611],[9.098,46.615],[9.098,46.622],[9.1,46.623],[9.11,46.621],[9.114,46.624],[9.109,46.629],[9.111,46.631],[9.118,46.633],[9.118,46.637],[9.111,46.642],[9.114,46.644],[9.119,46.642],[9.12,46.64],[9.124,46.641],[9.126,46.639],[9.14,46.639],[9.143,46.641],[9.16,46.644],[9.161,46.641],[9.159,46.639],[9.15,46.635],[9.146,46.635],[9.143,46.63],[9.132,46.624],[9.133,46.623],[9.136,46.624],[9.138,46.621],[9.133,46.619],[9.125,46.622],[9.128,46.619],[9.126,46.616],[9.122,46.615],[9.125,46.613],[9.112,46.606],[9.128,46.606],[9.127,46.603],[9.116,46.596],[9.106,46.593],[9.104,46.59],[9.096,46.586],[9.093,46.586],[9.098,46.584],[9.096,46.58],[9.089,46.577],[9.076,46.58],[9.06,46.579],[9.055,46.578],[9.053,46.576],[9.049,46.578],[9.043,46.577],[9.04,46.579],[9.039,46.578],[9.041,46.575],[9.04,46.571],[9.043,46.571],[9.045,46.569],[9.036,46.56],[9.023,46.553],[9.033,46.554],[9.037,46.551],[9.036,46.546],[9.032,46.542],[9.031,46.537],[9.029,46.535],[9.035,46.526],[9.037,46.528],[9.037,46.533],[9.041,46.539],[9.042,46.544],[9.044,46.544],[9.046,46.541],[9.046,46.544],[9.052,46.546],[9.053,46.548],[9.05,46.551],[9.05,46.56],[9.063,46.567],[9.076,46.566],[9.0814878049,46.5635609756],[9.075,46.558],[9.069,46.557],[9.061,46.55],[9.062,46.549],[9.069,46.552],[9.075,46.557],[9.079,46.558],[9.0817272727,46.5634545455],[9.085,46.562],[9.089,46.562],[9.092,46.557],[9.092,46.552],[9.089,46.548],[9.092,46.546],[9.092,46.543],[9.081,46.535],[9.078,46.535],[9.076,46.537],[9.068,46.537],[9.071,46.532],[9.075,46.532],[9.077,46.53],[9.075,46.523],[9.079,46.523],[9.094,46.532],[9.104,46.535],[9.107,46.534],[9.111,46.536],[9.114,46.533],[9.115,46.536],[9.113,46.538],[9.113,46.541],[9.108,46.545],[9.114,46.545],[9.119,46.547],[9.117,46.549],[9.118,46.552],[9.112,46.556],[9.106,46.563],[9.112,46.565],[9.112,46.57],[9.119,46.572],[9.119,46.574],[9.122,46.576],[9.128,46.575],[9.131,46.57],[9.141,46.569],[9.142,46.572],[9.138,46.576],[9.138,46.581],[9.145,46.586],[9.151,46.585],[9.154,46.582],[9.154,46.59],[9.158,46.59],[9.163,46.594],[9.178,46.596],[9.185,46.587],[9.179,46.582],[9.181,46.578],[9.174,46.574],[9.172,46.569],[9.16,46.565],[9.154,46.565],[9.146,46.558],[9.157,46.553],[9.176,46.558],[9.188,46.564],[9.189,46.567],[9.203,46.575],[9.206,46.579],[9.212,46.573],[9.226,46.576],[9.217,46.586],[9.215,46.595],[9.212,46.598],[9.214,46.602],[9.217,46.6],[9.224,46.601],[9.227,46.599],[9.231,46.602],[9.23,46.606],[9.228,46.606],[9.228,46.609],[9.239,46.613],[9.239,46.615],[9.228,46.622],[9.211,46.628],[9.207,46.634],[9.201,46.638],[9.202,46.641],[9.206,46.641],[9.208,46.639],[9.215,46.638],[9.214,46.636],[9.222,46.639],[9.231,46.637],[9.235,46.639],[9.238,46.643],[9.232,46.649],[9.23,46.654],[9.219,46.653],[9.214,46.656],[9.221,46.658],[9.221,46.661],[9.219,46.663],[9.229,46.663],[9.231,46.669],[9.223,46.677],[9.21,46.679],[9.209,46.681],[9.21,46.683],[9.22,46.68],[9.226,46.683],[9.234,46.681],[9.237,46.678],[9.234,46.672],[9.239,46.667],[9.247,46.669],[9.246,46.671],[9.249,46.673],[9.252,46.67],[9.255,46.67],[9.257,46.671],[9.254,46.676],[9.255,46.677],[9.262,46.675],[9.264,46.676],[9.266,46.68],[9.271,46.682],[9.272,46.687],[9.275,46.689],[9.271,46.691],[9.273,46.693],[9.272,46.697],[9.266,46.7],[9.261,46.7],[9.258,46.703],[9.267,46.705],[9.276,46.702],[9.275,46.705],[9.284,46.711],[9.286,46.717],[9.295,46.711],[9.29,46.709],[9.291,46.707],[9.287,46.702],[9.295,46.7],[9.289,46.698],[9.282,46.698],[9.285,46.696],[9.282,46.693],[9.283,46.691],[9.28,46.689],[9.281,46.687],[9.28,46.684],[9.272,46.675],[9.268,46.674],[9.265,46.671],[9.262,46.666],[9.258,46.663],[9.258,46.66],[9.253,46.658],[9.254,46.653],[9.261,46.654],[9.264,46.651],[9.254,46.641],[9.254,46.635],[9.252,46.633],[9.25,46.626],[9.254,46.623],[9.259,46.622],[9.258,46.619],[9.25,46.617],[9.248,46.615],[9.249,46.608],[9.263,46.61],[9.267,46.608],[9.266,46.606],[9.268,46.604],[9.266,46.602],[9.263,46.602],[9.253,46.594],[9.243,46.591],[9.241,46.588],[9.257,46.588],[9.27,46.59],[9.272,46.593],[9.275,46.592],[9.279,46.593],[9.282,46.596],[9.296,46.596],[9.295,46.602],[9.3,46.603],[9.304,46.607],[9.304,46.61],[9.3,46.614],[9.301,46.619],[9.296,46.618],[9.294,46.621],[9.3,46.623],[9.302,46.626],[9.298,46.628],[9.3,46.628],[9.302,46.632],[9.3,46.635],[9.302,46.639],[9.296,46.644],[9.294,46.648],[9.297,46.65],[9.303,46.645],[9.307,46.644],[9.31,46.65],[9.317,46.65],[9.318,46.652],[9.314,46.659],[9.318,46.663],[9.316,46.67],[9.317,46.672],[9.321,46.672],[9.322,46.668],[9.326,46.666],[9.327,46.658],[9.33,46.661],[9.334,46.659],[9.336,46.654],[9.346,46.649],[9.346,46.651],[9.343,46.654],[9.349,46.656],[9.348,46.658],[9.351,46.661],[9.351,46.665],[9.353,46.666],[9.358,46.665],[9.355,46.663],[9.356,46.662],[9.363,46.664],[9.366,46.663],[9.37,46.665],[9.373,46.662],[9.393,46.66],[9.389,46.656],[9.385,46.656],[9.385,46.653],[9.383,46.651],[9.372,46.65],[9.372,46.647],[9.375,46.644],[9.382,46.642],[9.378,46.642],[9.375,46.64],[9.369,46.643],[9.362,46.643],[9.355,46.636],[9.359,46.636],[9.363,46.633],[9.368,46.632],[9.371,46.629],[9.38,46.626],[9.375,46.625],[9.368,46.627],[9.361,46.626],[9.348,46.628],[9.336,46.625],[9.338,46.622],[9.351,46.616],[9.34,46.614],[9.342,46.611],[9.358,46.608],[9.361,46.606],[9.364,46.609],[9.368,46.609],[9.367,46.604],[9.377,46.602],[9.377,46.599],[9.354,46.597],[9.341,46.599],[9.34,46.598],[9.342,46.596],[9.341,46.595],[9.326,46.598],[9.311,46.598],[9.317,46.594],[9.318,46.591],[9.324,46.591],[9.33,46.587],[9.332,46.585],[9.329,46.58],[9.33,46.579],[9.334,46.581],[9.34,46.58],[9.327,46.575],[9.324,46.577],[9.321,46.576],[9.314,46.578],[9.31,46.58],[9.309,46.583],[9.304,46.581],[9.29,46.583],[9.285,46.581],[9.271,46.581],[9.267,46.577],[9.268,46.576],[9.288,46.574],[9.294,46.572],[9.298,46.57],[9.297,46.565],[9.291,46.565],[9.284,46.568],[9.279,46.565],[9.271,46.564],[9.245,46.571],[9.245,46.569],[9.249,46.566],[9.248,46.565],[9.245,46.564],[9.239,46.566],[9.226,46.566],[9.222,46.561],[9.219,46.563],[9.217,46.562],[9.216,46.555],[9.212,46.552],[9.205,46.553],[9.204,46.555],[9.209,46.557],[9.212,46.562],[9.207,46.56],[9.199,46.553],[9.189,46.552],[9.18,46.544],[9.176,46.537],[9.172,46.538],[9.172,46.535],[9.159,46.535],[9.146,46.532],[9.14,46.529],[9.127,46.528],[9.12,46.524],[9.117,46.52],[9.11,46.518],[9.11,46.514],[9.12,46.517],[9.123,46.52],[9.13,46.521],[9.123,46.515],[9.119,46.514],[9.116,46.51],[9.11,46.508],[9.106,46.508],[9.103,46.51],[9.1,46.508],[9.093,46.508],[9.091,46.51],[9.086,46.51],[9.08,46.508],[9.07,46.508],[9.067,46.506],[9.064,46.507],[9.061,46.505],[9.059,46.503],[9.061,46.502],[9.077,46.503],[9.087,46.501],[9.09,46.497],[9.093,46.499],[9.106,46.496],[9.129,46.499],[9.141,46.504],[9.145,46.507],[9.145,46.509],[9.155,46.511],[9.159,46.514],[9.172,46.511],[9.171,46.506],[9.164,46.504],[9.164,46.499],[9.161,46.495],[9.158,46.497],[9.142,46.495],[9.128,46.487],[9.131,46.486],[9.132,46.488],[9.145,46.491],[9.146,46.488],[9.144,46.486],[9.144,46.482],[9.138,46.48],[9.136,46.477],[9.145,46.476],[9.151,46.481],[9.158,46.48],[9.162,46.477],[9.161,46.473],[9.157,46.472],[9.156,46.473],[9.158,46.475],[9.154,46.476],[9.152,46.473],[9.157,46.468],[9.137,46.466],[9.134,46.464],[9.13,46.466],[9.126,46.473],[9.122,46.476],[9.11,46.478],[9.108,46.476],[9.106,46.473],[9.11,46.471],[9.112,46.462],[9.116,46.462],[9.113,46.457],[9.105,46.455],[9.091,46.447],[9.092,46.446],[9.095,46.448],[9.098,46.446],[9.091,46.439],[9.091,46.436],[9.093,46.438],[9.098,46.439],[9.1,46.437],[9.098,46.433],[9.095,46.431],[9.097,46.429],[9.102,46.431],[9.101,46.425],[9.097,46.419],[9.097,46.422],[9.093,46.424],[9.092,46.429],[9.088,46.432],[9.075,46.434],[9.073,46.438],[9.077,46.44],[9.077,46.442],[9.068,46.449],[9.068,46.456],[9.079,46.459],[9.083,46.469],[9.077,46.472],[9.063,46.473],[9.05,46.471],[9.047,46.472],[9.043,46.479],[9.032,46.483],[9.031,46.486],[9.036,46.488],[9.028,46.493],[9.024,46.493],[9.02,46.49],[9.017,46.49],[9.012,46.494],[9.006,46.495],[9.008,46.499],[9.012,46.499],[9.008,46.5],[9.006,46.506],[9.011,46.511],[9.011,46.513],[9.005,46.515],[9.004,46.52],[9.008,46.522],[9.014,46.529],[9.006,46.531],[8.999,46.538],[8.99,46.541],[8.99,46.545],[8.987,46.545],[8.982,46.549],[8.981,46.552],[8.977,46.553],[8.974,46.556],[8.981,46.556],[8.984,46.554],[8.982,46.558],[8.987,46.563],[8.991,46.562],[8.993,46.56],[8.993,46.556],[8.997,46.554],[9.007,46.554],[9.01,46.551],[9.013,46.555],[9.016,46.556],[9.014,46.563],[9.01,46.563],[9.007,46.565],[9.007,46.57],[8.997,46.574],[9.001,46.574],[9.002,46.576],[8.999,46.581],[9.003,46.583],[9.008,46.584],[9.011,46.583],[9.021,46.586],[9.027,46.585],[9.031,46.588],[9.031,46.592],[9.014,46.593],[9.011,46.595],[8.994,46.594],[8.99,46.596],[8.988,46.601],[8.982,46.603],[8.978,46.601],[8.978,46.597],[8.98,46.594],[8.975,46.591],[8.973,46.594],[8.974,46.597],[8.969,46.6],[8.959,46.593],[8.949,46.597],[8.947,46.599],[8.947,46.602],[8.943,46.605],[8.933,46.606],[8.931,46.602],[8.931,46.597],[8.922,46.593],[8.92,46.587],[8.913,46.588],[8.916,46.585],[8.924,46.584],[8.912,46.579],[8.916,46.575],[8.913,46.574],[8.903,46.578],[8.897,46.577],[8.891,46.573],[8.883,46.573],[8.879,46.571],[8.877,46.569],[8.877,46.566],[8.883,46.564],[8.857,46.564],[8.843,46.562],[8.869,46.558],[8.87,46.555],[8.873,46.553],[8.886,46.554],[8.889,46.553],[8.89,46.551],[8.889,46.55],[8.866,46.55],[8.863,46.548],[8.857,46.549],[8.84,46.547],[8.821,46.562],[8.815,46.564],[8.812,46.57],[8.804,46.574],[8.802,46.581],[8.806,46.583],[8.807,46.592],[8.815,46.595],[8.819,46.594],[8.819,46.596],[8.823,46.599],[8.825,46.605],[8.829,46.605],[8.828,46.61],[8.831,46.614],[8.83,46.619],[8.832,46.622],[8.835,46.614],[8.842,46.604],[8.841,46.598],[8.848,46.6],[8.851,46.596],[8.85,46.592],[8.847,46.589],[8.848,46.586],[8.851,46.586],[8.858,46.591],[8.864,46.593],[8.874,46.595],[8.884,46.594],[8.891,46.597],[8.878,46.601],[8.866,46.6],[8.867,46.603],[8.875,46.607],[8.865,46.612],[8.858,46.619],[8.857,46.623],[8.852,46.627],[8.855,46.63],[8.859,46.631],[8.865,46.637],[8.88,46.636],[8.881,46.641],[8.884,46.641],[8.885,46.639],[8.892,46.642],[8.902,46.641],[8.907,46.643],[8.905,46.647],[8.902,46.649],[8.904,46.652],[8.897,46.654],[8.897,46.656],[8.902,46.658],[8.9,46.661],[8.896,46.664],[8.888,46.665],[8.889,46.667],[8.896,46.666],[8.902,46.669],[8.906,46.669],[8.904,46.672],[8.893,46.676],[8.896,46.678],[8.895,46.681],[8.896,46.682],[8.903,46.685],[8.903,46.688],[8.894,46.692],[8.879,46.692],[8.883,46.695],[8.896,46.697],[8.914,46.696],[8.916,46.698],[8.923,46.698],[8.925,46.696],[8.91,46.692],[8.908,46.69],[8.909,46.685],[8.916,46.686],[8.919,46.682],[8.926,46.684],[8.931,46.683],[8.933,46.68],[8.932,46.678],[8.929,46.675],[8.925,46.674],[8.924,46.672],[8.928,46.67],[8.935,46.671],[8.937,46.674],[8.94,46.674],[8.944,46.671],[8.943,46.669],[8.945,46.667],[8.951,46.673],[8.958,46.674],[8.961,46.671],[8.954,46.664]],[[9.068,46.537],[9.065,46.535],[9.067,46.535],[9.068,46.537]]],[[[9.098,46.446],[9.097,46.449],[9.101,46.45],[9.103,46.449],[9.098,46.446]]],[[[9.266,46.606],[9.272,46.606],[9.269,46.605],[9.266,46.606]]],[[[9.143,46.641],[9.138,46.648],[9.144,46.653],[9.147,46.654],[9.149,46.653],[9.149,46.65],[9.16,46.648],[9.143,46.641]]],[[[9.16,46.648],[9.163,46.653],[9.165,46.65],[9.165,46.648],[9.163,46.647],[9.16,46.648]]],[[[9.351,47.144],[9.337,47.148],[9.331,47.147],[9.321,47.148],[9.312,47.154],[9.295,47.155],[9.292,47.157],[9.262,47.152],[9.25,47.153],[9.232,47.148],[9.23,47.146],[9.212,47.149],[9.209,47.15],[9.207,47.153],[9.209,47.155],[9.216,47.154],[9.219,47.157],[9.224,47.158],[9.224,47.16],[9.236,47.167],[9.246,47.169],[9.253,47.175],[9.256,47.171],[9.259,47.174],[9.266,47.174],[9.269,47.168],[9.272,47.17],[9.274,47.173],[9.274,47.177],[9.276,47.178],[9.278,47.177],[9.276,47.173],[9.282,47.17],[9.292,47.17],[9.299,47.174],[9.302,47.171],[9.305,47.171],[9.312,47.174],[9.315,47.178],[9.319,47.177],[9.322,47.173],[9.325,47.176],[9.328,47.174],[9.338,47.179],[9.342,47.176],[9.345,47.178],[9.352,47.177],[9.356,47.173],[9.355,47.171],[9.351,47.171],[9.353,47.169],[9.351,47.167],[9.352,47.162],[9.345,47.163],[9.343,47.162],[9.345,47.16],[9.344,47.159],[9.341,47.16],[9.338,47.156],[9.335,47.156],[9.35,47.151],[9.357,47.153],[9.359,47.151],[9.358,47.149],[9.356,47.146],[9.351,47.144]]],[[[9.284,46.718],[9.276,46.717],[9.274,46.718],[9.274,46.72],[9.28,46.723],[9.273,46.726],[9.269,46.73],[9.283,46.729],[9.281,46.732],[9.277,46.734],[9.284,46.734],[9.29,46.736],[9.291,46.738],[9.29,46.741],[9.278,46.753],[9.271,46.755],[9.267,46.759],[9.268,46.761],[9.275,46.759],[9.281,46.754],[9.284,46.756],[9.287,46.752],[9.291,46.755],[9.294,46.754],[9.297,46.755],[9.299,46.754],[9.299,46.752],[9.297,46.749],[9.304,46.75],[9.309,46.747],[9.307,46.745],[9.302,46.745],[9.303,46.743],[9.314,46.74],[9.314,46.738],[9.31,46.735],[9.3,46.735],[9.293,46.731],[9.29,46.727],[9.286,46.725],[9.286,46.723],[9.29,46.72],[9.286,46.72],[9.284,46.718]]],[[[9.299,47.226],[9.297,47.224],[9.291,47.225],[9.287,47.224],[9.281,47.226],[9.282,47.229],[9.28,47.231],[9.284,47.233],[9.301,47.233],[9.305,47.231],[9.306,47.228],[9.299,47.226]]],[[[9.286,46.313],[9.28,46.315],[9.279,46.32],[9.273,46.327],[9.276,46.33],[9.279,46.327],[9.283,46.33],[9.287,46.329],[9.296,46.324],[9.296,46.321],[9.286,46.315],[9.286,46.313]]],[[[9.272,46.404],[9.276,46.403],[9.278,46.399],[9.278,46.389],[9.282,46.389],[9.284,46.387],[9.284,46.385],[9.276,46.376],[9.276,46.367],[9.28,46.365],[9.274,46.361],[9.271,46.362],[9.267,46.37],[9.269,46.372],[9.268,46.374],[9.271,46.379],[9.268,46.383],[9.272,46.386],[9.269,46.39],[9.27,46.392],[9.268,46.397],[9.261,46.401],[9.263,46.403],[9.272,46.404]]],[[[9.276,46.403],[9.275,46.405],[9.279,46.411],[9.281,46.408],[9.281,46.403],[9.276,46.403]]],[[[9.239,46.276],[9.242,46.276],[9.241,46.273],[9.245,46.271],[9.248,46.271],[9.247,46.273],[9.249,46.275],[9.255,46.275],[9.256,46.273],[9.253,46.271],[9.252,46.268],[9.245,46.268],[9.238,46.271],[9.239,46.276]]],[[[9.242,46.276],[9.248,46.275],[9.245,46.274],[9.242,46.276]]],[[[9.201,46.209],[9.198,46.213],[9.191,46.215],[9.191,46.217],[9.195,46.22],[9.201,46.218],[9.208,46.218],[9.216,46.226],[9.217,46.229],[9.212,46.236],[9.207,46.236],[9.205,46.238],[9.205,46.241],[9.212,46.242],[9.215,46.244],[9.221,46.237],[9.225,46.237],[9.231,46.24],[9.241,46.236],[9.244,46.239],[9.244,46.234],[9.234,46.234],[9.231,46.232],[9.224,46.232],[9.218,46.229],[9.219,46.215],[9.201,46.209]]],[[[9.185,46.506],[9.191,46.504],[9.18,46.504],[9.185,46.506]]],[[[9.163,46.371],[9.154,46.371],[9.152,46.374],[9.154,46.378],[9.161,46.378],[9.164,46.38],[9.165,46.385],[9.155,46.389],[9.145,46.388],[9.143,46.39],[9.145,46.392],[9.165,46.397],[9.176,46.398],[9.181,46.401],[9.188,46.4],[9.191,46.398],[9.187,46.396],[9.184,46.391],[9.191,46.389],[9.181,46.388],[9.175,46.385],[9.174,46.383],[9.184,46.381],[9.185,46.38],[9.183,46.378],[9.163,46.371]]],[[[9.184,46.411],[9.178,46.41],[9.175,46.413],[9.159,46.412],[9.156,46.414],[9.159,46.417],[9.167,46.418],[9.169,46.42],[9.173,46.418],[9.175,46.42],[9.179,46.419],[9.185,46.421],[9.188,46.42],[9.188,46.418],[9.184,46.411]]],[[[9.184,46.175],[9.18,46.172],[9.177,46.174],[9.171,46.171],[9.164,46.174],[9.158,46.171],[9.151,46.174],[9.154,46.176],[9.168,46.179],[9.177,46.176],[9.184,46.177],[9.184,46.175]]],[[[9.16,46.338],[9.16,46.344],[9.164,46.344],[9.166,46.341],[9.174,46.342],[9.174,46.34],[9.163,46.339],[9.16,46.338]]],[[[9.167,46.432],[9.163,46.428],[9.153,46.434],[9.155,46.437],[9.163,46.439],[9.166,46.442],[9.169,46.442],[9.17,46.439],[9.165,46.434],[9.167,46.432]]],[[[9.157,46.446],[9.134,46.449],[9.131,46.446],[9.127,46.446],[9.127,46.448],[9.124,46.449],[9.123,46.453],[9.124,46.456],[9.134,46.454],[9.136,46.455],[9.134,46.459],[9.135,46.462],[9.138,46.465],[9.141,46.465],[9.15,46.461],[9.157,46.461],[9.16,46.459],[9.16,46.453],[9.167,46.45],[9.168,46.448],[9.16,46.448],[9.157,46.446]]],[[[9.159,46.42],[9.152,46.418],[9.145,46.426],[9.159,46.427],[9.162,46.423],[9.159,46.42]]],[[[9.162,46.423],[9.167,46.423],[9.166,46.422],[9.162,46.423]]],[[[9.16,46.347],[9.159,46.342],[9.155,46.342],[9.153,46.344],[9.152,46.349],[9.154,46.351],[9.16,46.347]]],[[[9.129,47.177],[9.126,47.177],[9.122,47.182],[9.123,47.184],[9.121,47.185],[9.118,47.183],[9.114,47.184],[9.117,47.186],[9.119,47.191],[9.115,47.195],[9.123,47.195],[9.122,47.193],[9.128,47.193],[9.131,47.191],[9.128,47.188],[9.129,47.186],[9.126,47.184],[9.134,47.183],[9.137,47.181],[9.129,47.177]]],[[[9.068,46.415],[9.0706129032,46.4132580645],[9.074,46.418],[9.076,46.415],[9.079,46.415],[9.081,46.417],[9.091,46.416],[9.096,46.417],[9.101,46.421],[9.103,46.415],[9.092,46.408],[9.093,46.406],[9.111,46.406],[9.11,46.404],[9.103,46.403],[9.101,46.401],[9.093,46.399],[9.088,46.39],[9.08,46.389],[9.067,46.394],[9.061,46.398],[9.077,46.398],[9.08,46.403],[9.084,46.406],[9.069,46.411],[9.0703636364,46.4129090909],[9.064,46.412],[9.054,46.416],[9.068,46.415]]],[[[9.108,46.714],[9.103,46.709],[9.092,46.712],[9.089,46.714],[9.088,46.717],[9.09,46.718],[9.093,46.716],[9.097,46.718],[9.098,46.716],[9.106,46.717],[9.108,46.716],[9.108,46.714]]],[[[9.079,46.349],[9.066,46.342],[9.062,46.345],[9.053,46.347],[9.043,46.345],[9.027,46.345],[9.024,46.347],[9.02,46.347],[9.017,46.35],[9.014,46.349],[9.011,46.351],[9.02,46.352],[9.024,46.35],[9.03,46.35],[9.043,46.352],[9.046,46.35],[9.05,46.35],[9.052,46.353],[9.059,46.355],[9.063,46.356],[9.069,46.355],[9.075,46.357],[9.075,46.364],[9.072,46.366],[9.073,46.367],[9.076,46.367],[9.079,46.362],[9.089,46.361],[9.091,46.359],[9.092,46.354],[9.095,46.357],[9.097,46.356],[9.095,46.351],[9.079,46.349]]],[[[9.094,46.687],[9.079,46.685],[9.07,46.688],[9.07,46.691],[9.076,46.692],[9.074,46.696],[9.076,46.699],[9.072,46.703],[9.073,46.708],[9.072,46.712],[9.076,46.712],[9.087,46.703],[9.082,46.701],[9.084,46.699],[9.079,46.694],[9.079,46.692],[9.084,46.692],[9.089,46.696],[9.092,46.694],[9.09,46.69],[9.094,46.687]]],[[[9.052,46.294],[9.047,46.294],[9.048,46.301],[9.046,46.303],[9.046,46.308],[9.048,46.31],[9.052,46.308],[9.059,46.31],[9.063,46.312],[9.063,46.314],[9.067,46.316],[9.069,46.319],[9.067,46.323],[9.055,46.327],[9.054,46.33],[9.056,46.332],[9.059,46.334],[9.069,46.331],[9.072,46.332],[9.078,46.33],[9.078,46.328],[9.079,46.33],[9.082,46.33],[9.082,46.327],[9.089,46.323],[9.084,46.318],[9.075,46.314],[9.07,46.307],[9.073,46.305],[9.073,46.298],[9.066,46.298],[9.064,46.3],[9.061,46.3],[9.055,46.296],[9.051,46.297],[9.05,46.296],[9.052,46.294]]],[[[9.04,47.022],[9.033,47.017],[9.03,47.019],[9.032,47.023],[9.029,47.026],[9.03,47.027],[9.042,47.028],[9.044,47.026],[9.047,47.028],[9.048,47.025],[9.046,47.023],[9.04,47.022]]],[[[8.899,47.034],[8.889,47.034],[8.889,47.039],[8.887,47.043],[8.892,47.048],[8.896,47.05],[8.913,47.052],[8.923,47.055],[8.925,47.056],[8.926,47.06],[8.94,47.067],[8.94,47.071],[8.936,47.072],[8.946,47.076],[8.953,47.075],[8.955,47.076],[8.954,47.078],[8.956,47.08],[8.96,47.081],[8.964,47.087],[8.96,47.089],[8.957,47.088],[8.95,47.092],[8.948,47.096],[8.95,47.098],[8.953,47.097],[8.954,47.094],[8.966,47.09],[8.976,47.089],[8.978,47.087],[8.967,47.083],[8.961,47.078],[8.958,47.069],[8.952,47.065],[8.95,47.058],[8.952,47.051],[8.954,47.056],[8.959,47.061],[8.975,47.064],[8.985,47.069],[8.986,47.072],[8.992,47.075],[9.006,47.074],[9.012,47.077],[9.015,47.076],[9.02,47.077],[9.022,47.079],[9.032,47.08],[9.034,47.077],[9.03,47.075],[9.031,47.073],[9.028,47.069],[9.028,47.065],[9.022,47.065],[9.014,47.062],[9.01,47.06],[9.008,47.057],[9.002,47.057],[8.995,47.054],[8.989,47.057],[8.985,47.056],[8.978,47.049],[8.972,47.047],[8.961,47.047],[8.952,47.045],[8.946,47.05],[8.939,47.048],[8.936,47.045],[8.926,47.043],[8.919,47.039],[8.916,47.041],[8.912,47.04],[8.909,47.036],[8.906,47.039],[8.899,47.034]]],[[[8.997,46.452],[8.997,46.455],[8.991,46.461],[8.991,46.464],[8.987,46.466],[8.988,46.469],[8.977,46.473],[8.978,46.482],[8.988,46.483],[8.995,46.486],[9.011,46.487],[9.014,46.486],[9.009,46.481],[9.015,46.479],[9.01,46.475],[9.009,46.472],[9.019,46.463],[9.01,46.458],[9.005,46.457],[9.011,46.454],[9.022,46.454],[9.018,46.45],[9.021,46.448],[9.017,46.447],[9.01,46.45],[9.0,46.449],[8.997,46.452]]],[[[8.942,46.228],[8.938,46.226],[8.935,46.231],[8.924,46.235],[8.923,46.237],[8.919,46.237],[8.917,46.239],[8.91,46.234],[8.907,46.236],[8.9,46.236],[8.89,46.24],[8.884,46.246],[8.877,46.245],[8.874,46.247],[8.875,46.249],[8.884,46.248],[8.891,46.252],[8.897,46.248],[8.91,46.248],[8.914,46.246],[8.921,46.249],[8.921,46.246],[8.919,46.244],[8.92,46.241],[8.939,46.241],[8.941,46.237],[8.939,46.236],[8.939,46.234],[8.942,46.232],[8.946,46.234],[8.949,46.231],[8.953,46.23],[8.952,46.227],[8.942,46.228]]],[[[8.924,46.251],[8.92,46.255],[8.914,46.257],[8.914,46.26],[8.924,46.263],[8.927,46.258],[8.924,46.251]]],[[[8.926,46.303],[8.915,46.3],[8.905,46.305],[8.906,46.307],[8.912,46.31],[8.913,46.307],[8.911,46.305],[8.912,46.304],[8.922,46.305],[8.926,46.303]]],[[[8.901,46.275],[8.888,46.271],[8.883,46.274],[8.888,46.274],[8.893,46.281],[8.898,46.283],[8.902,46.283],[8.908,46.277],[8.914,46.279],[8.919,46.273],[8.911,46.272],[8.905,46.275],[8.901,46.275]]],[[[8.876,46.301],[8.873,46.3],[8.871,46.301],[8.874,46.303],[8.873,46.306],[8.878,46.312],[8.875,46.317],[8.88,46.322],[8.885,46.321],[8.885,46.319],[8.882,46.317],[8.883,46.315],[8.899,46.314],[8.902,46.31],[8.907,46.31],[8.902,46.308],[8.879,46.305],[8.876,46.301]]],[[[8.887,47.059],[8.872,47.064],[8.874,47.064],[8.877,47.067],[8.88,47.066],[8.879,47.068],[8.88,47.069],[8.894,47.066],[8.887,47.059]]],[[[8.793,46.999],[8.776,46.998],[8.77,47.004],[8.777,47.005],[8.78,47.002],[8.793,47.009],[8.796,47.007],[8.806,47.007],[8.813,47.011],[8.82,47.012],[8.835,47.024],[8.831,47.026],[8.835,47.028],[8.836,47.031],[8.837,47.028],[8.84,47.026],[8.841,47.021],[8.841,47.017],[8.838,47.015],[8.839,47.013],[8.844,47.017],[8.844,47.019],[8.854,47.023],[8.862,47.03],[8.868,47.032],[8.867,47.037],[8.876,47.04],[8.879,47.043],[8.876,47.044],[8.875,47.046],[8.88,47.048],[8.88,47.043],[8.882,47.041],[8.881,47.039],[8.871,47.032],[8.872,47.03],[8.87,47.025],[8.862,47.014],[8.86,47.007],[8.858,47.005],[8.852,47.003],[8.842,47.003],[8.839,47.006],[8.833,47.003],[8.816,47.003],[8.813,47.001],[8.806,47.002],[8.793,46.999]]],[[[8.844,46.31],[8.837,46.31],[8.835,46.315],[8.839,46.319],[8.839,46.322],[8.835,46.329],[8.829,46.331],[8.835,46.337],[8.839,46.335],[8.841,46.337],[8.848,46.336],[8.851,46.337],[8.853,46.335],[8.852,46.331],[8.854,46.328],[8.857,46.325],[8.874,46.326],[8.873,46.321],[8.87,46.32],[8.851,46.32],[8.849,46.322],[8.846,46.322],[8.843,46.319],[8.851,46.317],[8.844,46.31]]],[[[8.863,46.351],[8.858,46.344],[8.857,46.349],[8.852,46.353],[8.865,46.359],[8.871,46.358],[8.868,46.354],[8.863,46.351]]],[[[8.852,46.359],[8.848,46.356],[8.843,46.36],[8.832,46.362],[8.831,46.365],[8.826,46.367],[8.828,46.371],[8.823,46.376],[8.824,46.378],[8.82,46.379],[8.817,46.386],[8.815,46.387],[8.817,46.389],[8.823,46.386],[8.83,46.389],[8.837,46.385],[8.837,46.382],[8.833,46.381],[8.831,46.378],[8.835,46.369],[8.839,46.371],[8.849,46.37],[8.852,46.372],[8.857,46.371],[8.859,46.369],[8.855,46.366],[8.852,46.366],[8.852,46.359]]],[[[8.837,47.037],[8.833,47.034],[8.83,47.036],[8.822,47.037],[8.832,47.039],[8.84,47.044],[8.842,47.037],[8.837,47.037]]],[[[8.819,46.398],[8.81,46.389],[8.795,46.392],[8.797,46.394],[8.809,46.396],[8.808,46.399],[8.803,46.403],[8.804,46.404],[8.811,46.402],[8.814,46.405],[8.82,46.403],[8.819,46.398]]],[[[8.792,46.248],[8.784,46.245],[8.777,46.248],[8.788,46.25],[8.791,46.254],[8.795,46.255],[8.792,46.248]]],[[[8.766,46.329],[8.753,46.328],[8.747,46.329],[8.749,46.332],[8.728,46.335],[8.722,46.339],[8.715,46.348],[8.712,46.349],[8.705,46.349],[8.702,46.351],[8.7,46.348],[8.692,46.347],[8.683,46.357],[8.689,46.361],[8.692,46.357],[8.696,46.358],[8.699,46.362],[8.698,46.366],[8.701,46.368],[8.702,46.371],[8.706,46.369],[8.715,46.368],[8.723,46.37],[8.719,46.364],[8.728,46.359],[8.719,46.355],[8.719,46.352],[8.721,46.35],[8.725,46.352],[8.731,46.35],[8.734,46.345],[8.743,46.343],[8.747,46.346],[8.751,46.345],[8.752,46.343],[8.751,46.342],[8.747,46.341],[8.749,46.339],[8.748,46.336],[8.757,46.335],[8.767,46.337],[8.77,46.334],[8.766,46.329]]],[[[8.757,46.282],[8.75,46.285],[8.751,46.287],[8.745,46.291],[8.746,46.293],[8.761,46.293],[8.755,46.287],[8.757,46.282]]],[[[8.727,46.307],[8.724,46.306],[8.72,46.307],[8.714,46.311],[8.711,46.31],[8.708,46.312],[8.701,46.311],[8.698,46.309],[8.694,46.31],[8.692,46.314],[8.694,46.317],[8.703,46.317],[8.704,46.315],[8.708,46.315],[8.711,46.313],[8.714,46.314],[8.721,46.312],[8.727,46.307]]],[[[8.706,46.958],[8.7,46.957],[8.698,46.958],[8.7,46.96],[8.697,46.958],[8.664,46.959],[8.648,46.965],[8.657,46.968],[8.661,46.968],[8.664,46.964],[8.671,46.968],[8.677,46.966],[8.69,46.967],[8.692,46.962],[8.707,46.963],[8.708,46.962],[8.706,46.958]]],[[[8.689,46.319],[8.683,46.321],[8.682,46.323],[8.679,46.322],[8.677,46.324],[8.672,46.325],[8.667,46.324],[8.669,46.321],[8.662,46.321],[8.659,46.322],[8.663,46.324],[8.654,46.328],[8.656,46.331],[8.672,46.329],[8.674,46.333],[8.672,46.336],[8.673,46.338],[8.682,46.337],[8.689,46.339],[8.691,46.337],[8.685,46.334],[8.685,46.33],[8.682,46.328],[8.689,46.331],[8.689,46.328],[8.692,46.325],[8.692,46.321],[8.689,46.319]]],[[[8.626,46.127],[8.629,46.126],[8.621,46.126],[8.626,46.127]]],[[[8.629,46.126],[8.632,46.127],[8.642,46.126],[8.639,46.123],[8.63,46.124],[8.629,46.126]]],[[[8.642,46.126],[8.645,46.128],[8.652,46.126],[8.648,46.123],[8.642,46.126]]],[[[8.582,46.264],[8.59,46.264],[8.583,46.263],[8.582,46.264]]],[[[8.59,46.264],[8.59,46.267],[8.603,46.266],[8.606,46.264],[8.609,46.265],[8.612,46.263],[8.617,46.264],[8.622,46.262],[8.625,46.264],[8.627,46.261],[8.622,46.255],[8.603,46.259],[8.599,46.256],[8.596,46.261],[8.59,46.264]]],[[[8.577,46.275],[8.573,46.275],[8.562,46.282],[8.574,46.284],[8.577,46.28],[8.587,46.28],[8.577,46.275]]],[[[8.503,46.251],[8.492,46.253],[8.486,46.256],[8.486,46.258],[8.494,46.26],[8.491,46.263],[8.491,46.265],[8.5,46.265],[8.496,46.274],[8.499,46.275],[8.501,46.274],[8.502,46.27],[8.519,46.27],[8.525,46.272],[8.535,46.27],[8.541,46.272],[8.548,46.27],[8.551,46.273],[8.558,46.275],[8.563,46.273],[8.567,46.274],[8.57,46.273],[8.576,46.266],[8.574,46.265],[8.57,46.268],[8.564,46.262],[8.567,46.255],[8.571,46.253],[8.57,46.252],[8.56,46.252],[8.547,46.256],[8.541,46.254],[8.534,46.255],[8.532,46.258],[8.528,46.26],[8.518,46.258],[8.515,46.256],[8.504,46.256],[8.503,46.251]]],[[[8.551,46.926],[8.532,46.925],[8.529,46.926],[8.531,46.928],[8.535,46.928],[8.538,46.932],[8.542,46.932],[8.545,46.929],[8.552,46.931],[8.554,46.928],[8.551,46.926]]],[[[8.542,46.222],[8.53,46.218],[8.522,46.222],[8.518,46.221],[8.508,46.223],[8.498,46.228],[8.495,46.227],[8.492,46.23],[8.489,46.229],[8.485,46.232],[8.469,46.232],[8.467,46.236],[8.464,46.238],[8.464,46.245],[8.456,46.245],[8.453,46.248],[8.444,46.248],[8.441,46.252],[8.442,46.256],[8.448,46.263],[8.452,46.265],[8.454,46.269],[8.458,46.27],[8.46,46.269],[8.46,46.272],[8.463,46.273],[8.467,46.271],[8.47,46.272],[8.472,46.269],[8.466,46.267],[8.467,46.265],[8.459,46.258],[8.46,46.255],[8.463,46.254],[8.473,46.258],[8.486,46.255],[8.486,46.25],[8.482,46.25],[8.476,46.247],[8.484,46.238],[8.495,46.238],[8.505,46.233],[8.518,46.229],[8.543,46.226],[8.544,46.229],[8.549,46.228],[8.55,46.224],[8.549,46.221],[8.542,46.222]]],[[[8.463,46.897],[8.456,46.898],[8.452,46.897],[8.439,46.904],[8.425,46.906],[8.426,46.908],[8.433,46.908],[8.436,46.91],[8.446,46.91],[8.449,46.913],[8.458,46.915],[8.459,46.917],[8.463,46.916],[8.469,46.922],[8.469,46.924],[8.486,46.928],[8.498,46.924],[8.499,46.921],[8.5,46.924],[8.502,46.925],[8.515,46.926],[8.528,46.925],[8.529,46.923],[8.519,46.922],[8.509,46.916],[8.492,46.914],[8.491,46.91],[8.489,46.909],[8.469,46.906],[8.468,46.904],[8.471,46.901],[8.47,46.899],[8.463,46.897]]],[[[8.469,46.922],[8.466,46.92],[8.466,46.923],[8.469,46.922]]],[[[8.506,46.306],[8.497,46.304],[8.486,46.31],[8.5,46.312],[8.509,46.31],[8.506,46.306]]],[[[8.267,46.743],[8.27,46.746],[8.271,46.743],[8.27,46.742],[8.267,46.743]]],[[[7.2,45.865],[7.188,45.858],[7.184,45.861],[7.175,45.863],[7.163,45.871],[7.163,45.874],[7.159,45.877],[7.155,45.876],[7.153,45.878],[7.149,45.876],[7.139,45.876],[7.136,45.874],[7.136,45.871],[7.126,45.865],[7.123,45.865],[7.123,45.862],[7.12,45.86],[7.116,45.86],[7.114,45.858],[7.104,45.858],[7.097,45.862],[7.095,45.864],[7.095,45.869],[7.091,45.871],[7.091,45.876],[7.082,45.882],[7.082,45.885],[7.075,45.889],[7.075,45.894],[7.072,45.896],[7.068,45.896],[7.063,45.9],[7.062,45.912],[7.058,45.912],[7.046,45.92],[7.046,45.923],[7.043,45.925],[7.043,45.927],[7.039,45.929],[7.04,45.932],[7.036,45.934],[7.036,45.936],[7.033,45.938],[7.033,45.95],[7.036,45.952],[7.036,45.954],[7.032,45.954],[7.029,45.957],[7.016,45.959],[7.007,45.967],[7.007,45.972],[7.013,45.976],[7.013,45.979],[7.016,45.981],[7.016,45.983],[7.01,45.988],[7.01,45.999],[6.993,45.999],[6.987,46.004],[6.981,46.006],[6.981,46.017],[6.974,46.021],[6.971,46.024],[6.971,46.026],[6.955,46.037],[6.954,46.042],[6.967,46.044],[6.967,46.048],[6.974,46.051],[6.98,46.044],[6.977,46.039],[6.976,46.035],[6.977,46.034],[6.987,46.038],[6.993,46.037],[7.003,46.033],[7.008,46.028],[7.008,46.026],[7.012,46.028],[7.019,46.024],[7.025,46.024],[7.032,46.026],[7.028,46.028],[7.025,46.035],[7.022,46.038],[7.011,46.044],[7.014,46.046],[7.007,46.053],[7.009,46.056],[7.025,46.053],[7.028,46.055],[7.035,46.054],[7.038,46.055],[7.036,46.058],[7.038,46.06],[7.042,46.06],[7.053,46.058],[7.053,46.055],[7.043,46.049],[7.048,46.042],[7.047,46.04],[7.048,46.038],[7.054,46.043],[7.069,46.044],[7.069,46.042],[7.072,46.04],[7.08,46.039],[7.082,46.037],[7.071,46.032],[7.067,46.033],[7.061,46.031],[7.059,46.028],[7.061,46.023],[7.087,46.025],[7.093,46.028],[7.102,46.026],[7.103,46.024],[7.094,46.017],[7.085,46.013],[7.083,46.01],[7.087,46.012],[7.093,46.006],[7.103,46.007],[7.104,46.006],[7.102,46.002],[7.098,45.999],[7.093,45.998],[7.09,46.0],[7.08,46.001],[7.077,45.999],[7.078,45.997],[7.077,45.996],[7.072,45.995],[7.071,45.99],[7.066,45.988],[7.068,45.985],[7.074,45.988],[7.081,45.988],[7.088,45.981],[7.097,45.979],[7.098,45.977],[7.084,45.97],[7.089,45.966],[7.09,45.961],[7.085,45.957],[7.083,45.948],[7.081,45.946],[7.071,45.948],[7.068,45.943],[7.071,45.936],[7.083,45.93],[7.079,45.927],[7.078,45.92],[7.087,45.922],[7.091,45.921],[7.087,45.915],[7.087,45.912],[7.091,45.907],[7.093,45.912],[7.098,45.912],[7.11,45.904],[7.115,45.903],[7.113,45.899],[7.11,45.901],[7.107,45.899],[7.1,45.898],[7.1,45.893],[7.104,45.895],[7.113,45.896],[7.12,45.891],[7.133,45.889],[7.134,45.891],[7.133,45.897],[7.129,45.897],[7.126,45.895],[7.122,45.896],[7.123,45.901],[7.126,45.899],[7.128,45.9],[7.127,45.905],[7.13,45.912],[7.125,45.918],[7.123,45.924],[7.113,45.927],[7.111,45.93],[7.124,45.934],[7.123,45.937],[7.12,45.939],[7.123,45.941],[7.123,45.943],[7.132,45.945],[7.127,45.952],[7.142,45.959],[7.138,45.963],[7.137,45.968],[7.142,45.973],[7.152,45.977],[7.154,45.972],[7.145,45.966],[7.15,45.963],[7.142,45.957],[7.148,45.954],[7.152,45.955],[7.155,45.952],[7.159,45.954],[7.161,45.957],[7.158,45.959],[7.161,45.96],[7.166,45.966],[7.171,45.97],[7.181,45.973],[7.184,45.972],[7.187,45.968],[7.186,45.961],[7.188,45.959],[7.189,45.95],[7.196,45.941],[7.184,45.925],[7.181,45.923],[7.184,45.92],[7.19,45.919],[7.19,45.907],[7.181,45.903],[7.178,45.898],[7.182,45.898],[7.183,45.901],[7.191,45.899],[7.197,45.906],[7.2,45.903],[7.197,45.901],[7.201,45.903],[7.203,45.911],[7.206,45.916],[7.204,45.925],[7.21,45.93],[7.213,45.937],[7.216,45.938],[7.219,45.936],[7.232,45.933],[7.242,45.933],[7.245,45.935],[7.248,45.934],[7.246,45.941],[7.247,45.943],[7.226,45.949],[7.222,45.955],[7.222,45.957],[7.233,45.959],[7.233,45.961],[7.227,45.966],[7.223,45.973],[7.229,45.976],[7.234,45.982],[7.223,45.986],[7.215,45.986],[7.216,45.991],[7.219,45.993],[7.222,45.992],[7.224,45.995],[7.219,45.997],[7.203,45.999],[7.204,46.002],[7.213,46.006],[7.215,46.009],[7.214,46.011],[7.2,46.015],[7.196,46.022],[7.196,46.027],[7.198,46.031],[7.195,46.033],[7.194,46.036],[7.18,46.04],[7.177,46.045],[7.184,46.044],[7.187,46.048],[7.193,46.046],[7.203,46.046],[7.206,46.038],[7.21,46.036],[7.209,46.033],[7.219,46.028],[7.226,46.028],[7.229,46.03],[7.231,46.033],[7.23,46.036],[7.232,46.037],[7.238,46.035],[7.245,46.035],[7.243,46.038],[7.245,46.041],[7.264,46.035],[7.274,46.037],[7.277,46.036],[7.276,46.027],[7.285,46.027],[7.29,46.022],[7.291,46.024],[7.287,46.029],[7.297,46.032],[7.3,46.03],[7.306,46.03],[7.313,46.026],[7.317,46.022],[7.316,46.02],[7.319,46.022],[7.324,46.02],[7.326,46.016],[7.329,46.016],[7.331,46.013],[7.328,46.009],[7.329,46.005],[7.339,46.006],[7.343,46.004],[7.343,46.002],[7.345,46.0],[7.347,45.998],[7.347,45.991],[7.349,45.986],[7.347,45.975],[7.348,45.971],[7.345,45.961],[7.355,45.956],[7.357,45.959],[7.357,45.971],[7.362,45.975],[7.357,45.98],[7.356,45.986],[7.357,45.989],[7.354,45.995],[7.355,45.998],[7.359,46.0],[7.358,46.002],[7.352,46.004],[7.352,46.007],[7.348,46.005],[7.346,46.007],[7.35,46.011],[7.349,46.02],[7.342,46.022],[7.346,46.025],[7.339,46.03],[7.335,46.03],[7.329,46.033],[7.33,46.036],[7.329,46.037],[7.316,46.04],[7.317,46.045],[7.322,46.049],[7.319,46.05],[7.313,46.045],[7.306,46.045],[7.301,46.049],[7.3,46.052],[7.293,46.054],[7.293,46.057],[7.284,46.06],[7.285,46.063],[7.288,46.065],[7.284,46.071],[7.271,46.073],[7.27,46.074],[7.271,46.076],[7.267,46.076],[7.262,46.081],[7.258,46.081],[7.254,46.084],[7.255,46.087],[7.247,46.094],[7.248,46.096],[7.252,46.096],[7.255,46.099],[7.253,46.101],[7.253,46.11],[7.248,46.112],[7.245,46.118],[7.228,46.122],[7.223,46.119],[7.219,46.12],[7.216,46.118],[7.212,46.12],[7.203,46.12],[7.2,46.119],[7.199,46.117],[7.199,46.119],[7.196,46.121],[7.203,46.125],[7.206,46.124],[7.208,46.126],[7.207,46.128],[7.215,46.13],[7.219,46.133],[7.225,46.132],[7.232,46.133],[7.233,46.13],[7.248,46.127],[7.25,46.126],[7.25,46.123],[7.247,46.121],[7.248,46.12],[7.254,46.121],[7.261,46.118],[7.264,46.119],[7.267,46.123],[7.27,46.118],[7.271,46.121],[7.263,46.128],[7.262,46.132],[7.259,46.135],[7.264,46.136],[7.287,46.133],[7.287,46.135],[7.283,46.139],[7.286,46.144],[7.292,46.148],[7.29,46.153],[7.293,46.154],[7.307,46.146],[7.302,46.141],[7.306,46.139],[7.302,46.137],[7.304,46.13],[7.301,46.128],[7.304,46.126],[7.296,46.118],[7.3,46.118],[7.31,46.126],[7.312,46.121],[7.322,46.117],[7.326,46.119],[7.32,46.126],[7.328,46.132],[7.325,46.134],[7.325,46.136],[7.331,46.148],[7.337,46.15],[7.338,46.153],[7.333,46.157],[7.333,46.159],[7.335,46.161],[7.338,46.161],[7.34,46.164],[7.345,46.165],[7.348,46.168],[7.358,46.166],[7.362,46.168],[7.365,46.171],[7.367,46.179],[7.37,46.175],[7.369,46.159],[7.374,46.155],[7.374,46.152],[7.371,46.15],[7.374,46.148],[7.376,46.144],[7.375,46.141],[7.371,46.139],[7.371,46.132],[7.377,46.13],[7.379,46.128],[7.379,46.123],[7.384,46.12],[7.384,46.117],[7.38,46.114],[7.387,46.108],[7.387,46.103],[7.394,46.099],[7.395,46.097],[7.393,46.094],[7.397,46.087],[7.403,46.09],[7.416,46.089],[7.419,46.09],[7.414,46.092],[7.416,46.097],[7.415,46.103],[7.422,46.108],[7.412,46.117],[7.415,46.119],[7.411,46.123],[7.411,46.126],[7.418,46.132],[7.42,46.137],[7.419,46.14],[7.417,46.141],[7.416,46.149],[7.432,46.146],[7.438,46.141],[7.437,46.137],[7.439,46.132],[7.448,46.132],[7.452,46.13],[7.453,46.128],[7.45,46.123],[7.451,46.119],[7.444,46.112],[7.445,46.111],[7.448,46.112],[7.45,46.11],[7.445,46.107],[7.442,46.108],[7.444,46.106],[7.441,46.101],[7.442,46.098],[7.449,46.106],[7.461,46.113],[7.468,46.111],[7.469,46.108],[7.471,46.107],[7.481,46.105],[7.483,46.103],[7.483,46.099],[7.48,46.097],[7.484,46.09],[7.481,46.088],[7.477,46.088],[7.478,46.083],[7.475,46.081],[7.482,46.076],[7.482,46.072],[7.479,46.07],[7.481,46.068],[7.481,46.065],[7.477,46.065],[7.475,46.063],[7.475,46.056],[7.471,46.058],[7.462,46.056],[7.464,46.05],[7.474,46.048],[7.479,46.043],[7.477,46.04],[7.474,46.04],[7.472,46.038],[7.472,46.036],[7.466,46.029],[7.468,46.022],[7.473,46.02],[7.473,46.018],[7.484,46.005],[7.487,46.008],[7.495,46.007],[7.496,46.002],[7.5,45.999],[7.501,46.0],[7.498,46.004],[7.499,46.009],[7.497,46.014],[7.488,46.02],[7.491,46.022],[7.496,46.031],[7.495,46.034],[7.496,46.036],[7.503,46.04],[7.5,46.045],[7.503,46.049],[7.503,46.052],[7.508,46.054],[7.503,46.054],[7.499,46.058],[7.5,46.061],[7.499,46.063],[7.507,46.07],[7.505,46.072],[7.527,46.072],[7.536,46.066],[7.537,46.063],[7.542,46.06],[7.543,46.056],[7.547,46.051],[7.547,46.042],[7.545,46.042],[7.544,46.04],[7.545,46.038],[7.549,46.042],[7.552,46.049],[7.556,46.049],[7.556,46.054],[7.558,46.055],[7.565,46.052],[7.565,46.056],[7.562,46.058],[7.565,46.06],[7.566,46.063],[7.561,46.066],[7.555,46.067],[7.555,46.07],[7.558,46.071],[7.557,46.074],[7.549,46.075],[7.546,46.078],[7.551,46.083],[7.546,46.085],[7.549,46.09],[7.535,46.092],[7.542,46.099],[7.539,46.102],[7.532,46.102],[7.532,46.104],[7.539,46.105],[7.539,46.108],[7.532,46.109],[7.532,46.112],[7.528,46.119],[7.525,46.121],[7.513,46.124],[7.51,46.13],[7.505,46.135],[7.507,46.136],[7.507,46.139],[7.503,46.141],[7.494,46.14],[7.485,46.146],[7.49,46.15],[7.494,46.15],[7.495,46.153],[7.491,46.157],[7.485,46.159],[7.477,46.168],[7.475,46.173],[7.466,46.18],[7.465,46.186],[7.466,46.189],[7.474,46.193],[7.476,46.202],[7.474,46.205],[7.463,46.209],[7.459,46.213],[7.459,46.216],[7.472,46.218],[7.478,46.224],[7.478,46.227],[7.481,46.228],[7.49,46.226],[7.491,46.222],[7.494,46.222],[7.497,46.218],[7.497,46.215],[7.503,46.212],[7.51,46.212],[7.516,46.215],[7.52,46.215],[7.52,46.217],[7.518,46.218],[7.522,46.22],[7.523,46.223],[7.526,46.222],[7.528,46.227],[7.524,46.234],[7.526,46.236],[7.529,46.236],[7.539,46.231],[7.542,46.226],[7.546,46.225],[7.548,46.222],[7.547,46.22],[7.549,46.218],[7.548,46.213],[7.555,46.213],[7.558,46.211],[7.556,46.207],[7.561,46.204],[7.56,46.195],[7.563,46.193],[7.561,46.189],[7.555,46.186],[7.557,46.182],[7.557,46.177],[7.555,46.177],[7.554,46.173],[7.559,46.171],[7.554,46.168],[7.557,46.162],[7.568,46.161],[7.578,46.163],[7.581,46.166],[7.579,46.168],[7.584,46.172],[7.59,46.166],[7.594,46.166],[7.599,46.159],[7.612,46.153],[7.608,46.148],[7.611,46.144],[7.611,46.141],[7.616,46.135],[7.614,46.132],[7.61,46.132],[7.609,46.13],[7.613,46.129],[7.617,46.125],[7.62,46.121],[7.622,46.112],[7.631,46.105],[7.633,46.1],[7.633,46.098],[7.629,46.095],[7.626,46.09],[7.625,46.087],[7.626,46.086],[7.63,46.085],[7.63,46.087],[7.636,46.094],[7.647,46.099],[7.668,46.101],[7.668,46.103],[7.662,46.107],[7.652,46.109],[7.651,46.11],[7.652,46.112],[7.643,46.119],[7.643,46.121],[7.65,46.123],[7.651,46.128],[7.655,46.135],[7.652,46.137],[7.65,46.146],[7.645,46.15],[7.644,46.155],[7.633,46.162],[7.632,46.164],[7.636,46.167],[7.646,46.169],[7.647,46.171],[7.639,46.173],[7.633,46.172],[7.624,46.175],[7.637,46.182],[7.636,46.184],[7.62,46.191],[7.623,46.193],[7.617,46.2],[7.618,46.207],[7.612,46.211],[7.617,46.214],[7.63,46.213],[7.632,46.216],[7.627,46.223],[7.623,46.224],[7.622,46.229],[7.62,46.231],[7.611,46.231],[7.6,46.24],[7.603,46.243],[7.603,46.245],[7.611,46.249],[7.611,46.252],[7.609,46.254],[7.599,46.258],[7.598,46.264],[7.596,46.265],[7.601,46.271],[7.62,46.273],[7.624,46.272],[7.63,46.267],[7.637,46.267],[7.638,46.274],[7.643,46.277],[7.653,46.275],[7.655,46.269],[7.659,46.271],[7.662,46.27],[7.666,46.273],[7.679,46.274],[7.685,46.272],[7.688,46.267],[7.695,46.263],[7.694,46.26],[7.697,46.256],[7.692,46.254],[7.69,46.251],[7.698,46.251],[7.703,46.247],[7.704,46.242],[7.702,46.24],[7.704,46.236],[7.702,46.233],[7.703,46.231],[7.7,46.227],[7.703,46.224],[7.703,46.222],[7.698,46.215],[7.692,46.211],[7.693,46.209],[7.69,46.206],[7.691,46.2],[7.688,46.191],[7.689,46.186],[7.687,46.179],[7.688,46.178],[7.689,46.182],[7.691,46.182],[7.694,46.186],[7.694,46.189],[7.701,46.188],[7.701,46.191],[7.704,46.192],[7.706,46.195],[7.705,46.197],[7.707,46.2],[7.7,46.206],[7.7,46.209],[7.711,46.213],[7.718,46.211],[7.717,46.216],[7.715,46.218],[7.715,46.222],[7.723,46.224],[7.723,46.231],[7.727,46.236],[7.725,46.24],[7.727,46.242],[7.724,46.247],[7.727,46.249],[7.719,46.254],[7.738,46.256],[7.738,46.258],[7.731,46.26],[7.73,46.266],[7.733,46.269],[7.732,46.272],[7.724,46.276],[7.731,46.277],[7.734,46.28],[7.738,46.281],[7.746,46.281],[7.749,46.278],[7.755,46.276],[7.756,46.268],[7.766,46.27],[7.767,46.269],[7.766,46.262],[7.768,46.258],[7.765,46.256],[7.769,46.252],[7.773,46.252],[7.775,46.256],[7.782,46.255],[7.786,46.257],[7.786,46.26],[7.792,46.262],[7.795,46.259],[7.799,46.261],[7.808,46.26],[7.811,46.256],[7.818,46.254],[7.821,46.251],[7.82,46.249],[7.822,46.247],[7.821,46.242],[7.825,46.238],[7.819,46.235],[7.811,46.234],[7.808,46.228],[7.798,46.23],[7.792,46.222],[7.794,46.22],[7.785,46.217],[7.784,46.215],[7.803,46.211],[7.795,46.204],[7.785,46.204],[7.782,46.201],[7.776,46.199],[7.786,46.193],[7.774,46.186],[7.775,46.184],[7.778,46.184],[7.779,46.181],[7.772,46.181],[7.769,46.177],[7.766,46.177],[7.764,46.175],[7.767,46.172],[7.774,46.17],[7.769,46.166],[7.76,46.166],[7.766,46.164],[7.764,46.159],[7.76,46.155],[7.765,46.154],[7.772,46.156],[7.775,46.154],[7.772,46.15],[7.765,46.146],[7.764,46.139],[7.765,46.137],[7.768,46.137],[7.766,46.132],[7.77,46.13],[7.763,46.128],[7.76,46.123],[7.761,46.121],[7.76,46.119],[7.756,46.118],[7.749,46.112],[7.757,46.107],[7.755,46.106],[7.755,46.1],[7.759,46.103],[7.759,46.098],[7.763,46.096],[7.755,46.094],[7.752,46.092],[7.752,46.089],[7.746,46.086],[7.742,46.086],[7.739,46.084],[7.733,46.086],[7.73,46.085],[7.733,46.083],[7.736,46.084],[7.737,46.083],[7.735,46.08],[7.742,46.077],[7.755,46.078],[7.76,46.076],[7.759,46.073],[7.75,46.065],[7.755,46.06],[7.749,46.056],[7.749,46.051],[7.742,46.047],[7.739,46.048],[7.735,46.044],[7.736,46.037],[7.73,46.035],[7.723,46.036],[7.718,46.033],[7.721,46.029],[7.729,46.024],[7.72,46.02],[7.719,46.017],[7.71,46.016],[7.697,46.019],[7.684,46.017],[7.682,46.015],[7.671,46.015],[7.665,46.013],[7.661,46.021],[7.658,46.012],[7.652,46.014],[7.644,46.013],[7.644,46.011],[7.639,46.007],[7.634,46.006],[7.635,46.003],[7.644,46.004],[7.644,46.009],[7.652,46.01],[7.652,46.007],[7.649,46.006],[7.649,46.004],[7.661,46.007],[7.668,46.007],[7.67,46.006],[7.67,46.004],[7.674,46.003],[7.681,46.005],[7.684,46.003],[7.687,46.005],[7.7,46.006],[7.707,46.004],[7.71,46.001],[7.716,46.001],[7.718,45.999],[7.717,45.995],[7.706,45.991],[7.703,45.988],[7.706,45.99],[7.717,45.99],[7.719,45.992],[7.723,45.991],[7.726,45.985],[7.736,45.984],[7.739,45.981],[7.738,45.979],[7.743,45.975],[7.739,45.97],[7.742,45.968],[7.746,45.97],[7.745,45.973],[7.748,45.974],[7.752,45.974],[7.753,45.972],[7.758,45.973],[7.76,45.972],[7.761,45.969],[7.764,45.968],[7.764,45.97],[7.771,45.972],[7.772,45.975],[7.777,45.974],[7.787,45.976],[7.803,45.976],[7.806,45.974],[7.803,45.977],[7.803,45.979],[7.811,45.986],[7.8,45.982],[7.787,45.985],[7.755,45.984],[7.739,45.995],[7.763,45.999],[7.76,46.004],[7.761,46.005],[7.765,46.005],[7.768,46.002],[7.775,45.999],[7.77,46.004],[7.771,46.005],[7.781,46.005],[7.79,46.008],[7.794,46.007],[7.807,46.008],[7.798,46.013],[7.801,46.017],[7.797,46.02],[7.784,46.019],[7.782,46.022],[7.784,46.025],[7.787,46.024],[7.785,46.026],[7.783,46.033],[7.78,46.035],[7.783,46.038],[7.781,46.038],[7.778,46.042],[7.784,46.045],[7.788,46.044],[7.786,46.047],[7.797,46.051],[7.798,46.053],[7.794,46.06],[7.799,46.06],[7.8,46.056],[7.804,46.059],[7.81,46.056],[7.806,46.049],[7.807,46.042],[7.808,46.046],[7.813,46.052],[7.817,46.052],[7.821,46.049],[7.823,46.044],[7.826,46.045],[7.836,46.042],[7.839,46.044],[7.832,46.051],[7.831,46.055],[7.821,46.06],[7.82,46.062],[7.829,46.069],[7.83,46.073],[7.817,46.072],[7.807,46.076],[7.803,46.082],[7.804,46.084],[7.817,46.086],[7.823,46.094],[7.816,46.094],[7.814,46.092],[7.808,46.094],[7.807,46.096],[7.815,46.098],[7.817,46.1],[7.818,46.105],[7.813,46.107],[7.817,46.111],[7.821,46.112],[7.823,46.118],[7.82,46.123],[7.824,46.125],[7.824,46.127],[7.827,46.129],[7.82,46.13],[7.818,46.139],[7.823,46.141],[7.823,46.143],[7.82,46.143],[7.815,46.148],[7.824,46.15],[7.824,46.152],[7.827,46.155],[7.833,46.147],[7.835,46.15],[7.834,46.152],[7.837,46.154],[7.842,46.152],[7.843,46.148],[7.846,46.152],[7.852,46.154],[7.846,46.158],[7.853,46.163],[7.85,46.165],[7.851,46.17],[7.847,46.174],[7.85,46.176],[7.848,46.179],[7.849,46.181],[7.854,46.181],[7.857,46.183],[7.855,46.186],[7.86,46.193],[7.863,46.194],[7.866,46.193],[7.869,46.196],[7.871,46.195],[7.87,46.186],[7.871,46.183],[7.878,46.186],[7.883,46.186],[7.883,46.183],[7.88,46.179],[7.872,46.178],[7.869,46.179],[7.863,46.177],[7.866,46.174],[7.872,46.176],[7.874,46.174],[7.874,46.17],[7.869,46.166],[7.863,46.166],[7.86,46.163],[7.863,46.162],[7.866,46.165],[7.876,46.165],[7.88,46.168],[7.898,46.171],[7.9,46.17],[7.898,46.162],[7.9,46.161],[7.901,46.158],[7.913,46.154],[7.911,46.152],[7.904,46.152],[7.899,46.145],[7.902,46.143],[7.898,46.138],[7.905,46.14],[7.913,46.136],[7.913,46.131],[7.907,46.125],[7.908,46.124],[7.914,46.126],[7.917,46.125],[7.917,46.122],[7.911,46.119],[7.904,46.121],[7.901,46.12],[7.898,46.116],[7.9,46.114],[7.899,46.111],[7.894,46.111],[7.899,46.107],[7.898,46.105],[7.891,46.101],[7.887,46.096],[7.887,46.093],[7.891,46.096],[7.901,46.099],[7.904,46.098],[7.907,46.094],[7.911,46.093],[7.916,46.096],[7.927,46.098],[7.93,46.101],[7.937,46.102],[7.947,46.091],[7.944,46.089],[7.947,46.084],[7.946,46.08],[7.948,46.077],[7.947,46.075],[7.949,46.071],[7.949,46.066],[7.945,46.062],[7.946,46.061],[7.949,46.063],[7.958,46.057],[7.962,46.057],[7.967,46.071],[7.965,46.071],[7.964,46.073],[7.965,46.08],[7.975,46.078],[7.978,46.076],[7.982,46.078],[7.991,46.074],[7.992,46.075],[7.985,46.084],[7.972,46.084],[7.97,46.086],[7.973,46.089],[7.978,46.088],[7.98,46.091],[7.978,46.091],[7.969,46.098],[7.969,46.1],[7.99,46.104],[7.991,46.106],[7.988,46.108],[7.982,46.108],[7.975,46.113],[7.965,46.111],[7.956,46.113],[7.958,46.116],[7.954,46.12],[7.956,46.122],[7.959,46.122],[7.96,46.125],[7.954,46.127],[7.952,46.131],[7.959,46.132],[7.962,46.136],[7.959,46.14],[7.961,46.143],[7.97,46.147],[7.966,46.148],[7.953,46.141],[7.953,46.143],[7.958,46.147],[7.95,46.158],[7.954,46.165],[7.953,46.17],[7.957,46.174],[7.944,46.173],[7.93,46.179],[7.944,46.186],[7.93,46.192],[7.932,46.194],[7.932,46.199],[7.93,46.201],[7.932,46.203],[7.931,46.215],[7.928,46.215],[7.918,46.221],[7.915,46.226],[7.92,46.226],[7.925,46.223],[7.935,46.224],[7.928,46.227],[7.925,46.23],[7.931,46.232],[7.938,46.23],[7.935,46.235],[7.938,46.237],[7.938,46.24],[7.934,46.244],[7.935,46.251],[7.933,46.255],[7.938,46.258],[7.941,46.253],[7.941,46.248],[7.943,46.244],[7.948,46.239],[7.947,46.236],[7.952,46.233],[7.954,46.228],[7.96,46.221],[7.964,46.219],[7.968,46.226],[7.964,46.235],[7.961,46.237],[7.962,46.241],[7.966,46.244],[7.965,46.25],[7.967,46.255],[7.965,46.259],[7.965,46.264],[7.974,46.275],[7.972,46.277],[7.972,46.28],[7.974,46.281],[7.973,46.284],[7.977,46.286],[7.98,46.285],[7.981,46.286],[7.979,46.289],[7.98,46.29],[7.991,46.289],[7.996,46.286],[7.994,46.28],[7.995,46.277],[7.993,46.274],[7.987,46.277],[7.995,46.268],[8.009,46.268],[8.016,46.271],[8.022,46.271],[8.025,46.268],[8.024,46.261],[8.019,46.254],[8.016,46.252],[8.009,46.251],[8.005,46.248],[8.001,46.235],[8.003,46.226],[8.002,46.223],[8.012,46.223],[8.019,46.22],[8.03,46.21],[8.03,46.203],[8.025,46.198],[8.022,46.199],[8.022,46.196],[8.028,46.194],[8.038,46.195],[8.041,46.19],[8.051,46.188],[8.058,46.183],[8.058,46.18],[8.053,46.178],[8.056,46.176],[8.056,46.174],[8.053,46.171],[8.053,46.169],[8.047,46.165],[8.045,46.162],[8.046,46.16],[8.041,46.156],[8.041,46.153],[8.053,46.152],[8.07,46.157],[8.071,46.158],[8.069,46.16],[8.073,46.166],[8.081,46.164],[8.082,46.167],[8.081,46.169],[8.086,46.171],[8.084,46.173],[8.086,46.177],[8.091,46.176],[8.091,46.173],[8.094,46.171],[8.093,46.167],[8.089,46.163],[8.096,46.159],[8.096,46.157],[8.091,46.153],[8.092,46.151],[8.088,46.146],[8.091,46.142],[8.088,46.137],[8.09,46.133],[8.082,46.129],[8.076,46.131],[8.076,46.128],[8.078,46.126],[8.075,46.122],[8.079,46.118],[8.08,46.122],[8.089,46.127],[8.098,46.129],[8.098,46.133],[8.1,46.135],[8.098,46.137],[8.107,46.14],[8.106,46.142],[8.111,46.144],[8.115,46.148],[8.118,46.148],[8.121,46.151],[8.12,46.153],[8.125,46.155],[8.126,46.16],[8.131,46.164],[8.14,46.16],[8.136,46.157],[8.138,46.156],[8.141,46.159],[8.147,46.16],[8.145,46.166],[8.149,46.168],[8.148,46.17],[8.137,46.173],[8.147,46.175],[8.143,46.178],[8.149,46.18],[8.151,46.184],[8.166,46.18],[8.156,46.171],[8.156,46.168],[8.153,46.166],[8.153,46.159],[8.149,46.157],[8.15,46.153],[8.153,46.15],[8.153,46.146],[8.141,46.138],[8.134,46.138],[8.131,46.135],[8.128,46.136],[8.12,46.133],[8.114,46.128],[8.114,46.119],[8.108,46.113],[8.104,46.113],[8.098,46.109],[8.085,46.109],[8.079,46.106],[8.068,46.106],[8.066,46.104],[8.059,46.104],[8.056,46.102],[8.04,46.1],[8.033,46.095],[8.033,46.09],[8.03,46.089],[8.03,46.084],[8.026,46.081],[8.023,46.075],[8.026,46.072],[8.026,46.061],[8.029,46.059],[8.029,46.054],[8.033,46.052],[8.033,46.045],[8.019,46.037],[8.019,46.034],[8.016,46.032],[8.016,46.023],[8.013,46.021],[8.013,46.014],[8.01,46.012],[8.0,46.01],[8.0,46.007],[7.993,46.003],[7.993,46.001],[7.987,45.996],[7.978,45.999],[7.967,45.999],[7.965,45.997],[7.939,45.997],[7.936,45.995],[7.923,45.994],[7.907,45.995],[7.9,45.985],[7.886,45.976],[7.88,45.974],[7.88,45.961],[7.877,45.959],[7.877,45.952],[7.873,45.949],[7.873,45.945],[7.87,45.943],[7.87,45.936],[7.877,45.929],[7.877,45.927],[7.864,45.918],[7.858,45.92],[7.845,45.921],[7.842,45.923],[7.832,45.923],[7.829,45.925],[7.825,45.925],[7.823,45.927],[7.819,45.927],[7.819,45.925],[7.812,45.921],[7.806,45.921],[7.803,45.918],[7.796,45.918],[7.79,45.921],[7.79,45.923],[7.783,45.928],[7.78,45.928],[7.771,45.934],[7.767,45.934],[7.764,45.936],[7.765,45.939],[7.748,45.939],[7.741,45.934],[7.741,45.932],[7.735,45.93],[7.735,45.925],[7.732,45.923],[7.719,45.923],[7.713,45.928],[7.713,45.93],[7.706,45.934],[7.707,45.95],[7.703,45.95],[7.697,45.955],[7.684,45.955],[7.68,45.957],[7.674,45.961],[7.675,45.966],[7.662,45.975],[7.648,45.975],[7.642,45.971],[7.622,45.971],[7.62,45.973],[7.616,45.973],[7.61,45.968],[7.6,45.968],[7.597,45.971],[7.587,45.971],[7.578,45.977],[7.578,45.982],[7.568,45.987],[7.564,45.984],[7.548,45.984],[7.548,45.982],[7.544,45.98],[7.544,45.977],[7.541,45.975],[7.545,45.973],[7.545,45.966],[7.548,45.964],[7.542,45.957],[7.538,45.957],[7.535,45.955],[7.532,45.957],[7.522,45.957],[7.516,45.962],[7.506,45.962],[7.5,45.96],[7.497,45.957],[7.477,45.953],[7.47,45.948],[7.47,45.946],[7.473,45.944],[7.474,45.939],[7.468,45.935],[7.458,45.935],[7.455,45.933],[7.445,45.931],[7.435,45.924],[7.435,45.921],[7.426,45.915],[7.416,45.912],[7.41,45.908],[7.4,45.91],[7.396,45.908],[7.396,45.905],[7.394,45.903],[7.387,45.899],[7.377,45.899],[7.375,45.901],[7.365,45.903],[7.359,45.908],[7.355,45.908],[7.352,45.91],[7.352,45.912],[7.348,45.912],[7.345,45.915],[7.323,45.91],[7.313,45.917],[7.303,45.917],[7.301,45.919],[7.29,45.921],[7.286,45.914],[7.28,45.91],[7.28,45.907],[7.255,45.89],[7.252,45.89],[7.245,45.894],[7.239,45.89],[7.225,45.892],[7.222,45.889],[7.216,45.887],[7.2,45.876],[7.2,45.865]],[[7.962,46.031],[7.963,46.035],[7.962,46.037],[7.964,46.041],[7.962,46.051],[7.955,46.048],[7.956,46.046],[7.955,46.041],[7.962,46.031]],[[7.575,46.14],[7.576,46.146],[7.58,46.153],[7.578,46.156],[7.568,46.157],[7.574,46.148],[7.575,46.14]],[[7.568,46.121],[7.571,46.121],[7.573,46.123],[7.57,46.126],[7.576,46.132],[7.575,46.138],[7.569,46.137],[7.566,46.132],[7.568,46.121]],[[7.393,46.074],[7.388,46.072],[7.387,46.069],[7.393,46.074]],[[7.393,46.074],[7.394,46.07],[7.392,46.067],[7.393,46.056],[7.398,46.049],[7.403,46.036],[7.406,46.035],[7.409,46.036],[7.409,46.04],[7.405,46.049],[7.405,46.054],[7.402,46.056],[7.402,46.061],[7.399,46.067],[7.406,46.079],[7.402,46.081],[7.397,46.077],[7.393,46.079],[7.393,46.074]]],[[[7.345,46.0],[7.348,46.004],[7.349,46.0],[7.345,46.0]]],[[[7.342,46.022],[7.343,46.02],[7.342,46.019],[7.342,46.022]]],[[[7.978,46.774],[7.961,46.765],[7.958,46.77],[7.959,46.771],[7.967,46.772],[7.969,46.777],[7.976,46.781],[7.985,46.781],[7.99,46.783],[7.99,46.788],[7.992,46.79],[8.008,46.791],[8.018,46.798],[8.031,46.798],[8.041,46.8],[8.044,46.798],[8.051,46.8],[8.054,46.803],[8.058,46.801],[8.071,46.801],[8.077,46.803],[8.087,46.801],[8.095,46.805],[8.093,46.808],[8.104,46.808],[8.11,46.81],[8.112,46.807],[8.11,46.804],[8.107,46.803],[8.113,46.802],[8.119,46.805],[8.13,46.805],[8.134,46.803],[8.127,46.798],[8.108,46.796],[8.108,46.794],[8.113,46.791],[8.12,46.79],[8.108,46.787],[8.106,46.783],[8.106,46.78],[8.113,46.778],[8.115,46.776],[8.113,46.774],[8.103,46.774],[8.096,46.781],[8.087,46.787],[8.084,46.785],[8.067,46.788],[8.057,46.786],[8.054,46.788],[8.049,46.788],[8.044,46.784],[8.035,46.788],[8.018,46.789],[8.015,46.786],[8.012,46.787],[8.008,46.785],[8.007,46.781],[8.005,46.78],[7.995,46.782],[7.985,46.775],[7.978,46.774]]],[[[8.114,46.18],[8.109,46.179],[8.1,46.182],[8.098,46.185],[8.106,46.186],[8.119,46.191],[8.122,46.189],[8.114,46.18]]],[[[8.08,46.898],[8.068,46.892],[8.06,46.9],[8.063,46.904],[8.069,46.905],[8.075,46.901],[8.082,46.902],[8.08,46.904],[8.08,46.907],[8.088,46.914],[8.092,46.915],[8.094,46.913],[8.088,46.909],[8.09,46.907],[8.087,46.904],[8.087,46.902],[8.088,46.9],[8.092,46.901],[8.094,46.9],[8.094,46.895],[8.088,46.894],[8.083,46.898],[8.08,46.898]]],[[[7.957,46.819],[7.953,46.818],[7.951,46.822],[7.948,46.824],[7.953,46.826],[7.953,46.828],[7.95,46.831],[7.953,46.835],[7.95,46.838],[7.963,46.841],[7.965,46.842],[7.966,46.845],[7.972,46.842],[7.969,46.833],[7.963,46.825],[7.957,46.822],[7.957,46.819]]],[[[7.946,46.262],[7.944,46.261],[7.938,46.263],[7.937,46.269],[7.93,46.273],[7.932,46.275],[7.935,46.275],[7.94,46.271],[7.939,46.269],[7.946,46.264],[7.946,46.262]]],[[[7.931,46.745],[7.919,46.739],[7.918,46.743],[7.916,46.745],[7.913,46.745],[7.919,46.748],[7.923,46.748],[7.925,46.75],[7.929,46.75],[7.931,46.745]]],[[[7.897,46.787],[7.894,46.782],[7.891,46.784],[7.884,46.783],[7.882,46.784],[7.882,46.786],[7.872,46.786],[7.871,46.783],[7.867,46.782],[7.864,46.784],[7.863,46.788],[7.868,46.79],[7.884,46.792],[7.897,46.791],[7.9,46.793],[7.913,46.792],[7.916,46.79],[7.91,46.788],[7.904,46.789],[7.897,46.787]]],[[[7.654,46.647],[7.644,46.644],[7.634,46.647],[7.636,46.65],[7.644,46.65],[7.648,46.653],[7.651,46.652],[7.654,46.647]]],[[[7.591,46.591],[7.586,46.591],[7.582,46.595],[7.582,46.599],[7.59,46.6],[7.586,46.602],[7.582,46.607],[7.585,46.609],[7.595,46.604],[7.599,46.604],[7.595,46.607],[7.595,46.611],[7.604,46.611],[7.601,46.614],[7.607,46.62],[7.605,46.625],[7.615,46.627],[7.611,46.632],[7.608,46.633],[7.608,46.636],[7.618,46.635],[7.625,46.638],[7.635,46.637],[7.636,46.636],[7.631,46.632],[7.625,46.633],[7.621,46.63],[7.623,46.625],[7.617,46.623],[7.615,46.619],[7.612,46.619],[7.607,46.614],[7.61,46.609],[7.604,46.605],[7.6,46.598],[7.591,46.591]]],[[[7.53,46.582],[7.52,46.576],[7.518,46.578],[7.521,46.582],[7.516,46.584],[7.52,46.586],[7.523,46.59],[7.532,46.587],[7.532,46.584],[7.53,46.582]]],[[[7.499,46.708],[7.478,46.705],[7.474,46.708],[7.484,46.709],[7.488,46.707],[7.491,46.713],[7.493,46.71],[7.497,46.71],[7.499,46.708]]],[[[7.458,46.568],[7.442,46.558],[7.439,46.558],[7.438,46.56],[7.432,46.562],[7.423,46.569],[7.426,46.571],[7.432,46.568],[7.439,46.569],[7.445,46.574],[7.449,46.573],[7.452,46.576],[7.449,46.578],[7.452,46.579],[7.458,46.578],[7.461,46.576],[7.461,46.574],[7.465,46.573],[7.461,46.568],[7.458,46.568]]],[[[7.458,46.697],[7.452,46.696],[7.445,46.699],[7.432,46.7],[7.416,46.697],[7.407,46.701],[7.412,46.707],[7.417,46.706],[7.418,46.701],[7.426,46.701],[7.429,46.703],[7.428,46.708],[7.429,46.709],[7.433,46.708],[7.435,46.71],[7.439,46.707],[7.445,46.71],[7.452,46.709],[7.456,46.713],[7.458,46.712],[7.459,46.708],[7.452,46.705],[7.448,46.706],[7.447,46.704],[7.448,46.701],[7.452,46.702],[7.454,46.701],[7.453,46.699],[7.458,46.697]]],[[[7.426,46.591],[7.422,46.588],[7.419,46.591],[7.424,46.594],[7.426,46.607],[7.429,46.609],[7.432,46.605],[7.432,46.6],[7.43,46.596],[7.426,46.594],[7.426,46.591]]],[[[7.425,46.681],[7.419,46.68],[7.416,46.682],[7.409,46.682],[7.406,46.68],[7.404,46.681],[7.409,46.687],[7.412,46.685],[7.416,46.687],[7.422,46.687],[7.425,46.686],[7.425,46.681]]],[[[7.395,46.672],[7.393,46.67],[7.39,46.672],[7.386,46.671],[7.382,46.672],[7.38,46.675],[7.373,46.677],[7.383,46.677],[7.393,46.681],[7.399,46.677],[7.394,46.674],[7.395,46.672]]],[[[7.399,46.677],[7.4,46.679],[7.405,46.679],[7.403,46.676],[7.399,46.677]]],[[[7.399,46.677],[7.402,46.674],[7.399,46.674],[7.399,46.677]]],[[[7.366,46.438],[7.361,46.435],[7.354,46.439],[7.341,46.44],[7.331,46.445],[7.331,46.448],[7.336,46.447],[7.337,46.45],[7.345,46.452],[7.346,46.459],[7.344,46.459],[7.343,46.461],[7.344,46.464],[7.351,46.466],[7.359,46.463],[7.357,46.456],[7.362,46.45],[7.361,46.447],[7.356,46.443],[7.357,46.442],[7.364,46.445],[7.367,46.441],[7.366,46.438]]],[[[7.356,46.497],[7.344,46.491],[7.341,46.494],[7.336,46.495],[7.344,46.496],[7.347,46.499],[7.351,46.498],[7.354,46.502],[7.356,46.497]]],[[[7.337,46.638],[7.324,46.63],[7.321,46.632],[7.324,46.636],[7.321,46.637],[7.311,46.637],[7.308,46.635],[7.305,46.636],[7.299,46.643],[7.297,46.647],[7.298,46.649],[7.311,46.647],[7.31,46.656],[7.311,46.659],[7.315,46.66],[7.321,46.661],[7.324,46.658],[7.341,46.658],[7.344,46.66],[7.347,46.659],[7.352,46.654],[7.347,46.651],[7.341,46.65],[7.34,46.652],[7.344,46.654],[7.328,46.656],[7.321,46.655],[7.315,46.65],[7.312,46.65],[7.314,46.647],[7.328,46.648],[7.33,46.645],[7.332,46.645],[7.334,46.648],[7.335,46.647],[7.337,46.638]]],[[[7.298,46.157],[7.29,46.155],[7.287,46.158],[7.282,46.159],[7.282,46.162],[7.279,46.164],[7.287,46.167],[7.296,46.165],[7.3,46.162],[7.298,46.157]]],[[[7.289,46.543],[7.285,46.541],[7.282,46.545],[7.279,46.545],[7.272,46.542],[7.265,46.542],[7.263,46.54],[7.261,46.544],[7.279,46.549],[7.288,46.546],[7.289,46.543]]],[[[7.264,46.629],[7.249,46.625],[7.245,46.627],[7.246,46.629],[7.252,46.629],[7.258,46.632],[7.259,46.636],[7.262,46.637],[7.269,46.634],[7.264,46.629]]],[[[7.208,46.416],[7.197,46.427],[7.198,46.432],[7.204,46.432],[7.217,46.436],[7.219,46.434],[7.219,46.431],[7.247,46.434],[7.25,46.433],[7.252,46.429],[7.244,46.424],[7.24,46.426],[7.227,46.423],[7.218,46.418],[7.214,46.414],[7.208,46.416]]],[[[7.227,46.55],[7.219,46.548],[7.218,46.551],[7.219,46.553],[7.227,46.557],[7.235,46.56],[7.243,46.56],[7.244,46.562],[7.25,46.562],[7.251,46.56],[7.25,46.558],[7.246,46.556],[7.243,46.557],[7.24,46.554],[7.23,46.555],[7.227,46.55]]],[[[7.232,46.575],[7.217,46.576],[7.216,46.58],[7.236,46.581],[7.238,46.58],[7.232,46.575]]],[[[7.195,46.366],[7.185,46.364],[7.179,46.366],[7.18,46.368],[7.188,46.371],[7.189,46.373],[7.182,46.376],[7.172,46.376],[7.169,46.374],[7.156,46.375],[7.146,46.38],[7.136,46.38],[7.127,46.377],[7.106,46.377],[7.102,46.379],[7.107,46.382],[7.105,46.384],[7.108,46.388],[7.106,46.391],[7.107,46.392],[7.11,46.391],[7.123,46.394],[7.13,46.392],[7.133,46.398],[7.149,46.402],[7.153,46.399],[7.156,46.4],[7.159,46.398],[7.163,46.4],[7.169,46.398],[7.172,46.393],[7.185,46.394],[7.191,46.395],[7.197,46.402],[7.197,46.404],[7.201,46.406],[7.206,46.402],[7.2,46.4],[7.203,46.398],[7.203,46.395],[7.198,46.393],[7.201,46.391],[7.205,46.391],[7.206,46.389],[7.201,46.382],[7.205,46.379],[7.211,46.383],[7.218,46.384],[7.227,46.391],[7.231,46.392],[7.234,46.389],[7.233,46.384],[7.227,46.381],[7.214,46.369],[7.205,46.366],[7.198,46.368],[7.195,46.366]]],[[[7.203,46.456],[7.198,46.455],[7.191,46.458],[7.191,46.461],[7.198,46.46],[7.199,46.461],[7.195,46.463],[7.201,46.466],[7.204,46.465],[7.208,46.467],[7.21,46.465],[7.206,46.463],[7.203,46.456]]],[[[7.204,46.416],[7.205,46.418],[7.206,46.416],[7.205,46.413],[7.204,46.416]]],[[[7.191,46.438],[7.175,46.437],[7.17,46.44],[7.175,46.444],[7.18,46.445],[7.184,46.445],[7.185,46.443],[7.191,46.444],[7.193,46.447],[7.193,46.452],[7.195,46.452],[7.198,46.446],[7.206,46.445],[7.206,46.443],[7.204,46.442],[7.191,46.438]]],[[[7.175,46.535],[7.158,46.527],[7.149,46.529],[7.148,46.53],[7.149,46.533],[7.141,46.537],[7.145,46.542],[7.152,46.545],[7.155,46.543],[7.158,46.545],[7.162,46.542],[7.156,46.537],[7.158,46.536],[7.178,46.542],[7.182,46.541],[7.178,46.539],[7.175,46.535]]],[[[7.166,46.409],[7.1675,46.4105],[7.166,46.41],[7.162,46.416],[7.166,46.417],[7.1686666667,46.4116666667],[7.172,46.415],[7.177,46.413],[7.176,46.409],[7.172,46.405],[7.169,46.405],[7.166,46.409]]],[[[7.173,46.436],[7.162,46.435],[7.156,46.438],[7.159,46.442],[7.168,46.44],[7.164,46.438],[7.165,46.436],[7.169,46.439],[7.173,46.436]]],[[[7.129,46.519],[7.136,46.521],[7.138,46.517],[7.136,46.514],[7.129,46.519]]],[[[7.136,46.521],[7.132,46.53],[7.139,46.531],[7.148,46.528],[7.139,46.521],[7.136,46.521]]],[[[7.114,46.496],[7.106,46.495],[7.104,46.496],[7.104,46.499],[7.105,46.501],[7.113,46.501],[7.112,46.503],[7.113,46.505],[7.116,46.505],[7.124,46.501],[7.119,46.5],[7.114,46.496]]],[[[7.104,46.326],[7.075,46.322],[7.073,46.323],[7.073,46.325],[7.075,46.328],[7.078,46.328],[7.085,46.325],[7.085,46.328],[7.087,46.33],[7.082,46.331],[7.082,46.333],[7.098,46.331],[7.104,46.334],[7.116,46.334],[7.111,46.341],[7.118,46.341],[7.12,46.344],[7.121,46.343],[7.122,46.334],[7.119,46.332],[7.119,46.33],[7.113,46.328],[7.111,46.324],[7.11,46.328],[7.106,46.328],[7.104,46.326]]],[[[7.113,46.058],[7.109,46.056],[7.101,46.062],[7.103,46.065],[7.106,46.066],[7.11,46.062],[7.111,46.067],[7.113,46.067],[7.113,46.058]]],[[[7.003,46.374],[7.0,46.37],[6.991,46.374],[6.993,46.377],[6.991,46.381],[6.993,46.383],[6.997,46.381],[7.006,46.384],[7.008,46.386],[7.005,46.39],[7.006,46.392],[7.014,46.39],[7.014,46.393],[7.016,46.395],[7.019,46.395],[7.025,46.393],[7.026,46.391],[7.027,46.393],[7.024,46.397],[7.032,46.399],[7.039,46.399],[7.049,46.395],[7.058,46.398],[7.065,46.403],[7.07,46.402],[7.076,46.397],[7.062,46.395],[7.06,46.393],[7.061,46.39],[7.058,46.388],[7.043,46.393],[7.034,46.393],[7.032,46.39],[7.033,46.388],[7.028,46.384],[7.029,46.381],[7.017,46.379],[7.016,46.373],[7.003,46.374]]],[[[6.798,46.164],[6.801,46.164],[6.804,46.157],[6.808,46.157],[6.811,46.159],[6.817,46.157],[6.824,46.158],[6.827,46.156],[6.814,46.151],[6.814,46.149],[6.817,46.148],[6.827,46.15],[6.83,46.147],[6.834,46.15],[6.84,46.151],[6.846,46.15],[6.856,46.152],[6.858,46.151],[6.859,46.147],[6.863,46.147],[6.866,46.144],[6.871,46.145],[6.879,46.144],[6.881,46.145],[6.881,46.147],[6.889,46.158],[6.885,46.16],[6.885,46.162],[6.888,46.163],[6.889,46.165],[6.888,46.167],[6.892,46.169],[6.905,46.169],[6.903,46.172],[6.899,46.174],[6.899,46.176],[6.911,46.176],[6.919,46.181],[6.92,46.183],[6.917,46.185],[6.921,46.186],[6.923,46.183],[6.925,46.183],[6.929,46.185],[6.929,46.188],[6.931,46.188],[6.934,46.185],[6.939,46.185],[6.94,46.19],[6.938,46.192],[6.939,46.194],[6.934,46.199],[6.937,46.2],[6.94,46.198],[6.942,46.192],[6.946,46.19],[6.946,46.186],[6.953,46.187],[6.957,46.185],[6.959,46.187],[6.963,46.187],[6.97,46.185],[6.971,46.181],[6.966,46.18],[6.96,46.176],[6.962,46.174],[6.956,46.169],[6.96,46.169],[6.969,46.162],[6.973,46.165],[6.979,46.162],[6.983,46.163],[6.986,46.161],[6.999,46.159],[7.0,46.156],[6.999,46.151],[6.995,46.151],[6.992,46.153],[6.986,46.151],[6.973,46.151],[6.969,46.153],[6.965,46.152],[6.96,46.147],[6.952,46.143],[6.953,46.138],[6.957,46.138],[6.969,46.143],[6.976,46.144],[6.978,46.143],[6.979,46.14],[6.986,46.139],[6.989,46.136],[6.999,46.136],[7.006,46.134],[6.999,46.132],[6.996,46.129],[6.979,46.13],[6.976,46.128],[6.976,46.126],[6.979,46.129],[6.986,46.127],[6.983,46.121],[6.979,46.12],[6.982,46.118],[6.976,46.117],[6.97,46.119],[6.96,46.119],[6.953,46.116],[6.967,46.112],[6.972,46.109],[6.978,46.102],[6.964,46.098],[6.965,46.096],[6.963,46.095],[6.957,46.098],[6.96,46.095],[6.959,46.093],[6.954,46.091],[6.952,46.086],[6.956,46.084],[6.944,46.075],[6.941,46.075],[6.94,46.073],[6.944,46.068],[6.941,46.066],[6.937,46.068],[6.935,46.075],[6.928,46.074],[6.919,46.077],[6.917,46.084],[6.908,46.099],[6.908,46.091],[6.904,46.088],[6.905,46.086],[6.912,46.085],[6.915,46.081],[6.918,46.08],[6.917,46.077],[6.914,46.075],[6.915,46.072],[6.929,46.066],[6.925,46.062],[6.918,46.062],[6.915,46.06],[6.915,46.057],[6.906,46.051],[6.899,46.048],[6.895,46.048],[6.89,46.044],[6.88,46.044],[6.877,46.046],[6.873,46.046],[6.867,46.05],[6.867,46.052],[6.87,46.054],[6.871,46.059],[6.874,46.061],[6.874,46.066],[6.883,46.072],[6.887,46.073],[6.886,46.084],[6.883,46.086],[6.883,46.097],[6.886,46.099],[6.886,46.102],[6.89,46.104],[6.889,46.106],[6.893,46.109],[6.892,46.125],[6.856,46.124],[6.853,46.127],[6.843,46.129],[6.841,46.131],[6.814,46.131],[6.808,46.135],[6.801,46.136],[6.798,46.135],[6.795,46.137],[6.796,46.14],[6.793,46.142],[6.793,46.146],[6.789,46.149],[6.789,46.153],[6.793,46.158],[6.799,46.16],[6.797,46.162],[6.798,46.164]]],[[[6.827,46.156],[6.826,46.158],[6.828,46.158],[6.827,46.156]]],[[[6.801,46.164],[6.802,46.169],[6.798,46.173],[6.804,46.178],[6.806,46.178],[6.805,46.18],[6.808,46.182],[6.808,46.191],[6.805,46.194],[6.805,46.198],[6.802,46.2],[6.802,46.205],[6.81,46.209],[6.817,46.206],[6.822,46.21],[6.826,46.208],[6.83,46.213],[6.839,46.213],[6.843,46.211],[6.843,46.214],[6.846,46.216],[6.847,46.212],[6.852,46.207],[6.851,46.205],[6.845,46.203],[6.846,46.201],[6.858,46.198],[6.835,46.192],[6.834,46.189],[6.826,46.189],[6.843,46.183],[6.851,46.183],[6.845,46.178],[6.843,46.174],[6.836,46.177],[6.824,46.176],[6.824,46.173],[6.827,46.174],[6.829,46.171],[6.824,46.168],[6.82,46.17],[6.814,46.166],[6.801,46.164]]],[[[6.991,46.435],[6.987,46.434],[6.98,46.436],[6.977,46.434],[6.975,46.435],[6.98,46.441],[6.983,46.439],[6.99,46.441],[6.995,46.44],[6.99,46.437],[6.991,46.435]]],[[[6.798,46.333],[6.789,46.331],[6.784,46.333],[6.784,46.335],[6.78,46.337],[6.783,46.343],[6.779,46.343],[6.771,46.349],[6.773,46.353],[6.776,46.352],[6.779,46.353],[6.783,46.351],[6.789,46.353],[6.793,46.349],[6.791,46.347],[6.792,46.346],[6.802,46.346],[6.809,46.343],[6.818,46.345],[6.827,46.342],[6.812,46.339],[6.809,46.337],[6.799,46.336],[6.798,46.333]]]]},"properties":{"value":20,"fill":"#99F0B2","zIndex":2},"id":"1"},{"type":"Feature","geometry":{"type":"MultiPolygon","coordinates":[[[[10.483,46.587],[10.482,46.58],[10.47,46.582],[10.458,46.587],[10.46,46.59],[10.463,46.588],[10.467,46.589],[10.476,46.586],[10.483,46.587]]],[[[10.467,46.544],[10.457,46.543],[10.452,46.547],[10.453,46.549],[10.451,46.551],[10.446,46.554],[10.455,46.555],[10.458,46.549],[10.461,46.551],[10.464,46.55],[10.468,46.546],[10.467,46.544]]],[[[9.805,46.695],[9.815,46.696],[9.821,46.692],[9.821,46.689],[9.828,46.689],[9.835,46.691],[9.838,46.694],[9.84,46.694],[9.841,46.697],[9.851,46.702],[9.855,46.7],[9.861,46.7],[9.864,46.695],[9.874,46.705],[9.884,46.695],[9.894,46.695],[9.891,46.698],[9.891,46.7],[9.899,46.704],[9.901,46.707],[9.894,46.705],[9.89,46.709],[9.894,46.711],[9.881,46.716],[9.882,46.718],[9.878,46.721],[9.878,46.723],[9.878481481481483,46.72492592592593],[9.872,46.724],[9.865,46.725],[9.877,46.727],[9.8786,46.7254],[9.879,46.727],[9.885,46.729],[9.889,46.736],[9.896,46.738],[9.898,46.733],[9.902,46.731],[9.901,46.729],[9.906,46.724],[9.918,46.718],[9.915,46.715],[9.917,46.711],[9.914,46.708],[9.914,46.706],[9.91,46.704],[9.914,46.703],[9.917,46.704],[9.92,46.708],[9.93,46.711],[9.937,46.709],[9.94,46.71],[9.947,46.713],[9.95,46.717],[9.959,46.714],[9.95957142857143,46.714285714285715],[9.957,46.716],[9.955,46.721],[9.952,46.721],[9.95,46.719],[9.936,46.728],[9.935,46.73],[9.941,46.733],[9.941,46.735],[9.938,46.737],[9.935,46.735],[9.931,46.735],[9.929,46.737],[9.934,46.742],[9.925,46.745],[9.922,46.749],[9.923,46.756],[9.917,46.76],[9.918,46.765],[9.92,46.766],[9.923,46.763],[9.924,46.764],[9.921,46.767],[9.921,46.769],[9.919,46.769],[9.919,46.767],[9.916,46.765],[9.91,46.769],[9.905,46.774],[9.908,46.776],[9.9,46.783],[9.899,46.785],[9.901,46.787],[9.907,46.782],[9.911,46.783],[9.916,46.78],[9.914,46.778],[9.911,46.778],[9.914,46.777],[9.921,46.78],[9.921,46.778],[9.926,46.776],[9.923,46.775],[9.923,46.772],[9.927,46.77],[9.933,46.773],[9.949,46.759],[9.952,46.762],[9.948,46.768],[9.948,46.775],[9.944,46.782],[9.94,46.784],[9.944,46.789],[9.943,46.791],[9.938,46.793],[9.936,46.796],[9.929,46.8],[9.927,46.803],[9.929,46.805],[9.928,46.806],[9.925,46.804],[9.921,46.805],[9.917,46.81],[9.915,46.81],[9.905,46.817],[9.899,46.818],[9.893,46.822],[9.886,46.823],[9.883,46.826],[9.884,46.834],[9.887,46.831],[9.895,46.83],[9.9,46.824],[9.903,46.824],[9.909,46.82],[9.916,46.82],[9.919,46.823],[9.917,46.832],[9.904,46.84],[9.897,46.841],[9.893,46.844],[9.897,46.846],[9.904,46.845],[9.907,46.843],[9.909,46.846],[9.915,46.846],[9.917,46.843],[9.924,46.843],[9.923,46.846],[9.927,46.848],[9.93,46.848],[9.932,46.845],[9.938,46.845],[9.94,46.848],[9.943,46.847],[9.942,46.845],[9.945,46.843],[9.946,46.84],[9.941,46.836],[9.956,46.831],[9.968,46.821],[9.972,46.82],[9.975,46.816],[9.976,46.813],[9.974,46.811],[9.968,46.815],[9.964,46.811],[9.961,46.812],[9.959,46.809],[9.961,46.808],[9.968,46.811],[9.972,46.808],[9.973,46.799],[9.968,46.797],[9.97,46.794],[9.973,46.793],[9.969,46.79],[9.97,46.789],[9.974,46.793],[9.975,46.799],[9.979,46.804],[9.983,46.806],[9.996,46.806],[10.013,46.802],[10.018,46.803],[10.011,46.81],[10.014,46.812],[10.007,46.812],[10.001,46.814],[10.006,46.821],[10.011,46.822],[10.015,46.825],[10.006,46.826],[9.997,46.823],[9.991,46.823],[9.986,46.828],[9.99,46.833],[9.985,46.833],[9.979,46.84],[9.986,46.842],[9.979,46.846],[9.98,46.849],[9.979,46.851],[9.975,46.851],[9.984,46.853],[9.989,46.845],[9.991,46.846],[9.991,46.851],[9.996,46.852],[9.999,46.85],[9.998,46.853],[10.003,46.854],[10.006,46.852],[10.007,46.853],[10.004,46.855],[10.013,46.857],[10.016,46.855],[10.014,46.852],[10.017,46.848],[10.015,46.846],[10.019,46.847],[10.021,46.845],[10.029,46.845],[10.045,46.849],[10.049,46.852],[10.032,46.854],[10.037,46.856],[10.036,46.859],[10.031,46.861],[10.033,46.865],[10.031,46.868],[10.034,46.87],[10.03,46.875],[10.02,46.873],[10.017,46.876],[10.012,46.877],[10.011,46.879],[10.014,46.881],[10.02,46.882],[10.027,46.886],[10.031,46.886],[10.03,46.888],[10.034,46.889],[10.043,46.881],[10.047,46.882],[10.05,46.88],[10.052,46.866],[10.056,46.864],[10.082,46.863],[10.088,46.861],[10.09,46.86],[10.09,46.857],[10.093,46.855],[10.093,46.853],[10.097,46.85],[10.097,46.848],[10.107,46.842],[10.11,46.845],[10.12,46.849],[10.14,46.848],[10.147,46.853],[10.153,46.853],[10.156,46.851],[10.163,46.85],[10.174,46.858],[10.18,46.859],[10.194,46.868],[10.21,46.867],[10.213,46.87],[10.23,46.869],[10.231,46.877],[10.238,46.879],[10.238,46.885],[10.234,46.886],[10.229,46.89],[10.229,46.895],[10.226,46.897],[10.233,46.901],[10.235,46.905],[10.24,46.906],[10.24,46.921],[10.243,46.931],[10.256,46.929],[10.263,46.93],[10.275,46.926],[10.282,46.926],[10.285,46.924],[10.296,46.924],[10.298,46.926],[10.311,46.925],[10.313,46.926],[10.313,46.929],[10.318,46.929],[10.32,46.931],[10.32,46.935],[10.322,46.937],[10.319,46.939],[10.315,46.938],[10.307,46.94],[10.308,46.949],[10.313,46.952],[10.319,46.952],[10.326,46.956],[10.335,46.957],[10.335,46.977],[10.339,46.98],[10.339,46.982],[10.349,46.984],[10.349,46.988],[10.353,46.991],[10.374,46.991],[10.376,46.992],[10.376,46.997],[10.381,47.0],[10.391,47.0],[10.396,46.998],[10.398,46.996],[10.397,46.994],[10.401,46.994],[10.403,46.989],[10.402,46.987],[10.397,46.984],[10.39,46.988],[10.384,46.988],[10.384,46.985],[10.38,46.983],[10.377,46.984],[10.37,46.982],[10.37,46.98],[10.383,46.977],[10.384,46.976],[10.383,46.974],[10.376,46.971],[10.373,46.972],[10.363,46.971],[10.357,46.973],[10.355,46.966],[10.349,46.964],[10.353,46.962],[10.353,46.96],[10.349,46.955],[10.332,46.949],[10.326,46.95],[10.324,46.948],[10.319,46.948],[10.317,46.946],[10.324,46.942],[10.323,46.937],[10.325,46.936],[10.328,46.935],[10.332,46.939],[10.336,46.937],[10.334,46.935],[10.334,46.923],[10.337,46.92],[10.339,46.921],[10.341,46.926],[10.346,46.925],[10.343,46.928],[10.348,46.929],[10.349,46.934],[10.351,46.935],[10.352,46.928],[10.348,46.925],[10.349,46.921],[10.347,46.92],[10.346,46.914],[10.347,46.913],[10.36,46.916],[10.363,46.913],[10.37,46.912],[10.367,46.918],[10.373,46.922],[10.376,46.927],[10.374,46.929],[10.378,46.931],[10.378,46.934],[10.381,46.936],[10.387,46.931],[10.38,46.921],[10.379,46.913],[10.383,46.913],[10.386,46.911],[10.39,46.915],[10.398,46.915],[10.393,46.92],[10.398,46.924],[10.4,46.925],[10.403,46.921],[10.407,46.923],[10.409,46.935],[10.411,46.936],[10.413,46.927],[10.417,46.929],[10.42,46.927],[10.424,46.934],[10.433,46.934],[10.435,46.937],[10.433,46.939],[10.437,46.941],[10.442,46.936],[10.439,46.934],[10.443,46.936],[10.455,46.932],[10.451,46.929],[10.446,46.928],[10.436,46.929],[10.43,46.921],[10.426,46.921],[10.419,46.917],[10.419,46.912],[10.422,46.91],[10.417,46.908],[10.421,46.905],[10.42,46.903],[10.415,46.904],[10.412,46.902],[10.409,46.906],[10.405,46.906],[10.407,46.904],[10.407,46.901],[10.399,46.898],[10.396,46.901],[10.392,46.893],[10.392,46.89],[10.388,46.892],[10.382,46.891],[10.379,46.892],[10.374,46.886],[10.376,46.882],[10.375,46.88],[10.372,46.88],[10.37,46.873],[10.368,46.871],[10.368,46.882],[10.355,46.885],[10.354,46.887],[10.355,46.89],[10.362,46.893],[10.364,46.896],[10.359,46.897],[10.356,46.901],[10.346,46.903],[10.336,46.902],[10.327,46.908],[10.314,46.907],[10.311,46.908],[10.31,46.911],[10.312,46.913],[10.321,46.914],[10.321,46.921],[10.308,46.923],[10.302,46.922],[10.298,46.913],[10.291,46.914],[10.287,46.911],[10.287,46.907],[10.28,46.902],[10.294,46.905],[10.297,46.904],[10.301,46.9],[10.302,46.893],[10.296,46.889],[10.29,46.89],[10.286,46.888],[10.28,46.889],[10.281,46.882],[10.274,46.878],[10.271,46.873],[10.271,46.871],[10.277,46.871],[10.278,46.869],[10.277,46.866],[10.272,46.865],[10.269,46.862],[10.275,46.861],[10.282,46.863],[10.285,46.866],[10.295,46.858],[10.296,46.861],[10.292,46.866],[10.295,46.868],[10.298,46.867],[10.3,46.866],[10.301,46.862],[10.306,46.861],[10.301,46.854],[10.307,46.848],[10.311,46.848],[10.311,46.845],[10.308,46.845],[10.298,46.851],[10.284,46.851],[10.284,46.845],[10.291,46.844],[10.292,46.841],[10.284,46.84],[10.281,46.842],[10.279,46.839],[10.274,46.838],[10.271,46.842],[10.264,46.836],[10.258,46.839],[10.254,46.836],[10.256,46.833],[10.253,46.831],[10.255,46.829],[10.255,46.826],[10.25,46.828],[10.248,46.827],[10.247,46.821],[10.236,46.822],[10.234,46.826],[10.231,46.822],[10.227,46.823],[10.226,46.825],[10.217,46.83],[10.216,46.832],[10.219,46.834],[10.207,46.843],[10.21,46.848],[10.219,46.849],[10.229,46.857],[10.234,46.858],[10.233,46.861],[10.229,46.863],[10.224,46.856],[10.219,46.854],[10.216,46.855],[10.206,46.851],[10.199,46.856],[10.198,46.853],[10.2,46.848],[10.189,46.838],[10.18,46.84],[10.169,46.84],[10.172,46.837],[10.172,46.835],[10.175,46.835],[10.182,46.831],[10.192,46.83],[10.194,46.828],[10.188,46.825],[10.184,46.819],[10.185,46.817],[10.18,46.815],[10.182,46.81],[10.181,46.807],[10.177,46.81],[10.173,46.808],[10.174,46.813],[10.17,46.813],[10.169,46.808],[10.164,46.805],[10.162,46.808],[10.162,46.813],[10.158,46.813],[10.156,46.815],[10.156,46.82],[10.152,46.824],[10.136,46.83],[10.132,46.828],[10.129,46.829],[10.128,46.832],[10.126,46.833],[10.124,46.832],[10.128,46.825],[10.126,46.821],[10.133,46.807],[10.131,46.804],[10.128,46.805],[10.125,46.802],[10.124,46.796],[10.114,46.792],[10.109,46.794],[10.106,46.799],[10.102,46.8],[10.1,46.803],[10.102,46.805],[10.094,46.812],[10.094,46.817],[10.098,46.819],[10.096,46.821],[10.093,46.822],[10.089,46.82],[10.088,46.817],[10.084,46.817],[10.082,46.824],[10.089,46.83],[10.087,46.831],[10.086,46.828],[10.08,46.826],[10.078,46.822],[10.079,46.819],[10.083,46.816],[10.083,46.814],[10.078,46.81],[10.08,46.808],[10.08,46.792],[10.082,46.792],[10.084,46.788],[10.081,46.784],[10.075,46.783],[10.058,46.789],[10.053,46.786],[10.057,46.779],[10.068,46.774],[10.069,46.772],[10.067,46.768],[10.057,46.769],[10.051,46.766],[10.041,46.768],[10.038,46.767],[10.031,46.769],[10.025,46.774],[10.015,46.776],[10.006,46.782],[10.0,46.781],[9.998,46.778],[10.012,46.769],[10.016,46.765],[10.015,46.762],[9.998,46.762],[9.995,46.758],[9.985,46.752],[9.978,46.752],[9.978,46.754],[9.972,46.758],[9.972,46.751],[9.955,46.752],[9.95,46.75],[9.951,46.748],[9.958,46.747],[9.964,46.743],[9.978,46.744],[9.98,46.741],[9.978,46.729],[9.961500000000008,46.715250000000005],[9.963,46.716],[9.966,46.712],[9.98,46.717],[9.986,46.716],[9.991,46.72],[9.993,46.727],[10.003,46.725],[10.005,46.727],[10.005,46.729],[9.999,46.731],[9.998,46.736],[10.0,46.738],[10.004,46.738],[10.011,46.735],[10.013,46.738],[10.008,46.74],[10.009,46.742],[10.008,46.745],[10.012,46.747],[10.015,46.747],[10.014,46.742],[10.019,46.738],[10.016,46.735],[10.023,46.737],[10.023,46.741],[10.028,46.737],[10.033,46.736],[10.037,46.737],[10.038,46.739],[10.036,46.741],[10.035,46.739],[10.03,46.738],[10.025,46.742],[10.027,46.742],[10.028,46.746],[10.03,46.747],[10.037,46.747],[10.04,46.744],[10.05,46.743],[10.051,46.741],[10.044,46.739],[10.047,46.735],[10.047,46.732],[10.036,46.729],[10.029,46.73],[10.024,46.726],[10.026,46.721],[10.03,46.722],[10.034,46.717],[10.024,46.713],[10.022,46.71],[10.028,46.707],[10.032,46.707],[10.037,46.71],[10.041,46.709],[10.049,46.712],[10.05,46.708],[10.053,46.707],[10.059,46.71],[10.056,46.701],[10.047,46.697],[10.04,46.701],[10.042,46.703],[10.038,46.706],[10.04,46.703],[10.031,46.7],[10.03,46.699],[10.032,46.694],[10.027,46.689],[10.021,46.688],[10.023,46.686],[10.021,46.684],[10.014,46.683],[10.008,46.685],[9.993,46.682],[9.997,46.678],[10.001,46.677],[10.004,46.674],[10.007,46.674],[10.014,46.668],[10.01,46.667],[9.997,46.674],[9.991,46.674],[9.988,46.676],[9.978,46.676],[9.976,46.673],[9.981,46.669],[9.984,46.669],[9.982,46.666],[9.987,46.666],[9.991,46.662],[9.991,46.659],[9.993,46.657],[9.98,46.659],[9.979,46.66],[9.981,46.662],[9.977,46.663],[9.974,46.661],[9.955,46.669],[9.948,46.668],[9.942,46.671],[9.938,46.671],[9.936,46.674],[9.947,46.678],[9.949,46.681],[9.939,46.682],[9.929,46.68],[9.925,46.681],[9.926,46.684],[9.921,46.683],[9.916,46.687],[9.913,46.679],[9.889,46.673],[9.882,46.673],[9.88,46.676],[9.878,46.671],[9.88,46.669],[9.876,46.667],[9.873,46.669],[9.875,46.664],[9.869,46.653],[9.866,46.651],[9.863,46.655],[9.867,46.658],[9.858,46.66],[9.859,46.662],[9.856,46.665],[9.86,46.665],[9.863,46.662],[9.864,46.664],[9.862,46.667],[9.867,46.669],[9.861,46.673],[9.86,46.676],[9.857,46.678],[9.857,46.681],[9.859,46.683],[9.864,46.684],[9.866,46.682],[9.875,46.682],[9.87,46.685],[9.854,46.685],[9.854,46.688],[9.858,46.692],[9.854,46.692],[9.844,46.683],[9.834,46.678],[9.824,46.677],[9.824,46.674],[9.811,46.668],[9.811,46.664],[9.807,46.665],[9.806,46.668],[9.811,46.673],[9.814,46.674],[9.816,46.679],[9.818,46.679],[9.819,46.683],[9.814,46.688],[9.806,46.69],[9.803,46.693],[9.805,46.695]],[[9.999,46.85],[10.0,46.846],[10.005,46.846],[9.999,46.85]],[[10.184,46.819],[10.181,46.82],[10.181,46.818],[10.184,46.819]]],[[[9.802,46.696],[9.805,46.695],[9.802,46.694],[9.802,46.696]]],[[[10.027,46.886],[10.024,46.888],[10.014,46.887],[10.011,46.889],[10.007,46.885],[10.004,46.886],[10.001,46.881],[9.997,46.878],[9.999,46.875],[9.997,46.874],[9.975,46.873],[9.968,46.88],[9.96,46.881],[9.958,46.879],[9.957,46.881],[9.951,46.882],[9.945,46.886],[9.935,46.882],[9.932,46.884],[9.922,46.885],[9.918,46.888],[9.916,46.892],[9.91,46.895],[9.913,46.899],[9.916,46.896],[9.917,46.897],[9.915,46.9],[9.919,46.901],[9.921,46.899],[9.929,46.9],[9.936,46.898],[9.956,46.899],[9.962,46.898],[9.978,46.89],[9.985,46.892],[9.986,46.894],[9.985,46.895],[9.978,46.895],[9.974,46.903],[9.975,46.905],[9.972,46.904],[9.965,46.907],[9.968,46.912],[9.955,46.912],[9.956,46.915],[9.966,46.915],[9.976,46.91],[9.979,46.91],[9.989,46.903],[10.001,46.899],[10.005,46.898],[10.008,46.9],[10.021,46.901],[10.032,46.89],[10.027,46.886]]],[[[10.43,46.788],[10.428,46.784],[10.419,46.793],[10.42,46.795],[10.426,46.799],[10.431,46.799],[10.431,46.804],[10.433,46.807],[10.439,46.805],[10.446,46.808],[10.446,46.803],[10.427,46.791],[10.43,46.788]]],[[[10.433,46.754],[10.428,46.752],[10.425,46.755],[10.42,46.766],[10.421,46.767],[10.432,46.763],[10.436,46.763],[10.438,46.766],[10.434,46.766],[10.428,46.772],[10.425,46.773],[10.434,46.773],[10.436,46.775],[10.435,46.777],[10.438,46.778],[10.438,46.775],[10.442,46.772],[10.442,46.754],[10.433,46.754]]],[[[10.406,46.55],[10.386,46.55],[10.383,46.553],[10.379,46.553],[10.38,46.558],[10.383,46.559],[10.386,46.558],[10.386,46.555],[10.39,46.556],[10.396,46.554],[10.402,46.557],[10.398,46.562],[10.41,46.565],[10.412,46.564],[10.413,46.559],[10.419,46.556],[10.424,46.557],[10.422,46.553],[10.409,46.552],[10.406,46.55]]],[[[10.41,46.708],[10.398,46.706],[10.388,46.707],[10.379,46.713],[10.374,46.713],[10.371,46.716],[10.361,46.72],[10.36,46.725],[10.366,46.723],[10.382,46.724],[10.405,46.722],[10.406,46.727],[10.395,46.733],[10.377,46.735],[10.374,46.738],[10.374,46.743],[10.37,46.743],[10.368,46.745],[10.361,46.747],[10.351,46.746],[10.338,46.74],[10.333,46.741],[10.329,46.744],[10.334,46.746],[10.338,46.745],[10.34,46.75],[10.336,46.755],[10.326,46.761],[10.324,46.764],[10.326,46.765],[10.335,46.761],[10.335,46.764],[10.346,46.763],[10.346,46.766],[10.343,46.77],[10.353,46.776],[10.358,46.772],[10.356,46.768],[10.362,46.765],[10.385,46.764],[10.393,46.769],[10.391,46.771],[10.392,46.772],[10.405,46.769],[10.408,46.762],[10.404,46.76],[10.401,46.761],[10.397,46.758],[10.401,46.755],[10.401,46.753],[10.398,46.751],[10.4,46.748],[10.407,46.754],[10.415,46.744],[10.401,46.735],[10.417,46.723],[10.416,46.717],[10.413,46.714],[10.413,46.71],[10.41,46.708]]],[[[10.394,46.64],[10.385,46.643],[10.391,46.646],[10.398,46.646],[10.399,46.641],[10.404,46.638],[10.401,46.636],[10.397,46.636],[10.394,46.64]]],[[[10.389,46.659],[10.378,46.659],[10.38,46.664],[10.383,46.666],[10.379,46.667],[10.376,46.666],[10.367,46.671],[10.366,46.673],[10.368,46.677],[10.387,46.677],[10.387,46.675],[10.391,46.672],[10.39,46.665],[10.394,46.663],[10.389,46.659]]],[[[10.381,46.643],[10.388,46.641],[10.388,46.638],[10.381,46.637],[10.377,46.639],[10.381,46.643]]],[[[10.338,46.564],[10.341,46.563],[10.338,46.562],[10.338,46.564]]],[[[10.341,46.563],[10.344,46.564],[10.348,46.564],[10.351,46.562],[10.357,46.564],[10.36,46.563],[10.362,46.56],[10.354,46.56],[10.351,46.556],[10.349,46.556],[10.34,46.561],[10.341,46.563]]],[[[10.357,46.585],[10.349,46.584],[10.346,46.587],[10.333,46.589],[10.317,46.595],[10.322,46.597],[10.324,46.6],[10.323,46.602],[10.327,46.603],[10.329,46.602],[10.33,46.597],[10.344,46.59],[10.357,46.588],[10.357,46.585]]],[[[10.299,46.572],[10.302,46.571],[10.299,46.565],[10.296,46.564],[10.299,46.564],[10.299,46.561],[10.297,46.56],[10.302,46.557],[10.308,46.559],[10.311,46.557],[10.318,46.558],[10.322,46.563],[10.334,46.555],[10.347,46.556],[10.348,46.552],[10.341,46.545],[10.337,46.544],[10.33,46.55],[10.324,46.552],[10.318,46.55],[10.298,46.55],[10.295,46.56],[10.291,46.562],[10.288,46.567],[10.289,46.569],[10.299,46.572]]],[[[10.323,46.66],[10.314,46.661],[10.307,46.666],[10.301,46.662],[10.297,46.663],[10.297,46.666],[10.301,46.67],[10.303,46.677],[10.295,46.678],[10.29,46.682],[10.285,46.681],[10.282,46.685],[10.276,46.681],[10.272,46.682],[10.27,46.684],[10.276,46.687],[10.276,46.69],[10.273,46.692],[10.265,46.684],[10.264,46.678],[10.262,46.677],[10.261,46.682],[10.242,46.69],[10.247,46.694],[10.256,46.692],[10.266,46.694],[10.269,46.696],[10.267,46.696],[10.264,46.7],[10.267,46.701],[10.278,46.698],[10.279,46.692],[10.293,46.694],[10.295,46.688],[10.299,46.688],[10.308,46.684],[10.312,46.685],[10.312,46.683],[10.315,46.682],[10.325,46.684],[10.328,46.687],[10.33,46.687],[10.327,46.69],[10.329,46.693],[10.341,46.692],[10.344,46.689],[10.344,46.687],[10.332,46.685],[10.333,46.683],[10.327,46.676],[10.318,46.673],[10.313,46.667],[10.314,46.666],[10.317,46.668],[10.321,46.668],[10.327,46.665],[10.323,46.663],[10.323,46.66]]],[[[10.315,46.607],[10.304,46.606],[10.295,46.609],[10.3,46.612],[10.308,46.614],[10.314,46.611],[10.315,46.607]]],[[[10.291,46.621],[10.285,46.62],[10.279,46.623],[10.277,46.628],[10.281,46.628],[10.285,46.625],[10.289,46.627],[10.292,46.626],[10.293,46.625],[10.291,46.621]]],[[[10.286,46.571],[10.273,46.576],[10.269,46.579],[10.274,46.583],[10.277,46.58],[10.283,46.581],[10.287,46.58],[10.291,46.576],[10.291,46.574],[10.286,46.571]]],[[[10.265,46.732],[10.262,46.735],[10.253,46.739],[10.256,46.742],[10.262,46.741],[10.265,46.738],[10.266,46.741],[10.264,46.745],[10.266,46.747],[10.27,46.745],[10.271,46.738],[10.265,46.732]]],[[[10.217,46.683],[10.214,46.683],[10.213,46.688],[10.217,46.69],[10.218,46.695],[10.211,46.695],[10.209,46.697],[10.198,46.698],[10.19,46.695],[10.188,46.699],[10.169,46.702],[10.165,46.703],[10.164,46.705],[10.165,46.707],[10.176,46.708],[10.182,46.713],[10.186,46.714],[10.191,46.713],[10.192,46.708],[10.195,46.71],[10.212,46.71],[10.213,46.713],[10.207,46.715],[10.201,46.727],[10.203,46.728],[10.21,46.726],[10.216,46.73],[10.222,46.729],[10.223,46.728],[10.219,46.728],[10.216,46.724],[10.221,46.722],[10.212,46.721],[10.212,46.717],[10.229,46.712],[10.225,46.709],[10.218,46.708],[10.218,46.706],[10.224,46.7],[10.239,46.699],[10.243,46.696],[10.239,46.692],[10.23,46.691],[10.227,46.687],[10.22,46.686],[10.217,46.683]]],[[[10.18,46.716],[10.169,46.716],[10.161,46.718],[10.16,46.72],[10.156,46.721],[10.16,46.725],[10.17,46.724],[10.172,46.72],[10.18,46.722],[10.183,46.72],[10.18,46.716]]],[[[10.143,46.718],[10.14,46.715],[10.137,46.715],[10.127,46.718],[10.114,46.727],[10.125,46.737],[10.13,46.737],[10.131,46.739],[10.137,46.732],[10.145,46.732],[10.148,46.735],[10.154,46.737],[10.174,46.734],[10.167,46.729],[10.157,46.727],[10.147,46.717],[10.143,46.718]]],[[[10.174,46.734],[10.171,46.736],[10.174,46.74],[10.177,46.738],[10.177,46.735],[10.174,46.734]]],[[[10.137,46.611],[10.118,46.608],[10.113,46.612],[10.12,46.616],[10.125,46.617],[10.129,46.616],[10.129,46.613],[10.131,46.612],[10.134,46.613],[10.135,46.616],[10.138,46.616],[10.14,46.618],[10.152,46.62],[10.152,46.617],[10.141,46.61],[10.137,46.611]]],[[[10.116,46.424],[10.109,46.419],[10.099,46.423],[10.106,46.428],[10.116,46.428],[10.117,46.427],[10.116,46.424]]],[[[10.1,46.61],[10.098,46.602],[10.097,46.603],[10.098,46.605],[10.097,46.607],[10.092,46.611],[10.088,46.612],[10.096,46.614],[10.103,46.621],[10.11,46.625],[10.112,46.623],[10.114,46.616],[10.113,46.614],[10.1,46.61]]],[[[10.095,46.628],[10.093,46.624],[10.09,46.626],[10.091,46.632],[10.104,46.642],[10.104,46.639],[10.098,46.63],[10.095,46.628]]],[[[10.087,46.628],[10.067,46.628],[10.074,46.633],[10.078,46.633],[10.08,46.631],[10.083,46.632],[10.087,46.628]]],[[[10.036,46.55],[10.03,46.55],[10.021,46.555],[10.024,46.557],[10.031,46.557],[10.04,46.553],[10.036,46.55]]],[[[10.04,46.553],[10.036,46.557],[10.044,46.557],[10.046,46.555],[10.044,46.553],[10.04,46.553]]],[[[10.04,46.553],[10.046,46.55],[10.054,46.553],[10.064,46.552],[10.057,46.547],[10.051,46.546],[10.043,46.537],[10.041,46.539],[10.04,46.544],[10.042,46.546],[10.039,46.55],[10.04,46.553]]],[[[10.046,46.512],[10.042,46.508],[10.029,46.514],[10.026,46.517],[10.029,46.521],[10.032,46.522],[10.039,46.52],[10.046,46.522],[10.049,46.521],[10.05,46.516],[10.048,46.516],[10.046,46.512]]],[[[10.043,46.444],[10.042,46.443],[10.038,46.444],[10.035,46.448],[10.023,46.453],[10.008,46.456],[10.014,46.461],[10.02,46.461],[10.023,46.462],[10.025,46.465],[10.033,46.466],[10.036,46.463],[10.046,46.461],[10.047,46.458],[10.043,46.456],[10.043,46.453],[10.039,46.451],[10.04,46.447],[10.043,46.444]]],[[[10.045,46.501],[10.044,46.486],[10.037,46.489],[10.041,46.492],[10.037,46.496],[10.038,46.499],[10.042,46.501],[10.045,46.501]]],[[[9.947,46.496],[9.953,46.498],[9.953,46.5],[9.964,46.498],[9.965,46.493],[9.968,46.491],[9.963,46.487],[9.965,46.484],[9.97,46.484],[9.972,46.487],[9.979,46.486],[9.985,46.483],[9.988,46.484],[9.995,46.481],[9.995,46.484],[10.001,46.484],[10.008,46.488],[10.021,46.485],[10.024,46.483],[10.037,46.481],[10.04,46.483],[10.041,46.487],[10.041,46.483],[10.044,46.482],[10.045,46.48],[10.045,46.478],[10.043,46.477],[10.04,46.479],[10.037,46.476],[10.007,46.479],[9.998,46.476],[9.991,46.479],[9.978,46.479],[9.978,46.475],[9.981,46.474],[9.988,46.476],[9.991,46.475],[9.988,46.471],[9.981,46.473],[9.972,46.464],[9.961,46.466],[9.952,46.471],[9.95,46.474],[9.955,46.474],[9.959,46.478],[9.962,46.477],[9.963,46.478],[9.957,46.489],[9.961,46.491],[9.961,46.494],[9.958,46.494],[9.956,46.49],[9.953,46.49],[9.947,46.496]]],[[[9.947,46.496],[9.94,46.497],[9.929,46.503],[9.931,46.506],[9.934,46.503],[9.937,46.507],[9.944,46.504],[9.949,46.498],[9.947,46.496]]],[[[10.019,46.429],[10.015,46.429],[10.012,46.434],[10.015,46.438],[10.029,46.436],[10.031,46.433],[10.028,46.43],[10.022,46.431],[10.019,46.429]]],[[[9.633,46.311],[9.63,46.314],[9.626,46.315],[9.622,46.318],[9.621,46.325],[9.616,46.327],[9.624,46.329],[9.63,46.327],[9.637,46.328],[9.639,46.327],[9.641,46.325],[9.64,46.319],[9.638,46.318],[9.64,46.316],[9.633,46.311]]],[[[9.633,46.311],[9.632,46.309],[9.635,46.307],[9.636,46.304],[9.637,46.309],[9.645,46.313],[9.646,46.316],[9.65,46.316],[9.653,46.313],[9.659,46.32],[9.656,46.324],[9.663,46.326],[9.672,46.326],[9.676,46.331],[9.679,46.329],[9.68,46.331],[9.669,46.333],[9.665,46.336],[9.67,46.337],[9.673,46.34],[9.679,46.342],[9.675,46.344],[9.675,46.347],[9.677,46.349],[9.674,46.351],[9.686,46.355],[9.683,46.36],[9.69,46.363],[9.691,46.362],[9.689,46.358],[9.69,46.354],[9.685,46.349],[9.686,46.348],[9.69,46.35],[9.693,46.348],[9.686,46.342],[9.686,46.34],[9.693,46.342],[9.694,46.339],[9.691,46.337],[9.694,46.333],[9.692,46.331],[9.689,46.331],[9.688,46.328],[9.692,46.33],[9.695,46.326],[9.698,46.328],[9.699,46.333],[9.702,46.335],[9.704,46.332],[9.706,46.332],[9.706,46.335],[9.709,46.339],[9.706,46.345],[9.704,46.346],[9.709,46.348],[9.709,46.35],[9.706,46.35],[9.709,46.351],[9.71,46.355],[9.716,46.361],[9.726,46.354],[9.732,46.354],[9.733,46.357],[9.729,46.361],[9.727,46.366],[9.727,46.368],[9.731,46.37],[9.726,46.374],[9.726,46.377],[9.732,46.379],[9.73,46.381],[9.733,46.384],[9.739,46.386],[9.742,46.386],[9.748,46.379],[9.747,46.365],[9.76,46.358],[9.762,46.358],[9.763,46.367],[9.766,46.372],[9.765,46.377],[9.769,46.379],[9.772,46.379],[9.785,46.372],[9.789,46.367],[9.791,46.361],[9.794,46.363],[9.797,46.362],[9.801,46.364],[9.804,46.373],[9.814,46.37],[9.811,46.373],[9.804,46.375],[9.804,46.378],[9.798,46.383],[9.8,46.389],[9.796,46.397],[9.794,46.398],[9.801,46.4],[9.802,46.404],[9.805,46.399],[9.809,46.398],[9.81,46.402],[9.809,46.404],[9.806,46.405],[9.806,46.407],[9.81,46.409],[9.803,46.411],[9.806,46.414],[9.802,46.414],[9.802,46.411],[9.805,46.407],[9.802,46.405],[9.8005,46.405499999999996],[9.801,46.405],[9.798,46.405],[9.798571428571428,46.406142857142854],[9.796,46.407],[9.795,46.412],[9.79,46.413],[9.786,46.416],[9.787,46.419],[9.797,46.42],[9.798,46.423],[9.81,46.421],[9.815,46.422],[9.809,46.427],[9.809,46.429],[9.813,46.432],[9.82,46.43],[9.822,46.431],[9.823,46.438],[9.825,46.438],[9.826,46.43],[9.83,46.433],[9.836,46.431],[9.84,46.434],[9.84,46.426],[9.837,46.417],[9.834,46.415],[9.834,46.413],[9.838,46.411],[9.837,46.408],[9.832,46.405],[9.829,46.406],[9.824,46.395],[9.828,46.396],[9.83,46.391],[9.837,46.386],[9.837,46.384],[9.841,46.384],[9.847,46.388],[9.854,46.387],[9.857,46.385],[9.86,46.386],[9.856,46.39],[9.853,46.397],[9.854,46.399],[9.858,46.4],[9.861,46.403],[9.87,46.398],[9.877,46.398],[9.884,46.401],[9.9,46.398],[9.9,46.403],[9.897,46.409],[9.896,46.405],[9.893,46.403],[9.886,46.41],[9.886,46.414],[9.877,46.419],[9.878,46.421],[9.881,46.422],[9.89,46.423],[9.888,46.426],[9.883,46.428],[9.888,46.43],[9.885,46.432],[9.892,46.434],[9.895,46.434],[9.897,46.432],[9.9,46.427],[9.898,46.426],[9.894,46.428],[9.898,46.424],[9.901,46.427],[9.907,46.425],[9.905,46.421],[9.906,46.418],[9.902,46.416],[9.904,46.414],[9.907,46.416],[9.91,46.411],[9.907,46.409],[9.91,46.409],[9.912,46.407],[9.91,46.405],[9.905,46.405],[9.904,46.403],[9.908,46.402],[9.91,46.404],[9.914,46.402],[9.908,46.398],[9.909,46.395],[9.919,46.398],[9.923,46.401],[9.929,46.401],[9.932,46.399],[9.942,46.408],[9.95,46.406],[9.952,46.409],[9.959,46.409],[9.968,46.403],[9.975,46.408],[9.978,46.407],[9.982,46.41],[9.99,46.41],[9.992,46.407],[9.986,46.401],[9.988,46.399],[9.989,46.401],[9.994,46.403],[10.001,46.4],[10.001,46.403],[10.008,46.403],[10.01,46.399],[10.017,46.399],[10.021,46.393],[10.02,46.391],[10.016,46.39],[10.013,46.392],[10.007,46.389],[9.997,46.389],[9.993,46.386],[9.99,46.38],[9.982,46.374],[9.983,46.369],[9.989,46.37],[9.996,46.367],[9.999,46.369],[10.0,46.367],[10.001,46.36],[10.003,46.358],[10.001,46.355],[9.997,46.353],[10.0,46.349],[9.998,46.348],[9.995,46.342],[9.993,46.347],[9.994,46.351],[9.992,46.353],[9.982,46.354],[9.977,46.358],[9.976,46.361],[9.964,46.365],[9.966,46.379],[9.964,46.38],[9.948,46.38],[9.941,46.378],[9.928,46.369],[9.924,46.369],[9.922,46.371],[9.913,46.373],[9.909,46.379],[9.902,46.381],[9.886,46.373],[9.882,46.373],[9.872,46.363],[9.846,46.364],[9.843,46.362],[9.833,46.362],[9.829,46.359],[9.829,46.357],[9.823,46.353],[9.812,46.351],[9.809,46.348],[9.8,46.345],[9.793,46.345],[9.787,46.343],[9.78,46.338],[9.776,46.338],[9.773,46.336],[9.765,46.338],[9.756,46.345],[9.751,46.346],[9.742,46.352],[9.735,46.349],[9.719,46.349],[9.717,46.348],[9.716,46.334],[9.717,46.325],[9.716,46.296],[9.687,46.296],[9.681,46.3],[9.678,46.3],[9.676,46.304],[9.665,46.305],[9.663,46.297],[9.652,46.296],[9.65,46.291],[9.642,46.287],[9.625,46.288],[9.623,46.289],[9.625,46.294],[9.622,46.297],[9.577,46.298],[9.574,46.297],[9.572,46.299],[9.574,46.302],[9.584,46.306],[9.587,46.302],[9.594,46.304],[9.597,46.302],[9.607,46.303],[9.615,46.307],[9.616,46.312],[9.62,46.311],[9.623,46.313],[9.63,46.313],[9.633,46.311]]],[[[9.733,46.384],[9.73,46.382],[9.723,46.388],[9.723,46.391],[9.726,46.393],[9.726,46.395],[9.734,46.394],[9.739,46.39],[9.735,46.388],[9.733,46.384]]],[[[9.975,46.408],[9.966,46.41],[9.958,46.417],[9.962,46.418],[9.963,46.422],[9.966,46.423],[9.969,46.42],[9.972,46.421],[9.975,46.419],[9.973,46.417],[9.973,46.412],[9.976,46.41],[9.975,46.408]]],[[[10.02,46.557],[10.015,46.556],[10.011,46.558],[9.998,46.559],[9.998,46.561],[10.008,46.564],[10.02,46.56],[10.02,46.557]]],[[[10.009,46.357],[10.003,46.36],[10.005,46.364],[10.009,46.361],[10.006,46.364],[10.015,46.367],[10.016,46.362],[10.018,46.36],[10.009,46.357]]],[[[9.843,46.597],[9.833,46.598],[9.827,46.596],[9.817,46.597],[9.808,46.6],[9.808,46.603],[9.828,46.604],[9.832,46.607],[9.841,46.608],[9.847,46.606],[9.852,46.611],[9.857,46.61],[9.864,46.613],[9.857,46.614],[9.853,46.617],[9.852,46.62],[9.861,46.619],[9.861,46.624],[9.863,46.626],[9.862,46.631],[9.859,46.633],[9.846,46.636],[9.875,46.644],[9.873,46.646],[9.871,46.653],[9.872,46.654],[9.875,46.652],[9.878,46.653],[9.882,46.66],[9.886,46.663],[9.902,46.665],[9.919,46.672],[9.919,46.668],[9.917,46.666],[9.919,46.659],[9.911,46.657],[9.906,46.652],[9.927,46.652],[9.921,46.645],[9.914,46.644],[9.908,46.639],[9.913,46.636],[9.922,46.634],[9.916,46.627],[9.917,46.625],[9.917,46.627],[9.92,46.629],[9.923,46.63],[9.927,46.628],[9.93,46.63],[9.936,46.625],[9.935,46.622],[9.916,46.621],[9.919,46.618],[9.919,46.616],[9.916,46.615],[9.913,46.618],[9.912,46.623],[9.91,46.624],[9.906,46.623],[9.9,46.626],[9.897,46.623],[9.899,46.621],[9.897,46.618],[9.887,46.615],[9.877,46.616],[9.874,46.613],[9.871,46.613],[9.87,46.61],[9.883,46.606],[9.886,46.603],[9.87,46.602],[9.863,46.604],[9.86,46.602],[9.852,46.602],[9.85,46.599],[9.843,46.597]]],[[[9.873,46.918],[9.858,46.926],[9.855,46.93],[9.852,46.928],[9.842,46.933],[9.846,46.935],[9.844,46.939],[9.85,46.941],[9.847,46.946],[9.849,46.951],[9.853,46.952],[9.856,46.948],[9.869,46.945],[9.875,46.945],[9.876,46.95],[9.876,46.948],[9.881,46.943],[9.88,46.936],[9.885,46.935],[9.888,46.932],[9.895,46.932],[9.889,46.929],[9.878,46.927],[9.883,46.925],[9.878,46.921],[9.874,46.92],[9.873,46.918]]],[[[9.878,46.738],[9.869,46.738],[9.868,46.741],[9.865,46.743],[9.866,46.745],[9.868,46.745],[9.865,46.752],[9.867,46.753],[9.87,46.748],[9.883,46.746],[9.878,46.738]]],[[[9.847,46.454],[9.843,46.45],[9.839,46.456],[9.846,46.458],[9.844,46.462],[9.849,46.464],[9.85,46.467],[9.852,46.467],[9.852,46.464],[9.857,46.462],[9.85,46.459],[9.849,46.458],[9.852,46.455],[9.847,46.454]]],[[[9.72,46.496],[9.722,46.499],[9.716,46.496],[9.712,46.496],[9.706,46.499],[9.704,46.503],[9.7,46.506],[9.701,46.51],[9.696,46.513],[9.694,46.526],[9.691,46.528],[9.692,46.531],[9.695,46.533],[9.694,46.535],[9.687,46.535],[9.685,46.533],[9.681,46.533],[9.673,46.536],[9.681,46.54],[9.688,46.54],[9.69,46.544],[9.683,46.547],[9.684,46.551],[9.681,46.556],[9.673,46.558],[9.684,46.562],[9.685,46.564],[9.687,46.56],[9.685,46.558],[9.688,46.557],[9.695,46.559],[9.698,46.557],[9.721,46.556],[9.723,46.557],[9.723,46.559],[9.72,46.562],[9.72,46.568],[9.718,46.569],[9.715,46.568],[9.713,46.571],[9.715,46.573],[9.722,46.575],[9.728,46.582],[9.732,46.581],[9.736,46.577],[9.73,46.575],[9.724,46.568],[9.731,46.567],[9.734,46.565],[9.751,46.567],[9.759,46.565],[9.756,46.568],[9.761,46.569],[9.764,46.568],[9.767,46.572],[9.771,46.572],[9.774,46.574],[9.78,46.572],[9.775,46.57],[9.777,46.568],[9.782,46.567],[9.78,46.567],[9.776,46.563],[9.77,46.562],[9.764,46.564],[9.76,46.558],[9.757,46.56],[9.75,46.555],[9.747,46.555],[9.743,46.55],[9.744,46.548],[9.738,46.546],[9.736,46.543],[9.738,46.539],[9.737,46.538],[9.733,46.538],[9.73,46.535],[9.723,46.535],[9.72,46.538],[9.707,46.538],[9.707,46.535],[9.71,46.537],[9.714,46.537],[9.716,46.532],[9.715,46.528],[9.711,46.526],[9.71,46.523],[9.713,46.523],[9.72,46.53],[9.723,46.527],[9.739,46.525],[9.739,46.522],[9.745,46.518],[9.75,46.521],[9.744,46.525],[9.751,46.532],[9.758,46.534],[9.757,46.538],[9.759,46.54],[9.769,46.54],[9.771,46.538],[9.767,46.531],[9.762,46.53],[9.761,46.527],[9.765,46.525],[9.764,46.52],[9.767,46.518],[9.758,46.514],[9.761,46.512],[9.769,46.518],[9.771,46.525],[9.775,46.529],[9.782,46.526],[9.782,46.531],[9.785,46.534],[9.789,46.534],[9.792,46.531],[9.789,46.529],[9.794,46.526],[9.802,46.524],[9.8,46.522],[9.802,46.519],[9.8,46.517],[9.794,46.516],[9.79,46.513],[9.801,46.514],[9.804,46.513],[9.807,46.517],[9.814,46.514],[9.811,46.513],[9.811,46.51],[9.807,46.509],[9.804,46.51],[9.787,46.507],[9.778,46.508],[9.77,46.507],[9.768,46.504],[9.772,46.5],[9.771,46.498],[9.769,46.498],[9.771,46.497],[9.771,46.493],[9.773,46.491],[9.77,46.489],[9.757,46.492],[9.754,46.489],[9.748,46.491],[9.749,46.496],[9.748,46.498],[9.738,46.502],[9.736,46.501],[9.742,46.498],[9.736,46.494],[9.738,46.492],[9.735,46.489],[9.731,46.486],[9.728,46.486],[9.723,46.492],[9.725,46.496],[9.722,46.495],[9.72,46.496]]],[[[9.792,46.531],[9.793,46.533],[9.789,46.535],[9.789,46.538],[9.785,46.542],[9.785,46.547],[9.789,46.545],[9.791,46.547],[9.8,46.547],[9.801,46.542],[9.805,46.54],[9.816,46.539],[9.818,46.541],[9.82,46.539],[9.825,46.538],[9.834,46.539],[9.838,46.537],[9.824,46.53],[9.814,46.531],[9.811,46.533],[9.811,46.535],[9.808,46.536],[9.804,46.533],[9.795,46.53],[9.792,46.531]]],[[[9.838,46.537],[9.835,46.539],[9.838,46.541],[9.84,46.539],[9.838,46.537]]],[[[9.829,46.703],[9.822,46.697],[9.818,46.699],[9.824,46.706],[9.822,46.708],[9.819,46.706],[9.813,46.712],[9.806,46.712],[9.803,46.715],[9.806,46.716],[9.816,46.714],[9.819,46.719],[9.829,46.719],[9.834,46.715],[9.828,46.712],[9.83,46.71],[9.827,46.708],[9.832,46.706],[9.833,46.703],[9.829,46.703]]],[[[9.809,46.83],[9.805,46.827],[9.795,46.832],[9.792,46.835],[9.793,46.837],[9.785,46.836],[9.776,46.838],[9.769,46.834],[9.765,46.835],[9.762,46.842],[9.758,46.844],[9.763,46.846],[9.767,46.842],[9.772,46.841],[9.773,46.844],[9.769,46.851],[9.78,46.854],[9.783,46.854],[9.789,46.85],[9.796,46.851],[9.803,46.848],[9.803,46.852],[9.797,46.855],[9.805,46.864],[9.813,46.865],[9.82,46.868],[9.828,46.865],[9.826,46.861],[9.819,46.858],[9.813,46.862],[9.809,46.861],[9.816,46.852],[9.816,46.85],[9.819,46.848],[9.823,46.85],[9.831,46.845],[9.825,46.839],[9.815,46.837],[9.814,46.834],[9.816,46.832],[9.815,46.83],[9.809,46.83]]],[[[9.826,46.861],[9.829,46.862],[9.832,46.861],[9.826,46.861]]],[[[9.816,46.542],[9.815,46.54],[9.813,46.542],[9.808,46.543],[9.805,46.547],[9.802,46.547],[9.8,46.553],[9.806,46.555],[9.815,46.549],[9.825,46.555],[9.827,46.55],[9.822,46.548],[9.824,46.546],[9.823,46.544],[9.816,46.542]]],[[[9.769,46.867],[9.772,46.871],[9.771,46.874],[9.768,46.876],[9.771,46.877],[9.789,46.871],[9.792,46.868],[9.787,46.865],[9.78,46.867],[9.773,46.865],[9.769,46.867]]],[[[9.745,46.779],[9.737,46.778],[9.735,46.78],[9.73,46.78],[9.727,46.782],[9.723,46.789],[9.729,46.789],[9.729,46.786],[9.744,46.786],[9.75,46.788],[9.748,46.796],[9.741,46.794],[9.737,46.795],[9.734,46.798],[9.738,46.799],[9.741,46.796],[9.748,46.801],[9.754,46.799],[9.758,46.801],[9.771,46.8],[9.777,46.804],[9.778,46.801],[9.775,46.799],[9.775,46.797],[9.777,46.795],[9.789,46.794],[9.78,46.789],[9.778,46.79],[9.782,46.792],[9.78,46.794],[9.777,46.791],[9.77,46.79],[9.771,46.788],[9.77,46.787],[9.76,46.788],[9.762,46.79],[9.752,46.793],[9.752,46.79],[9.759,46.786],[9.753,46.782],[9.75,46.783],[9.745,46.779]]],[[[9.718,46.861],[9.718,46.865],[9.721,46.866],[9.727,46.864],[9.734,46.866],[9.737,46.865],[9.734,46.862],[9.744,46.861],[9.745,46.858],[9.74,46.858],[9.724,46.852],[9.709,46.859],[9.711,46.861],[9.718,46.861]],[[9.718,46.861],[9.727,46.861],[9.721,46.862],[9.718,46.861]]],[[[9.737,46.865],[9.738,46.873],[9.739,46.869],[9.744,46.868],[9.747,46.869],[9.748,46.872],[9.753,46.874],[9.76,46.871],[9.764,46.871],[9.762,46.874],[9.767,46.875],[9.77,46.869],[9.76,46.865],[9.758,46.86],[9.754,46.859],[9.75,46.859],[9.744,46.864],[9.737,46.865]]],[[[9.531,46.369],[9.521,46.365],[9.517,46.368],[9.492,46.366],[9.489,46.369],[9.479,46.369],[9.477,46.371],[9.473,46.371],[9.47,46.374],[9.466,46.374],[9.461,46.378],[9.461,46.38],[9.464,46.382],[9.465,46.387],[9.468,46.389],[9.465,46.391],[9.466,46.409],[9.463,46.411],[9.463,46.414],[9.455,46.42],[9.454,46.423],[9.455,46.429],[9.458,46.432],[9.459,46.441],[9.467,46.429],[9.479,46.42],[9.479,46.418],[9.473,46.413],[9.474,46.412],[9.478,46.412],[9.487,46.416],[9.491,46.414],[9.489,46.409],[9.492,46.402],[9.491,46.397],[9.49,46.395],[9.48,46.389],[9.477,46.384],[9.48,46.383],[9.496,46.392],[9.503,46.392],[9.516,46.389],[9.529,46.389],[9.519,46.396],[9.51,46.399],[9.516,46.403],[9.523,46.401],[9.523,46.404],[9.517,46.408],[9.517,46.412],[9.513,46.413],[9.511,46.417],[9.517,46.418],[9.519,46.422],[9.514,46.428],[9.512,46.428],[9.512,46.433],[9.506,46.438],[9.498,46.437],[9.493,46.44],[9.504,46.444],[9.496,46.451],[9.499,46.46],[9.502,46.461],[9.505,46.455],[9.512,46.455],[9.513,46.453],[9.507,46.446],[9.508,46.445],[9.511,46.447],[9.514,46.443],[9.518,46.445],[9.528,46.446],[9.531,46.448],[9.536,46.444],[9.53,46.442],[9.524,46.437],[9.52,46.433],[9.52,46.43],[9.526,46.433],[9.534,46.433],[9.534,46.43],[9.537,46.426],[9.536,46.422],[9.54,46.42],[9.537,46.414],[9.54,46.412],[9.542,46.407],[9.547,46.407],[9.552,46.408],[9.555,46.412],[9.559,46.411],[9.565,46.413],[9.566,46.414],[9.562,46.417],[9.559,46.417],[9.558,46.419],[9.565,46.421],[9.565,46.423],[9.569,46.425],[9.566,46.43],[9.579,46.438],[9.581,46.434],[9.579,46.429],[9.586,46.431],[9.59,46.429],[9.592,46.422],[9.59,46.42],[9.592,46.419],[9.598,46.423],[9.601,46.421],[9.604,46.422],[9.603,46.433],[9.605,46.436],[9.601,46.438],[9.596,46.447],[9.609,46.455],[9.613,46.454],[9.613,46.451],[9.615,46.449],[9.604,46.44],[9.605,46.438],[9.612,46.437],[9.622,46.442],[9.629,46.442],[9.635,46.446],[9.638,46.446],[9.642,46.442],[9.643,46.439],[9.636,46.437],[9.635,46.433],[9.627,46.431],[9.625,46.429],[9.621,46.429],[9.625,46.428],[9.628,46.43],[9.628,46.428],[9.631,46.426],[9.637,46.425],[9.644,46.426],[9.647,46.429],[9.663,46.435],[9.677,46.438],[9.684,46.447],[9.697,46.444],[9.699,46.447],[9.695,46.45],[9.697,46.454],[9.7,46.45],[9.703,46.449],[9.707,46.454],[9.71,46.452],[9.713,46.453],[9.724,46.451],[9.726,46.456],[9.73,46.456],[9.732,46.458],[9.731,46.46],[9.724,46.461],[9.721,46.463],[9.722,46.465],[9.73,46.468],[9.736,46.467],[9.739,46.462],[9.746,46.464],[9.75,46.463],[9.753,46.466],[9.754,46.464],[9.753,46.462],[9.747,46.46],[9.746,46.453],[9.749,46.453],[9.751,46.451],[9.746,46.448],[9.741,46.449],[9.736,46.447],[9.732,46.449],[9.735,46.447],[9.733,46.444],[9.723,46.444],[9.72,46.448],[9.718,46.447],[9.717,46.442],[9.713,46.439],[9.7,46.44],[9.693,46.435],[9.686,46.434],[9.683,46.43],[9.686,46.427],[9.686,46.425],[9.68,46.421],[9.673,46.422],[9.673,46.42],[9.677,46.419],[9.673,46.414],[9.669,46.412],[9.653,46.411],[9.65,46.412],[9.65,46.414],[9.643,46.411],[9.639,46.415],[9.637,46.42],[9.634,46.416],[9.626,46.411],[9.625,46.408],[9.621,46.406],[9.617,46.407],[9.617,46.405],[9.619,46.404],[9.617,46.403],[9.607,46.405],[9.6,46.402],[9.598,46.404],[9.586,46.398],[9.587,46.395],[9.591,46.394],[9.597,46.389],[9.608,46.386],[9.595,46.377],[9.59,46.375],[9.58,46.376],[9.56,46.37],[9.547,46.372],[9.541,46.368],[9.531,46.369]]],[[[9.753,46.466],[9.756,46.467],[9.756,46.465],[9.753,46.466]]],[[[9.593,46.771],[9.599,46.773],[9.596,46.775],[9.593,46.772],[9.591,46.776],[9.588,46.778],[9.588,46.782],[9.59,46.784],[9.593,46.785],[9.596,46.781],[9.603,46.781],[9.606,46.776],[9.612,46.777],[9.613,46.779],[9.622,46.772],[9.636,46.77],[9.632,46.765],[9.629,46.764],[9.628,46.761],[9.632,46.759],[9.625,46.758],[9.622,46.761],[9.618,46.76],[9.615,46.761],[9.602,46.758],[9.599,46.755],[9.602,46.754],[9.618,46.755],[9.62,46.753],[9.618,46.751],[9.615,46.754],[9.614,46.753],[9.617,46.75],[9.619,46.75],[9.623,46.753],[9.639,46.754],[9.639,46.757],[9.641,46.758],[9.651,46.753],[9.651,46.75],[9.644,46.748],[9.641,46.744],[9.637,46.743],[9.636,46.741],[9.638,46.739],[9.638,46.736],[9.634,46.739],[9.627,46.74],[9.626,46.739],[9.624,46.735],[9.627,46.736],[9.628,46.734],[9.637,46.73],[9.643,46.73],[9.65,46.734],[9.66,46.734],[9.66,46.736],[9.671,46.74],[9.673,46.743],[9.673,46.747],[9.687,46.755],[9.693,46.755],[9.699,46.751],[9.71,46.749],[9.706,46.754],[9.702,46.755],[9.71,46.76],[9.699,46.769],[9.701,46.771],[9.707,46.771],[9.71,46.769],[9.724,46.77],[9.734,46.778],[9.738,46.773],[9.735,46.768],[9.739,46.764],[9.736,46.761],[9.74,46.763],[9.748,46.759],[9.743,46.757],[9.739,46.759],[9.726,46.76],[9.723,46.758],[9.722,46.757],[9.726,46.751],[9.719,46.746],[9.726,46.741],[9.727,46.739],[9.725,46.738],[9.722,46.739],[9.719,46.743],[9.713,46.744],[9.706,46.741],[9.699,46.742],[9.691,46.738],[9.691,46.735],[9.689,46.733],[9.683,46.734],[9.681,46.738],[9.678,46.738],[9.679,46.735],[9.682,46.733],[9.682,46.731],[9.679,46.729],[9.676,46.732],[9.673,46.73],[9.666,46.729],[9.663,46.731],[9.659,46.726],[9.656,46.727],[9.653,46.724],[9.64,46.721],[9.617,46.727],[9.614,46.73],[9.61,46.726],[9.604,46.729],[9.6,46.737],[9.604,46.739],[9.604,46.742],[9.599,46.742],[9.594,46.737],[9.592,46.742],[9.595,46.744],[9.594,46.746],[9.595,46.749],[9.598,46.75],[9.598,46.755],[9.595,46.758],[9.594,46.762],[9.597,46.767],[9.593,46.771]],[[9.719,46.746],[9.716,46.747],[9.716,46.745],[9.719,46.746]]],[[[9.718,46.593],[9.706,46.587],[9.703,46.587],[9.696,46.594],[9.695,46.598],[9.703,46.598],[9.717,46.595],[9.718,46.593]]],[[[9.686,46.868],[9.688,46.87],[9.678,46.868],[9.675,46.866],[9.669,46.867],[9.659,46.865],[9.646,46.865],[9.631,46.869],[9.631,46.872],[9.629,46.873],[9.626,46.871],[9.623,46.874],[9.63,46.874],[9.632,46.876],[9.631,46.881],[9.635,46.883],[9.636,46.89],[9.64,46.89],[9.641,46.887],[9.646,46.885],[9.646,46.882],[9.65,46.883],[9.653,46.881],[9.646,46.879],[9.645,46.876],[9.646,46.875],[9.666,46.873],[9.669,46.874],[9.675,46.87],[9.682,46.877],[9.689,46.879],[9.691,46.877],[9.689,46.875],[9.692,46.873],[9.7,46.875],[9.699,46.873],[9.702,46.871],[9.704,46.866],[9.711,46.863],[9.695,46.863],[9.691,46.864],[9.686,46.868]],[[9.688,46.87],[9.695,46.868],[9.692,46.872],[9.688,46.87]]],[[[9.702,46.488],[9.699,46.488],[9.695,46.492],[9.692,46.489],[9.686,46.487],[9.68,46.49],[9.678,46.493],[9.681,46.495],[9.689,46.495],[9.692,46.497],[9.696,46.497],[9.702,46.492],[9.702,46.488]]],[[[9.694,46.603],[9.677,46.602],[9.67,46.605],[9.672,46.608],[9.676,46.61],[9.687,46.611],[9.699,46.605],[9.694,46.603]]],[[[9.655,46.756],[9.651,46.756],[9.653,46.759],[9.652,46.765],[9.655,46.767],[9.668,46.768],[9.665,46.763],[9.661,46.76],[9.655,46.759],[9.655,46.756]]],[[[9.659,46.891],[9.656,46.887],[9.648,46.889],[9.652,46.891],[9.65,46.896],[9.657,46.901],[9.658,46.9],[9.656,46.894],[9.659,46.891]]],[[[9.644,47.049],[9.637,47.051],[9.624,47.051],[9.62,47.054],[9.627,47.055],[9.63,47.052],[9.633,47.052],[9.637,47.055],[9.64,47.052],[9.645,47.056],[9.643,47.058],[9.647,47.061],[9.658,47.06],[9.65,47.057],[9.649,47.051],[9.644,47.049]]],[[[9.647,46.617],[9.641,46.617],[9.632,46.625],[9.651,46.624],[9.652,46.621],[9.647,46.617]]],[[[9.602,46.454],[9.596,46.452],[9.587,46.456],[9.587,46.458],[9.585,46.459],[9.58,46.459],[9.577,46.464],[9.571,46.465],[9.564,46.469],[9.561,46.47],[9.558,46.466],[9.541,46.473],[9.545,46.474],[9.548,46.478],[9.553,46.479],[9.552,46.483],[9.549,46.484],[9.545,46.48],[9.542,46.482],[9.532,46.482],[9.525,46.491],[9.519,46.494],[9.516,46.495],[9.513,46.493],[9.507,46.493],[9.5,46.497],[9.487,46.501],[9.494,46.503],[9.497,46.5],[9.5,46.503],[9.504,46.502],[9.506,46.503],[9.507,46.508],[9.514,46.508],[9.527,46.503],[9.53,46.507],[9.526,46.509],[9.523,46.514],[9.527,46.516],[9.53,46.515],[9.537,46.517],[9.54,46.515],[9.543,46.519],[9.55,46.52],[9.552,46.513],[9.537,46.507],[9.528,46.498],[9.529,46.495],[9.532,46.498],[9.536,46.499],[9.543,46.497],[9.546,46.498],[9.548,46.497],[9.548,46.495],[9.553,46.495],[9.556,46.498],[9.565,46.498],[9.571,46.495],[9.574,46.492],[9.57,46.488],[9.571,46.485],[9.573,46.484],[9.572,46.481],[9.565,46.48],[9.561,46.477],[9.565,46.476],[9.571,46.476],[9.581,46.481],[9.588,46.48],[9.591,46.481],[9.589,46.483],[9.591,46.486],[9.596,46.485],[9.596,46.481],[9.594,46.479],[9.599,46.481],[9.601,46.484],[9.603,46.483],[9.602,46.481],[9.607,46.48],[9.613,46.476],[9.607,46.474],[9.61,46.47],[9.62,46.465],[9.618,46.462],[9.61,46.462],[9.604,46.46],[9.602,46.454]]],[[[9.619,47.081],[9.613,47.079],[9.607,47.084],[9.606,47.086],[9.608,47.088],[9.612,47.089],[9.617,47.086],[9.614,47.083],[9.619,47.081]]],[[[9.606,47.016],[9.6,47.016],[9.598,47.018],[9.599,47.023],[9.603,47.025],[9.606,47.022],[9.612,47.025],[9.616,47.024],[9.616,47.022],[9.613,47.022],[9.606,47.016]]],[[[9.607,47.049],[9.6,47.047],[9.598,47.05],[9.591,47.051],[9.581,47.055],[9.57,47.053],[9.564,47.049],[9.558,47.051],[9.562,47.053],[9.558,47.054],[9.557,47.057],[9.561,47.058],[9.565,47.056],[9.568,47.057],[9.571,47.056],[9.584,47.057],[9.581,47.059],[9.58,47.062],[9.586,47.064],[9.584,47.066],[9.585,47.067],[9.591,47.066],[9.594,47.068],[9.605,47.07],[9.609,47.065],[9.606,47.063],[9.611,47.058],[9.606,47.057],[9.604,47.055],[9.601,47.056],[9.599,47.054],[9.605,47.052],[9.607,47.056],[9.612,47.054],[9.608,47.052],[9.607,47.049]]],[[[9.586,46.537],[9.58,46.535],[9.577,46.537],[9.573,46.536],[9.572,46.538],[9.576,46.54],[9.574,46.544],[9.577,46.545],[9.584,46.545],[9.587,46.542],[9.59,46.544],[9.594,46.542],[9.593,46.539],[9.59,46.537],[9.587,46.539],[9.587,46.541],[9.586,46.537]]],[[[9.521,46.518],[9.504,46.518],[9.497,46.521],[9.505,46.526],[9.518,46.524],[9.524,46.525],[9.525,46.523],[9.521,46.518]]],[[[9.503,46.559],[9.506,46.561],[9.506,46.559],[9.503,46.559]]],[[[9.506,46.561],[9.503,46.561],[9.501,46.564],[9.5,46.569],[9.498,46.57],[9.499,46.573],[9.496,46.575],[9.497,46.58],[9.504,46.579],[9.505,46.577],[9.501,46.575],[9.503,46.574],[9.513,46.576],[9.517,46.575],[9.516,46.571],[9.509,46.568],[9.509,46.561],[9.506,46.561]]],[[[9.498,46.606],[9.494,46.606],[9.482,46.611],[9.485,46.612],[9.488,46.609],[9.495,46.613],[9.501,46.613],[9.503,46.611],[9.498,46.606]]],[[[9.497,46.528],[9.495,46.526],[9.485,46.529],[9.479,46.528],[9.475,46.53],[9.482,46.537],[9.489,46.536],[9.492,46.539],[9.5,46.532],[9.498,46.529],[9.495,46.53],[9.497,46.528]]],[[[9.473,46.533],[9.469,46.532],[9.463,46.535],[9.461,46.537],[9.462,46.54],[9.473,46.543],[9.476,46.542],[9.479,46.545],[9.482,46.544],[9.481,46.541],[9.473,46.535],[9.473,46.533]]],[[[8.628,46.673],[8.635,46.677],[8.628,46.681],[8.625,46.681],[8.624,46.682],[8.627,46.684],[8.623,46.686],[8.624,46.689],[8.623,46.693],[8.628,46.7],[8.635,46.695],[8.634,46.697],[8.64,46.7],[8.64,46.702],[8.652,46.7],[8.65,46.697],[8.652,46.695],[8.651,46.688],[8.655,46.684],[8.657,46.693],[8.66,46.693],[8.659,46.69],[8.661,46.687],[8.667,46.693],[8.665,46.695],[8.665,46.702],[8.671,46.703],[8.674,46.706],[8.681,46.709],[8.687,46.705],[8.688,46.706],[8.685,46.708],[8.686,46.713],[8.684,46.715],[8.678,46.715],[8.675,46.711],[8.666,46.715],[8.667,46.72],[8.678,46.72],[8.682,46.724],[8.675,46.729],[8.682,46.731],[8.683,46.733],[8.672,46.74],[8.676,46.742],[8.677,46.749],[8.675,46.75],[8.675,46.752],[8.682,46.752],[8.689,46.757],[8.692,46.754],[8.695,46.755],[8.696,46.753],[8.692,46.751],[8.692,46.749],[8.685,46.743],[8.684,46.737],[8.685,46.736],[8.688,46.737],[8.695,46.742],[8.703,46.737],[8.702,46.735],[8.704,46.732],[8.713,46.73],[8.71,46.726],[8.711,46.725],[8.714,46.724],[8.717,46.726],[8.721,46.726],[8.724,46.724],[8.728,46.728],[8.727,46.733],[8.73,46.735],[8.732,46.739],[8.731,46.741],[8.734,46.743],[8.741,46.743],[8.742,46.744],[8.738,46.746],[8.74,46.748],[8.751,46.749],[8.753,46.752],[8.748,46.755],[8.755,46.757],[8.758,46.762],[8.767,46.765],[8.771,46.763],[8.78,46.772],[8.78,46.775],[8.784,46.775],[8.787,46.777],[8.791,46.775],[8.797,46.776],[8.798,46.772],[8.804,46.769],[8.804,46.773],[8.81,46.771],[8.811,46.774],[8.808,46.776],[8.808,46.779],[8.811,46.781],[8.8,46.79],[8.804,46.794],[8.809,46.794],[8.811,46.796],[8.809,46.799],[8.811,46.806],[8.827,46.812],[8.831,46.812],[8.831,46.814],[8.824,46.816],[8.811,46.815],[8.807,46.817],[8.806,46.812],[8.802,46.806],[8.798,46.807],[8.795,46.806],[8.789,46.801],[8.778,46.804],[8.775,46.802],[8.774,46.799],[8.756,46.795],[8.753,46.795],[8.752,46.797],[8.749,46.795],[8.75,46.793],[8.748,46.793],[8.745,46.79],[8.742,46.79],[8.738,46.791],[8.738,46.793],[8.735,46.794],[8.729,46.793],[8.726,46.795],[8.726,46.798],[8.722,46.799],[8.716,46.796],[8.706,46.795],[8.705,46.796],[8.709,46.796],[8.71,46.798],[8.707,46.8],[8.706,46.803],[8.708,46.807],[8.711,46.809],[8.711,46.814],[8.72,46.815],[8.724,46.818],[8.716,46.819],[8.713,46.822],[8.71,46.821],[8.707,46.823],[8.713,46.827],[8.726,46.825],[8.736,46.821],[8.739,46.822],[8.742,46.82],[8.742,46.815],[8.745,46.813],[8.755,46.812],[8.765,46.816],[8.78,46.817],[8.777,46.82],[8.783,46.822],[8.777,46.824],[8.785,46.83],[8.789,46.83],[8.789,46.835],[8.786,46.837],[8.785,46.84],[8.786,46.847],[8.784,46.849],[8.793,46.851],[8.796,46.856],[8.799,46.857],[8.802,46.854],[8.809,46.854],[8.819,46.858],[8.822,46.856],[8.83,46.857],[8.831,46.859],[8.829,46.866],[8.832,46.869],[8.836,46.872],[8.849,46.869],[8.851,46.873],[8.843,46.875],[8.844,46.877],[8.841,46.88],[8.829,46.883],[8.816,46.88],[8.806,46.885],[8.793,46.886],[8.787,46.89],[8.78,46.89],[8.771,46.894],[8.761,46.896],[8.757,46.894],[8.741,46.9],[8.731,46.9],[8.719,46.914],[8.715,46.916],[8.712,46.914],[8.699,46.918],[8.689,46.918],[8.686,46.922],[8.689,46.924],[8.694,46.924],[8.695,46.926],[8.694,46.931],[8.69,46.933],[8.69,46.935],[8.696,46.935],[8.699,46.932],[8.699,46.937],[8.695,46.937],[8.698,46.94],[8.703,46.94],[8.713,46.945],[8.726,46.947],[8.729,46.949],[8.737,46.948],[8.742,46.95],[8.742,46.952],[8.746,46.953],[8.756,46.953],[8.759,46.952],[8.753,46.941],[8.737,46.932],[8.725,46.928],[8.717,46.919],[8.729,46.924],[8.748,46.925],[8.749,46.928],[8.755,46.929],[8.757,46.928],[8.756,46.923],[8.752,46.92],[8.748,46.918],[8.739,46.917],[8.735,46.914],[8.728,46.912],[8.731,46.91],[8.736,46.91],[8.745,46.912],[8.758,46.909],[8.768,46.904],[8.769,46.905],[8.767,46.907],[8.769,46.91],[8.765,46.912],[8.768,46.918],[8.788,46.924],[8.788,46.926],[8.781,46.93],[8.788,46.931],[8.791,46.929],[8.798,46.934],[8.811,46.937],[8.813,46.936],[8.811,46.932],[8.805,46.929],[8.803,46.925],[8.804,46.923],[8.811,46.924],[8.817,46.929],[8.822,46.925],[8.826,46.918],[8.823,46.916],[8.823,46.913],[8.827,46.912],[8.827,46.91],[8.817,46.906],[8.813,46.907],[8.816,46.909],[8.816,46.911],[8.814,46.912],[8.81,46.91],[8.804,46.911],[8.801,46.909],[8.802,46.902],[8.807,46.902],[8.809,46.9],[8.805,46.896],[8.806,46.891],[8.808,46.891],[8.812,46.896],[8.816,46.898],[8.823,46.9],[8.833,46.899],[8.839,46.902],[8.843,46.9],[8.846,46.896],[8.863,46.896],[8.864,46.897],[8.863,46.9],[8.857,46.904],[8.858,46.906],[8.865,46.911],[8.873,46.913],[8.874,46.915],[8.871,46.92],[8.867,46.923],[8.86,46.924],[8.855,46.927],[8.86,46.928],[8.863,46.931],[8.863,46.933],[8.857,46.94],[8.862,46.947],[8.868,46.951],[8.856,46.954],[8.877,46.961],[8.886,46.962],[8.897,46.969],[8.874,46.969],[8.868,46.973],[8.865,46.972],[8.86,46.976],[8.862,46.98],[8.867,46.983],[8.867,46.987],[8.864,46.989],[8.872,46.996],[8.875,47.008],[8.878,47.01],[8.889,47.01],[8.895,47.013],[8.905,47.015],[8.907,47.011],[8.916,47.005],[8.918,47.002],[8.928,46.998],[8.929,46.995],[8.937,46.989],[8.944,46.989],[8.947,46.991],[8.954,46.989],[8.954,46.991],[8.951,46.993],[8.957,46.996],[8.961,46.997],[8.963,46.995],[8.967,46.995],[8.973,46.997],[8.963,46.999],[8.963,47.002],[8.968,47.004],[8.969,47.006],[8.944,47.008],[8.941,47.011],[8.941,47.013],[8.948,47.015],[8.961,47.01],[8.968,47.013],[8.974,47.01],[8.981,47.009],[8.983,47.01],[8.981,47.013],[8.984,47.017],[8.997,47.016],[9.001,47.017],[9.007,47.014],[9.016,47.017],[9.015,47.021],[9.017,47.022],[9.02,47.019],[9.028,47.017],[9.027,47.014],[9.024,47.012],[9.028,47.01],[9.027,47.007],[9.017,47.005],[9.01,47.0],[9.007,47.001],[8.997,46.994],[9.003,46.996],[9.005,46.994],[9.003,46.99],[9.005,46.988],[9.004,46.983],[9.005,46.981],[8.999,46.98],[8.986,46.982],[8.983,46.98],[8.98,46.983],[8.976,46.979],[8.955,46.973],[8.969,46.97],[8.986,46.97],[8.996,46.966],[9.006,46.965],[8.999,46.962],[8.989,46.962],[8.986,46.96],[8.969,46.96],[8.966,46.956],[8.97,46.952],[8.966,46.951],[8.963,46.954],[8.955,46.943],[8.955,46.939],[8.958,46.934],[8.969,46.935],[8.969,46.932],[8.965,46.928],[8.949,46.926],[8.935,46.921],[8.929,46.917],[8.919,46.915],[8.906,46.909],[8.902,46.909],[8.899,46.906],[8.886,46.903],[8.885,46.899],[8.882,46.897],[8.874,46.895],[8.875,46.89],[8.877,46.888],[8.876,46.886],[8.872,46.886],[8.869,46.882],[8.855,46.877],[8.853,46.875],[8.859,46.872],[8.868,46.874],[8.87,46.866],[8.872,46.865],[8.876,46.87],[8.878,46.871],[8.881,46.869],[8.883,46.87],[8.882,46.872],[8.88,46.872],[8.887,46.874],[8.895,46.88],[8.905,46.879],[8.911,46.882],[8.925,46.885],[8.928,46.885],[8.929,46.883],[8.921,46.877],[8.921,46.873],[8.924,46.873],[8.928,46.876],[8.931,46.875],[8.934,46.877],[8.941,46.877],[8.944,46.879],[8.959,46.878],[8.943,46.874],[8.934,46.868],[8.934,46.866],[8.956,46.865],[8.95,46.861],[8.944,46.86],[8.946,46.858],[8.946,46.853],[8.937,46.849],[8.935,46.845],[8.928,46.845],[8.927,46.849],[8.92,46.844],[8.914,46.844],[8.911,46.84],[8.908,46.84],[8.908,46.843],[8.906,46.843],[8.906,46.84],[8.909,46.838],[8.91,46.835],[8.917,46.84],[8.933,46.839],[8.945,46.833],[8.949,46.833],[8.95,46.831],[8.947,46.829],[8.946,46.826],[8.952,46.825],[8.956,46.822],[8.965,46.819],[8.972,46.823],[8.975,46.827],[8.979,46.828],[8.979,46.83],[8.976,46.833],[8.976,46.836],[8.972,46.838],[8.977,46.84],[8.973,46.846],[8.979,46.851],[8.978,46.855],[8.981,46.857],[8.981,46.86],[8.983,46.861],[8.985,46.851],[8.989,46.847],[8.996,46.85],[8.997,46.848],[9.002,46.847],[9.005,46.844],[9.002,46.839],[9.005,46.841],[9.007,46.839],[9.0,46.832],[9.002,46.823],[9.005,46.822],[9.008,46.825],[9.011,46.825],[9.015,46.822],[9.021,46.828],[9.02,46.83],[9.025,46.839],[9.025,46.844],[9.021,46.848],[9.026,46.852],[9.022,46.855],[9.019,46.854],[9.012,46.856],[9.002,46.862],[9.001,46.864],[9.004,46.866],[9.0,46.868],[9.008,46.871],[9.005,46.875],[9.006,46.877],[9.01,46.876],[9.018,46.879],[9.018,46.882],[9.021,46.884],[9.018,46.886],[9.019,46.888],[9.027,46.894],[9.037,46.89],[9.031,46.888],[9.028,46.882],[9.029,46.879],[9.033,46.877],[9.035,46.884],[9.039,46.886],[9.05,46.886],[9.049,46.883],[9.053,46.883],[9.054,46.89],[9.05,46.893],[9.059,46.893],[9.063,46.895],[9.062,46.899],[9.065,46.901],[9.054,46.904],[9.061,46.906],[9.059,46.908],[9.058,46.913],[9.055,46.915],[9.054,46.919],[9.05,46.919],[9.042,46.924],[9.044,46.926],[9.047,46.926],[9.05,46.924],[9.058,46.924],[9.058,46.926],[9.06,46.927],[9.07,46.924],[9.075,46.93],[9.07,46.93],[9.07,46.934],[9.075,46.935],[9.077,46.934],[9.077,46.938],[9.087,46.938],[9.093,46.941],[9.092,46.944],[9.094,46.945],[9.096,46.944],[9.094,46.941],[9.1,46.94],[9.103,46.942],[9.107,46.94],[9.11,46.941],[9.111,46.943],[9.108,46.948],[9.113,46.952],[9.111,46.955],[9.119,46.959],[9.117,46.963],[9.113,46.966],[9.121,46.968],[9.124,46.972],[9.13,46.972],[9.131,46.968],[9.134,46.966],[9.137,46.968],[9.139,46.963],[9.134,46.963],[9.121,46.959],[9.122,46.952],[9.127,46.952],[9.128,46.95],[9.123,46.943],[9.129,46.943],[9.133,46.948],[9.137,46.949],[9.142,46.947],[9.139,46.945],[9.141,46.941],[9.132,46.939],[9.133,46.937],[9.136,46.936],[9.126,46.936],[9.12,46.929],[9.11,46.928],[9.104,46.925],[9.105,46.923],[9.109,46.923],[9.113,46.919],[9.113,46.916],[9.115,46.914],[9.11,46.912],[9.11,46.907],[9.106,46.907],[9.103,46.911],[9.096,46.91],[9.093,46.913],[9.089,46.911],[9.086,46.912],[9.093,46.906],[9.1,46.903],[9.089,46.901],[9.086,46.899],[9.085,46.894],[9.078,46.89],[9.087,46.888],[9.092,46.884],[9.095,46.886],[9.102,46.886],[9.112,46.884],[9.113,46.88],[9.11,46.874],[9.111,46.871],[9.133,46.871],[9.141,46.875],[9.142,46.878],[9.139,46.882],[9.142,46.884],[9.139,46.887],[9.141,46.889],[9.148,46.89],[9.151,46.888],[9.154,46.892],[9.158,46.892],[9.16,46.898],[9.158,46.9],[9.161,46.902],[9.165,46.902],[9.166,46.9],[9.171,46.899],[9.172,46.9],[9.171,46.902],[9.174,46.904],[9.177,46.902],[9.179,46.897],[9.191,46.898],[9.194,46.895],[9.195,46.899],[9.2,46.904],[9.204,46.902],[9.209,46.904],[9.21,46.906],[9.21,46.908],[9.206,46.91],[9.201,46.916],[9.208,46.918],[9.224,46.917],[9.232,46.919],[9.224,46.926],[9.232,46.926],[9.244,46.929],[9.244,46.932],[9.247,46.935],[9.231,46.937],[9.225,46.939],[9.222,46.942],[9.221,46.937],[9.217,46.937],[9.216,46.94],[9.209,46.946],[9.201,46.947],[9.2,46.944],[9.198,46.944],[9.191,46.951],[9.199,46.952],[9.208,46.955],[9.212,46.958],[9.226,46.96],[9.23,46.964],[9.229,46.967],[9.235,46.968],[9.234,46.971],[9.236,46.972],[9.239,46.978],[9.244,46.975],[9.243,46.973],[9.246,46.968],[9.246,46.971],[9.25,46.971],[9.257,46.966],[9.258,46.961],[9.263,46.959],[9.259,46.957],[9.257,46.952],[9.261,46.949],[9.268,46.95],[9.27,46.952],[9.271,46.957],[9.266,46.959],[9.277,46.963],[9.276,46.966],[9.295,46.969],[9.297,46.968],[9.293,46.963],[9.298,46.958],[9.317,46.96],[9.321,46.973],[9.324,46.964],[9.331,46.971],[9.334,46.969],[9.334,46.965],[9.327,46.96],[9.337,46.956],[9.341,46.958],[9.341,46.956],[9.344,46.954],[9.35,46.957],[9.36,46.957],[9.37,46.961],[9.382,46.968],[9.377,46.971],[9.371,46.972],[9.368,46.975],[9.368,46.978],[9.389,46.979],[9.391,46.984],[9.387,46.986],[9.385,46.991],[9.388,46.994],[9.395,46.993],[9.391,46.997],[9.391,47.001],[9.395,47.006],[9.399,47.004],[9.403,46.997],[9.403,46.986],[9.407,46.983],[9.413,46.993],[9.42,46.988],[9.43,46.986],[9.434,46.986],[9.436,46.99],[9.44,46.992],[9.444,46.989],[9.45,46.989],[9.452,46.987],[9.45,46.987],[9.447,46.983],[9.43,46.979],[9.414,46.98],[9.41,46.976],[9.417,46.975],[9.415,46.972],[9.413,46.972],[9.41,46.969],[9.4,46.969],[9.399,46.964],[9.4,46.963],[9.42,46.961],[9.418,46.959],[9.419,46.957],[9.429,46.952],[9.416,46.946],[9.409,46.947],[9.403,46.945],[9.403,46.943],[9.399,46.94],[9.395,46.943],[9.393,46.948],[9.39,46.943],[9.391,46.941],[9.386,46.94],[9.385,46.941],[9.388,46.943],[9.386,46.945],[9.383,46.942],[9.379,46.945],[9.377,46.941],[9.383,46.939],[9.385,46.935],[9.389,46.932],[9.386,46.928],[9.382,46.93],[9.379,46.935],[9.374,46.937],[9.37,46.944],[9.363,46.942],[9.356,46.943],[9.353,46.945],[9.35,46.942],[9.34,46.943],[9.33,46.941],[9.327,46.943],[9.317,46.936],[9.31,46.939],[9.3,46.933],[9.296,46.934],[9.294,46.932],[9.286,46.932],[9.287,46.927],[9.28,46.927],[9.279,46.925],[9.272,46.923],[9.275,46.921],[9.276,46.918],[9.278,46.918],[9.278,46.921],[9.28,46.922],[9.293,46.922],[9.304,46.92],[9.313,46.923],[9.318,46.922],[9.318,46.92],[9.315,46.918],[9.315,46.915],[9.313,46.914],[9.309,46.916],[9.312,46.913],[9.317,46.913],[9.322,46.92],[9.326,46.92],[9.333,46.917],[9.339,46.919],[9.344,46.917],[9.338,46.911],[9.339,46.91],[9.35,46.915],[9.353,46.915],[9.355,46.913],[9.359,46.914],[9.36,46.912],[9.355,46.911],[9.352,46.907],[9.349,46.907],[9.348,46.905],[9.355,46.908],[9.362,46.908],[9.368,46.91],[9.372,46.909],[9.372,46.907],[9.369,46.906],[9.371,46.904],[9.375,46.906],[9.378,46.905],[9.376,46.903],[9.382,46.901],[9.378,46.897],[9.374,46.896],[9.373,46.892],[9.375,46.89],[9.374,46.889],[9.368,46.889],[9.364,46.892],[9.362,46.89],[9.365,46.885],[9.364,46.881],[9.357,46.886],[9.357,46.883],[9.367,46.874],[9.364,46.872],[9.357,46.875],[9.354,46.871],[9.351,46.872],[9.347,46.87],[9.344,46.873],[9.341,46.869],[9.339,46.872],[9.342,46.877],[9.341,46.88],[9.338,46.876],[9.331,46.877],[9.329,46.881],[9.323,46.884],[9.322,46.886],[9.318,46.883],[9.31,46.886],[9.31,46.889],[9.312,46.889],[9.315,46.896],[9.305,46.888],[9.299,46.891],[9.3,46.893],[9.299,46.894],[9.292,46.892],[9.286,46.893],[9.285,46.889],[9.289,46.887],[9.295,46.877],[9.298,46.875],[9.294,46.873],[9.298,46.87],[9.298,46.866],[9.295,46.867],[9.281,46.865],[9.265,46.875],[9.246,46.875],[9.242,46.874],[9.242,46.871],[9.245,46.869],[9.239,46.868],[9.236,46.863],[9.232,46.861],[9.215,46.861],[9.214,46.859],[9.217,46.856],[9.209,46.857],[9.202,46.855],[9.193,46.856],[9.187,46.855],[9.186,46.852],[9.212,46.848],[9.221,46.843],[9.214,46.838],[9.208,46.838],[9.192,46.842],[9.188,46.841],[9.185,46.835],[9.182,46.835],[9.18,46.841],[9.173,46.845],[9.168,46.846],[9.17,46.848],[9.169,46.849],[9.166,46.847],[9.16,46.85],[9.153,46.851],[9.15,46.846],[9.144,46.844],[9.145,46.837],[9.149,46.834],[9.154,46.833],[9.152,46.831],[9.149,46.832],[9.147,46.83],[9.152,46.83],[9.153,46.828],[9.149,46.825],[9.146,46.825],[9.14,46.828],[9.137,46.835],[9.134,46.837],[9.134,46.84],[9.124,46.847],[9.116,46.847],[9.114,46.845],[9.109,46.849],[9.103,46.851],[9.099,46.847],[9.094,46.846],[9.091,46.843],[9.085,46.845],[9.081,46.844],[9.078,46.847],[9.076,46.845],[9.077,46.841],[9.08,46.838],[9.084,46.838],[9.09,46.835],[9.098,46.827],[9.087,46.823],[9.084,46.825],[9.087,46.827],[9.083,46.825],[9.081,46.827],[9.067,46.827],[9.062,46.825],[9.06,46.821],[9.064,46.822],[9.066,46.82],[9.065,46.818],[9.069,46.816],[9.073,46.811],[9.073,46.808],[9.063,46.807],[9.06,46.805],[9.059,46.807],[9.054,46.809],[9.05,46.814],[9.028,46.817],[9.008,46.81],[9.001,46.81],[8.988,46.807],[8.984,46.808],[8.982,46.806],[8.988,46.801],[8.994,46.799],[9.007,46.8],[9.011,46.803],[9.016,46.803],[9.017,46.805],[9.027,46.807],[9.031,46.803],[9.029,46.798],[9.037,46.794],[9.036,46.792],[9.037,46.789],[9.033,46.788],[9.023,46.791],[9.014,46.789],[9.004,46.79],[8.991,46.784],[8.984,46.786],[8.981,46.784],[8.974,46.784],[8.964,46.787],[8.956,46.779],[8.948,46.777],[8.947,46.775],[8.95,46.772],[8.948,46.77],[8.942,46.77],[8.938,46.762],[8.934,46.76],[8.924,46.762],[8.922,46.759],[8.911,46.761],[8.907,46.759],[8.909,46.764],[8.907,46.766],[8.902,46.769],[8.891,46.771],[8.892,46.774],[8.896,46.775],[8.897,46.778],[8.904,46.782],[8.886,46.785],[8.884,46.787],[8.885,46.791],[8.874,46.796],[8.869,46.796],[8.873,46.793],[8.874,46.791],[8.873,46.789],[8.866,46.792],[8.866,46.791],[8.875,46.785],[8.875,46.782],[8.871,46.776],[8.872,46.773],[8.866,46.772],[8.856,46.779],[8.851,46.78],[8.85,46.782],[8.846,46.782],[8.846,46.778],[8.843,46.777],[8.84,46.779],[8.847,46.771],[8.853,46.767],[8.853,46.76],[8.858,46.76],[8.862,46.762],[8.868,46.76],[8.869,46.758],[8.879,46.755],[8.88,46.753],[8.875,46.751],[8.87,46.746],[8.873,46.744],[8.864,46.74],[8.863,46.733],[8.861,46.732],[8.852,46.736],[8.848,46.735],[8.846,46.731],[8.847,46.727],[8.845,46.725],[8.835,46.725],[8.829,46.727],[8.825,46.726],[8.818,46.729],[8.824,46.725],[8.824,46.722],[8.822,46.721],[8.819,46.723],[8.808,46.725],[8.804,46.72],[8.806,46.72],[8.804,46.716],[8.805,46.714],[8.807,46.714],[8.804,46.711],[8.792,46.712],[8.791,46.711],[8.793,46.709],[8.786,46.705],[8.785,46.701],[8.776,46.702],[8.772,46.704],[8.772,46.707],[8.769,46.712],[8.763,46.714],[8.76,46.712],[8.756,46.713],[8.754,46.734],[8.75,46.737],[8.749,46.734],[8.753,46.732],[8.751,46.719],[8.752,46.712],[8.755,46.707],[8.753,46.693],[8.743,46.693],[8.739,46.701],[8.73,46.701],[8.727,46.705],[8.725,46.699],[8.728,46.694],[8.726,46.692],[8.73,46.687],[8.726,46.687],[8.72,46.683],[8.716,46.686],[8.716,46.688],[8.709,46.692],[8.707,46.696],[8.699,46.686],[8.701,46.681],[8.699,46.679],[8.7,46.677],[8.697,46.674],[8.691,46.679],[8.69,46.682],[8.683,46.679],[8.683,46.672],[8.68,46.67],[8.67,46.668],[8.664,46.669],[8.654,46.666],[8.651,46.667],[8.641,46.663],[8.634,46.666],[8.631,46.669],[8.628,46.667],[8.626,46.668],[8.628,46.673]],[[8.739,46.799375],[8.739,46.793],[8.744,46.793],[8.744,46.795],[8.739,46.799375]],[[8.736057692307693,46.80228846153846],[8.737,46.807],[8.739,46.809],[8.736,46.81],[8.73,46.807],[8.736057692307693,46.80228846153846]]],[[[8.634,46.666],[8.631,46.665],[8.631,46.667],[8.634,46.666]]],[[[9.378,46.905],[9.381,46.907],[9.385,46.907],[9.39,46.905],[9.385,46.903],[9.378,46.905]]],[[[8.686,46.922],[8.683,46.92],[8.676,46.919],[8.671,46.922],[8.67,46.926],[8.676,46.928],[8.678,46.924],[8.683,46.926],[8.686,46.924],[8.686,46.922]]],[[[9.434,47.102],[9.421,47.103],[9.416,47.107],[9.415,47.11],[9.408,47.114],[9.404,47.121],[9.405,47.125],[9.409,47.126],[9.41,47.123],[9.415,47.119],[9.422,47.121],[9.425,47.119],[9.426,47.118],[9.424,47.114],[9.428,47.112],[9.431,47.104],[9.434,47.102]]],[[[9.416,46.473],[9.411,46.467],[9.408,46.47],[9.402,46.47],[9.394,46.475],[9.396,46.478],[9.408,46.482],[9.407,46.484],[9.409,46.487],[9.418,46.486],[9.417,46.489],[9.419,46.493],[9.418,46.493],[9.429,46.499],[9.432,46.497],[9.425,46.493],[9.426,46.491],[9.423,46.488],[9.423,46.479],[9.416,46.473]]],[[[9.427,46.934],[9.412,46.933],[9.403,46.941],[9.409,46.943],[9.412,46.94],[9.428,46.936],[9.427,46.934]]],[[[9.399,47.126],[9.393,47.133],[9.386,47.134],[9.38,47.138],[9.37,47.136],[9.367,47.137],[9.368,47.14],[9.377,47.146],[9.381,47.146],[9.383,47.143],[9.386,47.146],[9.388,47.146],[9.393,47.143],[9.397,47.143],[9.403,47.148],[9.407,47.146],[9.412,47.146],[9.411,47.141],[9.403,47.137],[9.406,47.134],[9.406,47.132],[9.399,47.126]]],[[[9.387,47.234],[9.373,47.231],[9.367,47.235],[9.36,47.232],[9.355,47.234],[9.354,47.236],[9.35,47.236],[9.357,47.243],[9.354,47.245],[9.347,47.245],[9.341,47.249],[9.321,47.24],[9.315,47.244],[9.316,47.248],[9.324,47.253],[9.331,47.254],[9.358,47.269],[9.361,47.268],[9.365,47.27],[9.372,47.27],[9.365,47.266],[9.364,47.263],[9.358,47.259],[9.354,47.254],[9.358,47.255],[9.361,47.254],[9.363,47.252],[9.359,47.25],[9.364,47.247],[9.367,47.247],[9.374,47.251],[9.377,47.25],[9.377,47.247],[9.381,47.247],[9.384,47.244],[9.401,47.242],[9.404,47.244],[9.407,47.242],[9.4,47.235],[9.397,47.237],[9.393,47.237],[9.387,47.234]]],[[[9.387,46.482],[9.376,46.486],[9.369,46.494],[9.369,46.498],[9.373,46.499],[9.374,46.501],[9.372,46.505],[9.367,46.506],[9.361,46.51],[9.354,46.509],[9.351,46.507],[9.341,46.509],[9.346,46.512],[9.346,46.515],[9.348,46.517],[9.351,46.516],[9.354,46.517],[9.349,46.519],[9.351,46.522],[9.354,46.52],[9.357,46.521],[9.355,46.523],[9.357,46.528],[9.359,46.528],[9.367,46.517],[9.373,46.521],[9.381,46.521],[9.384,46.523],[9.387,46.522],[9.391,46.526],[9.406,46.525],[9.4,46.518],[9.391,46.514],[9.387,46.51],[9.382,46.509],[9.387,46.509],[9.393,46.506],[9.393,46.504],[9.39,46.502],[9.378,46.501],[9.38,46.495],[9.386,46.497],[9.389,46.493],[9.394,46.491],[9.387,46.487],[9.387,46.482]]],[[[9.361,46.652],[9.359,46.65],[9.356,46.652],[9.354,46.654],[9.354,46.658],[9.359,46.658],[9.366,46.661],[9.369,46.659],[9.382,46.658],[9.369,46.655],[9.363,46.656],[9.36,46.654],[9.361,46.652]]],[[[9.323,46.633],[9.306,46.63],[9.304,46.634],[9.306,46.641],[9.32,46.643],[9.326,46.641],[9.332,46.645],[9.342,46.643],[9.346,46.647],[9.349,46.644],[9.356,46.642],[9.356,46.64],[9.349,46.639],[9.336,46.632],[9.323,46.633]]],[[[9.212,47.152],[9.215,47.151],[9.212,47.15],[9.212,47.152]]],[[[9.215,47.151],[9.229,47.16],[9.236,47.162],[9.235,47.164],[9.236,47.165],[9.239,47.165],[9.241,47.162],[9.246,47.164],[9.249,47.161],[9.25,47.164],[9.252,47.165],[9.255,47.162],[9.259,47.168],[9.269,47.165],[9.295,47.167],[9.305,47.164],[9.305,47.168],[9.315,47.168],[9.316,47.172],[9.315,47.174],[9.319,47.175],[9.321,47.17],[9.321,47.162],[9.328,47.17],[9.331,47.168],[9.338,47.173],[9.342,47.167],[9.34,47.16],[9.331,47.159],[9.328,47.153],[9.323,47.152],[9.321,47.15],[9.311,47.156],[9.305,47.155],[9.301,47.157],[9.288,47.159],[9.271,47.155],[9.268,47.153],[9.252,47.155],[9.245,47.154],[9.23,47.149],[9.229,47.147],[9.218,47.149],[9.215,47.151]]],[[[9.34,47.032],[9.333,47.03],[9.331,47.032],[9.333,47.033],[9.34,47.032]]],[[[9.203,46.98],[9.2,46.983],[9.201,46.985],[9.2,46.987],[9.197,46.989],[9.202,46.992],[9.2,46.993],[9.197,46.99],[9.196,46.992],[9.187,46.992],[9.18,46.996],[9.181,47.003],[9.195,47.005],[9.194,47.011],[9.201,47.01],[9.205,47.014],[9.205,47.019],[9.2,47.021],[9.205,47.023],[9.202,47.03],[9.196,47.028],[9.195,47.019],[9.185,47.015],[9.168,47.019],[9.169,47.024],[9.167,47.026],[9.165,47.027],[9.162,47.024],[9.156,47.029],[9.155,47.027],[9.157,47.026],[9.157,47.024],[9.155,47.022],[9.156,47.015],[9.155,47.013],[9.152,47.014],[9.148,47.013],[9.145,47.01],[9.141,47.013],[9.139,47.017],[9.134,47.017],[9.129,47.022],[9.122,47.023],[9.124,47.026],[9.123,47.035],[9.125,47.038],[9.12,47.044],[9.122,47.047],[9.12,47.048],[9.113,47.046],[9.108,47.047],[9.107,47.049],[9.11,47.051],[9.111,47.06],[9.117,47.063],[9.134,47.066],[9.136,47.064],[9.133,47.062],[9.133,47.059],[9.137,47.056],[9.14,47.057],[9.143,47.056],[9.153,47.059],[9.156,47.062],[9.167,47.065],[9.173,47.069],[9.187,47.068],[9.184,47.066],[9.184,47.062],[9.175,47.053],[9.153,47.045],[9.149,47.045],[9.146,47.042],[9.149,47.038],[9.153,47.037],[9.165,47.042],[9.174,47.044],[9.179,47.043],[9.189,47.048],[9.199,47.049],[9.205,47.047],[9.209,47.05],[9.207,47.054],[9.216,47.058],[9.211,47.072],[9.212,47.075],[9.219,47.071],[9.229,47.074],[9.233,47.071],[9.239,47.076],[9.243,47.077],[9.253,47.078],[9.262,47.075],[9.269,47.078],[9.269,47.074],[9.261,47.072],[9.259,47.068],[9.241,47.065],[9.245,47.063],[9.244,47.061],[9.231,47.05],[9.232,47.049],[9.241,47.054],[9.251,47.051],[9.251,47.049],[9.248,47.048],[9.246,47.045],[9.251,47.038],[9.255,47.04],[9.258,47.039],[9.26,47.036],[9.254,47.028],[9.255,47.022],[9.261,47.021],[9.273,47.024],[9.28,47.023],[9.283,47.026],[9.295,47.028],[9.297,47.034],[9.3,47.033],[9.297,47.03],[9.299,47.026],[9.297,47.024],[9.298,47.021],[9.3,47.02],[9.305,47.024],[9.303,47.026],[9.307,47.028],[9.307,47.026],[9.31,47.025],[9.317,47.025],[9.323,47.028],[9.322,47.03],[9.323,47.032],[9.33,47.032],[9.338,47.025],[9.333,47.024],[9.33,47.026],[9.326,47.025],[9.325,47.021],[9.322,47.019],[9.323,47.018],[9.326,47.02],[9.327,47.016],[9.333,47.015],[9.333,47.013],[9.329,47.01],[9.32,47.015],[9.313,47.015],[9.312,47.01],[9.306,47.006],[9.3,47.009],[9.293,47.01],[9.291,47.006],[9.297,47.006],[9.298,47.003],[9.293,47.001],[9.293,46.999],[9.297,46.997],[9.292,46.993],[9.289,46.993],[9.286,46.989],[9.283,46.991],[9.279,46.988],[9.267,46.99],[9.269,46.994],[9.273,46.995],[9.27,46.995],[9.27,46.999],[9.268,47.002],[9.265,47.002],[9.259,46.995],[9.251,46.991],[9.251,46.988],[9.24,46.983],[9.236,46.983],[9.233,46.986],[9.236,46.989],[9.236,46.991],[9.231,47.0],[9.235,47.004],[9.229,47.005],[9.234,47.009],[9.234,47.013],[9.229,47.014],[9.227,47.013],[9.221,47.015],[9.215,47.009],[9.211,46.998],[9.208,46.994],[9.208,46.985],[9.203,46.98]]],[[[9.229,47.074],[9.233,47.076],[9.235,47.074],[9.229,47.074]]],[[[9.321,46.614],[9.312,46.611],[9.304,46.614],[9.314,46.621],[9.309,46.622],[9.306,46.62],[9.302,46.62],[9.3,46.621],[9.304,46.623],[9.306,46.627],[9.309,46.627],[9.316,46.625],[9.322,46.62],[9.329,46.62],[9.332,46.616],[9.321,46.616],[9.321,46.614]]],[[[9.279,46.493],[9.275,46.492],[9.274,46.493],[9.273,46.502],[9.277,46.504],[9.279,46.508],[9.286,46.506],[9.298,46.511],[9.293,46.513],[9.296,46.516],[9.299,46.516],[9.302,46.513],[9.309,46.514],[9.325,46.508],[9.321,46.508],[9.318,46.505],[9.308,46.505],[9.302,46.501],[9.295,46.501],[9.292,46.498],[9.282,46.499],[9.28,46.498],[9.279,46.493]]],[[[9.31,46.589],[9.311,46.592],[9.315,46.594],[9.317,46.587],[9.314,46.584],[9.31,46.589]]],[[[9.314,46.594],[9.306,46.589],[9.303,46.589],[9.298,46.591],[9.302,46.594],[9.297,46.599],[9.299,46.601],[9.305,46.599],[9.311,46.594],[9.314,46.594]]],[[[9.302,46.738],[9.293,46.732],[9.291,46.734],[9.292,46.74],[9.29,46.742],[9.29,46.745],[9.302,46.738]]],[[[9.285,46.583],[9.272,46.583],[9.281,46.588],[9.282,46.591],[9.288,46.592],[9.292,46.589],[9.302,46.587],[9.299,46.585],[9.295,46.586],[9.291,46.584],[9.285,46.585],[9.285,46.583]]],[[[9.278,46.567],[9.262,46.567],[9.248,46.572],[9.242,46.576],[9.232,46.575],[9.219,46.586],[9.223,46.59],[9.23,46.586],[9.243,46.584],[9.265,46.586],[9.267,46.581],[9.265,46.578],[9.259,46.578],[9.253,46.575],[9.258,46.572],[9.262,46.573],[9.268,46.571],[9.275,46.573],[9.288,46.572],[9.278,46.567]]],[[[9.279,46.381],[9.275,46.381],[9.273,46.383],[9.274,46.388],[9.271,46.39],[9.273,46.392],[9.267,46.399],[9.269,46.401],[9.275,46.401],[9.277,46.399],[9.276,46.392],[9.278,46.388],[9.282,46.389],[9.284,46.387],[9.279,46.381]]],[[[9.245,46.446],[9.238,46.446],[9.23,46.451],[9.233,46.453],[9.231,46.462],[9.222,46.47],[9.221,46.474],[9.217,46.476],[9.22,46.478],[9.22,46.481],[9.215,46.485],[9.215,46.487],[9.223,46.49],[9.231,46.496],[9.24,46.497],[9.243,46.5],[9.25,46.498],[9.238,46.492],[9.231,46.485],[9.236,46.482],[9.246,46.481],[9.246,46.471],[9.237,46.462],[9.238,46.461],[9.26,46.464],[9.264,46.475],[9.268,46.476],[9.269,46.478],[9.268,46.482],[9.265,46.484],[9.266,46.487],[9.272,46.488],[9.273,46.48],[9.277,46.477],[9.277,46.475],[9.273,46.473],[9.273,46.466],[9.276,46.464],[9.275,46.459],[9.261,46.45],[9.251,46.45],[9.245,46.446]]],[[[9.26,46.975],[9.256,46.974],[9.243,46.977],[9.244,46.982],[9.249,46.983],[9.256,46.981],[9.259,46.984],[9.263,46.983],[9.264,46.979],[9.26,46.975]]],[[[9.248,46.659],[9.235,46.657],[9.231,46.66],[9.246,46.662],[9.252,46.666],[9.255,46.665],[9.248,46.659]]],[[[9.241,46.593],[9.236,46.591],[9.233,46.595],[9.235,46.597],[9.235,46.6],[9.237,46.601],[9.235,46.604],[9.237,46.606],[9.243,46.603],[9.247,46.605],[9.253,46.604],[9.253,46.601],[9.246,46.6],[9.241,46.593]]],[[[9.236,46.629],[9.231,46.623],[9.226,46.624],[9.224,46.626],[9.213,46.629],[9.218,46.631],[9.221,46.629],[9.225,46.629],[9.231,46.633],[9.236,46.629]]],[[[9.222,46.566],[9.205,46.562],[9.208,46.569],[9.206,46.571],[9.21,46.572],[9.222,46.568],[9.222,46.566]]],[[[9.172,46.385],[9.171,46.383],[9.17,46.385],[9.161,46.39],[9.171,46.392],[9.177,46.391],[9.181,46.393],[9.182,46.391],[9.181,46.389],[9.172,46.385]]],[[[9.115,46.556],[9.117172413793105,46.558793103448274],[9.114,46.558],[9.115,46.56],[9.117470588235294,46.559176470588234],[9.122,46.565],[9.128,46.567],[9.135,46.565],[9.123,46.561],[9.124,46.558],[9.128,46.56],[9.131,46.559],[9.144,46.562],[9.145,46.56],[9.14,46.555],[9.14,46.552],[9.147,46.553],[9.151,46.551],[9.167,46.551],[9.176,46.553],[9.179,46.551],[9.17,46.547],[9.165,46.547],[9.163,46.545],[9.163,46.543],[9.173,46.542],[9.166,46.537],[9.15,46.535],[9.146,46.534],[9.143,46.531],[9.13,46.53],[9.123,46.527],[9.12,46.53],[9.119,46.538],[9.116,46.543],[9.124,46.545],[9.124,46.547],[9.121,46.55],[9.121,46.555],[9.115,46.556]],[[9.124,46.545],[9.127,46.544],[9.132,46.545],[9.132,46.547],[9.13,46.548],[9.125,46.547],[9.124,46.545]]],[[[9.012,46.509],[9.015,46.511],[9.015,46.513],[9.007,46.517],[9.012,46.52],[9.019,46.52],[9.019,46.528],[9.026,46.532],[9.03,46.531],[9.028,46.526],[9.031,46.524],[9.029,46.521],[9.025,46.52],[9.022,46.517],[9.023,46.515],[9.026,46.515],[9.032,46.52],[9.034,46.515],[9.031,46.513],[9.032,46.51],[9.037,46.515],[9.038,46.52],[9.044,46.517],[9.041,46.514],[9.045,46.516],[9.055,46.515],[9.055,46.517],[9.049,46.521],[9.049,46.526],[9.045,46.53],[9.049,46.532],[9.051,46.535],[9.054,46.535],[9.058,46.532],[9.068,46.533],[9.075,46.528],[9.072,46.523],[9.067,46.519],[9.068,46.518],[9.087,46.525],[9.091,46.525],[9.105,46.516],[9.104,46.512],[9.097,46.509],[9.09,46.512],[9.08,46.509],[9.067,46.512],[9.061,46.508],[9.058,46.51],[9.051,46.508],[9.051,46.496],[9.059,46.499],[9.084,46.501],[9.086,46.498],[9.084,46.494],[9.086,46.492],[9.09,46.495],[9.096,46.493],[9.103,46.495],[9.119,46.493],[9.129,46.494],[9.132,46.493],[9.126,46.489],[9.124,46.484],[9.128,46.483],[9.132,46.484],[9.136,46.482],[9.133,46.475],[9.144,46.474],[9.148,46.472],[9.145,46.468],[9.131,46.468],[9.129,46.473],[9.115,46.479],[9.098,46.478],[9.096,46.476],[9.109,46.469],[9.107,46.464],[9.108,46.46],[9.088,46.447],[9.086,46.444],[9.09,46.44],[9.09,46.435],[9.088,46.433],[9.078,46.434],[9.076,46.438],[9.081,46.442],[9.071,46.447],[9.079,46.449],[9.082,46.453],[9.081,46.456],[9.086,46.458],[9.086,46.471],[9.076,46.474],[9.07,46.474],[9.068,46.476],[9.07,46.479],[9.057,46.475],[9.05,46.477],[9.044,46.482],[9.035,46.483],[9.036,46.486],[9.041,46.488],[9.042,46.49],[9.034,46.492],[9.031,46.495],[9.018,46.492],[9.015,46.495],[9.024,46.499],[9.023,46.502],[9.018,46.5],[9.011,46.506],[9.012,46.509]]],[[[9.126,46.626],[9.121,46.626],[9.123,46.628],[9.122,46.633],[9.124,46.635],[9.12,46.636],[9.12,46.638],[9.13,46.637],[9.13,46.635],[9.14,46.63],[9.126,46.626]]],[[[9.14,46.63],[9.139,46.633],[9.143,46.632],[9.14,46.63]]],[[[9.095,46.588],[9.085,46.588],[9.083,46.593],[9.087,46.597],[9.085,46.602],[9.087,46.603],[9.096,46.598],[9.098,46.602],[9.096,46.604],[9.1,46.605],[9.106,46.602],[9.117,46.601],[9.106,46.594],[9.093,46.593],[9.097,46.59],[9.095,46.588]]],[[[9.088,46.397],[9.087,46.391],[9.083,46.39],[9.081,46.393],[9.081,46.395],[9.085,46.399],[9.084,46.402],[9.09,46.405],[9.096,46.404],[9.096,46.401],[9.088,46.397]]],[[[9.073,46.35],[9.076,46.352],[9.078,46.35],[9.076,46.348],[9.073,46.35]]],[[[9.076,46.352],[9.078,46.357],[9.079,46.358],[9.082,46.356],[9.085,46.359],[9.088,46.359],[9.088,46.352],[9.079,46.35],[9.076,46.352]]],[[[9.078,46.539],[9.058,46.535],[9.052,46.539],[9.051,46.542],[9.052,46.544],[9.059,46.543],[9.065,46.549],[9.075,46.55],[9.077,46.548],[9.073,46.544],[9.075,46.542],[9.081,46.543],[9.084,46.541],[9.081,46.538],[9.078,46.539]]],[[[9.011,46.581],[9.016,46.578],[9.012,46.576],[9.02,46.575],[9.023,46.573],[9.02,46.571],[9.024,46.569],[9.021,46.571],[9.024,46.573],[9.025,46.58],[9.034,46.585],[9.035,46.587],[9.037,46.587],[9.038,46.589],[9.033,46.594],[9.033,46.596],[9.044,46.6],[9.05,46.598],[9.065,46.598],[9.056,46.593],[9.06,46.59],[9.067,46.591],[9.07,46.588],[9.076,46.588],[9.083,46.584],[9.084,46.582],[9.076,46.582],[9.07,46.58],[9.06,46.581],[9.053,46.578],[9.047,46.582],[9.043,46.582],[9.033,46.578],[9.032,46.573],[9.037,46.574],[9.037,46.571],[9.041,46.569],[9.033,46.56],[9.026,46.556],[9.014,46.565],[9.01,46.566],[9.01,46.568],[9.015,46.569],[9.014,46.572],[9.006,46.576],[9.007,46.579],[9.011,46.581]]],[[[9.073,46.312],[9.071,46.31],[9.067,46.312],[9.071,46.316],[9.071,46.321],[9.081,46.322],[9.083,46.321],[9.08,46.318],[9.073,46.316],[9.073,46.312]]],[[[9.041,46.695],[9.04,46.692],[9.037,46.694],[9.027,46.693],[9.022,46.699],[9.024,46.701],[9.04,46.698],[9.044,46.701],[9.051,46.699],[9.041,46.695]]],[[[9.05,46.678],[9.036,46.675],[9.03,46.676],[9.027,46.675],[9.02,46.678],[9.017,46.676],[9.002,46.689],[9.004,46.689],[9.005,46.691],[9.003,46.693],[9.014,46.696],[9.023,46.69],[9.027,46.692],[9.03,46.689],[9.034,46.689],[9.036,46.686],[9.033,46.682],[9.026,46.681],[9.03,46.678],[9.033,46.681],[9.036,46.679],[9.046,46.681],[9.05,46.68],[9.05,46.678]]],[[[8.86,46.565],[8.831,46.564],[8.818,46.572],[8.808,46.573],[8.807,46.579],[8.814,46.581],[8.81,46.585],[8.812,46.59],[8.824,46.594],[8.827,46.601],[8.832,46.601],[8.835,46.596],[8.848,46.597],[8.849,46.594],[8.84,46.587],[8.848,46.578],[8.848,46.58],[8.851,46.583],[8.854,46.585],[8.858,46.584],[8.857,46.587],[8.861,46.587],[8.864,46.591],[8.881,46.591],[8.903,46.598],[8.897,46.601],[8.882,46.602],[8.879,46.605],[8.878,46.61],[8.872,46.611],[8.861,46.618],[8.863,46.621],[8.86,46.623],[8.878,46.629],[8.885,46.635],[8.888,46.632],[8.892,46.634],[8.892,46.637],[8.895,46.636],[8.901,46.639],[8.912,46.64],[8.91,46.642],[8.91,46.645],[8.907,46.647],[8.912,46.651],[8.923,46.647],[8.921,46.645],[8.917,46.645],[8.916,46.642],[8.924,46.641],[8.931,46.644],[8.934,46.642],[8.934,46.645],[8.961,46.649],[8.969,46.642],[8.97,46.639],[8.974,46.642],[8.974,46.644],[8.977,46.645],[8.98,46.641],[8.983,46.646],[8.988,46.641],[8.985,46.637],[8.989,46.637],[8.988,46.639],[8.99,46.64],[8.993,46.639],[8.99,46.637],[8.996,46.635],[8.994,46.63],[8.997,46.628],[8.983,46.622],[8.969,46.624],[8.966,46.622],[8.966,46.619],[8.982,46.616],[9.002,46.623],[9.012,46.63],[9.014,46.63],[9.017,46.625],[9.02,46.625],[9.02,46.63],[9.022,46.631],[9.024,46.63],[9.023,46.627],[9.025,46.626],[9.028,46.627],[9.035,46.625],[9.043,46.625],[9.036,46.623],[9.035,46.62],[9.031,46.618],[9.035,46.613],[9.038,46.614],[9.049,46.609],[9.044,46.608],[9.036,46.603],[9.031,46.597],[9.016,46.603],[9.009,46.607],[9.008,46.61],[9.004,46.612],[8.998,46.61],[8.995,46.605],[8.99,46.603],[8.979,46.604],[8.976,46.602],[8.972,46.602],[8.969,46.603],[8.956,46.597],[8.95,46.599],[8.947,46.604],[8.942,46.608],[8.943,46.612],[8.94565517241379,46.61313793103449],[8.941,46.615],[8.94,46.618],[8.933,46.616],[8.93,46.62],[8.924,46.62],[8.92,46.618],[8.919,46.615],[8.924,46.613],[8.923,46.608],[8.927,46.609],[8.93,46.604],[8.925,46.597],[8.912,46.591],[8.911,46.588],[8.913,46.583],[8.915,46.582],[8.91,46.58],[8.91,46.578],[8.906,46.577],[8.9,46.58],[8.896,46.58],[8.887,46.574],[8.883,46.575],[8.877,46.574],[8.872,46.569],[8.867,46.567],[8.863,46.567],[8.86,46.565]],[[8.947200000000006,46.613800000000005],[8.95,46.615],[8.949,46.615],[8.947200000000006,46.613800000000005]]],[[[9.023,46.65],[9.02,46.65],[9.021,46.655],[9.02,46.656],[9.013,46.659],[9.013,46.661],[9.016,46.664],[9.02,46.664],[9.026,46.661],[9.039,46.66],[9.043,46.661],[9.045,46.659],[9.039,46.657],[9.024,46.657],[9.025,46.652],[9.023,46.65]]],[[[9.037,46.641],[9.029,46.64],[9.026,46.642],[9.022,46.64],[9.016,46.646],[9.019,46.65],[9.022,46.645],[9.026,46.648],[9.029,46.643],[9.037,46.641]]],[[[9.0,46.54],[9.003,46.545],[9.017,46.544],[9.018,46.549],[9.033,46.552],[9.034,46.549],[9.032,46.544],[9.028,46.542],[9.027,46.54],[9.028,46.537],[9.024,46.535],[9.019,46.529],[9.006,46.534],[9.0,46.54]]],[[[9.029,47.074],[9.025,47.065],[9.019,47.066],[9.012,47.07],[8.994,47.071],[9.025,47.075],[9.029,47.074]]],[[[9.018,46.58],[9.014,46.58],[9.017,46.582],[9.018,46.58]]],[[[8.971,47.049],[8.955,47.049],[8.954,47.054],[8.963,47.06],[8.976,47.062],[8.979,47.064],[8.999,47.065],[9.009,47.064],[9.011,47.062],[8.995,47.056],[8.993,47.058],[8.986,47.058],[8.979,47.052],[8.971,47.049]]],[[[8.996,46.466],[8.992,46.466],[8.993,46.47],[8.987,46.473],[8.988,46.475],[8.986,46.477],[8.986,46.48],[8.992,46.479],[8.994,46.475],[8.997,46.473],[8.996,46.466]]],[[[8.935212389380531,46.89017699115044],[8.941,46.895],[8.949,46.896],[8.954,46.899],[8.961,46.896],[8.961,46.893],[8.958,46.892],[8.935212389380531,46.89017699115044]]],[[[8.904,47.038],[8.899,47.037],[8.893,47.041],[8.899,47.043],[8.897,47.045],[8.905,47.05],[8.916,47.051],[8.919,47.049],[8.92,47.052],[8.931,47.054],[8.93,47.058],[8.939,47.064],[8.947,47.067],[8.945,47.069],[8.946,47.072],[8.956,47.073],[8.958,47.071],[8.951,47.065],[8.948,47.058],[8.95,47.054],[8.946,47.051],[8.936,47.046],[8.932,47.046],[8.922,47.042],[8.915,47.043],[8.909,47.04],[8.904,47.041],[8.904,47.038]]],[[[8.944,46.659],[8.915,46.655],[8.912,46.656],[8.912,46.659],[8.9,46.663],[8.902,46.665],[8.909,46.666],[8.912,46.662],[8.915,46.662],[8.916,46.663],[8.915,46.665],[8.921,46.667],[8.922,46.669],[8.925,46.665],[8.928,46.664],[8.93,46.665],[8.928,46.667],[8.935,46.668],[8.941,46.664],[8.948,46.664],[8.951,46.662],[8.944,46.659]]],[[[8.919,46.673],[8.912,46.67],[8.903,46.674],[8.902,46.681],[8.906,46.68],[8.912,46.675],[8.916,46.677],[8.921,46.676],[8.919,46.673]]],[[[8.824,47.003],[8.816,47.005],[8.813,47.003],[8.796,47.002],[8.794,47.004],[8.81,47.005],[8.816,47.008],[8.819,47.007],[8.826,47.012],[8.833,47.01],[8.835,47.012],[8.831,47.015],[8.833,47.016],[8.836,47.015],[8.837,47.012],[8.839,47.011],[8.849,47.016],[8.851,47.012],[8.86,47.012],[8.856,47.005],[8.852,47.004],[8.842,47.004],[8.839,47.007],[8.836,47.007],[8.824,47.003]]],[[[8.853,46.555],[8.84,46.548],[8.836,46.551],[8.838,46.553],[8.837,46.555],[8.832,46.558],[8.837,46.56],[8.844,46.558],[8.844,46.556],[8.85,46.557],[8.853,46.555]]],[[[8.802,46.945],[8.791,46.939],[8.784,46.941],[8.779,46.945],[8.785,46.952],[8.792,46.951],[8.795,46.947],[8.798,46.95],[8.803,46.95],[8.802,46.945]]],[[[8.691,46.452],[8.698,46.449],[8.688,46.447],[8.685,46.449],[8.688,46.455],[8.695,46.455],[8.695,46.452],[8.691,46.452]]],[[[8.698,46.449],[8.701,46.451],[8.704,46.451],[8.708,46.448],[8.711,46.453],[8.713,46.451],[8.721,46.45],[8.728,46.447],[8.731,46.444],[8.743,46.44],[8.751,46.435],[8.754,46.435],[8.759,46.441],[8.773,46.437],[8.776,46.44],[8.782,46.441],[8.794,46.437],[8.788,46.431],[8.782,46.431],[8.78,46.435],[8.778,46.435],[8.772,46.431],[8.771,46.428],[8.766,46.423],[8.755,46.422],[8.752,46.419],[8.752,46.413],[8.759,46.412],[8.761,46.41],[8.758,46.404],[8.761,46.401],[8.752,46.4],[8.748,46.402],[8.75,46.408],[8.748,46.408],[8.748,46.406],[8.74,46.406],[8.741,46.413],[8.737,46.415],[8.743,46.42],[8.74,46.423],[8.736,46.421],[8.721,46.429],[8.71,46.429],[8.707,46.432],[8.706,46.429],[8.701,46.427],[8.699,46.429],[8.701,46.431],[8.701,46.436],[8.704,46.438],[8.701,46.44],[8.698,46.438],[8.694,46.438],[8.691,46.44],[8.698,46.441],[8.701,46.443],[8.698,46.449]]],[[[8.722,46.644],[8.725,46.642],[8.722,46.642],[8.722,46.644]]],[[[8.725,46.642],[8.725,46.649],[8.732,46.646],[8.742,46.646],[8.745,46.649],[8.745,46.653],[8.749,46.649],[8.746,46.647],[8.746,46.644],[8.74,46.638],[8.745,46.638],[8.748,46.635],[8.743,46.633],[8.728,46.635],[8.723,46.64],[8.725,46.642]]],[[[8.731,46.339],[8.731,46.336],[8.727,46.339],[8.728,46.341],[8.721,46.343],[8.72,46.346],[8.725,46.347],[8.738,46.341],[8.741,46.341],[8.731,46.339]]],[[[8.712,46.832],[8.707,46.828],[8.7,46.831],[8.686,46.832],[8.69,46.836],[8.694,46.835],[8.704,46.839],[8.713,46.838],[8.715,46.843],[8.713,46.847],[8.714,46.85],[8.727,46.849],[8.731,46.847],[8.729,46.845],[8.73,46.84],[8.732,46.838],[8.73,46.836],[8.726,46.836],[8.723,46.834],[8.723,46.831],[8.72,46.83],[8.717,46.833],[8.712,46.832]]],[[[8.724,46.46],[8.714,46.459],[8.708,46.461],[8.703,46.467],[8.704,46.47],[8.708,46.469],[8.712,46.465],[8.713,46.467],[8.711,46.47],[8.714,46.472],[8.713,46.474],[8.718,46.475],[8.723,46.474],[8.721,46.472],[8.716,46.472],[8.721,46.471],[8.724,46.473],[8.725,46.472],[8.723,46.465],[8.727,46.463],[8.724,46.46]]],[[[8.699,46.355],[8.702,46.357],[8.703,46.355],[8.699,46.355]]],[[[8.702,46.357],[8.704,46.359],[8.702,46.362],[8.706,46.365],[8.715,46.361],[8.717,46.357],[8.715,46.354],[8.702,46.357]]],[[[8.653,46.494],[8.657,46.495],[8.658,46.493],[8.655,46.49],[8.663,46.492],[8.666,46.489],[8.666,46.495],[8.67,46.496],[8.676,46.495],[8.676,46.492],[8.679,46.489],[8.692,46.491],[8.694,46.49],[8.691,46.488],[8.692,46.487],[8.699,46.487],[8.701,46.485],[8.7,46.481],[8.705,46.479],[8.704,46.474],[8.702,46.472],[8.698,46.472],[8.692,46.475],[8.682,46.47],[8.68,46.472],[8.682,46.474],[8.682,46.477],[8.676,46.474],[8.672,46.474],[8.663,46.481],[8.656,46.48],[8.653,46.483],[8.65,46.483],[8.646,46.486],[8.647,46.491],[8.645,46.495],[8.647,46.497],[8.653,46.494]]],[[[8.657,46.495],[8.66,46.496],[8.66,46.493],[8.657,46.495]]],[[[8.646,46.488],[8.634,46.488],[8.622,46.495],[8.624,46.497],[8.64,46.499],[8.642,46.497],[8.642,46.493],[8.646,46.49],[8.646,46.488]]],[[[8.591,46.385],[8.587,46.385],[8.584,46.388],[8.587,46.39],[8.587,46.392],[8.58,46.394],[8.581,46.397],[8.586,46.397],[8.591,46.394],[8.602,46.395],[8.606,46.39],[8.606,46.387],[8.602,46.388],[8.599,46.386],[8.591,46.388],[8.591,46.385]]],[[[8.551,46.257],[8.544,46.259],[8.541,46.257],[8.535,46.26],[8.518,46.263],[8.512,46.262],[8.518,46.262],[8.52,46.26],[8.518,46.259],[8.505,46.26],[8.502,46.258],[8.498,46.26],[8.501,46.262],[8.502,46.267],[8.518,46.266],[8.528,46.268],[8.531,46.266],[8.548,46.268],[8.55,46.266],[8.554,46.266],[8.557,46.27],[8.566,46.269],[8.558,46.266],[8.56,46.264],[8.559,46.262],[8.561,46.261],[8.56,46.259],[8.557,46.26],[8.551,46.257]]],[[[8.472,46.909],[8.462,46.904],[8.457,46.908],[8.462,46.913],[8.472,46.911],[8.476,46.914],[8.481,46.915],[8.482,46.917],[8.483,46.915],[8.489,46.913],[8.488,46.91],[8.483,46.91],[8.482,46.912],[8.482,46.91],[8.472,46.909]]],[[[8.487,46.233],[8.469,46.233],[8.469,46.236],[8.466,46.238],[8.466,46.24],[8.47,46.242],[8.469,46.243],[8.463,46.246],[8.456,46.246],[8.453,46.249],[8.444,46.249],[8.443,46.256],[8.447,46.259],[8.453,46.253],[8.457,46.253],[8.46,46.251],[8.466,46.251],[8.473,46.256],[8.48,46.254],[8.476,46.253],[8.471,46.249],[8.474,46.245],[8.475,46.24],[8.48,46.238],[8.477,46.236],[8.482,46.234],[8.485,46.236],[8.487,46.233]]],[[[8.448,46.303],[8.445,46.306],[8.447,46.308],[8.443,46.31],[8.444,46.315],[8.448,46.317],[8.448,46.319],[8.454,46.317],[8.449,46.315],[8.452,46.31],[8.449,46.308],[8.463,46.303],[8.462,46.301],[8.448,46.3],[8.446,46.301],[8.448,46.303]]],[[[8.438,46.297],[8.431,46.294],[8.431,46.297],[8.428,46.299],[8.432,46.302],[8.438,46.303],[8.437,46.306],[8.441,46.308],[8.447,46.303],[8.441,46.303],[8.438,46.297]]],[[[8.157,46.173],[8.151,46.174],[8.146,46.178],[8.151,46.178],[8.154,46.181],[8.165,46.18],[8.157,46.173]]],[[[7.194,45.861],[7.188,45.859],[7.171,45.866],[7.165,45.87],[7.164,45.874],[7.159,45.878],[7.152,45.879],[7.149,45.877],[7.142,45.876],[7.139,45.877],[7.135,45.873],[7.135,45.871],[7.126,45.865],[7.123,45.866],[7.122,45.862],[7.114,45.859],[7.107,45.858],[7.097,45.863],[7.096,45.869],[7.092,45.871],[7.093,45.873],[7.092,45.876],[7.084,45.882],[7.083,45.885],[7.076,45.889],[7.076,45.894],[7.064,45.9],[7.063,45.911],[7.058,45.912],[7.046,45.92],[7.047,45.923],[7.043,45.925],[7.043,45.927],[7.04,45.929],[7.04,45.932],[7.034,45.938],[7.033,45.95],[7.037,45.952],[7.037,45.954],[7.032,45.954],[7.029,45.957],[7.016,45.959],[7.014,45.963],[7.007,45.967],[7.007,45.972],[7.013,45.976],[7.013,45.979],[7.017,45.981],[7.016,45.984],[7.01,45.988],[7.01,45.999],[6.993,46.0],[6.987,46.004],[6.984,46.004],[6.981,46.008],[6.981,46.017],[6.974,46.022],[6.971,46.027],[6.956,46.037],[6.957,46.04],[6.964,46.04],[6.969,46.042],[6.97,46.046],[6.974,46.049],[6.976,46.042],[6.975,46.037],[6.973,46.035],[6.974,46.032],[6.987,46.037],[7.006,46.029],[7.007,46.028],[7.004,46.026],[7.006,46.023],[7.009,46.025],[7.013,46.025],[7.022,46.022],[7.032,46.023],[7.035,46.022],[7.037,46.024],[7.027,46.035],[7.027,46.037],[7.017,46.042],[7.021,46.049],[7.039,46.051],[7.042,46.046],[7.041,46.042],[7.044,46.04],[7.044,46.037],[7.048,46.036],[7.054,46.04],[7.068,46.04],[7.064,46.033],[7.059,46.031],[7.058,46.029],[7.054,46.03],[7.049,46.026],[7.05,46.024],[7.038,46.015],[7.048,46.02],[7.058,46.02],[7.063,46.022],[7.071,46.02],[7.072,46.022],[7.08,46.022],[7.084,46.017],[7.087,46.02],[7.09,46.018],[7.082,46.013],[7.079,46.008],[7.08,46.007],[7.087,46.009],[7.089,46.006],[7.087,46.003],[7.077,46.002],[7.07,45.997],[7.065,45.99],[7.058,45.988],[7.061,45.986],[7.061,45.983],[7.058,45.981],[7.062,45.981],[7.074,45.987],[7.077,45.987],[7.081,45.984],[7.084,45.984],[7.084,45.981],[7.087,45.978],[7.095,45.977],[7.087,45.974],[7.077,45.973],[7.074,45.97],[7.074,45.967],[7.077,45.969],[7.083,45.968],[7.08,45.966],[7.081,45.964],[7.084,45.967],[7.086,45.966],[7.088,45.961],[7.081,45.959],[7.077,45.956],[7.077,45.952],[7.08,45.95],[7.074,45.949],[7.069,45.95],[7.067,45.947],[7.063,45.945],[7.066,45.943],[7.062,45.941],[7.068,45.938],[7.071,45.934],[7.078,45.932],[7.079,45.93],[7.076,45.927],[7.077,45.923],[7.076,45.918],[7.086,45.918],[7.084,45.913],[7.085,45.909],[7.083,45.907],[7.084,45.904],[7.088,45.903],[7.1,45.908],[7.107,45.904],[7.107,45.902],[7.097,45.897],[7.094,45.892],[7.086,45.891],[7.087,45.889],[7.094,45.889],[7.1,45.892],[7.111,45.894],[7.124,45.885],[7.119,45.88],[7.12,45.877],[7.13,45.885],[7.133,45.883],[7.136,45.884],[7.138,45.891],[7.137,45.896],[7.134,45.898],[7.132,45.903],[7.132,45.912],[7.129,45.918],[7.13,45.921],[7.126,45.922],[7.12,45.93],[7.129,45.933],[7.136,45.931],[7.145,45.932],[7.152,45.938],[7.163,45.939],[7.162,45.943],[7.168,45.951],[7.181,45.952],[7.184,45.948],[7.188,45.946],[7.186,45.941],[7.184,45.94],[7.177,45.941],[7.171,45.938],[7.174,45.934],[7.185,45.932],[7.184,45.929],[7.181,45.931],[7.179,45.93],[7.183,45.928],[7.174,45.925],[7.171,45.921],[7.166,45.919],[7.162,45.915],[7.158,45.914],[7.157,45.912],[7.158,45.911],[7.184,45.918],[7.187,45.916],[7.183,45.912],[7.182,45.907],[7.178,45.905],[7.175,45.899],[7.172,45.898],[7.171,45.896],[7.168,45.897],[7.168,45.895],[7.175,45.896],[7.179,45.892],[7.181,45.889],[7.175,45.885],[7.178,45.882],[7.185,45.889],[7.189,45.896],[7.197,45.897],[7.2,45.899],[7.214,45.898],[7.209,45.901],[7.216,45.901],[7.22,45.903],[7.217,45.907],[7.217,45.912],[7.22,45.919],[7.216,45.92],[7.21,45.919],[7.207,45.923],[7.215,45.93],[7.214,45.932],[7.216,45.935],[7.258,45.926],[7.264,45.932],[7.261,45.933],[7.258,45.931],[7.257,45.932],[7.257,45.934],[7.252,45.939],[7.253,45.943],[7.252,45.946],[7.246,45.948],[7.236,45.947],[7.23,45.95],[7.232,45.952],[7.239,45.951],[7.243,45.959],[7.239,45.963],[7.232,45.964],[7.23,45.968],[7.232,45.97],[7.239,45.972],[7.24,45.97],[7.245,45.97],[7.242,45.983],[7.245,45.986],[7.239,45.985],[7.23,45.988],[7.234,45.991],[7.233,45.995],[7.234,45.997],[7.232,46.0],[7.227,46.002],[7.228,46.006],[7.226,46.009],[7.213,46.014],[7.209,46.014],[7.205,46.018],[7.209,46.021],[7.229,46.025],[7.235,46.031],[7.235,46.034],[7.236,46.031],[7.245,46.029],[7.248,46.033],[7.251,46.029],[7.255,46.032],[7.273,46.031],[7.274,46.029],[7.267,46.024],[7.27,46.022],[7.263,46.018],[7.264,46.014],[7.277,46.025],[7.284,46.024],[7.287,46.022],[7.284,46.016],[7.277,46.011],[7.281,45.999],[7.283,46.009],[7.287,46.011],[7.29,46.017],[7.293,46.015],[7.297,46.017],[7.303,46.014],[7.307,46.015],[7.304,46.018],[7.304,46.02],[7.293,46.023],[7.292,46.027],[7.293,46.028],[7.306,46.028],[7.311,46.024],[7.31,46.022],[7.313,46.023],[7.314,46.022],[7.313,46.019],[7.311,46.018],[7.312,46.015],[7.319,46.02],[7.322,46.018],[7.322,46.015],[7.328,46.011],[7.319,46.001],[7.319,45.998],[7.326,46.005],[7.329,46.002],[7.335,46.003],[7.344,45.998],[7.344,45.995],[7.337,45.993],[7.333,45.989],[7.339,45.984],[7.341,45.989],[7.345,45.99],[7.346,45.989],[7.344,45.986],[7.344,45.982],[7.346,45.98],[7.345,45.973],[7.346,45.971],[7.342,45.964],[7.342,45.959],[7.346,45.959],[7.352,45.95],[7.351,45.948],[7.355,45.949],[7.361,45.944],[7.365,45.944],[7.366,45.939],[7.365,45.937],[7.361,45.937],[7.359,45.935],[7.361,45.934],[7.368,45.937],[7.377,45.93],[7.381,45.929],[7.384,45.932],[7.387,45.932],[7.39,45.927],[7.394,45.926],[7.397,45.927],[7.3996249999999995,45.93],[7.396,45.93],[7.395,45.935],[7.398,45.935],[7.398,45.932],[7.3998,45.9302],[7.404,45.935],[7.423,45.943],[7.43,45.948],[7.426,45.946],[7.412,45.944],[7.407,45.941],[7.408,45.939],[7.406,45.938],[7.397,45.939],[7.394,45.941],[7.393,45.944],[7.385,45.944],[7.387,45.941],[7.381,45.937],[7.377,45.936],[7.373,45.939],[7.373,45.941],[7.377,45.944],[7.375,45.948],[7.381,45.95],[7.381,45.953],[7.374,45.953],[7.369,45.955],[7.368,45.957],[7.369,45.962],[7.365,45.966],[7.365,45.973],[7.359,45.984],[7.361,45.987],[7.369,45.991],[7.361,45.994],[7.359,45.998],[7.362,46.002],[7.356,46.007],[7.358,46.009],[7.358,46.012],[7.353,46.013],[7.353,46.016],[7.356,46.018],[7.35,46.022],[7.347,46.029],[7.339,46.033],[7.334,46.033],[7.341,46.04],[7.339,46.042],[7.332,46.039],[7.326,46.039],[7.319,46.042],[7.319,46.044],[7.322,46.046],[7.329,46.042],[7.323,46.047],[7.326,46.051],[7.332,46.054],[7.326,46.055],[7.319,46.052],[7.313,46.047],[7.309,46.049],[7.306,46.047],[7.305,46.049],[7.309,46.056],[7.313,46.054],[7.313,46.059],[7.309,46.059],[7.306,46.061],[7.313,46.067],[7.313,46.07],[7.312,46.067],[7.303,46.062],[7.291,46.069],[7.29,46.072],[7.28,46.074],[7.282,46.076],[7.277,46.077],[7.274,46.081],[7.267,46.082],[7.264,46.087],[7.26,46.087],[7.257,46.09],[7.251,46.091],[7.251,46.093],[7.254,46.094],[7.264,46.092],[7.266,46.099],[7.265,46.103],[7.261,46.108],[7.258,46.108],[7.249,46.114],[7.247,46.117],[7.251,46.118],[7.258,46.117],[7.267,46.114],[7.274,46.116],[7.272,46.123],[7.266,46.128],[7.267,46.132],[7.277,46.131],[7.28,46.129],[7.283,46.131],[7.29,46.124],[7.296,46.127],[7.298,46.126],[7.298,46.123],[7.292,46.119],[7.299,46.114],[7.298,46.11],[7.3,46.109],[7.3,46.112],[7.305,46.117],[7.306,46.12],[7.32,46.114],[7.319,46.111],[7.315,46.11],[7.316,46.105],[7.316,46.108],[7.319,46.109],[7.325,46.104],[7.335,46.103],[7.341,46.11],[7.332,46.112],[7.335,46.114],[7.331,46.119],[7.333,46.121],[7.327,46.123],[7.325,46.126],[7.329,46.126],[7.34,46.13],[7.338,46.133],[7.332,46.133],[7.331,46.135],[7.334,46.139],[7.334,46.144],[7.345,46.146],[7.347,46.148],[7.343,46.15],[7.342,46.153],[7.337,46.157],[7.342,46.159],[7.343,46.162],[7.348,46.16],[7.351,46.164],[7.357,46.164],[7.361,46.16],[7.364,46.16],[7.371,46.156],[7.372,46.155],[7.367,46.152],[7.366,46.148],[7.367,46.146],[7.371,46.146],[7.373,46.144],[7.371,46.142],[7.364,46.145],[7.357,46.144],[7.36,46.141],[7.366,46.139],[7.364,46.139],[7.363,46.137],[7.366,46.135],[7.364,46.128],[7.371,46.124],[7.374,46.125],[7.377,46.119],[7.38,46.117],[7.378,46.114],[7.374,46.112],[7.377,46.108],[7.38,46.111],[7.382,46.11],[7.384,46.105],[7.381,46.103],[7.381,46.101],[7.384,46.098],[7.391,46.099],[7.39,46.093],[7.392,46.09],[7.38,46.087],[7.379,46.081],[7.38,46.08],[7.39,46.085],[7.393,46.089],[7.397,46.086],[7.401,46.088],[7.403,46.083],[7.393,46.081],[7.382,46.067],[7.387,46.067],[7.389,46.065],[7.391,46.056],[7.397,46.049],[7.401,46.036],[7.403,46.034],[7.413,46.034],[7.415,46.031],[7.423,46.031],[7.423,46.035],[7.421,46.036],[7.423,46.036],[7.424,46.038],[7.423,46.041],[7.416,46.042],[7.412,46.047],[7.414,46.052],[7.412,46.054],[7.414,46.056],[7.414,46.061],[7.41,46.059],[7.406,46.061],[7.406,46.063],[7.402,46.067],[7.402,46.07],[7.404,46.072],[7.41,46.074],[7.409,46.079],[7.411,46.081],[7.406,46.081],[7.404,46.085],[7.416,46.086],[7.426,46.083],[7.429,46.088],[7.425,46.097],[7.426,46.102],[7.435,46.092],[7.435,46.089],[7.442,46.09],[7.445,46.094],[7.447,46.094],[7.448,46.099],[7.452,46.095],[7.455,46.095],[7.46,46.099],[7.461,46.102],[7.465,46.098],[7.468,46.1],[7.471,46.099],[7.471,46.096],[7.469,46.094],[7.471,46.092],[7.461,46.093],[7.46,46.092],[7.459,46.09],[7.466,46.085],[7.465,46.083],[7.461,46.083],[7.459,46.081],[7.461,46.078],[7.471,46.074],[7.474,46.067],[7.471,46.064],[7.458,46.061],[7.458,46.056],[7.451,46.052],[7.458,46.047],[7.468,46.047],[7.471,46.044],[7.466,46.043],[7.466,46.04],[7.452,46.036],[7.452,46.034],[7.455,46.031],[7.458,46.033],[7.461,46.031],[7.452,46.027],[7.447,46.022],[7.461,46.015],[7.468,46.017],[7.474,46.013],[7.475,46.009],[7.478,46.007],[7.48,46.0],[7.484,45.998],[7.483,45.995],[7.477,45.992],[7.477,45.99],[7.49,45.993],[7.494,45.997],[7.501,45.993],[7.504,46.0],[7.504,46.004],[7.506,46.006],[7.51,46.006],[7.512,46.009],[7.506,46.009],[7.502,46.013],[7.501,46.016],[7.503,46.018],[7.5,46.016],[7.497,46.017],[7.495,46.02],[7.503,46.025],[7.503,46.031],[7.513,46.035],[7.513,46.038],[7.506,46.04],[7.506,46.045],[7.512,46.047],[7.511,46.052],[7.516,46.056],[7.514,46.063],[7.51,46.067],[7.51,46.071],[7.519,46.069],[7.519,46.064],[7.521,46.063],[7.521,46.06],[7.524,46.06],[7.522,46.065],[7.523,46.066],[7.529,46.066],[7.532,46.063],[7.534,46.056],[7.532,46.051],[7.529,46.05],[7.529,46.048],[7.532,46.048],[7.536,46.051],[7.542,46.045],[7.536,46.04],[7.536,46.038],[7.532,46.034],[7.531,46.038],[7.535,46.04],[7.532,46.041],[7.529,46.039],[7.525,46.034],[7.526,46.031],[7.542,46.031],[7.548,46.041],[7.554,46.045],[7.564,46.04],[7.558,46.034],[7.555,46.033],[7.557,46.031],[7.565,46.035],[7.565,46.038],[7.568,46.04],[7.575,46.033],[7.574,46.043],[7.568,46.049],[7.572,46.054],[7.577,46.056],[7.568,46.065],[7.570117647058824,46.068705882352944],[7.568,46.068],[7.564,46.069],[7.562,46.072],[7.567,46.076],[7.557,46.076],[7.557,46.078],[7.561,46.081],[7.563,46.085],[7.558,46.09],[7.561,46.093],[7.565,46.093],[7.568,46.089],[7.571,46.09],[7.57,46.092],[7.558,46.096],[7.555,46.093],[7.545,46.094],[7.549,46.095],[7.552,46.099],[7.548,46.103],[7.549,46.106],[7.542,46.11],[7.542,46.117],[7.536,46.124],[7.526,46.13],[7.523,46.135],[7.52,46.132],[7.52,46.13],[7.517,46.141],[7.513,46.144],[7.507,46.142],[7.497,46.145],[7.494,46.144],[7.493,46.146],[7.497,46.151],[7.508,46.157],[7.495,46.162],[7.494,46.166],[7.49,46.169],[7.482,46.171],[7.482,46.175],[7.487,46.177],[7.469,46.182],[7.469,46.186],[7.471,46.188],[7.477,46.189],[7.48,46.195],[7.479,46.2],[7.484,46.204],[7.489,46.204],[7.488,46.207],[7.484,46.208],[7.474,46.206],[7.466,46.209],[7.478,46.216],[7.484,46.224],[7.49,46.22],[7.49,46.218],[7.486,46.216],[7.487,46.215],[7.49,46.217],[7.492,46.216],[7.492,46.213],[7.497,46.214],[7.507,46.205],[7.51,46.207],[7.516,46.207],[7.519,46.209],[7.517,46.211],[7.52,46.213],[7.523,46.211],[7.526,46.212],[7.529,46.211],[7.531,46.209],[7.531,46.207],[7.526,46.202],[7.533,46.205],[7.535,46.209],[7.531,46.213],[7.536,46.215],[7.539,46.215],[7.542,46.21],[7.552,46.212],[7.553,46.211],[7.552,46.206],[7.549,46.202],[7.552,46.201],[7.555,46.203],[7.558,46.202],[7.559,46.2],[7.556,46.193],[7.559,46.191],[7.555,46.19],[7.551,46.191],[7.55,46.193],[7.543,46.195],[7.542,46.197],[7.538,46.193],[7.538,46.189],[7.545,46.183],[7.555,46.182],[7.554,46.177],[7.549,46.173],[7.554,46.171],[7.546,46.164],[7.549,46.158],[7.552,46.161],[7.558,46.157],[7.558,46.155],[7.555,46.153],[7.555,46.15],[7.562,46.152],[7.563,46.148],[7.561,46.146],[7.563,46.144],[7.562,46.141],[7.57,46.139],[7.565,46.139],[7.562,46.137],[7.558,46.138],[7.555,46.135],[7.551,46.135],[7.548,46.132],[7.555,46.131],[7.558,46.132],[7.558,46.136],[7.561,46.135],[7.564,46.13],[7.565,46.119],[7.571,46.116],[7.573,46.112],[7.579,46.108],[7.587,46.106],[7.591,46.109],[7.592,46.112],[7.591,46.115],[7.584,46.116],[7.578,46.119],[7.578,46.121],[7.584,46.128],[7.582,46.13],[7.585,46.135],[7.587,46.145],[7.597,46.144],[7.597,46.141],[7.594,46.141],[7.592,46.139],[7.603,46.135],[7.604,46.132],[7.602,46.13],[7.605,46.128],[7.604,46.125],[7.605,46.123],[7.609,46.121],[7.61,46.116],[7.613,46.116],[7.618,46.112],[7.61,46.111],[7.607,46.113],[7.604,46.112],[7.603,46.11],[7.604,46.105],[7.6,46.101],[7.602,46.099],[7.606,46.096],[7.61,46.099],[7.62,46.098],[7.622,46.099],[7.623,46.102],[7.626,46.103],[7.625,46.105],[7.626,46.106],[7.627,46.105],[7.627,46.096],[7.624,46.09],[7.616,46.087],[7.615,46.085],[7.624,46.081],[7.629,46.076],[7.63,46.083],[7.633,46.087],[7.637,46.078],[7.636,46.074],[7.641,46.074],[7.64,46.087],[7.644,46.09],[7.646,46.095],[7.649,46.095],[7.652,46.098],[7.668,46.097],[7.673,46.099],[7.674,46.103],[7.668,46.108],[7.668,46.11],[7.657,46.112],[7.656,46.117],[7.654,46.119],[7.668,46.123],[7.666,46.126],[7.659,46.128],[7.658,46.13],[7.656,46.137],[7.657,46.146],[7.655,46.148],[7.657,46.15],[7.656,46.153],[7.641,46.159],[7.64,46.162],[7.642,46.164],[7.652,46.165],[7.659,46.163],[7.662,46.164],[7.656,46.168],[7.654,46.173],[7.646,46.174],[7.641,46.177],[7.645,46.182],[7.642,46.184],[7.644,46.186],[7.63,46.189],[7.628,46.191],[7.63,46.193],[7.628,46.198],[7.622,46.204],[7.622,46.207],[7.617,46.211],[7.62,46.212],[7.63,46.21],[7.636,46.213],[7.637,46.216],[7.634,46.222],[7.626,46.227],[7.628,46.231],[7.624,46.234],[7.62,46.234],[7.619,46.236],[7.62,46.238],[7.622,46.238],[7.622,46.24],[7.62,46.241],[7.61,46.238],[7.606,46.24],[7.608,46.243],[7.612,46.245],[7.615,46.252],[7.618,46.254],[7.614,46.256],[7.615,46.261],[7.609,46.263],[7.611,46.265],[7.607,46.264],[7.604,46.267],[7.605,46.27],[7.617,46.27],[7.621,46.272],[7.626,46.267],[7.633,46.266],[7.636,46.264],[7.641,46.265],[7.639,46.269],[7.643,46.275],[7.652,46.272],[7.65,46.269],[7.652,46.267],[7.666,46.266],[7.669,46.27],[7.675,46.272],[7.687,46.265],[7.693,46.256],[7.686,46.249],[7.695,46.25],[7.702,46.247],[7.7,46.242],[7.697,46.24],[7.7,46.238],[7.699,46.233],[7.7,46.231],[7.697,46.227],[7.698,46.22],[7.693,46.215],[7.691,46.215],[7.69,46.209],[7.688,46.207],[7.682,46.207],[7.677,46.204],[7.678,46.203],[7.685,46.205],[7.687,46.2],[7.685,46.192],[7.681,46.191],[7.685,46.19],[7.685,46.185],[7.682,46.179],[7.686,46.175],[7.678,46.161],[7.679,46.159],[7.685,46.158],[7.688,46.155],[7.689,46.164],[7.691,46.168],[7.69,46.173],[7.695,46.175],[7.696,46.166],[7.698,46.164],[7.695,46.159],[7.696,46.157],[7.704,46.153],[7.709,46.155],[7.71,46.157],[7.701,46.161],[7.701,46.164],[7.716,46.168],[7.714,46.17],[7.707,46.171],[7.704,46.173],[7.703,46.177],[7.698,46.182],[7.704,46.183],[7.707,46.177],[7.717,46.176],[7.718,46.182],[7.711,46.183],[7.709,46.184],[7.709,46.186],[7.715,46.191],[7.721,46.193],[7.72,46.196],[7.712,46.2],[7.707,46.206],[7.713,46.209],[7.717,46.208],[7.737,46.212],[7.738,46.213],[7.733,46.214],[7.727,46.218],[7.726,46.222],[7.737,46.223],[7.744,46.227],[7.74,46.23],[7.735,46.231],[7.734,46.238],[7.729,46.249],[7.73,46.252],[7.737,46.251],[7.74,46.247],[7.743,46.249],[7.741,46.251],[7.746,46.256],[7.737,46.26],[7.735,46.263],[7.737,46.271],[7.75,46.275],[7.751,46.274],[7.75,46.271],[7.744,46.265],[7.747,46.263],[7.752,46.265],[7.763,46.266],[7.763,46.263],[7.758,46.253],[7.766,46.252],[7.769,46.247],[7.776,46.248],[7.779,46.246],[7.783,46.249],[7.791,46.251],[7.793,46.253],[7.792,46.256],[7.802,46.256],[7.805,46.255],[7.811,46.249],[7.816,46.247],[7.811,46.245],[7.798,46.245],[7.797,46.244],[7.798,46.243],[7.802,46.242],[7.808,46.243],[7.811,46.24],[7.818,46.24],[7.818,46.238],[7.815,46.235],[7.805,46.234],[7.796,46.231],[7.792,46.229],[7.793,46.226],[7.789,46.222],[7.785,46.223],[7.785,46.219],[7.776,46.217],[7.781,46.213],[7.8,46.211],[7.798,46.208],[7.774,46.202],[7.762,46.195],[7.766,46.194],[7.779,46.196],[7.782,46.193],[7.771,46.184],[7.769,46.179],[7.762,46.177],[7.761,46.175],[7.766,46.171],[7.766,46.169],[7.759,46.169],[7.756,46.166],[7.753,46.166],[7.761,46.161],[7.759,46.157],[7.755,46.155],[7.756,46.154],[7.761,46.152],[7.772,46.152],[7.765,46.147],[7.76,46.146],[7.763,46.141],[7.761,46.137],[7.764,46.132],[7.757,46.128],[7.758,46.125],[7.755,46.123],[7.758,46.121],[7.745,46.112],[7.746,46.108],[7.751,46.107],[7.747,46.105],[7.751,46.103],[7.752,46.097],[7.754,46.096],[7.746,46.092],[7.747,46.089],[7.736,46.088],[7.726,46.085],[7.723,46.086],[7.722,46.08],[7.719,46.078],[7.72,46.074],[7.723,46.077],[7.726,46.075],[7.729,46.077],[7.733,46.077],[7.742,46.074],[7.749,46.074],[7.753,46.076],[7.755,46.074],[7.753,46.069],[7.748,46.065],[7.745,46.053],[7.742,46.05],[7.739,46.05],[7.735,46.047],[7.734,46.04],[7.732,46.037],[7.722,46.038],[7.72,46.04],[7.72,46.043],[7.716,46.043],[7.712,46.038],[7.711,46.031],[7.716,46.028],[7.72,46.028],[7.723,46.024],[7.71,46.019],[7.703,46.02],[7.7,46.023],[7.697,46.023],[7.694,46.02],[7.69,46.022],[7.681,46.021],[7.678,46.019],[7.671,46.02],[7.668,46.019],[7.664,46.022],[7.666,46.024],[7.666,46.027],[7.664,46.027],[7.658,46.018],[7.648,46.018],[7.639,46.012],[7.635,46.013],[7.638,46.011],[7.637,46.009],[7.632,46.009],[7.624,46.002],[7.642,46.001],[7.652,46.002],[7.658,45.999],[7.668,46.001],[7.677,46.0],[7.679,45.997],[7.694,45.998],[7.697,45.995],[7.7,45.996],[7.702,45.995],[7.703,45.993],[7.699,45.988],[7.694,45.986],[7.697,45.983],[7.702,45.986],[7.719,45.99],[7.721,45.986],[7.731,45.981],[7.735,45.981],[7.737,45.977],[7.741,45.975],[7.74,45.972],[7.729,45.968],[7.739,45.965],[7.755,45.969],[7.758,45.966],[7.757,45.963],[7.774,45.963],[7.778,45.961],[7.784,45.964],[7.795,45.959],[7.796,45.961],[7.795,45.963],[7.797,45.964],[7.803,45.964],[7.806,45.962],[7.818,45.963],[7.82,45.965],[7.818,45.968],[7.813,45.97],[7.811,45.974],[7.805,45.979],[7.813,45.983],[7.823,45.983],[7.82,45.986],[7.81,45.987],[7.8,45.984],[7.798,45.986],[7.801,45.988],[7.8,45.989],[7.794,45.986],[7.784,45.985],[7.771,45.985],[7.768,45.987],[7.757,45.986],[7.756,45.988],[7.763,45.988],[7.765,45.997],[7.768,46.0],[7.784,45.992],[7.787,45.993],[7.788,45.995],[7.782,45.999],[7.784,46.002],[7.794,46.005],[7.81,46.006],[7.813,46.01],[7.822,46.015],[7.81,46.021],[7.807,46.02],[7.803756756756753,46.02086486486487],[7.805,46.019],[7.803,46.019],[7.803,46.02106666666667],[7.792,46.024],[7.786,46.033],[7.787,46.035],[7.794,46.032],[7.797,46.034],[7.801,46.033],[7.803,46.031],[7.804,46.033],[7.801,46.035],[7.802,46.037],[7.807,46.04],[7.813,46.047],[7.82,46.045],[7.823,46.04],[7.82,46.036],[7.816,46.034],[7.816,46.031],[7.826,46.038],[7.829,46.038],[7.833,46.034],[7.843,46.037],[7.84,46.04],[7.844,46.044],[7.839,46.047],[7.836,46.051],[7.839,46.055],[7.841,46.055],[7.841,46.058],[7.833,46.057],[7.83,46.058],[7.83,46.06],[7.826,46.06],[7.826,46.063],[7.83,46.064],[7.833,46.068],[7.833,46.071],[7.836,46.076],[7.84,46.078],[7.836,46.079],[7.826,46.074],[7.823,46.076],[7.813,46.076],[7.823,46.078],[7.825,46.08],[7.823,46.081],[7.82,46.079],[7.817,46.082],[7.823,46.084],[7.826,46.088],[7.83,46.089],[7.825,46.091],[7.83,46.094],[7.827,46.097],[7.821,46.098],[7.821,46.1],[7.824,46.103],[7.823,46.105],[7.818,46.107],[7.82,46.11],[7.825,46.109],[7.83,46.112],[7.826,46.118],[7.827,46.121],[7.833,46.122],[7.837,46.125],[7.832,46.13],[7.834,46.132],[7.827,46.136],[7.825,46.139],[7.83,46.14],[7.831,46.143],[7.833,46.144],[7.837,46.14],[7.838,46.143],[7.837,46.145],[7.84,46.147],[7.846,46.144],[7.85,46.147],[7.853,46.147],[7.85,46.15],[7.852,46.152],[7.859,46.154],[7.852,46.156],[7.856,46.16],[7.863,46.155],[7.869,46.162],[7.882,46.16],[7.883,46.163],[7.881,46.165],[7.882,46.166],[7.892,46.167],[7.896,46.165],[7.895,46.163],[7.898,46.159],[7.895,46.156],[7.897,46.154],[7.891,46.152],[7.893,46.147],[7.888,46.14],[7.892,46.14],[7.892,46.145],[7.895,46.146],[7.897,46.143],[7.896,46.138],[7.903,46.136],[7.898,46.129],[7.892,46.125],[7.897,46.123],[7.891,46.119],[7.895,46.117],[7.895,46.115],[7.891,46.113],[7.89,46.109],[7.894,46.105],[7.885,46.102],[7.885,46.098],[7.883,46.096],[7.884,46.093],[7.888,46.091],[7.891,46.094],[7.901,46.096],[7.898,46.091],[7.904,46.092],[7.911,46.09],[7.92,46.094],[7.927,46.094],[7.933,46.091],[7.929,46.095],[7.933,46.096],[7.936,46.099],[7.939,46.098],[7.944,46.093],[7.944,46.091],[7.941,46.089],[7.941,46.086],[7.936,46.085],[7.934,46.082],[7.941,46.08],[7.94,46.076],[7.935,46.075],[7.939,46.072],[7.943,46.074],[7.945,46.073],[7.947,46.066],[7.943,46.062],[7.939,46.062],[7.936,46.06],[7.936,46.058],[7.949,46.059],[7.952,46.055],[7.951,46.048],[7.949,46.044],[7.942,46.044],[7.939,46.042],[7.938,46.039],[7.933,46.035],[7.936,46.034],[7.942,46.04],[7.952,46.043],[7.962,46.026],[7.965,46.025],[7.967,46.026],[7.967,46.03],[7.964,46.037],[7.968,46.041],[7.966,46.044],[7.968,46.045],[7.969,46.05],[7.966,46.059],[7.968,46.064],[7.975,46.065],[7.972,46.071],[7.967,46.075],[7.969,46.077],[7.975,46.076],[7.988,46.068],[7.991,46.07],[8.004,46.06],[8.004,46.064],[7.997,46.07],[7.999,46.073],[7.998,46.077],[7.991,46.082],[7.989,46.086],[7.985,46.088],[7.982,46.092],[7.972,46.097],[7.975,46.1],[7.979,46.098],[7.981,46.1],[7.998,46.101],[8.0,46.104],[7.99,46.111],[7.985,46.111],[7.982,46.115],[7.969,46.114],[7.966,46.116],[7.967,46.12],[7.965,46.125],[7.955,46.129],[7.959,46.13],[7.964,46.129],[7.966,46.134],[7.971,46.136],[7.968,46.142],[7.975,46.147],[7.976,46.157],[7.969,46.154],[7.97,46.151],[7.966,46.15],[7.962,46.152],[7.964,46.154],[7.956,46.158],[7.961,46.165],[7.958,46.172],[7.964,46.176],[7.963,46.178],[7.953,46.175],[7.941,46.179],[7.958,46.185],[7.958,46.188],[7.956,46.19],[7.957,46.192],[7.947,46.192],[7.945,46.194],[7.948,46.197],[7.945,46.199],[7.937,46.196],[7.934,46.206],[7.939,46.21],[7.938,46.213],[7.929,46.217],[7.936,46.219],[7.938,46.221],[7.938,46.219],[7.946,46.217],[7.947,46.213],[7.95,46.214],[7.954,46.212],[7.963,46.212],[7.961,46.214],[7.963,46.216],[7.97,46.215],[7.972,46.214],[7.972,46.221],[7.974,46.223],[7.971,46.226],[7.972,46.228],[7.964,46.237],[7.964,46.239],[7.969,46.241],[7.968,46.25],[7.973,46.253],[7.969,46.259],[7.971,46.262],[7.97,46.267],[7.974,46.268],[7.973,46.271],[7.982,46.277],[7.978,46.28],[7.98,46.283],[7.985,46.28],[7.983,46.27],[7.988,46.271],[7.993,46.264],[8.0,46.267],[8.009,46.264],[8.018,46.268],[8.023,46.268],[8.022,46.264],[8.018,46.261],[8.009,46.258],[8.006,46.26],[7.999,46.255],[7.998,46.253],[8.001,46.248],[8.001,46.244],[7.999,46.236],[8.0,46.228],[7.998,46.223],[8.012,46.221],[8.027,46.212],[8.028,46.205],[8.025,46.201],[8.021,46.201],[8.02,46.198],[8.022,46.194],[8.028,46.192],[8.034,46.193],[8.037,46.189],[8.047,46.188],[8.054,46.183],[8.051,46.178],[8.054,46.176],[8.05,46.174],[8.051,46.169],[8.044,46.165],[8.043,46.16],[8.039,46.156],[8.039,46.153],[8.053,46.15],[8.063,46.154],[8.079,46.153],[8.077,46.158],[8.073,46.16],[8.076,46.163],[8.083,46.162],[8.089,46.158],[8.093,46.158],[8.085,46.149],[8.085,46.146],[8.087,46.144],[8.085,46.142],[8.086,46.14],[8.084,46.135],[8.076,46.134],[8.071,46.131],[8.071,46.128],[8.069,46.126],[8.074,46.119],[8.072,46.118],[8.065,46.12],[8.057,46.117],[8.079,46.115],[8.082,46.117],[8.082,46.12],[8.085,46.12],[8.092,46.125],[8.103,46.126],[8.102,46.137],[8.108,46.138],[8.111,46.142],[8.124,46.148],[8.125,46.153],[8.128,46.154],[8.131,46.152],[8.141,46.155],[8.148,46.155],[8.148,46.153],[8.152,46.15],[8.151,46.146],[8.141,46.138],[8.134,46.139],[8.131,46.136],[8.128,46.137],[8.118,46.133],[8.113,46.128],[8.113,46.119],[8.108,46.114],[8.105,46.114],[8.098,46.11],[8.085,46.109],[8.082,46.107],[8.069,46.107],[8.066,46.105],[8.063,46.106],[8.059,46.105],[8.056,46.102],[8.05,46.103],[8.037,46.099],[8.033,46.096],[8.029,46.088],[8.029,46.084],[8.026,46.081],[8.026,46.079],[8.022,46.077],[8.025,46.072],[8.026,46.061],[8.029,46.059],[8.029,46.054],[8.032,46.052],[8.032,46.045],[8.02,46.038],[8.018,46.034],[8.015,46.032],[8.016,46.028],[8.015,46.023],[8.012,46.021],[8.012,46.014],[8.0,46.011],[7.999,46.007],[7.993,46.003],[7.99,45.998],[7.981,45.997],[7.978,45.999],[7.966,45.999],[7.958,45.997],[7.939,45.997],[7.929,45.995],[7.907,45.995],[7.906,45.992],[7.899,45.985],[7.886,45.976],[7.881,45.975],[7.88,45.963],[7.877,45.959],[7.876,45.952],[7.873,45.949],[7.873,45.945],[7.87,45.943],[7.869,45.938],[7.873,45.934],[7.876,45.927],[7.864,45.918],[7.861,45.918],[7.858,45.921],[7.832,45.923],[7.829,45.926],[7.825,45.926],[7.822,45.928],[7.819,45.928],[7.818,45.925],[7.812,45.921],[7.805,45.921],[7.803,45.919],[7.793,45.919],[7.791,45.923],[7.787,45.926],[7.78,45.928],[7.771,45.935],[7.765,45.936],[7.765,45.939],[7.761,45.94],[7.747,45.939],[7.741,45.934],[7.741,45.932],[7.735,45.93],[7.735,45.927],[7.732,45.923],[7.719,45.923],[7.713,45.928],[7.713,45.93],[7.707,45.934],[7.706,45.951],[7.701,45.952],[7.698,45.955],[7.687,45.955],[7.68,45.957],[7.675,45.961],[7.675,45.966],[7.661,45.976],[7.648,45.976],[7.642,45.971],[7.622,45.971],[7.62,45.973],[7.615,45.973],[7.61,45.969],[7.6,45.969],[7.597,45.971],[7.587,45.971],[7.578,45.977],[7.578,45.982],[7.571,45.987],[7.568,45.987],[7.564,45.985],[7.555,45.984],[7.548,45.985],[7.547,45.982],[7.543,45.98],[7.543,45.977],[7.541,45.975],[7.544,45.973],[7.544,45.966],[7.547,45.964],[7.544,45.962],[7.544,45.959],[7.542,45.958],[7.539,45.958],[7.535,45.955],[7.532,45.958],[7.522,45.958],[7.517,45.962],[7.506,45.962],[7.487,45.955],[7.484,45.956],[7.481,45.953],[7.476,45.953],[7.47,45.948],[7.47,45.946],[7.473,45.944],[7.473,45.939],[7.468,45.935],[7.458,45.936],[7.455,45.933],[7.445,45.931],[7.435,45.925],[7.434,45.921],[7.431,45.919],[7.422,45.914],[7.416,45.913],[7.41,45.908],[7.406,45.908],[7.4,45.911],[7.396,45.908],[7.396,45.905],[7.387,45.899],[7.377,45.899],[7.374,45.902],[7.371,45.901],[7.368,45.904],[7.362,45.905],[7.36,45.908],[7.355,45.908],[7.352,45.913],[7.348,45.913],[7.345,45.915],[7.323,45.911],[7.314,45.917],[7.303,45.917],[7.3,45.92],[7.297,45.919],[7.294,45.922],[7.29,45.922],[7.289,45.919],[7.28,45.91],[7.278,45.906],[7.255,45.89],[7.252,45.89],[7.246,45.894],[7.236,45.89],[7.233,45.89],[7.231,45.892],[7.225,45.892],[7.22,45.888],[7.216,45.888],[7.211,45.885],[7.199,45.876],[7.199,45.865],[7.194,45.861]],[[7.374,46.112],[7.369,46.112],[7.371,46.11],[7.374,46.112]],[[7.552,46.099],[7.558,46.103],[7.555,46.103],[7.552,46.099]],[[7.972,46.214],[7.968,46.212],[7.972,46.212],[7.972,46.214]],[[7.570736842105263,46.06978947368421],[7.572,46.072],[7.57,46.072],[7.570736842105263,46.06978947368421]]],[[[7.792,46.256],[7.79,46.258],[7.793,46.258],[7.792,46.256]]],[[[7.792,46.256],[7.788,46.253],[7.789,46.256],[7.792,46.256]]],[[[7.813,46.076],[7.812,46.078],[7.814,46.078],[7.813,46.076]]],[[[7.813,46.076],[7.81,46.075],[7.81,46.078],[7.813,46.076]]],[[[7.988,46.068],[7.988,46.071],[7.99,46.07],[7.988,46.068]]],[[[7.595,46.15],[7.584,46.151],[7.582,46.155],[7.588,46.161],[7.591,46.162],[7.592,46.159],[7.59,46.155],[7.594,46.154],[7.595,46.15]]],[[[7.531,46.218],[7.529,46.216],[7.526,46.217],[7.532,46.225],[7.532,46.227],[7.529,46.23],[7.533,46.23],[7.538,46.225],[7.538,46.222],[7.542,46.22],[7.539,46.218],[7.531,46.218]]],[[[7.438,46.115],[7.435,46.113],[7.426,46.114],[7.421,46.117],[7.419,46.122],[7.422,46.123],[7.426,46.12],[7.432,46.123],[7.439,46.123],[7.439,46.121],[7.431,46.119],[7.438,46.115]]],[[[7.245,46.121],[7.228,46.125],[7.226,46.126],[7.226,46.128],[7.229,46.13],[7.232,46.127],[7.238,46.125],[7.245,46.125],[7.246,46.123],[7.245,46.121]]],[[[7.14,45.939],[7.129,45.937],[7.129,45.941],[7.132,45.943],[7.138,45.943],[7.131,45.95],[7.132,45.952],[7.139,45.953],[7.144,45.95],[7.139,45.945],[7.141,45.943],[7.14,45.939]]],[[[6.896,46.049],[6.89,46.044],[6.88,46.044],[6.877,46.046],[6.873,46.046],[6.868,46.05],[6.868,46.052],[6.871,46.055],[6.871,46.059],[6.875,46.061],[6.874,46.066],[6.883,46.072],[6.886,46.071],[6.888,46.073],[6.887,46.084],[6.883,46.086],[6.884,46.093],[6.883,46.097],[6.887,46.1],[6.887,46.102],[6.893,46.109],[6.893,46.124],[6.856,46.125],[6.848,46.129],[6.843,46.129],[6.841,46.131],[6.834,46.132],[6.814,46.131],[6.808,46.136],[6.796,46.137],[6.797,46.14],[6.794,46.142],[6.795,46.146],[6.815,46.142],[6.813,46.144],[6.817,46.146],[6.837,46.144],[6.839,46.149],[6.853,46.15],[6.859,46.145],[6.866,46.143],[6.879,46.143],[6.882,46.139],[6.885,46.14],[6.885,46.148],[6.887,46.149],[6.887,46.151],[6.895,46.155],[6.89,46.165],[6.891,46.167],[6.905,46.168],[6.905,46.172],[6.908,46.174],[6.914,46.174],[6.921,46.181],[6.927,46.18],[6.94,46.183],[6.942,46.185],[6.943,46.191],[6.944,46.185],[6.958,46.183],[6.963,46.185],[6.969,46.183],[6.959,46.18],[6.959,46.174],[6.956,46.172],[6.953,46.173],[6.952,46.172],[6.956,46.167],[6.96,46.168],[6.967,46.163],[6.969,46.16],[6.972,46.159],[6.973,46.156],[6.966,46.155],[6.963,46.156],[6.957,46.154],[6.958,46.152],[6.957,46.151],[6.95,46.15],[6.949,46.149],[6.952,46.147],[6.952,46.145],[6.946,46.143],[6.953,46.137],[6.957,46.137],[6.974,46.143],[6.983,46.136],[6.986,46.137],[6.989,46.134],[6.995,46.134],[6.996,46.131],[6.992,46.131],[6.989,46.133],[6.979,46.132],[6.97,46.121],[6.96,46.121],[6.95,46.118],[6.951,46.113],[6.96,46.113],[6.967,46.111],[6.975,46.105],[6.975,46.102],[6.957,46.099],[6.955,46.098],[6.954,46.095],[6.947,46.095],[6.945,46.091],[6.947,46.089],[6.95,46.089],[6.943,46.084],[6.941,46.08],[6.928,46.075],[6.925,46.077],[6.92,46.077],[6.92,46.082],[6.914,46.089],[6.913,46.095],[6.909,46.1],[6.907,46.1],[6.906,46.095],[6.907,46.093],[6.903,46.088],[6.904,46.086],[6.912,46.084],[6.915,46.08],[6.913,46.073],[6.918,46.069],[6.922,46.069],[6.926,46.066],[6.925,46.064],[6.917,46.062],[6.914,46.059],[6.914,46.057],[6.906,46.051],[6.896,46.049]]],[[[6.973,46.156],[6.976,46.157],[6.986,46.154],[6.986,46.156],[6.989,46.157],[6.997,46.154],[6.976,46.153],[6.973,46.156]]],[[[6.846,46.181],[6.843,46.176],[6.84,46.178],[6.815,46.18],[6.814,46.182],[6.823,46.186],[6.827,46.182],[6.833,46.184],[6.846,46.181]]],[[[6.798,46.149],[6.795,46.147],[6.792,46.148],[6.79,46.151],[6.791,46.153],[6.8,46.158],[6.804,46.154],[6.808,46.156],[6.817,46.156],[6.816,46.153],[6.814,46.152],[6.798,46.149]]]]},"properties":{"value":50,"fill":"#53BD9F","zIndex":3},"id":"2"},{"type":"Feature","geometry":{"type":"MultiPolygon","coordinates":[[[[10.428,46.923],[10.421,46.921],[10.423,46.926],[10.43,46.926],[10.428,46.923]]],[[[10.43,46.926],[10.425,46.932],[10.427,46.933],[10.432,46.928],[10.43,46.926]]],[[[10.389,46.898],[10.376,46.897],[10.372,46.899],[10.366,46.899],[10.359,46.903],[10.353,46.902],[10.347,46.906],[10.334,46.905],[10.327,46.909],[10.314,46.91],[10.317,46.912],[10.325,46.912],[10.325,46.917],[10.327,46.919],[10.324,46.923],[10.314,46.924],[10.314,46.928],[10.315,46.929],[10.318,46.928],[10.322,46.936],[10.326,46.933],[10.328,46.929],[10.332,46.932],[10.334,46.921],[10.337,46.917],[10.344,46.92],[10.345,46.912],[10.353,46.91],[10.356,46.907],[10.36,46.906],[10.375,46.911],[10.376,46.913],[10.373,46.916],[10.377,46.917],[10.377,46.913],[10.383,46.911],[10.384,46.909],[10.383,46.906],[10.385,46.902],[10.387,46.902],[10.387,46.906],[10.389,46.909],[10.393,46.911],[10.399,46.911],[10.409,46.914],[10.413,46.917],[10.411,46.919],[10.411,46.922],[10.413,46.923],[10.419,46.919],[10.413,46.91],[10.411,46.908],[10.406,46.908],[10.402,46.902],[10.399,46.904],[10.389,46.898]]],[[[10.409,46.708],[10.394,46.708],[10.386,46.711],[10.393,46.713],[10.388,46.713],[10.385,46.711],[10.382,46.714],[10.375,46.715],[10.379,46.718],[10.382,46.717],[10.392,46.721],[10.399,46.719],[10.405,46.719],[10.409,46.721],[10.412,46.72],[10.412,46.722],[10.408,46.726],[10.409,46.728],[10.416,46.723],[10.416,46.721],[10.412,46.71],[10.409,46.708]]],[[[10.41,46.741],[10.396,46.734],[10.39,46.736],[10.386,46.735],[10.383,46.737],[10.38,46.736],[10.379,46.738],[10.381,46.74],[10.377,46.744],[10.371,46.744],[10.361,46.748],[10.352,46.747],[10.348,46.753],[10.345,46.752],[10.342,46.754],[10.342,46.756],[10.338,46.755],[10.337,46.757],[10.341,46.759],[10.341,46.761],[10.348,46.763],[10.349,46.766],[10.347,46.768],[10.352,46.772],[10.356,46.772],[10.357,46.77],[10.353,46.768],[10.359,46.765],[10.375,46.764],[10.377,46.763],[10.377,46.76],[10.386,46.76],[10.382,46.762],[10.388,46.763],[10.388,46.76],[10.392,46.755],[10.39,46.749],[10.4,46.745],[10.41,46.747],[10.412,46.744],[10.41,46.741]]],[[[10.339,46.952],[10.329,46.951],[10.325,46.955],[10.336,46.957],[10.336,46.977],[10.34,46.982],[10.349,46.984],[10.351,46.989],[10.354,46.991],[10.364,46.989],[10.368,46.99],[10.37,46.988],[10.365,46.983],[10.363,46.977],[10.351,46.973],[10.351,46.97],[10.353,46.968],[10.346,46.966],[10.34,46.962],[10.343,46.96],[10.35,46.962],[10.35,46.957],[10.346,46.957],[10.339,46.952]]],[[[10.368,46.99],[10.377,46.99],[10.374,46.987],[10.368,46.99]]],[[[10.377,46.99],[10.377,46.997],[10.38,46.999],[10.394,46.999],[10.394,46.992],[10.4,46.99],[10.401,46.989],[10.397,46.985],[10.394,46.987],[10.392,46.992],[10.387,46.995],[10.377,46.99]]],[[[10.315,46.672],[10.312,46.672],[10.305,46.677],[10.306,46.679],[10.308,46.681],[10.311,46.678],[10.315,46.681],[10.321,46.679],[10.324,46.68],[10.325,46.678],[10.318,46.676],[10.315,46.672]]],[[[9.9585,46.822500000000005],[9.962,46.823],[9.969,46.82],[9.968,46.817],[9.962,46.819],[9.961,46.817],[9.964,46.815],[9.962,46.813],[9.958,46.813],[9.958,46.811],[9.952,46.807],[9.951,46.804],[9.961,46.804],[9.964,46.807],[9.97,46.806],[9.97,46.804],[9.963,46.8],[9.963,46.797],[9.955,46.793],[9.955,46.791],[9.958,46.788],[9.956,46.786],[9.957,46.785],[9.96,46.788],[9.961,46.793],[9.964,46.791],[9.967,46.785],[9.97,46.785],[9.973,46.789],[9.98,46.789],[9.983,46.791],[9.986,46.79],[9.984,46.792],[9.989,46.794],[9.986,46.797],[9.99,46.801],[9.996,46.801],[10.0,46.803],[10.007,46.801],[10.007,46.799],[10.01,46.798],[10.02,46.797],[10.022,46.798],[10.021,46.805],[10.013,46.81],[10.016,46.812],[10.014,46.814],[10.003,46.814],[10.017,46.819],[10.024,46.818],[10.018,46.821],[10.021,46.823],[10.031,46.824],[10.037,46.828],[10.041,46.829],[10.044,46.827],[10.047,46.829],[10.037,46.832],[10.031,46.829],[10.024,46.83],[10.018,46.827],[10.008,46.828],[10.005,46.827],[10.003,46.828],[10.004,46.83],[10.011,46.834],[10.008,46.836],[10.002,46.833],[10.0,46.83],[9.995,46.829],[9.992,46.83],[9.992,46.835],[9.988,46.835],[9.983,46.84],[9.986,46.84],[9.989,46.843],[9.992,46.84],[9.993,46.844],[9.996,46.845],[10.009,46.843],[10.015,46.845],[10.022,46.841],[10.025,46.843],[10.035,46.842],[10.048,46.845],[10.05,46.847],[10.049,46.849],[10.052,46.851],[10.059,46.849],[10.058,46.852],[10.055,46.852],[10.053,46.854],[10.042,46.854],[10.042,46.856],[10.039,46.859],[10.042,46.861],[10.038,46.865],[10.041,46.868],[10.038,46.87],[10.04,46.872],[10.034,46.874],[10.035,46.877],[10.039,46.879],[10.047,46.881],[10.051,46.879],[10.049,46.866],[10.046,46.868],[10.044,46.867],[10.046,46.867],[10.049,46.864],[10.052,46.866],[10.055,46.863],[10.078,46.863],[10.09,46.86],[10.09,46.857],[10.093,46.855],[10.096,46.848],[10.104,46.842],[10.11,46.844],[10.114,46.843],[10.112,46.846],[10.114,46.847],[10.117,46.846],[10.119,46.848],[10.14,46.848],[10.15,46.853],[10.157,46.85],[10.163,46.85],[10.175,46.858],[10.182,46.86],[10.193,46.867],[10.21,46.867],[10.213,46.869],[10.232,46.87],[10.232,46.877],[10.239,46.879],[10.238,46.881],[10.239,46.885],[10.23,46.89],[10.23,46.895],[10.227,46.897],[10.231,46.899],[10.233,46.903],[10.241,46.906],[10.242,46.925],[10.247,46.923],[10.245,46.921],[10.245,46.918],[10.249,46.912],[10.248,46.909],[10.253,46.91],[10.255,46.907],[10.258,46.911],[10.259,46.905],[10.258,46.903],[10.264,46.901],[10.268,46.902],[10.269,46.905],[10.267,46.909],[10.272,46.912],[10.269,46.918],[10.272,46.927],[10.275,46.925],[10.283,46.925],[10.285,46.923],[10.298,46.922],[10.294,46.915],[10.283,46.914],[10.286,46.909],[10.285,46.907],[10.275,46.9],[10.288,46.9],[10.291,46.902],[10.297,46.899],[10.297,46.893],[10.29,46.892],[10.287,46.89],[10.28,46.89],[10.279,46.884],[10.275,46.88],[10.264,46.876],[10.266,46.871],[10.276,46.866],[10.272,46.866],[10.265,46.863],[10.262,46.867],[10.258,46.86],[10.262,46.858],[10.262,46.855],[10.263,46.858],[10.261,46.86],[10.265,46.861],[10.27,46.858],[10.271,46.853],[10.278,46.853],[10.274,46.857],[10.275,46.858],[10.278,46.86],[10.285,46.857],[10.288,46.86],[10.295,46.855],[10.298,46.856],[10.299,46.852],[10.285,46.852],[10.282,46.851],[10.281,46.845],[10.268,46.842],[10.264,46.842],[10.261,46.845],[10.258,46.844],[10.256,46.847],[10.254,46.847],[10.253,46.844],[10.251,46.844],[10.247,46.84],[10.241,46.832],[10.234,46.834],[10.234,46.831],[10.236,46.829],[10.231,46.827],[10.226,46.829],[10.222,46.836],[10.218,46.838],[10.218,46.84],[10.225,46.84],[10.227,46.836],[10.237,46.838],[10.227,46.85],[10.232,46.853],[10.248,46.852],[10.252,46.854],[10.245,46.858],[10.239,46.857],[10.233,46.863],[10.229,46.864],[10.223,46.86],[10.219,46.86],[10.216,46.862],[10.215,46.861],[10.219,46.857],[10.209,46.855],[10.206,46.856],[10.206,46.858],[10.209,46.861],[10.203,46.862],[10.202,46.859],[10.196,46.855],[10.196,46.849],[10.189,46.852],[10.186,46.85],[10.186,46.845],[10.193,46.849],[10.194,46.848],[10.193,46.844],[10.189,46.84],[10.182,46.843],[10.176,46.842],[10.173,46.843],[10.169,46.842],[10.164,46.838],[10.166,46.837],[10.169,46.831],[10.173,46.831],[10.17,46.829],[10.17,46.826],[10.172,46.824],[10.175,46.829],[10.192,46.828],[10.188,46.827],[10.185,46.822],[10.174,46.817],[10.178,46.815],[10.174,46.814],[10.165,46.817],[10.157,46.824],[10.157,46.827],[10.155,46.829],[10.149,46.831],[10.146,46.83],[10.142,46.832],[10.139,46.831],[10.135,46.836],[10.138,46.843],[10.137,46.844],[10.132,46.843],[10.13,46.841],[10.123,46.841],[10.121,46.832],[10.123,46.829],[10.119,46.826],[10.114,46.825],[10.119,46.821],[10.122,46.821],[10.127,46.816],[10.124,46.814],[10.13,46.809],[10.118,46.804],[10.115,46.808],[10.113,46.805],[10.115,46.803],[10.112,46.802],[10.108,46.804],[10.106,46.808],[10.101,46.81],[10.1,46.812],[10.105,46.817],[10.102,46.817],[10.102,46.821],[10.106,46.825],[10.108,46.825],[10.104,46.826],[10.102,46.823],[10.099,46.822],[10.098,46.826],[10.093,46.826],[10.09,46.828],[10.092,46.83],[10.092,46.833],[10.09,46.834],[10.078,46.826],[10.077,46.819],[10.079,46.815],[10.074,46.813],[10.077,46.808],[10.076,46.801],[10.079,46.798],[10.078,46.792],[10.082,46.79],[10.082,46.788],[10.071,46.786],[10.068,46.787],[10.062,46.789],[10.059,46.794],[10.052,46.793],[10.051,46.798],[10.049,46.799],[10.048,46.795],[10.051,46.789],[10.05,46.786],[10.048,46.785],[10.045,46.788],[10.041,46.784],[10.05,46.777],[10.052,46.777],[10.05,46.78],[10.051,46.782],[10.055,46.78],[10.058,46.777],[10.056,46.775],[10.061,46.77],[10.048,46.769],[10.043,46.771],[10.046,46.773],[10.035,46.773],[10.028,46.775],[10.025,46.778],[10.022,46.777],[10.015,46.782],[10.009,46.782],[10.005,46.787],[10.013,46.794],[10.01,46.795],[10.006,46.794],[10.003,46.791],[9.996,46.792],[9.993,46.788],[9.993,46.782],[9.991,46.781],[9.995,46.779],[9.992,46.773],[10.005,46.771],[10.01,46.767],[10.01,46.765],[10.002,46.763],[9.998,46.764],[9.991,46.763],[9.986,46.761],[9.988,46.756],[9.985,46.755],[9.978,46.758],[9.975,46.761],[9.977,46.763],[9.975,46.765],[9.97,46.761],[9.962,46.761],[9.959,46.766],[9.952,46.766],[9.952,46.768],[9.958,46.77],[9.958,46.775],[9.956,46.777],[9.952,46.777],[9.95,46.78],[9.953,46.784],[9.948,46.786],[9.952,46.795],[9.942,46.798],[9.941,46.802],[9.935,46.802],[9.932,46.805],[9.934,46.807],[9.932,46.809],[9.924,46.809],[9.912,46.814],[9.924,46.816],[9.926,46.818],[9.926,46.821],[9.923,46.823],[9.927,46.825],[9.925,46.827],[9.926,46.83],[9.923,46.834],[9.92,46.833],[9.908,46.839],[9.913,46.84],[9.92,46.837],[9.93,46.838],[9.936,46.834],[9.932,46.832],[9.932,46.829],[9.936,46.831],[9.946,46.831],[9.957,46.829],[9.954,46.827],[9.959,46.826],[9.96,46.824],[9.9585,46.822500000000005]],[[9.992,46.835],[9.999,46.837],[9.995,46.838],[9.992,46.835]],[[10.258,46.903],[10.251,46.903],[10.25,46.901],[10.254,46.896],[10.257,46.896],[10.255,46.901],[10.258,46.903]]],[[[10.217,46.697],[10.214,46.696],[10.208,46.699],[10.204,46.698],[10.198,46.701],[10.195,46.699],[10.193,46.7],[10.193,46.702],[10.195,46.702],[10.198,46.705],[10.205,46.705],[10.216,46.701],[10.217,46.697]]],[[[10.14,46.719],[10.132,46.719],[10.126,46.724],[10.127,46.727],[10.131,46.727],[10.134,46.729],[10.141,46.728],[10.144,46.731],[10.147,46.728],[10.152,46.73],[10.15,46.732],[10.154,46.733],[10.157,46.73],[10.154,46.728],[10.154,46.725],[10.15,46.723],[10.147,46.725],[10.144,46.723],[10.146,46.721],[10.14,46.719]]],[[[10.157,46.73],[10.16,46.731],[10.163,46.73],[10.157,46.73]]],[[[10.027,46.877],[10.02,46.875],[10.019,46.877],[10.024,46.881],[10.034,46.884],[10.038,46.881],[10.03,46.879],[10.031,46.877],[10.03,46.876],[10.027,46.877]]],[[[10.031,46.89],[10.014,46.889],[10.004,46.895],[10.007,46.898],[10.013,46.9],[10.021,46.9],[10.026,46.897],[10.026,46.895],[10.031,46.89]]],[[[9.962,46.674],[9.958,46.674],[9.955,46.671],[9.951,46.673],[9.955,46.677],[9.959,46.678],[9.945,46.685],[9.942,46.684],[9.939,46.685],[9.936,46.682],[9.929,46.682],[9.928,46.688],[9.923,46.691],[9.916,46.69],[9.913,46.686],[9.903,46.687],[9.901,46.688],[9.901,46.691],[9.907,46.696],[9.903,46.693],[9.9,46.695],[9.9,46.7],[9.904,46.705],[9.907,46.702],[9.911,46.702],[9.909,46.699],[9.91,46.698],[9.917,46.701],[9.923,46.701],[9.923,46.704],[9.926,46.706],[9.937,46.703],[9.943,46.706],[9.953,46.7],[9.954,46.703],[9.949,46.708],[9.952,46.71],[9.949,46.712],[9.95,46.713],[9.963,46.71],[9.966,46.707],[9.976,46.705],[9.982,46.705],[9.985,46.707],[9.982,46.709],[9.983,46.71],[9.989,46.711],[9.996,46.708],[9.997,46.709],[9.991,46.713],[10.001,46.718],[10.002,46.72],[10.001,46.722],[10.006,46.723],[10.01,46.726],[10.013,46.723],[10.016,46.724],[10.019,46.722],[10.023,46.722],[10.026,46.718],[10.029,46.718],[10.022,46.713],[10.014,46.711],[10.016,46.708],[10.03,46.701],[10.028,46.699],[10.028,46.692],[10.024,46.696],[10.016,46.688],[10.019,46.686],[10.014,46.685],[10.008,46.69],[10.003,46.691],[10.003,46.693],[9.992,46.692],[9.986,46.689],[9.986,46.686],[9.984,46.684],[9.988,46.684],[9.991,46.678],[9.995,46.677],[9.984,46.677],[9.981,46.679],[9.978,46.678],[9.971,46.68],[9.962,46.676],[9.962,46.674]]],[[[10.026,46.73],[10.016,46.725],[10.01,46.73],[10.003,46.731],[10.013,46.735],[10.016,46.732],[10.025,46.733],[10.026,46.73]]],[[[9.999,46.355],[9.985,46.354],[9.979,46.357],[9.976,46.362],[9.97,46.362],[9.965,46.365],[9.965,46.372],[9.967,46.376],[9.976,46.381],[9.977,46.387],[9.984,46.384],[9.986,46.385],[9.982,46.387],[9.984,46.388],[9.985,46.394],[9.99,46.401],[9.993,46.401],[9.994,46.398],[10.001,46.398],[10.004,46.394],[10.007,46.394],[9.994,46.389],[9.99,46.381],[9.983,46.377],[9.98,46.379],[9.979,46.376],[9.981,46.374],[9.981,46.367],[9.983,46.366],[9.986,46.368],[9.993,46.368],[9.999,46.365],[9.998,46.358],[9.999,46.355]]],[[[10.007,46.394],[10.01,46.397],[10.014,46.396],[10.01,46.393],[10.007,46.394]]],[[[9.995,46.891],[9.988,46.891],[9.989,46.898],[9.985,46.901],[9.982,46.901],[9.981,46.903],[9.985,46.905],[9.988,46.903],[9.992,46.903],[9.995,46.9],[9.998,46.901],[10.002,46.898],[9.999,46.893],[9.995,46.891]]],[[[9.995,46.875],[9.981,46.874],[9.972,46.878],[9.975,46.883],[9.984,46.886],[9.987,46.884],[9.991,46.884],[9.994,46.886],[9.998,46.882],[9.995,46.878],[9.995,46.875]]],[[[9.645,46.289],[9.625,46.288],[9.625,46.291],[9.629,46.294],[9.631,46.298],[9.629,46.3],[9.626,46.295],[9.623,46.298],[9.613,46.297],[9.572,46.299],[9.574,46.301],[9.584,46.304],[9.587,46.3],[9.591,46.301],[9.597,46.3],[9.6,46.302],[9.603,46.299],[9.604,46.301],[9.61,46.302],[9.616,46.306],[9.623,46.306],[9.624,46.305],[9.623,46.303],[9.626,46.3],[9.629,46.304],[9.633,46.305],[9.636,46.302],[9.639,46.304],[9.64,46.309],[9.643,46.311],[9.655,46.311],[9.656,46.313],[9.665,46.318],[9.663,46.32],[9.676,46.326],[9.68,46.326],[9.682,46.328],[9.681,46.331],[9.689,46.335],[9.692,46.332],[9.687,46.331],[9.687,46.328],[9.69,46.326],[9.687,46.324],[9.688,46.321],[9.692,46.324],[9.694,46.321],[9.693,46.317],[9.69,46.315],[9.691,46.305],[9.692,46.31],[9.695,46.312],[9.701,46.321],[9.701,46.326],[9.707,46.319],[9.712,46.319],[9.709,46.326],[9.71,46.332],[9.709,46.335],[9.711,46.339],[9.708,46.344],[9.711,46.348],[9.711,46.355],[9.719,46.358],[9.728,46.352],[9.731,46.352],[9.734,46.354],[9.735,46.357],[9.739,46.357],[9.74,46.359],[9.736,46.363],[9.73,46.363],[9.73,46.366],[9.733,46.368],[9.735999999999999,46.36600000000001],[9.731,46.375],[9.743,46.38],[9.746,46.374],[9.736,46.368],[9.736,46.366],[9.742,46.362],[9.745,46.364],[9.758,46.357],[9.764,46.358],[9.766,46.363],[9.769,46.365],[9.766,46.367],[9.767,46.376],[9.769,46.377],[9.776,46.374],[9.784,46.367],[9.788,46.366],[9.79,46.358],[9.794,46.357],[9.795,46.36],[9.801,46.361],[9.804,46.369],[9.818,46.368],[9.814,46.373],[9.808,46.377],[9.811,46.38],[9.807,46.384],[9.807,46.387],[9.814,46.389],[9.815,46.392],[9.818,46.39],[9.821,46.393],[9.825,46.394],[9.829,46.388],[9.835,46.386],[9.837,46.383],[9.844,46.384],[9.847,46.386],[9.86,46.384],[9.862,46.385],[9.861,46.388],[9.856,46.392],[9.861,46.398],[9.864,46.399],[9.87,46.395],[9.877,46.395],[9.88,46.398],[9.887,46.399],[9.893,46.398],[9.901,46.396],[9.903,46.394],[9.906,46.395],[9.908,46.393],[9.907,46.391],[9.909,46.39],[9.911,46.393],[9.916,46.395],[9.922,46.391],[9.922,46.398],[9.929,46.397],[9.938,46.392],[9.942,46.393],[9.937,46.397],[9.936,46.4],[9.942,46.404],[9.945,46.404],[9.947,46.402],[9.947,46.397],[9.949,46.397],[9.95,46.399],[9.951,46.402],[9.95,46.404],[9.962,46.405],[9.968,46.4],[9.975,46.405],[9.983,46.401],[9.982,46.396],[9.983,46.392],[9.981,46.388],[9.974,46.388],[9.973,46.383],[9.967,46.379],[9.948,46.381],[9.932,46.373],[9.93,46.37],[9.924,46.369],[9.921,46.372],[9.915,46.372],[9.909,46.379],[9.905,46.382],[9.902,46.382],[9.899,46.379],[9.896,46.379],[9.886,46.373],[9.88,46.372],[9.872,46.364],[9.849,46.365],[9.844,46.363],[9.833,46.362],[9.828,46.359],[9.828,46.357],[9.825,46.355],[9.82,46.354],[9.816,46.351],[9.813,46.352],[9.806,46.347],[9.803,46.348],[9.8,46.345],[9.793,46.345],[9.773,46.337],[9.767,46.337],[9.758,46.344],[9.742,46.353],[9.738,46.353],[9.732,46.349],[9.719,46.35],[9.717,46.348],[9.717,46.341],[9.715,46.335],[9.715,46.296],[9.687,46.296],[9.681,46.301],[9.678,46.3],[9.676,46.302],[9.677,46.304],[9.675,46.305],[9.665,46.305],[9.663,46.304],[9.662,46.297],[9.652,46.297],[9.649,46.291],[9.645,46.289]]],[[[9.958,46.723],[9.951,46.722],[9.944,46.724],[9.939,46.728],[9.946,46.735],[9.946,46.737],[9.95,46.739],[9.948,46.74],[9.941,46.736],[9.938,46.739],[9.936,46.739],[9.938,46.742],[9.934,46.746],[9.935,46.749],[9.942,46.746],[9.948,46.748],[9.958,46.744],[9.961,46.741],[9.958,46.741],[9.951,46.737],[9.954,46.735],[9.968,46.74],[9.974,46.74],[9.976,46.738],[9.969,46.734],[9.973,46.73],[9.97,46.726],[9.967,46.728],[9.958,46.723]]],[[[9.903,46.648],[9.901,46.65],[9.905,46.65],[9.905,46.648],[9.909,46.645],[9.908,46.643],[9.9,46.643],[9.899,46.646],[9.903,46.648]]],[[[9.906,46.407],[9.903,46.405],[9.9,46.406],[9.897,46.411],[9.893,46.412],[9.893,46.414],[9.885,46.416],[9.896,46.418],[9.895,46.421],[9.898,46.422],[9.901,46.421],[9.903,46.418],[9.9,46.416],[9.906,46.407]]],[[[9.897,46.679],[9.893,46.679],[9.89,46.677],[9.886,46.678],[9.88,46.683],[9.862,46.689],[9.868,46.698],[9.872,46.696],[9.87,46.691],[9.874,46.691],[9.877,46.694],[9.881,46.694],[9.884,46.693],[9.882,46.691],[9.884,46.689],[9.89,46.69],[9.902,46.686],[9.896,46.684],[9.897,46.679]]],[[[9.899,46.652],[9.901,46.648],[9.898,46.646],[9.892,46.65],[9.89,46.655],[9.892,46.658],[9.895,46.658],[9.9,46.655],[9.899,46.652]]],[[[9.885,46.623],[9.874,46.623],[9.868,46.626],[9.858,46.636],[9.862,46.637],[9.865,46.64],[9.869,46.64],[9.871,46.638],[9.875,46.638],[9.884,46.634],[9.887,46.637],[9.886,46.639],[9.888,46.64],[9.897,46.637],[9.896,46.632],[9.891,46.631],[9.889,46.626],[9.885,46.623]]],[[[9.872,46.931],[9.865,46.93],[9.862,46.933],[9.855,46.933],[9.849,46.937],[9.853,46.941],[9.852,46.944],[9.862,46.945],[9.875,46.942],[9.879,46.946],[9.88,46.943],[9.879,46.94],[9.874,46.936],[9.872,46.931]]],[[[9.877,46.675],[9.87,46.669],[9.863,46.675],[9.863,46.68],[9.876,46.677],[9.877,46.675]]],[[[9.833,46.679],[9.828,46.678],[9.821,46.683],[9.827,46.688],[9.835,46.688],[9.84,46.685],[9.833,46.679]]],[[[9.831,46.409],[9.825,46.407],[9.819,46.409],[9.819,46.411],[9.816,46.41],[9.813,46.411],[9.812,46.414],[9.816,46.414],[9.818,46.416],[9.817,46.425],[9.82,46.426],[9.823,46.425],[9.833,46.428],[9.837,46.426],[9.836,46.423],[9.832,46.424],[9.833,46.422],[9.828,46.418],[9.831,46.415],[9.831,46.409]]],[[[9.808,46.834],[9.805,46.833],[9.798,46.836],[9.795,46.834],[9.795,46.837],[9.79,46.839],[9.792,46.841],[9.79,46.844],[9.791,46.846],[9.792,46.847],[9.802,46.846],[9.809,46.849],[9.811,46.846],[9.807,46.839],[9.808,46.834]]],[[[9.761,46.502],[9.758,46.496],[9.752,46.5],[9.755,46.502],[9.755,46.504],[9.753,46.505],[9.754,46.509],[9.761,46.507],[9.761,46.502]]],[[[9.7,46.513],[9.698,46.519],[9.7,46.521],[9.703,46.521],[9.706,46.519],[9.711,46.519],[9.716,46.523],[9.726,46.524],[9.733,46.523],[9.736,46.521],[9.732,46.518],[9.732,46.514],[9.736,46.514],[9.739,46.516],[9.738,46.519],[9.739,46.519],[9.741,46.516],[9.752,46.512],[9.75,46.507],[9.751,46.505],[9.748,46.504],[9.745,46.508],[9.742,46.504],[9.738,46.508],[9.735,46.505],[9.735,46.503],[9.724,46.501],[9.727,46.505],[9.725,46.506],[9.722,46.501],[9.72,46.503],[9.721,46.505],[9.716,46.51],[9.709,46.511],[9.706,46.509],[9.704,46.51],[9.7,46.513]],[[9.7,46.513],[9.703,46.513],[9.704,46.515],[9.701,46.515],[9.7,46.513]]],[[[9.703,46.524],[9.697,46.521],[9.695,46.526],[9.698,46.535],[9.692,46.537],[9.693,46.544],[9.688,46.546],[9.686,46.549],[9.688,46.553],[9.693,46.551],[9.698,46.552],[9.701,46.55],[9.706,46.551],[9.708,46.549],[9.711,46.553],[9.724,46.552],[9.727,46.557],[9.725,46.559],[9.728,46.561],[9.731,46.56],[9.738,46.562],[9.751,46.559],[9.737,46.557],[9.737,46.553],[9.74,46.552],[9.734,46.552],[9.725,46.548],[9.73,46.546],[9.732,46.543],[9.727,46.543],[9.72,46.546],[9.72,46.544],[9.73,46.539],[9.73,46.536],[9.723,46.537],[9.717,46.541],[9.707,46.54],[9.703,46.542],[9.706,46.539],[9.703,46.535],[9.704,46.533],[9.707,46.532],[9.71,46.535],[9.714,46.534],[9.715,46.53],[9.71,46.527],[9.707,46.523],[9.703,46.524]]],[[[9.711,46.553],[9.708,46.552],[9.708,46.554],[9.711,46.553]]],[[[9.735,46.451],[9.728,46.451],[9.731,46.456],[9.738,46.458],[9.738,46.46],[9.74,46.461],[9.745,46.458],[9.743,46.455],[9.74,46.453],[9.736,46.453],[9.735,46.451]]],[[[9.669,46.413],[9.654,46.412],[9.65,46.416],[9.647,46.415],[9.643,46.419],[9.65,46.423],[9.654,46.428],[9.66,46.431],[9.667,46.43],[9.682,46.432],[9.683,46.428],[9.685,46.427],[9.683,46.424],[9.673,46.424],[9.665,46.421],[9.666,46.419],[9.672,46.416],[9.669,46.413]]],[[[9.605,46.744],[9.611,46.744],[9.608,46.742],[9.605,46.744]]],[[[9.608,46.742],[9.624,46.75],[9.634,46.749],[9.64,46.745],[9.634,46.745],[9.631,46.742],[9.627,46.743],[9.617,46.738],[9.611,46.739],[9.608,46.742]]],[[[9.522,46.367],[9.515,46.37],[9.505,46.369],[9.502,46.367],[9.492,46.367],[9.489,46.369],[9.482,46.369],[9.463,46.376],[9.462,46.38],[9.465,46.382],[9.465,46.386],[9.469,46.389],[9.466,46.391],[9.467,46.409],[9.463,46.411],[9.463,46.414],[9.458,46.418],[9.456,46.423],[9.458,46.424],[9.462,46.421],[9.465,46.425],[9.475,46.42],[9.476,46.418],[9.468,46.411],[9.474,46.41],[9.485,46.413],[9.487,46.411],[9.486,46.406],[9.488,46.402],[9.486,46.4],[9.486,46.395],[9.476,46.386],[9.475,46.384],[9.476,46.379],[9.49,46.387],[9.499,46.39],[9.503,46.387],[9.522,46.387],[9.528,46.383],[9.535,46.388],[9.526,46.395],[9.515,46.399],[9.523,46.4],[9.525,46.403],[9.522,46.406],[9.524,46.408],[9.515,46.415],[9.522,46.417],[9.523,46.422],[9.53,46.427],[9.533,46.424],[9.532,46.421],[9.537,46.419],[9.535,46.412],[9.538,46.41],[9.539,46.405],[9.546,46.405],[9.555,46.402],[9.555,46.408],[9.557,46.41],[9.569,46.411],[9.569,46.414],[9.565,46.416],[9.566,46.418],[9.57,46.418],[9.573,46.421],[9.574,46.423],[9.57,46.427],[9.571,46.43],[9.573,46.43],[9.576,46.433],[9.578,46.427],[9.582,46.428],[9.589,46.424],[9.589,46.422],[9.583,46.418],[9.585,46.415],[9.588,46.417],[9.595,46.417],[9.598,46.415],[9.608,46.422],[9.616,46.424],[9.608,46.425],[9.605,46.434],[9.612,46.435],[9.615,46.434],[9.624,46.438],[9.636,46.44],[9.631,46.434],[9.628,46.436],[9.627,46.435],[9.629,46.433],[9.619,46.429],[9.618,46.426],[9.621,46.425],[9.624,46.42],[9.628,46.417],[9.624,46.413],[9.617,46.42],[9.611,46.418],[9.607,46.413],[9.608,46.411],[9.617,46.414],[9.621,46.411],[9.617,46.41],[9.614,46.406],[9.603,46.406],[9.599,46.411],[9.597,46.411],[9.591,46.403],[9.588,46.404],[9.585,46.402],[9.586,46.4],[9.584,46.399],[9.584,46.395],[9.602,46.386],[9.592,46.377],[9.587,46.376],[9.58,46.377],[9.571,46.373],[9.56,46.371],[9.545,46.372],[9.541,46.37],[9.529,46.37],[9.522,46.367]],[[9.564,46.384],[9.574,46.388],[9.581,46.387],[9.586,46.389],[9.577,46.39],[9.571,46.387],[9.568,46.388],[9.564,46.386],[9.564,46.384]]],[[[9.602,46.744],[9.598,46.744],[9.597,46.746],[9.601,46.753],[9.609,46.753],[9.613,46.75],[9.608,46.749],[9.602,46.744]]],[[[9.594,46.467],[9.59,46.461],[9.571,46.468],[9.579,46.47],[9.574,46.472],[9.578,46.474],[9.587,46.469],[9.594,46.468],[9.597,46.472],[9.603,46.469],[9.604,46.467],[9.603,46.465],[9.597,46.464],[9.594,46.467]]],[[[9.546,46.491],[9.549,46.493],[9.56,46.493],[9.554,46.488],[9.558,46.486],[9.555,46.485],[9.55,46.486],[9.546,46.491]]],[[[9.542,46.491],[9.532,46.488],[9.53,46.491],[9.532,46.496],[9.536,46.496],[9.542,46.493],[9.542,46.491]]],[[[9.44,46.983],[9.43,46.98],[9.414,46.981],[9.41,46.979],[9.408,46.981],[9.411,46.985],[9.415,46.986],[9.413,46.988],[9.417,46.989],[9.43,46.984],[9.44,46.983]]],[[[9.412,46.468],[9.408,46.471],[9.401,46.471],[9.401,46.475],[9.404,46.478],[9.41,46.48],[9.411,46.482],[9.415,46.482],[9.422,46.485],[9.422,46.479],[9.413,46.471],[9.412,46.468]]],[[[9.386,46.951],[9.386,46.9565],[9.383,46.958],[9.377,46.955],[9.373,46.957],[9.373,46.96],[9.387,46.968],[9.387,46.972],[9.382,46.973],[9.387,46.974],[9.391,46.978],[9.4,46.973],[9.407,46.977],[9.407,46.975],[9.412,46.972],[9.403,46.971],[9.4,46.972],[9.397,46.964],[9.393,46.959],[9.4,46.962],[9.414,46.961],[9.405,46.957],[9.402,46.952],[9.409,46.951],[9.411,46.952],[9.409,46.954],[9.419,46.955],[9.419,46.952],[9.422,46.95],[9.416,46.947],[9.412,46.947],[9.409,46.95],[9.399,46.949],[9.396,46.947],[9.395,46.952],[9.386142857142858,46.95642857142857],[9.387,46.953],[9.386,46.951]]],[[[9.391,46.991],[9.398,46.991],[9.394,46.989],[9.391,46.991]]],[[[9.398,46.991],[9.401,46.992],[9.404,46.981],[9.397,46.98],[9.394,46.982],[9.398,46.991]]],[[[9.398,46.991],[9.397,46.993],[9.4,46.993],[9.398,46.991]]],[[[9.403,47.131],[9.399,47.127],[9.398,47.13],[9.393,47.134],[9.386,47.135],[9.384,47.137],[9.385,47.142],[9.392,47.141],[9.392,47.139],[9.396,47.135],[9.4,47.137],[9.403,47.131]]],[[[9.397,47.238],[9.377,47.233],[9.375,47.234],[9.375,47.241],[9.37,47.24],[9.367,47.237],[9.358,47.245],[9.367,47.246],[9.371,47.244],[9.378,47.245],[9.38,47.242],[9.384,47.241],[9.39,47.242],[9.392,47.24],[9.4,47.24],[9.397,47.238]]],[[[9.375,46.505],[9.366,46.507],[9.361,46.513],[9.357,46.512],[9.352,46.514],[9.361,46.518],[9.364,46.515],[9.371,46.516],[9.373,46.514],[9.37,46.512],[9.374,46.513],[9.377,46.511],[9.373,46.519],[9.377,46.52],[9.38,46.518],[9.386,46.518],[9.39,46.52],[9.398,46.52],[9.393,46.515],[9.387,46.514],[9.377,46.508],[9.375,46.505]]],[[[9.387,46.489],[9.383,46.485],[9.379,46.49],[9.376,46.487],[9.376,46.489],[9.373,46.49],[9.371,46.494],[9.372,46.496],[9.377,46.499],[9.377,46.496],[9.387,46.489]]],[[[8.662,46.67],[8.654,46.668],[8.647,46.671],[8.644,46.67],[8.644,46.673],[8.64,46.677],[8.641,46.679],[8.644,46.678],[8.647,46.682],[8.638,46.681],[8.634,46.684],[8.635,46.687],[8.638,46.685],[8.64,46.686],[8.639,46.688],[8.645,46.692],[8.645,46.695],[8.64,46.695],[8.64,46.697],[8.642,46.698],[8.649,46.695],[8.648,46.688],[8.654,46.681],[8.658,46.686],[8.66,46.681],[8.665,46.679],[8.663,46.684],[8.664,46.685],[8.671,46.685],[8.674,46.683],[8.674,46.686],[8.672,46.688],[8.674,46.693],[8.671,46.691],[8.669,46.693],[8.671,46.697],[8.667,46.702],[8.671,46.702],[8.681,46.706],[8.687,46.703],[8.689,46.704],[8.686,46.71],[8.689,46.715],[8.694,46.717],[8.701,46.717],[8.707,46.715],[8.714,46.716],[8.717,46.718],[8.72,46.716],[8.722,46.719],[8.727,46.719],[8.73,46.721],[8.74,46.721],[8.744,46.724],[8.744,46.727],[8.737,46.726],[8.732,46.73],[8.736,46.737],[8.733,46.741],[8.744,46.743],[8.751,46.748],[8.757,46.746],[8.753,46.743],[8.754,46.742],[8.757,46.743],[8.758,46.746],[8.762,46.748],[8.761,46.75],[8.757,46.75],[8.752,46.755],[8.76,46.757],[8.758,46.759],[8.767,46.761],[8.771,46.759],[8.768,46.761],[8.774,46.761],[8.777,46.768],[8.784,46.773],[8.793,46.768],[8.792,46.765],[8.796,46.763],[8.797,46.761],[8.795,46.759],[8.797,46.757],[8.801,46.761],[8.802,46.765],[8.807,46.769],[8.808,46.761],[8.806,46.758],[8.806,46.753],[8.815,46.761],[8.813,46.768],[8.811,46.77],[8.814,46.772],[8.81,46.778],[8.813,46.781],[8.813,46.783],[8.807,46.786],[8.806,46.788],[8.809,46.79],[8.805,46.792],[8.811,46.793],[8.821,46.798],[8.818,46.804],[8.816,46.803],[8.817,46.801],[8.814,46.798],[8.81,46.799],[8.813,46.801],[8.814,46.806],[8.824,46.81],[8.835,46.812],[8.836,46.814],[8.831,46.818],[8.827,46.817],[8.824,46.821],[8.815,46.816],[8.811,46.816],[8.808,46.818],[8.806,46.817],[8.805,46.813],[8.801,46.815],[8.799,46.813],[8.801,46.808],[8.785,46.807],[8.778,46.809],[8.776,46.811],[8.769,46.811],[8.765,46.81],[8.762,46.807],[8.755,46.807],[8.745,46.802],[8.74,46.807],[8.741,46.809],[8.728,46.816],[8.736,46.819],[8.738,46.818],[8.736,46.816],[8.742,46.813],[8.749,46.811],[8.762,46.811],[8.772,46.816],[8.783,46.817],[8.787,46.819],[8.788,46.822],[8.783,46.824],[8.786,46.826],[8.786,46.828],[8.792,46.832],[8.8,46.833],[8.799,46.836],[8.796,46.837],[8.792,46.842],[8.794,46.846],[8.799,46.849],[8.802,46.849],[8.809,46.848],[8.809,46.846],[8.813,46.846],[8.819,46.849],[8.825,46.855],[8.835,46.857],[8.832,46.866],[8.839,46.869],[8.842,46.867],[8.849,46.867],[8.855,46.87],[8.865,46.872],[8.869,46.87],[8.867,46.868],[8.868,46.866],[8.875,46.864],[8.891,46.873],[8.911,46.869],[8.912,46.874],[8.916,46.876],[8.916,46.879],[8.923,46.881],[8.919,46.876],[8.921,46.871],[8.924,46.869],[8.93,46.869],[8.927,46.87],[8.927,46.873],[8.934,46.872],[8.931,46.869],[8.932,46.867],[8.931,46.865],[8.927,46.865],[8.927,46.863],[8.947,46.864],[8.949,46.862],[8.944,46.862],[8.943,46.86],[8.945,46.853],[8.943,46.852],[8.936,46.851],[8.933,46.848],[8.927,46.85],[8.924,46.847],[8.92,46.846],[8.917,46.847],[8.914,46.846],[8.91,46.841],[8.907,46.845],[8.904,46.84],[8.908,46.838],[8.903,46.834],[8.903,46.832],[8.907,46.832],[8.917,46.838],[8.926,46.835],[8.935,46.836],[8.946,46.832],[8.946,46.83],[8.94,46.829],[8.938,46.827],[8.939,46.824],[8.945,46.822],[8.943,46.818],[8.944,46.815],[8.937,46.813],[8.939,46.812],[8.943,46.813],[8.952,46.818],[8.958,46.815],[8.952,46.813],[8.952,46.81],[8.959,46.815],[8.968,46.817],[8.972,46.821],[8.975,46.821],[8.98,46.824],[8.979,46.826],[8.981,46.828],[8.98,46.831],[8.977,46.833],[8.979,46.838],[8.976,46.846],[8.979,46.849],[8.982,46.845],[9.002,46.845],[9.003,46.844],[8.996,46.839],[9.002,46.836],[9.002,46.834],[8.998,46.833],[8.999,46.821],[9.005,46.821],[9.011,46.818],[9.015,46.82],[9.023,46.828],[9.022,46.83],[9.027,46.839],[9.027,46.852],[9.026,46.855],[9.009,46.859],[9.004,46.864],[9.006,46.865],[9.013,46.864],[9.02,46.868],[9.021,46.87],[9.02,46.873],[9.016,46.869],[9.01,46.873],[9.011,46.875],[9.021,46.879],[9.02,46.882],[9.024,46.884],[9.021,46.886],[9.023,46.888],[9.026,46.889],[9.029,46.886],[9.027,46.884],[9.027,46.879],[9.033,46.875],[9.042,46.877],[9.036,46.879],[9.041,46.884],[9.045,46.884],[9.044,46.879],[9.046,46.877],[9.049,46.878],[9.05,46.881],[9.058,46.886],[9.059,46.888],[9.057,46.89],[9.063,46.892],[9.07,46.899],[9.07,46.901],[9.074,46.903],[9.074,46.906],[9.083,46.91],[9.089,46.903],[9.083,46.899],[9.083,46.894],[9.076,46.891],[9.072,46.893],[9.068,46.892],[9.063,46.886],[9.064,46.883],[9.067,46.883],[9.067,46.888],[9.073,46.89],[9.076,46.887],[9.08,46.888],[9.082,46.886],[9.087,46.885],[9.086,46.881],[9.088,46.88],[9.105,46.881],[9.109,46.883],[9.109,46.88],[9.104,46.878],[9.108,46.875],[9.104,46.874],[9.108,46.873],[9.111,46.869],[9.118,46.868],[9.119,46.867],[9.117,46.863],[9.121,46.864],[9.129,46.867],[9.128,46.869],[9.134,46.87],[9.142,46.875],[9.144,46.877],[9.144,46.88],[9.141,46.882],[9.145,46.884],[9.146,46.887],[9.156,46.886],[9.164,46.89],[9.165,46.891],[9.162,46.895],[9.164,46.896],[9.171,46.897],[9.173,46.895],[9.172,46.893],[9.174,46.89],[9.184,46.89],[9.185,46.891],[9.182,46.893],[9.184,46.895],[9.194,46.893],[9.197,46.895],[9.197,46.898],[9.208,46.899],[9.208,46.901],[9.213,46.906],[9.212,46.908],[9.216,46.91],[9.217,46.913],[9.209,46.915],[9.222,46.915],[9.218,46.913],[9.221,46.911],[9.231,46.912],[9.226,46.917],[9.237,46.919],[9.231,46.921],[9.228,46.924],[9.241,46.925],[9.248,46.929],[9.247,46.932],[9.25,46.935],[9.255,46.934],[9.252,46.939],[9.255,46.94],[9.255,46.942],[9.251,46.941],[9.25,46.937],[9.248,46.936],[9.241,46.937],[9.238,46.939],[9.232,46.939],[9.236,46.941],[9.232,46.944],[9.23,46.948],[9.232,46.95],[9.238,46.95],[9.252,46.957],[9.254,46.955],[9.254,46.952],[9.26,46.948],[9.25,46.948],[9.249,46.946],[9.258,46.944],[9.264,46.945],[9.269,46.943],[9.27,46.945],[9.267,46.948],[9.275,46.951],[9.275,46.953],[9.273,46.954],[9.274,46.957],[9.269,46.959],[9.278,46.961],[9.282,46.965],[9.285,46.963],[9.284,46.961],[9.291,46.959],[9.294,46.955],[9.298,46.957],[9.304,46.957],[9.308,46.956],[9.311,46.958],[9.318,46.959],[9.315,46.956],[9.317,46.952],[9.321,46.951],[9.317,46.951],[9.316,46.949],[9.315,46.945],[9.32,46.942],[9.317,46.939],[9.314,46.94],[9.314,46.942],[9.307,46.945],[9.309,46.947],[9.304,46.948],[9.302,46.945],[9.305,46.94],[9.304,46.937],[9.297,46.937],[9.287,46.934],[9.281,46.937],[9.278,46.936],[9.281,46.936],[9.283,46.934],[9.274,46.928],[9.272,46.93],[9.276,46.934],[9.274,46.935],[9.273,46.932],[9.269,46.93],[9.267,46.925],[9.273,46.921],[9.273,46.917],[9.28,46.916],[9.283,46.914],[9.279,46.912],[9.28,46.911],[9.283,46.913],[9.29,46.913],[9.293,46.911],[9.296,46.914],[9.3,46.911],[9.3,46.913],[9.303,46.915],[9.319,46.911],[9.326,46.914],[9.338,46.915],[9.336,46.913],[9.338,46.908],[9.342,46.908],[9.348,46.903],[9.378,46.9],[9.378,46.898],[9.374,46.897],[9.361,46.898],[9.353,46.897],[9.354,46.892],[9.358,46.893],[9.361,46.888],[9.358,46.887],[9.354,46.889],[9.353,46.888],[9.356,46.883],[9.354,46.881],[9.337,46.881],[9.335,46.885],[9.331,46.883],[9.328,46.884],[9.323,46.891],[9.326,46.893],[9.325,46.894],[9.322,46.892],[9.318,46.892],[9.318,46.9],[9.314,46.9],[9.312,46.896],[9.309,46.898],[9.312,46.895],[9.306,46.891],[9.299,46.895],[9.292,46.894],[9.29,46.896],[9.282,46.898],[9.282,46.89],[9.272,46.89],[9.269,46.892],[9.268,46.891],[9.272,46.887],[9.289,46.885],[9.289,46.883],[9.285,46.882],[9.292,46.88],[9.296,46.875],[9.292,46.873],[9.292,46.871],[9.272,46.874],[9.266,46.878],[9.256,46.879],[9.249,46.877],[9.241,46.878],[9.239,46.88],[9.238,46.878],[9.24,46.876],[9.24,46.872],[9.236,46.867],[9.229,46.865],[9.226,46.867],[9.222,46.866],[9.219,46.865],[9.218,46.863],[9.208,46.861],[9.203,46.857],[9.193,46.858],[9.183,46.855],[9.183,46.852],[9.189,46.85],[9.196,46.85],[9.2,46.843],[9.179,46.843],[9.176,46.846],[9.18,46.848],[9.171,46.85],[9.163,46.857],[9.15,46.854],[9.147,46.848],[9.14,46.85],[9.137,46.847],[9.124,46.85],[9.107,46.85],[9.104,46.853],[9.097,46.854],[9.098,46.851],[9.097,46.849],[9.094,46.848],[9.091,46.844],[9.084,46.847],[9.074,46.848],[9.076,46.84],[9.09,46.834],[9.09,46.831],[9.087,46.832],[9.084,46.831],[9.085,46.829],[9.084,46.828],[9.077,46.831],[9.061,46.828],[9.059,46.827],[9.057,46.821],[9.049,46.821],[9.047,46.818],[9.044,46.817],[9.041,46.82],[9.037,46.821],[9.028,46.818],[9.024,46.815],[9.018,46.816],[9.008,46.811],[8.975,46.807],[8.972,46.804],[8.975,46.803],[8.979,46.804],[8.982,46.801],[8.978,46.799],[8.981,46.798],[8.988,46.799],[8.991,46.797],[9.011,46.799],[9.014,46.801],[9.021,46.802],[9.023,46.801],[9.02,46.795],[9.017,46.797],[9.016,46.796],[9.017,46.792],[9.019,46.792],[9.004,46.791],[9.001,46.793],[8.994,46.787],[8.991,46.786],[8.984,46.788],[8.977,46.785],[8.959,46.788],[8.963,46.793],[8.961,46.795],[8.962,46.797],[8.961,46.798],[8.955,46.797],[8.952,46.795],[8.952,46.793],[8.959,46.786],[8.954,46.779],[8.948,46.78],[8.941,46.775],[8.937,46.777],[8.936,46.775],[8.928,46.772],[8.918,46.765],[8.917,46.771],[8.919,46.773],[8.918,46.776],[8.922,46.778],[8.925,46.777],[8.922,46.78],[8.91,46.773],[8.914,46.771],[8.912,46.769],[8.905,46.768],[8.903,46.771],[8.899,46.773],[8.902,46.777],[8.908,46.78],[8.905,46.786],[8.903,46.784],[8.898,46.784],[8.896,46.786],[8.889,46.786],[8.887,46.789],[8.888,46.798],[8.886,46.8],[8.882,46.798],[8.882,46.796],[8.879,46.794],[8.87,46.799],[8.868,46.796],[8.871,46.794],[8.872,46.791],[8.863,46.794],[8.869,46.787],[8.873,46.785],[8.873,46.781],[8.868,46.776],[8.867,46.773],[8.856,46.781],[8.846,46.785],[8.843,46.783],[8.844,46.778],[8.837,46.782],[8.833,46.778],[8.837,46.78],[8.852,46.765],[8.846,46.761],[8.843,46.761],[8.841,46.756],[8.838,46.754],[8.839,46.753],[8.844,46.756],[8.846,46.76],[8.849,46.76],[8.851,46.758],[8.859,46.758],[8.865,46.755],[8.869,46.754],[8.872,46.755],[8.878,46.753],[8.875,46.753],[8.868,46.747],[8.865,46.747],[8.861,46.744],[8.862,46.735],[8.849,46.737],[8.845,46.733],[8.842,46.733],[8.841,46.731],[8.842,46.729],[8.845,46.729],[8.845,46.727],[8.842,46.726],[8.835,46.727],[8.829,46.73],[8.822,46.729],[8.819,46.732],[8.806,46.724],[8.799,46.724],[8.793,46.727],[8.791,46.725],[8.797,46.72],[8.796,46.718],[8.798,46.714],[8.794,46.714],[8.794,46.718],[8.792,46.718],[8.789,46.712],[8.782,46.711],[8.773,46.719],[8.77,46.717],[8.762,46.723],[8.764,46.728],[8.76,46.732],[8.757,46.732],[8.755,46.734],[8.754,46.741],[8.747,46.735],[8.739,46.735],[8.74,46.732],[8.737,46.73],[8.744,46.728],[8.747,46.733],[8.751,46.732],[8.75,46.723],[8.748,46.719],[8.753,46.708],[8.753,46.7],[8.75,46.696],[8.746,46.695],[8.74,46.702],[8.731,46.705],[8.733,46.707],[8.737,46.706],[8.737,46.708],[8.727,46.707],[8.723,46.703],[8.726,46.694],[8.717,46.693],[8.713,46.691],[8.707,46.698],[8.704,46.696],[8.7,46.697],[8.699,46.694],[8.701,46.69],[8.697,46.688],[8.694,46.69],[8.696,46.686],[8.694,46.683],[8.686,46.688],[8.687,46.686],[8.685,46.683],[8.687,46.681],[8.684,46.681],[8.682,46.679],[8.681,46.677],[8.682,46.674],[8.68,46.672],[8.673,46.672],[8.675,46.675],[8.674,46.679],[8.662,46.67]],[[8.671,46.697],[8.675,46.699],[8.674,46.7],[8.671,46.697]],[[8.939,46.824],[8.936,46.824],[8.929,46.82],[8.929,46.815],[8.932,46.812],[8.935,46.813],[8.937,46.818],[8.934,46.82],[8.939,46.824]],[[9.308,46.956],[9.308,46.954],[9.311,46.953],[9.312,46.954],[9.308,46.956]],[[8.723,46.703],[8.72,46.707],[8.716,46.706],[8.717,46.704],[8.723,46.703]]],[[[8.979,46.849],[8.982,46.851],[8.981,46.853],[8.983,46.856],[8.983,46.851],[8.986,46.848],[8.983,46.847],[8.979,46.849]]],[[[9.321,46.951],[9.318,46.954],[9.324,46.957],[9.329,46.956],[9.321,46.951]]],[[[9.321,46.951],[9.327,46.949],[9.33,46.951],[9.346,46.951],[9.347,46.949],[9.35,46.949],[9.351,46.944],[9.338,46.944],[9.337,46.947],[9.334,46.948],[9.33,46.944],[9.324,46.947],[9.32,46.943],[9.319,46.949],[9.321,46.951]]],[[[9.09,46.831],[9.095,46.829],[9.093,46.827],[9.089,46.829],[9.09,46.831]]],[[[9.341,47.25],[9.324,47.245],[9.32,47.248],[9.328,47.252],[9.334,47.252],[9.34,47.255],[9.341,47.257],[9.345,47.257],[9.343,47.259],[9.345,47.261],[9.355,47.265],[9.358,47.268],[9.361,47.266],[9.362,47.263],[9.35,47.255],[9.348,47.252],[9.361,47.252],[9.351,47.246],[9.347,47.246],[9.341,47.25]]],[[[9.335,46.636],[9.307,46.634],[9.319,46.641],[9.331,46.639],[9.335,46.636]]],[[[9.14,47.051],[9.143,47.049],[9.15,47.055],[9.162,47.06],[9.162,47.062],[9.17,47.063],[9.171,47.066],[9.177,47.068],[9.182,47.066],[9.182,47.064],[9.175,47.055],[9.169,47.053],[9.166,47.05],[9.159,47.05],[9.153,47.047],[9.146,47.048],[9.147,47.044],[9.145,47.042],[9.146,47.039],[9.149,47.037],[9.149,47.032],[9.156,47.038],[9.169,47.041],[9.179,47.041],[9.184,47.044],[9.189,47.044],[9.192,47.047],[9.202,47.042],[9.205,47.046],[9.209,47.046],[9.212,47.044],[9.214,47.045],[9.214,47.048],[9.211,47.054],[9.218,47.056],[9.218,47.059],[9.22,47.061],[9.215,47.063],[9.216,47.07],[9.226,47.067],[9.228,47.068],[9.227,47.072],[9.229,47.073],[9.235,47.067],[9.234,47.065],[9.229,47.064],[9.227,47.061],[9.231,47.059],[9.229,47.054],[9.221,47.05],[9.228,47.046],[9.232,47.046],[9.246,47.052],[9.249,47.049],[9.244,47.045],[9.244,47.043],[9.249,47.038],[9.258,47.036],[9.253,47.029],[9.254,47.021],[9.28,47.021],[9.284,47.025],[9.3,47.017],[9.309,47.024],[9.313,47.024],[9.316,47.022],[9.32,47.023],[9.322,47.021],[9.318,47.019],[9.318,47.017],[9.316,47.016],[9.31,47.015],[9.31,47.011],[9.306,47.008],[9.293,47.012],[9.289,47.008],[9.291,47.004],[9.29,47.001],[9.294,46.997],[9.292,46.994],[9.279,46.995],[9.277,46.997],[9.277,47.002],[9.27,47.002],[9.267,47.004],[9.263,47.003],[9.257,46.995],[9.251,46.993],[9.25,46.99],[9.245,46.989],[9.246,46.993],[9.243,46.995],[9.24,46.996],[9.236,46.995],[9.233,46.997],[9.239,47.0],[9.237,47.002],[9.241,47.004],[9.24,47.006],[9.237,47.005],[9.235,47.007],[9.237,47.009],[9.234,47.014],[9.229,47.016],[9.221,47.017],[9.219,47.014],[9.213,47.012],[9.211,47.002],[9.207,46.995],[9.2,46.995],[9.197,46.998],[9.195,46.998],[9.197,46.999],[9.2,47.005],[9.204,47.007],[9.207,47.016],[9.206,47.032],[9.209,47.034],[9.205,47.036],[9.195,47.032],[9.195,47.023],[9.191,47.019],[9.181,47.016],[9.172,47.02],[9.17,47.023],[9.172,47.026],[9.176,47.023],[9.178,47.019],[9.182,47.026],[9.178,47.024],[9.176,47.026],[9.156,47.03],[9.154,47.026],[9.156,47.024],[9.153,47.021],[9.154,47.017],[9.152,47.016],[9.146,47.019],[9.146,47.022],[9.149,47.024],[9.145,47.022],[9.142,47.018],[9.137,47.019],[9.128,47.026],[9.128,47.029],[9.126,47.031],[9.128,47.038],[9.124,47.044],[9.125,47.047],[9.127,47.048],[9.13,47.045],[9.133,47.047],[9.133,47.049],[9.14,47.051]]],[[[9.279,46.995],[9.276,46.994],[9.276,46.996],[9.279,46.995]]],[[[9.279,46.995],[9.28,46.99],[9.278,46.99],[9.277,46.993],[9.279,46.995]]],[[[9.316,47.156],[9.314,47.156],[9.313,47.161],[9.317,47.167],[9.318,47.173],[9.32,47.163],[9.317,47.161],[9.316,47.156]]],[[[9.293,46.5],[9.282,46.499],[9.28,46.5],[9.28,46.502],[9.282,46.503],[9.285,46.501],[9.289,46.503],[9.292,46.502],[9.295,46.505],[9.3,46.506],[9.301,46.509],[9.305,46.511],[9.312,46.507],[9.315,46.509],[9.316,46.508],[9.316,46.506],[9.308,46.506],[9.302,46.501],[9.298,46.502],[9.293,46.5]]],[[[9.279,47.157],[9.272,47.156],[9.268,47.158],[9.262,47.155],[9.253,47.157],[9.255,47.16],[9.259,47.16],[9.262,47.163],[9.275,47.161],[9.279,47.157]]],[[[9.254,46.451],[9.238,46.447],[9.237,46.449],[9.232,46.451],[9.237,46.453],[9.238,46.456],[9.242,46.458],[9.245,46.455],[9.251,46.456],[9.255,46.455],[9.252,46.458],[9.254,46.46],[9.261,46.459],[9.268,46.463],[9.269,46.466],[9.265,46.471],[9.272,46.478],[9.275,46.478],[9.276,46.475],[9.272,46.471],[9.272,46.466],[9.275,46.464],[9.273,46.462],[9.272,46.457],[9.261,46.451],[9.254,46.451]]],[[[9.238,46.957],[9.235,46.953],[9.233,46.955],[9.226,46.957],[9.232,46.965],[9.242,46.968],[9.245,46.965],[9.249,46.966],[9.256,46.964],[9.257,46.959],[9.255,46.958],[9.252,46.962],[9.249,46.963],[9.247,46.959],[9.238,46.957]]],[[[9.249,46.966],[9.248,46.968],[9.249,46.969],[9.251,46.968],[9.249,46.966]]],[[[9.245,47.067],[9.239,47.066],[9.233,47.07],[9.239,47.07],[9.246,47.074],[9.256,47.074],[9.256,47.07],[9.252,47.071],[9.245,47.067]]],[[[9.241,46.579],[9.229,46.579],[9.226,46.581],[9.225,46.584],[9.247,46.581],[9.241,46.579]]],[[[9.238,46.465],[9.235,46.464],[9.225,46.469],[9.221,46.476],[9.222,46.481],[9.219,46.485],[9.22,46.487],[9.23,46.488],[9.231,46.487],[9.229,46.486],[9.229,46.481],[9.242,46.48],[9.238,46.476],[9.232,46.474],[9.235,46.47],[9.239,46.472],[9.243,46.471],[9.237,46.467],[9.238,46.465]]],[[[9.236,47.151],[9.225,47.148],[9.223,47.151],[9.225,47.154],[9.235,47.157],[9.239,47.155],[9.236,47.153],[9.236,47.151]]],[[[9.239,47.155],[9.242,47.157],[9.243,47.153],[9.239,47.155]]],[[[9.137,46.531],[9.13,46.53],[9.127,46.532],[9.133,46.536],[9.137,46.535],[9.147,46.541],[9.15,46.541],[9.153,46.544],[9.156,46.542],[9.166,46.54],[9.163,46.538],[9.153,46.536],[9.149,46.538],[9.137,46.531]]],[[[9.156,46.542],[9.154,46.545],[9.157,46.547],[9.158,46.545],[9.156,46.542]]],[[[9.138,46.549],[9.127,46.549],[9.124,46.55],[9.123,46.552],[9.127,46.557],[9.137,46.558],[9.137,46.552],[9.131,46.552],[9.137,46.551],[9.138,46.549]]],[[[9.113,47.047],[9.109,47.047],[9.114,47.053],[9.113,47.058],[9.117,47.061],[9.127,47.063],[9.13,47.062],[9.131,47.06],[9.127,47.056],[9.13,47.057],[9.133,47.056],[9.13,47.05],[9.12,47.05],[9.113,47.047]]],[[[9.121,46.961],[9.119,46.964],[9.127,46.97],[9.128,46.968],[9.126,46.966],[9.127,46.965],[9.132,46.966],[9.132,46.963],[9.121,46.961]]],[[[9.073,46.912],[9.07,46.906],[9.063,46.91],[9.063,46.913],[9.056,46.917],[9.056,46.922],[9.067,46.923],[9.075,46.921],[9.076,46.924],[9.08,46.926],[9.078,46.928],[9.081,46.93],[9.08,46.933],[9.087,46.933],[9.09,46.93],[9.097,46.932],[9.103,46.93],[9.107,46.934],[9.108,46.939],[9.112,46.941],[9.113,46.944],[9.117,46.944],[9.122,46.941],[9.13,46.941],[9.13,46.937],[9.123,46.936],[9.12,46.931],[9.107,46.928],[9.099,46.923],[9.099,46.919],[9.107,46.921],[9.11,46.919],[9.106,46.916],[9.112,46.914],[9.106,46.912],[9.099,46.913],[9.098,46.917],[9.094,46.917],[9.092,46.914],[9.089,46.913],[9.086,46.917],[9.089,46.919],[9.073,46.912]]],[[[9.093,46.462],[9.092,46.457],[9.089,46.46],[9.091,46.462],[9.091,46.465],[9.086,46.473],[9.073,46.476],[9.076,46.481],[9.063,46.479],[9.057,46.476],[9.054,46.479],[9.05,46.479],[9.044,46.483],[9.039,46.483],[9.046,46.485],[9.048,46.488],[9.047,46.491],[9.044,46.49],[9.041,46.492],[9.041,46.495],[9.038,46.493],[9.031,46.496],[9.025,46.494],[9.02,46.495],[9.025,46.497],[9.029,46.501],[9.025,46.503],[9.018,46.502],[9.015,46.504],[9.023,46.506],[9.019,46.513],[9.028,46.516],[9.031,46.515],[9.029,46.513],[9.031,46.507],[9.035,46.511],[9.047,46.508],[9.047,46.497],[9.051,46.493],[9.059,46.497],[9.07,46.494],[9.08,46.499],[9.083,46.498],[9.078,46.487],[9.081,46.487],[9.086,46.49],[9.088,46.489],[9.089,46.485],[9.09,46.487],[9.096,46.487],[9.099,46.489],[9.109,46.488],[9.112,46.485],[9.116,46.487],[9.119,46.482],[9.125,46.48],[9.125,46.478],[9.122,46.477],[9.112,46.483],[9.11,46.482],[9.11,46.48],[9.106,46.479],[9.102,46.482],[9.093,46.476],[9.101,46.471],[9.099,46.469],[9.095,46.47],[9.094,46.467],[9.097,46.464],[9.093,46.462]]],[[[9.116,46.487],[9.12,46.489],[9.121,46.487],[9.119,46.485],[9.116,46.487]]],[[[9.076,46.514],[9.071,46.513],[9.068,46.514],[9.064,46.512],[9.059,46.514],[9.055,46.519],[9.056,46.524],[9.051,46.53],[9.055,46.532],[9.058,46.528],[9.061,46.531],[9.071,46.529],[9.072,46.528],[9.07,46.526],[9.07,46.523],[9.064,46.518],[9.064,46.516],[9.068,46.515],[9.069,46.517],[9.075,46.517],[9.076,46.514]]],[[[9.031,46.6],[9.021,46.603],[9.018,46.606],[9.012,46.607],[9.006,46.614],[9.009,46.616],[9.015,46.614],[9.014,46.612],[9.015,46.611],[9.019,46.612],[9.025,46.606],[9.028,46.611],[9.038,46.61],[9.038,46.607],[9.034,46.603],[9.031,46.603],[9.031,46.6]]],[[[8.977,46.986],[8.977,46.984],[8.975,46.986],[8.96,46.988],[8.961,46.986],[8.957,46.985],[8.956,46.991],[8.954,46.993],[8.957,46.994],[8.96,46.992],[8.964,46.994],[8.97,46.994],[8.976,46.997],[8.965,46.999],[8.967,47.002],[8.971,47.001],[8.975,47.004],[8.968,47.008],[8.971,47.011],[8.981,47.007],[8.984,47.008],[8.984,47.013],[8.987,47.015],[8.991,47.016],[8.997,47.014],[9.001,47.016],[9.006,47.012],[9.017,47.014],[9.025,47.01],[9.026,47.008],[9.02,47.007],[9.017,47.008],[9.014,47.003],[9.01,47.001],[9.007,47.002],[9.0,46.997],[8.99,46.995],[8.987,46.991],[8.977,46.986]]],[[[9.019,46.531],[9.006,46.535],[9.004,46.538],[9.006,46.543],[9.01,46.54],[9.016,46.542],[9.019,46.54],[9.021,46.538],[9.021,46.533],[9.019,46.531]]],[[[8.999,47.06],[8.997,47.062],[9.005,47.063],[9.009,47.062],[8.999,47.06]]],[[[8.999,47.06],[8.985,47.058],[8.983,47.06],[8.985,47.062],[8.999,47.06]]],[[[8.983,46.981],[8.982,46.986],[8.983,46.987],[8.987,46.987],[8.993,46.991],[9.003,46.995],[9.004,46.994],[9.004,46.992],[9.0,46.988],[9.0,46.982],[8.986,46.983],[8.983,46.981]]],[[[8.858,46.567],[8.847,46.565],[8.834,46.565],[8.824,46.569],[8.821,46.572],[8.811,46.574],[8.816,46.576],[8.815,46.578],[8.819,46.581],[8.815,46.585],[8.818,46.59],[8.82,46.59],[8.82,46.587],[8.828,46.587],[8.828,46.59],[8.832,46.59],[8.835,46.595],[8.84,46.592],[8.83,46.581],[8.836,46.58],[8.838,46.583],[8.841,46.583],[8.845,46.58],[8.845,46.578],[8.848,46.575],[8.851,46.581],[8.854,46.58],[8.859,46.582],[8.868,46.59],[8.871,46.589],[8.871,46.587],[8.874,46.584],[8.879,46.584],[8.889,46.587],[8.887,46.589],[8.893,46.593],[8.907,46.595],[8.909,46.598],[8.904,46.599],[8.901,46.602],[8.901,46.604],[8.894,46.602],[8.882,46.605],[8.882,46.609],[8.874,46.611],[8.873,46.614],[8.875,46.616],[8.871,46.614],[8.867,46.621],[8.875,46.622],[8.888,46.631],[8.891,46.627],[8.893,46.629],[8.891,46.632],[8.897,46.634],[8.898,46.636],[8.908,46.636],[8.911,46.639],[8.921,46.641],[8.926,46.638],[8.931,46.629],[8.932,46.635],[8.936,46.638],[8.93,46.64],[8.944,46.644],[8.951,46.643],[8.954,46.64],[8.96,46.641],[8.963,46.638],[8.967,46.641],[8.97,46.635],[8.973,46.64],[8.977,46.64],[8.98,46.638],[8.983,46.64],[8.983,46.637],[8.986,46.635],[8.991,46.635],[8.992,46.628],[8.979,46.623],[8.973,46.625],[8.966,46.625],[8.963,46.624],[8.964,46.619],[8.96,46.618],[8.95,46.618],[8.947,46.616],[8.943,46.616],[8.942,46.617],[8.944,46.62],[8.92,46.622],[8.921,46.62],[8.915,46.613],[8.916,46.611],[8.915,46.609],[8.927,46.605],[8.927,46.602],[8.923,46.602],[8.92,46.6],[8.918,46.595],[8.913,46.593],[8.909,46.589],[8.911,46.586],[8.91,46.581],[8.903,46.58],[8.9,46.583],[8.893,46.583],[8.891,46.582],[8.89,46.577],[8.87,46.575],[8.867,46.571],[8.86,46.571],[8.858,46.567]]],[[[8.858,46.879],[8.849,46.878],[8.829,46.885],[8.816,46.882],[8.809,46.884],[8.807,46.887],[8.795,46.887],[8.793,46.891],[8.78,46.891],[8.774,46.895],[8.763,46.896],[8.765,46.901],[8.768,46.901],[8.772,46.905],[8.772,46.91],[8.769,46.912],[8.769,46.914],[8.774,46.919],[8.778,46.921],[8.78,46.918],[8.788,46.919],[8.799,46.916],[8.798,46.918],[8.817,46.926],[8.821,46.924],[8.822,46.92],[8.825,46.918],[8.824,46.917],[8.82,46.918],[8.814,46.914],[8.807,46.917],[8.806,46.916],[8.809,46.914],[8.807,46.912],[8.804,46.913],[8.794,46.911],[8.789,46.909],[8.791,46.905],[8.781,46.905],[8.779,46.903],[8.79,46.899],[8.807,46.901],[8.808,46.9],[8.804,46.896],[8.804,46.893],[8.807,46.889],[8.81,46.888],[8.813,46.893],[8.817,46.893],[8.82,46.896],[8.823,46.895],[8.824,46.893],[8.83,46.893],[8.836,46.89],[8.849,46.89],[8.853,46.888],[8.862,46.895],[8.867,46.897],[8.866,46.899],[8.859,46.903],[8.859,46.905],[8.866,46.906],[8.866,46.909],[8.868,46.908],[8.867,46.906],[8.871,46.906],[8.873,46.908],[8.876,46.907],[8.888,46.91],[8.883,46.911],[8.881,46.913],[8.886,46.917],[8.889,46.917],[8.884,46.919],[8.889,46.92],[8.893,46.919],[8.906,46.924],[8.913,46.924],[8.915,46.926],[8.91,46.928],[8.932,46.93],[8.939,46.934],[8.944,46.939],[8.943,46.941],[8.932,46.933],[8.917,46.933],[8.909,46.931],[8.908,46.928],[8.903,46.924],[8.899,46.925],[8.896,46.922],[8.889,46.923],[8.886,46.925],[8.873,46.923],[8.87,46.925],[8.863,46.924],[8.86,46.927],[8.863,46.929],[8.868,46.929],[8.869,46.933],[8.867,46.938],[8.864,46.937],[8.859,46.94],[8.863,46.942],[8.864,46.947],[8.87,46.947],[8.864,46.944],[8.867,46.941],[8.874,46.944],[8.88,46.943],[8.883,46.946],[8.883,46.949],[8.88,46.949],[8.874,46.953],[8.865,46.953],[8.865,46.956],[8.871,46.956],[8.874,46.959],[8.895,46.964],[8.899,46.969],[8.891,46.972],[8.874,46.97],[8.869,46.976],[8.872,46.987],[8.869,46.989],[8.87,46.992],[8.879,47.001],[8.876,47.003],[8.882,47.006],[8.892,47.007],[8.89,47.009],[8.895,47.012],[8.9,47.011],[8.901,47.009],[8.905,47.011],[8.909,47.009],[8.911,47.007],[8.911,47.004],[8.915,47.004],[8.918,47.001],[8.927,46.998],[8.931,46.992],[8.937,46.989],[8.927,46.982],[8.925,46.977],[8.928,46.977],[8.928,46.98],[8.936,46.984],[8.937,46.988],[8.948,46.986],[8.947,46.981],[8.95,46.98],[8.954,46.985],[8.963,46.982],[8.97,46.985],[8.973,46.984],[8.969,46.981],[8.97,46.979],[8.963,46.98],[8.961,46.979],[8.963,46.977],[8.957,46.973],[8.95,46.972],[8.949,46.97],[8.96,46.965],[8.963,46.966],[8.958,46.968],[8.96,46.969],[8.989,46.968],[8.992,46.965],[8.986,46.966],[8.983,46.963],[8.979,46.964],[8.976,46.962],[8.969,46.961],[8.957,46.948],[8.957,46.946],[8.954,46.943],[8.954,46.939],[8.957,46.934],[8.963,46.932],[8.965,46.929],[8.955,46.929],[8.932,46.921],[8.925,46.917],[8.912,46.914],[8.911,46.912],[8.907,46.91],[8.902,46.91],[8.899,46.907],[8.885,46.904],[8.884,46.899],[8.872,46.895],[8.874,46.888],[8.872,46.888],[8.869,46.883],[8.858,46.879]]],[[[8.957,46.599],[8.953,46.599],[8.95,46.604],[8.946,46.606],[8.945,46.611],[8.95,46.613],[8.973,46.615],[8.976,46.612],[8.982,46.612],[8.987,46.61],[8.982,46.606],[8.976,46.604],[8.966,46.604],[8.957,46.599]]],[[[8.982,46.606],[8.989,46.607],[8.991,46.605],[8.982,46.606]]],[[[8.974,47.051],[8.965,47.049],[8.96,47.051],[8.964,47.053],[8.963,47.056],[8.966,47.057],[8.969,47.056],[8.97,47.058],[8.968,47.06],[8.976,47.061],[8.982,47.058],[8.982,47.055],[8.975,47.052],[8.972,47.054],[8.971,47.053],[8.974,47.051]]],[[[8.946,47.052],[8.939,47.05],[8.939,47.054],[8.936,47.056],[8.944,47.063],[8.949,47.065],[8.95,47.063],[8.947,47.06],[8.948,47.054],[8.946,47.052]]],[[[8.922,47.043],[8.909,47.042],[8.904,47.045],[8.906,47.048],[8.909,47.047],[8.916,47.049],[8.919,47.048],[8.922,47.049],[8.923,47.051],[8.936,47.048],[8.922,47.043]]],[[[8.879,46.916],[8.883,46.915],[8.879,46.914],[8.879,46.916]]],[[[8.883,46.915],[8.883,46.919],[8.884,46.917],[8.883,46.915]]],[[[8.856,47.006],[8.843,47.005],[8.842,47.008],[8.846,47.012],[8.846,47.01],[8.849,47.007],[8.851,47.01],[8.855,47.01],[8.857,47.008],[8.856,47.006]]],[[[8.79,46.523],[8.784,46.519],[8.779,46.52],[8.777,46.527],[8.778,46.531],[8.788,46.531],[8.788,46.529],[8.791,46.527],[8.797,46.529],[8.801,46.528],[8.804,46.525],[8.796,46.525],[8.79,46.523]]],[[[8.607,46.554],[8.599,46.552],[8.593,46.556],[8.599,46.561],[8.599,46.563],[8.607,46.565],[8.609,46.568],[8.613,46.567],[8.603,46.572],[8.596,46.57],[8.591,46.565],[8.59,46.562],[8.582,46.563],[8.577,46.562],[8.561,46.568],[8.569,46.57],[8.567,46.572],[8.574,46.576],[8.577,46.572],[8.581,46.574],[8.574,46.577],[8.57,46.577],[8.569,46.588],[8.571,46.591],[8.574,46.587],[8.58,46.585],[8.597,46.587],[8.598,46.588],[8.594,46.59],[8.594,46.592],[8.597,46.596],[8.603,46.596],[8.603,46.597],[8.594,46.596],[8.588,46.599],[8.586,46.601],[8.588,46.603],[8.588,46.606],[8.584,46.61],[8.584,46.612],[8.587,46.613],[8.594,46.608],[8.597,46.608],[8.601,46.61],[8.599,46.612],[8.6,46.615],[8.604,46.613],[8.607,46.615],[8.614,46.616],[8.62,46.611],[8.623,46.615],[8.627,46.613],[8.63,46.614],[8.63,46.612],[8.633,46.61],[8.633,46.607],[8.64,46.608],[8.642,46.605],[8.646,46.604],[8.649,46.601],[8.647,46.596],[8.639,46.593],[8.633,46.596],[8.629,46.595],[8.626,46.597],[8.625,46.596],[8.625,46.594],[8.629,46.591],[8.639,46.588],[8.642,46.591],[8.646,46.59],[8.655,46.594],[8.665,46.592],[8.669,46.595],[8.672,46.592],[8.675,46.592],[8.675,46.596],[8.678,46.596],[8.684,46.602],[8.686,46.607],[8.686,46.614],[8.689,46.616],[8.692,46.615],[8.695,46.611],[8.7,46.614],[8.701,46.616],[8.7,46.618],[8.705,46.619],[8.705,46.617],[8.703,46.616],[8.709,46.609],[8.704,46.6],[8.705,46.599],[8.708,46.6],[8.711,46.598],[8.713,46.589],[8.71,46.586],[8.711,46.584],[8.714,46.587],[8.718,46.596],[8.723,46.595],[8.724,46.592],[8.726,46.593],[8.725,46.597],[8.728,46.6],[8.728,46.605],[8.726,46.606],[8.727,46.609],[8.741,46.611],[8.744,46.609],[8.742,46.604],[8.746,46.6],[8.742,46.597],[8.739,46.591],[8.74,46.587],[8.747,46.597],[8.75,46.605],[8.756,46.599],[8.757,46.596],[8.757,46.6],[8.754,46.602],[8.757,46.602],[8.761,46.606],[8.759,46.608],[8.76,46.61],[8.766,46.615],[8.767,46.618],[8.771,46.619],[8.772,46.624],[8.778,46.626],[8.778,46.628],[8.78,46.629],[8.787,46.63],[8.79,46.637],[8.796,46.637],[8.8,46.64],[8.804,46.637],[8.802,46.633],[8.79,46.624],[8.79,46.621],[8.796,46.621],[8.796,46.617],[8.8,46.615],[8.802,46.612],[8.796,46.608],[8.79,46.609],[8.783,46.608],[8.79,46.606],[8.787,46.604],[8.786,46.601],[8.79,46.597],[8.786,46.593],[8.78,46.594],[8.773,46.591],[8.765,46.593],[8.776,46.597],[8.78,46.596],[8.782,46.597],[8.773,46.599],[8.765,46.597],[8.766,46.595],[8.762,46.593],[8.764,46.59],[8.762,46.588],[8.763,46.586],[8.773,46.58],[8.781,46.579],[8.776,46.579],[8.769,46.572],[8.753,46.571],[8.746,46.573],[8.74,46.572],[8.723,46.575],[8.719,46.571],[8.718,46.568],[8.72,46.567],[8.725,46.571],[8.733,46.571],[8.737,46.569],[8.738,46.566],[8.749,46.566],[8.759,46.564],[8.766,46.566],[8.768,46.563],[8.75,46.554],[8.738,46.557],[8.73,46.556],[8.72,46.561],[8.704,46.56],[8.688,46.566],[8.684,46.564],[8.683,46.566],[8.686,46.569],[8.684,46.57],[8.682,46.575],[8.684,46.578],[8.686,46.578],[8.691,46.575],[8.691,46.58],[8.675,46.581],[8.673,46.58],[8.672,46.573],[8.658,46.572],[8.646,46.567],[8.635,46.566],[8.624,46.56],[8.609,46.556],[8.607,46.554]]],[[[8.684,46.564],[8.682,46.557],[8.679,46.555],[8.671,46.556],[8.669,46.558],[8.671,46.561],[8.678,46.562],[8.677,46.564],[8.678,46.565],[8.684,46.564]]],[[[8.789,46.846],[8.792,46.844],[8.789,46.842],[8.787,46.844],[8.789,46.846]]],[[[8.777,46.545],[8.772,46.544],[8.76,46.55],[8.767,46.557],[8.775,46.561],[8.779,46.561],[8.782,46.563],[8.782,46.565],[8.785,46.564],[8.787,46.563],[8.783,46.559],[8.785,46.556],[8.782,46.552],[8.778,46.55],[8.778,46.548],[8.779,46.55],[8.785,46.553],[8.787,46.55],[8.785,46.547],[8.778,46.547],[8.777,46.545]]],[[[8.777,46.523],[8.774,46.522],[8.768,46.526],[8.76,46.527],[8.749,46.532],[8.745,46.531],[8.742,46.533],[8.734,46.534],[8.736,46.536],[8.739,46.536],[8.755,46.533],[8.758,46.534],[8.759,46.537],[8.768,46.534],[8.77,46.532],[8.769,46.53],[8.775,46.527],[8.777,46.523]]],[[[8.743,46.434],[8.745133333333337,46.43386666666667],[8.744,46.435],[8.747,46.435],[8.746393939393938,46.433787878787875],[8.759,46.433],[8.761,46.435],[8.76,46.437],[8.763,46.439],[8.775,46.435],[8.772,46.433],[8.766,46.434],[8.764,46.433],[8.765,46.431],[8.756,46.427],[8.75,46.429],[8.754,46.426],[8.753,46.424],[8.747,46.422],[8.745,46.417],[8.746,46.42],[8.742,46.422],[8.744,46.424],[8.743,46.427],[8.739,46.429],[8.733,46.427],[8.717,46.433],[8.707,46.435],[8.706,46.438],[8.708,46.44],[8.705,46.443],[8.705,46.445],[8.711,46.445],[8.714,46.447],[8.711,46.449],[8.715,46.449],[8.717,46.442],[8.729,46.44],[8.733,46.441],[8.736,46.44],[8.734,46.438],[8.734,46.435],[8.737,46.434],[8.74,46.437],[8.743,46.434]]],[[[8.719,46.922],[8.702,46.919],[8.704,46.922],[8.697,46.928],[8.699,46.93],[8.706,46.928],[8.709,46.924],[8.711,46.928],[8.704,46.933],[8.715,46.937],[8.722,46.944],[8.729,46.944],[8.732,46.94],[8.733,46.942],[8.742,46.944],[8.746,46.949],[8.75,46.948],[8.756,46.95],[8.752,46.942],[8.742,46.935],[8.725,46.929],[8.719,46.922]]],[[[8.752,46.899],[8.748,46.898],[8.745,46.901],[8.732,46.903],[8.726,46.908],[8.746,46.91],[8.753,46.905],[8.752,46.899]]],[[[8.739,46.615],[8.734,46.613],[8.73,46.615],[8.729,46.618],[8.733,46.622],[8.731,46.625],[8.735,46.625],[8.738,46.623],[8.741,46.625],[8.747,46.624],[8.741,46.618],[8.739,46.618],[8.739,46.615]]],[[[8.747,46.921],[8.725,46.913],[8.716,46.917],[8.725,46.922],[8.738,46.923],[8.747,46.921]]],[[[8.74,46.802],[8.742,46.804],[8.744,46.802],[8.742,46.8],[8.74,46.802]]],[[[8.736,46.798],[8.732,46.797],[8.726,46.8],[8.717,46.8],[8.729,46.805],[8.736,46.8],[8.736,46.798]]],[[[8.729,46.812],[8.733,46.813],[8.735,46.811],[8.729,46.808],[8.727,46.809],[8.729,46.812]]],[[[8.709,46.726],[8.701,46.722],[8.691,46.724],[8.688,46.726],[8.695,46.728],[8.701,46.725],[8.704,46.726],[8.703,46.728],[8.704,46.729],[8.709,46.726]]],[[[8.689,46.474],[8.685,46.474],[8.685,46.476],[8.682,46.478],[8.676,46.477],[8.673,46.479],[8.677,46.481],[8.676,46.482],[8.672,46.479],[8.669,46.481],[8.668,46.483],[8.67,46.486],[8.668,46.488],[8.668,46.492],[8.673,46.493],[8.676,46.487],[8.686,46.484],[8.689,46.485],[8.693,46.479],[8.689,46.474]]],[[[8.682,46.737],[8.678,46.739],[8.68,46.742],[8.678,46.746],[8.681,46.749],[8.688,46.751],[8.687,46.746],[8.682,46.744],[8.682,46.737]]],[[[8.679,46.621],[8.666,46.62],[8.663,46.624],[8.658,46.627],[8.655,46.632],[8.66,46.635],[8.663,46.633],[8.669,46.634],[8.672,46.632],[8.673,46.629],[8.677,46.627],[8.678,46.625],[8.677,46.623],[8.679,46.621]]],[[[8.658,46.636],[8.653,46.635],[8.645,46.641],[8.647,46.644],[8.656,46.645],[8.654,46.649],[8.649,46.65],[8.654,46.655],[8.66,46.659],[8.665,46.659],[8.668,46.657],[8.667,46.655],[8.663,46.654],[8.667,46.654],[8.669,46.652],[8.667,46.649],[8.663,46.649],[8.662,46.645],[8.656,46.641],[8.658,46.636]]],[[[8.324,46.671],[8.326,46.673],[8.321,46.674],[8.318,46.677],[8.314,46.675],[8.31,46.676],[8.315,46.682],[8.311,46.685],[8.305,46.684],[8.302,46.687],[8.301,46.694],[8.298,46.696],[8.295,46.693],[8.287,46.696],[8.288,46.697],[8.292,46.696],[8.292,46.698],[8.298,46.7],[8.299,46.703],[8.305,46.704],[8.308,46.702],[8.311,46.705],[8.314,46.703],[8.313,46.698],[8.315,46.697],[8.318,46.699],[8.32,46.698],[8.321,46.695],[8.323,46.696],[8.322,46.698],[8.324,46.699],[8.341,46.696],[8.347,46.697],[8.35,46.696],[8.346,46.693],[8.346,46.691],[8.357,46.678],[8.367,46.679],[8.374,46.682],[8.37,46.686],[8.372,46.689],[8.369,46.693],[8.37,46.695],[8.368,46.698],[8.368,46.702],[8.37,46.704],[8.375,46.704],[8.375,46.707],[8.367,46.703],[8.364,46.704],[8.361,46.711],[8.357,46.709],[8.348,46.716],[8.349,46.718],[8.346,46.723],[8.354,46.724],[8.358,46.728],[8.367,46.726],[8.377,46.729],[8.384,46.729],[8.394,46.727],[8.397,46.728],[8.4,46.726],[8.409,46.729],[8.417,46.728],[8.423,46.73],[8.426,46.729],[8.436,46.731],[8.439,46.733],[8.436,46.735],[8.433,46.734],[8.431,46.738],[8.425,46.738],[8.425,46.742],[8.423,46.743],[8.417,46.74],[8.413,46.74],[8.409,46.745],[8.404,46.746],[8.4,46.745],[8.397,46.747],[8.392,46.747],[8.404,46.75],[8.41,46.756],[8.424,46.762],[8.424,46.767],[8.437,46.771],[8.44,46.774],[8.431,46.771],[8.43,46.769],[8.427,46.772],[8.421,46.771],[8.417,46.768],[8.412,46.769],[8.411,46.773],[8.399,46.767],[8.375,46.762],[8.371,46.759],[8.352,46.757],[8.348,46.755],[8.335,46.753],[8.332,46.751],[8.328,46.752],[8.327,46.754],[8.33,46.756],[8.33,46.759],[8.354,46.765],[8.352,46.768],[8.347,46.77],[8.352,46.771],[8.358,46.769],[8.362,46.77],[8.365,46.773],[8.375,46.774],[8.38,46.779],[8.378,46.782],[8.375,46.783],[8.368,46.782],[8.359,46.786],[8.339,46.785],[8.337,46.786],[8.346,46.789],[8.354,46.795],[8.347,46.795],[8.341,46.792],[8.336,46.793],[8.334,46.79],[8.329,46.79],[8.325,46.792],[8.329,46.795],[8.326,46.798],[8.319,46.795],[8.318,46.799],[8.32,46.802],[8.318,46.804],[8.333,46.807],[8.335,46.813],[8.337,46.813],[8.342,46.81],[8.342,46.806],[8.352,46.799],[8.362,46.796],[8.374,46.79],[8.382,46.784],[8.385,46.789],[8.4,46.785],[8.4,46.783],[8.398,46.783],[8.397,46.781],[8.398,46.779],[8.401,46.783],[8.411,46.785],[8.411,46.787],[8.405,46.792],[8.415,46.794],[8.418,46.796],[8.42,46.794],[8.419,46.789],[8.432,46.792],[8.44,46.789],[8.44,46.785],[8.436,46.778],[8.437,46.776],[8.44,46.776],[8.444,46.781],[8.447,46.782],[8.457,46.782],[8.46,46.78],[8.46,46.782],[8.463,46.784],[8.466,46.78],[8.473,46.78],[8.473,46.783],[8.483,46.782],[8.485,46.787],[8.483,46.789],[8.493,46.788],[8.496,46.79],[8.503,46.788],[8.504,46.789],[8.5,46.791],[8.501,46.793],[8.508,46.795],[8.507,46.798],[8.516,46.799],[8.519,46.8],[8.52,46.802],[8.514,46.804],[8.513,46.807],[8.516,46.809],[8.516,46.816],[8.52,46.817],[8.515,46.82],[8.518,46.822],[8.516,46.825],[8.52,46.826],[8.525,46.824],[8.526,46.821],[8.529,46.822],[8.528,46.824],[8.536,46.828],[8.538,46.831],[8.533,46.833],[8.532,46.836],[8.546,46.839],[8.556,46.839],[8.557,46.838],[8.555,46.835],[8.548,46.829],[8.545,46.824],[8.549,46.824],[8.553,46.827],[8.563,46.828],[8.572,46.827],[8.576,46.829],[8.579,46.827],[8.582,46.829],[8.583,46.828],[8.583,46.826],[8.579,46.824],[8.569,46.823],[8.566,46.821],[8.559,46.821],[8.543,46.816],[8.539,46.814],[8.536,46.809],[8.529,46.804],[8.529,46.801],[8.539,46.806],[8.541,46.804],[8.539,46.802],[8.547,46.8],[8.544,46.797],[8.552,46.796],[8.562,46.798],[8.568,46.793],[8.572,46.792],[8.582,46.795],[8.591,46.79],[8.585,46.788],[8.581,46.784],[8.579,46.786],[8.576,46.786],[8.567,46.779],[8.568,46.778],[8.575,46.781],[8.578,46.785],[8.583,46.781],[8.58,46.779],[8.592,46.781],[8.587,46.774],[8.581,46.771],[8.578,46.773],[8.574,46.773],[8.571,46.776],[8.573,46.772],[8.572,46.77],[8.568,46.77],[8.56,46.772],[8.558,46.777],[8.552,46.774],[8.55,46.775],[8.548,46.78],[8.545,46.778],[8.546,46.775],[8.544,46.773],[8.545,46.77],[8.548,46.774],[8.552,46.771],[8.552,46.768],[8.55,46.766],[8.552,46.764],[8.548,46.762],[8.545,46.764],[8.547,46.759],[8.545,46.757],[8.541,46.757],[8.543,46.755],[8.541,46.754],[8.538,46.754],[8.535,46.758],[8.528,46.758],[8.528,46.76],[8.532,46.761],[8.532,46.765],[8.525,46.763],[8.522,46.758],[8.518,46.759],[8.519,46.762],[8.515,46.761],[8.514,46.764],[8.519,46.768],[8.519,46.77],[8.515,46.77],[8.512,46.768],[8.502,46.769],[8.493,46.767],[8.49,46.766],[8.492,46.764],[8.489,46.76],[8.496,46.757],[8.495,46.755],[8.496,46.753],[8.479,46.753],[8.476,46.755],[8.469,46.754],[8.466,46.756],[8.464,46.755],[8.466,46.755],[8.467,46.753],[8.466,46.751],[8.459,46.752],[8.459,46.749],[8.456,46.746],[8.458,46.744],[8.452,46.742],[8.456,46.73],[8.458,46.735],[8.462,46.738],[8.47,46.742],[8.475,46.742],[8.488,46.739],[8.488,46.737],[8.505,46.734],[8.506,46.732],[8.511,46.731],[8.518,46.727],[8.528,46.726],[8.524,46.723],[8.523,46.719],[8.526,46.717],[8.523,46.714],[8.523,46.712],[8.524,46.711],[8.527,46.713],[8.531,46.713],[8.546,46.705],[8.545,46.701],[8.549,46.696],[8.545,46.694],[8.545,46.689],[8.564,46.687],[8.546,46.684],[8.543,46.686],[8.537,46.686],[8.53,46.683],[8.519,46.69],[8.518,46.685],[8.514,46.683],[8.507,46.687],[8.505,46.69],[8.504,46.692],[8.507,46.694],[8.498,46.692],[8.488,46.695],[8.485,46.698],[8.484,46.697],[8.489,46.692],[8.488,46.69],[8.498,46.676],[8.495,46.674],[8.496,46.672],[8.506,46.669],[8.504,46.667],[8.493,46.665],[8.49,46.663],[8.487,46.666],[8.484,46.662],[8.477,46.66],[8.462,46.665],[8.445,46.673],[8.438,46.673],[8.443,46.668],[8.438,46.664],[8.436,46.666],[8.435,46.665],[8.445,46.657],[8.448,46.658],[8.454,46.653],[8.458,46.652],[8.461,46.647],[8.451,46.647],[8.456,46.641],[8.454,46.639],[8.451,46.641],[8.45,46.634],[8.452,46.634],[8.457,46.639],[8.471,46.643],[8.476,46.643],[8.481,46.64],[8.477,46.636],[8.477,46.634],[8.48,46.634],[8.483,46.638],[8.49,46.638],[8.493,46.635],[8.497,46.634],[8.49,46.64],[8.497,46.64],[8.505,46.643],[8.51,46.642],[8.505,46.638],[8.506,46.637],[8.514,46.642],[8.515,46.645],[8.533,46.643],[8.536,46.645],[8.541,46.642],[8.536,46.639],[8.53,46.638],[8.526,46.634],[8.523,46.634],[8.519,46.637],[8.51,46.634],[8.506,46.632],[8.503,46.627],[8.497,46.627],[8.485,46.62],[8.48,46.62],[8.476,46.623],[8.471,46.623],[8.468,46.62],[8.476,46.614],[8.473,46.611],[8.473,46.609],[8.48,46.61],[8.484,46.607],[8.479,46.602],[8.455,46.598],[8.453,46.603],[8.451,46.6],[8.453,46.598],[8.45,46.595],[8.442,46.594],[8.441,46.591],[8.423,46.578],[8.427,46.577],[8.437,46.584],[8.463,46.586],[8.465,46.584],[8.462,46.582],[8.48,46.578],[8.462,46.566],[8.439,46.558],[8.443,46.557],[8.462,46.559],[8.472,46.562],[8.485,46.569],[8.489,46.567],[8.489,46.564],[8.495,46.559],[8.495,46.557],[8.498,46.561],[8.505,46.552],[8.51,46.555],[8.506,46.566],[8.507,46.571],[8.505,46.573],[8.509,46.577],[8.508,46.581],[8.518,46.591],[8.528,46.594],[8.532,46.593],[8.529,46.595],[8.532,46.597],[8.535,46.596],[8.539,46.597],[8.545,46.601],[8.549,46.599],[8.545,46.595],[8.548,46.591],[8.548,46.588],[8.544,46.584],[8.541,46.586],[8.539,46.584],[8.54,46.581],[8.544,46.579],[8.543,46.575],[8.545,46.57],[8.534,46.569],[8.531,46.566],[8.528,46.566],[8.521,46.559],[8.524,46.555],[8.531,46.561],[8.537,46.56],[8.547,46.562],[8.55,46.563],[8.551,46.567],[8.56,46.568],[8.563,46.563],[8.562,46.559],[8.563,46.556],[8.556,46.55],[8.556,46.548],[8.558,46.545],[8.562,46.543],[8.56,46.543],[8.557,46.539],[8.547,46.541],[8.547,46.543],[8.546,46.541],[8.54,46.539],[8.534,46.539],[8.534,46.536],[8.53,46.536],[8.524,46.532],[8.524,46.529],[8.514,46.533],[8.509,46.53],[8.508,46.523],[8.503,46.523],[8.501,46.525],[8.491,46.525],[8.488,46.521],[8.488,46.516],[8.482,46.515],[8.481,46.512],[8.478,46.511],[8.475,46.513],[8.473,46.512],[8.475,46.51],[8.471,46.505],[8.468,46.507],[8.461,46.507],[8.459,46.506],[8.463,46.503],[8.461,46.5],[8.457,46.501],[8.455,46.505],[8.453,46.504],[8.454,46.501],[8.442,46.496],[8.435,46.496],[8.434,46.495],[8.438,46.493],[8.449,46.492],[8.445,46.487],[8.441,46.486],[8.438,46.486],[8.432,46.491],[8.429,46.488],[8.432,46.488],[8.438,46.483],[8.428,46.482],[8.425,46.484],[8.419,46.483],[8.415,46.485],[8.406,46.482],[8.402,46.479],[8.409,46.474],[8.415,46.474],[8.42,46.472],[8.451,46.47],[8.463,46.472],[8.464,46.474],[8.477,46.474],[8.481,46.472],[8.48,46.475],[8.484,46.475],[8.487,46.473],[8.487,46.478],[8.485,46.481],[8.49,46.483],[8.497,46.48],[8.5,46.484],[8.506,46.48],[8.515,46.48],[8.519,46.483],[8.512,46.489],[8.516,46.493],[8.53,46.485],[8.531,46.48],[8.539,46.482],[8.549,46.489],[8.554,46.482],[8.553,46.48],[8.555,46.478],[8.551,46.476],[8.552,46.472],[8.559,46.48],[8.565,46.475],[8.568,46.475],[8.572,46.476],[8.576,46.48],[8.573,46.482],[8.575,46.484],[8.58,46.484],[8.581,46.486],[8.588,46.486],[8.592,46.482],[8.591,46.48],[8.581,46.48],[8.579,46.478],[8.579,46.475],[8.581,46.474],[8.584,46.478],[8.593,46.477],[8.592,46.48],[8.594,46.481],[8.602,46.48],[8.601,46.475],[8.614,46.472],[8.617,46.47],[8.616,46.468],[8.622,46.459],[8.621,46.457],[8.627,46.455],[8.626,46.454],[8.623,46.453],[8.614,46.457],[8.61,46.456],[8.605,46.462],[8.594,46.469],[8.567,46.471],[8.555,46.464],[8.551,46.464],[8.553,46.462],[8.552,46.46],[8.561,46.464],[8.568,46.465],[8.581,46.462],[8.565,46.453],[8.568,46.451],[8.568,46.448],[8.574,46.445],[8.577,46.447],[8.581,46.447],[8.581,46.443],[8.577,46.441],[8.564,46.44],[8.56,46.437],[8.559,46.433],[8.561,46.431],[8.565,46.431],[8.568,46.424],[8.572,46.421],[8.564,46.416],[8.554,46.424],[8.545,46.426],[8.544,46.429],[8.546,46.431],[8.541,46.436],[8.526,46.44],[8.532,46.442],[8.53,46.444],[8.532,46.445],[8.539,46.444],[8.54,46.446],[8.538,46.449],[8.534,46.451],[8.538,46.453],[8.542,46.451],[8.535,46.455],[8.532,46.452],[8.53,46.453],[8.526,46.459],[8.513,46.462],[8.513,46.46],[8.506,46.457],[8.5,46.461],[8.496,46.458],[8.497,46.456],[8.499,46.453],[8.509,46.455],[8.513,46.453],[8.509,46.453],[8.503,46.449],[8.499,46.45],[8.493,46.447],[8.496,46.445],[8.503,46.448],[8.502,46.443],[8.5,46.442],[8.501,46.44],[8.494,46.436],[8.496,46.432],[8.505,46.431],[8.508,46.429],[8.504,46.427],[8.496,46.415],[8.489,46.413],[8.486,46.41],[8.48,46.409],[8.474,46.404],[8.476,46.4],[8.469,46.397],[8.465,46.4],[8.465,46.409],[8.471,46.409],[8.458,46.423],[8.459,46.427],[8.457,46.429],[8.46,46.432],[8.456,46.434],[8.457,46.438],[8.46,46.441],[8.467,46.436],[8.473,46.435],[8.499,46.442],[8.496,46.444],[8.489,46.443],[8.489,46.445],[8.486,46.446],[8.483,46.445],[8.478,46.44],[8.464,46.44],[8.465,46.443],[8.462,46.445],[8.462,46.449],[8.46,46.452],[8.448,46.463],[8.441,46.465],[8.431,46.462],[8.405,46.46],[8.395,46.453],[8.389,46.451],[8.366,46.452],[8.353,46.443],[8.346,46.441],[8.331,46.43],[8.32,46.427],[8.317,46.424],[8.307,46.425],[8.301,46.422],[8.302,46.419],[8.3,46.419],[8.297,46.416],[8.295,46.417],[8.296,46.422],[8.298,46.424],[8.297,46.427],[8.299,46.428],[8.298,46.433],[8.301,46.438],[8.295,46.444],[8.287,46.446],[8.281,46.452],[8.285,46.452],[8.288,46.455],[8.291,46.452],[8.295,46.458],[8.3,46.458],[8.301,46.456],[8.304,46.456],[8.307,46.453],[8.311,46.452],[8.314,46.454],[8.313,46.46],[8.311,46.462],[8.314,46.464],[8.313,46.466],[8.304,46.473],[8.303,46.476],[8.316,46.478],[8.318,46.482],[8.322,46.484],[8.324,46.487],[8.328,46.487],[8.335,46.484],[8.339,46.487],[8.337,46.491],[8.341,46.492],[8.348,46.489],[8.348,46.486],[8.36,46.48],[8.357,46.477],[8.353,46.478],[8.334,46.471],[8.327,46.472],[8.326,46.471],[8.331,46.469],[8.331,46.466],[8.334,46.464],[8.353,46.472],[8.359,46.471],[8.363,46.466],[8.366,46.469],[8.375,46.47],[8.383,46.473],[8.383,46.475],[8.379,46.478],[8.379,46.482],[8.383,46.487],[8.387,46.488],[8.386,46.49],[8.38,46.491],[8.376,46.489],[8.373,46.492],[8.373,46.496],[8.376,46.497],[8.373,46.502],[8.356,46.504],[8.36,46.511],[8.374,46.517],[8.387,46.514],[8.393,46.511],[8.397,46.511],[8.401,46.506],[8.406,46.504],[8.407,46.506],[8.405,46.508],[8.405,46.511],[8.401,46.515],[8.403,46.517],[8.407,46.515],[8.409,46.509],[8.416,46.51],[8.422,46.507],[8.432,46.511],[8.435,46.51],[8.436,46.513],[8.441,46.515],[8.439,46.515],[8.438,46.517],[8.441,46.519],[8.443,46.524],[8.436,46.521],[8.429,46.521],[8.427,46.524],[8.429,46.528],[8.433,46.526],[8.43,46.528],[8.431,46.531],[8.434,46.533],[8.428,46.54],[8.418,46.54],[8.416,46.539],[8.417,46.535],[8.413,46.533],[8.402,46.535],[8.398,46.538],[8.398,46.542],[8.403,46.544],[8.403,46.547],[8.394,46.55],[8.39,46.549],[8.387,46.546],[8.386,46.547],[8.386,46.551],[8.391,46.554],[8.387,46.561],[8.384,46.562],[8.378,46.559],[8.371,46.56],[8.378,46.564],[8.381,46.563],[8.388,46.565],[8.389,46.569],[8.391,46.57],[8.397,46.57],[8.401,46.568],[8.404,46.569],[8.414,46.563],[8.415,46.567],[8.411,46.571],[8.412,46.574],[8.41,46.574],[8.407,46.577],[8.37,46.583],[8.367,46.581],[8.366,46.578],[8.355,46.574],[8.345,46.568],[8.343,46.57],[8.346,46.572],[8.348,46.576],[8.348,46.581],[8.345,46.586],[8.339,46.588],[8.347,46.592],[8.341,46.594],[8.346,46.599],[8.34,46.603],[8.34,46.606],[8.338,46.608],[8.343,46.612],[8.347,46.612],[8.348,46.615],[8.347,46.617],[8.351,46.619],[8.353,46.622],[8.346,46.626],[8.343,46.63],[8.339,46.63],[8.337,46.637],[8.333,46.639],[8.327,46.631],[8.325,46.633],[8.326,46.635],[8.324,46.637],[8.323,46.642],[8.326,46.646],[8.325,46.649],[8.327,46.653],[8.331,46.655],[8.328,46.66],[8.336,46.664],[8.324,46.671]],[[8.513,46.462],[8.515,46.465],[8.506,46.464],[8.506,46.461],[8.513,46.462]]],[[[8.324,46.671],[8.321,46.668],[8.319,46.669],[8.321,46.672],[8.324,46.671]]],[[[8.559,46.48],[8.556,46.482],[8.559,46.487],[8.557,46.494],[8.561,46.496],[8.562,46.499],[8.565,46.499],[8.567,46.498],[8.564,46.496],[8.565,46.49],[8.571,46.487],[8.571,46.484],[8.565,46.484],[8.559,46.48]]],[[[8.605,46.502],[8.582,46.497],[8.581,46.5],[8.578,46.502],[8.582,46.504],[8.585,46.503],[8.588,46.505],[8.592,46.505],[8.605,46.502]]],[[[8.435,46.858],[8.435,46.864],[8.439,46.865],[8.445,46.863],[8.453,46.863],[8.454,46.868],[8.468,46.874],[8.473,46.874],[8.475,46.876],[8.49,46.872],[8.498,46.872],[8.499,46.87],[8.496,46.865],[8.498,46.861],[8.504,46.862],[8.511,46.859],[8.513,46.861],[8.511,46.863],[8.53,46.863],[8.537,46.87],[8.54,46.871],[8.544,46.871],[8.547,46.868],[8.557,46.87],[8.558,46.869],[8.557,46.862],[8.553,46.857],[8.555,46.853],[8.55,46.848],[8.546,46.847],[8.54,46.842],[8.531,46.842],[8.517,46.847],[8.514,46.846],[8.509,46.847],[8.501,46.841],[8.491,46.838],[8.483,46.829],[8.483,46.827],[8.487,46.824],[8.49,46.827],[8.49,46.83],[8.494,46.831],[8.495,46.829],[8.491,46.827],[8.496,46.823],[8.496,46.82],[8.487,46.819],[8.484,46.821],[8.474,46.815],[8.474,46.82],[8.469,46.823],[8.478,46.829],[8.464,46.829],[8.461,46.826],[8.452,46.827],[8.454,46.831],[8.459,46.832],[8.461,46.834],[8.449,46.836],[8.451,46.838],[8.46,46.839],[8.455,46.84],[8.453,46.843],[8.454,46.845],[8.448,46.847],[8.446,46.85],[8.468,46.857],[8.435,46.856],[8.429,46.854],[8.423,46.857],[8.419,46.857],[8.416,46.861],[8.422,46.862],[8.425,46.86],[8.432,46.861],[8.435,46.858]]],[[[8.481,46.344],[8.468,46.342],[8.464,46.346],[8.468,46.352],[8.475,46.351],[8.476,46.35],[8.474,46.348],[8.478,46.347],[8.481,46.348],[8.481,46.35],[8.483,46.346],[8.481,46.344]]],[[[8.472,46.38],[8.465,46.379],[8.464,46.382],[8.461,46.384],[8.462,46.387],[8.475,46.386],[8.478,46.384],[8.472,46.38]]],[[[7.26,46.362],[7.266,46.362],[7.273,46.365],[7.29,46.362],[7.283,46.356],[7.276,46.355],[7.28,46.352],[7.289,46.354],[7.292,46.353],[7.299,46.359],[7.302,46.357],[7.302,46.35],[7.309,46.347],[7.309,46.349],[7.303,46.355],[7.306,46.357],[7.305,46.361],[7.308,46.362],[7.304,46.364],[7.309,46.374],[7.322,46.374],[7.325,46.376],[7.335,46.373],[7.324,46.366],[7.335,46.364],[7.33,46.366],[7.338,46.367],[7.343,46.371],[7.341,46.373],[7.344,46.374],[7.346,46.373],[7.345,46.369],[7.348,46.367],[7.352,46.371],[7.349,46.375],[7.349,46.378],[7.357,46.378],[7.364,46.38],[7.368,46.384],[7.367,46.387],[7.368,46.389],[7.38,46.393],[7.393,46.393],[7.396,46.395],[7.406,46.397],[7.408,46.396],[7.396,46.392],[7.396,46.39],[7.406,46.385],[7.413,46.385],[7.426,46.387],[7.439,46.392],[7.445,46.389],[7.442,46.391],[7.442,46.393],[7.448,46.395],[7.452,46.394],[7.458,46.399],[7.462,46.4],[7.464,46.405],[7.468,46.406],[7.478,46.405],[7.481,46.407],[7.484,46.403],[7.489,46.405],[7.494,46.404],[7.495,46.407],[7.494,46.409],[7.501,46.409],[7.503,46.411],[7.5,46.414],[7.507,46.414],[7.511,46.416],[7.509,46.42],[7.51,46.421],[7.52,46.425],[7.531,46.427],[7.529,46.432],[7.516,46.436],[7.514,46.438],[7.517,46.441],[7.523,46.44],[7.53,46.443],[7.533,46.447],[7.535,46.443],[7.531,46.441],[7.529,46.436],[7.536,46.431],[7.539,46.432],[7.534,46.434],[7.543,46.437],[7.551,46.436],[7.559,46.439],[7.566,46.438],[7.579,46.442],[7.582,46.445],[7.577,46.447],[7.592,46.456],[7.595,46.456],[7.6,46.452],[7.602,46.449],[7.6,46.447],[7.604,46.443],[7.608,46.442],[7.614,46.446],[7.624,46.448],[7.625,46.447],[7.62,46.44],[7.614,46.433],[7.611,46.432],[7.614,46.427],[7.611,46.425],[7.607,46.427],[7.601,46.422],[7.608,46.426],[7.611,46.424],[7.618,46.429],[7.631,46.433],[7.631,46.435],[7.628,46.436],[7.637,46.437],[7.644,46.436],[7.663,46.428],[7.666,46.429],[7.66,46.434],[7.65,46.439],[7.648,46.445],[7.65,46.446],[7.656,46.443],[7.663,46.442],[7.667,46.445],[7.664,46.447],[7.663,46.45],[7.659,46.449],[7.656,46.452],[7.663,46.455],[7.67,46.45],[7.673,46.453],[7.675,46.452],[7.678,46.449],[7.678,46.445],[7.682,46.443],[7.681,46.44],[7.683,46.44],[7.686,46.447],[7.699,46.442],[7.699,46.445],[7.697,46.447],[7.701,46.447],[7.705,46.44],[7.701,46.431],[7.705,46.423],[7.706,46.431],[7.709,46.433],[7.716,46.431],[7.716,46.434],[7.718,46.436],[7.725,46.435],[7.729,46.436],[7.73,46.438],[7.735,46.437],[7.739,46.438],[7.751,46.436],[7.746,46.44],[7.748,46.442],[7.757,46.438],[7.755,46.44],[7.757,46.444],[7.765,46.447],[7.761,46.451],[7.774,46.451],[7.769,46.454],[7.774,46.455],[7.777,46.46],[7.772,46.46],[7.77,46.463],[7.77,46.467],[7.764,46.469],[7.781,46.485],[7.784,46.487],[7.788,46.487],[7.784,46.488],[7.764,46.478],[7.761,46.475],[7.756,46.474],[7.754,46.475],[7.748,46.47],[7.738,46.47],[7.728,46.462],[7.726,46.465],[7.728,46.467],[7.725,46.47],[7.722,46.471],[7.712,46.468],[7.709,46.469],[7.707,46.472],[7.702,46.473],[7.691,46.479],[7.702,46.479],[7.706,46.476],[7.703,46.479],[7.709,46.487],[7.715,46.486],[7.722,46.489],[7.732,46.489],[7.735,46.487],[7.738,46.489],[7.741,46.487],[7.746,46.487],[7.748,46.49],[7.75,46.487],[7.752,46.487],[7.753,46.49],[7.751,46.492],[7.755,46.494],[7.756,46.496],[7.755,46.498],[7.748,46.499],[7.743,46.503],[7.744,46.505],[7.741,46.508],[7.747,46.508],[7.745,46.505],[7.751,46.505],[7.752,46.508],[7.755,46.509],[7.758,46.507],[7.765,46.512],[7.761,46.515],[7.755,46.514],[7.75,46.517],[7.745,46.516],[7.738,46.518],[7.735,46.522],[7.725,46.521],[7.722,46.518],[7.716,46.516],[7.715,46.519],[7.719,46.524],[7.732,46.524],[7.735,46.526],[7.742,46.525],[7.753,46.53],[7.755,46.533],[7.762,46.53],[7.76,46.528],[7.764,46.524],[7.774,46.527],[7.775,46.523],[7.773,46.521],[7.774,46.52],[7.782,46.521],[7.781,46.523],[7.784,46.524],[7.786,46.517],[7.783,46.51],[7.78,46.508],[7.784,46.507],[7.788,46.512],[7.793,46.514],[7.794,46.517],[7.803,46.515],[7.817,46.517],[7.82,46.515],[7.82,46.518],[7.814,46.521],[7.812,46.523],[7.813,46.525],[7.81,46.526],[7.808,46.53],[7.805,46.532],[7.82,46.544],[7.827,46.545],[7.833,46.541],[7.826,46.539],[7.827,46.537],[7.825,46.532],[7.821,46.53],[7.821,46.523],[7.823,46.522],[7.826,46.523],[7.827,46.521],[7.833,46.518],[7.849,46.52],[7.861,46.519],[7.856,46.514],[7.849,46.512],[7.825,46.512],[7.824,46.507],[7.819,46.503],[7.82,46.502],[7.83,46.507],[7.83,46.51],[7.833,46.511],[7.836,46.511],[7.839,46.507],[7.844,46.507],[7.856,46.511],[7.859,46.51],[7.857,46.507],[7.862,46.502],[7.865,46.505],[7.872,46.507],[7.875,46.503],[7.878,46.506],[7.885,46.507],[7.893,46.505],[7.895,46.502],[7.901,46.502],[7.904,46.505],[7.901,46.507],[7.904,46.509],[7.917,46.509],[7.917,46.512],[7.921,46.515],[7.924,46.512],[7.927,46.513],[7.928,46.516],[7.927,46.518],[7.922,46.521],[7.929,46.523],[7.933,46.527],[7.934,46.531],[7.937,46.528],[7.943,46.529],[7.94,46.531],[7.94,46.533],[7.944,46.535],[7.946,46.538],[7.936,46.545],[7.932,46.552],[7.927,46.554],[7.928,46.555],[7.931,46.556],[7.944,46.553],[7.946,46.556],[7.945,46.559],[7.957,46.557],[7.96,46.559],[7.964,46.558],[7.967,46.565],[7.973,46.57],[7.983,46.573],[7.986,46.571],[7.987,46.572],[7.987,46.574],[7.99,46.577],[7.987,46.575],[7.985,46.576],[7.984,46.579],[7.99,46.581],[8.003,46.582],[8.005,46.583],[8.006,46.586],[8.016,46.588],[8.023,46.593],[8.026,46.592],[8.029,46.594],[8.03,46.592],[8.026,46.585],[8.03,46.587],[8.034,46.592],[8.039,46.594],[8.041,46.592],[8.038,46.59],[8.041,46.587],[8.042,46.582],[8.049,46.583],[8.052,46.585],[8.055,46.583],[8.055,46.58],[8.065,46.58],[8.071,46.584],[8.081,46.586],[8.084,46.585],[8.094,46.588],[8.095,46.594],[8.091,46.595],[8.088,46.598],[8.086,46.601],[8.088,46.603],[8.081,46.603],[8.081,46.605],[8.072,46.613],[8.065,46.615],[8.069,46.615],[8.07,46.617],[8.072,46.617],[8.075,46.622],[8.089,46.619],[8.095,46.616],[8.102,46.616],[8.104,46.618],[8.108,46.618],[8.109,46.621],[8.105,46.628],[8.103,46.628],[8.102,46.625],[8.097,46.625],[8.097,46.628],[8.099,46.63],[8.097,46.634],[8.102,46.639],[8.098,46.641],[8.101,46.643],[8.105,46.643],[8.104,46.646],[8.108,46.65],[8.128,46.654],[8.134,46.654],[8.137,46.652],[8.142,46.654],[8.138,46.654],[8.135,46.657],[8.137,46.659],[8.134,46.66],[8.134,46.662],[8.137,46.663],[8.138,46.668],[8.14,46.666],[8.139,46.663],[8.141,46.662],[8.144,46.664],[8.147,46.658],[8.153,46.661],[8.154,46.664],[8.164,46.662],[8.173,46.655],[8.177,46.656],[8.179,46.652],[8.182,46.65],[8.182,46.647],[8.189,46.645],[8.187,46.643],[8.19,46.641],[8.193,46.642],[8.195,46.64],[8.191,46.638],[8.193,46.637],[8.197,46.636],[8.199,46.638],[8.206,46.635],[8.216,46.635],[8.217,46.634],[8.213,46.631],[8.213,46.629],[8.209,46.627],[8.21,46.622],[8.213,46.62],[8.209,46.618],[8.199,46.619],[8.195,46.616],[8.205,46.608],[8.214,46.609],[8.219,46.615],[8.215,46.618],[8.219,46.62],[8.225,46.618],[8.232,46.618],[8.234,46.62],[8.235,46.625],[8.238,46.627],[8.243,46.627],[8.24,46.624],[8.245,46.623],[8.248,46.625],[8.255,46.623],[8.261,46.625],[8.264,46.627],[8.264,46.629],[8.268,46.63],[8.272,46.622],[8.265,46.62],[8.273,46.615],[8.268,46.611],[8.264,46.611],[8.262,46.615],[8.259,46.618],[8.257,46.618],[8.259,46.613],[8.246,46.606],[8.246,46.604],[8.248,46.603],[8.251,46.605],[8.267,46.604],[8.267,46.599],[8.268,46.602],[8.271,46.603],[8.277,46.602],[8.279,46.595],[8.274,46.594],[8.261,46.597],[8.258,46.595],[8.262,46.588],[8.264,46.587],[8.267,46.589],[8.283,46.583],[8.287,46.586],[8.293,46.583],[8.296,46.584],[8.294,46.586],[8.305,46.59],[8.3,46.592],[8.293,46.592],[8.287,46.596],[8.281,46.597],[8.29,46.603],[8.295,46.602],[8.298,46.599],[8.303,46.6],[8.307,46.599],[8.308,46.59],[8.317,46.586],[8.317,46.583],[8.319,46.581],[8.313,46.58],[8.31,46.582],[8.303,46.582],[8.3,46.58],[8.29,46.58],[8.288,46.579],[8.289,46.577],[8.287,46.576],[8.278,46.577],[8.282,46.579],[8.28,46.581],[8.273,46.577],[8.267,46.58],[8.261,46.578],[8.258,46.582],[8.254,46.58],[8.251,46.581],[8.249,46.579],[8.245,46.579],[8.241,46.582],[8.235,46.579],[8.231,46.581],[8.228,46.579],[8.225,46.581],[8.222,46.577],[8.217,46.577],[8.215,46.58],[8.208,46.581],[8.186,46.58],[8.176,46.588],[8.172,46.589],[8.185,46.575],[8.205,46.574],[8.218,46.567],[8.229,46.564],[8.227,46.562],[8.231,46.559],[8.228,46.562],[8.231,46.563],[8.237,46.56],[8.244,46.56],[8.257,46.562],[8.26,46.559],[8.257,46.556],[8.25,46.555],[8.249,46.552],[8.244,46.551],[8.24,46.548],[8.218,46.542],[8.213,46.539],[8.214,46.538],[8.231,46.541],[8.247,46.539],[8.27,46.543],[8.28,46.547],[8.28,46.552],[8.278,46.554],[8.295,46.561],[8.307,46.563],[8.316,46.569],[8.322,46.567],[8.329,46.567],[8.335,46.57],[8.341,46.57],[8.345,46.567],[8.343,46.565],[8.345,46.563],[8.345,46.558],[8.348,46.556],[8.345,46.551],[8.316,46.553],[8.309,46.549],[8.309,46.545],[8.312,46.543],[8.31,46.541],[8.302,46.544],[8.298,46.543],[8.296,46.539],[8.294,46.541],[8.295,46.543],[8.293,46.544],[8.291,46.543],[8.291,46.541],[8.295,46.539],[8.294,46.534],[8.296,46.532],[8.283,46.535],[8.279,46.532],[8.279,46.53],[8.27,46.527],[8.266,46.528],[8.266,46.525],[8.256,46.524],[8.247,46.521],[8.24,46.526],[8.23,46.525],[8.227,46.526],[8.222,46.519],[8.225,46.517],[8.226,46.512],[8.228,46.51],[8.227,46.507],[8.234,46.503],[8.231,46.501],[8.23,46.498],[8.224,46.5],[8.22,46.499],[8.211,46.504],[8.204,46.504],[8.199,46.497],[8.199,46.494],[8.203,46.492],[8.201,46.488],[8.197,46.487],[8.194,46.492],[8.189,46.494],[8.188,46.497],[8.184,46.497],[8.185,46.494],[8.184,46.492],[8.178,46.491],[8.176,46.492],[8.175,46.495],[8.172,46.49],[8.175,46.488],[8.176,46.483],[8.173,46.479],[8.184,46.477],[8.177,46.468],[8.164,46.466],[8.163,46.468],[8.165,46.47],[8.155,46.467],[8.154,46.468],[8.155,46.472],[8.159,46.474],[8.157,46.479],[8.161,46.488],[8.158,46.491],[8.157,46.495],[8.162,46.497],[8.152,46.501],[8.15,46.499],[8.151,46.49],[8.149,46.483],[8.142,46.491],[8.129,46.48],[8.122,46.479],[8.116,46.482],[8.112,46.473],[8.109,46.473],[8.107,46.475],[8.112,46.477],[8.112,46.484],[8.108,46.484],[8.107,46.481],[8.102,46.477],[8.102,46.475],[8.103,46.473],[8.109,46.471],[8.112,46.468],[8.112,46.464],[8.118,46.459],[8.112,46.457],[8.109,46.461],[8.107,46.454],[8.108,46.452],[8.106,46.451],[8.099,46.452],[8.097,46.454],[8.101,46.457],[8.097,46.459],[8.093,46.469],[8.09,46.468],[8.087,46.47],[8.088,46.477],[8.079,46.484],[8.081,46.486],[8.08,46.487],[8.07,46.489],[8.067,46.493],[8.063,46.491],[8.064,46.488],[8.073,46.482],[8.075,46.477],[8.081,46.473],[8.081,46.466],[8.084,46.461],[8.083,46.451],[8.08,46.447],[8.073,46.446],[8.07,46.448],[8.069,46.455],[8.065,46.461],[8.064,46.466],[8.059,46.473],[8.054,46.475],[8.056,46.473],[8.055,46.47],[8.06,46.466],[8.053,46.464],[8.059,46.461],[8.055,46.457],[8.054,46.453],[8.047,46.455],[8.041,46.461],[8.031,46.465],[8.027,46.462],[8.029,46.459],[8.037,46.453],[8.039,46.453],[8.042,46.448],[8.04,46.446],[8.042,46.443],[8.049,46.441],[8.047,46.438],[8.04,46.438],[8.037,46.435],[8.036,46.432],[8.038,46.43],[8.037,46.427],[8.034,46.425],[8.031,46.427],[8.029,46.426],[8.031,46.423],[8.028,46.421],[8.018,46.423],[8.008,46.418],[8.001,46.424],[7.988,46.424],[7.987,46.426],[7.988,46.428],[7.972,46.427],[7.971,46.426],[7.972,46.424],[7.989,46.415],[7.983,46.412],[7.985,46.411],[7.987,46.406],[7.984,46.403],[7.986,46.399],[7.985,46.395],[7.968,46.393],[7.966,46.394],[7.968,46.397],[7.965,46.395],[7.955,46.395],[7.952,46.39],[7.942,46.388],[7.935,46.392],[7.933,46.397],[7.926,46.394],[7.92,46.398],[7.916,46.397],[7.91,46.4],[7.911,46.397],[7.909,46.395],[7.908,46.39],[7.915,46.386],[7.911,46.379],[7.912,46.372],[7.907,46.368],[7.913,46.363],[7.91,46.362],[7.903,46.363],[7.901,46.365],[7.901,46.368],[7.898,46.37],[7.901,46.372],[7.896,46.374],[7.897,46.377],[7.89,46.38],[7.89,46.382],[7.892,46.383],[7.886,46.386],[7.884,46.383],[7.873,46.384],[7.868,46.376],[7.864,46.376],[7.861,46.378],[7.855,46.371],[7.851,46.37],[7.848,46.374],[7.845,46.371],[7.835,46.378],[7.821,46.37],[7.817,46.372],[7.817,46.375],[7.815,46.377],[7.814,46.373],[7.817,46.366],[7.812,46.362],[7.802,46.365],[7.799,46.364],[7.799,46.368],[7.796,46.372],[7.793,46.369],[7.786,46.373],[7.783,46.373],[7.777,46.379],[7.777,46.382],[7.783,46.378],[7.786,46.38],[7.79,46.378],[7.791,46.379],[7.788,46.382],[7.789,46.384],[7.794,46.386],[7.796,46.389],[7.806,46.388],[7.815,46.395],[7.813,46.399],[7.816,46.401],[7.82,46.399],[7.828,46.402],[7.826,46.404],[7.829,46.406],[7.834,46.406],[7.836,46.408],[7.835,46.411],[7.832,46.413],[7.838,46.415],[7.848,46.414],[7.849,46.415],[7.847,46.42],[7.852,46.423],[7.855,46.421],[7.858,46.424],[7.872,46.424],[7.875,46.426],[7.871,46.429],[7.878,46.43],[7.881,46.434],[7.884,46.435],[7.888,46.434],[7.894,46.44],[7.901,46.441],[7.905,46.444],[7.903,46.446],[7.909,46.449],[7.915,46.455],[7.907,46.456],[7.906,46.458],[7.909,46.46],[7.908,46.462],[7.898,46.467],[7.898,46.472],[7.894,46.472],[7.891,46.47],[7.89,46.464],[7.887,46.462],[7.891,46.462],[7.892,46.469],[7.897,46.469],[7.9,46.458],[7.898,46.455],[7.884,46.457],[7.878,46.461],[7.875,46.458],[7.871,46.459],[7.871,46.463],[7.865,46.461],[7.862,46.464],[7.852,46.448],[7.848,46.449],[7.839,46.456],[7.837,46.456],[7.836,46.454],[7.832,46.456],[7.832,46.453],[7.828,46.451],[7.828,46.449],[7.833,46.444],[7.829,46.443],[7.826,46.445],[7.823,46.441],[7.813,46.448],[7.805,46.447],[7.801,46.44],[7.803,46.437],[7.806,46.436],[7.806,46.433],[7.79,46.434],[7.787,46.433],[7.783,46.426],[7.78,46.428],[7.773,46.429],[7.767,46.423],[7.757,46.42],[7.754,46.422],[7.755,46.424],[7.754,46.425],[7.748,46.423],[7.745,46.42],[7.75,46.415],[7.738,46.416],[7.718,46.408],[7.717,46.407],[7.718,46.405],[7.721,46.407],[7.728,46.408],[7.73,46.406],[7.729,46.404],[7.735,46.402],[7.734,46.399],[7.731,46.401],[7.721,46.397],[7.72,46.395],[7.721,46.394],[7.725,46.395],[7.725,46.391],[7.728,46.389],[7.734,46.39],[7.735,46.388],[7.728,46.386],[7.722,46.382],[7.721,46.379],[7.717,46.38],[7.719,46.377],[7.714,46.373],[7.715,46.371],[7.732,46.375],[7.732,46.37],[7.727,46.366],[7.731,46.367],[7.734,46.364],[7.731,46.355],[7.727,46.359],[7.729,46.355],[7.728,46.35],[7.724,46.354],[7.715,46.352],[7.711,46.357],[7.71,46.355],[7.713,46.35],[7.712,46.348],[7.705,46.347],[7.702,46.354],[7.698,46.353],[7.695,46.35],[7.692,46.351],[7.692,46.353],[7.698,46.357],[7.705,46.366],[7.702,46.367],[7.699,46.365],[7.695,46.365],[7.689,46.371],[7.697,46.377],[7.695,46.378],[7.689,46.375],[7.688,46.377],[7.69,46.382],[7.689,46.384],[7.686,46.381],[7.679,46.38],[7.673,46.377],[7.67,46.375],[7.669,46.372],[7.666,46.375],[7.652,46.377],[7.66,46.381],[7.663,46.38],[7.668,46.382],[7.666,46.384],[7.673,46.384],[7.675,46.391],[7.679,46.393],[7.671,46.393],[7.67,46.398],[7.668,46.4],[7.678,46.404],[7.679,46.407],[7.686,46.411],[7.681,46.413],[7.684,46.416],[7.683,46.417],[7.666,46.412],[7.659,46.413],[7.643,46.406],[7.637,46.408],[7.634,46.404],[7.63,46.403],[7.627,46.404],[7.611,46.398],[7.607,46.395],[7.604,46.389],[7.605,46.386],[7.601,46.387],[7.599,46.382],[7.595,46.381],[7.595,46.378],[7.586,46.371],[7.584,46.366],[7.587,46.364],[7.589,46.36],[7.588,46.356],[7.583,46.36],[7.579,46.36],[7.578,46.357],[7.569,46.355],[7.566,46.36],[7.562,46.358],[7.552,46.358],[7.541,46.364],[7.538,46.364],[7.533,46.361],[7.532,46.366],[7.53,46.367],[7.522,46.36],[7.521,46.357],[7.525,46.355],[7.526,46.351],[7.517,46.348],[7.513,46.349],[7.512,46.351],[7.507,46.353],[7.509,46.357],[7.507,46.359],[7.504,46.357],[7.497,46.356],[7.495,46.353],[7.497,46.351],[7.494,46.347],[7.484,46.344],[7.482,46.346],[7.486,46.353],[7.48,46.357],[7.48,46.36],[7.465,46.357],[7.456,46.357],[7.426,46.367],[7.42,46.364],[7.416,46.366],[7.406,46.365],[7.403,46.359],[7.406,46.358],[7.412,46.351],[7.41,46.348],[7.406,46.348],[7.399,46.342],[7.397,46.337],[7.406,46.336],[7.409,46.337],[7.409,46.34],[7.413,46.339],[7.413,46.336],[7.411,46.335],[7.417,46.33],[7.406,46.329],[7.404,46.328],[7.407,46.326],[7.403,46.325],[7.4,46.328],[7.393,46.325],[7.39,46.329],[7.387,46.327],[7.378,46.326],[7.378,46.321],[7.376,46.321],[7.376,46.324],[7.374,46.325],[7.37,46.322],[7.363,46.321],[7.357,46.321],[7.355,46.324],[7.351,46.322],[7.345,46.322],[7.343,46.324],[7.337,46.324],[7.337,46.321],[7.335,46.32],[7.331,46.321],[7.331,46.324],[7.334,46.326],[7.332,46.328],[7.325,46.326],[7.322,46.323],[7.316,46.326],[7.309,46.326],[7.302,46.331],[7.299,46.331],[7.297,46.33],[7.301,46.326],[7.293,46.322],[7.284,46.312],[7.291,46.308],[7.284,46.306],[7.292,46.303],[7.283,46.302],[7.28,46.304],[7.27,46.299],[7.267,46.305],[7.26,46.305],[7.249,46.308],[7.224,46.309],[7.211,46.314],[7.208,46.312],[7.206,46.305],[7.202,46.303],[7.194,46.303],[7.192,46.301],[7.176,46.304],[7.163,46.303],[7.156,46.306],[7.15,46.306],[7.148,46.308],[7.158,46.312],[7.157,46.314],[7.161,46.317],[7.176,46.315],[7.182,46.316],[7.191,46.323],[7.191,46.326],[7.198,46.326],[7.2,46.328],[7.195,46.333],[7.192,46.334],[7.189,46.333],[7.185,46.335],[7.185,46.339],[7.19,46.339],[7.192,46.341],[7.196,46.339],[7.202,46.341],[7.211,46.341],[7.212,46.346],[7.215,46.348],[7.225,46.35],[7.228,46.352],[7.234,46.35],[7.233,46.348],[7.237,46.341],[7.241,46.341],[7.25,46.345],[7.252,46.344],[7.254,46.339],[7.254,46.341],[7.258,46.344],[7.257,46.348],[7.26,46.35],[7.259,46.355],[7.263,46.359],[7.265,46.359],[7.26,46.362]],[[8.067,46.493],[8.07,46.495],[8.064,46.497],[8.066,46.495],[8.067,46.493]],[[8.064,46.497],[8.064,46.499],[8.061,46.498],[8.054,46.501],[8.053,46.5],[8.056,46.497],[8.064,46.497]],[[7.897,46.377],[7.9,46.377],[7.902,46.379],[7.904,46.386],[7.9,46.389],[7.896,46.388],[7.897,46.377]],[[8.161,46.557],[8.176,46.564],[8.176,46.571],[8.171,46.564],[8.166,46.563],[8.162,46.559],[8.161,46.557]],[[7.956,46.425],[7.964,46.43],[7.972,46.439],[7.954,46.428],[7.954,46.426],[7.956,46.425]],[[7.608,46.406],[7.612,46.409],[7.614,46.413],[7.615,46.409],[7.619,46.409],[7.624,46.418],[7.615,46.418],[7.618,46.416],[7.607,46.409],[7.608,46.406]]],[[[7.26,46.358],[7.26,46.362],[7.261,46.359],[7.26,46.358]]],[[[8.26,46.559],[8.267,46.56],[8.269,46.557],[8.267,46.555],[8.261,46.557],[8.26,46.559]]],[[[8.336,46.613],[8.339,46.61],[8.329,46.61],[8.336,46.613]]],[[[8.072,46.218],[8.067,46.217],[8.064,46.218],[8.063,46.225],[8.064,46.228],[8.067,46.227],[8.07,46.223],[8.074,46.222],[8.075,46.23],[8.071,46.235],[8.064,46.238],[8.058,46.238],[8.055,46.237],[8.054,46.234],[8.051,46.236],[8.041,46.237],[8.036,46.241],[8.048,46.243],[8.043,46.248],[8.048,46.249],[8.051,46.248],[8.051,46.246],[8.054,46.246],[8.054,46.243],[8.05,46.241],[8.053,46.241],[8.055,46.243],[8.055,46.246],[8.052,46.248],[8.064,46.252],[8.071,46.259],[8.063,46.261],[8.065,46.263],[8.065,46.266],[8.061,46.27],[8.065,46.271],[8.07,46.268],[8.074,46.269],[8.07,46.277],[8.073,46.279],[8.074,46.284],[8.078,46.284],[8.081,46.287],[8.087,46.282],[8.091,46.282],[8.097,46.285],[8.095,46.288],[8.097,46.293],[8.094,46.298],[8.091,46.299],[8.094,46.299],[8.097,46.303],[8.11,46.311],[8.116,46.313],[8.107,46.315],[8.094,46.311],[8.088,46.307],[8.08,46.306],[8.078,46.309],[8.089,46.317],[8.088,46.32],[8.085,46.322],[8.091,46.328],[8.096,46.328],[8.104,46.335],[8.114,46.335],[8.115,46.328],[8.12,46.327],[8.13,46.331],[8.143,46.333],[8.153,46.339],[8.156,46.338],[8.155,46.335],[8.146,46.329],[8.138,46.319],[8.141,46.319],[8.146,46.323],[8.153,46.325],[8.159,46.329],[8.162,46.326],[8.158,46.324],[8.161,46.319],[8.155,46.315],[8.155,46.31],[8.16,46.312],[8.166,46.323],[8.169,46.319],[8.175,46.319],[8.179,46.322],[8.185,46.323],[8.188,46.321],[8.192,46.322],[8.195,46.321],[8.203,46.323],[8.206,46.328],[8.201,46.332],[8.198,46.337],[8.202,46.34],[8.212,46.339],[8.213,46.343],[8.216,46.346],[8.202,46.347],[8.197,46.35],[8.199,46.352],[8.209,46.357],[8.214,46.355],[8.214,46.352],[8.218,46.349],[8.231,46.352],[8.239,46.352],[8.241,46.355],[8.234,46.357],[8.233,46.359],[8.233,46.364],[8.235,46.367],[8.244,46.371],[8.255,46.37],[8.257,46.372],[8.261,46.372],[8.262,46.375],[8.267,46.379],[8.294,46.388],[8.287,46.392],[8.277,46.388],[8.269,46.39],[8.269,46.393],[8.277,46.396],[8.284,46.397],[8.29,46.395],[8.288,46.399],[8.281,46.404],[8.271,46.401],[8.269,46.402],[8.268,46.405],[8.263,46.399],[8.258,46.397],[8.254,46.393],[8.241,46.388],[8.235,46.39],[8.241,46.394],[8.253,46.397],[8.251,46.4],[8.241,46.4],[8.238,46.398],[8.235,46.399],[8.232,46.396],[8.225,46.397],[8.225,46.402],[8.229,46.403],[8.232,46.401],[8.235,46.403],[8.234,46.406],[8.242,46.411],[8.245,46.416],[8.256,46.417],[8.248,46.421],[8.242,46.42],[8.236,46.424],[8.235,46.429],[8.239,46.43],[8.245,46.427],[8.255,46.43],[8.258,46.427],[8.264,46.426],[8.265,46.429],[8.27,46.426],[8.278,46.425],[8.284,46.421],[8.288,46.422],[8.296,46.413],[8.292,46.41],[8.292,46.408],[8.303,46.407],[8.311,46.404],[8.311,46.399],[8.315,46.397],[8.313,46.381],[8.306,46.376],[8.303,46.376],[8.298,46.372],[8.291,46.37],[8.283,46.364],[8.274,46.367],[8.265,46.366],[8.259,46.361],[8.259,46.354],[8.262,46.352],[8.262,46.348],[8.26,46.346],[8.251,46.347],[8.249,46.343],[8.244,46.34],[8.231,46.34],[8.226,46.337],[8.226,46.334],[8.219,46.33],[8.219,46.325],[8.216,46.323],[8.215,46.319],[8.209,46.314],[8.209,46.312],[8.212,46.31],[8.211,46.309],[8.178,46.298],[8.175,46.299],[8.165,46.296],[8.159,46.298],[8.152,46.297],[8.149,46.3],[8.136,46.303],[8.13,46.298],[8.123,46.296],[8.118,46.288],[8.112,46.283],[8.1,46.277],[8.091,46.27],[8.081,46.266],[8.078,46.263],[8.078,46.261],[8.087,46.256],[8.097,46.256],[8.103,46.251],[8.109,46.25],[8.109,46.247],[8.112,46.245],[8.111,46.241],[8.122,46.232],[8.124,46.232],[8.113,46.225],[8.109,46.226],[8.109,46.228],[8.113,46.231],[8.113,46.235],[8.107,46.229],[8.1,46.227],[8.092,46.227],[8.09,46.229],[8.084,46.225],[8.083,46.221],[8.08,46.219],[8.074,46.22],[8.072,46.218]],[[8.169,46.319],[8.168,46.317],[8.172,46.314],[8.174,46.315],[8.174,46.317],[8.169,46.319]]],[[[8.293,46.76],[8.28,46.754],[8.277,46.757],[8.28,46.759],[8.271,46.755],[8.27,46.753],[8.264,46.757],[8.268,46.759],[8.27,46.764],[8.274,46.768],[8.28,46.771],[8.293,46.772],[8.299,46.775],[8.301,46.772],[8.309,46.773],[8.31,46.772],[8.293,46.76]]],[[[8.293,46.78],[8.27,46.778],[8.266,46.779],[8.267,46.782],[8.283,46.786],[8.29,46.783],[8.296,46.786],[8.302,46.784],[8.3,46.782],[8.296,46.782],[8.293,46.78]]],[[[8.261,46.636],[8.258,46.632],[8.256,46.633],[8.255,46.636],[8.248,46.643],[8.258,46.641],[8.26,46.642],[8.26,46.645],[8.265,46.645],[8.275,46.64],[8.261,46.636]]],[[[8.275,46.64],[8.278,46.643],[8.284,46.64],[8.278,46.638],[8.275,46.64]]],[[[8.269,46.764],[8.257,46.762],[8.25,46.764],[8.247,46.767],[8.237,46.765],[8.237,46.767],[8.239,46.771],[8.241,46.771],[8.244,46.775],[8.247,46.776],[8.25,46.773],[8.256,46.78],[8.26,46.781],[8.262,46.779],[8.261,46.777],[8.263,46.775],[8.264,46.77],[8.267,46.768],[8.272,46.768],[8.269,46.766],[8.269,46.764]]],[[[8.267,46.748],[8.253,46.737],[8.25,46.738],[8.248,46.741],[8.253,46.744],[8.257,46.751],[8.262,46.752],[8.261,46.755],[8.265,46.755],[8.267,46.748]]],[[[8.131,46.137],[8.125,46.139],[8.128,46.142],[8.128,46.147],[8.138,46.144],[8.14,46.146],[8.138,46.148],[8.135,46.148],[8.133,46.151],[8.138,46.152],[8.144,46.149],[8.151,46.15],[8.15,46.146],[8.141,46.139],[8.134,46.14],[8.131,46.137]]],[[[8.075,46.327],[8.078,46.326],[8.075,46.325],[8.075,46.327]]],[[[8.078,46.326],[8.076,46.329],[8.078,46.331],[8.076,46.333],[8.077,46.335],[8.078,46.336],[8.091,46.334],[8.092,46.338],[8.09,46.34],[8.091,46.343],[8.095,46.345],[8.099,46.344],[8.101,46.349],[8.111,46.344],[8.117,46.344],[8.123,46.349],[8.127,46.35],[8.129,46.349],[8.13,46.346],[8.128,46.344],[8.107,46.336],[8.1,46.335],[8.081,46.325],[8.078,46.326]]],[[[8.094,46.432],[8.092,46.431],[8.091,46.432],[8.092,46.434],[8.089,46.437],[8.099,46.438],[8.115,46.447],[8.117,46.445],[8.113,46.441],[8.105,46.438],[8.102,46.435],[8.093,46.434],[8.094,46.432]]],[[[7.221,45.889],[7.211,45.887],[7.21,45.892],[7.202,45.896],[7.216,45.897],[7.22,45.898],[7.223,45.901],[7.22,45.909],[7.218,45.91],[7.221,45.914],[7.221,45.919],[7.218,45.921],[7.221,45.923],[7.223,45.927],[7.226,45.927],[7.228,45.93],[7.232,45.928],[7.236,45.929],[7.244,45.925],[7.255,45.924],[7.265,45.918],[7.267,45.919],[7.263,45.923],[7.266,45.928],[7.271,45.929],[7.274,45.926],[7.278,45.928],[7.274,45.928],[7.265,45.936],[7.258,45.936],[7.254,45.941],[7.255,45.945],[7.271,45.942],[7.266,45.946],[7.265,45.949],[7.258,45.95],[7.248,45.948],[7.243,45.952],[7.243,45.955],[7.245,45.957],[7.249,45.957],[7.251,45.959],[7.243,45.964],[7.247,45.968],[7.247,45.973],[7.245,45.974],[7.246,45.979],[7.248,45.981],[7.255,45.981],[7.257,45.979],[7.26,45.979],[7.259,45.984],[7.255,45.987],[7.245,45.989],[7.242,45.994],[7.238,45.995],[7.232,46.004],[7.232,46.009],[7.212,46.015],[7.216,46.017],[7.222,46.015],[7.226,46.016],[7.228,46.02],[7.235,46.019],[7.237,46.02],[7.237,46.022],[7.235,46.024],[7.241,46.027],[7.248,46.027],[7.254,46.022],[7.254,46.02],[7.251,46.018],[7.248,46.021],[7.247,46.02],[7.251,46.017],[7.255,46.019],[7.257,46.018],[7.258,46.015],[7.257,46.013],[7.259,46.009],[7.261,46.008],[7.268,46.012],[7.275,46.009],[7.278,46.006],[7.276,46.002],[7.279,45.997],[7.287,45.993],[7.288,45.995],[7.285,45.997],[7.284,46.004],[7.293,46.013],[7.297,46.014],[7.3,46.013],[7.303,46.007],[7.31,46.015],[7.316,46.014],[7.321,46.011],[7.322,46.006],[7.318,46.002],[7.318,45.997],[7.316,45.995],[7.319,45.991],[7.326,46.001],[7.329,45.999],[7.332,46.001],[7.339,46.001],[7.342,45.999],[7.343,45.998],[7.342,45.996],[7.337,45.995],[7.327,45.984],[7.335,45.985],[7.339,45.98],[7.342,45.986],[7.343,45.98],[7.342,45.978],[7.339,45.979],[7.337,45.977],[7.341,45.973],[7.341,45.964],[7.339,45.958],[7.336,45.957],[7.345,45.957],[7.343,45.955],[7.345,45.953],[7.349,45.953],[7.349,45.948],[7.356,45.944],[7.358,45.937],[7.352,45.935],[7.353,45.932],[7.365,45.934],[7.377,45.928],[7.381,45.927],[7.387,45.929],[7.39,45.926],[7.394,45.925],[7.413,45.938],[7.423,45.941],[7.433,45.948],[7.437,45.953],[7.41,45.944],[7.405,45.946],[7.405,45.941],[7.403,45.94],[7.402,45.946],[7.4,45.948],[7.396,45.948],[7.398,45.946],[7.397,45.944],[7.378,45.948],[7.381,45.948],[7.386,45.953],[7.388,45.957],[7.387,45.959],[7.381,45.954],[7.374,45.954],[7.37,45.957],[7.371,45.96],[7.374,45.959],[7.377,45.963],[7.381,45.964],[7.384666666666685,45.964],[7.381,45.965],[7.377,45.965],[7.374,45.963],[7.368,45.965],[7.366,45.968],[7.37,45.973],[7.368,45.975],[7.369,45.977],[7.371,45.979],[7.375,45.977],[7.376,45.98],[7.372,45.982],[7.375,45.984],[7.375,45.986],[7.372,45.989],[7.374,45.991],[7.373,45.993],[7.371,45.996],[7.368,45.998],[7.364,45.998],[7.363,46.0],[7.365,46.004],[7.361,46.016],[7.364,46.017],[7.366,46.02],[7.364,46.022],[7.361,46.022],[7.358,46.019],[7.355,46.022],[7.362,46.025],[7.355,46.03],[7.348,46.031],[7.346,46.034],[7.342,46.036],[7.347,46.042],[7.335,46.042],[7.327,46.049],[7.334,46.051],[7.334,46.054],[7.329,46.057],[7.319,46.053],[7.315,46.054],[7.319,46.059],[7.326,46.064],[7.326,46.066],[7.317,46.063],[7.316,46.061],[7.313,46.062],[7.312,46.065],[7.317,46.069],[7.316,46.07],[7.311,46.069],[7.306,46.065],[7.301,46.067],[7.303,46.072],[7.3,46.071],[7.293,46.072],[7.285,46.076],[7.294,46.087],[7.287,46.092],[7.283,46.092],[7.28,46.095],[7.274,46.097],[7.27,46.096],[7.267,46.1],[7.266,46.105],[7.263,46.108],[7.264,46.11],[7.274,46.112],[7.276,46.117],[7.276,46.123],[7.274,46.125],[7.27,46.125],[7.27,46.128],[7.274,46.126],[7.277,46.128],[7.288,46.123],[7.278,46.117],[7.283,46.114],[7.278,46.11],[7.28,46.107],[7.286,46.112],[7.293,46.114],[7.296,46.112],[7.294,46.11],[7.299,46.105],[7.298,46.103],[7.3,46.103],[7.3,46.105],[7.303,46.107],[7.309,46.104],[7.316,46.104],[7.319,46.106],[7.325,46.103],[7.338,46.102],[7.344,46.096],[7.348,46.095],[7.349,46.096],[7.348,46.099],[7.344,46.105],[7.347,46.11],[7.339,46.114],[7.338,46.117],[7.335,46.119],[7.341,46.121],[7.341,46.123],[7.338,46.126],[7.342,46.127],[7.348,46.126],[7.351,46.132],[7.357,46.13],[7.358,46.127],[7.362,46.126],[7.36,46.123],[7.366,46.119],[7.364,46.116],[7.358,46.114],[7.357,46.112],[7.361,46.111],[7.364,46.113],[7.366,46.112],[7.366,46.11],[7.37,46.108],[7.367,46.105],[7.371,46.107],[7.373,46.103],[7.363,46.101],[7.362,46.099],[7.364,46.097],[7.368,46.1],[7.371,46.097],[7.38,46.093],[7.382,46.09],[7.377,46.085],[7.378,46.081],[7.374,46.078],[7.39,46.082],[7.388,46.076],[7.384,46.074],[7.384,46.072],[7.38,46.07],[7.375,46.07],[7.373,46.067],[7.373,46.065],[7.377,46.066],[7.384,46.064],[7.387,46.065],[7.388,46.063],[7.384,46.061],[7.379,46.052],[7.379,46.049],[7.376,46.045],[7.377,46.039],[7.379,46.045],[7.385,46.049],[7.39,46.055],[7.393,46.052],[7.392,46.047],[7.395,46.045],[7.393,46.042],[7.399,46.036],[7.399,46.034],[7.393,46.029],[7.393,46.026],[7.4,46.031],[7.41,46.034],[7.416,46.029],[7.426,46.028],[7.426,46.025],[7.432,46.016],[7.435,46.015],[7.445,46.017],[7.447,46.009],[7.445,46.007],[7.452,46.005],[7.455,46.012],[7.461,46.009],[7.462,46.007],[7.459,46.002],[7.461,46.0],[7.468,46.01],[7.471,46.009],[7.474,46.007],[7.477,46.0],[7.481,45.996],[7.477,45.993],[7.476,45.991],[7.477,45.989],[7.49,45.991],[7.493,45.988],[7.497,45.99],[7.5,45.989],[7.501,45.986],[7.505,45.989],[7.504,45.991],[7.507,45.993],[7.523,45.99],[7.526,45.988],[7.522,45.993],[7.518,45.995],[7.518,45.998],[7.523,46.001],[7.524,46.002],[7.523,46.003],[7.513,45.997],[7.506,45.998],[7.505,46.0],[7.508,46.004],[7.522,46.013],[7.519,46.015],[7.506,46.012],[7.503,46.016],[7.507,46.018],[7.509,46.022],[7.508,46.027],[7.513,46.028],[7.516,46.024],[7.519,46.025],[7.52,46.029],[7.518,46.031],[7.517,46.036],[7.519,46.037],[7.523,46.034],[7.524,46.031],[7.531,46.029],[7.529,46.023],[7.542,46.027],[7.548,46.038],[7.551,46.038],[7.55,46.031],[7.552,46.03],[7.555,46.032],[7.561,46.026],[7.562,46.029],[7.56,46.031],[7.566,46.033],[7.567,46.038],[7.571,46.035],[7.574,46.03],[7.576,46.031],[7.578,46.042],[7.575,46.047],[7.582,46.056],[7.588,46.058],[7.587,46.06],[7.578,46.059],[7.574,46.063],[7.573,46.067],[7.578,46.072],[7.574,46.072],[7.57,46.076],[7.568,46.081],[7.571,46.082],[7.574,46.08],[7.577,46.083],[7.575,46.085],[7.583,46.085],[7.578,46.089],[7.5745000000000005,46.0855],[7.573,46.087],[7.573,46.09],[7.576,46.094],[7.571,46.097],[7.568,46.095],[7.561,46.098],[7.559,46.101],[7.561,46.102],[7.571,46.103],[7.584,46.093],[7.586,46.094],[7.587,46.097],[7.596,46.087],[7.599,46.087],[7.601,46.09],[7.598,46.094],[7.6,46.097],[7.604,46.096],[7.607,46.093],[7.61,46.096],[7.613,46.093],[7.616,46.094],[7.618,46.09],[7.609,46.081],[7.614,46.074],[7.618,46.072],[7.617,46.069],[7.613,46.071],[7.61,46.068],[7.61,46.061],[7.613,46.065],[7.616,46.066],[7.62,46.063],[7.623,46.063],[7.628,46.069],[7.628,46.072],[7.633,46.081],[7.635,46.069],[7.633,46.067],[7.634,46.065],[7.632,46.064],[7.629,46.066],[7.626,46.06],[7.635,46.06],[7.634,46.063],[7.636,46.064],[7.644,46.06],[7.65,46.06],[7.649,46.063],[7.644,46.067],[7.644,46.069],[7.649,46.076],[7.652,46.076],[7.645,46.077],[7.642,46.081],[7.645,46.083],[7.645,46.086],[7.654,46.087],[7.648,46.09],[7.655,46.09],[7.658,46.095],[7.671,46.092],[7.675,46.096],[7.678,46.096],[7.68,46.101],[7.673,46.11],[7.671,46.11],[7.668,46.114],[7.664,46.112],[7.66,46.114],[7.661,46.119],[7.675,46.12],[7.679,46.123],[7.678,46.126],[7.675,46.125],[7.672,46.129],[7.668,46.13],[7.67,46.132],[7.668,46.135],[7.667,46.132],[7.661,46.13],[7.66,46.137],[7.664,46.141],[7.664,46.144],[7.66,46.146],[7.662,46.15],[7.659,46.153],[7.647,46.159],[7.655,46.162],[7.662,46.162],[7.665,46.164],[7.664,46.166],[7.666,46.168],[7.661,46.168],[7.659,46.173],[7.656,46.175],[7.652,46.176],[7.649,46.175],[7.645,46.177],[7.652,46.18],[7.652,46.184],[7.647,46.189],[7.639,46.191],[7.64,46.193],[7.649,46.196],[7.65,46.198],[7.648,46.2],[7.652,46.202],[7.656,46.201],[7.656,46.203],[7.652,46.207],[7.646,46.207],[7.643,46.209],[7.646,46.211],[7.65,46.211],[7.645,46.213],[7.647,46.216],[7.646,46.218],[7.649,46.222],[7.643,46.223],[7.642,46.225],[7.633,46.229],[7.64,46.231],[7.64,46.234],[7.632,46.236],[7.633,46.239],[7.641,46.238],[7.644,46.24],[7.643,46.242],[7.636,46.241],[7.635,46.243],[7.63,46.242],[7.624,46.245],[7.631,46.247],[7.625,46.249],[7.623,46.251],[7.624,46.254],[7.619,46.256],[7.62,46.258],[7.623,46.256],[7.625,46.258],[7.621,46.261],[7.623,46.262],[7.639,46.261],[7.638,46.258],[7.643,46.256],[7.644,46.258],[7.643,46.26],[7.65,46.265],[7.662,46.266],[7.664,46.265],[7.661,46.263],[7.661,46.26],[7.659,46.258],[7.662,46.257],[7.666,46.258],[7.668,46.254],[7.666,46.251],[7.672,46.252],[7.675,46.249],[7.681,46.247],[7.696,46.247],[7.694,46.245],[7.694,46.242],[7.691,46.242],[7.69,46.24],[7.684,46.238],[7.689,46.233],[7.682,46.227],[7.678,46.229],[7.682,46.226],[7.685,46.229],[7.688,46.227],[7.691,46.229],[7.691,46.231],[7.695,46.23],[7.695,46.222],[7.689,46.218],[7.686,46.215],[7.686,46.213],[7.682,46.211],[7.678,46.213],[7.677,46.211],[7.678,46.209],[7.673,46.206],[7.675,46.202],[7.681,46.2],[7.68,46.197],[7.682,46.195],[7.665,46.194],[7.662,46.196],[7.661,46.195],[7.662,46.193],[7.660500000000004,46.191500000000005],[7.665,46.193],[7.668,46.191],[7.668,46.188],[7.665,46.186],[7.672,46.187],[7.678,46.186],[7.68,46.184],[7.676,46.182],[7.674,46.175],[7.676,46.173],[7.673,46.168],[7.675,46.164],[7.674,46.161],[7.672,46.161],[7.671,46.159],[7.671,46.155],[7.681,46.153],[7.684,46.15],[7.683,46.148],[7.685,46.145],[7.685,46.148],[7.69,46.15],[7.691,46.155],[7.694,46.149],[7.699,46.15],[7.701,46.152],[7.71,46.151],[7.717,46.155],[7.706,46.161],[7.724,46.17],[7.707,46.173],[7.705,46.175],[7.707,46.176],[7.717,46.174],[7.723,46.175],[7.719,46.179],[7.722,46.182],[7.72,46.188],[7.73,46.191],[7.728,46.193],[7.729,46.195],[7.72,46.198],[7.716,46.202],[7.717,46.204],[7.727,46.199],[7.727,46.202],[7.73,46.205],[7.739,46.206],[7.743,46.213],[7.737,46.216],[7.733,46.216],[7.731,46.218],[7.74,46.219],[7.743,46.217],[7.744,46.218],[7.741,46.22],[7.742,46.222],[7.749,46.229],[7.748,46.231],[7.737,46.233],[7.738,46.236],[7.734,46.24],[7.735,46.242],[7.733,46.245],[7.734,46.248],[7.74,46.245],[7.745,46.245],[7.745,46.242],[7.759,46.237],[7.762,46.24],[7.769,46.243],[7.775,46.24],[7.778,46.233],[7.782,46.232],[7.783,46.233],[7.779,46.238],[7.782,46.24],[7.789,46.24],[7.795,46.242],[7.807,46.238],[7.802,46.234],[7.795,46.234],[7.792,46.236],[7.786,46.231],[7.789,46.226],[7.785,46.225],[7.779,46.219],[7.774,46.22],[7.772,46.217],[7.767,46.215],[7.769,46.213],[7.773,46.213],[7.776,46.21],[7.79,46.211],[7.793,46.208],[7.788,46.208],[7.787,46.206],[7.768,46.202],[7.763,46.197],[7.759,46.197],[7.755,46.193],[7.762,46.191],[7.766,46.192],[7.771,46.186],[7.767,46.179],[7.76,46.177],[7.758,46.17],[7.751,46.166],[7.755,46.161],[7.756,46.156],[7.748,46.152],[7.753,46.153],[7.764,46.15],[7.752,46.146],[7.752,46.141],[7.755,46.141],[7.754,46.143],[7.756,46.144],[7.759,46.143],[7.759,46.134],[7.763,46.132],[7.759,46.129],[7.752,46.13],[7.749,46.129],[7.747,46.125],[7.741,46.121],[7.739,46.117],[7.739,46.115],[7.743,46.114],[7.743,46.105],[7.75,46.101],[7.748,46.096],[7.743,46.094],[7.743,46.092],[7.738,46.089],[7.724,46.087],[7.723,46.096],[7.723,46.089],[7.72,46.088],[7.72,46.08],[7.715,46.076],[7.72,46.072],[7.723,46.074],[7.733,46.072],[7.736,46.073],[7.739,46.069],[7.747,46.067],[7.747,46.062],[7.743,46.06],[7.744,46.058],[7.742,46.054],[7.739,46.056],[7.734,46.051],[7.733,46.039],[7.729,46.039],[7.722,46.042],[7.728,46.047],[7.726,46.049],[7.716,46.044],[7.716,46.052],[7.71,46.048],[7.703,46.046],[7.701,46.042],[7.703,46.04],[7.698,46.035],[7.699,46.031],[7.7,46.029],[7.703,46.035],[7.707,46.037],[7.708,46.031],[7.704,46.029],[7.702,46.026],[7.687,46.027],[7.681271186440679,46.028322033898306],[7.683,46.024],[7.678,46.022],[7.669,46.022],[7.671,46.025],[7.6800243902439,46.028609756097566],[7.674,46.03],[7.671,46.028],[7.661,46.027],[7.658,46.022],[7.636,46.015],[7.633,46.013],[7.635,46.011],[7.632,46.01],[7.629,46.012],[7.621,46.009],[7.623,46.006],[7.618,46.0],[7.62,45.997],[7.632,45.999],[7.642,45.994],[7.665,45.995],[7.668,45.992],[7.667,45.995],[7.671,45.997],[7.694,45.995],[7.696,45.993],[7.694,45.991],[7.687,45.99],[7.686,45.988],[7.68,45.986],[7.677,45.979],[7.69,45.986],[7.693,45.983],[7.697,45.982],[7.707,45.986],[7.719,45.984],[7.723,45.978],[7.729,45.979],[7.731,45.977],[7.74,45.975],[7.737,45.972],[7.732,45.972],[7.722,45.964],[7.722,45.961],[7.732,45.966],[7.739,45.96],[7.742,45.963],[7.751,45.963],[7.755,45.96],[7.761,45.962],[7.764,45.959],[7.771,45.961],[7.78,45.958],[7.782,45.961],[7.787,45.962],[7.789,45.961],[7.787,45.959],[7.79,45.961],[7.795,45.957],[7.796,45.949],[7.798,45.952],[7.797,45.954],[7.8,45.958],[7.803,45.959],[7.809,45.958],[7.813,45.962],[7.816,45.961],[7.821,45.963],[7.822,45.965],[7.821,45.968],[7.816,45.97],[7.809,45.979],[7.813,45.981],[7.816,45.98],[7.826,45.981],[7.824,45.986],[7.81,45.988],[7.803,45.985],[7.8,45.986],[7.805,45.99],[7.8,45.991],[7.797,45.989],[7.794,45.99],[7.795,45.993],[7.794,45.995],[7.789,45.999],[7.794,46.001],[7.801,46.001],[7.806,46.004],[7.813,46.004],[7.816,46.008],[7.819,46.007],[7.822,46.008],[7.821,46.01],[7.823,46.011],[7.839,46.012],[7.846,46.015],[7.836,46.017],[7.826,46.023],[7.82,46.022],[7.81,46.026],[7.807,46.028],[7.806,46.033],[7.809999999999994,46.033],[7.807,46.035],[7.808,46.037],[7.81,46.04],[7.813,46.04],[7.816,46.043],[7.82,46.043],[7.82,46.037],[7.816,46.036],[7.813,46.031],[7.810000000000009,46.032999999999994],[7.815,46.028],[7.817,46.028],[7.82,46.033],[7.826,46.036],[7.832,46.033],[7.833,46.03],[7.839,46.034],[7.844,46.035],[7.845,46.037],[7.842,46.04],[7.85,46.044],[7.85,46.046],[7.84,46.049],[7.847,46.051],[7.84,46.053],[7.844,46.055],[7.845,46.058],[7.836,46.059],[7.834,46.06],[7.834,46.062],[7.836,46.063],[7.836,46.071],[7.84,46.076],[7.856,46.083],[7.849,46.084],[7.84,46.08],[7.83,46.078],[7.828,46.08],[7.829,46.082],[7.827,46.085],[7.834,46.089],[7.831,46.091],[7.837,46.096],[7.826,46.098],[7.825,46.1],[7.833,46.104],[7.827,46.107],[7.832,46.109],[7.833,46.112],[7.831,46.114],[7.832,46.116],[7.836,46.119],[7.843,46.119],[7.845,46.121],[7.845,46.123],[7.843,46.124],[7.84,46.121],[7.836,46.123],[7.84,46.125],[7.838,46.127],[7.84,46.13],[7.835,46.134],[7.844,46.136],[7.846,46.138],[7.85,46.138],[7.847,46.141],[7.852,46.143],[7.852,46.145],[7.856,46.147],[7.863,46.148],[7.866,46.146],[7.871,46.152],[7.87,46.154],[7.874,46.156],[7.873,46.159],[7.878,46.159],[7.882,46.157],[7.886,46.159],[7.888,46.157],[7.892,46.159],[7.893,46.154],[7.886,46.154],[7.89,46.152],[7.888,46.148],[7.889,46.145],[7.882,46.136],[7.881,46.132],[7.882,46.131],[7.892,46.138],[7.897,46.134],[7.897,46.132],[7.89,46.125],[7.881,46.123],[7.879,46.12],[7.882,46.119],[7.885,46.122],[7.89,46.12],[7.889,46.118],[7.891,46.116],[7.889,46.111],[7.885,46.11],[7.882,46.107],[7.873,46.107],[7.869,46.105],[7.868,46.102],[7.861,46.096],[7.862,46.094],[7.869,46.096],[7.875,46.101],[7.882,46.101],[7.882,46.098],[7.88,46.096],[7.888,46.089],[7.894,46.093],[7.896,46.089],[7.901,46.087],[7.905,46.089],[7.917,46.088],[7.925,46.08],[7.922,46.077],[7.927,46.077],[7.929,46.075],[7.923,46.073],[7.923,46.071],[7.93,46.07],[7.936,46.072],[7.943,46.068],[7.944,46.064],[7.939,46.064],[7.933,46.059],[7.933,46.056],[7.941,46.055],[7.949,46.048],[7.946,46.045],[7.94,46.044],[7.933,46.037],[7.931,46.032],[7.932,46.03],[7.939,46.036],[7.942,46.035],[7.942,46.032],[7.944,46.037],[7.946,46.038],[7.955,46.035],[7.954,46.03],[7.957,46.026],[7.957,46.021],[7.958,46.019],[7.962,46.018],[7.963,46.023],[7.965,46.024],[7.968,46.021],[7.97,46.023],[7.969,46.032],[7.971,46.033],[7.991,46.03],[7.998,46.034],[7.991,46.035],[7.988,46.037],[7.978,46.037],[7.972,46.039],[7.971,46.042],[7.973,46.05],[7.971,46.053],[7.975,46.057],[7.974,46.059],[7.978,46.061],[7.979,46.066],[7.981,46.068],[7.984,46.064],[7.983,46.059],[7.984,46.057],[7.986,46.059],[7.985,46.061],[7.991,46.063],[7.996,46.061],[7.99,46.055],[7.991,46.053],[7.994,46.057],[7.997,46.056],[7.999,46.057],[8.001,46.061],[8.007,46.054],[8.01,46.053],[8.011,46.055],[8.007,46.061],[8.006,46.066],[8.001,46.07],[8.002,46.075],[8.006,46.077],[8.004,46.077],[7.993,46.086],[7.988,46.088],[7.985,46.092],[7.981,46.093],[7.985,46.095],[7.99,46.095],[7.989,46.097],[7.991,46.099],[8.003,46.097],[8.005,46.1],[8.004,46.104],[7.999,46.111],[7.994,46.113],[7.992,46.119],[7.99,46.118],[7.989,46.115],[7.986,46.118],[7.982,46.119],[7.975,46.116],[7.972,46.118],[7.969,46.124],[7.969,46.127],[7.972,46.128],[7.979,46.126],[7.971,46.131],[7.975,46.133],[7.975,46.136],[7.977,46.138],[7.974,46.14],[7.978,46.142],[7.979,46.147],[7.977,46.154],[7.984,46.16],[7.979,46.161],[7.973,46.155],[7.966,46.155],[7.965,46.156],[7.967,46.158],[7.966,46.159],[7.962,46.158],[7.962,46.163],[7.966,46.165],[7.964,46.167],[7.962,46.174],[7.968,46.178],[7.967,46.181],[7.97,46.183],[7.962,46.181],[7.96,46.179],[7.956,46.181],[7.962,46.185],[7.961,46.188],[7.966,46.192],[7.966,46.194],[7.963,46.196],[7.954,46.196],[7.95,46.199],[7.941,46.2],[7.937,46.202],[7.939,46.206],[7.943,46.208],[7.947,46.207],[7.954,46.211],[7.958,46.21],[7.961,46.206],[7.957,46.201],[7.96,46.199],[7.963,46.203],[7.98,46.205],[7.984,46.208],[7.977,46.212],[7.977,46.217],[7.981,46.219],[7.977,46.227],[7.975,46.228],[7.975,46.23],[7.978,46.232],[7.973,46.234],[7.97,46.239],[7.974,46.241],[7.975,46.246],[7.977,46.247],[7.98,46.248],[7.983,46.245],[7.986,46.246],[7.989,46.244],[7.987,46.241],[7.988,46.239],[7.993,46.238],[7.996,46.235],[7.997,46.228],[7.99,46.226],[7.986,46.223],[7.993,46.22],[7.996,46.217],[7.999,46.217],[8.002,46.22],[8.013,46.219],[8.014,46.216],[8.019,46.216],[8.026,46.21],[8.025,46.204],[8.017,46.203],[8.019,46.198],[8.018,46.196],[8.008,46.194],[8.006,46.192],[8.005,46.187],[8.012,46.191],[8.015,46.188],[8.018,46.192],[8.024,46.189],[8.034,46.19],[8.041,46.186],[8.052,46.183],[8.05,46.18],[8.034,46.173],[8.031,46.17],[8.028,46.171],[8.025,46.169],[8.037,46.165],[8.028,46.161],[8.021,46.161],[8.02,46.16],[8.021,46.159],[8.029,46.153],[8.041,46.152],[8.056,46.147],[8.06,46.144],[8.069,46.149],[8.083,46.15],[8.082,46.146],[8.085,46.144],[8.082,46.141],[8.081,46.137],[8.065,46.129],[8.06,46.119],[8.056,46.121],[8.051,46.117],[8.063,46.112],[8.069,46.114],[8.085,46.114],[8.091,46.119],[8.094,46.124],[8.102,46.125],[8.108,46.128],[8.112,46.124],[8.112,46.119],[8.102,46.112],[8.085,46.11],[8.082,46.108],[8.069,46.108],[8.056,46.103],[8.053,46.104],[8.046,46.101],[8.037,46.101],[8.033,46.097],[8.029,46.088],[8.029,46.084],[8.022,46.077],[8.025,46.07],[8.024,46.066],[8.025,46.061],[8.028,46.059],[8.028,46.054],[8.031,46.052],[8.032,46.045],[8.018,46.037],[8.018,46.034],[8.015,46.032],[8.015,46.025],[8.012,46.021],[8.011,46.014],[8.0,46.011],[7.998,46.007],[7.992,46.003],[7.992,46.001],[7.989,45.998],[7.981,45.997],[7.978,46.0],[7.968,46.0],[7.965,45.998],[7.958,45.997],[7.939,45.998],[7.923,45.995],[7.919,45.996],[7.907,45.995],[7.899,45.985],[7.887,45.977],[7.879,45.974],[7.88,45.97],[7.879,45.961],[7.876,45.958],[7.876,45.952],[7.872,45.949],[7.872,45.945],[7.869,45.943],[7.869,45.936],[7.873,45.934],[7.876,45.927],[7.864,45.919],[7.858,45.921],[7.845,45.921],[7.841,45.924],[7.832,45.924],[7.829,45.926],[7.819,45.928],[7.817,45.927],[7.818,45.925],[7.812,45.921],[7.805,45.921],[7.803,45.919],[7.793,45.919],[7.791,45.923],[7.787,45.926],[7.78,45.928],[7.771,45.935],[7.765,45.936],[7.766,45.939],[7.764,45.94],[7.747,45.939],[7.741,45.934],[7.741,45.932],[7.738,45.93],[7.734,45.93],[7.734,45.925],[7.719,45.924],[7.714,45.928],[7.713,45.931],[7.707,45.934],[7.708,45.95],[7.703,45.951],[7.697,45.956],[7.684,45.956],[7.68,45.958],[7.675,45.961],[7.676,45.966],[7.661,45.977],[7.648,45.977],[7.642,45.972],[7.632,45.971],[7.616,45.974],[7.61,45.969],[7.6,45.969],[7.597,45.971],[7.585,45.973],[7.579,45.977],[7.578,45.982],[7.571,45.987],[7.568,45.987],[7.564,45.985],[7.548,45.985],[7.542,45.98],[7.542,45.977],[7.54,45.975],[7.543,45.973],[7.544,45.966],[7.547,45.964],[7.544,45.962],[7.542,45.958],[7.539,45.959],[7.535,45.956],[7.532,45.958],[7.522,45.958],[7.517,45.962],[7.506,45.963],[7.503,45.96],[7.497,45.958],[7.477,45.954],[7.469,45.948],[7.469,45.946],[7.472,45.944],[7.473,45.939],[7.47,45.937],[7.458,45.936],[7.449,45.932],[7.445,45.932],[7.436,45.926],[7.433,45.921],[7.426,45.916],[7.423,45.916],[7.419,45.913],[7.416,45.914],[7.41,45.909],[7.4,45.911],[7.395,45.908],[7.394,45.904],[7.387,45.9],[7.377,45.9],[7.365,45.904],[7.361,45.908],[7.355,45.909],[7.352,45.913],[7.342,45.916],[7.339,45.914],[7.323,45.911],[7.313,45.918],[7.303,45.918],[7.294,45.922],[7.29,45.922],[7.289,45.919],[7.279,45.91],[7.279,45.907],[7.255,45.89],[7.252,45.89],[7.245,45.895],[7.239,45.891],[7.226,45.893],[7.221,45.889]],[[7.278,45.928],[7.284,45.928],[7.286,45.93],[7.284,45.932],[7.278,45.93],[7.278,45.928]],[[7.975,46.057],[7.978,46.056],[7.98,46.057],[7.975,46.057]],[[7.996,46.195],[7.999,46.198],[8.012,46.2],[8.011,46.203],[8.014,46.205],[8.011,46.208],[8.008,46.208],[8.011,46.205],[8.005,46.202],[8.002,46.203],[7.999,46.202],[7.996,46.199],[7.992,46.199],[7.992,46.195],[7.996,46.195]],[[7.659,46.19],[7.658,46.189],[7.659,46.187],[7.659,46.19]],[[7.387874999999993,45.963125000000005],[7.39,45.961],[7.392,45.962],[7.387874999999993,45.963125000000005]],[[7.316,45.948],[7.321,45.955],[7.322,45.962],[7.326,45.961],[7.327,45.962],[7.326,45.963],[7.322,45.964],[7.319,45.962],[7.316,45.954],[7.314,45.953],[7.314,45.95],[7.316,45.948]]],[[[7.623,46.006],[7.626,46.008],[7.626,46.006],[7.623,46.006]]],[[[7.751,45.963],[7.755,45.966],[7.755,45.962],[7.751,45.963]]],[[[7.892,46.159],[7.895,46.16],[7.896,46.159],[7.892,46.159]]],[[[7.986,46.246],[7.986,46.248],[7.979,46.25],[7.978,46.253],[7.979,46.255],[7.977,46.257],[7.98,46.262],[7.978,46.266],[7.98,46.268],[7.987,46.269],[7.993,46.262],[7.996,46.265],[8.003,46.265],[8.011,46.261],[8.006,46.261],[8.0,46.259],[8.0,46.257],[7.996,46.255],[7.992,46.255],[7.993,46.252],[7.989,46.25],[7.992,46.248],[7.986,46.246]]],[[[8.06,46.144],[8.058,46.147],[8.061,46.147],[8.06,46.144]]],[[[7.994,46.682],[8.004,46.683],[8.007,46.685],[8.01,46.683],[8.031,46.68],[8.03,46.683],[8.025,46.684],[8.024,46.686],[8.014,46.687],[8.03,46.687],[8.034,46.684],[8.034,46.68],[8.043,46.679],[8.046,46.682],[8.054,46.684],[8.058,46.689],[8.06,46.689],[8.064,46.693],[8.063,46.694],[8.06,46.692],[8.056,46.694],[8.044,46.695],[8.056,46.703],[8.06,46.704],[8.073,46.706],[8.074999999999998,46.705000000000005],[8.074,46.706],[8.078,46.709],[8.086,46.709],[8.088,46.704],[8.092,46.703],[8.096,46.706],[8.103,46.702],[8.093,46.7],[8.091,46.697],[8.096,46.697],[8.096,46.693],[8.099,46.69],[8.096,46.688],[8.092,46.687],[8.089,46.689],[8.085,46.688],[8.082,46.69],[8.077,46.688],[8.077,46.686],[8.073,46.684],[8.073,46.682],[8.069,46.685],[8.066,46.685],[8.056,46.68],[8.052,46.68],[8.054,46.677],[8.054,46.668],[8.05,46.668],[8.048,46.673],[8.043,46.675],[8.037,46.672],[8.03,46.674],[8.027,46.672],[8.023,46.673],[8.02,46.677],[8.012,46.675],[8.023,46.672],[8.023,46.667],[8.028,46.664],[8.027,46.661],[8.02,46.666],[8.01,46.666],[8.007,46.669],[8.004,46.67],[7.994,46.668],[7.993,46.671],[7.99,46.671],[7.981,46.665],[7.979,46.666],[7.98,46.669],[7.968,46.667],[7.967,46.671],[7.971,46.675],[7.974,46.675],[7.974,46.678],[7.978,46.679],[7.983,46.675],[7.98,46.673],[7.988,46.675],[7.994,46.682]],[[8.007,46.669],[8.012,46.671],[8.009,46.671],[8.007,46.669]],[[7.994,46.682],[7.995,46.68],[8.002,46.678],[8.001,46.681],[7.994,46.682]],[[8.077000000000005,46.704],[8.079,46.703],[8.082,46.704],[8.077000000000005,46.704]]],[[[8.05,46.668],[8.045,46.668],[8.046,46.67],[8.05,46.668]]],[[[8.044,46.788],[8.044,46.79],[8.038,46.792],[8.044,46.794],[8.051,46.793],[8.058,46.795],[8.072,46.794],[8.064,46.791],[8.058,46.793],[8.044,46.788]]],[[[8.001,46.423],[8.004,46.421],[8.0,46.421],[8.001,46.423]]],[[[7.811,46.541],[7.805,46.543],[7.804,46.546],[7.8,46.546],[7.8,46.548],[7.797,46.551],[7.793,46.55],[7.79,46.552],[7.791,46.555],[7.796,46.557],[7.797,46.563],[7.81,46.562],[7.813,46.568],[7.817,46.568],[7.827,46.573],[7.827,46.575],[7.835,46.579],[7.836,46.582],[7.837,46.579],[7.84,46.577],[7.843,46.583],[7.846,46.58],[7.853,46.584],[7.856,46.582],[7.859,46.584],[7.862,46.581],[7.856,46.575],[7.851,46.573],[7.85,46.569],[7.848,46.568],[7.849,46.565],[7.859,46.57],[7.861,46.568],[7.859,46.566],[7.847,46.561],[7.843,46.561],[7.843,46.559],[7.84,46.557],[7.83,46.559],[7.823,46.556],[7.819,46.548],[7.813,46.545],[7.811,46.541]]],[[[7.859,46.584],[7.863,46.586],[7.863,46.583],[7.859,46.584]]],[[[7.826,46.575],[7.823,46.574],[7.82,46.579],[7.826,46.582],[7.827,46.586],[7.822,46.584],[7.82,46.58],[7.817,46.582],[7.816,46.584],[7.818,46.588],[7.815,46.593],[7.816,46.597],[7.813,46.6],[7.814,46.601],[7.833,46.602],[7.837,46.6],[7.838,46.597],[7.844,46.595],[7.839,46.591],[7.838,46.586],[7.831,46.582],[7.83,46.577],[7.827,46.579],[7.826,46.575]]],[[[7.794,46.244],[7.789,46.244],[7.786,46.247],[7.789,46.249],[7.795,46.248],[7.802,46.252],[7.807,46.249],[7.794,46.244]]],[[[7.758,46.512],[7.761,46.51],[7.758,46.508],[7.755,46.51],[7.758,46.512]]],[[[7.761,46.51],[7.759,46.512],[7.763,46.512],[7.761,46.51]]],[[[7.614,46.114],[7.606,46.114],[7.594,46.12],[7.587,46.117],[7.584,46.119],[7.584,46.122],[7.591,46.123],[7.591,46.126],[7.586,46.13],[7.588,46.135],[7.594,46.136],[7.597,46.135],[7.593,46.13],[7.601,46.126],[7.6,46.123],[7.607,46.12],[7.607,46.117],[7.614,46.114]]],[[[7.559,46.105],[7.554,46.105],[7.549,46.108],[7.544,46.114],[7.545,46.116],[7.549,46.113],[7.552,46.115],[7.56,46.114],[7.562,46.115],[7.567,46.108],[7.559,46.105]]],[[[7.49,46.194],[7.496440000000002,46.193079999999995],[7.495,46.195],[7.498,46.198],[7.496,46.202],[7.5,46.204],[7.5,46.206],[7.503,46.204],[7.501,46.202],[7.503,46.199],[7.51,46.2],[7.508,46.202],[7.51,46.204],[7.513,46.204],[7.516,46.201],[7.527,46.198],[7.529,46.195],[7.53,46.198],[7.529,46.2],[7.532,46.202],[7.539,46.204],[7.541,46.202],[7.539,46.198],[7.533,46.193],[7.537,46.191],[7.534,46.189],[7.533,46.184],[7.538,46.18],[7.536,46.175],[7.539,46.173],[7.541,46.166],[7.54,46.164],[7.542,46.162],[7.546,46.162],[7.545,46.159],[7.549,46.155],[7.552,46.158],[7.555,46.157],[7.553,46.155],[7.554,46.148],[7.548,46.141],[7.542,46.137],[7.544,46.135],[7.544,46.13],[7.55,46.128],[7.545,46.126],[7.543,46.123],[7.553,46.123],[7.551,46.126],[7.555,46.127],[7.558,46.126],[7.558,46.121],[7.555,46.119],[7.551,46.119],[7.549,46.115],[7.545,46.117],[7.538,46.123],[7.537,46.126],[7.533,46.128],[7.516,46.144],[7.505,46.148],[7.505,46.15],[7.51,46.155],[7.513,46.155],[7.511,46.159],[7.513,46.164],[7.507,46.161],[7.5,46.163],[7.488,46.175],[7.49,46.179],[7.496,46.184],[7.498,46.191],[7.496687500000002,46.19275],[7.492,46.189],[7.49,46.185],[7.488,46.193],[7.49,46.194]]],[[[7.52,46.513],[7.514,46.513],[7.512,46.515],[7.513,46.517],[7.519,46.519],[7.52,46.522],[7.523,46.522],[7.521,46.519],[7.526,46.517],[7.52,46.513]]],[[[7.491,46.498],[7.487,46.493],[7.484,46.494],[7.482,46.501],[7.478,46.504],[7.479,46.508],[7.484,46.507],[7.487,46.508],[7.491,46.506],[7.494,46.508],[7.505,46.506],[7.508,46.504],[7.504,46.501],[7.491,46.498]]],[[[7.437,46.029],[7.435,46.027],[7.427,46.029],[7.426,46.034],[7.428,46.036],[7.426,46.04],[7.419,46.045],[7.421,46.047],[7.419,46.049],[7.417,46.056],[7.418,46.061],[7.407,46.067],[7.405,46.07],[7.416,46.074],[7.413,46.076],[7.412,46.079],[7.416,46.083],[7.427,46.081],[7.422,46.08],[7.422,46.078],[7.426,46.078],[7.429,46.08],[7.428,46.083],[7.429,46.084],[7.439,46.087],[7.451,46.085],[7.455,46.087],[7.461,46.086],[7.462,46.085],[7.458,46.085],[7.455,46.081],[7.458,46.079],[7.457,46.076],[7.465,46.074],[7.472,46.067],[7.464,46.064],[7.461,46.067],[7.456,46.061],[7.455,46.056],[7.452,46.053],[7.448,46.052],[7.447,46.049],[7.45,46.047],[7.463,46.045],[7.459,46.043],[7.459,46.04],[7.455,46.038],[7.452,46.039],[7.448,46.036],[7.437,46.036],[7.437,46.034],[7.434,46.031],[7.435,46.029],[7.437,46.029]],[[7.429,46.046],[7.442,46.051],[7.443,46.054],[7.44,46.054],[7.439,46.052],[7.435,46.056],[7.432,46.056],[7.43,46.049],[7.427,46.047],[7.429,46.046]]],[[[7.276,46.285],[7.267,46.281],[7.265,46.283],[7.269,46.285],[7.271,46.292],[7.267,46.292],[7.266,46.29],[7.257,46.286],[7.256,46.292],[7.26,46.293],[7.264,46.297],[7.273,46.298],[7.276,46.297],[7.279,46.299],[7.281,46.299],[7.283,46.296],[7.286,46.298],[7.289,46.297],[7.289,46.295],[7.291,46.294],[7.29,46.29],[7.286,46.292],[7.283,46.289],[7.28,46.289],[7.276,46.285]]],[[[7.226,46.425],[7.214,46.418],[7.208,46.42],[7.211,46.424],[7.22,46.427],[7.226,46.425]]],[[[7.109,46.177],[7.101,46.177],[7.099,46.179],[7.1,46.181],[7.093,46.186],[7.095,46.19],[7.092,46.192],[7.089,46.19],[7.084,46.19],[7.076,46.198],[7.067,46.204],[7.073,46.21],[7.076,46.211],[7.077,46.215],[7.079,46.216],[7.082,46.217],[7.102,46.215],[7.111,46.219],[7.112,46.22],[7.11,46.222],[7.111,46.223],[7.115,46.223],[7.115,46.226],[7.118,46.229],[7.116,46.233],[7.12,46.235],[7.121,46.238],[7.118,46.244],[7.12,46.247],[7.124,46.246],[7.134,46.253],[7.137,46.252],[7.138,46.256],[7.144,46.262],[7.147,46.262],[7.15,46.265],[7.148,46.269],[7.15,46.271],[7.161,46.276],[7.16,46.278],[7.145,46.281],[7.152,46.283],[7.15,46.292],[7.155,46.292],[7.156,46.289],[7.161,46.287],[7.182,46.3],[7.192,46.294],[7.195,46.295],[7.199,46.294],[7.201,46.292],[7.199,46.29],[7.189,46.287],[7.184,46.283],[7.189,46.281],[7.194,46.283],[7.2,46.283],[7.202,46.281],[7.2,46.276],[7.201,46.272],[7.193,46.265],[7.195,46.262],[7.203,46.263],[7.204,46.26],[7.208,46.26],[7.215,46.257],[7.217,46.254],[7.215,46.252],[7.212,46.252],[7.212,46.249],[7.222,46.247],[7.224,46.245],[7.223,46.242],[7.215,46.241],[7.209,46.237],[7.196,46.241],[7.186,46.24],[7.176,46.236],[7.166,46.238],[7.16,46.236],[7.152,46.236],[7.153,46.233],[7.161,46.229],[7.16,46.226],[7.157,46.224],[7.157,46.221],[7.154,46.219],[7.135,46.229],[7.133,46.229],[7.134,46.227],[7.128,46.224],[7.13,46.222],[7.128,46.219],[7.119,46.215],[7.124,46.214],[7.131,46.218],[7.137,46.211],[7.134,46.209],[7.131,46.211],[7.133,46.209],[7.13,46.206],[7.131,46.204],[7.126,46.202],[7.132,46.197],[7.131,46.195],[7.133,46.193],[7.131,46.191],[7.124,46.191],[7.118,46.188],[7.118,46.186],[7.124,46.188],[7.125,46.19],[7.127,46.188],[7.125,46.185],[7.121,46.183],[7.112,46.18],[7.108,46.182],[7.107,46.179],[7.109,46.177]],[[7.128,46.224],[7.124,46.225],[7.124,46.223],[7.128,46.224]]],[[[7.21,46.263],[7.215,46.265],[7.217,46.263],[7.216,46.26],[7.212,46.26],[7.212,46.262],[7.21,46.263]]],[[[7.215,46.265],[7.214,46.269],[7.219,46.274],[7.219,46.272],[7.222,46.269],[7.218,46.264],[7.215,46.265]]],[[[7.205,46.368],[7.198,46.37],[7.192,46.378],[7.185,46.377],[7.177,46.38],[7.176,46.382],[7.178,46.386],[7.179,46.387],[7.18,46.384],[7.182,46.383],[7.185,46.386],[7.192,46.384],[7.201,46.375],[7.204,46.373],[7.208,46.373],[7.209,46.371],[7.205,46.368]]],[[[7.208,46.373],[7.208,46.375],[7.216,46.375],[7.216,46.373],[7.208,46.373]]],[[[7.173,45.871],[7.183,45.88],[7.183,45.883],[7.187,45.886],[7.194,45.887],[7.195,45.889],[7.191,45.894],[7.194,45.896],[7.197,45.892],[7.2,45.892],[7.199,45.889],[7.202,45.889],[7.204,45.891],[7.21,45.886],[7.205,45.88],[7.198,45.876],[7.198,45.865],[7.194,45.862],[7.187,45.86],[7.175,45.864],[7.168,45.869],[7.168,45.871],[7.173,45.871]],[[7.194,45.887],[7.197,45.884],[7.198,45.885],[7.194,45.887]]],[[[7.168,45.941],[7.164,45.943],[7.168,45.945],[7.174,45.944],[7.178,45.947],[7.180454545454544,45.94372727272727],[7.171,45.943],[7.168,45.941]]],[[[7.146,45.918],[7.152,45.916],[7.15,45.912],[7.156,45.909],[7.165,45.91],[7.171,45.913],[7.18,45.912],[7.171,45.907],[7.165,45.901],[7.157,45.901],[7.158,45.899],[7.162,45.899],[7.164,45.896],[7.16,45.889],[7.175,45.894],[7.175,45.892],[7.178,45.889],[7.17,45.883],[7.175,45.881],[7.176,45.876],[7.171,45.872],[7.168,45.872],[7.165,45.876],[7.161,45.878],[7.152,45.88],[7.149,45.877],[7.137,45.876],[7.133,45.87],[7.127,45.871],[7.13,45.872],[7.141,45.889],[7.146,45.889],[7.147,45.891],[7.146,45.894],[7.147,45.896],[7.141,45.903],[7.139,45.909],[7.148,45.909],[7.142,45.913],[7.139,45.912],[7.132,45.916],[7.133,45.919],[7.132,45.921],[7.134,45.925],[7.132,45.927],[7.136,45.928],[7.139,45.923],[7.145,45.928],[7.156,45.923],[7.152,45.919],[7.149,45.923],[7.144,45.921],[7.146,45.918]]],[[[7.152,45.916],[7.155,45.918],[7.157,45.916],[7.152,45.916]]],[[[7.175,45.93],[7.16,45.927],[7.157,45.93],[7.161,45.935],[7.165,45.935],[7.168,45.932],[7.173,45.932],[7.175,45.93]]],[[[7.167,46.377],[7.162,46.378],[7.155,46.384],[7.156,46.386],[7.165,46.386],[7.165,46.389],[7.172,46.387],[7.173,46.386],[7.172,46.384],[7.167,46.38],[7.167,46.377]]],[[[7.122,45.862],[7.104,45.859],[7.096,45.864],[7.097,45.867],[7.093,45.871],[7.094,45.873],[7.093,45.876],[7.084,45.883],[7.084,45.885],[7.077,45.889],[7.077,45.894],[7.068,45.897],[7.065,45.9],[7.072,45.907],[7.072,45.909],[7.075,45.91],[7.075,45.913],[7.069,45.914],[7.065,45.907],[7.062,45.913],[7.058,45.912],[7.047,45.92],[7.047,45.923],[7.041,45.929],[7.041,45.932],[7.037,45.934],[7.037,45.936],[7.034,45.938],[7.033,45.947],[7.037,45.954],[7.029,45.957],[7.023,45.957],[7.021,45.959],[7.016,45.959],[7.013,45.964],[7.007,45.967],[7.008,45.972],[7.017,45.981],[7.016,45.984],[7.01,45.988],[7.01,45.999],[6.993,46.0],[6.982,46.006],[6.981,46.008],[6.982,46.017],[6.976,46.021],[6.973,46.024],[6.973,46.026],[6.957,46.037],[6.961,46.039],[6.964,46.037],[6.97,46.037],[6.972,46.035],[6.971,46.033],[6.974,46.031],[6.987,46.034],[6.994,46.033],[6.996,46.03],[7.0,46.03],[7.003,46.028],[7.002,46.024],[7.003,46.023],[7.02,46.022],[7.025,46.019],[7.032,46.02],[7.038,46.017],[7.036,46.015],[7.038,46.014],[7.042,46.014],[7.045,46.017],[7.048,46.016],[7.061,46.02],[7.074,46.018],[7.077,46.02],[7.084,46.015],[7.079,46.013],[7.077,46.009],[7.072,46.008],[7.071,46.006],[7.082,46.004],[7.074,46.002],[7.066,45.995],[7.064,45.991],[7.058,45.99],[7.057,45.988],[7.06,45.983],[7.057,45.981],[7.058,45.979],[7.071,45.984],[7.075,45.983],[7.077,45.986],[7.08,45.979],[7.079,45.974],[7.075,45.972],[7.073,45.968],[7.074,45.966],[7.077,45.967],[7.079,45.965],[7.078,45.963],[7.08,45.961],[7.076,45.959],[7.076,45.952],[7.074,45.95],[7.068,45.951],[7.065,45.948],[7.061,45.948],[7.06,45.945],[7.063,45.943],[7.058,45.942],[7.057,45.938],[7.058,45.936],[7.062,45.94],[7.076,45.93],[7.073,45.927],[7.075,45.924],[7.074,45.918],[7.077,45.916],[7.083,45.916],[7.082,45.912],[7.083,45.909],[7.081,45.907],[7.082,45.905],[7.086,45.903],[7.087,45.9],[7.094,45.897],[7.094,45.895],[7.091,45.893],[7.084,45.892],[7.084,45.889],[7.104,45.887],[7.105,45.891],[7.11,45.892],[7.113,45.891],[7.111,45.889],[7.113,45.889],[7.115,45.885],[7.119,45.882],[7.11,45.881],[7.109,45.88],[7.11,45.879],[7.117,45.878],[7.115,45.876],[7.117,45.875],[7.126,45.879],[7.128,45.878],[7.126,45.871],[7.129,45.869],[7.126,45.866],[7.123,45.866],[7.121,45.864],[7.122,45.862]]],[[[7.043,46.026],[7.038,46.025],[7.035,46.028],[7.034,46.031],[7.035,46.035],[7.038,46.039],[7.041,46.039],[7.044,46.035],[7.041,46.033],[7.044,46.028],[7.043,46.026]]],[[[7.022,46.045],[7.025,46.044],[7.021,46.042],[7.022,46.045]]],[[[7.025,46.044],[7.033,46.049],[7.037,46.049],[7.036,46.044],[7.032,46.041],[7.026,46.042],[7.025,46.044]]],[[[6.896,46.049],[6.89,46.044],[6.88,46.044],[6.877,46.047],[6.873,46.047],[6.868,46.052],[6.872,46.055],[6.872,46.059],[6.876,46.061],[6.875,46.066],[6.883,46.072],[6.886,46.069],[6.889,46.073],[6.887,46.075],[6.888,46.082],[6.884,46.086],[6.884,46.097],[6.894,46.109],[6.893,46.124],[6.856,46.125],[6.853,46.128],[6.843,46.13],[6.84,46.132],[6.814,46.132],[6.808,46.136],[6.796,46.137],[6.798,46.14],[6.797,46.142],[6.808,46.143],[6.814,46.141],[6.821,46.141],[6.837,46.143],[6.842,46.142],[6.847,46.146],[6.856,46.146],[6.863,46.143],[6.876,46.143],[6.881,46.138],[6.885,46.137],[6.887,46.142],[6.892,46.145],[6.895,46.149],[6.889,46.151],[6.895,46.153],[6.896,46.158],[6.9,46.16],[6.901,46.163],[6.896,46.165],[6.908,46.165],[6.908,46.161],[6.904,46.16],[6.908,46.16],[6.912,46.163],[6.911,46.165],[6.909,46.165],[6.91,46.167],[6.908,46.169],[6.917,46.175],[6.923,46.176],[6.922,46.179],[6.924,46.18],[6.934,46.178],[6.937,46.181],[6.947,46.184],[6.95,46.181],[6.948,46.179],[6.95,46.176],[6.953,46.175],[6.956,46.176],[6.957,46.174],[6.949,46.172],[6.954,46.167],[6.956,46.166],[6.96,46.167],[6.962,46.165],[6.96,46.163],[6.952,46.161],[6.944,46.154],[6.937,46.152],[6.935,46.156],[6.938,46.158],[6.937,46.16],[6.937,46.158],[6.93,46.154],[6.933,46.152],[6.929,46.149],[6.94,46.149],[6.944,46.147],[6.946,46.145],[6.943,46.143],[6.942,46.14],[6.944,46.139],[6.947,46.141],[6.953,46.136],[6.96,46.136],[6.974,46.141],[6.985,46.134],[6.978,46.132],[6.974,46.129],[6.97,46.122],[6.954,46.121],[6.95,46.12],[6.946,46.116],[6.948,46.111],[6.967,46.11],[6.973,46.104],[6.97,46.101],[6.954,46.1],[6.951,46.097],[6.944,46.098],[6.945,46.093],[6.938,46.08],[6.925,46.078],[6.917,46.086],[6.915,46.09],[6.915,46.095],[6.91,46.1],[6.908,46.101],[6.902,46.098],[6.901,46.095],[6.905,46.091],[6.901,46.088],[6.913,46.082],[6.914,46.08],[6.912,46.078],[6.912,46.073],[6.915,46.071],[6.916,46.068],[6.922,46.069],[6.923,46.064],[6.919,46.064],[6.916,46.062],[6.913,46.057],[6.906,46.051],[6.896,46.049]],[[6.937,46.113],[6.944,46.113],[6.939,46.116],[6.946,46.12],[6.945,46.122],[6.944,46.123],[6.934,46.121],[6.932,46.113],[6.934,46.111],[6.937,46.113]]],[[[6.819,46.194],[6.814,46.191],[6.81,46.192],[6.807,46.194],[6.807,46.2],[6.814,46.204],[6.817,46.2],[6.821,46.198],[6.822,46.196],[6.82,46.194],[6.817,46.198],[6.815,46.196],[6.819,46.194]]]]},"properties":{"value":80,"fill":"#3296B4","zIndex":4},"id":"3"},{"type":"Feature","geometry":{"type":"MultiPolygon","coordinates":[[[[10.374,46.747],[10.369,46.747],[10.372,46.749],[10.371,46.75],[10.367,46.748],[10.36,46.752],[10.361,46.754],[10.368,46.752],[10.387,46.752],[10.384,46.749],[10.381,46.748],[10.377,46.749],[10.374,46.747]]],[[[10.355,46.752],[10.354,46.749],[10.354,46.752],[10.348,46.755],[10.354,46.761],[10.355,46.764],[10.358,46.764],[10.361,46.763],[10.358,46.761],[10.36,46.754],[10.355,46.752]]],[[[10.358,46.761],[10.364,46.761],[10.362,46.759],[10.358,46.761]]],[[[10.283,46.916],[10.278,46.915],[10.276,46.916],[10.276,46.918],[10.283,46.923],[10.296,46.922],[10.295,46.919],[10.288,46.92],[10.283,46.916]]],[[[10.273,46.882],[10.27,46.885],[10.276,46.889],[10.274,46.893],[10.28,46.897],[10.286,46.895],[10.286,46.893],[10.278,46.891],[10.277,46.884],[10.273,46.882]]],[[[10.255,46.858],[10.252,46.857],[10.249,46.86],[10.242,46.86],[10.243,46.863],[10.238,46.863],[10.239,46.868],[10.244,46.872],[10.243,46.873],[10.233,46.868],[10.232,46.874],[10.233,46.877],[10.237,46.877],[10.239,46.879],[10.24,46.885],[10.234,46.887],[10.231,46.89],[10.235,46.892],[10.233,46.899],[10.235,46.904],[10.24,46.903],[10.239,46.901],[10.241,46.9],[10.248,46.899],[10.25,46.896],[10.248,46.892],[10.244,46.89],[10.244,46.887],[10.247,46.885],[10.25,46.888],[10.26,46.888],[10.267,46.887],[10.268,46.885],[10.267,46.882],[10.27,46.88],[10.262,46.878],[10.26,46.88],[10.258,46.878],[10.259,46.876],[10.255,46.869],[10.256,46.868],[10.259,46.871],[10.262,46.869],[10.255,46.858]]],[[[10.159,46.842],[10.156,46.839],[10.153,46.841],[10.146,46.841],[10.142,46.845],[10.147,46.852],[10.153,46.852],[10.156,46.849],[10.16,46.85],[10.163,46.849],[10.158,46.847],[10.159,46.842]]],[[[10.163,46.849],[10.166,46.852],[10.173,46.852],[10.176,46.855],[10.175,46.858],[10.177,46.859],[10.18,46.858],[10.193,46.866],[10.213,46.866],[10.203,46.864],[10.2,46.859],[10.193,46.854],[10.186,46.853],[10.182,46.846],[10.179,46.844],[10.173,46.848],[10.17,46.847],[10.169,46.844],[10.166,46.842],[10.164,46.844],[10.163,46.849]]],[[[10.213,46.866],[10.213,46.869],[10.232,46.868],[10.226,46.863],[10.223,46.865],[10.216,46.864],[10.213,46.866]]],[[[10.116,46.828],[10.109,46.827],[10.104,46.832],[10.093,46.834],[10.09,46.836],[10.082,46.833],[10.084,46.831],[10.083,46.83],[10.073,46.827],[10.07,46.827],[10.068,46.831],[10.065,46.833],[10.06,46.831],[10.057,46.834],[10.054,46.834],[10.053,46.836],[10.058,46.84],[10.064,46.842],[10.059,46.845],[10.072,46.847],[10.047,46.858],[10.055,46.859],[10.059,46.858],[10.065,46.86],[10.062,46.862],[10.059,46.861],[10.057,46.863],[10.07,46.862],[10.066,46.86],[10.089,46.86],[10.089,46.857],[10.092,46.855],[10.092,46.853],[10.096,46.851],[10.095,46.848],[10.1,46.844],[10.107,46.84],[10.113,46.842],[10.117,46.84],[10.12,46.841],[10.121,46.839],[10.117,46.832],[10.119,46.83],[10.116,46.828]]],[[[10.06,46.8],[10.056,46.8],[10.05,46.804],[10.052,46.807],[10.049,46.809],[10.049,46.813],[10.044,46.816],[10.041,46.816],[10.04,46.814],[10.039,46.816],[10.033,46.818],[10.034,46.821],[10.045,46.822],[10.047,46.824],[10.05,46.824],[10.054,46.826],[10.051,46.829],[10.054,46.83],[10.06,46.828],[10.067,46.828],[10.068,46.824],[10.064,46.822],[10.063,46.819],[10.066,46.817],[10.064,46.815],[10.069,46.811],[10.066,46.809],[10.066,46.804],[10.06,46.8]]],[[[10.042,46.836],[10.031,46.835],[10.026,46.839],[10.032,46.841],[10.038,46.839],[10.041,46.841],[10.051,46.842],[10.054,46.84],[10.051,46.839],[10.048,46.84],[10.042,46.836]]],[[[10.041,46.778],[10.032,46.776],[10.026,46.78],[10.032,46.784],[10.031,46.787],[10.033,46.789],[10.029,46.787],[10.016,46.787],[10.014,46.789],[10.016,46.791],[10.021,46.791],[10.024,46.794],[10.029,46.795],[10.03,46.796],[10.026,46.798],[10.026,46.8],[10.029,46.803],[10.036,46.804],[10.043,46.802],[10.046,46.799],[10.047,46.793],[10.046,46.791],[10.039,46.794],[10.037,46.793],[10.04,46.791],[10.037,46.789],[10.041,46.782],[10.041,46.778]]],[[[9.956,46.687],[9.952,46.685],[9.949,46.688],[9.942,46.688],[9.94,46.69],[9.936,46.687],[9.933,46.688],[9.928,46.692],[9.93,46.694],[9.933,46.693],[9.936,46.694],[9.93,46.699],[9.933,46.702],[9.94,46.698],[9.946,46.7],[9.952,46.696],[9.952,46.691],[9.955,46.692],[9.954,46.694],[9.961,46.698],[9.962,46.701],[9.966,46.697],[9.969,46.7],[9.982,46.698],[9.992,46.7],[9.995,46.696],[9.996,46.698],[10.002,46.7],[10.005,46.703],[10.01,46.702],[10.01,46.699],[10.003,46.695],[9.995,46.695],[9.992,46.693],[9.988,46.693],[9.979,46.697],[9.975,46.696],[9.972,46.691],[9.969,46.692],[9.967,46.689],[9.959,46.692],[9.956,46.687]]],[[[10.0,46.396],[9.987,46.389],[9.987,46.395],[9.991,46.397],[9.994,46.394],[9.997,46.397],[10.0,46.396]]],[[[9.994,46.356],[9.982,46.355],[9.976,46.362],[9.966,46.365],[9.967,46.374],[9.973,46.379],[9.977,46.379],[9.975,46.369],[9.986,46.362],[9.988,46.362],[9.988,46.365],[9.994,46.365],[9.996,46.363],[9.995,46.36],[9.996,46.358],[9.994,46.356]]],[[[9.929,46.371],[9.924,46.37],[9.918,46.374],[9.915,46.373],[9.908,46.382],[9.91,46.387],[9.916,46.39],[9.919,46.387],[9.922,46.39],[9.929,46.389],[9.932,46.392],[9.94,46.391],[9.945,46.383],[9.947,46.384],[9.946,46.388],[9.948,46.392],[9.95,46.39],[9.953,46.39],[9.958,46.393],[9.964,46.391],[9.968,46.394],[9.973,46.39],[9.971,46.383],[9.967,46.38],[9.948,46.381],[9.945,46.379],[9.941,46.379],[9.929,46.371]]],[[[9.945,46.811],[9.935,46.815],[9.932,46.814],[9.93,46.816],[9.94,46.818],[9.934,46.823],[9.932,46.823],[9.931,46.825],[9.932,46.827],[9.939,46.824],[9.942,46.825],[9.945,46.821],[9.952,46.823],[9.953,46.822],[9.95,46.82],[9.96,46.815],[9.945,46.811]]],[[[9.892,46.378],[9.889,46.377],[9.883,46.381],[9.879,46.381],[9.882,46.378],[9.876,46.377],[9.868,46.381],[9.879,46.39],[9.878,46.392],[9.88,46.395],[9.883,46.395],[9.886,46.392],[9.89,46.397],[9.894,46.396],[9.901,46.391],[9.903,46.385],[9.9,46.38],[9.897,46.38],[9.897,46.385],[9.895,46.385],[9.895,46.382],[9.892,46.378]]],[[[9.78,46.339],[9.767,46.338],[9.758,46.345],[9.751,46.348],[9.745,46.352],[9.741,46.359],[9.745,46.362],[9.748,46.359],[9.752,46.359],[9.757,46.356],[9.765,46.356],[9.77,46.358],[9.769,46.356],[9.771,46.354],[9.772,46.356],[9.77,46.36],[9.771,46.365],[9.768,46.371],[9.772,46.371],[9.774,46.369],[9.778,46.37],[9.784,46.365],[9.788,46.364],[9.787,46.353],[9.789,46.356],[9.801,46.355],[9.803,46.357],[9.802,46.36],[9.807,46.366],[9.824,46.367],[9.827,46.365],[9.827,46.367],[9.817,46.372],[9.812,46.378],[9.813,46.38],[9.812,46.384],[9.821,46.387],[9.824,46.385],[9.84,46.381],[9.844,46.381],[9.846,46.384],[9.854,46.384],[9.866,46.38],[9.873,46.375],[9.878,46.374],[9.879,46.372],[9.872,46.364],[9.85,46.366],[9.843,46.363],[9.84,46.365],[9.838,46.363],[9.833,46.363],[9.823,46.354],[9.813,46.352],[9.801,46.346],[9.793,46.346],[9.78,46.339]]],[[[9.869,46.934],[9.865,46.933],[9.859,46.936],[9.855,46.935],[9.852,46.937],[9.856,46.942],[9.862,46.944],[9.865,46.941],[9.872,46.939],[9.869,46.937],[9.869,46.934]]],[[[9.715,46.339],[9.712,46.341],[9.711,46.344],[9.715,46.35],[9.714,46.355],[9.72,46.355],[9.716,46.348],[9.715,46.339]]],[[[9.714,46.296],[9.687,46.297],[9.678,46.305],[9.665,46.306],[9.662,46.3],[9.658,46.299],[9.655,46.307],[9.662,46.307],[9.663,46.309],[9.658,46.313],[9.669,46.318],[9.674,46.315],[9.672,46.313],[9.676,46.315],[9.673,46.317],[9.673,46.322],[9.679,46.323],[9.683,46.319],[9.68,46.313],[9.681,46.311],[9.688,46.312],[9.689,46.306],[9.691,46.304],[9.693,46.306],[9.694,46.311],[9.697,46.312],[9.698,46.314],[9.701,46.314],[9.703,46.312],[9.7,46.308],[9.701,46.306],[9.704,46.302],[9.707,46.302],[9.708,46.303],[9.705,46.308],[9.707,46.311],[9.711,46.309],[9.708,46.312],[9.714,46.318],[9.714,46.296]]],[[[9.643,46.289],[9.635,46.288],[9.625,46.29],[9.629,46.29],[9.633,46.298],[9.641,46.302],[9.642,46.305],[9.648,46.302],[9.646,46.3],[9.649,46.295],[9.648,46.291],[9.645,46.291],[9.643,46.289]]],[[[9.512,46.371],[9.492,46.367],[9.489,46.37],[9.479,46.37],[9.47,46.375],[9.466,46.375],[9.462,46.378],[9.466,46.386],[9.47,46.389],[9.47,46.391],[9.474,46.389],[9.472,46.384],[9.475,46.382],[9.475,46.377],[9.485,46.379],[9.49,46.384],[9.496,46.387],[9.499,46.386],[9.498,46.384],[9.501,46.381],[9.499,46.379],[9.506,46.382],[9.508,46.381],[9.501,46.375],[9.502,46.374],[9.51,46.379],[9.509,46.381],[9.511,46.386],[9.517,46.386],[9.522,46.383],[9.521,46.381],[9.525,46.382],[9.531,46.377],[9.537,46.381],[9.535,46.384],[9.538,46.384],[9.541,46.38],[9.543,46.383],[9.542,46.386],[9.535,46.389],[9.532,46.392],[9.533,46.397],[9.539,46.4],[9.543,46.399],[9.541,46.396],[9.548,46.398],[9.558,46.397],[9.559,46.406],[9.571,46.402],[9.578,46.402],[9.581,46.396],[9.578,46.391],[9.571,46.391],[9.565,46.389],[9.561,46.391],[9.555,46.388],[9.554,46.387],[9.562,46.387],[9.557,46.377],[9.561,46.378],[9.564,46.381],[9.574,46.384],[9.577,46.384],[9.579,46.382],[9.584,46.383],[9.587,46.381],[9.59,46.384],[9.595,46.382],[9.59,46.38],[9.589,46.377],[9.58,46.379],[9.565,46.373],[9.544,46.373],[9.541,46.371],[9.521,46.369],[9.512,46.371]]],[[[9.593,46.411],[9.585,46.404],[9.575,46.407],[9.571,46.403],[9.569,46.407],[9.578,46.413],[9.582,46.412],[9.584,46.414],[9.591,46.414],[9.593,46.413],[9.593,46.411]]],[[[9.479,46.393],[9.473,46.391],[9.467,46.392],[9.467,46.395],[9.47,46.398],[9.467,46.399],[9.468,46.408],[9.481,46.409],[9.479,46.404],[9.471,46.398],[9.474,46.397],[9.48,46.4],[9.481,46.397],[9.479,46.393]]],[[[9.359,46.899],[9.345,46.899],[9.336,46.904],[9.339,46.906],[9.352,46.9],[9.359,46.899]]],[[[9.132,46.853],[9.127,46.852],[9.126,46.855],[9.129,46.858],[9.127,46.859],[9.124,46.858],[9.122,46.86],[9.13,46.862],[9.132,46.867],[9.141,46.873],[9.146,46.878],[9.144,46.882],[9.154,46.884],[9.171,46.892],[9.173,46.888],[9.184,46.889],[9.187,46.888],[9.186,46.886],[9.19,46.885],[9.193,46.886],[9.188,46.888],[9.203,46.89],[9.2,46.896],[9.207,46.897],[9.214,46.897],[9.217,46.893],[9.215,46.89],[9.217,46.888],[9.22,46.889],[9.223,46.888],[9.22,46.886],[9.234,46.874],[9.234,46.872],[9.229,46.869],[9.219,46.869],[9.213,46.871],[9.209,46.87],[9.209,46.868],[9.203,46.865],[9.196,46.867],[9.193,46.864],[9.18,46.862],[9.173,46.863],[9.17,46.86],[9.167,46.862],[9.161,46.862],[9.157,46.86],[9.155,46.862],[9.145,46.864],[9.146,46.869],[9.149,46.871],[9.149,46.873],[9.147,46.873],[9.143,46.869],[9.142,46.864],[9.14,46.863],[9.14,46.861],[9.143,46.86],[9.141,46.855],[9.136,46.855],[9.134,46.857],[9.132,46.853]]],[[[9.223,46.888],[9.224,46.89],[9.22,46.895],[9.225,46.903],[9.224,46.905],[9.223,46.903],[9.217,46.901],[9.214,46.898],[9.212,46.899],[9.212,46.901],[9.217,46.906],[9.219,46.906],[9.214,46.908],[9.224,46.911],[9.231,46.91],[9.236,46.912],[9.232,46.915],[9.241,46.917],[9.243,46.921],[9.242,46.923],[9.245,46.926],[9.251,46.928],[9.251,46.933],[9.262,46.934],[9.261,46.936],[9.257,46.937],[9.258,46.94],[9.264,46.937],[9.272,46.936],[9.267,46.935],[9.264,46.932],[9.265,46.93],[9.263,46.928],[9.265,46.925],[9.264,46.923],[9.261,46.923],[9.269,46.918],[9.266,46.916],[9.27,46.916],[9.273,46.91],[9.29,46.911],[9.299,46.909],[9.306,46.911],[9.316,46.908],[9.321,46.909],[9.325,46.906],[9.335,46.904],[9.322,46.901],[9.315,46.902],[9.309,46.906],[9.293,46.905],[9.29,46.908],[9.281,46.905],[9.282,46.903],[9.276,46.895],[9.266,46.894],[9.264,46.896],[9.266,46.899],[9.27,46.899],[9.273,46.897],[9.275,46.898],[9.272,46.9],[9.275,46.905],[9.27,46.906],[9.266,46.901],[9.262,46.901],[9.264,46.887],[9.262,46.885],[9.271,46.885],[9.272,46.883],[9.287,46.88],[9.269,46.878],[9.256,46.882],[9.243,46.88],[9.233,46.888],[9.23,46.888],[9.232,46.883],[9.23,46.882],[9.223,46.888]]],[[[9.287,46.999],[9.283,46.998],[9.28,47.002],[9.282,47.01],[9.287,47.014],[9.289,47.013],[9.286,47.009],[9.285,47.001],[9.287,46.999]]],[[[9.258,46.997],[9.253,46.995],[9.25,46.997],[9.243,46.998],[9.245,47.002],[9.242,47.011],[9.241,47.013],[9.237,47.013],[9.234,47.018],[9.228,47.017],[9.221,47.019],[9.211,47.011],[9.208,47.012],[9.21,47.014],[9.211,47.029],[9.218,47.03],[9.221,47.033],[9.225,47.034],[9.223,47.038],[9.225,47.042],[9.242,47.043],[9.246,47.038],[9.255,47.036],[9.254,47.031],[9.251,47.029],[9.251,47.025],[9.249,47.022],[9.25,47.02],[9.257,47.017],[9.271,47.017],[9.278,47.02],[9.283,47.017],[9.283,47.015],[9.279,47.013],[9.278,47.008],[9.276,47.007],[9.255,47.004],[9.254,47.002],[9.258,47.0],[9.258,46.997]]],[[[9.201,47.037],[9.182,47.028],[9.178,47.03],[9.175,47.034],[9.174,47.032],[9.169,47.03],[9.168,47.033],[9.156,47.032],[9.155,47.033],[9.156,47.035],[9.168,47.039],[9.173,47.039],[9.175,47.036],[9.179,47.038],[9.189,47.039],[9.192,47.043],[9.195,47.044],[9.202,47.039],[9.201,47.037]]],[[[9.024,46.832],[9.028,46.834],[9.028,46.841],[9.03,46.843],[9.027,46.848],[9.029,46.85],[9.028,46.855],[9.008,46.862],[9.016,46.862],[9.019,46.864],[9.022,46.862],[9.032,46.862],[9.035,46.864],[9.037,46.861],[9.037,46.854],[9.045,46.855],[9.047,46.854],[9.048,46.851],[9.05,46.852],[9.048,46.857],[9.05,46.861],[9.049,46.865],[9.045,46.86],[9.042,46.86],[9.039,46.866],[9.036,46.868],[9.026,46.867],[9.023,46.868],[9.024,46.875],[9.019,46.876],[9.019,46.878],[9.026,46.878],[9.029,46.877],[9.032,46.873],[9.042,46.871],[9.046,46.871],[9.049,46.875],[9.054,46.874],[9.055,46.877],[9.059,46.878],[9.062,46.881],[9.069,46.882],[9.075,46.878],[9.079,46.878],[9.082,46.88],[9.092,46.877],[9.098,46.877],[9.101,46.874],[9.108,46.872],[9.111,46.868],[9.116,46.867],[9.108,46.864],[9.104,46.865],[9.107,46.86],[9.114,46.857],[9.121,46.857],[9.122,46.855],[9.111,46.851],[9.107,46.851],[9.104,46.855],[9.078,46.865],[9.077,46.863],[9.085,46.859],[9.085,46.856],[9.081,46.853],[9.075,46.859],[9.073,46.858],[9.077,46.852],[9.074,46.851],[9.07,46.843],[9.071,46.84],[9.074,46.84],[9.082,46.836],[9.081,46.831],[9.071,46.833],[9.067,46.831],[9.058,46.835],[9.051,46.834],[9.046,46.827],[9.034,46.824],[9.025,46.828],[9.024,46.832]],[[9.028,46.834],[9.031,46.833],[9.033,46.834],[9.031,46.836],[9.028,46.834]]],[[[9.077,46.915],[9.075,46.915],[9.076,46.919],[9.087,46.923],[9.089,46.926],[9.093,46.922],[9.096,46.924],[9.096,46.92],[9.086,46.92],[9.077,46.917],[9.077,46.915]]],[[[9.09,46.48],[9.083,46.474],[9.079,46.476],[9.078,46.48],[9.074,46.483],[9.083,46.487],[9.086,46.485],[9.09,46.48]]],[[[9.057,46.483],[9.051,46.483],[9.05,46.489],[9.054,46.493],[9.064,46.489],[9.067,46.491],[9.073,46.49],[9.075,46.485],[9.067,46.481],[9.06,46.481],[9.057,46.483]],[[9.057,46.483],[9.057,46.486],[9.056,46.485],[9.057,46.483]]],[[[9.044,46.501],[9.038,46.494],[9.034,46.496],[9.032,46.501],[9.028,46.504],[9.034,46.506],[9.035,46.508],[9.041,46.507],[9.044,46.501]]],[[[8.977,46.988],[8.968,46.988],[8.967,46.992],[8.983,46.995],[8.984,46.997],[8.98,47.0],[8.974,47.0],[8.973,47.002],[8.977,47.002],[8.98,47.005],[8.988,47.008],[8.99,47.01],[8.987,47.013],[9.0,47.014],[9.002,47.012],[9.007,47.011],[9.017,47.013],[9.018,47.012],[9.018,47.01],[9.011,47.008],[9.007,47.004],[9.0,47.004],[9.0,46.998],[8.997,46.998],[8.993,46.995],[8.988,46.995],[8.983,46.99],[8.977,46.988]]],[[[8.968,46.8],[8.956,46.799],[8.957,46.804],[8.955,46.806],[8.95,46.806],[8.955,46.807],[8.959,46.81],[8.959,46.813],[8.965,46.816],[8.972,46.817],[8.978,46.821],[8.981,46.821],[8.982,46.823],[8.984,46.819],[8.992,46.817],[8.992,46.815],[8.995,46.813],[9.004,46.814],[9.007,46.812],[8.998,46.812],[8.991,46.809],[8.986,46.81],[8.988,46.812],[8.991,46.812],[8.988,46.813],[8.981,46.81],[8.975,46.811],[8.973,46.81],[8.975,46.808],[8.972,46.806],[8.968,46.807],[8.967,46.806],[8.97,46.804],[8.968,46.8]]],[[[8.995,46.826],[8.985,46.824],[8.984,46.828],[8.979,46.833],[8.978,46.835],[8.981,46.837],[8.978,46.844],[8.979,46.847],[8.981,46.844],[8.992,46.844],[8.995,46.842],[8.989,46.84],[8.984,46.835],[8.985,46.834],[8.995,46.838],[8.999,46.837],[8.995,46.831],[8.997,46.828],[8.995,46.826]]],[[[8.981,46.788],[8.971,46.787],[8.968,46.788],[8.968,46.792],[8.971,46.795],[8.988,46.796],[8.989,46.794],[8.981,46.788]]],[[[8.983,46.628],[8.97,46.629],[8.968,46.63],[8.968,46.633],[8.972,46.635],[8.973,46.638],[8.977,46.637],[8.975,46.635],[8.976,46.634],[8.986,46.63],[8.983,46.628]]],[[[8.966,46.606],[8.955,46.601],[8.954,46.604],[8.949,46.606],[8.956,46.61],[8.966,46.61],[8.969,46.612],[8.981,46.608],[8.972,46.605],[8.966,46.606]]],[[[8.881,46.973],[8.878,46.979],[8.876,46.98],[8.878,46.982],[8.879,46.987],[8.876,46.994],[8.886,46.998],[8.885,47.0],[8.888,47.006],[8.892,47.004],[8.902,47.004],[8.909,47.007],[8.911,47.002],[8.915,47.001],[8.918,46.998],[8.921,46.999],[8.925,46.998],[8.926,46.995],[8.928,46.995],[8.928,46.992],[8.926,46.991],[8.927,46.988],[8.931,46.988],[8.929,46.984],[8.918,46.978],[8.913,46.973],[8.919,46.969],[8.917,46.966],[8.912,46.964],[8.914,46.962],[8.917,46.961],[8.92,46.966],[8.924,46.968],[8.924,46.971],[8.928,46.975],[8.933,46.977],[8.934,46.982],[8.937,46.979],[8.943,46.977],[8.94,46.975],[8.947,46.97],[8.943,46.97],[8.94,46.968],[8.942,46.966],[8.94,46.965],[8.937,46.966],[8.94,46.961],[8.941,46.964],[8.95,46.969],[8.956,46.965],[8.966,46.963],[8.968,46.961],[8.963,46.957],[8.956,46.948],[8.956,46.946],[8.954,46.946],[8.953,46.937],[8.956,46.934],[8.95,46.934],[8.947,46.937],[8.949,46.941],[8.943,46.945],[8.939,46.939],[8.933,46.935],[8.916,46.934],[8.913,46.937],[8.903,46.932],[8.897,46.935],[8.906,46.937],[8.911,46.942],[8.887,46.94],[8.885,46.942],[8.887,46.944],[8.891,46.944],[8.893,46.947],[8.898,46.949],[8.896,46.951],[8.88,46.951],[8.876,46.953],[8.876,46.958],[8.897,46.964],[8.902,46.966],[8.904,46.969],[8.903,46.971],[8.897,46.973],[8.881,46.973]],[[8.94,46.975],[8.937,46.976],[8.932,46.973],[8.934,46.972],[8.94,46.975]]],[[[8.874,46.974],[8.881,46.973],[8.875,46.971],[8.874,46.974]]],[[[8.934,46.982],[8.94,46.983],[8.944,46.982],[8.95,46.975],[8.953,46.978],[8.958,46.975],[8.953,46.973],[8.943,46.974],[8.941,46.975],[8.944,46.976],[8.944,46.978],[8.94,46.981],[8.937,46.98],[8.934,46.982]]],[[[8.936,46.923],[8.916,46.915],[8.912,46.916],[8.922,46.921],[8.922,46.924],[8.936,46.929],[8.939,46.933],[8.942,46.934],[8.942,46.937],[8.946,46.936],[8.948,46.934],[8.946,46.932],[8.952,46.928],[8.942,46.925],[8.938,46.926],[8.936,46.923]]],[[[8.821,46.752],[8.819,46.75],[8.816,46.754],[8.811,46.754],[8.813,46.756],[8.816,46.756],[8.82,46.76],[8.816,46.762],[8.814,46.77],[8.816,46.774],[8.813,46.776],[8.817,46.781],[8.817,46.785],[8.815,46.788],[8.818,46.792],[8.816,46.794],[8.821,46.796],[8.823,46.799],[8.822,46.803],[8.818,46.806],[8.821,46.808],[8.837,46.811],[8.839,46.812],[8.839,46.814],[8.831,46.822],[8.821,46.822],[8.813,46.817],[8.811,46.817],[8.808,46.82],[8.802,46.819],[8.8,46.815],[8.792,46.81],[8.782,46.809],[8.773,46.813],[8.79,46.819],[8.791,46.822],[8.789,46.826],[8.798,46.829],[8.802,46.828],[8.803,46.831],[8.806,46.833],[8.801,46.835],[8.798,46.84],[8.8,46.842],[8.815,46.845],[8.822,46.85],[8.829,46.851],[8.83,46.853],[8.833,46.853],[8.835,46.851],[8.838,46.854],[8.842,46.851],[8.842,46.847],[8.838,46.841],[8.845,46.845],[8.846,46.848],[8.845,46.853],[8.841,46.855],[8.843,46.857],[8.84,46.862],[8.849,46.863],[8.852,46.866],[8.858,46.868],[8.862,46.868],[8.859,46.864],[8.859,46.861],[8.861,46.857],[8.865,46.856],[8.867,46.857],[8.865,46.857],[8.864,46.861],[8.865,46.863],[8.868,46.864],[8.875,46.862],[8.885,46.863],[8.891,46.86],[8.895,46.861],[8.893,46.863],[8.894,46.864],[8.901,46.865],[8.904,46.86],[8.908,46.862],[8.912,46.867],[8.914,46.874],[8.918,46.875],[8.921,46.87],[8.928,46.867],[8.916,46.861],[8.917,46.86],[8.93,46.861],[8.933,46.863],[8.94,46.862],[8.941,46.86],[8.938,46.856],[8.943,46.853],[8.93,46.852],[8.924,46.849],[8.917,46.85],[8.914,46.848],[8.907,46.849],[8.907,46.847],[8.903,46.843],[8.897,46.841],[8.902,46.838],[8.899,46.829],[8.9,46.828],[8.91,46.83],[8.913,46.829],[8.923,46.833],[8.93,46.833],[8.931,46.829],[8.934,46.827],[8.93,46.822],[8.928,46.822],[8.928,46.827],[8.926,46.829],[8.918,46.825],[8.915,46.82],[8.916,46.818],[8.923,46.822],[8.926,46.82],[8.925,46.818],[8.929,46.812],[8.932,46.811],[8.931,46.809],[8.932,46.808],[8.939,46.809],[8.942,46.812],[8.946,46.811],[8.948,46.808],[8.945,46.806],[8.949,46.804],[8.945,46.802],[8.942,46.803],[8.939,46.801],[8.935,46.797],[8.939,46.795],[8.938,46.793],[8.935,46.791],[8.932,46.795],[8.922,46.791],[8.919,46.788],[8.915,46.789],[8.913,46.791],[8.914,46.793],[8.911,46.798],[8.914,46.8],[8.912,46.801],[8.909,46.801],[8.906,46.796],[8.902,46.795],[8.899,46.798],[8.904,46.8],[8.899,46.803],[8.906,46.804],[8.909,46.803],[8.914,46.807],[8.913,46.81],[8.903,46.811],[8.9,46.813],[8.898,46.811],[8.907,46.807],[8.906,46.805],[8.899,46.805],[8.887,46.812],[8.881,46.809],[8.886,46.805],[8.884,46.8],[8.876,46.798],[8.872,46.803],[8.873,46.807],[8.869,46.805],[8.867,46.802],[8.861,46.801],[8.861,46.798],[8.866,46.796],[8.863,46.796],[8.861,46.792],[8.87,46.785],[8.869,46.783],[8.857,46.785],[8.858,46.787],[8.857,46.789],[8.859,46.792],[8.855,46.794],[8.856,46.796],[8.853,46.798],[8.85,46.798],[8.85,46.796],[8.853,46.792],[8.853,46.788],[8.85,46.788],[8.847,46.793],[8.845,46.792],[8.845,46.787],[8.837,46.784],[8.833,46.785],[8.832,46.787],[8.835,46.79],[8.834,46.795],[8.83,46.792],[8.8241886792,46.7898867925],[8.829,46.787],[8.83,46.778],[8.839,46.772],[8.836,46.769],[8.85,46.765],[8.844,46.763],[8.836,46.755],[8.833,46.757],[8.831,46.756],[8.833,46.753],[8.821,46.752]],[[8.83,46.778],[8.825,46.776],[8.827,46.775],[8.83,46.778]],[[8.8235294118,46.7896470588],[8.819,46.788],[8.82,46.787],[8.8235294118,46.7896470588]]],[[[8.941,46.779],[8.938,46.778],[8.935,46.781],[8.924,46.784],[8.925,46.786],[8.928,46.787],[8.932,46.787],[8.935,46.785],[8.937,46.786],[8.938,46.79],[8.945,46.79],[8.947,46.788],[8.942,46.784],[8.941,46.779]]],[[[8.917,46.6],[8.913,46.598],[8.912,46.6],[8.891,46.612],[8.888,46.61],[8.881,46.612],[8.881,46.623],[8.885,46.625],[8.888,46.623],[8.891,46.626],[8.895,46.623],[8.898,46.628],[8.901,46.625],[8.904,46.625],[8.906,46.627],[8.905,46.631],[8.921,46.638],[8.925,46.633],[8.924,46.63],[8.927,46.63],[8.933,46.624],[8.931,46.622],[8.921,46.623],[8.911,46.612],[8.905,46.611],[8.909,46.609],[8.91,46.606],[8.913,46.604],[8.917,46.603],[8.917,46.6]]],[[[8.893,46.933],[8.896,46.935],[8.9,46.933],[8.893,46.933]]],[[[8.873,46.897],[8.866,46.902],[8.863,46.901],[8.863,46.904],[8.866,46.905],[8.873,46.903],[8.876,46.905],[8.883,46.904],[8.882,46.899],[8.876,46.899],[8.873,46.897]]],[[[8.867,46.573],[8.864,46.578],[8.864,46.583],[8.871,46.585],[8.88,46.582],[8.88,46.58],[8.877,46.578],[8.874,46.579],[8.868,46.576],[8.867,46.573]]],[[[8.867,46.573],[8.862,46.573],[8.864,46.575],[8.867,46.573]]],[[[8.856,46.879],[8.842,46.881],[8.844,46.884],[8.84,46.886],[8.843,46.888],[8.849,46.888],[8.854,46.886],[8.858,46.891],[8.869,46.896],[8.87,46.886],[8.856,46.879]]],[[[8.77,46.727],[8.771,46.73],[8.77,46.732],[8.763,46.732],[8.763,46.735],[8.768,46.739],[8.767,46.743],[8.762,46.746],[8.767,46.748],[8.764,46.752],[8.767,46.754],[8.767,46.758],[8.777,46.755],[8.78,46.75],[8.787,46.751],[8.789,46.745],[8.793,46.743],[8.796,46.745],[8.793,46.747],[8.793,46.751],[8.8,46.755],[8.802,46.754],[8.801,46.75],[8.803,46.747],[8.806,46.747],[8.808,46.749],[8.808,46.752],[8.81,46.753],[8.812,46.749],[8.816,46.749],[8.819,46.746],[8.823,46.749],[8.833,46.749],[8.84,46.751],[8.843,46.754],[8.859,46.756],[8.849,46.751],[8.844,46.747],[8.844,46.745],[8.841,46.742],[8.835,46.739],[8.835,46.734],[8.823,46.736],[8.819,46.735],[8.816,46.739],[8.813,46.738],[8.812,46.733],[8.809,46.738],[8.799,46.729],[8.793,46.729],[8.789,46.726],[8.786,46.728],[8.786,46.726],[8.789,46.723],[8.795,46.72],[8.789,46.718],[8.789,46.716],[8.786,46.717],[8.784,46.721],[8.779,46.719],[8.777,46.721],[8.765,46.723],[8.77,46.727]]],[[[8.78,46.608],[8.777,46.611],[8.77,46.611],[8.77,46.613],[8.775,46.617],[8.777,46.623],[8.78,46.62],[8.794,46.619],[8.786,46.617],[8.785,46.615],[8.788,46.613],[8.78,46.608]]],[[[8.77,46.599],[8.763,46.6],[8.763,46.604],[8.767,46.603],[8.78,46.606],[8.784,46.604],[8.783,46.601],[8.77,46.599]]],[[[8.753,46.579],[8.751,46.581],[8.753,46.583],[8.763,46.583],[8.767,46.581],[8.767,46.579],[8.763,46.577],[8.76,46.577],[8.759,46.579],[8.756,46.58],[8.753,46.579]]],[[[8.753,46.579],[8.759,46.575],[8.756,46.573],[8.747,46.575],[8.748,46.577],[8.753,46.579]]],[[[8.76,46.561],[8.746,46.555],[8.74,46.558],[8.73,46.557],[8.726,46.558],[8.721,46.562],[8.727,46.565],[8.736,46.565],[8.76,46.561]]],[[[8.72,46.574],[8.707,46.572],[8.704,46.577],[8.711,46.58],[8.717,46.588],[8.724,46.586],[8.722,46.584],[8.73,46.581],[8.734,46.583],[8.737,46.581],[8.747,46.591],[8.747,46.59],[8.75,46.588],[8.752,46.584],[8.746,46.582],[8.748,46.579],[8.743,46.574],[8.737,46.576],[8.733,46.575],[8.724,46.577],[8.72,46.574]]],[[[8.724,46.586],[8.727,46.59],[8.731,46.586],[8.727,46.584],[8.724,46.586]]],[[[8.748,46.703],[8.746,46.702],[8.743,46.703],[8.746,46.705],[8.746,46.707],[8.743,46.709],[8.741,46.708],[8.741,46.705],[8.739,46.705],[8.739,46.708],[8.734,46.71],[8.733,46.713],[8.74,46.719],[8.745,46.719],[8.746,46.716],[8.743,46.714],[8.747,46.714],[8.748,46.712],[8.748,46.703]]],[[[8.738,46.431],[8.736,46.428],[8.73,46.43],[8.723,46.433],[8.72,46.436],[8.724,46.438],[8.731,46.438],[8.733,46.433],[8.738,46.431]]],[[[8.709,46.564],[8.704,46.561],[8.697,46.563],[8.695,46.564],[8.694,46.567],[8.691,46.566],[8.686,46.571],[8.688,46.573],[8.701,46.577],[8.703,46.575],[8.7,46.571],[8.709,46.564]]],[[[8.616,46.558],[8.608,46.558],[8.603,46.56],[8.601,46.563],[8.609,46.564],[8.616,46.562],[8.622,46.565],[8.619,46.569],[8.621,46.574],[8.619,46.575],[8.616,46.571],[8.609,46.574],[8.602,46.574],[8.6,46.576],[8.593,46.571],[8.59,46.571],[8.578,46.581],[8.584,46.584],[8.587,46.58],[8.59,46.583],[8.597,46.582],[8.6,46.585],[8.606,46.582],[8.607,46.583],[8.608,46.585],[8.599,46.592],[8.604,46.594],[8.606,46.597],[8.604,46.599],[8.607,46.601],[8.61,46.599],[8.613,46.601],[8.607,46.603],[8.603,46.599],[8.597,46.598],[8.591,46.601],[8.592,46.603],[8.591,46.606],[8.601,46.606],[8.604,46.604],[8.607,46.607],[8.61,46.607],[8.613,46.605],[8.614,46.601],[8.62,46.599],[8.622,46.596],[8.62,46.594],[8.623,46.595],[8.624,46.592],[8.628,46.59],[8.625,46.587],[8.626,46.585],[8.629,46.587],[8.633,46.587],[8.645,46.585],[8.6426923077,46.5742307692],[8.648,46.576],[8.649,46.581],[8.654,46.585],[8.654,46.587],[8.659,46.59],[8.662,46.59],[8.675,46.587],[8.685,46.597],[8.688,46.594],[8.695,46.598],[8.704,46.589],[8.706,46.589],[8.701,46.584],[8.705,46.584],[8.708,46.587],[8.709,46.584],[8.709,46.582],[8.694,46.576],[8.693,46.578],[8.694,46.58],[8.688,46.583],[8.681,46.581],[8.672,46.582],[8.658,46.574],[8.655,46.575],[8.654,46.571],[8.652,46.57],[8.648,46.57],[8.642,46.567],[8.639,46.569],[8.625,46.562],[8.622,46.562],[8.621,46.56],[8.616,46.558]],[[8.62,46.594],[8.616,46.595],[8.613,46.598],[8.609,46.594],[8.62,46.592],[8.62,46.594]]],[[[8.7,46.701],[8.697,46.704],[8.694,46.699],[8.692,46.704],[8.695,46.708],[8.704,46.712],[8.707,46.708],[8.701,46.706],[8.703,46.703],[8.7,46.699],[8.7,46.701]]],[[[8.697,46.692],[8.693,46.692],[8.692,46.695],[8.686,46.695],[8.688,46.692],[8.683,46.692],[8.679,46.697],[8.678,46.701],[8.681,46.702],[8.684,46.699],[8.697,46.697],[8.697,46.692]]],[[[8.609,46.464],[8.604,46.464],[8.597,46.47],[8.58,46.471],[8.588,46.472],[8.591,46.474],[8.594,46.471],[8.611,46.471],[8.612,46.468],[8.609,46.464]]],[[[8.456,46.744],[8.443,46.739],[8.442,46.74],[8.44,46.745],[8.436,46.738],[8.424,46.744],[8.423,46.748],[8.423,46.744],[8.42,46.743],[8.408,46.747],[8.417,46.749],[8.41,46.754],[8.42,46.759],[8.424,46.757],[8.427,46.767],[8.434,46.768],[8.439,46.771],[8.444,46.779],[8.451,46.778],[8.451,46.78],[8.453,46.781],[8.46,46.779],[8.463,46.78],[8.47,46.776],[8.471,46.778],[8.48,46.781],[8.486,46.779],[8.486,46.785],[8.493,46.786],[8.496,46.785],[8.498,46.787],[8.503,46.786],[8.509,46.788],[8.51,46.793],[8.514,46.795],[8.512,46.798],[8.526,46.797],[8.532,46.801],[8.536,46.801],[8.545,46.795],[8.562,46.795],[8.561,46.79],[8.565,46.79],[8.568,46.788],[8.572,46.79],[8.581,46.788],[8.575,46.787],[8.568,46.782],[8.561,46.784],[8.558,46.782],[8.552,46.783],[8.548,46.782],[8.543,46.775],[8.543,46.77],[8.547,46.768],[8.542,46.766],[8.545,46.759],[8.538,46.758],[8.535,46.761],[8.535,46.764],[8.529,46.769],[8.522,46.765],[8.52,46.773],[8.517,46.773],[8.512,46.77],[8.505,46.771],[8.507,46.773],[8.506,46.777],[8.499,46.775],[8.501,46.771],[8.493,46.768],[8.491,46.769],[8.494,46.773],[8.489,46.774],[8.485,46.769],[8.49,46.764],[8.489,46.763],[8.483,46.763],[8.472,46.767],[8.476,46.762],[8.469,46.759],[8.462,46.762],[8.466,46.76],[8.456,46.756],[8.456,46.76],[8.448,46.762],[8.45,46.764],[8.456,46.763],[8.459,46.764],[8.46,46.768],[8.453,46.767],[8.446,46.762],[8.455,46.755],[8.453,46.753],[8.458,46.749],[8.454,46.746],[8.456,46.744]]],[[[8.473,46.446],[8.47,46.442],[8.463,46.447],[8.463,46.454],[8.47,46.458],[8.48,46.459],[8.483,46.458],[8.481,46.461],[8.481,46.465],[8.483,46.467],[8.493,46.467],[8.495,46.469],[8.491,46.472],[8.49,46.476],[8.493,46.48],[8.503,46.474],[8.499,46.472],[8.5,46.471],[8.51,46.478],[8.513,46.477],[8.523,46.48],[8.526,46.474],[8.539,46.479],[8.545,46.478],[8.548,46.476],[8.545,46.473],[8.549,46.468],[8.558,46.477],[8.562,46.476],[8.565,46.473],[8.558,46.468],[8.548,46.465],[8.536,46.467],[8.529,46.471],[8.519,46.466],[8.509,46.468],[8.504,46.465],[8.503,46.462],[8.5,46.466],[8.496,46.467],[8.491,46.463],[8.492,46.458],[8.491,46.456],[8.501,46.451],[8.483,46.446],[8.476,46.447],[8.473,46.446]]],[[[8.565,46.473],[8.576,46.478],[8.576,46.475],[8.578,46.473],[8.565,46.473]]],[[[8.556,46.446],[8.549,46.446],[8.551,46.449],[8.543,46.453],[8.547,46.455],[8.549,46.458],[8.558,46.459],[8.561,46.461],[8.57,46.46],[8.571,46.457],[8.561,46.456],[8.554,46.453],[8.553,46.451],[8.556,46.446]]],[[[8.529,46.806],[8.526,46.798],[8.522,46.802],[8.517,46.804],[8.52,46.807],[8.519,46.813],[8.525,46.815],[8.524,46.818],[8.546,46.821],[8.556,46.825],[8.562,46.824],[8.553,46.819],[8.546,46.819],[8.539,46.815],[8.536,46.81],[8.529,46.806]]],[[[8.562,46.824],[8.566,46.826],[8.566,46.823],[8.562,46.824]]],[[[8.419,46.495],[8.417,46.497],[8.415,46.502],[8.417,46.504],[8.416,46.506],[8.419,46.508],[8.422,46.505],[8.429,46.506],[8.439,46.503],[8.441,46.508],[8.438,46.513],[8.446,46.517],[8.442,46.52],[8.45,46.526],[8.449,46.528],[8.445,46.528],[8.446,46.531],[8.449,46.532],[8.454,46.528],[8.458,46.53],[8.453,46.533],[8.442,46.533],[8.439,46.535],[8.435,46.535],[8.44,46.537],[8.436,46.538],[8.433,46.542],[8.429,46.541],[8.427,46.542],[8.426,46.545],[8.423,46.546],[8.42,46.543],[8.413,46.543],[8.413,46.539],[8.41,46.537],[8.403,46.538],[8.403,46.54],[8.407,46.542],[8.41,46.547],[8.402,46.551],[8.404,46.554],[8.399,46.553],[8.397,46.554],[8.396,46.563],[8.401,46.565],[8.407,46.561],[8.417,46.558],[8.42,46.56],[8.415,46.569],[8.417,46.575],[8.424,46.574],[8.427,46.575],[8.43,46.572],[8.434,46.573],[8.434,46.576],[8.437,46.579],[8.443,46.578],[8.443,46.58],[8.446,46.581],[8.456,46.581],[8.459,46.579],[8.47,46.578],[8.473,46.575],[8.466,46.572],[8.459,46.571],[8.456,46.572],[8.456,46.569],[8.452,46.567],[8.451,46.564],[8.437,46.558],[8.439,46.552],[8.446,46.556],[8.456,46.556],[8.472,46.56],[8.475,46.562],[8.482,46.561],[8.489,46.563],[8.495,46.552],[8.482,46.551],[8.486,46.548],[8.485,46.546],[8.491,46.547],[8.501,46.543],[8.515,46.55],[8.517,46.555],[8.509,46.561],[8.511,46.566],[8.518,46.572],[8.524,46.57],[8.524,46.573],[8.527,46.573],[8.525,46.57],[8.527,46.568],[8.521,46.566],[8.519,46.561],[8.519,46.557],[8.524,46.549],[8.531,46.556],[8.534,46.554],[8.538,46.557],[8.538,46.559],[8.544,46.561],[8.548,46.559],[8.54,46.551],[8.54,46.549],[8.547,46.555],[8.554,46.554],[8.556,46.552],[8.555,46.543],[8.553,46.542],[8.55,46.544],[8.537,46.545],[8.534,46.54],[8.521,46.539],[8.511,46.541],[8.498,46.535],[8.489,46.535],[8.481,46.533],[8.481,46.526],[8.478,46.514],[8.471,46.515],[8.468,46.52],[8.468,46.51],[8.455,46.51],[8.451,46.506],[8.452,46.501],[8.438,46.498],[8.432,46.501],[8.429,46.498],[8.421,46.497],[8.419,46.495]]],[[[8.419,46.495],[8.416,46.493],[8.413,46.495],[8.416,46.497],[8.419,46.495]]],[[[8.489,46.838],[8.481,46.83],[8.474,46.831],[8.462,46.836],[8.471,46.842],[8.478,46.849],[8.473,46.852],[8.481,46.858],[8.485,46.856],[8.481,46.862],[8.475,46.857],[8.471,46.856],[8.465,46.86],[8.462,46.858],[8.438,46.859],[8.442,46.862],[8.461,46.863],[8.461,46.866],[8.465,46.869],[8.468,46.868],[8.466,46.863],[8.468,46.862],[8.472,46.865],[8.474,46.868],[8.473,46.87],[8.478,46.875],[8.484,46.872],[8.48,46.87],[8.488,46.871],[8.491,46.867],[8.494,46.868],[8.496,46.861],[8.498,46.859],[8.504,46.861],[8.506,46.858],[8.517,46.856],[8.52,46.858],[8.517,46.861],[8.524,46.86],[8.53,46.855],[8.534,46.854],[8.538,46.856],[8.539,46.858],[8.532,46.863],[8.536,46.865],[8.537,46.868],[8.54,46.869],[8.544,46.869],[8.545,46.867],[8.542,46.865],[8.544,46.863],[8.551,46.862],[8.553,46.865],[8.555,46.862],[8.552,46.858],[8.554,46.853],[8.54,46.843],[8.53,46.843],[8.524,46.846],[8.52,46.846],[8.517,46.849],[8.507,46.848],[8.501,46.841],[8.494,46.841],[8.489,46.838]],[[8.517,46.856],[8.517,46.853],[8.518,46.854],[8.517,46.856]]],[[[8.555,46.437],[8.548,46.432],[8.545,46.435],[8.536,46.438],[8.542,46.443],[8.545,46.441],[8.548,46.442],[8.555,46.44],[8.555,46.437]]],[[[8.351,46.716],[8.354,46.718],[8.356,46.716],[8.351,46.716]]],[[[8.354,46.718],[8.354,46.721],[8.358,46.723],[8.358,46.725],[8.362,46.725],[8.367,46.722],[8.371,46.723],[8.374,46.719],[8.374,46.722],[8.378,46.725],[8.388,46.725],[8.389,46.722],[8.391,46.722],[8.391,46.724],[8.394,46.725],[8.404,46.724],[8.407,46.726],[8.409,46.722],[8.407,46.717],[8.4,46.713],[8.399,46.709],[8.4,46.708],[8.403,46.711],[8.41,46.712],[8.413,46.711],[8.416,46.716],[8.422,46.717],[8.426,46.723],[8.43,46.723],[8.432,46.72],[8.427,46.717],[8.432,46.713],[8.436,46.717],[8.44,46.715],[8.442,46.711],[8.444,46.711],[8.444,46.708],[8.446,46.707],[8.447,46.711],[8.441,46.724],[8.44,46.731],[8.443,46.737],[8.446,46.736],[8.449,46.739],[8.452,46.737],[8.456,46.724],[8.459,46.723],[8.46,46.731],[8.464,46.731],[8.469,46.722],[8.472,46.723],[8.473,46.728],[8.471,46.731],[8.467,46.733],[8.468,46.735],[8.472,46.739],[8.479,46.739],[8.494,46.733],[8.491,46.73],[8.495,46.732],[8.498,46.73],[8.505,46.731],[8.515,46.725],[8.521,46.724],[8.521,46.714],[8.519,46.71],[8.521,46.709],[8.527,46.712],[8.532,46.707],[8.543,46.701],[8.544,46.698],[8.539,46.694],[8.54,46.687],[8.533,46.686],[8.53,46.684],[8.517,46.693],[8.515,46.692],[8.514,46.688],[8.511,46.689],[8.508,46.692],[8.51,46.694],[8.501,46.698],[8.499,46.697],[8.499,46.694],[8.494,46.694],[8.481,46.702],[8.48,46.699],[8.482,46.697],[8.482,46.694],[8.48,46.694],[8.475,46.699],[8.474,46.697],[8.478,46.692],[8.481,46.691],[8.485,46.693],[8.486,46.688],[8.489,46.685],[8.491,46.685],[8.492,46.679],[8.495,46.676],[8.492,46.674],[8.491,46.669],[8.487,46.669],[8.487,46.667],[8.481,46.665],[8.48,46.67],[8.478,46.671],[8.475,46.67],[8.474,46.665],[8.471,46.665],[8.47,46.668],[8.468,46.669],[8.458,46.668],[8.442,46.675],[8.438,46.674],[8.436,46.677],[8.425,46.682],[8.429,46.677],[8.422,46.675],[8.427,46.67],[8.427,46.668],[8.44,46.661],[8.445,46.654],[8.448,46.655],[8.454,46.65],[8.448,46.648],[8.448,46.645],[8.446,46.643],[8.447,46.641],[8.445,46.639],[8.449,46.636],[8.448,46.634],[8.457,46.632],[8.464,46.633],[8.47,46.638],[8.474,46.634],[8.48,46.632],[8.483,46.637],[8.489,46.634],[8.489,46.631],[8.492,46.627],[8.49,46.624],[8.483,46.621],[8.48,46.621],[8.477,46.624],[8.47,46.626],[8.46,46.622],[8.457,46.623],[8.452,46.618],[8.454,46.616],[8.457,46.616],[8.46,46.612],[8.465,46.609],[8.46,46.608],[8.457,46.609],[8.45,46.603],[8.445,46.596],[8.44,46.594],[8.437,46.594],[8.435,46.596],[8.434,46.6],[8.429,46.598],[8.427,46.594],[8.428,46.591],[8.424,46.585],[8.425,46.583],[8.42,46.578],[8.417,46.581],[8.405,46.58],[8.404,46.583],[8.399,46.585],[8.397,46.589],[8.398,46.592],[8.391,46.596],[8.388,46.594],[8.391,46.59],[8.391,46.587],[8.388,46.583],[8.385,46.582],[8.384,46.585],[8.38,46.587],[8.381,46.59],[8.375,46.591],[8.373,46.59],[8.372,46.587],[8.374,46.585],[8.365,46.584],[8.362,46.578],[8.358,46.578],[8.357,46.588],[8.352,46.59],[8.349,46.594],[8.349,46.601],[8.343,46.603],[8.348,46.606],[8.343,46.608],[8.342,46.61],[8.353,46.612],[8.351,46.617],[8.356,46.617],[8.353,46.619],[8.356,46.621],[8.356,46.625],[8.351,46.626],[8.353,46.628],[8.353,46.631],[8.346,46.631],[8.339,46.637],[8.338,46.639],[8.342,46.646],[8.34,46.647],[8.337,46.645],[8.333,46.645],[8.331,46.644],[8.333,46.642],[8.33,46.64],[8.328,46.642],[8.33,46.649],[8.328,46.651],[8.33,46.653],[8.333,46.65],[8.335,46.651],[8.332,46.653],[8.335,46.657],[8.34,46.66],[8.337,46.665],[8.318,46.68],[8.318,46.682],[8.321,46.683],[8.328,46.682],[8.334,46.686],[8.341,46.685],[8.344,46.688],[8.347,46.687],[8.354,46.677],[8.367,46.677],[8.373,46.68],[8.377,46.686],[8.379,46.686],[8.373,46.693],[8.377,46.695],[8.379,46.698],[8.373,46.702],[8.378,46.704],[8.378,46.707],[8.376,46.709],[8.371,46.709],[8.37,46.707],[8.367,46.707],[8.361,46.713],[8.359,46.713],[8.359,46.716],[8.354,46.718]]],[[[8.352,46.59],[8.354,46.588],[8.352,46.585],[8.352,46.59]]],[[[8.495,46.416],[8.486,46.411],[8.479,46.411],[8.47,46.413],[8.466,46.415],[8.463,46.418],[8.463,46.42],[8.459,46.423],[8.462,46.427],[8.466,46.429],[8.473,46.431],[8.477,46.429],[8.476,46.431],[8.48,46.433],[8.482,46.431],[8.489,46.432],[8.495,46.429],[8.496,46.426],[8.503,46.429],[8.502,46.424],[8.497,46.42],[8.495,46.416]]],[[[8.298,46.45],[8.301,46.446],[8.292,46.446],[8.29,46.449],[8.298,46.45]]],[[[8.301,46.446],[8.304,46.447],[8.304,46.445],[8.301,46.446]]],[[[8.301,46.446],[8.307,46.442],[8.311,46.443],[8.32,46.449],[8.322,46.451],[8.316,46.46],[8.324,46.468],[8.327,46.467],[8.329,46.464],[8.323,46.457],[8.327,46.458],[8.332,46.462],[8.34,46.463],[8.343,46.466],[8.357,46.47],[8.358,46.468],[8.352,46.462],[8.351,46.459],[8.347,46.457],[8.343,46.458],[8.33,46.455],[8.333,46.453],[8.338,46.453],[8.333,46.452],[8.323,46.446],[8.337,46.447],[8.343,46.452],[8.36,46.456],[8.369,46.455],[8.373,46.456],[8.379,46.461],[8.373,46.465],[8.367,46.464],[8.372,46.468],[8.382,46.462],[8.415,46.469],[8.427,46.47],[8.434,46.47],[8.429,46.468],[8.431,46.466],[8.448,46.468],[8.45,46.465],[8.435,46.465],[8.432,46.463],[8.418,46.463],[8.416,46.461],[8.405,46.461],[8.399,46.456],[8.389,46.452],[8.386,46.454],[8.367,46.453],[8.33,46.43],[8.327,46.43],[8.317,46.425],[8.307,46.425],[8.304,46.423],[8.301,46.424],[8.305,46.428],[8.303,46.433],[8.305,46.435],[8.3,46.444],[8.301,46.446]]],[[[8.375,46.763],[8.365,46.759],[8.359,46.761],[8.365,46.765],[8.368,46.765],[8.365,46.766],[8.365,46.768],[8.371,46.769],[8.378,46.766],[8.38,46.767],[8.376,46.77],[8.379,46.772],[8.391,46.774],[8.383,46.781],[8.385,46.781],[8.388,46.785],[8.388,46.783],[8.391,46.781],[8.395,46.783],[8.396,46.778],[8.398,46.777],[8.404,46.779],[8.405,46.781],[8.411,46.782],[8.419,46.78],[8.421,46.782],[8.424,46.78],[8.414,46.79],[8.418,46.79],[8.424,46.786],[8.427,46.789],[8.434,46.79],[8.439,46.787],[8.435,46.778],[8.437,46.774],[8.424,46.772],[8.417,46.774],[8.414,46.777],[8.411,46.775],[8.408,46.778],[8.404,46.778],[8.404,46.775],[8.41,46.774],[8.402,46.769],[8.375,46.763]]],[[[8.413,46.486],[8.399,46.485],[8.397,46.488],[8.4,46.491],[8.396,46.493],[8.403,46.496],[8.406,46.501],[8.408,46.497],[8.412,46.495],[8.411,46.49],[8.413,46.486]]],[[[8.395,46.488],[8.391,46.488],[8.391,46.491],[8.385,46.493],[8.388,46.495],[8.381,46.497],[8.384,46.5],[8.384,46.502],[8.381,46.502],[8.382,46.5],[8.38,46.498],[8.376,46.502],[8.377,46.504],[8.365,46.504],[8.366,46.507],[8.371,46.506],[8.371,46.509],[8.38,46.512],[8.383,46.511],[8.386,46.506],[8.393,46.505],[8.393,46.502],[8.397,46.502],[8.401,46.497],[8.391,46.497],[8.393,46.493],[8.399,46.491],[8.395,46.488]]],[[[8.377,46.785],[8.375,46.784],[8.372,46.787],[8.359,46.787],[8.352,46.79],[8.359,46.795],[8.362,46.795],[8.369,46.79],[8.376,46.788],[8.377,46.785]]],[[[8.354,46.797],[8.342,46.794],[8.34,46.795],[8.34,46.797],[8.344,46.799],[8.343,46.8],[8.336,46.799],[8.332,46.801],[8.336,46.803],[8.343,46.803],[8.354,46.797]]],[[[8.344,46.477],[8.331,46.474],[8.324,46.475],[8.321,46.478],[8.321,46.48],[8.324,46.481],[8.331,46.477],[8.339,46.48],[8.344,46.48],[8.344,46.477]]],[[[8.344,46.48],[8.35,46.481],[8.351,46.48],[8.344,46.48]]],[[[8.332,46.689],[8.328,46.687],[8.314,46.688],[8.308,46.693],[8.305,46.692],[8.303,46.694],[8.307,46.696],[8.3,46.698],[8.302,46.698],[8.305,46.701],[8.308,46.701],[8.31,46.698],[8.309,46.696],[8.328,46.692],[8.332,46.689]]],[[[8.313,46.383],[8.303,46.387],[8.297,46.386],[8.296,46.39],[8.3,46.392],[8.301,46.395],[8.29,46.398],[8.289,46.401],[8.284,46.404],[8.281,46.408],[8.278,46.406],[8.274,46.406],[8.271,46.403],[8.27,46.408],[8.268,46.409],[8.264,46.403],[8.258,46.405],[8.253,46.404],[8.251,46.402],[8.246,46.406],[8.249,46.411],[8.261,46.415],[8.261,46.417],[8.252,46.422],[8.258,46.423],[8.264,46.422],[8.268,46.417],[8.271,46.416],[8.281,46.42],[8.295,46.413],[8.291,46.408],[8.291,46.404],[8.294,46.402],[8.296,46.404],[8.295,46.406],[8.303,46.407],[8.307,46.404],[8.31,46.404],[8.31,46.399],[8.314,46.397],[8.313,46.383]]],[[[8.215,46.321],[8.208,46.316],[8.205,46.319],[8.208,46.323],[8.207,46.326],[8.21,46.328],[8.206,46.332],[8.215,46.337],[8.214,46.341],[8.218,46.343],[8.228,46.341],[8.229,46.339],[8.225,46.337],[8.225,46.334],[8.218,46.33],[8.218,46.325],[8.214,46.325],[8.215,46.321]]],[[[8.228,46.341],[8.225,46.344],[8.221,46.344],[8.221,46.347],[8.228,46.347],[8.231,46.35],[8.234,46.349],[8.248,46.352],[8.239,46.357],[8.242,46.359],[8.241,46.36],[8.237,46.359],[8.237,46.366],[8.241,46.366],[8.248,46.369],[8.251,46.367],[8.254,46.369],[8.264,46.371],[8.269,46.377],[8.274,46.377],[8.274,46.379],[8.284,46.379],[8.292,46.374],[8.297,46.374],[8.296,46.372],[8.293,46.372],[8.284,46.365],[8.267,46.368],[8.258,46.359],[8.258,46.354],[8.261,46.352],[8.261,46.348],[8.251,46.347],[8.248,46.345],[8.248,46.343],[8.234,46.34],[8.228,46.341]]],[[[7.705,46.386],[7.699,46.386],[7.7,46.384],[7.699,46.381],[7.695,46.379],[7.692,46.38],[7.692,46.386],[7.689,46.387],[7.686,46.382],[7.679,46.381],[7.669,46.377],[7.668,46.38],[7.673,46.382],[7.679,46.388],[7.682,46.389],[7.68,46.391],[7.684,46.393],[7.687,46.398],[7.699,46.404],[7.7,46.407],[7.682,46.401],[7.682,46.403],[7.692,46.413],[7.702,46.42],[7.705,46.419],[7.706,46.42],[7.708,46.431],[7.728,46.43],[7.731,46.432],[7.744,46.432],[7.751,46.435],[7.754,46.432],[7.759,46.433],[7.754,46.434],[7.753,46.436],[7.761,46.437],[7.763,46.44],[7.761,46.442],[7.779,46.451],[7.777,46.456],[7.781,46.46],[7.774,46.465],[7.774,46.467],[7.767,46.47],[7.784,46.485],[7.797,46.491],[7.799,46.496],[7.795,46.496],[7.794,46.493],[7.79,46.49],[7.784,46.492],[7.781,46.49],[7.782,46.487],[7.781,46.486],[7.777,46.485],[7.773,46.485],[7.78,46.49],[7.774,46.49],[7.773,46.487],[7.764,46.484],[7.758,46.487],[7.756,46.492],[7.761,46.494],[7.755,46.5],[7.749,46.501],[7.751,46.503],[7.757,46.503],[7.765,46.51],[7.766,46.512],[7.761,46.517],[7.751,46.519],[7.745,46.518],[7.738,46.52],[7.738,46.523],[7.751,46.525],[7.755,46.521],[7.758,46.522],[7.7638823529,46.5190588235],[7.768,46.522],[7.773,46.519],[7.77,46.517],[7.771,46.516],[7.774,46.519],[7.78,46.519],[7.784,46.517],[7.781,46.514],[7.782,46.51],[7.779,46.508],[7.781,46.505],[7.785,46.505],[7.786,46.508],[7.79,46.511],[7.794,46.512],[7.797,46.51],[7.8,46.513],[7.805,46.51],[7.806,46.507],[7.813,46.508],[7.814,46.505],[7.817,46.503],[7.816,46.5],[7.82,46.5],[7.832,46.507],[7.832,46.51],[7.834,46.51],[7.839,46.506],[7.846,46.506],[7.852,46.503],[7.859,46.504],[7.857,46.498],[7.859,46.496],[7.864,46.498],[7.865,46.501],[7.869,46.499],[7.875,46.501],[7.876,46.498],[7.885,46.499],[7.888,46.497],[7.891,46.498],[7.894,46.496],[7.892,46.494],[7.898,46.49],[7.9,46.491],[7.896,46.496],[7.898,46.497],[7.904,46.493],[7.907,46.496],[7.911,46.495],[7.914,46.496],[7.909,46.5],[7.911,46.503],[7.909,46.505],[7.921,46.507],[7.92,46.509],[7.921,46.511],[7.927,46.511],[7.93,46.514],[7.93,46.516],[7.926,46.521],[7.937,46.526],[7.944,46.526],[7.947,46.53],[7.957,46.53],[7.966,46.524],[7.967,46.525],[7.964,46.527],[7.966,46.529],[7.96,46.536],[7.95,46.535],[7.948,46.536],[7.95,46.538],[7.95,46.541],[7.947,46.541],[7.94,46.545],[7.948,46.55],[7.947,46.552],[7.95,46.557],[7.959,46.554],[7.965,46.554],[7.959,46.556],[7.967,46.559],[7.97,46.562],[7.98,46.56],[7.983,46.554],[7.987,46.554],[7.988,46.556],[7.986,46.558],[7.978,46.563],[7.983,46.567],[7.988,46.567],[7.991,46.572],[7.995,46.574],[7.993,46.578],[7.99,46.579],[8.006,46.579],[8.006,46.576],[8.009,46.571],[8.013,46.578],[8.016,46.575],[8.019,46.578],[8.032,46.58],[8.052,46.58],[8.068,46.578],[8.069,46.581],[8.073,46.583],[8.085,46.583],[8.088,46.58],[8.089,46.583],[8.087,46.585],[8.091,46.587],[8.094,46.584],[8.098,46.583],[8.101,46.584],[8.104,46.581],[8.111,46.587],[8.107,46.588],[8.101,46.586],[8.099,46.587],[8.103,46.589],[8.098,46.597],[8.092,46.598],[8.093,46.603],[8.088,46.606],[8.085,46.605],[8.08,46.607],[8.072,46.614],[8.075,46.616],[8.082,46.613],[8.085,46.617],[8.088,46.618],[8.098,46.613],[8.111,46.618],[8.111,46.624],[8.109,46.628],[8.1,46.634],[8.103,46.637],[8.108,46.638],[8.114,46.63],[8.116,46.634],[8.112,46.639],[8.105,46.639],[8.102,46.641],[8.107,46.643],[8.106,46.646],[8.111,46.648],[8.115,46.645],[8.115,46.647],[8.112,46.648],[8.115,46.648],[8.123,46.652],[8.134,46.653],[8.138,46.65],[8.146,46.657],[8.157,46.66],[8.16,46.659],[8.162,46.656],[8.16,46.654],[8.167,46.655],[8.175,46.652],[8.173,46.65],[8.17,46.651],[8.167,46.649],[8.164,46.65],[8.162,46.647],[8.163,46.645],[8.167,46.646],[8.168,46.643],[8.17,46.642],[8.172,46.643],[8.173,46.646],[8.184,46.645],[8.183,46.637],[8.169,46.636],[8.177,46.636],[8.18,46.634],[8.183,46.635],[8.186,46.633],[8.209,46.633],[8.21,46.631],[8.202,46.626],[8.196,46.629],[8.198,46.622],[8.2,46.62],[8.193,46.616],[8.193,46.614],[8.196,46.611],[8.191,46.607],[8.192,46.606],[8.199,46.608],[8.202,46.606],[8.212,46.607],[8.216,46.602],[8.22,46.6],[8.222,46.596],[8.241,46.597],[8.241,46.602],[8.248,46.601],[8.254,46.604],[8.265,46.602],[8.264,46.598],[8.258,46.599],[8.249,46.593],[8.251,46.59],[8.254,46.593],[8.257,46.593],[8.259,46.591],[8.26,46.588],[8.257,46.584],[8.251,46.584],[8.244,46.587],[8.238,46.585],[8.234,46.581],[8.231,46.584],[8.225,46.585],[8.221,46.58],[8.215,46.584],[8.213,46.582],[8.205,46.581],[8.195,46.583],[8.189,46.581],[8.182,46.586],[8.182,46.589],[8.176,46.591],[8.169,46.591],[8.164,46.596],[8.162,46.596],[8.163,46.593],[8.172,46.587],[8.182,46.575],[8.185,46.573],[8.195,46.573],[8.191,46.569],[8.193,46.566],[8.187,46.562],[8.184,46.557],[8.185,46.556],[8.192,46.557],[8.195,46.554],[8.198,46.559],[8.202,46.56],[8.203,46.555],[8.206,46.555],[8.211,46.56],[8.215,46.555],[8.221,46.559],[8.228,46.557],[8.227,46.553],[8.231,46.553],[8.233,46.55],[8.227,46.549],[8.224,46.545],[8.212,46.541],[8.208,46.54],[8.205,46.543],[8.204,46.541],[8.206,46.539],[8.2,46.537],[8.253,46.538],[8.28,46.544],[8.283,46.54],[8.287,46.539],[8.286,46.537],[8.27,46.533],[8.263,46.533],[8.263,46.527],[8.26,46.526],[8.256,46.526],[8.255,46.528],[8.25,46.529],[8.247,46.528],[8.245,46.525],[8.23,46.529],[8.225,46.528],[8.224,46.523],[8.22,46.519],[8.221,46.517],[8.219,46.514],[8.22,46.512],[8.221,46.51],[8.218,46.508],[8.219,46.505],[8.217,46.504],[8.202,46.508],[8.198,46.506],[8.191,46.508],[8.191,46.503],[8.188,46.501],[8.175,46.507],[8.165,46.497],[8.158,46.502],[8.152,46.503],[8.145,46.497],[8.142,46.501],[8.139,46.5],[8.138,46.499],[8.14,46.492],[8.132,46.487],[8.126,46.486],[8.126,46.483],[8.128,46.481],[8.126,46.48],[8.121,46.481],[8.109,46.485],[8.105,46.484],[8.104,46.481],[8.095,46.472],[8.089,46.472],[8.09,46.478],[8.088,46.479],[8.087,46.484],[8.083,46.488],[8.077,46.489],[8.072,46.493],[8.074,46.496],[8.077,46.497],[8.078,46.5],[8.074,46.5],[8.064,46.505],[8.057,46.505],[8.051,46.5],[8.057,46.493],[8.06,46.493],[8.062,46.486],[8.071,46.479],[8.064,46.474],[8.057,46.475],[8.052,46.482],[8.047,46.484],[8.045,46.482],[8.048,46.479],[8.047,46.477],[8.051,46.476],[8.052,46.47],[8.054,46.469],[8.054,46.467],[8.051,46.464],[8.054,46.459],[8.051,46.457],[8.049,46.457],[8.05,46.459],[8.047,46.464],[8.044,46.465],[8.041,46.463],[8.031,46.468],[8.028,46.464],[8.023,46.462],[8.026,46.457],[8.021,46.457],[8.024,46.453],[8.027,46.453],[8.035,46.446],[8.034,46.444],[8.031,46.444],[8.031,46.441],[8.036,46.439],[8.034,46.431],[8.028,46.428],[8.021,46.43],[8.021,46.425],[8.017,46.426],[8.008,46.421],[8.004,46.423],[8.003,46.426],[7.998,46.425],[7.997,46.428],[7.998,46.431],[7.995,46.433],[7.985,46.431],[7.982,46.433],[7.97,46.428],[7.963,46.419],[7.965,46.416],[7.974,46.415],[7.973,46.412],[7.975,46.41],[7.985,46.406],[7.982,46.403],[7.982,46.401],[7.975,46.4],[7.972,46.402],[7.965,46.401],[7.962,46.398],[7.955,46.398],[7.952,46.395],[7.942,46.391],[7.935,46.397],[7.938,46.399],[7.938,46.401],[7.936,46.402],[7.934,46.399],[7.929,46.398],[7.92,46.399],[7.916,46.4],[7.91,46.407],[7.908,46.404],[7.907,46.395],[7.902,46.395],[7.905,46.392],[7.898,46.392],[7.893,46.397],[7.893,46.399],[7.884,46.402],[7.883,46.401],[7.885,46.399],[7.879,46.395],[7.882,46.388],[7.877,46.388],[7.878,46.386],[7.877,46.385],[7.874,46.386],[7.869,46.384],[7.868,46.382],[7.864,46.388],[7.861,46.381],[7.859,46.384],[7.857,46.384],[7.854,46.379],[7.851,46.378],[7.845,46.382],[7.829,46.38],[7.825,46.378],[7.822,46.372],[7.819,46.372],[7.819,46.375],[7.816,46.379],[7.812,46.373],[7.806,46.368],[7.8,46.37],[7.796,46.377],[7.799,46.381],[7.809,46.382],[7.811,46.384],[7.81,46.388],[7.812,46.389],[7.82,46.388],[7.822,46.389],[7.823,46.393],[7.819,46.395],[7.834,46.395],[7.836,46.399],[7.843,46.402],[7.841,46.404],[7.845,46.408],[7.856,46.413],[7.852,46.417],[7.855,46.419],[7.858,46.418],[7.865,46.421],[7.871,46.421],[7.877,46.424],[7.881,46.424],[7.881,46.421],[7.876,46.42],[7.878,46.417],[7.9,46.427],[7.904,46.428],[7.908,46.426],[7.905,46.428],[7.907,46.431],[7.912,46.433],[7.904,46.435],[7.91,46.438],[7.911,46.442],[7.919,46.451],[7.917,46.454],[7.92,46.458],[7.927,46.462],[7.927,46.465],[7.924,46.463],[7.917,46.463],[7.915,46.462],[7.914,46.459],[7.908,46.469],[7.904,46.467],[7.901,46.468],[7.901,46.471],[7.894,46.474],[7.888,46.471],[7.888,46.466],[7.885,46.467],[7.882,46.469],[7.89,46.478],[7.888,46.482],[7.881,46.476],[7.875,46.468],[7.858,46.465],[7.859,46.462],[7.856,46.46],[7.855,46.457],[7.85,46.456],[7.849,46.454],[7.848,46.456],[7.842,46.455],[7.839,46.458],[7.827,46.456],[7.827,46.453],[7.819,46.454],[7.816,46.453],[7.819,46.453],[7.82,46.451],[7.826,46.448],[7.823,46.446],[7.816,46.45],[7.806,46.449],[7.801,46.447],[7.798,46.442],[7.799,46.44],[7.787,46.439],[7.784,46.436],[7.784,46.433],[7.781,46.431],[7.77,46.431],[7.762,46.424],[7.757,46.424],[7.754,46.427],[7.751,46.425],[7.748,46.426],[7.741,46.421],[7.738,46.425],[7.735,46.424],[7.737,46.42],[7.735,46.417],[7.715,46.409],[7.709,46.412],[7.702,46.4],[7.702,46.397],[7.707,46.4],[7.71,46.404],[7.71,46.407],[7.712,46.408],[7.715,46.407],[7.716,46.404],[7.712,46.402],[7.727,46.402],[7.721,46.401],[7.714,46.395],[7.708,46.393],[7.706,46.391],[7.708,46.389],[7.705,46.386]],[[8.088,46.58],[8.084,46.579],[8.084,46.577],[8.088,46.58]],[[8.159,46.555],[8.178,46.564],[8.181,46.569],[8.18,46.571],[8.172,46.574],[8.171,46.566],[8.169,46.564],[8.166,46.564],[8.155,46.555],[8.159,46.555]],[[8.149,46.509],[8.153,46.51],[8.152,46.513],[8.155,46.515],[8.152,46.516],[8.149,46.513],[8.146,46.518],[8.138,46.517],[8.138,46.515],[8.142,46.512],[8.149,46.509]],[[7.959,46.425],[7.964,46.428],[7.974,46.439],[7.974,46.444],[7.969,46.449],[7.968,46.448],[7.971,46.446],[7.968,46.444],[7.97,46.442],[7.969,46.44],[7.963,46.435],[7.955,46.433],[7.954,46.43],[7.952,46.43],[7.947,46.437],[7.944,46.437],[7.946,46.432],[7.952,46.425],[7.959,46.425]],[[7.923,46.452],[7.927,46.453],[7.93,46.457],[7.936,46.457],[7.944,46.462],[7.943,46.463],[7.93,46.458],[7.923,46.454],[7.922,46.453],[7.923,46.452]]],[[[7.705,46.386],[7.708,46.388],[7.718,46.386],[7.72,46.384],[7.715,46.382],[7.715,46.379],[7.702,46.376],[7.701,46.377],[7.707,46.384],[7.705,46.386]]],[[[7.758,46.487],[7.763,46.483],[7.761,46.475],[7.754,46.477],[7.752,46.481],[7.75,46.481],[7.75,46.478],[7.753,46.476],[7.748,46.474],[7.745,46.475],[7.735,46.47],[7.725,46.471],[7.722,46.473],[7.712,46.469],[7.711,46.472],[7.715,46.476],[7.72,46.476],[7.719,46.478],[7.715,46.477],[7.712,46.474],[7.709,46.476],[7.71,46.481],[7.715,46.483],[7.722,46.483],[7.725,46.48],[7.728,46.484],[7.732,46.486],[7.738,46.482],[7.741,46.486],[7.754,46.485],[7.758,46.487]]],[[[8.22,46.512],[8.224,46.513],[8.224,46.511],[8.22,46.512]]],[[[8.104,46.316],[8.091,46.313],[8.097,46.319],[8.095,46.322],[8.091,46.324],[8.094,46.326],[8.114,46.325],[8.117,46.323],[8.124,46.325],[8.127,46.328],[8.137,46.33],[8.142,46.326],[8.142,46.324],[8.133,46.317],[8.133,46.313],[8.136,46.316],[8.152,46.324],[8.156,46.324],[8.157,46.319],[8.152,46.315],[8.153,46.312],[8.149,46.312],[8.146,46.309],[8.15,46.303],[8.155,46.303],[8.155,46.306],[8.162,46.31],[8.162,46.312],[8.166,46.304],[8.17,46.308],[8.168,46.31],[8.172,46.312],[8.182,46.309],[8.185,46.315],[8.187,46.312],[8.189,46.312],[8.192,46.315],[8.193,46.319],[8.195,46.32],[8.203,46.319],[8.202,46.314],[8.21,46.31],[8.201,46.307],[8.198,46.308],[8.199,46.312],[8.195,46.313],[8.195,46.307],[8.197,46.305],[8.191,46.302],[8.182,46.301],[8.178,46.299],[8.171,46.299],[8.165,46.296],[8.162,46.298],[8.152,46.298],[8.14,46.303],[8.136,46.303],[8.13,46.298],[8.121,46.295],[8.117,46.288],[8.111,46.283],[8.103,46.281],[8.098,46.288],[8.101,46.292],[8.1,46.299],[8.101,46.301],[8.11,46.304],[8.107,46.306],[8.11,46.308],[8.12,46.31],[8.12,46.313],[8.116,46.315],[8.104,46.316]]],[[[8.165,46.477],[8.162,46.481],[8.164,46.483],[8.163,46.488],[8.165,46.493],[8.166,46.49],[8.171,46.488],[8.172,46.485],[8.165,46.483],[8.169,46.479],[8.165,46.477]]],[[[8.08,46.221],[8.076,46.234],[8.077,46.235],[8.08,46.233],[8.081,46.236],[8.077,46.237],[8.073,46.236],[8.07,46.239],[8.064,46.24],[8.064,46.243],[8.066,46.243],[8.062,46.245],[8.064,46.248],[8.068,46.249],[8.073,46.254],[8.074,46.259],[8.081,46.259],[8.087,46.255],[8.097,46.255],[8.103,46.251],[8.108,46.25],[8.108,46.247],[8.111,46.245],[8.111,46.241],[8.113,46.239],[8.11,46.234],[8.103,46.23],[8.096,46.232],[8.098,46.236],[8.097,46.237],[8.093,46.236],[8.09,46.232],[8.087,46.233],[8.082,46.23],[8.08,46.221]]],[[[8.103,46.461],[8.098,46.463],[8.096,46.468],[8.096,46.471],[8.099,46.474],[8.11,46.468],[8.111,46.463],[8.103,46.461]]],[[[8.085,46.268],[8.081,46.267],[8.077,46.269],[8.078,46.272],[8.084,46.278],[8.097,46.282],[8.101,46.279],[8.098,46.277],[8.097,46.274],[8.093,46.272],[8.087,46.272],[8.085,46.268]]],[[[8.063,46.685],[8.06,46.686],[8.063,46.689],[8.071,46.691],[8.068,46.693],[8.073,46.694],[8.074,46.693],[8.075,46.691],[8.073,46.688],[8.069,46.688],[8.063,46.685]]],[[[7.866,45.92],[7.861,45.919],[7.858,45.921],[7.848,45.921],[7.841,45.924],[7.832,45.924],[7.829,45.926],[7.825,45.926],[7.822,45.929],[7.819,45.929],[7.817,45.925],[7.812,45.922],[7.806,45.922],[7.803,45.919],[7.793,45.92],[7.792,45.923],[7.783,45.929],[7.78,45.929],[7.771,45.936],[7.767,45.935],[7.766,45.939],[7.761,45.941],[7.748,45.94],[7.74,45.934],[7.74,45.932],[7.734,45.93],[7.734,45.925],[7.732,45.924],[7.719,45.924],[7.714,45.928],[7.713,45.931],[7.708,45.934],[7.709,45.952],[7.702,45.952],[7.697,45.956],[7.68,45.958],[7.676,45.961],[7.677,45.966],[7.667,45.973],[7.671,45.979],[7.674,45.976],[7.687,45.983],[7.697,45.981],[7.71,45.982],[7.712,45.979],[7.719,45.977],[7.722,45.973],[7.726,45.971],[7.726,45.968],[7.722,45.965],[7.72,45.961],[7.722,45.959],[7.722,45.956],[7.726,45.962],[7.732,45.964],[7.739,45.958],[7.742,45.961],[7.745,45.959],[7.752,45.959],[7.75,45.957],[7.751,45.956],[7.758,45.958],[7.761,45.956],[7.766,45.957],[7.768,45.955],[7.769,45.957],[7.774,45.958],[7.784,45.954],[7.787,45.956],[7.788,45.954],[7.795,45.95],[7.796,45.947],[7.799,45.95],[7.8,45.955],[7.806,45.957],[7.813,45.954],[7.815,45.956],[7.815,45.959],[7.819,45.959],[7.828,45.963],[7.825,45.968],[7.819,45.97],[7.822,45.972],[7.817,45.977],[7.818,45.979],[7.836,45.979],[7.837,45.981],[7.835,45.983],[7.832,45.983],[7.837,45.986],[7.829,45.986],[7.809,45.99],[7.808,45.992],[7.809,45.997],[7.813,46.0],[7.827,45.999],[7.826,46.001],[7.83,46.004],[7.826,46.008],[7.829,46.009],[7.832,46.007],[7.836,46.009],[7.839,46.007],[7.842,46.011],[7.852,46.011],[7.853,46.013],[7.859,46.015],[7.849,46.018],[7.838,46.019],[7.836,46.02],[7.834,46.026],[7.836,46.029],[7.84,46.026],[7.842,46.031],[7.852,46.035],[7.85,46.037],[7.85,46.04],[7.856,46.046],[7.855,46.049],[7.846,46.053],[7.854,46.058],[7.865,46.059],[7.862,46.07],[7.859,46.072],[7.855,46.071],[7.852,46.074],[7.851,46.073],[7.852,46.071],[7.85,46.069],[7.857,46.067],[7.858,46.062],[7.842,46.064],[7.843,46.067],[7.847,46.069],[7.848,46.076],[7.855,46.078],[7.859,46.077],[7.865,46.078],[7.868,46.087],[7.865,46.089],[7.869,46.091],[7.871,46.093],[7.871,46.096],[7.875,46.099],[7.877,46.098],[7.876,46.091],[7.883,46.091],[7.885,46.079],[7.885,46.082],[7.888,46.085],[7.891,46.086],[7.894,46.083],[7.898,46.086],[7.907,46.077],[7.914,46.075],[7.923,46.069],[7.927,46.069],[7.93,46.067],[7.933,46.069],[7.938,46.064],[7.933,46.063],[7.93,46.066],[7.923,46.066],[7.919,46.064],[7.925,46.062],[7.933,46.054],[7.939,46.053],[7.942,46.048],[7.942,46.046],[7.937,46.044],[7.932,46.037],[7.929,46.028],[7.935,46.03],[7.939,46.034],[7.939,46.032],[7.943,46.028],[7.945,46.03],[7.946,46.035],[7.952,46.03],[7.956,46.023],[7.952,46.021],[7.955,46.01],[7.958,46.015],[7.961,46.012],[7.965,46.014],[7.974,46.006],[7.984,46.004],[7.986,46.005],[7.984,46.008],[7.981,46.009],[7.974,46.017],[7.976,46.021],[7.974,46.028],[7.978,46.028],[7.982,46.025],[7.991,46.026],[8.0,46.021],[7.999,46.023],[8.001,46.025],[8.002,46.03],[8.006,46.032],[8.004,46.037],[8.007,46.042],[8.004,46.041],[8.001,46.037],[7.992,46.039],[7.984,46.038],[7.979,46.039],[7.978,46.042],[7.985,46.05],[7.984,46.055],[7.988,46.055],[7.989,46.05],[7.991,46.049],[7.994,46.054],[8.007,46.049],[8.01,46.05],[8.014,46.048],[8.016,46.052],[8.014,46.057],[8.018,46.059],[8.017,46.06],[8.014,46.058],[8.01,46.06],[8.012,46.068],[8.007,46.07],[8.007,46.073],[8.012,46.077],[8.007,46.08],[8.007,46.082],[7.998,46.084],[8.0,46.086],[8.001,46.094],[8.007,46.091],[8.007,46.086],[8.011,46.09],[8.014,46.089],[8.015,46.091],[8.008,46.095],[8.011,46.104],[8.006,46.109],[8.009,46.113],[8.008,46.115],[8.001,46.113],[7.996,46.115],[8.005,46.121],[8.008,46.126],[8.011,46.126],[8.013,46.124],[8.01,46.122],[8.012,46.122],[8.016,46.124],[8.016,46.127],[8.018,46.128],[8.022,46.126],[8.024,46.133],[8.023,46.138],[8.025,46.14],[8.026,46.147],[8.034,46.149],[8.037,46.147],[8.044,46.149],[8.046,46.147],[8.046,46.142],[8.044,46.138],[8.047,46.136],[8.049,46.138],[8.05,46.144],[8.048,46.147],[8.051,46.147],[8.055,46.144],[8.053,46.142],[8.055,46.135],[8.058,46.135],[8.06,46.137],[8.063,46.136],[8.066,46.139],[8.069,46.137],[8.071,46.135],[8.07,46.133],[8.062,46.129],[8.06,46.126],[8.05,46.128],[8.04,46.125],[8.038,46.126],[8.037,46.129],[8.035,46.126],[8.035,46.12],[8.033,46.115],[8.042,46.117],[8.043,46.119],[8.047,46.116],[8.047,46.113],[8.065,46.111],[8.067,46.108],[8.059,46.107],[8.056,46.104],[8.053,46.11],[8.046,46.102],[8.037,46.103],[8.033,46.1],[8.028,46.088],[8.028,46.084],[8.021,46.077],[8.024,46.07],[8.024,46.061],[8.027,46.059],[8.028,46.054],[8.031,46.052],[8.031,46.045],[8.023,46.042],[8.017,46.037],[8.017,46.035],[8.014,46.032],[8.014,46.025],[8.011,46.021],[8.01,46.014],[8.003,46.014],[8.0,46.012],[7.988,45.998],[7.968,46.0],[7.958,45.998],[7.941,45.999],[7.932,45.997],[7.926,45.998],[7.923,45.996],[7.907,45.996],[7.905,45.992],[7.897,45.984],[7.879,45.974],[7.878,45.961],[7.875,45.956],[7.875,45.952],[7.872,45.95],[7.872,45.945],[7.869,45.943],[7.868,45.938],[7.872,45.934],[7.875,45.927],[7.866,45.92]],[[7.929,46.028],[7.926,46.029],[7.921,46.026],[7.919,46.024],[7.92,46.022],[7.923,46.022],[7.926,46.027],[7.929,46.028]],[[7.907,46.046],[7.91,46.05],[7.916,46.053],[7.908,46.051],[7.904,46.047],[7.893,46.046],[7.907,46.046]]],[[[8.039,46.583],[8.029,46.581],[8.022,46.583],[8.022,46.588],[8.026,46.588],[8.023,46.585],[8.026,46.584],[8.036,46.591],[8.038,46.587],[8.041,46.585],[8.039,46.583]]],[[[8.02,46.14],[8.016,46.138],[8.012,46.142],[8.01,46.147],[8.018,46.152],[8.02,46.151],[8.02,46.14]]],[[[8.006,46.156],[8.002,46.152],[7.999,46.157],[7.989,46.16],[7.992,46.163],[7.973,46.172],[7.972,46.174],[7.978,46.178],[7.979,46.181],[7.973,46.185],[7.966,46.185],[7.966,46.188],[7.97,46.189],[7.969,46.192],[7.973,46.195],[7.979,46.196],[7.977,46.199],[7.984,46.199],[7.986,46.197],[7.989,46.197],[7.996,46.188],[7.999,46.187],[8.002,46.195],[8.004,46.194],[8.004,46.19],[8.002,46.187],[8.019,46.185],[8.019,46.18],[8.014,46.174],[8.016,46.171],[8.004,46.163],[8.003,46.158],[8.006,46.156]]],[[[7.998,46.203],[7.996,46.201],[7.992,46.201],[7.988,46.205],[7.987,46.208],[7.989,46.209],[7.996,46.207],[7.995,46.21],[7.996,46.213],[7.992,46.214],[7.993,46.216],[8.012,46.216],[8.015,46.214],[8.019,46.214],[8.009,46.213],[8.0,46.21],[8.002,46.207],[8.006,46.205],[7.998,46.203]]],[[[7.986,46.12],[7.988,46.122],[7.99,46.12],[7.986,46.12]]],[[[7.988,46.122],[7.989,46.124],[7.987,46.127],[7.988,46.129],[7.985,46.13],[7.982,46.129],[7.979,46.131],[7.9888484848,46.132969697],[7.984,46.136],[7.989,46.137],[7.99,46.14],[7.984,46.142],[7.984,46.147],[8.005,46.15],[8.007,46.147],[8.007,46.142],[8.009,46.14],[8.007,46.138],[8.008,46.134],[8.01,46.136],[8.009,46.138],[8.011,46.139],[8.014,46.138],[8.012,46.136],[8.019,46.131],[8.014,46.127],[8.008,46.128],[7.995,46.125],[7.992,46.121],[7.988,46.122]]],[[[7.879,46.136],[7.876,46.138],[7.875,46.143],[7.873,46.145],[7.875,46.15],[7.885,46.149],[7.886,46.145],[7.883,46.138],[7.879,46.136]]],[[[7.879,46.136],[7.878,46.132],[7.882,46.128],[7.885,46.133],[7.892,46.137],[7.895,46.132],[7.892,46.127],[7.882,46.124],[7.876,46.12],[7.878,46.118],[7.882,46.118],[7.886,46.114],[7.882,46.109],[7.878,46.108],[7.872,46.109],[7.87,46.111],[7.873,46.116],[7.872,46.117],[7.862,46.113],[7.859,46.114],[7.854,46.118],[7.853,46.123],[7.844,46.134],[7.849,46.137],[7.86,46.136],[7.854,46.141],[7.866,46.142],[7.868,46.141],[7.868,46.138],[7.879,46.136]]],[[[7.866,46.102],[7.859,46.096],[7.846,46.098],[7.843,46.096],[7.84,46.098],[7.835,46.098],[7.834,46.1],[7.846,46.105],[7.84,46.107],[7.833,46.107],[7.836,46.11],[7.84,46.108],[7.843,46.112],[7.846,46.11],[7.856,46.111],[7.867,46.105],[7.866,46.102]]],[[[7.852,46.514],[7.833,46.513],[7.83,46.514],[7.833,46.516],[7.843,46.515],[7.846,46.518],[7.86,46.519],[7.852,46.514]]],[[[7.857,46.087],[7.852,46.086],[7.836,46.094],[7.849,46.095],[7.854,46.091],[7.853,46.089],[7.857,46.087]]],[[[7.84,46.561],[7.838,46.564],[7.842,46.564],[7.84,46.561]]],[[[7.84,46.561],[7.836,46.559],[7.827,46.564],[7.826,46.568],[7.83,46.567],[7.84,46.573],[7.845,46.573],[7.842,46.568],[7.835,46.564],[7.84,46.561]]],[[[7.813,46.548],[7.807,46.545],[7.801,46.55],[7.806,46.552],[7.805,46.555],[7.814,46.558],[7.816,46.555],[7.815,46.552],[7.813,46.548]]],[[[7.78,46.222],[7.772,46.221],[7.763,46.223],[7.759,46.222],[7.756,46.224],[7.753,46.22],[7.751,46.222],[7.755,46.229],[7.766,46.232],[7.767,46.229],[7.766,46.226],[7.769,46.225],[7.776,46.227],[7.786,46.226],[7.78,46.222]]],[[[7.737,46.17],[7.735,46.173],[7.731,46.175],[7.731,46.177],[7.741,46.184],[7.743,46.184],[7.748,46.188],[7.748,46.191],[7.75,46.192],[7.758,46.184],[7.756,46.182],[7.756,46.179],[7.749,46.177],[7.749,46.175],[7.738,46.173],[7.737,46.17]]],[[[7.298,46.099],[7.296,46.101],[7.3,46.101],[7.303,46.103],[7.309,46.098],[7.313,46.101],[7.322,46.099],[7.325,46.101],[7.329,46.101],[7.331,46.099],[7.329,46.096],[7.335,46.096],[7.336,46.094],[7.342,46.091],[7.345,46.092],[7.355,46.09],[7.358,46.087],[7.366,46.092],[7.366,46.094],[7.371,46.095],[7.378,46.09],[7.377,46.087],[7.374,46.085],[7.374,46.081],[7.367,46.074],[7.368,46.072],[7.377,46.076],[7.379,46.074],[7.371,46.07],[7.371,46.067],[7.368,46.064],[7.354,46.054],[7.358,46.053],[7.36,46.056],[7.372,46.061],[7.381,46.061],[7.377,46.054],[7.377,46.049],[7.374,46.045],[7.374,46.04],[7.376,46.038],[7.373,46.036],[7.374,46.033],[7.384,46.04],[7.387,46.036],[7.392,46.034],[7.389,46.025],[7.39,46.024],[7.399,46.025],[7.403,46.022],[7.409,46.025],[7.414,46.025],[7.416,46.021],[7.423,46.02],[7.428,46.016],[7.429,46.013],[7.432,46.015],[7.435,46.013],[7.433,46.011],[7.435,46.009],[7.442,46.007],[7.445,46.001],[7.448,46.004],[7.452,46.003],[7.464,45.998],[7.467,45.995],[7.468,45.998],[7.466,46.002],[7.468,46.004],[7.468,46.007],[7.469,46.004],[7.471,46.004],[7.479,45.998],[7.479,45.995],[7.475,45.991],[7.477,45.988],[7.492,45.989],[7.49,45.986],[7.497,45.987],[7.496,45.984],[7.5,45.981],[7.507,45.984],[7.51,45.982],[7.509,45.98],[7.503,45.977],[7.503,45.975],[7.506,45.975],[7.513,45.977],[7.518,45.982],[7.519,45.987],[7.523,45.987],[7.529,45.984],[7.531,45.986],[7.531,45.989],[7.539,45.99],[7.542,45.987],[7.545,45.989],[7.536,45.993],[7.532,45.999],[7.529,45.998],[7.53,45.995],[7.527,45.993],[7.522,45.995],[7.521,45.998],[7.522,46.0],[7.53,46.002],[7.527,46.004],[7.526,46.008],[7.523,46.009],[7.528,46.011],[7.524,46.013],[7.525,46.016],[7.521,46.018],[7.523,46.019],[7.524,46.022],[7.522,46.025],[7.523,46.026],[7.526,46.026],[7.529,46.021],[7.535,46.024],[7.542,46.024],[7.548,46.022],[7.552,46.024],[7.561,46.024],[7.564,46.022],[7.563,46.02],[7.565,46.02],[7.564,46.029],[7.565,46.03],[7.568,46.029],[7.571,46.031],[7.574,46.026],[7.578,46.027],[7.581,46.025],[7.582,46.027],[7.579,46.029],[7.581,46.035],[7.584,46.033],[7.59,46.034],[7.597,46.031],[7.594,46.035],[7.584,46.038],[7.591,46.04],[7.587,46.042],[7.585,46.045],[7.597,46.049],[7.589,46.051],[7.586,46.054],[7.594,46.059],[7.598,46.058],[7.595,46.063],[7.59,46.065],[7.587,46.071],[7.581,46.074],[7.583,46.076],[7.579,46.078],[7.577,46.081],[7.581,46.084],[7.587,46.085],[7.591,46.083],[7.594,46.086],[7.597,46.085],[7.603,46.087],[7.607,46.091],[7.61,46.09],[7.611,46.085],[7.608,46.081],[7.612,46.074],[7.609,46.067],[7.61,46.056],[7.613,46.055],[7.611,46.06],[7.613,46.063],[7.616,46.064],[7.618,46.063],[7.618,46.06],[7.623,46.058],[7.62,46.054],[7.623,46.052],[7.629,46.054],[7.629,46.057],[7.633,46.054],[7.636,46.058],[7.639,46.058],[7.645,46.056],[7.644,46.051],[7.641,46.049],[7.642,46.046],[7.646,46.051],[7.646,46.056],[7.652,46.057],[7.658,46.056],[7.663,46.058],[7.662,46.061],[7.657,46.065],[7.662,46.074],[7.662,46.077],[7.66,46.078],[7.663,46.081],[7.658,46.085],[7.66,46.087],[7.66,46.09],[7.662,46.092],[7.668,46.092],[7.671,46.09],[7.678,46.089],[7.686,46.092],[7.687,46.094],[7.685,46.096],[7.687,46.098],[7.687,46.101],[7.691,46.103],[7.688,46.105],[7.689,46.107],[7.688,46.109],[7.684,46.108],[7.681,46.109],[7.676,46.114],[7.678,46.116],[7.684,46.115],[7.695,46.119],[7.688,46.12],[7.684,46.124],[7.681,46.123],[7.679,46.13],[7.673,46.132],[7.678,46.141],[7.684,46.143],[7.687,46.148],[7.694,46.147],[7.697,46.149],[7.721,46.148],[7.722,46.155],[7.727,46.156],[7.727,46.158],[7.724,46.161],[7.727,46.163],[7.733,46.163],[7.736,46.155],[7.738,46.159],[7.743,46.161],[7.748,46.155],[7.745,46.152],[7.738,46.15],[7.74,46.15],[7.743,46.146],[7.739,46.141],[7.743,46.14],[7.746,46.144],[7.749,46.143],[7.754,46.137],[7.749,46.134],[7.751,46.132],[7.75,46.13],[7.741,46.123],[7.738,46.116],[7.74,46.112],[7.738,46.11],[7.738,46.107],[7.73,46.099],[7.726,46.101],[7.72,46.101],[7.717,46.101],[7.713,46.103],[7.711,46.105],[7.711,46.11],[7.714,46.113],[7.71,46.112],[7.707,46.109],[7.706,46.105],[7.699,46.101],[7.7,46.092],[7.696,46.089],[7.697,46.085],[7.701,46.085],[7.704,46.087],[7.706,46.085],[7.706,46.08],[7.713,46.076],[7.71,46.073],[7.713,46.075],[7.718,46.071],[7.729,46.071],[7.736,46.068],[7.741,46.06],[7.739,46.058],[7.733,46.053],[7.724,46.056],[7.716,46.055],[7.714,46.051],[7.71,46.051],[7.701,46.047],[7.698,46.044],[7.701,46.04],[7.697,46.037],[7.696,46.035],[7.697,46.03],[7.694,46.028],[7.69,46.028],[7.688,46.031],[7.684,46.033],[7.687,46.031],[7.684,46.029],[7.678,46.032],[7.669,46.033],[7.665,46.035],[7.663,46.033],[7.668,46.031],[7.661,46.029],[7.655,46.022],[7.636,46.016],[7.632,46.02],[7.63,46.015],[7.627,46.013],[7.615,46.009],[7.617,46.0],[7.615,45.997],[7.61,45.994],[7.606,45.995],[7.604,45.993],[7.613,45.99],[7.623,45.995],[7.629,45.992],[7.639,45.993],[7.648,45.989],[7.65,45.991],[7.655,45.991],[7.658,45.993],[7.665,45.993],[7.67,45.988],[7.678,45.984],[7.674,45.977],[7.672,45.979],[7.673,45.982],[7.671,45.984],[7.664,45.984],[7.658,45.982],[7.655,45.984],[7.652,45.98],[7.645,45.985],[7.643,45.984],[7.646,45.979],[7.645,45.977],[7.64,45.975],[7.642,45.974],[7.642,45.972],[7.622,45.972],[7.619,45.975],[7.616,45.975],[7.61,45.969],[7.606,45.969],[7.599,45.97],[7.597,45.972],[7.587,45.972],[7.584,45.975],[7.584,45.979],[7.581,45.976],[7.579,45.977],[7.579,45.982],[7.571,45.988],[7.568,45.988],[7.564,45.985],[7.542,45.985],[7.538,45.982],[7.537,45.977],[7.542,45.973],[7.543,45.966],[7.546,45.964],[7.543,45.962],[7.542,45.959],[7.539,45.959],[7.535,45.956],[7.532,45.959],[7.522,45.958],[7.516,45.963],[7.506,45.963],[7.49,45.956],[7.484,45.957],[7.481,45.954],[7.477,45.954],[7.468,45.948],[7.472,45.939],[7.468,45.936],[7.459,45.937],[7.458,45.939],[7.455,45.934],[7.445,45.934],[7.439,45.928],[7.434,45.926],[7.432,45.921],[7.42,45.914],[7.416,45.914],[7.41,45.909],[7.398,45.912],[7.404,45.919],[7.403,45.923],[7.406,45.925],[7.41,45.925],[7.414,45.923],[7.418,45.926],[7.417,45.928],[7.418,45.93],[7.411,45.93],[7.411,45.932],[7.416,45.936],[7.423,45.936],[7.426,45.939],[7.425,45.941],[7.437,45.95],[7.449,45.962],[7.448,45.963],[7.442,45.96],[7.439,45.956],[7.429,45.951],[7.423,45.953],[7.424,45.955],[7.423,45.957],[7.419,45.954],[7.413,45.957],[7.415,45.955],[7.39,45.948],[7.39,45.956],[7.403,45.96],[7.408,45.964],[7.41,45.966],[7.411,45.973],[7.408,45.973],[7.408,45.968],[7.4,45.967],[7.393,45.969],[7.394,45.966],[7.39,45.965],[7.377,45.968],[7.375,45.973],[7.377,45.974],[7.381,45.972],[7.382,45.975],[7.379,45.977],[7.38,45.98],[7.377,45.981],[7.378,45.986],[7.377,45.993],[7.371,46.002],[7.368,46.004],[7.369,46.007],[7.366,46.011],[7.369,46.016],[7.367,46.025],[7.368,46.028],[7.365,46.031],[7.361,46.032],[7.351,46.032],[7.35,46.034],[7.352,46.038],[7.35,46.043],[7.353,46.045],[7.351,46.046],[7.339,46.044],[7.333,46.047],[7.339,46.049],[7.337,46.056],[7.338,46.058],[7.335,46.061],[7.332,46.059],[7.329,46.06],[7.33,46.063],[7.329,46.067],[7.32,46.067],[7.316,46.072],[7.309,46.069],[7.308,46.067],[7.303,46.067],[7.305,46.072],[7.303,46.074],[7.296,46.074],[7.301,46.076],[7.296,46.077],[7.293,46.08],[7.298,46.085],[7.294,46.09],[7.288,46.092],[7.287,46.094],[7.294,46.096],[7.298,46.099]],[[7.413,45.957],[7.419,45.961],[7.423,45.961],[7.43,45.966],[7.429,45.968],[7.417,45.962],[7.413,45.957]],[[7.61,46.002],[7.612,46.006],[7.609,46.009],[7.609,46.011],[7.616,46.02],[7.614,46.022],[7.614,46.027],[7.619,46.032],[7.626,46.033],[7.623,46.036],[7.616,46.035],[7.61,46.032],[7.607,46.036],[7.609,46.038],[7.598,46.036],[7.607,46.033],[7.611,46.029],[7.612,46.022],[7.607,46.02],[7.603,46.013],[7.604,46.004],[7.606,46.002],[7.61,46.002]],[[7.506,45.966],[7.516,45.973],[7.511,45.971],[7.51,45.969],[7.506,45.972],[7.505,45.968],[7.502,45.966],[7.506,45.966]]],[[[7.394,45.919],[7.392,45.917],[7.395,45.914],[7.391,45.91],[7.394,45.909],[7.394,45.905],[7.387,45.9],[7.377,45.9],[7.377,45.903],[7.371,45.902],[7.368,45.905],[7.364,45.905],[7.365,45.907],[7.369,45.908],[7.367,45.91],[7.375,45.917],[7.375,45.919],[7.384,45.922],[7.387,45.917],[7.39,45.92],[7.394,45.919]],[[7.377,45.903],[7.374,45.906],[7.372,45.905],[7.377,45.903]]],[[[7.403,45.923],[7.403,45.928],[7.406,45.926],[7.403,45.923]]],[[[7.403,45.923],[7.394,45.921],[7.394,45.919],[7.391,45.923],[7.403,45.923]]],[[[7.704,46.087],[7.701,46.092],[7.704,46.096],[7.71,46.098],[7.717,46.098],[7.72,46.101],[7.722,46.096],[7.718,46.085],[7.713,46.083],[7.707,46.09],[7.704,46.087]]],[[[7.743,46.161],[7.746,46.163],[7.748,46.161],[7.746,46.16],[7.743,46.161]]],[[[7.678,46.141],[7.677,46.143],[7.678,46.145],[7.679,46.143],[7.678,46.141]]],[[[7.678,46.141],[7.672,46.141],[7.675,46.142],[7.678,46.141]]],[[[7.747,46.098],[7.736,46.093],[7.73,46.096],[7.733,46.1],[7.736,46.097],[7.737,46.098],[7.733,46.101],[7.739,46.104],[7.742,46.103],[7.741,46.101],[7.743,46.099],[7.746,46.1],[7.747,46.098]]],[[[7.715,46.365],[7.708,46.361],[7.706,46.362],[7.715,46.369],[7.725,46.369],[7.721,46.365],[7.718,46.364],[7.715,46.365]]],[[[7.656,46.415],[7.636,46.413],[7.637,46.416],[7.631,46.418],[7.631,46.42],[7.634,46.421],[7.637,46.419],[7.64,46.422],[7.645,46.422],[7.643,46.425],[7.644,46.427],[7.647,46.428],[7.659,46.422],[7.663,46.424],[7.67,46.422],[7.669,46.425],[7.665,46.427],[7.669,46.429],[7.668,46.431],[7.653,46.44],[7.657,46.441],[7.663,46.439],[7.67,46.44],[7.671,46.443],[7.676,46.444],[7.68,46.443],[7.678,46.438],[7.679,46.436],[7.683,46.438],[7.686,46.442],[7.689,46.442],[7.69,46.44],[7.7,46.436],[7.698,46.431],[7.699,46.42],[7.696,46.416],[7.687,46.416],[7.69,46.42],[7.689,46.421],[7.686,46.419],[7.683,46.42],[7.679,46.419],[7.67,46.414],[7.656,46.415]]],[[[7.673,46.224],[7.665,46.22],[7.664,46.224],[7.656,46.232],[7.649,46.23],[7.646,46.232],[7.645,46.234],[7.653,46.235],[7.653,46.238],[7.647,46.24],[7.643,46.247],[7.64,46.249],[7.643,46.251],[7.648,46.251],[7.646,46.255],[7.662,46.253],[7.663,46.251],[7.659,46.249],[7.661,46.247],[7.658,46.245],[7.657,46.242],[7.666,46.237],[7.669,46.24],[7.678,46.242],[7.681,46.245],[7.683,46.245],[7.686,46.242],[7.682,46.238],[7.682,46.235],[7.678,46.238],[7.672,46.234],[7.673,46.231],[7.671,46.229],[7.673,46.224]]],[[[7.665,46.208],[7.659,46.205],[7.655,46.206],[7.654,46.209],[7.655,46.211],[7.656,46.212],[7.659,46.211],[7.665,46.214],[7.67,46.211],[7.669,46.208],[7.665,46.208]]],[[[7.192,46.303],[7.176,46.305],[7.16,46.304],[7.156,46.308],[7.162,46.312],[7.159,46.314],[7.16,46.315],[7.173,46.315],[7.179,46.313],[7.185,46.317],[7.188,46.317],[7.187,46.314],[7.189,46.313],[7.19,46.314],[7.187,46.319],[7.189,46.321],[7.195,46.324],[7.203,46.323],[7.205,46.325],[7.194,46.335],[7.198,46.338],[7.205,46.334],[7.2,46.339],[7.205,46.34],[7.211,46.339],[7.216,46.344],[7.224,46.348],[7.231,46.349],[7.23,46.346],[7.224,46.342],[7.224,46.336],[7.228,46.336],[7.234,46.34],[7.241,46.338],[7.244,46.34],[7.248,46.339],[7.25,46.337],[7.254,46.337],[7.255,46.335],[7.252,46.332],[7.246,46.33],[7.25,46.329],[7.254,46.329],[7.263,46.334],[7.267,46.333],[7.27,46.334],[7.273,46.339],[7.268,46.342],[7.28,46.342],[7.286,46.346],[7.288,46.344],[7.284,46.342],[7.286,46.341],[7.292,46.346],[7.293,46.348],[7.292,46.351],[7.296,46.353],[7.3,46.351],[7.3,46.348],[7.312,46.342],[7.314,46.344],[7.307,46.353],[7.31,46.355],[7.31,46.357],[7.315,46.361],[7.328,46.361],[7.338,46.359],[7.351,46.366],[7.354,46.364],[7.355,46.366],[7.352,46.369],[7.357,46.371],[7.352,46.375],[7.354,46.377],[7.361,46.375],[7.367,46.379],[7.374,46.378],[7.39,46.382],[7.396,46.381],[7.397,46.382],[7.396,46.385],[7.4,46.385],[7.402,46.382],[7.404,46.382],[7.406,46.384],[7.426,46.384],[7.432,46.388],[7.439,46.386],[7.442,46.388],[7.445,46.387],[7.447,46.389],[7.446,46.391],[7.448,46.392],[7.452,46.391],[7.465,46.399],[7.468,46.399],[7.469,46.4],[7.466,46.402],[7.47,46.405],[7.473,46.405],[7.472,46.398],[7.469,46.396],[7.471,46.394],[7.487,46.402],[7.497,46.404],[7.504,46.401],[7.505,46.402],[7.5,46.407],[7.504,46.408],[7.507,46.413],[7.51,46.413],[7.514,46.416],[7.512,46.418],[7.513,46.421],[7.52,46.42],[7.533,46.422],[7.535,46.427],[7.533,46.43],[7.539,46.428],[7.543,46.431],[7.552,46.431],[7.556,46.428],[7.56,46.432],[7.579,46.435],[7.58,46.438],[7.585,46.438],[7.589,46.436],[7.591,46.429],[7.586,46.425],[7.584,46.42],[7.585,46.418],[7.586,46.423],[7.593,46.427],[7.592,46.431],[7.595,46.433],[7.601,46.443],[7.61,46.44],[7.61,46.438],[7.606,46.436],[7.61,46.434],[7.61,46.431],[7.608,46.428],[7.601,46.424],[7.6,46.42],[7.601,46.417],[7.604,46.423],[7.608,46.419],[7.613,46.42],[7.615,46.416],[7.611,46.414],[7.602,46.402],[7.596,46.398],[7.604,46.393],[7.603,46.389],[7.592,46.38],[7.593,46.378],[7.583,46.371],[7.582,46.366],[7.585,46.363],[7.582,46.362],[7.578,46.362],[7.576,46.364],[7.569,46.364],[7.562,46.359],[7.56,46.36],[7.565,46.366],[7.562,46.368],[7.556,46.365],[7.538,46.366],[7.54,46.369],[7.534,46.371],[7.536,46.373],[7.53,46.376],[7.526,46.376],[7.521,46.373],[7.52,46.37],[7.516,46.369],[7.513,46.365],[7.516,46.362],[7.513,46.358],[7.507,46.361],[7.504,46.359],[7.5,46.36],[7.497,46.363],[7.488,46.357],[7.483,46.357],[7.483,46.362],[7.481,46.363],[7.471,46.359],[7.458,46.358],[7.442,46.362],[7.432,46.367],[7.416,46.368],[7.414,46.366],[7.406,46.366],[7.403,46.364],[7.401,46.36],[7.411,46.351],[7.401,46.346],[7.4,46.343],[7.393,46.336],[7.393,46.334],[7.396,46.333],[7.394,46.33],[7.383,46.329],[7.377,46.332],[7.37,46.332],[7.368,46.328],[7.371,46.324],[7.37,46.323],[7.365,46.324],[7.364,46.326],[7.357,46.323],[7.353,46.326],[7.358,46.328],[7.357,46.33],[7.344,46.329],[7.343,46.328],[7.345,46.326],[7.338,46.326],[7.332,46.329],[7.328,46.329],[7.322,46.325],[7.319,46.327],[7.31,46.328],[7.309,46.333],[7.294,46.333],[7.292,46.33],[7.294,46.326],[7.29,46.321],[7.282,46.317],[7.28,46.313],[7.267,46.309],[7.257,46.307],[7.25,46.31],[7.231,46.309],[7.224,46.31],[7.211,46.315],[7.205,46.312],[7.205,46.308],[7.203,46.305],[7.192,46.303]],[[7.536,46.373],[7.543,46.373],[7.55,46.378],[7.542,46.378],[7.536,46.373]],[[7.575,46.398],[7.576,46.4],[7.595,46.407],[7.6,46.411],[7.598,46.413],[7.591,46.411],[7.575,46.403],[7.572,46.406],[7.567,46.402],[7.574,46.402],[7.575,46.398]]],[[[7.604,46.393],[7.602,46.395],[7.602,46.398],[7.611,46.407],[7.614,46.408],[7.617,46.407],[7.621,46.409],[7.624,46.413],[7.624,46.416],[7.627,46.418],[7.624,46.42],[7.616,46.42],[7.614,46.421],[7.614,46.423],[7.621,46.423],[7.624,46.425],[7.625,46.422],[7.629,46.42],[7.63,46.416],[7.632,46.416],[7.63,46.413],[7.633,46.407],[7.631,46.404],[7.627,46.406],[7.617,46.403],[7.604,46.393]]],[[[7.396,46.333],[7.4,46.334],[7.403,46.333],[7.4,46.331],[7.396,46.333]]],[[[7.627,46.424],[7.622,46.427],[7.627,46.429],[7.629,46.427],[7.627,46.424]]],[[[7.52,46.146],[7.517,46.148],[7.517,46.153],[7.519,46.157],[7.517,46.162],[7.518,46.164],[7.51,46.165],[7.507,46.163],[7.499,46.166],[7.496,46.171],[7.496,46.175],[7.497,46.176],[7.507,46.175],[7.508,46.177],[7.499,46.18],[7.516,46.181],[7.519,46.18],[7.518,46.177],[7.52,46.176],[7.526,46.181],[7.534,46.18],[7.531,46.177],[7.529,46.177],[7.524,46.171],[7.529,46.168],[7.538,46.166],[7.529,46.164],[7.522,46.153],[7.522,46.1482222222],[7.529,46.156],[7.532,46.157],[7.539,46.154],[7.545,46.155],[7.55,46.153],[7.552,46.15],[7.547,46.148],[7.548,46.146],[7.546,46.141],[7.526,46.138],[7.526,46.144],[7.52,46.146]]],[[[7.445,46.056],[7.441,46.056],[7.433,46.061],[7.426,46.059],[7.423,46.061],[7.423,46.065],[7.428,46.067],[7.422,46.074],[7.418,46.076],[7.428,46.076],[7.435,46.082],[7.449,46.081],[7.448,46.076],[7.455,46.075],[7.46,46.072],[7.455,46.068],[7.452,46.071],[7.447,46.067],[7.446,46.063],[7.448,46.059],[7.452,46.058],[7.453,46.056],[7.445,46.053],[7.445,46.056]]],[[[7.456,46.067],[7.458,46.07],[7.458,46.066],[7.456,46.067]]],[[[7.319,45.984],[7.323,45.984],[7.328,45.98],[7.329,45.975],[7.327,45.973],[7.328,45.968],[7.33,45.966],[7.322,45.966],[7.317,45.962],[7.317,45.959],[7.312,45.953],[7.313,45.947],[7.316,45.944],[7.322,45.944],[7.324,45.941],[7.329,45.941],[7.326,45.946],[7.323,45.946],[7.319,45.949],[7.319,45.951],[7.326,45.958],[7.336,45.955],[7.345,45.946],[7.349,45.946],[7.351,45.944],[7.343,45.941],[7.34,45.937],[7.341,45.932],[7.331,45.928],[7.332,45.927],[7.345,45.93],[7.358,45.93],[7.371,45.928],[7.375,45.926],[7.378,45.923],[7.37,45.917],[7.37,45.914],[7.362,45.91],[7.355,45.91],[7.352,45.914],[7.342,45.917],[7.336,45.914],[7.322,45.912],[7.313,45.918],[7.303,45.918],[7.3,45.921],[7.297,45.92],[7.294,45.923],[7.29,45.923],[7.287,45.918],[7.284,45.921],[7.278,45.919],[7.274,45.92],[7.273,45.921],[7.274,45.922],[7.283,45.925],[7.288,45.93],[7.281,45.936],[7.28,45.932],[7.274,45.932],[7.272,45.934],[7.278,45.939],[7.269,45.948],[7.268,45.951],[7.265,45.952],[7.265,45.956],[7.263,45.957],[7.259,45.964],[7.25,45.97],[7.25,45.977],[7.252,45.979],[7.254,45.977],[7.265,45.977],[7.263,45.979],[7.263,45.982],[7.258,45.987],[7.252,45.99],[7.248,45.99],[7.245,45.995],[7.249,46.0],[7.256,46.002],[7.251,46.003],[7.248,46.0],[7.241,46.0],[7.239,45.998],[7.238,46.002],[7.242,46.006],[7.268,46.006],[7.272,46.002],[7.269,45.997],[7.271,45.995],[7.272,46.0],[7.274,46.001],[7.277,45.997],[7.276,45.995],[7.277,45.993],[7.281,45.996],[7.287,45.991],[7.29,45.991],[7.286,45.988],[7.285,45.984],[7.287,45.982],[7.284,45.979],[7.287,45.979],[7.292,45.986],[7.29,45.989],[7.292,45.993],[7.289,45.997],[7.291,46.0],[7.303,45.993],[7.311,45.984],[7.315,45.975],[7.315,45.971],[7.313,45.968],[7.316,45.968],[7.32,45.973],[7.32,45.975],[7.317,45.977],[7.317,45.982],[7.319,45.984]]],[[[7.319,45.984],[7.316,45.986],[7.315,45.993],[7.317,45.993],[7.316,45.991],[7.319,45.989],[7.325,45.991],[7.323,45.993],[7.326,45.996],[7.332,45.995],[7.333,45.993],[7.327,45.986],[7.319,45.984]]],[[[7.359,46.101],[7.358,46.1],[7.348,46.105],[7.355,46.108],[7.348,46.114],[7.345,46.114],[7.351,46.117],[7.355,46.116],[7.356,46.112],[7.361,46.108],[7.358,46.103],[7.359,46.101]]],[[[7.265,46.339],[7.259,46.339],[7.258,46.341],[7.271,46.351],[7.276,46.352],[7.282,46.348],[7.28,46.346],[7.266,46.342],[7.265,46.339]]],[[[7.22,45.889],[7.214,45.889],[7.214,45.894],[7.223,45.895],[7.225,45.898],[7.226,45.903],[7.222,45.91],[7.226,45.912],[7.222,45.919],[7.229,45.92],[7.232,45.917],[7.252,45.919],[7.255,45.916],[7.263,45.914],[7.264,45.912],[7.262,45.91],[7.265,45.909],[7.266,45.914],[7.271,45.917],[7.274,45.917],[7.275,45.916],[7.274,45.914],[7.279,45.912],[7.278,45.908],[7.275,45.905],[7.255,45.891],[7.252,45.891],[7.243,45.896],[7.241,45.901],[7.237,45.901],[7.238,45.896],[7.24,45.894],[7.236,45.892],[7.223,45.893],[7.22,45.892],[7.22,45.889]]],[[[7.278,46.357],[7.263,46.349],[7.262,46.35],[7.263,46.357],[7.273,46.361],[7.277,46.36],[7.278,46.357]]],[[[7.248,46.015],[7.239,46.007],[7.235,46.01],[7.237,46.013],[7.235,46.015],[7.232,46.013],[7.231,46.015],[7.243,46.018],[7.248,46.015]]],[[[7.15,46.223],[7.131,46.231],[7.143,46.236],[7.143,46.238],[7.14,46.239],[7.134,46.234],[7.131,46.237],[7.124,46.239],[7.124,46.242],[7.131,46.243],[7.133,46.245],[7.132,46.247],[7.137,46.246],[7.14,46.254],[7.144,46.255],[7.147,46.258],[7.15,46.249],[7.146,46.245],[7.15,46.245],[7.152,46.247],[7.151,46.249],[7.158,46.254],[7.153,46.254],[7.15,46.259],[7.145,46.26],[7.153,46.261],[7.156,46.263],[7.157,46.265],[7.152,46.267],[7.158,46.269],[7.155,46.272],[7.163,46.274],[7.165,46.276],[7.163,46.278],[7.173,46.282],[7.167,46.285],[7.169,46.287],[7.175,46.287],[7.179,46.289],[7.185,46.287],[7.183,46.285],[7.184,46.278],[7.195,46.282],[7.199,46.281],[7.199,46.278],[7.195,46.27],[7.192,46.274],[7.189,46.274],[7.186,46.271],[7.185,46.269],[7.186,46.268],[7.189,46.27],[7.195,46.269],[7.189,46.267],[7.185,46.263],[7.186,46.261],[7.191,46.258],[7.199,46.259],[7.203,46.254],[7.2,46.249],[7.202,46.247],[7.219,46.245],[7.205,46.243],[7.202,46.241],[7.186,46.241],[7.176,46.237],[7.17,46.239],[7.148,46.236],[7.15,46.233],[7.146,46.231],[7.153,46.227],[7.152,46.224],[7.15,46.223]],[[7.163,46.254],[7.177,46.263],[7.17,46.264],[7.162,46.256],[7.163,46.254]]],[[[7.116,46.217],[7.111,46.218],[7.117,46.222],[7.118,46.226],[7.12,46.224],[7.119,46.222],[7.125,46.22],[7.116,46.217]]],[[[7.118,46.226],[7.12,46.231],[7.125,46.231],[7.128,46.233],[7.132,46.229],[7.128,46.226],[7.118,46.226]]],[[[7.116,46.188],[7.112,46.181],[7.107,46.188],[7.099,46.19],[7.102,46.196],[7.099,46.194],[7.092,46.194],[7.086,46.192],[7.082,46.194],[7.075,46.199],[7.075,46.202],[7.072,46.206],[7.079,46.211],[7.082,46.21],[7.086,46.213],[7.092,46.214],[7.097,46.213],[7.094,46.211],[7.095,46.21],[7.105,46.207],[7.108,46.209],[7.107,46.211],[7.102,46.213],[7.108,46.215],[7.113,46.211],[7.114,46.208],[7.12,46.206],[7.115,46.205],[7.105,46.206],[7.102,46.204],[7.101,46.202],[7.102,46.201],[7.105,46.199],[7.112,46.199],[7.114,46.197],[7.124,46.199],[7.127,46.197],[7.124,46.195],[7.124,46.193],[7.116,46.188]]],[[[7.111,45.86],[7.104,45.86],[7.107,45.862],[7.104,45.867],[7.097,45.869],[7.094,45.872],[7.097,45.875],[7.101,45.875],[7.105,45.873],[7.099,45.871],[7.107,45.871],[7.114,45.869],[7.12,45.872],[7.122,45.869],[7.111,45.86]]],[[[7.079,45.889],[7.077,45.891],[7.078,45.894],[7.068,45.898],[7.067,45.9],[7.075,45.908],[7.078,45.909],[7.079,45.905],[7.082,45.903],[7.08,45.898],[7.081,45.897],[7.085,45.898],[7.089,45.896],[7.084,45.895],[7.079,45.889]]],[[[7.055,45.943],[7.055,45.936],[7.065,45.936],[7.071,45.931],[7.072,45.929],[7.066,45.925],[7.069,45.923],[7.069,45.918],[7.062,45.916],[7.063,45.914],[7.058,45.912],[7.057,45.914],[7.047,45.92],[7.048,45.923],[7.044,45.925],[7.042,45.932],[7.039,45.933],[7.038,45.936],[7.035,45.938],[7.034,45.95],[7.038,45.952],[7.038,45.954],[7.016,45.96],[7.015,45.963],[7.008,45.967],[7.008,45.972],[7.017,45.981],[7.017,45.983],[7.011,45.988],[7.011,45.999],[6.993,46.0],[6.987,46.005],[6.984,46.005],[6.982,46.008],[6.983,46.017],[6.977,46.023],[6.974,46.024],[6.977,46.03],[6.984,46.028],[6.987,46.031],[6.993,46.024],[6.996,46.026],[6.998,46.021],[6.993,46.019],[6.996,46.016],[7.003,46.02],[7.019,46.018],[7.022,46.02],[7.028,46.017],[7.032,46.017],[7.035,46.012],[7.042,46.011],[7.045,46.008],[7.046,46.01],[7.043,46.013],[7.048,46.015],[7.053,46.015],[7.055,46.012],[7.057,46.013],[7.056,46.015],[7.059,46.015],[7.061,46.011],[7.067,46.012],[7.07,46.01],[7.063,46.008],[7.062,46.006],[7.064,46.004],[7.068,46.004],[7.069,46.001],[7.061,45.997],[7.06,45.995],[7.062,45.992],[7.058,45.992],[7.055,45.99],[7.054,45.986],[7.058,45.983],[7.053,45.979],[7.058,45.978],[7.068,45.982],[7.071,45.98],[7.074,45.982],[7.075,45.981],[7.077,45.974],[7.074,45.973],[7.071,45.968],[7.072,45.965],[7.076,45.963],[7.076,45.961],[7.072,45.959],[7.075,45.956],[7.074,45.954],[7.071,45.953],[7.069,45.954],[7.068,45.958],[7.061,45.961],[7.06,45.959],[7.064,45.952],[7.058,45.948],[7.055,45.943]],[[7.051,45.945],[7.049,45.946],[7.046,45.945],[7.051,45.945]]],[[[6.843,46.133],[6.853,46.135],[6.876,46.135],[6.879,46.137],[6.885,46.135],[6.898,46.141],[6.903,46.14],[6.908,46.142],[6.903,46.145],[6.898,46.145],[6.896,46.147],[6.898,46.149],[6.905,46.15],[6.908,46.152],[6.911,46.151],[6.916,46.156],[6.911,46.158],[6.911,46.16],[6.917,46.163],[6.914,46.165],[6.924,46.167],[6.926,46.165],[6.924,46.163],[6.927,46.161],[6.925,46.158],[6.926,46.156],[6.92,46.149],[6.919,46.145],[6.921,46.142],[6.925,46.14],[6.924,46.136],[6.928,46.138],[6.931,46.136],[6.932,46.134],[6.931,46.131],[6.934,46.129],[6.942,46.129],[6.939,46.134],[6.94,46.136],[6.947,46.133],[6.957,46.134],[6.954,46.131],[6.957,46.13],[6.97,46.135],[6.973,46.138],[6.974,46.136],[6.981,46.134],[6.97,46.129],[6.97,46.126],[6.963,46.125],[6.959,46.122],[6.937,46.124],[6.934,46.122],[6.931,46.116],[6.931,46.113],[6.933,46.111],[6.93,46.109],[6.931,46.105],[6.937,46.112],[6.957,46.109],[6.955,46.104],[6.956,46.102],[6.951,46.098],[6.942,46.098],[6.938,46.095],[6.942,46.093],[6.937,46.089],[6.939,46.084],[6.938,46.081],[6.931,46.081],[6.925,46.084],[6.925,46.086],[6.93,46.089],[6.919,46.089],[6.918,46.087],[6.917,46.093],[6.918,46.095],[6.928,46.102],[6.925,46.105],[6.918,46.1],[6.912,46.1],[6.907,46.104],[6.907,46.109],[6.905,46.11],[6.904,46.104],[6.897,46.093],[6.901,46.086],[6.912,46.082],[6.91,46.073],[6.912,46.069],[6.906,46.069],[6.9,46.066],[6.906,46.063],[6.909,46.064],[6.912,46.068],[6.92,46.066],[6.913,46.062],[6.913,46.059],[6.909,46.054],[6.9,46.05],[6.896,46.05],[6.891,46.046],[6.88,46.045],[6.877,46.047],[6.873,46.047],[6.869,46.052],[6.872,46.055],[6.873,46.06],[6.877,46.058],[6.88,46.059],[6.877,46.062],[6.876,46.066],[6.883,46.071],[6.885,46.07],[6.88,46.066],[6.886,46.059],[6.893,46.063],[6.898,46.064],[6.887,46.068],[6.892,46.073],[6.889,46.073],[6.887,46.077],[6.888,46.084],[6.884,46.086],[6.884,46.097],[6.888,46.1],[6.889,46.103],[6.892,46.104],[6.892,46.107],[6.895,46.109],[6.893,46.124],[6.886,46.126],[6.855,46.126],[6.847,46.131],[6.843,46.13],[6.842,46.131],[6.843,46.133]]],[[[6.843,46.133],[6.814,46.132],[6.808,46.137],[6.797,46.137],[6.798,46.139],[6.801,46.138],[6.811,46.14],[6.821,46.139],[6.824,46.141],[6.83,46.14],[6.85,46.142],[6.852,46.14],[6.843,46.133]]],[[[6.927,46.161],[6.928,46.165],[6.924,46.167],[6.937,46.175],[6.945,46.176],[6.947,46.178],[6.947,46.172],[6.949,46.17],[6.949,46.167],[6.953,46.165],[6.95,46.163],[6.935,46.161],[6.931,46.157],[6.927,46.161]]],[[[6.898,46.145],[6.895,46.143],[6.895,46.146],[6.898,46.145]]]]},"properties":{"value":120,"fill":"#0670B0","zIndex":5},"id":"4"},{"type":"Feature","geometry":{"type":"MultiPolygon","coordinates":[[[[10.098,46.841],[10.09,46.841],[10.09,46.846],[10.073,46.851],[10.082,46.853],[10.081,46.855],[10.085,46.855],[10.088,46.852],[10.094,46.851],[10.094,46.848],[10.098,46.841]]],[[[9.869,46.368],[9.856,46.366],[9.851,46.368],[9.85,46.372],[9.853,46.374],[9.869,46.374],[9.873,46.372],[9.874,46.369],[9.872,46.367],[9.869,46.368]]],[[[9.263,46.907],[9.259,46.907],[9.254,46.91],[9.253,46.907],[9.25,46.906],[9.247,46.908],[9.25,46.912],[9.25,46.915],[9.254,46.917],[9.257,46.916],[9.258,46.912],[9.263,46.907]]],[[[9.244,46.912],[9.24,46.912],[9.24,46.914],[9.245,46.919],[9.247,46.924],[9.251,46.925],[9.255,46.921],[9.25,46.917],[9.247,46.917],[9.244,46.912]]],[[[9.174,46.878],[9.17,46.874],[9.167,46.876],[9.164,46.874],[9.161,46.877],[9.159,46.877],[9.167,46.884],[9.174,46.885],[9.187,46.883],[9.204,46.888],[9.207,46.894],[9.214,46.895],[9.214,46.892],[9.21,46.891],[9.206,46.886],[9.21,46.885],[9.216,46.879],[9.21,46.877],[9.2,46.881],[9.193,46.882],[9.187,46.878],[9.174,46.878]]],[[[8.936,46.804],[8.917,46.802],[8.918,46.807],[8.915,46.813],[8.923,46.819],[8.926,46.813],[8.92,46.811],[8.92,46.807],[8.922,46.805],[8.936,46.806],[8.936,46.804]]],[[[8.844,46.796],[8.837,46.797],[8.834,46.799],[8.828,46.799],[8.834,46.803],[8.84,46.801],[8.85,46.805],[8.852,46.803],[8.848,46.801],[8.844,46.796]]],[[[8.85,46.805],[8.844,46.81],[8.848,46.816],[8.848,46.819],[8.841,46.817],[8.838,46.818],[8.835,46.821],[8.835,46.823],[8.831,46.825],[8.829,46.828],[8.83,46.83],[8.827,46.832],[8.826,46.835],[8.831,46.837],[8.845,46.836],[8.85,46.843],[8.848,46.848],[8.853,46.848],[8.861,46.845],[8.87,46.845],[8.888,46.851],[8.897,46.85],[8.901,46.853],[8.906,46.852],[8.902,46.845],[8.892,46.838],[8.893,46.834],[8.892,46.832],[8.894,46.829],[8.89,46.828],[8.887,46.823],[8.883,46.821],[8.887,46.819],[8.893,46.821],[8.896,46.82],[8.894,46.816],[8.883,46.818],[8.877,46.816],[8.873,46.812],[8.867,46.809],[8.857,46.809],[8.854,46.807],[8.854,46.805],[8.85,46.805]]],[[[8.793,46.736],[8.783,46.734],[8.782,46.736],[8.79,46.742],[8.804,46.741],[8.804,46.738],[8.8,46.736],[8.793,46.736]]],[[[8.526,46.795],[8.529,46.797],[8.536,46.797],[8.542,46.794],[8.553,46.793],[8.562,46.786],[8.555,46.784],[8.552,46.785],[8.546,46.782],[8.54,46.777],[8.538,46.772],[8.536,46.773],[8.538,46.775],[8.535,46.779],[8.529,46.778],[8.519,46.783],[8.513,46.782],[8.513,46.78],[8.509,46.778],[8.496,46.779],[8.493,46.776],[8.489,46.777],[8.489,46.782],[8.49,46.783],[8.496,46.781],[8.499,46.783],[8.506,46.784],[8.516,46.791],[8.52,46.789],[8.522,46.785],[8.525,46.786],[8.527,46.788],[8.527,46.793],[8.526,46.795]]],[[[8.54,46.845],[8.53,46.844],[8.523,46.847],[8.523,46.849],[8.543,46.85],[8.545,46.849],[8.54,46.845]]],[[[8.482,46.721],[8.486,46.724],[8.498,46.725],[8.501,46.724],[8.502,46.723],[8.5,46.721],[8.503,46.719],[8.5,46.717],[8.501,46.716],[8.505,46.717],[8.508,46.72],[8.509,46.719],[8.511,46.714],[8.508,46.71],[8.504,46.709],[8.501,46.712],[8.485,46.714],[8.485,46.712],[8.49,46.708],[8.489,46.706],[8.492,46.703],[8.491,46.701],[8.488,46.701],[8.485,46.703],[8.478,46.71],[8.477,46.712],[8.479,46.715],[8.472,46.717],[8.471,46.719],[8.477,46.726],[8.479,46.727],[8.485,46.724],[8.482,46.722],[8.482,46.721]],[[8.482,46.721],[8.482,46.719],[8.488,46.716],[8.489,46.719],[8.488,46.72],[8.482,46.721]]],[[[8.486,46.413],[8.48,46.413],[8.469,46.416],[8.469,46.419],[8.473,46.421],[8.49,46.418],[8.487,46.416],[8.486,46.413]]],[[[8.408,46.605],[8.393,46.608],[8.389,46.605],[8.378,46.603],[8.378,46.614],[8.374,46.621],[8.371,46.623],[8.37,46.63],[8.369,46.631],[8.366,46.629],[8.363,46.631],[8.359,46.629],[8.358,46.63],[8.361,46.637],[8.359,46.639],[8.356,46.638],[8.354,46.639],[8.351,46.644],[8.352,46.655],[8.347,46.658],[8.343,46.655],[8.338,46.655],[8.348,46.664],[8.348,46.666],[8.347,46.667],[8.344,46.665],[8.334,46.669],[8.331,46.673],[8.334,46.675],[8.344,46.675],[8.35,46.673],[8.346,46.671],[8.347,46.67],[8.353,46.674],[8.36,46.671],[8.36,46.668],[8.367,46.666],[8.368,46.668],[8.365,46.671],[8.357,46.673],[8.356,46.675],[8.373,46.676],[8.38,46.675],[8.384,46.682],[8.379,46.684],[8.392,46.686],[8.383,46.689],[8.39,46.689],[8.396,46.692],[8.398,46.691],[8.397,46.686],[8.399,46.679],[8.397,46.677],[8.402,46.675],[8.402,46.673],[8.403,46.675],[8.4,46.677],[8.4,46.679],[8.403,46.68],[8.404,46.682],[8.402,46.686],[8.403,46.691],[8.398,46.693],[8.4,46.697],[8.398,46.7],[8.404,46.702],[8.402,46.704],[8.403,46.706],[8.41,46.704],[8.416,46.707],[8.419,46.706],[8.433,46.71],[8.441,46.704],[8.438,46.702],[8.439,46.701],[8.452,46.705],[8.454,46.704],[8.455,46.696],[8.458,46.699],[8.462,46.696],[8.475,46.693],[8.475,46.691],[8.47,46.688],[8.471,46.686],[8.482,46.685],[8.48,46.681],[8.485,46.679],[8.485,46.676],[8.481,46.676],[8.482,46.674],[8.474,46.674],[8.472,46.677],[8.468,46.677],[8.466,46.679],[8.468,46.681],[8.465,46.683],[8.458,46.673],[8.455,46.674],[8.452,46.68],[8.445,46.677],[8.435,46.681],[8.438,46.686],[8.435,46.688],[8.432,46.682],[8.427,46.684],[8.429,46.686],[8.408,46.691],[8.411,46.688],[8.412,46.683],[8.416,46.683],[8.421,46.679],[8.415,46.677],[8.419,46.676],[8.421,46.672],[8.42,46.67],[8.424,46.668],[8.422,46.666],[8.422,46.663],[8.427,46.661],[8.423,46.659],[8.428,46.659],[8.432,46.657],[8.429,46.659],[8.436,46.661],[8.436,46.654],[8.438,46.649],[8.443,46.648],[8.441,46.643],[8.443,46.636],[8.44,46.634],[8.45,46.627],[8.441,46.624],[8.431,46.626],[8.428,46.63],[8.422,46.632],[8.421,46.64],[8.421,46.631],[8.424,46.627],[8.428,46.627],[8.434,46.621],[8.436,46.621],[8.435,46.616],[8.437,46.614],[8.44,46.614],[8.437,46.611],[8.431,46.61],[8.428,46.607],[8.424,46.608],[8.421,46.606],[8.419,46.607],[8.42,46.61],[8.418,46.616],[8.411,46.616],[8.408,46.614],[8.411,46.611],[8.414,46.614],[8.417,46.612],[8.414,46.608],[8.408,46.605]],[[8.426,46.650333333333336],[8.428,46.65],[8.428,46.651],[8.426,46.650333333333336]],[[8.424399999999999,46.650600000000004],[8.423,46.652],[8.422,46.657],[8.415,46.658],[8.415,46.661],[8.421,46.663],[8.42,46.666],[8.415,46.665],[8.413,46.666],[8.414,46.668],[8.409,46.668],[8.408,46.661],[8.412,46.657],[8.418,46.656],[8.422,46.654],[8.421,46.652],[8.422,46.651],[8.424399999999999,46.650600000000004]]],[[[8.47,46.769],[8.466,46.768],[8.463,46.77],[8.457,46.77],[8.45,46.767],[8.442,46.771],[8.444,46.774],[8.447,46.772],[8.453,46.773],[8.457,46.772],[8.466,46.775],[8.47,46.769]]],[[[8.47,46.697],[8.468,46.696],[8.459,46.699],[8.463,46.701],[8.455,46.705],[8.453,46.708],[8.459,46.709],[8.466,46.706],[8.469,46.704],[8.47,46.697]]],[[[8.435,46.776],[8.422,46.774],[8.426,46.778],[8.427,46.783],[8.434,46.785],[8.435,46.783],[8.432,46.778],[8.435,46.776]]],[[[8.317,46.426],[8.309,46.426],[8.31,46.436],[8.313,46.437],[8.314,46.44],[8.33,46.442],[8.333,46.44],[8.334,46.442],[8.34,46.442],[8.34,46.439],[8.336,46.435],[8.327,46.432],[8.324,46.428],[8.32,46.428],[8.317,46.426]]],[[[8.116,46.598],[8.104,46.603],[8.101,46.606],[8.097,46.605],[8.091,46.607],[8.101,46.611],[8.108,46.611],[8.114,46.617],[8.118,46.616],[8.115,46.621],[8.118,46.624],[8.119,46.63],[8.117,46.632],[8.121,46.632],[8.127,46.639],[8.123,46.639],[8.121,46.637],[8.116,46.639],[8.117,46.641],[8.132,46.645],[8.134,46.647],[8.141,46.647],[8.146,46.65],[8.144,46.652],[8.147,46.655],[8.154,46.655],[8.159,46.652],[8.163,46.638],[8.167,46.635],[8.175,46.634],[8.168,46.629],[8.18,46.621],[8.185,46.614],[8.184,46.609],[8.179,46.604],[8.183,46.603],[8.183,46.6],[8.192,46.597],[8.195,46.6],[8.202,46.596],[8.205,46.598],[8.215,46.598],[8.217,46.591],[8.215,46.589],[8.208,46.59],[8.205,46.589],[8.203,46.591],[8.205,46.593],[8.201,46.591],[8.199,46.588],[8.195,46.59],[8.189,46.588],[8.183,46.591],[8.184,46.593],[8.182,46.595],[8.176,46.595],[8.163,46.601],[8.159,46.6],[8.158,46.605],[8.156,46.605],[8.153,46.601],[8.149,46.6],[8.16,46.594],[8.163,46.587],[8.159,46.587],[8.153,46.591],[8.15,46.589],[8.152,46.587],[8.147,46.582],[8.155,46.58],[8.15,46.579],[8.146,46.58],[8.146,46.582],[8.143,46.583],[8.14,46.587],[8.147,46.591],[8.149,46.594],[8.142,46.594],[8.146,46.591],[8.137,46.586],[8.134,46.587],[8.134,46.593],[8.124,46.595],[8.114,46.594],[8.112,46.596],[8.116,46.598]]],[[[7.934,46.471],[7.927,46.47],[7.917,46.472],[7.916,46.476],[7.919,46.482],[7.917,46.484],[7.916,46.489],[7.924,46.491],[7.926,46.494],[7.922,46.496],[7.924,46.498],[7.932,46.5],[7.934,46.496],[7.933,46.502],[7.934,46.505],[7.94,46.509],[7.954,46.511],[7.958,46.514],[7.963,46.515],[7.969,46.514],[7.972,46.511],[7.976,46.51],[7.977,46.511],[7.975,46.514],[7.97,46.514],[7.968,46.516],[7.97,46.52],[7.969,46.523],[7.971,46.525],[7.968,46.529],[7.971,46.534],[7.967,46.538],[7.968,46.541],[7.972,46.543],[7.971,46.545],[7.975,46.552],[7.983,46.55],[7.996,46.557],[8.003,46.556],[8.004,46.558],[7.998,46.563],[8.003,46.567],[8.008,46.567],[8.013,46.574],[8.018,46.572],[8.017,46.57],[8.019,46.568],[8.029,46.573],[8.039,46.57],[8.048,46.57],[8.052,46.568],[8.065,46.569],[8.066,46.565],[8.07,46.563],[8.065,46.562],[8.058,46.567],[8.055,46.564],[8.045,46.562],[8.035,46.568],[8.025,46.567],[8.029,46.564],[8.032,46.564],[8.042,46.559],[8.055,46.557],[8.057,46.556],[8.058,46.551],[8.06,46.554],[8.078,46.558],[8.078,46.56],[8.084,46.562],[8.078,46.565],[8.079,46.567],[8.076,46.569],[8.078,46.572],[8.081,46.57],[8.084,46.572],[8.088,46.571],[8.091,46.568],[8.093,46.569],[8.092,46.571],[8.094,46.58],[8.098,46.578],[8.107,46.567],[8.11,46.572],[8.115,46.576],[8.11,46.58],[8.109,46.583],[8.114,46.587],[8.12,46.588],[8.123,46.587],[8.123,46.585],[8.119,46.582],[8.12,46.58],[8.118,46.576],[8.12,46.571],[8.123,46.566],[8.134,46.555],[8.14,46.553],[8.146,46.548],[8.149,46.551],[8.133,46.56],[8.133,46.562],[8.13,46.565],[8.125,46.567],[8.122,46.573],[8.121,46.578],[8.124,46.58],[8.13,46.577],[8.133,46.582],[8.137,46.583],[8.138,46.576],[8.14,46.575],[8.143,46.566],[8.15,46.573],[8.152,46.569],[8.151,46.567],[8.154,46.564],[8.149,46.564],[8.148,46.562],[8.153,46.553],[8.156,46.552],[8.168,46.555],[8.171,46.553],[8.171,46.551],[8.166,46.546],[8.169,46.544],[8.172,46.545],[8.177,46.544],[8.177,46.542],[8.175,46.541],[8.172,46.543],[8.169,46.542],[8.174,46.537],[8.169,46.535],[8.162,46.538],[8.159,46.543],[8.145,46.54],[8.141,46.537],[8.146,46.535],[8.159,46.538],[8.162,46.534],[8.172,46.534],[8.173,46.53],[8.17,46.526],[8.172,46.524],[8.175,46.526],[8.173,46.528],[8.175,46.528],[8.18,46.533],[8.178,46.535],[8.183,46.539],[8.184,46.542],[8.18,46.544],[8.185,46.545],[8.188,46.542],[8.194,46.542],[8.186,46.537],[8.188,46.535],[8.207,46.532],[8.201,46.53],[8.2,46.528],[8.204,46.524],[8.204,46.518],[8.207,46.514],[8.205,46.51],[8.195,46.51],[8.201,46.512],[8.201,46.517],[8.198,46.52],[8.183,46.515],[8.185,46.512],[8.184,46.51],[8.181,46.509],[8.172,46.514],[8.165,46.511],[8.162,46.514],[8.159,46.513],[8.158,46.515],[8.161,46.517],[8.161,46.519],[8.159,46.521],[8.145,46.522],[8.143,46.526],[8.134,46.535],[8.133,46.538],[8.137,46.54],[8.133,46.543],[8.13,46.545],[8.123,46.546],[8.117,46.551],[8.106,46.551],[8.119,46.547],[8.119,46.544],[8.124,46.542],[8.123,46.538],[8.12,46.535],[8.123,46.533],[8.127,46.533],[8.135,46.528],[8.133,46.523],[8.119,46.524],[8.113,46.529],[8.117,46.531],[8.113,46.532],[8.11,46.536],[8.106,46.533],[8.11,46.526],[8.116,46.52],[8.126,46.518],[8.141,46.508],[8.129,46.507],[8.123,46.498],[8.119,46.497],[8.119,46.491],[8.122,46.486],[8.119,46.484],[8.106,46.488],[8.103,46.486],[8.103,46.488],[8.106,46.491],[8.114,46.493],[8.1,46.493],[8.1,46.496],[8.107,46.497],[8.096,46.499],[8.096,46.502],[8.088,46.504],[8.086,46.511],[8.092,46.513],[8.079,46.515],[8.08,46.517],[8.082,46.517],[8.081,46.52],[8.082,46.524],[8.081,46.527],[8.078,46.529],[8.085,46.531],[8.081,46.537],[8.074,46.542],[8.074,46.533],[8.076,46.531],[8.074,46.529],[8.071,46.529],[8.071,46.526],[8.064,46.527],[8.058,46.525],[8.057,46.524],[8.063,46.52],[8.055,46.515],[8.053,46.515],[8.053,46.518],[8.048,46.516],[8.045,46.517],[8.028,46.534],[8.027,46.529],[8.029,46.525],[8.026,46.522],[8.028,46.52],[8.039,46.518],[8.039,46.509],[8.036,46.506],[8.036,46.497],[8.038,46.495],[8.031,46.494],[8.024,46.491],[8.021,46.488],[8.018,46.49],[8.011,46.489],[8.016,46.484],[8.008,46.483],[8.002,46.485],[7.995,46.483],[7.985,46.478],[7.982,46.474],[7.976,46.474],[7.972,46.476],[7.966,46.474],[7.963,46.475],[7.96,46.478],[7.943,46.484],[7.939,46.487],[7.937,46.491],[7.935,46.489],[7.936,46.487],[7.934,46.482],[7.937,46.48],[7.943,46.481],[7.947,46.478],[7.946,46.476],[7.943,46.476],[7.94,46.478],[7.934,46.471]],[[8.004,46.502],[8.022,46.505],[8.024,46.509],[8.022,46.512],[8.018,46.512],[8.008,46.516],[8.008,46.513],[8.015,46.513],[8.02,46.509],[8.015,46.506],[8.009,46.505],[8.003,46.507],[8.007,46.504],[8.004,46.502]],[[7.966,46.493],[7.968,46.498],[7.971,46.5],[7.966,46.501],[7.963,46.507],[7.96,46.505],[7.966,46.493]]],[[[8.13,46.301],[8.122,46.301],[8.127,46.303],[8.127,46.306],[8.13,46.31],[8.135,46.31],[8.136,46.312],[8.14,46.306],[8.143,46.307],[8.144,46.306],[8.136,46.305],[8.13,46.301]]],[[[8.087,46.239],[8.084,46.245],[8.093,46.249],[8.107,46.25],[8.107,46.247],[8.11,46.245],[8.103,46.24],[8.098,46.241],[8.087,46.239]]],[[[8.104,46.602],[8.108,46.601],[8.104,46.599],[8.104,46.602]]],[[[8.025,46.446],[8.014,46.445],[8.011,46.448],[8.012,46.45],[8.011,46.453],[8.008,46.452],[8.006,46.453],[8.004,46.457],[8.0,46.459],[8.004,46.462],[8.0,46.466],[8.006,46.471],[8.006,46.477],[8.008,46.478],[8.017,46.475],[8.018,46.472],[8.013,46.462],[8.019,46.455],[8.016,46.453],[8.025,46.448],[8.025,46.446]]],[[[8.017,46.432],[8.008,46.43],[8.005,46.433],[8.001,46.432],[8.001,46.435],[8.005,46.435],[8.007,46.437],[8.004,46.439],[8.006,46.441],[8.006,46.444],[8.008,46.445],[8.014,46.442],[8.024,46.442],[8.025,46.441],[8.021,46.436],[8.019,46.437],[8.018,46.44],[8.014,46.441],[8.01,46.439],[8.017,46.432]]],[[[7.982,46.457],[7.978,46.457],[7.977,46.46],[7.981,46.466],[7.976,46.469],[7.984,46.469],[7.983,46.466],[7.986,46.464],[7.983,46.462],[7.982,46.457]]],[[[7.965,46.451],[7.959,46.449],[7.952,46.455],[7.952,46.46],[7.957,46.462],[7.959,46.468],[7.964,46.462],[7.963,46.453],[7.965,46.451]]],[[[7.874,45.954],[7.867,45.958],[7.864,45.958],[7.861,45.962],[7.848,45.965],[7.849,45.968],[7.847,45.974],[7.85,45.979],[7.849,45.988],[7.845,45.987],[7.842,45.99],[7.848,45.995],[7.847,45.997],[7.852,45.996],[7.853,45.992],[7.856,45.992],[7.857,45.995],[7.853,46.001],[7.853,46.004],[7.855,46.005],[7.861,46.005],[7.871,46.008],[7.894,46.006],[7.901,46.008],[7.894,46.008],[7.891,46.01],[7.896,46.012],[7.896,46.015],[7.891,46.017],[7.888,46.017],[7.892,46.015],[7.891,46.013],[7.881,46.013],[7.879,46.012],[7.878,46.009],[7.871,46.009],[7.863,46.013],[7.871,46.015],[7.881,46.02],[7.884,46.019],[7.895,46.037],[7.894,46.038],[7.887,46.034],[7.881,46.033],[7.878,46.023],[7.877,46.026],[7.874,46.026],[7.868,46.03],[7.87,46.033],[7.865,46.042],[7.868,46.045],[7.881,46.048],[7.888,46.047],[7.889,46.044],[7.888,46.042],[7.891,46.04],[7.894,46.042],[7.907,46.044],[7.913,46.049],[7.92,46.049],[7.921,46.046],[7.92,46.044],[7.923,46.04],[7.926,46.043],[7.93,46.043],[7.931,46.041],[7.928,46.039],[7.93,46.037],[7.918,46.03],[7.918,46.026],[7.907,46.02],[7.903,46.016],[7.898,46.015],[7.903,46.014],[7.905,46.012],[7.905,46.006],[7.907,46.004],[7.914,46.01],[7.909,46.012],[7.91,46.015],[7.916,46.019],[7.92,46.015],[7.923,46.015],[7.926,46.02],[7.936,46.022],[7.943,46.017],[7.943,46.014],[7.946,46.012],[7.946,46.01],[7.952,46.01],[7.955,46.005],[7.961,46.007],[7.964,46.005],[7.964,46.003],[7.963,46.001],[7.955,45.999],[7.932,45.999],[7.929,46.001],[7.923,45.999],[7.923,45.997],[7.909,45.999],[7.897,45.985],[7.89,45.98],[7.881,45.977],[7.878,45.974],[7.878,45.965],[7.876,45.963],[7.874,45.954]]],[[[7.907,46.421],[7.91,46.419666666666664],[7.91,46.424],[7.933,46.433],[7.941,46.433],[7.942,46.43],[7.942,46.428],[7.936,46.428],[7.917,46.421],[7.911,46.422],[7.910193548387098,46.41958064516129],[7.916,46.417],[7.915,46.415],[7.919,46.41],[7.913,46.41],[7.912,46.413],[7.897,46.419],[7.895,46.422],[7.904,46.425],[7.907,46.421]]],[[[7.894,46.052],[7.888,46.05],[7.887,46.051],[7.886,46.057],[7.891,46.065],[7.894,46.062],[7.897,46.064],[7.901,46.064],[7.902,46.062],[7.901,46.057],[7.894,46.052]]],[[[7.882,46.053],[7.878,46.051],[7.868,46.055],[7.872,46.057],[7.87,46.06],[7.871,46.066],[7.878,46.07],[7.885,46.064],[7.882,46.053]]],[[[7.871,46.39],[7.866,46.39],[7.866,46.393],[7.858,46.394],[7.855,46.4],[7.851,46.402],[7.849,46.406],[7.855,46.408],[7.862,46.406],[7.861,46.408],[7.865,46.41],[7.868,46.409],[7.87,46.413],[7.874,46.411],[7.881,46.414],[7.881,46.405],[7.875,46.402],[7.874,46.396],[7.87,46.395],[7.869,46.393],[7.871,46.39]]],[[[7.87,46.019],[7.854,46.019],[7.862,46.022],[7.865,46.026],[7.875,46.021],[7.87,46.019]]],[[[7.865,45.92],[7.845,45.923],[7.85,45.925],[7.845,45.926],[7.836,45.932],[7.825,45.936],[7.817,45.941],[7.825,45.946],[7.829,45.946],[7.841,45.938],[7.848,45.939],[7.854,45.934],[7.861,45.937],[7.867,45.934],[7.863,45.932],[7.864,45.928],[7.867,45.933],[7.871,45.934],[7.871,45.932],[7.874,45.93],[7.874,45.927],[7.865,45.92]]],[[[7.78,46.442],[7.775,46.442],[7.775,46.445],[7.779,46.449],[7.784,46.449],[7.783,46.454],[7.78,46.456],[7.787,46.46],[7.785,46.463],[7.791,46.465],[7.791,46.467],[7.788,46.469],[7.797,46.475],[7.8,46.475],[7.8,46.477],[7.796,46.478],[7.795,46.481],[7.796,46.483],[7.794,46.485],[7.8,46.49],[7.81,46.492],[7.823,46.5],[7.829,46.498],[7.836,46.499],[7.849,46.496],[7.851,46.494],[7.841,46.489],[7.849,46.489],[7.852,46.487],[7.857,46.489],[7.858,46.492],[7.862,46.494],[7.862,46.489],[7.865,46.486],[7.869,46.485],[7.87,46.483],[7.865,46.481],[7.864,46.48],[7.865,46.478],[7.862,46.475],[7.852,46.472],[7.849,46.467],[7.841,46.465],[7.839,46.461],[7.833,46.465],[7.828,46.465],[7.822,46.458],[7.806,46.456],[7.804,46.453],[7.8,46.453],[7.797,46.45],[7.787,46.447],[7.78,46.442]]],[[[7.868,45.941],[7.867,45.94],[7.861,45.942],[7.858,45.94],[7.854,45.941],[7.85,45.945],[7.842,45.947],[7.833,45.952],[7.838,45.952],[7.841,45.954],[7.842,45.957],[7.848,45.957],[7.851,45.956],[7.852,45.954],[7.858,45.953],[7.868,45.941]]],[[[7.804,45.921],[7.794,45.921],[7.793,45.924],[7.797,45.927],[7.795,45.93],[7.791,45.932],[7.789,45.936],[7.793,45.942],[7.796,45.941],[7.794,45.939],[7.796,45.937],[7.8,45.944],[7.808,45.941],[7.809,45.938],[7.807,45.936],[7.808,45.932],[7.807,45.929],[7.804,45.927],[7.812,45.925],[7.804,45.921]]],[[[7.795,46.499],[7.768,46.495],[7.766,46.496],[7.764,46.504],[7.768,46.503],[7.771,46.5],[7.773,46.503],[7.769,46.505],[7.767,46.508],[7.771,46.51],[7.77,46.512],[7.771,46.513],[7.779,46.51],[7.777,46.508],[7.773,46.508],[7.775,46.505],[7.79,46.499],[7.795,46.499]]],[[[7.781,45.932],[7.78,45.929],[7.776,45.932],[7.779,45.934],[7.773,45.943],[7.774,45.945],[7.786,45.943],[7.786,45.934],[7.781,45.932]]],[[[7.733,45.925],[7.718,45.925],[7.715,45.928],[7.716,45.93],[7.709,45.934],[7.709,45.945],[7.716,45.952],[7.721,45.948],[7.717,45.943],[7.726,45.941],[7.723,45.939],[7.722,45.935],[7.729,45.94],[7.732,45.938],[7.736,45.941],[7.732,45.942],[7.732,45.944],[7.735,45.943],[7.738,45.945],[7.741,45.943],[7.741,45.941],[7.748,45.941],[7.739,45.934],[7.738,45.931],[7.733,45.93],[7.733,45.925]]],[[[7.734,46.125],[7.725,46.125],[7.723,46.128],[7.716,46.132],[7.72,46.137],[7.727,46.138],[7.733,46.133],[7.736,46.132],[7.739,46.134],[7.742,46.132],[7.734,46.128],[7.734,46.125]]],[[[7.739,46.134],[7.743,46.137],[7.743,46.133],[7.739,46.134]]],[[[7.707,46.116],[7.697,46.12],[7.688,46.126],[7.685,46.13],[7.691,46.133],[7.697,46.131],[7.707,46.133],[7.714,46.126],[7.716,46.121],[7.713,46.121],[7.71,46.125],[7.703,46.128],[7.708,46.121],[7.707,46.116]]],[[[7.706,46.062],[7.7,46.061],[7.696,46.065],[7.697,46.072],[7.702,46.074],[7.701,46.078],[7.704,46.082],[7.705,46.074],[7.707,46.071],[7.713,46.068],[7.705,46.065],[7.706,46.062]]],[[[7.68,46.065],[7.673,46.065],[7.672,46.067],[7.675,46.068],[7.675,46.07],[7.671,46.071],[7.668,46.074],[7.671,46.077],[7.675,46.078],[7.667,46.083],[7.675,46.085],[7.684,46.082],[7.691,46.082],[7.694,46.08],[7.673,46.074],[7.681,46.072],[7.682,46.067],[7.68,46.065]]],[[[7.645,46.028],[7.639,46.025],[7.634,46.031],[7.639,46.033],[7.629,46.035],[7.628,46.038],[7.632,46.041],[7.636,46.041],[7.641,46.036],[7.642,46.033],[7.646,46.036],[7.648,46.033],[7.645,46.028]]],[[[7.641,45.977],[7.635,45.976],[7.632,45.977],[7.629,45.981],[7.626,45.98],[7.616,45.981],[7.608,45.984],[7.61,45.987],[7.619,45.985],[7.623,45.987],[7.635,45.984],[7.639,45.981],[7.641,45.977]]],[[[7.607,46.058],[7.6,46.06],[7.599,46.063],[7.594,46.065],[7.593,46.069],[7.594,46.071],[7.597,46.07],[7.603,46.075],[7.607,46.076],[7.609,46.074],[7.606,46.065],[7.607,46.058]]],[[[7.59,45.986],[7.581,45.977],[7.58,45.982],[7.574,45.986],[7.575,45.988],[7.574,45.989],[7.561,45.99],[7.559,45.986],[7.55,45.986],[7.55,45.989],[7.545,45.994],[7.54,45.995],[7.54,45.998],[7.543,46.0],[7.539,46.007],[7.542,46.015],[7.545,46.017],[7.552,46.011],[7.554,46.013],[7.553,46.015],[7.555,46.018],[7.565,46.01],[7.562,46.013],[7.562,46.015],[7.565,46.017],[7.568,46.015],[7.574,46.019],[7.584,46.017],[7.586,46.018],[7.585,46.02],[7.587,46.022],[7.594,46.02],[7.597,46.026],[7.6,46.025],[7.602,46.02],[7.601,46.004],[7.592,46.002],[7.586,45.997],[7.594,46.001],[7.597,45.999],[7.608,46.0],[7.608,45.997],[7.606,45.997],[7.6,45.992],[7.594,45.992],[7.59,45.99],[7.59,45.986]]],[[[7.598,45.977],[7.59,45.974],[7.588,45.975],[7.587,45.978],[7.596,45.984],[7.597,45.989],[7.603,45.99],[7.605,45.988],[7.604,45.982],[7.597,45.98],[7.596,45.979],[7.598,45.977]]],[[[7.568,46.405],[7.563,46.405],[7.563,46.409],[7.567,46.411],[7.567,46.416],[7.575,46.42],[7.582,46.42],[7.583,46.418],[7.582,46.417],[7.573,46.414],[7.568,46.405]]],[[[7.508,46.366],[7.502,46.366],[7.498,46.371],[7.487,46.369],[7.48,46.375],[7.475,46.382],[7.462,46.378],[7.458,46.375],[7.455,46.376],[7.454,46.378],[7.46,46.38],[7.461,46.382],[7.468,46.382],[7.465,46.384],[7.468,46.386],[7.476,46.387],[7.473,46.389],[7.474,46.39],[7.484,46.388],[7.487,46.39],[7.491,46.39],[7.497,46.396],[7.507,46.395],[7.509,46.398],[7.513,46.398],[7.517,46.401],[7.523,46.401],[7.525,46.402],[7.524,46.405],[7.53,46.406],[7.533,46.412],[7.538,46.414],[7.546,46.414],[7.549,46.418],[7.544,46.42],[7.549,46.421],[7.552,46.424],[7.557,46.423],[7.56,46.42],[7.551,46.418],[7.562,46.416],[7.559,46.414],[7.551,46.414],[7.542,46.411],[7.545,46.405],[7.549,46.402],[7.548,46.398],[7.549,46.396],[7.556,46.392],[7.559,46.387],[7.562,46.393],[7.565,46.393],[7.575,46.388],[7.579,46.389],[7.579,46.384],[7.575,46.382],[7.572,46.378],[7.569,46.38],[7.57,46.382],[7.569,46.384],[7.565,46.382],[7.556,46.383],[7.549,46.382],[7.546,46.38],[7.535,46.38],[7.526,46.377],[7.52,46.377],[7.517,46.375],[7.507,46.377],[7.503,46.373],[7.504,46.372],[7.51,46.374],[7.512,46.371],[7.509,46.369],[7.508,46.366]]],[[[7.542,45.962],[7.539,45.961],[7.526,45.966],[7.522,45.965],[7.521,45.971],[7.523,45.973],[7.529,45.969],[7.535,45.969],[7.542,45.965],[7.542,45.962]]],[[[7.487,45.957],[7.482,45.962],[7.484,45.963],[7.483,45.966],[7.485,45.968],[7.486,45.973],[7.481,45.976],[7.468,45.975],[7.469,45.98],[7.471,45.982],[7.481,45.985],[7.49,45.984],[7.49,45.98],[7.5,45.975],[7.501,45.973],[7.5,45.971],[7.498,45.971],[7.497,45.966],[7.503,45.961],[7.487,45.957]]],[[[7.416,45.98],[7.414,45.982],[7.416,45.984],[7.414,45.991],[7.419,45.994],[7.421,45.993],[7.42,45.991],[7.426,45.991],[7.428,45.989],[7.423,45.981],[7.416,45.98]]],[[[7.426,45.991],[7.427,45.993],[7.433,45.995],[7.433,46.0],[7.439,46.002],[7.441,45.995],[7.443,45.993],[7.468,45.991],[7.464,45.99],[7.461,45.987],[7.46,45.989],[7.455,45.99],[7.452,45.989],[7.449,45.986],[7.45,45.984],[7.449,45.982],[7.443,45.975],[7.436,45.971],[7.437,45.968],[7.435,45.967],[7.431,45.973],[7.432,45.976],[7.436,45.977],[7.439,45.98],[7.432,45.98],[7.431,45.984],[7.434,45.989],[7.426,45.991]]],[[[7.41,45.993],[7.415,45.993],[7.413,45.992],[7.41,45.993]]],[[[7.4,45.986],[7.387,45.978],[7.383,45.982],[7.382,45.993],[7.378,46.0],[7.375,46.002],[7.376,46.004],[7.381,46.005],[7.387,46.003],[7.39,46.004],[7.397,46.001],[7.4,45.998],[7.401,46.004],[7.404,46.007],[7.413,46.005],[7.411,46.0],[7.404,45.995],[7.406,45.993],[7.404,45.991],[7.408,45.986],[7.4,45.986]]],[[[7.36,46.346],[7.354,46.346],[7.355,46.351],[7.354,46.352],[7.352,46.351],[7.353,46.348],[7.35,46.348],[7.35,46.351],[7.348,46.352],[7.341,46.351],[7.338,46.349],[7.335,46.349],[7.333,46.351],[7.338,46.357],[7.348,46.361],[7.351,46.36],[7.352,46.355],[7.358,46.355],[7.367,46.368],[7.374,46.37],[7.377,46.373],[7.396,46.376],[7.398,46.378],[7.406,46.378],[7.4,46.372],[7.393,46.373],[7.388,46.371],[7.387,46.369],[7.392,46.364],[7.388,46.362],[7.391,46.36],[7.392,46.357],[7.391,46.355],[7.383,46.355],[7.377,46.352],[7.37,46.351],[7.361,46.352],[7.36,46.346]]],[[[7.377,46.341],[7.374,46.336],[7.364,46.338],[7.361,46.336],[7.359,46.339],[7.362,46.344],[7.37,46.347],[7.381,46.346],[7.383,46.343],[7.387,46.344],[7.388,46.342],[7.383,46.339],[7.378,46.339],[7.377,46.341]]],[[[7.357,46.065],[7.351,46.063],[7.332,46.07],[7.335,46.075],[7.345,46.075],[7.348,46.074],[7.349,46.069],[7.351,46.068],[7.353,46.069],[7.353,46.072],[7.361,46.077],[7.364,46.074],[7.357,46.065]]],[[[7.312,45.921],[7.303,45.921],[7.307,45.922],[7.311,45.928],[7.321,45.928],[7.318,45.923],[7.312,45.921]]],[[[7.291,45.943],[7.297,45.948],[7.3,45.946],[7.3,45.943],[7.297,45.94],[7.291,45.941],[7.291,45.943]]],[[[7.297,45.948],[7.305,45.95],[7.304,45.953],[7.301,45.955],[7.306,45.957],[7.308,45.964],[7.313,45.965],[7.316,45.964],[7.314,45.962],[7.313,45.957],[7.307,45.953],[7.307,45.95],[7.31,45.948],[7.31,45.945],[7.306,45.944],[7.297,45.948]]],[[[7.281,45.941],[7.277,45.943],[7.276,45.946],[7.271,45.95],[7.27,45.955],[7.271,45.957],[7.268,45.959],[7.268,45.962],[7.274,45.962],[7.277,45.964],[7.277,45.968],[7.274,45.971],[7.277,45.975],[7.281,45.973],[7.283,45.97],[7.281,45.968],[7.284,45.965],[7.287,45.968],[7.29,45.967],[7.292,45.968],[7.296,45.975],[7.3,45.978],[7.306,45.974],[7.31,45.974],[7.311,45.973],[7.31,45.97],[7.304,45.966],[7.299,45.957],[7.294,45.954],[7.287,45.957],[7.283,45.955],[7.295,45.95],[7.284,45.947],[7.281,45.941]]],[[[7.287,45.968],[7.285,45.97],[7.287,45.971],[7.288,45.97],[7.287,45.968]]],[[[7.268,45.901],[7.255,45.891],[7.251,45.894],[7.252,45.896],[7.249,45.894],[7.245,45.897],[7.249,45.899],[7.258,45.898],[7.261,45.904],[7.265,45.906],[7.268,45.905],[7.269,45.903],[7.268,45.901]]],[[[7.196,46.305],[7.191,46.305],[7.19,46.308],[7.198,46.315],[7.202,46.316],[7.202,46.319],[7.205,46.323],[7.208,46.323],[7.208,46.326],[7.205,46.328],[7.215,46.333],[7.219,46.332],[7.217,46.328],[7.218,46.327],[7.224,46.327],[7.234,46.331],[7.241,46.326],[7.254,46.325],[7.255,46.323],[7.25,46.322],[7.25,46.319],[7.242,46.312],[7.231,46.31],[7.211,46.316],[7.205,46.314],[7.202,46.308],[7.196,46.305]]],[[[7.179,46.24],[7.176,46.239],[7.171,46.24],[7.173,46.242],[7.16,46.239],[7.153,46.243],[7.156,46.245],[7.16,46.244],[7.166,46.246],[7.18,46.247],[7.183,46.243],[7.189,46.247],[7.19,46.245],[7.189,46.242],[7.179,46.242],[7.179,46.24]]],[[[7.052,45.956],[7.041,45.954],[7.039,45.956],[7.032,45.955],[7.026,45.959],[7.032,45.961],[7.029,45.961],[7.027,45.963],[7.03,45.965],[7.03,45.968],[7.018,45.965],[7.023,45.963],[7.024,45.961],[7.023,45.96],[7.016,45.961],[7.016,45.963],[7.009,45.967],[7.01,45.972],[7.018,45.981],[7.018,45.983],[7.012,45.988],[7.012,45.997],[7.009,46.0],[6.993,46.002],[6.984,46.007],[6.983,46.008],[6.984,46.01],[6.988,46.012],[6.986,46.015],[6.991,46.015],[6.991,46.012],[6.993,46.011],[7.0,46.01],[7.006,46.013],[7.016,46.009],[7.022,46.009],[7.028,46.01],[7.025,46.013],[7.026,46.015],[7.034,46.008],[7.044,46.004],[7.045,46.001],[7.061,46.0],[7.055,45.996],[7.049,45.995],[7.054,45.992],[7.05,45.988],[7.054,45.983],[7.045,45.977],[7.06,45.974],[7.062,45.972],[7.062,45.965],[7.061,45.963],[7.055,45.961],[7.052,45.956]]],[[[6.89762499999999,46.129250000000006],[6.895,46.131],[6.905,46.135],[6.911,46.133],[6.918,46.135],[6.918,46.138],[6.921,46.14],[6.924,46.13],[6.936,46.125],[6.927,46.116],[6.926,46.113],[6.923,46.113],[6.919,46.116],[6.905,46.115],[6.902,46.113],[6.899,46.117],[6.895,46.114],[6.894,46.124],[6.892,46.126],[6.886,46.127],[6.895,46.13],[6.89762499999999,46.129250000000006]],[[6.8982666666666725,46.12906666666667],[6.902,46.128],[6.903,46.127],[6.898,46.122],[6.899,46.119],[6.9,46.122],[6.908,46.124],[6.912,46.127],[6.905,46.127],[6.902,46.13],[6.8982666666666725,46.12906666666667]]],[[[6.89,46.046],[6.88,46.046],[6.883,46.05],[6.884,46.055],[6.883,46.058],[6.886,46.057],[6.893,46.062],[6.895,46.061],[6.894,46.055],[6.903,46.053],[6.893,46.05],[6.89,46.046]]],[[[6.892,46.087],[6.889,46.083],[6.885,46.086],[6.885,46.091],[6.888,46.093],[6.885,46.095],[6.885,46.097],[6.886,46.098],[6.889,46.095],[6.892,46.1],[6.889,46.099],[6.889,46.102],[6.895,46.105],[6.897,46.104],[6.898,46.1],[6.893,46.093],[6.897,46.088],[6.892,46.087]]],[[[6.885,46.127],[6.863,46.126],[6.861,46.127],[6.866,46.129],[6.879,46.129],[6.885,46.127]]]]},"properties":{"value":200,"fill":"#054F8C","zIndex":6},"id":"5"},{"type":"Feature","geometry":{"type":"MultiPolygon","coordinates":[[[[8.885,46.829],[8.878,46.827],[8.878,46.83],[8.876,46.832],[8.88,46.836],[8.877,46.838],[8.877,46.84],[8.881,46.843],[8.885,46.843],[8.887,46.841],[8.885,46.838],[8.886,46.832],[8.885,46.829]]],[[[8.445,46.69],[8.416,46.69],[8.414,46.693],[8.426,46.693],[8.429,46.695],[8.419,46.7],[8.416,46.699],[8.413,46.702],[8.417,46.704],[8.425,46.704],[8.426,46.7],[8.429,46.701],[8.439,46.698],[8.449,46.701],[8.452,46.7],[8.449,46.695],[8.449,46.692],[8.445,46.69]]],[[[8.405,46.625],[8.395,46.622],[8.389,46.628],[8.382,46.628],[8.376,46.635],[8.372,46.635],[8.369,46.633],[8.366,46.635],[8.365,46.639],[8.369,46.641],[8.362,46.646],[8.361,46.651],[8.358,46.655],[8.361,46.657],[8.362,46.662],[8.373,46.666],[8.386,46.664],[8.389,46.667],[8.393,46.667],[8.396,46.669],[8.404,46.664],[8.404,46.661],[8.403,46.659],[8.399,46.659],[8.396,46.657],[8.399,46.655],[8.409,46.657],[8.419,46.652],[8.419,46.639],[8.415,46.635],[8.402,46.634],[8.399,46.632],[8.404,46.628],[8.405,46.625]]],[[[8.135,46.612],[8.134,46.609],[8.13,46.611],[8.129,46.614],[8.127,46.614],[8.13,46.632],[8.137045454545454,46.62706818181818],[8.139,46.63],[8.146,46.632],[8.143,46.634],[8.144,46.636],[8.152,46.634],[8.15,46.627],[8.153,46.623],[8.157,46.622],[8.162,46.616],[8.143,46.616],[8.147,46.619],[8.152,46.618],[8.144,46.623],[8.144,46.626],[8.14,46.625],[8.135,46.621],[8.133,46.616],[8.135,46.612]]],[[[8.136,46.546],[8.129,46.546],[8.117,46.552],[8.106,46.553],[8.113,46.56],[8.12,46.56],[8.123,46.563],[8.128,46.56],[8.133,46.553],[8.139,46.551],[8.136,46.546]]],[[[8.114,46.544],[8.11,46.541],[8.107,46.544],[8.101,46.547],[8.094,46.548],[8.09,46.551],[8.094,46.552],[8.097,46.55],[8.107,46.549],[8.114,46.544]]],[[[8.037,46.545],[8.035,46.544],[8.025,46.549],[8.022,46.554],[8.016,46.558],[8.009,46.559],[8.014,46.563],[8.026,46.563],[8.025,46.56],[8.037,46.551],[8.037,46.545]]],[[[7.992,46.529],[7.986,46.529],[7.983,46.531],[7.983,46.533],[7.98,46.528],[7.978,46.529],[7.978,46.532],[7.976,46.534],[7.983,46.535],[7.984,46.536],[7.983,46.539],[7.989,46.539],[7.99,46.538],[7.987,46.536],[7.987,46.534],[7.992,46.529]]],[[[7.982,46.516],[7.979,46.515],[7.977,46.518],[7.973,46.52],[7.973,46.528],[7.977,46.527],[7.977,46.525],[7.981,46.523],[7.981,46.52],[7.983,46.519],[7.982,46.516]]],[[[7.953,46.487],[7.95,46.485],[7.946,46.487],[7.94,46.493],[7.94,46.496],[7.943,46.497],[7.945,46.5],[7.95,46.501],[7.951,46.489],[7.953,46.487]]],[[[7.894,45.985],[7.89,45.983],[7.886,45.985],[7.885,45.988],[7.888,45.99],[7.884,45.992],[7.889,45.994],[7.894,46.001],[7.903,46.003],[7.907,45.999],[7.903,45.997],[7.903,45.994],[7.9,45.99],[7.897,45.989],[7.894,45.99],[7.891,45.988],[7.894,45.985]]],[[[7.035,45.987],[7.016,45.985],[7.013,45.988],[7.014,45.995],[7.012,45.999],[7.008,46.001],[7.006,46.006],[7.009,46.008],[7.013,46.008],[7.013,46.006],[7.019,46.006],[7.022,46.004],[7.022,46.002],[7.023,46.004],[7.029,46.005],[7.032,46.001],[7.043,45.995],[7.043,45.99],[7.035,45.987]]],[[[7.028,45.97],[7.016,45.969],[7.013,45.974],[7.019,45.975],[7.023,45.973],[7.028,45.977],[7.029,45.981],[7.034,45.977],[7.032,45.972],[7.028,45.97]]]]},"properties":{"value":300,"fill":"#610432","zIndex":7},"id":"6"}],"validAt":"2026-05-02T06:00:00Z"}